Linux 5.10.216-tegra (ubuntu) 	08/06/2026 	_aarch64_	(8 CPU)

# Time        UID       PID    %usr %system  %guest   %wait    %CPU   CPU  minflt/s  majflt/s     VSZ     RSS   %MEM  Command
02:45:36 AM     0         1    0.00    0.80    0.00    0.00    0.80     0      0.00      0.00  169880   11540   0.04  systemd
02:45:36 AM     0         2    0.00    0.00    0.00    0.00    0.00     1      0.00      0.00       0       0   0.00  kthreadd
02:45:36 AM     0         3    0.00    0.00    0.00    0.00    0.00     0      0.00      0.00       0       0   0.00  rcu_gp
02:45:36 AM     0         4    0.00    0.00    0.00    0.00    0.00     0      0.00      0.00       0       0   0.00  rcu_par_gp
02:45:36 AM     0         8    0.00    0.00    0.00    0.00    0.00     0      0.00      0.00       0       0   0.00  mm_percpu_wq
02:45:36 AM     0         9    0.00    0.00    0.00    0.00    0.00     0      0.00      0.00       0       0   0.00  rcu_tasks_kthre
02:45:36 AM     0        10    0.00    0.00    0.00    0.00    0.00     0      0.00      0.00       0       0   0.00  rcu_tasks_rude_
02:45:36 AM     0        11    0.00    0.00    0.00    0.00    0.00     0      0.00      0.00       0       0   0.00  rcu_tasks_trace
02:45:36 AM     0        12    0.00    0.00    0.00    0.80    0.00     0      0.00      0.00       0       0   0.00  ksoftirqd/0
02:45:36 AM     0        13    0.00    0.00    0.00    0.00    0.00     3      0.00      0.00       0       0   0.00  rcu_preempt
02:45:36 AM     0        14    0.00    0.00    0.00    0.00    0.00     0      0.00      0.00       0       0   0.00  migration/0
02:45:36 AM     0        16    0.00    0.00    0.00    0.00    0.00     0      0.00      0.00       0       0   0.00  cpuhp/0
02:45:36 AM     0        17    0.00    0.00    0.00    0.00    0.00     1      0.00      0.00       0       0   0.00  cpuhp/1
02:45:36 AM     0        18    0.00    0.00    0.00    0.00    0.00     1      0.00      0.00       0       0   0.00  migration/1
02:45:36 AM     0        19    0.00    0.00    0.00    0.00    0.00     1      0.00      0.00       0       0   0.00  ksoftirqd/1
02:45:36 AM     0        22    0.00    0.00    0.00    0.00    0.00     2      0.00      0.00       0       0   0.00  cpuhp/2
02:45:36 AM     0        23    0.00    0.00    0.00    0.00    0.00     2      0.00      0.00       0       0   0.00  migration/2
02:45:36 AM     0        24    0.00    0.00    0.00    0.80    0.00     2      0.00      0.00       0       0   0.00  ksoftirqd/2
02:45:36 AM     0        27    0.00    0.00    0.00    0.00    0.00     3      0.00      0.00       0       0   0.00  cpuhp/3
02:45:36 AM     0        28    0.00    0.00    0.00    0.00    0.00     3      0.00      0.00       0       0   0.00  migration/3
02:45:36 AM     0        29    0.00    0.00    0.00    0.80    0.00     3      0.00      0.00       0       0   0.00  ksoftirqd/3
02:45:36 AM     0        32    0.00    0.00    0.00    0.00    0.00     4      0.00      0.00       0       0   0.00  cpuhp/4
02:45:36 AM     0        33    0.00    0.00    0.00    0.00    0.00     4      0.00      0.00       0       0   0.00  migration/4
02:45:36 AM     0        34    0.00    0.00    0.00    0.00    0.00     4      0.00      0.00       0       0   0.00  ksoftirqd/4
02:45:36 AM     0        36    0.00    0.00    0.00    0.00    0.00     4      0.00      0.00       0       0   0.00  kworker/4:0H-kblockd
02:45:36 AM     0        37    0.00    0.00    0.00    0.00    0.00     5      0.00      0.00       0       0   0.00  cpuhp/5
02:45:36 AM     0        38    0.00    0.00    0.00    0.00    0.00     5      0.00      0.00       0       0   0.00  migration/5
02:45:36 AM     0        39    0.00    0.00    0.00    0.00    0.00     5      0.00      0.00       0       0   0.00  ksoftirqd/5
02:45:36 AM     0        41    0.00    0.00    0.00    0.00    0.00     5      0.00      0.00       0       0   0.00  kworker/5:0H-kblockd
02:45:36 AM     0        42    0.00    0.00    0.00    0.00    0.00     6      0.00      0.00       0       0   0.00  cpuhp/6
02:45:36 AM     0        43    0.00    0.00    0.00    0.00    0.00     6      0.00      0.00       0       0   0.00  migration/6
02:45:36 AM     0        44    0.00    0.00    0.00    0.00    0.00     6      0.00      0.00       0       0   0.00  ksoftirqd/6
02:45:36 AM     0        46    0.00    0.00    0.00    0.00    0.00     6      0.00      0.00       0       0   0.00  kworker/6:0H-events_highpri
02:45:36 AM     0        47    0.00    0.00    0.00    0.00    0.00     7      0.00      0.00       0       0   0.00  cpuhp/7
02:45:36 AM     0        48    0.00    0.00    0.00    0.00    0.00     7      0.00      0.00       0       0   0.00  migration/7
02:45:36 AM     0        49    0.00    0.00    0.00    0.00    0.00     7      0.00      0.00       0       0   0.00  ksoftirqd/7
02:45:36 AM     0        50    0.00    0.00    0.00    0.00    0.00     0      0.00      0.00       0       0   0.00  kworker/7:0-rcu_gp
02:45:36 AM     0        51    0.00    0.00    0.00    0.00    0.00     7      0.00      0.00       0       0   0.00  kworker/7:0H-kblockd
02:45:36 AM     0        52    0.00    0.00    0.00    0.00    0.00     0      0.00      0.00       0       0   0.00  kdevtmpfs
02:45:36 AM     0        53    0.00    0.00    0.00    0.00    0.00     4      0.00      0.00       0       0   0.00  netns
02:45:36 AM     0        54    0.00    0.00    0.00    0.00    0.00     1      0.00      0.00       0       0   0.00  kauditd
02:45:36 AM     0        55    0.00    0.00    0.00    0.00    0.00     0      0.00      0.00       0       0   0.00  irq/87-mc_statu
02:45:36 AM     0        56    0.00    0.00    0.00    0.00    0.00     2      0.00      0.00       0       0   0.00  khungtaskd
02:45:36 AM     0        57    0.00    0.00    0.00    0.00    0.00     3      0.00      0.00       0       0   0.00  oom_reaper
02:45:36 AM     0        58    0.00    0.00    0.00    0.00    0.00     5      0.00      0.00       0       0   0.00  writeback
02:45:36 AM     0        59    0.00    0.00    0.00    0.00    0.00     3      0.00      0.00       0       0   0.00  kcompactd0
02:45:36 AM     0        60    0.00    0.00    0.00    0.00    0.00     1      0.00      0.00       0       0   0.00  ksmd
02:45:36 AM     0        61    0.00    0.00    0.00    0.00    0.00     0      0.00      0.00       0       0   0.00  khugepaged
02:45:36 AM     0        93    0.00    0.00    0.00    0.00    0.00     1      0.00      0.00       0       0   0.00  kintegrityd
02:45:36 AM     0        94    0.00    0.00    0.00    0.00    0.00     1      0.00      0.00       0       0   0.00  kblockd
02:45:36 AM     0        95    0.00    0.00    0.00    0.00    0.00     1      0.00      0.00       0       0   0.00  blkcg_punt_bio
02:45:36 AM     0        97    0.00    0.00    0.00    0.00    0.00     3      0.00      0.00       0       0   0.00  tpm_dev_wq
02:45:36 AM     0        98    0.00    0.00    0.00    0.00    0.00     0      0.00      0.00       0       0   0.00  irq/197-30c0000
02:45:36 AM     0        99    0.00    0.00    0.00    0.00    0.00     1      0.00      0.00       0       0   0.00  devfreq_wq
02:45:36 AM     0       100    0.00    0.00    0.00    0.00    0.00     1      0.00      0.00       0       0   0.00  watchdogd
02:45:36 AM     0       104    0.00    0.00    0.00    0.00    0.00     7      0.00      0.00       0       0   0.00  rpciod
02:45:36 AM     0       106    0.00    0.00    0.00    0.00    0.00     7      0.00      0.00       0       0   0.00  xprtiod
02:45:36 AM     0       108    0.00    0.00    0.00    0.00    0.00     7      0.00      0.00       0       0   0.00  kswapd0
02:45:36 AM     0       109    0.00    0.00    0.00    0.00    0.00     5      0.00      0.00       0       0   0.00  nfsiod
02:45:36 AM     0       112    0.00    0.00    0.00    0.00    0.00     1      0.00      0.00       0       0   0.00  kthrotld
02:45:36 AM     0       113    0.00    0.00    0.00    0.00    0.00     7      0.00      0.00       0       0   0.00  kpcitest
02:45:36 AM     0       116    0.00    0.00    0.00    0.00    0.00     5      0.00      0.00       0       0   0.00  kworker/5:1-events
02:45:36 AM     0       122    0.00    0.00    0.00    0.00    0.00     1      0.00      0.00       0       0   0.00  nvme-wq
02:45:36 AM     0       123    0.00    0.00    0.00    0.00    0.00     5      0.00      0.00       0       0   0.00  nvme-reset-wq
02:45:36 AM     0       124    0.00    0.00    0.00    0.00    0.00     6      0.00      0.00       0       0   0.00  nvme-delete-wq
02:45:36 AM     0       125    0.00    0.00    0.00    0.00    0.00     6      0.00      0.00       0       0   0.00  uas
02:45:36 AM     0       126    0.00    0.00    0.00    0.00    0.00     0      0.00      0.00       0       0   0.00  irq/222-tegra_r
02:45:36 AM     0       127    0.00    0.00    0.00    0.00    0.00     0      0.00      0.00       0       0   0.00  kworker/7:2-events
02:45:36 AM     0       129    0.00    0.00    0.00    0.00    0.00     0      0.00      0.00       0       0   0.00  irq/86-tegra-oc
02:45:36 AM     0       130    0.00    0.00    0.00    0.00    0.00     5      0.00      0.00       0       0   0.00  dm_bufio_cache
02:45:36 AM     0       131    0.00    0.00    0.00    0.00    0.00     0      0.00      0.00       0       0   0.00  irq/223-max7762
02:45:36 AM     0       140    0.00    0.00    0.00    0.00    0.00     0      0.00      0.00       0       0   0.00  irq/55-bc00000.
02:45:36 AM     0       143    0.00    0.00    0.00    0.00    0.00     0      0.00      0.00       0       0   0.00  ipv6_addrconf
02:45:36 AM     0       144    0.00    0.00    0.00    0.00    0.00     6      0.00      0.00       0       0   0.00  krfcommd
02:45:36 AM     0       145    0.00    0.00    0.00    0.00    0.00     0      0.00      0.00       0       0   0.00  kstrp
02:45:36 AM     0       150    0.00    0.00    0.00    0.00    0.00     0      0.00      0.00       0       0   0.00  irq/24-tegra-pc
02:45:36 AM     0       154    0.00    0.00    0.00    0.00    0.00     0      0.00      0.00       0       0   0.00  irq/26-tegra-pc
02:45:36 AM     0       160    0.00    0.00    0.00    0.00    0.00     0      0.00      0.00       0       0   0.00  irq/26-aerdrv
02:45:36 AM     0       161    0.00    0.00    0.00    0.00    0.00     0      0.00      0.00       0       0   0.00  irq/28-tegra-pc
02:45:36 AM     0       162    0.00    0.00    0.00    0.00    0.00     0      0.00      0.00       0       0   0.00  irq/28-aerdrv
02:45:36 AM     0       163    0.00    0.00    0.00    0.00    0.00     5      0.00      0.00       0       0   0.00  host_low_prio_w
02:45:36 AM     0       164    0.00    0.80    0.00    0.00    0.80     0      0.00      0.00       0       0   0.00  irq/57-host_syn
02:45:36 AM     0       165    0.00    0.00    0.00    0.00    0.00     0      0.00      0.00       0       0   0.00  irq/58-host_sta
02:45:36 AM     0       173    0.00    0.00    0.00    0.00    0.00     5      0.00      0.00       0       0   0.00  pva_task_status
02:45:36 AM     0       174    0.00    0.00    0.00    0.00    0.00     0      0.00      0.00       0       0   0.00  irq/75-pva-isr
02:45:36 AM     0       175    0.00    0.00    0.00    0.00    0.00     0      0.00      0.00       0       0   0.00  pva_task_status
02:45:36 AM     0       176    0.00    0.00    0.00    0.00    0.00     0      0.00      0.00       0       0   0.00  irq/76-pva-isr
02:45:36 AM     0       185    0.00    0.00    0.00    0.00    0.00     0      0.00      0.00       0       0   0.00  sdhci
02:45:36 AM     0       186    0.00    0.00    0.00    0.00    0.00     0      0.00      0.00       0       0   0.00  irq/39-mmc0
02:45:36 AM     0       187    0.00    0.00    0.00    0.00    0.00     2      0.00      0.00       0       0   0.00  sdhci
02:45:36 AM     0       189    0.00    0.00    0.00    0.00    0.00     0      0.00      0.00       0       0   0.00  irq/40-mmc1
02:45:36 AM     0       195    0.00    0.00    0.00    0.00    0.00     7      0.00      0.00       0       0   0.00  scsi_eh_0
02:45:36 AM     0       196    0.00    0.00    0.00    0.00    0.00     7      0.00      0.00       0       0   0.00  scsi_tmf_0
02:45:36 AM     0       197    0.00    0.00    0.00    0.00    0.00     0      0.00      0.00       0       0   0.00  kworker/5:2-events
02:45:36 AM     0       198    0.00    0.00    0.00    0.00    0.00     0      0.00      0.00       0       0   0.00  irq/67-15200000
02:45:36 AM     0       199    0.00    0.00    0.00    0.00    0.00     1      0.00      0.00       0       0   0.00  tegradc.0/a
02:45:36 AM     0       200    0.00    0.00    0.00    0.00    0.00     0      0.00      0.00       0       0   0.00  tegradc.0/b
02:45:36 AM     0       201    0.00    0.00    0.00    0.00    0.00     0      0.00      0.00       0       0   0.00  tegradc.0/c
02:45:36 AM     0       202    0.00    0.00    0.00    0.00    0.00     0      0.00      0.00       0       0   0.00  tegradc.0/d
02:45:36 AM     0       203    0.00    0.00    0.00    0.00    0.00     0      0.00      0.00       0       0   0.00  tegradc.0/e
02:45:36 AM     0       204    0.00    0.00    0.00    0.00    0.00     0      0.00      0.00       0       0   0.00  tegradc.0/f
02:45:36 AM     0       205    0.00    0.00    0.00    0.00    0.00     0      0.00      0.00       0       0   0.00  tegradc.0/sl
02:45:36 AM     0       206    0.00    0.00    0.00    0.00    0.00     0      0.00      0.00       0       0   0.00  irq/62-15200000
02:45:36 AM     0       207    0.00    0.00    0.00    0.00    0.00     0      0.00      0.00       0       0   0.00  irq/276-3400000
02:45:36 AM     0       208    0.00    0.00    0.00    0.00    0.00     0      0.00      0.00       0       0   0.00  ufs_eh_wq_0
02:45:36 AM     0       209    0.00    0.00    0.00    0.00    0.00     3      0.00      0.00       0       0   0.00  mmc_complete
02:45:36 AM     0       211    0.00    0.00    0.00    0.00    0.00     0      0.00      0.00       0       0   0.00  irq/278-1520000
02:45:36 AM     0       212    0.00    0.00    0.00    0.00    0.00     0      0.00      0.00       0       0   0.00  irq/203-3610000
02:45:36 AM     0       213    0.00    0.00    0.00    0.00    0.00     0      0.00      0.00       0       0   0.00  irq/221-3610000
02:45:36 AM     0       214    0.00    0.00    0.00    0.00    0.00     0      0.00      0.00       0       0   0.00  irq/30-tegra-pc
02:45:36 AM     0       216    0.00    0.00    0.00    0.00    0.00     0      0.00      0.00       0       0   0.00  kworker/4:3-events
02:45:36 AM     0       218    0.00    0.00    0.00    0.00    0.00     4      0.00      0.00       0       0   0.00  kworker/4:5-events
02:45:36 AM     0       221    0.00    0.00    0.00    0.00    0.00     0      0.00      0.00       0       0   0.00  kworker/6:12-events
02:45:36 AM     0       222    0.00    0.00    0.00    0.00    0.00     0      0.00      0.00       0       0   0.00  kworker/6:13-events
02:45:36 AM     0       225    0.00    0.00    0.00    0.00    0.00     0      0.00      0.00       0       0   0.00  irq/68-tegra_dp
02:45:36 AM     0       226    0.00    0.00    0.00    0.00    0.00     0      0.00      0.00       0       0   0.00  irq/65-15210000
02:45:36 AM     0       227    0.00    0.00    0.00    0.00    0.00     0      0.00      0.00       0       0   0.00  tegradc.1/a
02:45:36 AM     0       228    0.00    0.00    0.00    0.00    0.00     0      0.00      0.00       0       0   0.00  tegradc.1/b
02:45:36 AM     0       229    0.00    0.00    0.00    0.00    0.00     0      0.00      0.00       0       0   0.00  tegradc.1/c
02:45:36 AM     0       230    0.00    0.00    0.00    0.00    0.00     0      0.00      0.00       0       0   0.00  tegradc.1/d
02:45:36 AM     0       231    0.00    0.00    0.00    0.00    0.00     0      0.00      0.00       0       0   0.00  tegradc.1/e
02:45:36 AM     0       232    0.00    0.00    0.00    0.00    0.00     0      0.00      0.00       0       0   0.00  tegradc.1/f
02:45:36 AM     0       233    0.00    0.00    0.00    0.00    0.00     1      0.00      0.00       0       0   0.00  tegradc.1/sl
02:45:36 AM     0       234    0.00    0.00    0.00    0.00    0.00     0      0.00      0.00       0       0   0.00  irq/63-15210000
02:45:36 AM     0       249    0.00    0.00    0.00    0.00    0.00     0      0.00      0.00       0       0   0.00  irq/56-d230000.
02:45:36 AM     0       250    0.00    0.00    0.00    0.00    0.00     0      0.00      0.00       0       0   0.00  irq/69-tegra_dp
02:45:36 AM     0       251    0.00    0.00    0.00    0.00    0.00     0      0.00      0.00       0       0   0.00  irq/66-15220000
02:45:36 AM     0       252    0.00    0.00    0.00    0.00    0.00     0      0.00      0.00       0       0   0.00  tegradc.2/a
02:45:36 AM     0       253    0.00    0.00    0.00    0.00    0.00     0      0.00      0.00       0       0   0.00  tegradc.2/b
02:45:36 AM     0       254    0.00    0.00    0.00    0.00    0.00     0      0.00      0.00       0       0   0.00  tegradc.2/c
02:45:36 AM     0       255    0.00    0.00    0.00    0.00    0.00     0      0.00      0.00       0       0   0.00  tegradc.2/d
02:45:36 AM     0       256    0.00    0.00    0.00    0.00    0.00     0      0.00      0.00       0       0   0.00  tegradc.2/e
02:45:36 AM     0       257    0.00    0.00    0.00    0.00    0.00     0      0.00      0.00       0       0   0.00  tegradc.2/f
02:45:36 AM     0       258    0.00    0.00    0.00    0.00    0.00     0      0.00      0.00       0       0   0.00  tegradc.2/sl
02:45:36 AM     0       259    0.00    0.00    0.00    0.00    0.00     0      0.00      0.00       0       0   0.00  irq/64-15220000
02:45:36 AM     0       275    0.00    0.00    0.00    0.00    0.00     3      0.00      0.00       0       0   0.00  jbd2/mmcblk0p1-
02:45:36 AM     0       276    0.00    0.00    0.00    0.00    0.00     3      0.00      0.00       0       0   0.00  ext4-rsv-conver
02:45:36 AM     0       280    0.00    0.00    0.00    0.00    0.00     7      0.00      0.00       0       0   0.00  kworker/7:1H
02:45:36 AM     0       286    0.00    0.00    0.00    0.00    0.00     5      0.00      0.00       0       0   0.00  kworker/5:1H-kblockd
02:45:36 AM     0       312    0.00    0.00    0.00    0.00    0.00     1      0.00      0.00   61816   31808   0.10  systemd-journal
02:45:36 AM     0       338    0.00    3.20    0.00   27.20    3.20     2      0.00      0.00       0       0   0.00  nvmap-bz
02:45:36 AM     0       339    0.00    0.00    0.00    0.00    0.00     0      0.00      0.00       0       0   0.00  irq/204-gk20a_s
02:45:36 AM     0       340    0.00    0.00    0.00    0.00    0.00     0      0.00      0.00       0       0   0.00  irq/205-gk20a_n
02:45:36 AM     0       345    0.00    0.00    0.00    0.00    0.00     3      0.00      0.00    2776    1492   0.00  tee-supplicant
02:45:36 AM     0       347    0.00    0.00    0.00    0.00    0.00     3      0.00      0.00       0       0   0.00  optee_bus_scan
02:45:36 AM     0       358    0.00    0.00    0.00    0.00    0.00     3      0.00      0.00   22788    7532   0.02  systemd-udevd
02:45:36 AM     0       364    0.00    0.00    0.00    0.00    0.00     1      0.00      0.00    7948    4892   0.02  haveged
02:45:36 AM   126       365    0.00    0.00    0.00    0.00    0.00     3      0.00      0.00    7136    3108   0.01  rpcbind
02:45:36 AM   105       366    0.00    0.00    0.00    0.00    0.00     1      0.00      0.00   25592   13288   0.04  systemd-resolve
02:45:36 AM   103       367    0.00    0.00    0.00    0.00    0.00     1      0.00      0.00   90672    6220   0.02  systemd-timesyn
02:45:36 AM     0       407    0.00    0.00    0.00    0.00    0.00     5      0.00      0.00       0       0   0.00  cfg80211
02:45:36 AM     0       410    0.00    0.00    0.00    0.00    0.00     0      0.00      0.00       0       0   0.00  irq/42-3210000.
02:45:36 AM     0       412    0.00    0.00    0.00    0.00    0.00     2      0.00      0.00       0       0   0.00  spi0
02:45:36 AM     0       413    0.00   12.80    0.00    0.80   12.80     1      0.00      0.00       0       0   0.00  irq/282-iwlwifi
02:45:36 AM     0       416    0.00    0.00    0.00    0.00    0.00     4      0.00      0.00       0       0   0.00  ata_sff
02:45:36 AM     0       419    0.00    0.00    0.00    0.00    0.00     0      0.00      0.00       0       0   0.00  irq/43-c260000.
02:45:36 AM     0       420    0.00    0.00    0.00    0.00    0.00     6      0.00      0.00       0       0   0.00  scsi_eh_1
02:45:36 AM     0       422    0.00    0.00    0.00    0.00    0.00     6      0.00      0.00       0       0   0.00  scsi_tmf_1
02:45:36 AM     0       427    0.00    0.00    0.00    0.00    0.00     0      0.00      0.00       0       0   0.00  spi1
02:45:36 AM     0       430    0.00    0.00    0.00    0.00    0.00     3      0.00      0.00  242072    8880   0.03  accounts-daemon
02:45:36 AM   120       439    0.00    0.00    0.00    0.00    0.00     0      0.00      0.00    7084    3472   0.01  avahi-daemon
02:45:36 AM     0       441    0.00    0.00    0.00    0.00    0.00     3      0.00      0.00    9220    2516   0.01  cron
02:45:36 AM   106       443    0.00    0.00    0.00    0.00    0.00     3      0.00      0.00    9396    5264   0.02  dbus-daemon
02:45:36 AM     0       447    0.00    0.00    0.00    0.00    0.00     1      0.00      0.00  341244   20856   0.07  NetworkManager
02:45:36 AM     0       456    0.00    0.00    0.00    0.00    0.00     4      0.00      0.00   38300   19472   0.06  networkd-dispat
02:45:36 AM     0       473    0.00    0.00    0.00    0.00    0.00     2      0.00      0.00  238860   13352   0.04  polkitd
02:45:36 AM   125       483    0.00    0.00    0.00    0.00    0.00     3      0.00      0.00  220940    8288   0.03  rsyslogd
02:45:36 AM     0       503    0.00    0.00    0.00    0.00    0.00     2      0.00      0.00  235864    4364   0.01  switcheroo-cont
02:45:36 AM     0       514    0.00    0.00    0.00    0.00    0.00     2      0.00      0.00   17076    6760   0.02  systemd-logind
02:45:36 AM     0       523    0.00    0.00    0.00    0.00    0.00     1      0.00      0.00  395556   15676   0.05  udisksd
02:45:36 AM     0       528    0.00    0.00    0.00    0.00    0.00     1      0.00      0.00   12784    8052   0.03  wpa_supplicant
02:45:36 AM     0       548    0.00    0.00    0.00    0.00    0.00     0      0.00      0.00       0       0   0.00  sugov:0
02:45:36 AM   120       555    0.00    0.00    0.00    0.00    0.00     2      0.00      0.00    6896     324   0.00  avahi-daemon
02:45:36 AM     0       585    0.00    0.00    0.00    0.00    0.00     5      0.00      0.00       0       0   0.00  tmp451
02:45:36 AM     0       597    0.00    0.00    0.00    0.00    0.00     3      0.00      0.00       0       0   0.00  irq/286-1-0008
02:45:36 AM     0       600    0.00    0.00    0.00    0.00    0.00     2      0.00      0.00  321792   14480   0.05  ModemManager
02:45:36 AM     0       653    0.00    0.00    0.00    0.00    0.00     0      0.00      0.00    2476     604   0.00  nvfancontrol
02:45:36 AM     0       728    0.00    0.00    0.00    0.00    0.00     4      0.00      0.00       0       0   0.00  adspp_kthread
02:45:36 AM     0       779    0.00    0.00    0.00    0.00    0.00     6      0.00      0.00       0       0   0.00  kworker/6:2H-kblockd
02:45:36 AM     0       876    0.00    0.00    0.00    0.00    0.00     1      0.00      0.00       0       0   0.00  irq/289-2490000
02:45:36 AM     0       887    0.00    0.00    0.00    0.00    0.00     0      0.00      0.00       0       0   0.00  irq/32-eth0.com
02:45:36 AM     0       919    0.00    0.00    0.00    0.00    0.00     4      0.00      0.00       0       0   0.00  file-storage
02:45:36 AM     0       953    0.00    0.00    0.00    0.00    0.00     1      0.00      0.00       0       0   0.00  loop0
02:45:36 AM     0      1048    0.00    0.00    0.00    0.00    0.00     4      0.00      0.00       0       0   0.00  kworker/4:2H-kblockd
02:45:36 AM     0      1091    0.00    0.00    0.00    0.00    0.00     3      0.00      0.00       0       0   0.00  cryptd
02:45:36 AM     0      1147    0.00    0.00    0.00    0.00    0.00     2      0.00      0.00       0       0   0.00  sw-quiesce
02:45:36 AM     0      1148    0.00    0.00    0.00    0.00    0.00     2      0.00      0.00       0       0   0.00  nvgpu_channel_p
02:45:36 AM     0      1151    0.00    0.00    0.00    0.00    0.00     3      0.00      0.00       0       0   0.00  nvgpu_nvs_gv11b
02:45:36 AM     0      1153    0.00    0.00    0.00    0.00    0.00     0      0.00      0.00       0       0   0.00  nvgpu_pg_init_g
02:45:36 AM     0      1157    0.00    0.00    0.00    0.00    0.00     2      0.00      0.00       0       0   0.00  nvgpu_clk_arb_p
02:45:36 AM     0      1162    0.00    0.00    0.00    0.00    0.00     3      0.00      0.00       0       0   0.00  irq/288-rt5659
02:45:36 AM     0      1270    0.00    0.00    0.00    0.00    0.00     3      0.00      0.00   55688   11092   0.03  nvargus-daemon
02:45:36 AM     0      1273    0.00    0.00    0.00    0.00    0.00     3      0.00      0.00   21932    1552   0.00  nvs-service
02:45:36 AM     0      1298    0.00    0.00    0.00    0.00    0.00     1      0.00      0.00 2007972   50424   0.16  containerd
02:45:36 AM     0      1314    0.00    0.00    0.00    0.00    0.00     0      0.00      0.00  240032    7616   0.02  gdm3
02:45:36 AM   108      1326    0.00    0.00    0.00    0.00    0.00     2      0.00      0.00   11468    1896   0.01  kerneloops
02:45:36 AM     0      1327    0.00    0.00    0.00    0.00    0.00     3      0.00      0.00   12236    6576   0.02  sshd
02:45:36 AM     0      1336    0.00    0.00    0.00    0.00    0.00     0      0.00      0.00    7688    1876   0.01  agetty
02:45:36 AM     0      1337    0.00    0.00    0.00    0.00    0.00     2      0.00      0.00    7688    1904   0.01  agetty
02:45:36 AM   108      1339    0.00    0.00    0.00    0.00    0.00     0      0.00      0.00   11468    1820   0.01  kerneloops
02:45:36 AM     0      1340    0.00    0.00    0.00    0.00    0.00     3      0.00      0.00    9216    2824   0.01  nvgetty.sh
02:45:36 AM     0      1379    0.00    0.00    0.00    0.00    0.00     0      0.00      0.00    7688    1848   0.01  getty
02:45:36 AM     0      1554    0.00    0.00    0.00    0.00    0.00     2      0.00      0.00 2111796   85472   0.27  dockerd
02:45:36 AM     0      1677    0.00    0.00    0.00    0.00    0.00     1      0.00      0.00  168472    8256   0.03  gdm-session-wor
02:45:36 AM     0      1711    0.00    0.00    0.00    0.00    0.00     0      0.00      0.00    3248     808   0.00  nvphsd
02:45:36 AM     0      1716    0.00    0.00    0.00    0.00    0.00     3      0.00      0.00    3380    1788   0.01  nvphsd
02:45:36 AM   124      1789    0.00    0.00    0.00    0.00    0.00     3      0.00      0.00   19144    9224   0.03  systemd
02:45:36 AM   124      1804    0.00    0.00    0.00    0.00    0.00     3      0.00      0.00  104488    5436   0.02  (sd-pam)
02:45:36 AM   124      2014    0.00    0.00    0.00    0.00    0.00     0      0.00      0.00  961884   21984   0.07  pulseaudio
02:45:36 AM   124      2032    0.00    0.00    0.00    0.00    0.00     2      0.00      0.00  164156    5924   0.02  gdm-x-session
02:45:36 AM   124      2037    0.00    0.00    0.00    0.00    0.00     1      0.00      0.00 25330232   99256   0.31  Xorg
02:45:36 AM   118      2040    0.00    0.00    0.00    0.00    0.00     1      0.00      0.00  152516    2440   0.01  rtkit-daemon
02:45:36 AM   124      2162    0.00    0.00    0.00    0.00    0.00     2      0.00      0.00    7812    3448   0.01  dbus-daemon
02:45:36 AM   124      2428    0.00    0.00    0.00    0.00    0.00     0      0.00      0.00    4776    1164   0.00  dbus-run-sessio
02:45:36 AM   124      2429    0.00    0.00    0.00    0.00    0.00     2      0.00      0.00    8088    4104   0.01  dbus-daemon
02:45:36 AM   124      2438    0.00    0.00    0.00    0.00    0.00     2      0.00      0.00  559768   14932   0.05  gnome-session-b
02:45:36 AM     0      2457    0.00    0.00    0.00    0.00    0.00     2      0.00      0.00  101692   19628   0.06  jtop
02:45:36 AM   124      2463    0.00    0.00    0.00    0.00    0.00     3      0.00      0.00  309548   10092   0.03  at-spi-bus-laun
02:45:36 AM   124      2470    0.00    0.00    0.00    0.00    0.00     1      0.00      0.00    7676    3468   0.01  dbus-daemon
02:45:36 AM   124      2495    0.00    0.00    0.00    0.00    0.00     1      0.00      0.00 4022996  194908   0.61  gnome-shell
02:45:36 AM     0      2510    0.00    0.00    0.00    0.00    0.00     0      0.00      0.00  175424   16904   0.05  jtop
02:45:36 AM     0      2518    0.00    0.00    0.00    0.00    0.00     2      0.00      0.00  101692   17160   0.05  jtop
02:45:36 AM   124      2696    0.00    0.00    0.00    0.00    0.00     0      0.00      0.00  314420   11212   0.04  ibus-daemon
02:45:36 AM   124      2699    0.00    0.00    0.00    0.00    0.00     2      0.00      0.00  239960   11792   0.04  ibus-dconf
02:45:36 AM   124      2701    0.00    0.00    0.00    0.00    0.00     2      0.00      0.00  189920   16900   0.05  ibus-x11
02:45:36 AM   124      2704    0.00    0.00    0.00    0.00    0.00     3      0.00      0.00  239880    7776   0.02  ibus-portal
02:45:36 AM   124      2715    0.00    0.00    0.00    0.00    0.00     1      0.00      0.00  161420    6880   0.02  at-spi2-registr
02:45:36 AM   124      2719    0.00    0.00    0.00    0.00    0.00     3      0.00      0.00  235804    4672   0.01  xdg-permission-
02:45:36 AM     0      2725    0.00    0.00    0.00    0.00    0.00     3      0.00      0.00  252944    8776   0.03  upowerd
02:45:36 AM   124      2745    0.00    0.00    0.00    0.00    0.00     2      0.00      0.00 3001620   27244   0.09  gjs
02:45:36 AM   124      2764    0.00    0.00    0.00    0.00    0.00     2      0.00      0.00  469396   14236   0.04  gsd-sharing
02:45:36 AM   124      2765    0.00    0.00    0.00    0.00    0.00     1      0.00      0.00  334628   15072   0.05  gsd-wacom
02:45:36 AM   124      2768    0.00    0.00    0.00    0.00    0.00     2      0.00      0.00  571788   19844   0.06  gsd-color
02:45:36 AM   124      2772    0.00    0.00    0.00    0.00    0.00     3      0.00      0.00  338096   17824   0.06  gsd-keyboard
02:45:36 AM   124      2774    0.00    0.00    0.00    0.00    0.00     2      0.00      0.00  322508   11376   0.04  gsd-print-notif
02:45:36 AM   124      2779    0.00    0.00    0.00    0.00    0.00     3      0.00      0.00  166208    7736   0.02  ibus-engine-sim
02:45:36 AM   124      2780    0.00    0.00    0.00    0.00    0.00     1      0.00      0.00  457460    7996   0.03  gsd-rfkill
02:45:36 AM   124      2782    0.00    0.00    0.00    0.00    0.00     1      0.00      0.00  391976    9696   0.03  gsd-smartcard
02:45:36 AM   124      2784    0.00    0.00    0.00    0.00    0.00     2      0.00      0.00  374928   15372   0.05  gsd-datetime
02:45:36 AM   124      2790    0.00    0.00    0.00    0.00    0.00     3      0.00      0.00  679696   20032   0.06  gsd-media-keys
02:45:36 AM   124      2791    0.00    0.00    0.00    0.00    0.00     3      0.00      0.00  235772    5600   0.02  gsd-screensaver
02:45:36 AM   124      2793    0.00    0.00    0.00    0.00    0.00     3      0.00      0.00  320104    9452   0.03  gsd-sound
02:45:36 AM   124      2795    0.00    0.00    0.00    0.00    0.00     3      0.00      0.00  313652   10144   0.03  gsd-a11y-settin
02:45:36 AM   124      2799    0.00    0.00    0.00    0.00    0.00     2      0.00      0.00  313992   10540   0.03  gsd-housekeepin
02:45:36 AM   124      2802    0.00    0.00    0.00    0.00    0.00     1      0.00      0.00  339724   18828   0.06  gsd-power
02:45:36 AM   124      2824    0.00    0.00    0.00    0.00    0.00     2      0.00      0.00  342540   12784   0.04  gsd-printer
02:45:36 AM   119      2837    0.00    0.00    0.00    0.00    0.00     2      0.00      0.00  249328   17548   0.06  colord
02:45:36 AM     0     29120    0.00    0.00    0.00    0.00    0.00     3      0.00      0.00       0       0   0.00  kworker/u17:2
02:45:36 AM     0     33852    0.00    0.00    0.00    0.00    0.00     1      0.00      0.00       0       0   0.00  kworker/1:0H-kblockd
02:45:36 AM     0     35048    0.00    0.00    0.00    0.00    0.00     0      0.00      0.00       0       0   0.00  kworker/u17:0-thermal_fan_est
02:45:36 AM  1000     39960    0.00    0.00    0.00    0.00    0.00     2      0.00      0.00   19248    9208   0.03  systemd
02:45:36 AM  1000     39961    0.00    0.00    0.00    0.00    0.00     2      0.00      0.00  170940    6304   0.02  (sd-pam)
02:45:36 AM  1000     40037    0.00    0.00    0.00    0.00    0.00     3      0.00      0.00    7812    3952   0.01  dbus-daemon
02:45:36 AM     0     40147    0.00    0.00    0.00    0.00    0.00     1      0.00      0.00       0       0   0.00  kworker/1:0-pm
02:45:36 AM     0     40174    0.00    0.00    0.00    0.00    0.00     2      0.00      0.00       0       0   0.00  kworker/2:2H-kblockd
02:45:36 AM     0     40194    0.00    0.00    0.00    0.00    0.00     3      0.00      0.00       0       0   0.00  kworker/3:0H-kblockd
02:45:36 AM     0     41650    0.00    0.00    0.00    0.00    0.00     3      0.00      0.00       0       0   0.00  kworker/3:0-mm_percpu_wq
02:45:36 AM     0     43913    0.00    0.00    0.00    0.00    0.00     2      0.00      0.00   14768    7560   0.02  sshd
02:45:36 AM  1000     43958    0.00    0.00    0.00    0.00    0.00     0      0.00      0.00   15292    6400   0.02  sshd
02:45:36 AM  1000     43959    0.00    0.00    0.00    0.00    0.00     1      0.00      0.00   11344    5444   0.02  bash
02:45:36 AM     0     50050    0.00    0.00    0.00    0.00    0.00     2      0.00      0.00   14768    7572   0.02  sshd
02:45:36 AM  1000     50094    0.00    0.00    0.00    0.00    0.00     3      0.00      0.00   15292    6428   0.02  sshd
02:45:36 AM  1000     50095    0.00    0.00    0.00    0.00    0.00     2      0.00      0.00   11344    5448   0.02  bash
02:45:36 AM     0     81462    0.00    0.00    0.00    0.00    0.00     2      0.00      0.00       0       0   0.00  kworker/2:2-events
02:45:36 AM     0     81478    0.00    0.00    0.00    0.00    0.00     0      0.00      0.00       0       0   0.00  kworker/0:1H-kblockd
02:45:36 AM  1000     84840    0.00    0.00    0.00    0.00    0.00     3      0.00      0.00  240176   10088   0.03  gnome-keyring-d
02:45:36 AM   124     84900    0.00    0.00    0.00    0.00    0.00     1      0.00      0.00  156240    4584   0.01  dconf-service
02:45:36 AM     0     85427    0.00    0.00    0.00    0.00    0.00     0      0.00      0.00       0       0   0.00  kworker/0:2-events
02:45:36 AM     0     86310    0.00    0.00    0.00    0.00    0.00     3      0.00      0.00       0       0   0.00  kworker/u16:1-events_unbound
02:45:36 AM     0     86312    0.00    0.00    0.00    0.00    0.00     3      0.00      0.00   14768    7564   0.02  sshd
02:45:36 AM  1000     86356    0.00    0.00    0.00    0.00    0.00     0      0.00      0.00   15292    6380   0.02  sshd
02:45:36 AM  1000     86357    0.00    0.00    0.00    0.00    0.00     1      0.00      0.00   11344    5440   0.02  bash
02:45:36 AM     0     86549    0.00    0.00    0.00    0.00    0.00     2      0.00      0.00   14768    7664   0.02  sshd
02:45:36 AM  1000     86593    0.00    0.00    0.00    0.00    0.00     0      0.00      0.00   15292    6480   0.02  sshd
02:45:36 AM  1000     86594    0.00    0.00    0.00    0.00    0.00     3      0.00      0.00   11860    5896   0.02  bash
02:45:36 AM     0     86632    0.00    0.00    0.00    0.00    0.00     3      0.00      0.00       0       0   0.00  kworker/3:2
02:45:36 AM     0     87290    0.00    0.00    0.00    0.00    0.00     0      0.00      0.00   14768    7584   0.02  sshd
02:45:36 AM  1000     87334    0.00    0.00    0.00    0.00    0.00     0      0.00      0.00   15292    6412   0.02  sshd
02:45:36 AM  1000     87335    0.00    0.00    0.00    0.00    0.00     2      0.00      0.00   11344    5436   0.02  bash
02:45:36 AM     0     89981    0.00    0.00    0.00    0.00    0.00     1      0.00      0.00       0       0   0.00  kworker/1:1-events
02:45:36 AM     0     95050    0.00    0.00    0.00    0.00    0.00     2      0.00      0.00       0       0   0.00  kworker/2:0-events
02:45:36 AM     0     96173    0.00    0.00    0.00    0.00    0.00     1      0.00      0.00       0       0   0.00  kworker/1:2-pm
02:45:36 AM     0     99494    0.00    0.00    0.00    0.00    0.00     3      0.00      0.00       0       0   0.00  kworker/u16:3-events_unbound
02:45:36 AM     0    107801    0.00    0.00    0.00    0.00    0.00     1      0.00      0.00       0       0   0.00  kworker/1:2H
02:45:36 AM     0    122883    0.00    0.80    0.00    0.00    0.80     1      0.00      0.00       0       0   0.00  kworker/u16:2-events_unbound
02:45:36 AM     0    123203    0.00    0.00    0.00    0.00    0.00     3      0.00      0.00       0       0   0.00  kworker/3:2H
02:45:36 AM     0    124025    0.00    0.00    0.00    0.00    0.00     2      0.00      0.00       0       0   0.00  kworker/2:0H
02:45:36 AM     0    130503    0.00    0.00    0.00    0.00    0.00     0      0.00      0.00       0       0   0.00  kworker/0:0H
02:45:36 AM     0    130577    0.00    0.00    0.00    0.00    0.00     0      0.00      0.00       0       0   0.00  kworker/0:1-events
02:45:36 AM     0    130584    0.00    0.00    0.00    0.00    0.00     2      0.00      0.00   14768    7576   0.02  sshd
02:45:36 AM  1000    130628    0.80    1.60    0.00    0.80    2.40     3      0.00      0.00   16676    7816   0.02  sshd
02:45:36 AM  1000    130629    0.00    0.00    0.00    0.00    0.00     3      0.00      0.00   11344    5436   0.02  bash
02:45:36 AM  1000    130765    0.80    0.00    0.00    0.00    0.80     1      0.00      0.00  283948   43148   0.14  roslaunch
02:45:36 AM  1000    130773    0.80    0.00    0.00    0.00    0.80     0      0.00      0.00  797724   45664   0.14  rosmaster
02:45:36 AM  1000    130783    0.00    0.00    0.00    0.00    0.00     2      0.00      0.00  274964   10152   0.03  rosout
02:45:36 AM  1000    130790   56.00   67.20    0.00    6.40  123.20     1      0.00      0.00 34790064  692460   2.18  scale_truck_con
02:45:36 AM  1000    130791   27.20   57.60    0.00    0.00   84.80     3      0.00      0.00 1571432  113560   0.36  LRC
02:45:36 AM  1000    130854    0.00    0.00    0.00    0.00    0.00     0      0.00      0.00  651152   55968   0.18  python3
02:45:36 AM     0    131985    0.00    0.00    0.00    0.00    0.00     2      0.00      0.00       0       0   0.00  kworker/2:1H
02:45:36 AM     0    132214    0.00    0.00    0.00    0.00    0.00     1      0.00      0.00       0       0   0.00  kworker/1:1H
02:45:36 AM     0    133801    0.00    0.00    0.00    0.00    0.00     0      0.00      0.00       0       0   0.00  kworker/0:0-events
02:45:36 AM     0    137289    0.00    0.00    0.00    0.00    0.00     1      0.00      0.00       0       0   0.00  kworker/1:3
02:45:36 AM  1000    137686    0.00    0.00    0.00    0.00    0.00     1      0.00      0.00    7828     564   0.00  timeout
02:45:36 AM  1000    137689    0.00    0.00    0.00    0.00    0.00     1      0.00      0.00    9208    3064   0.01  bash
02:45:36 AM  1000    137690    0.00    0.00    0.00    0.00    0.00     3      0.00      0.00   68712   43028   0.14  rosbag
02:45:36 AM  1000    137878   12.00   28.80    0.00    0.00   40.80     2     37.60      0.00 1171700   24660   0.08  record
02:45:36 AM  1000    137884   40.80   16.00    0.00   32.00   56.80     1   4312.00      0.00   68304   42780   0.13  rosbag
02:45:36 AM  1000    138038    1.60    6.40    0.00    7.20    8.00     0    872.00      0.00   17716    9996   0.03  pidstat

# Time        UID       PID    %usr %system  %guest   %wait    %CPU   CPU  minflt/s  majflt/s     VSZ     RSS   %MEM  Command
02:45:37 AM     0         1    0.00    0.00    0.00    0.00    0.00     0      0.00      0.00  169880   11540   0.04  systemd
02:45:37 AM     0         2    0.00    0.00    0.00    0.00    0.00     1      0.00      0.00       0       0   0.00  kthreadd
02:45:37 AM     0         3    0.00    0.00    0.00    0.00    0.00     0      0.00      0.00       0       0   0.00  rcu_gp
02:45:37 AM     0         4    0.00    0.00    0.00    0.00    0.00     0      0.00      0.00       0       0   0.00  rcu_par_gp
02:45:37 AM     0         8    0.00    0.00    0.00    0.00    0.00     0      0.00      0.00       0       0   0.00  mm_percpu_wq
02:45:37 AM     0         9    0.00    0.00    0.00    0.00    0.00     0      0.00      0.00       0       0   0.00  rcu_tasks_kthre
02:45:37 AM     0        10    0.00    0.00    0.00    0.00    0.00     0      0.00      0.00       0       0   0.00  rcu_tasks_rude_
02:45:37 AM     0        11    0.00    0.00    0.00    0.00    0.00     0      0.00      0.00       0       0   0.00  rcu_tasks_trace
02:45:37 AM     0        12    0.00    0.00    0.00    0.00    0.00     0      0.00      0.00       0       0   0.00  ksoftirqd/0
02:45:37 AM     0        13    0.00    1.00    0.00    1.00    1.00     3      0.00      0.00       0       0   0.00  rcu_preempt
02:45:37 AM     0        14    0.00    0.00    0.00    0.00    0.00     0      0.00      0.00       0       0   0.00  migration/0
02:45:37 AM     0        16    0.00    0.00    0.00    0.00    0.00     0      0.00      0.00       0       0   0.00  cpuhp/0
02:45:37 AM     0        17    0.00    0.00    0.00    0.00    0.00     1      0.00      0.00       0       0   0.00  cpuhp/1
02:45:37 AM     0        18    0.00    0.00    0.00    0.00    0.00     1      0.00      0.00       0       0   0.00  migration/1
02:45:37 AM     0        19    0.00    0.00    0.00    0.00    0.00     1      0.00      0.00       0       0   0.00  ksoftirqd/1
02:45:37 AM     0        22    0.00    0.00    0.00    0.00    0.00     2      0.00      0.00       0       0   0.00  cpuhp/2
02:45:37 AM     0        23    0.00    0.00    0.00    0.00    0.00     2      0.00      0.00       0       0   0.00  migration/2
02:45:37 AM     0        24    0.00    0.00    0.00    0.00    0.00     2      0.00      0.00       0       0   0.00  ksoftirqd/2
02:45:37 AM     0        27    0.00    0.00    0.00    0.00    0.00     3      0.00      0.00       0       0   0.00  cpuhp/3
02:45:37 AM     0        28    0.00    0.00    0.00    0.00    0.00     3      0.00      0.00       0       0   0.00  migration/3
02:45:37 AM     0        29    0.00    0.00    0.00    0.00    0.00     3      0.00      0.00       0       0   0.00  ksoftirqd/3
02:45:37 AM     0        32    0.00    0.00    0.00    0.00    0.00     4      0.00      0.00       0       0   0.00  cpuhp/4
02:45:37 AM     0        33    0.00    0.00    0.00    0.00    0.00     4      0.00      0.00       0       0   0.00  migration/4
02:45:37 AM     0        34    0.00    0.00    0.00    0.00    0.00     4      0.00      0.00       0       0   0.00  ksoftirqd/4
02:45:37 AM     0        36    0.00    0.00    0.00    0.00    0.00     4      0.00      0.00       0       0   0.00  kworker/4:0H-kblockd
02:45:37 AM     0        37    0.00    0.00    0.00    0.00    0.00     5      0.00      0.00       0       0   0.00  cpuhp/5
02:45:37 AM     0        38    0.00    0.00    0.00    0.00    0.00     5      0.00      0.00       0       0   0.00  migration/5
02:45:37 AM     0        39    0.00    0.00    0.00    0.00    0.00     5      0.00      0.00       0       0   0.00  ksoftirqd/5
02:45:37 AM     0        41    0.00    0.00    0.00    0.00    0.00     5      0.00      0.00       0       0   0.00  kworker/5:0H-kblockd
02:45:37 AM     0        42    0.00    0.00    0.00    0.00    0.00     6      0.00      0.00       0       0   0.00  cpuhp/6
02:45:37 AM     0        43    0.00    0.00    0.00    0.00    0.00     6      0.00      0.00       0       0   0.00  migration/6
02:45:37 AM     0        44    0.00    0.00    0.00    0.00    0.00     6      0.00      0.00       0       0   0.00  ksoftirqd/6
02:45:37 AM     0        46    0.00    0.00    0.00    0.00    0.00     6      0.00      0.00       0       0   0.00  kworker/6:0H-events_highpri
02:45:37 AM     0        47    0.00    0.00    0.00    0.00    0.00     7      0.00      0.00       0       0   0.00  cpuhp/7
02:45:37 AM     0        48    0.00    0.00    0.00    0.00    0.00     7      0.00      0.00       0       0   0.00  migration/7
02:45:37 AM     0        49    0.00    0.00    0.00    0.00    0.00     7      0.00      0.00       0       0   0.00  ksoftirqd/7
02:45:37 AM     0        50    0.00    0.00    0.00    0.00    0.00     0      0.00      0.00       0       0   0.00  kworker/7:0-rcu_gp
02:45:37 AM     0        51    0.00    0.00    0.00    0.00    0.00     7      0.00      0.00       0       0   0.00  kworker/7:0H-kblockd
02:45:37 AM     0        52    0.00    0.00    0.00    0.00    0.00     0      0.00      0.00       0       0   0.00  kdevtmpfs
02:45:37 AM     0        53    0.00    0.00    0.00    0.00    0.00     4      0.00      0.00       0       0   0.00  netns
02:45:37 AM     0        54    0.00    0.00    0.00    0.00    0.00     1      0.00      0.00       0       0   0.00  kauditd
02:45:37 AM     0        55    0.00    0.00    0.00    0.00    0.00     0      0.00      0.00       0       0   0.00  irq/87-mc_statu
02:45:37 AM     0        56    0.00    0.00    0.00    0.00    0.00     2      0.00      0.00       0       0   0.00  khungtaskd
02:45:37 AM     0        57    0.00    0.00    0.00    0.00    0.00     3      0.00      0.00       0       0   0.00  oom_reaper
02:45:37 AM     0        58    0.00    0.00    0.00    0.00    0.00     5      0.00      0.00       0       0   0.00  writeback
02:45:37 AM     0        59    0.00    0.00    0.00    0.00    0.00     3      0.00      0.00       0       0   0.00  kcompactd0
02:45:37 AM     0        60    0.00    0.00    0.00    0.00    0.00     1      0.00      0.00       0       0   0.00  ksmd
02:45:37 AM     0        61    0.00    0.00    0.00    0.00    0.00     0      0.00      0.00       0       0   0.00  khugepaged
02:45:37 AM     0        93    0.00    0.00    0.00    0.00    0.00     1      0.00      0.00       0       0   0.00  kintegrityd
02:45:37 AM     0        94    0.00    0.00    0.00    0.00    0.00     1      0.00      0.00       0       0   0.00  kblockd
02:45:37 AM     0        95    0.00    0.00    0.00    0.00    0.00     1      0.00      0.00       0       0   0.00  blkcg_punt_bio
02:45:37 AM     0        97    0.00    0.00    0.00    0.00    0.00     3      0.00      0.00       0       0   0.00  tpm_dev_wq
02:45:37 AM     0        98    0.00    0.00    0.00    0.00    0.00     0      0.00      0.00       0       0   0.00  irq/197-30c0000
02:45:37 AM     0        99    0.00    0.00    0.00    0.00    0.00     1      0.00      0.00       0       0   0.00  devfreq_wq
02:45:37 AM     0       100    0.00    0.00    0.00    0.00    0.00     1      0.00      0.00       0       0   0.00  watchdogd
02:45:37 AM     0       104    0.00    0.00    0.00    0.00    0.00     7      0.00      0.00       0       0   0.00  rpciod
02:45:37 AM     0       106    0.00    0.00    0.00    0.00    0.00     7      0.00      0.00       0       0   0.00  xprtiod
02:45:37 AM     0       108    0.00    0.00    0.00    0.00    0.00     7      0.00      0.00       0       0   0.00  kswapd0
02:45:37 AM     0       109    0.00    0.00    0.00    0.00    0.00     5      0.00      0.00       0       0   0.00  nfsiod
02:45:37 AM     0       112    0.00    0.00    0.00    0.00    0.00     1      0.00      0.00       0       0   0.00  kthrotld
02:45:37 AM     0       113    0.00    0.00    0.00    0.00    0.00     7      0.00      0.00       0       0   0.00  kpcitest
02:45:37 AM     0       116    0.00    0.00    0.00    0.00    0.00     5      0.00      0.00       0       0   0.00  kworker/5:1-events
02:45:37 AM     0       122    0.00    0.00    0.00    0.00    0.00     1      0.00      0.00       0       0   0.00  nvme-wq
02:45:37 AM     0       123    0.00    0.00    0.00    0.00    0.00     5      0.00      0.00       0       0   0.00  nvme-reset-wq
02:45:37 AM     0       124    0.00    0.00    0.00    0.00    0.00     6      0.00      0.00       0       0   0.00  nvme-delete-wq
02:45:37 AM     0       125    0.00    0.00    0.00    0.00    0.00     6      0.00      0.00       0       0   0.00  uas
02:45:37 AM     0       126    0.00    0.00    0.00    0.00    0.00     0      0.00      0.00       0       0   0.00  irq/222-tegra_r
02:45:37 AM     0       127    0.00    0.00    0.00    0.00    0.00     0      0.00      0.00       0       0   0.00  kworker/7:2-events
02:45:37 AM     0       129    0.00    0.00    0.00    0.00    0.00     0      0.00      0.00       0       0   0.00  irq/86-tegra-oc
02:45:37 AM     0       130    0.00    0.00    0.00    0.00    0.00     5      0.00      0.00       0       0   0.00  dm_bufio_cache
02:45:37 AM     0       131    0.00    0.00    0.00    0.00    0.00     0      0.00      0.00       0       0   0.00  irq/223-max7762
02:45:37 AM     0       140    0.00    0.00    0.00    0.00    0.00     0      0.00      0.00       0       0   0.00  irq/55-bc00000.
02:45:37 AM     0       143    0.00    0.00    0.00    0.00    0.00     0      0.00      0.00       0       0   0.00  ipv6_addrconf
02:45:37 AM     0       144    0.00    0.00    0.00    0.00    0.00     6      0.00      0.00       0       0   0.00  krfcommd
02:45:37 AM     0       145    0.00    0.00    0.00    0.00    0.00     0      0.00      0.00       0       0   0.00  kstrp
02:45:37 AM     0       150    0.00    0.00    0.00    0.00    0.00     0      0.00      0.00       0       0   0.00  irq/24-tegra-pc
02:45:37 AM     0       154    0.00    0.00    0.00    0.00    0.00     0      0.00      0.00       0       0   0.00  irq/26-tegra-pc
02:45:37 AM     0       160    0.00    0.00    0.00    0.00    0.00     0      0.00      0.00       0       0   0.00  irq/26-aerdrv
02:45:37 AM     0       161    0.00    0.00    0.00    0.00    0.00     0      0.00      0.00       0       0   0.00  irq/28-tegra-pc
02:45:37 AM     0       162    0.00    0.00    0.00    0.00    0.00     0      0.00      0.00       0       0   0.00  irq/28-aerdrv
02:45:37 AM     0       163    0.00    0.00    0.00    0.00    0.00     5      0.00      0.00       0       0   0.00  host_low_prio_w
02:45:37 AM     0       164    0.00    0.00    0.00    0.00    0.00     0      0.00      0.00       0       0   0.00  irq/57-host_syn
02:45:37 AM     0       165    0.00    0.00    0.00    0.00    0.00     0      0.00      0.00       0       0   0.00  irq/58-host_sta
02:45:37 AM     0       173    0.00    0.00    0.00    0.00    0.00     5      0.00      0.00       0       0   0.00  pva_task_status
02:45:37 AM     0       174    0.00    0.00    0.00    0.00    0.00     0      0.00      0.00       0       0   0.00  irq/75-pva-isr
02:45:37 AM     0       175    0.00    0.00    0.00    0.00    0.00     0      0.00      0.00       0       0   0.00  pva_task_status
02:45:37 AM     0       176    0.00    0.00    0.00    0.00    0.00     0      0.00      0.00       0       0   0.00  irq/76-pva-isr
02:45:37 AM     0       185    0.00    0.00    0.00    0.00    0.00     0      0.00      0.00       0       0   0.00  sdhci
02:45:37 AM     0       186    0.00    0.00    0.00    0.00    0.00     0      0.00      0.00       0       0   0.00  irq/39-mmc0
02:45:37 AM     0       187    0.00    0.00    0.00    0.00    0.00     2      0.00      0.00       0       0   0.00  sdhci
02:45:37 AM     0       189    0.00    0.00    0.00    0.00    0.00     0      0.00      0.00       0       0   0.00  irq/40-mmc1
02:45:37 AM     0       195    0.00    0.00    0.00    0.00    0.00     7      0.00      0.00       0       0   0.00  scsi_eh_0
02:45:37 AM     0       196    0.00    0.00    0.00    0.00    0.00     7      0.00      0.00       0       0   0.00  scsi_tmf_0
02:45:37 AM     0       197    0.00    0.00    0.00    0.00    0.00     0      0.00      0.00       0       0   0.00  kworker/5:2-events
02:45:37 AM     0       198    0.00    0.00    0.00    0.00    0.00     0      0.00      0.00       0       0   0.00  irq/67-15200000
02:45:37 AM     0       199    0.00    0.00    0.00    0.00    0.00     1      0.00      0.00       0       0   0.00  tegradc.0/a
02:45:37 AM     0       200    0.00    0.00    0.00    0.00    0.00     0      0.00      0.00       0       0   0.00  tegradc.0/b
02:45:37 AM     0       201    0.00    0.00    0.00    0.00    0.00     0      0.00      0.00       0       0   0.00  tegradc.0/c
02:45:37 AM     0       202    0.00    0.00    0.00    0.00    0.00     0      0.00      0.00       0       0   0.00  tegradc.0/d
02:45:37 AM     0       203    0.00    0.00    0.00    0.00    0.00     0      0.00      0.00       0       0   0.00  tegradc.0/e
02:45:37 AM     0       204    0.00    0.00    0.00    0.00    0.00     0      0.00      0.00       0       0   0.00  tegradc.0/f
02:45:37 AM     0       205    0.00    0.00    0.00    0.00    0.00     0      0.00      0.00       0       0   0.00  tegradc.0/sl
02:45:37 AM     0       206    0.00    0.00    0.00    0.00    0.00     0      0.00      0.00       0       0   0.00  irq/62-15200000
02:45:37 AM     0       207    0.00    0.00    0.00    0.00    0.00     0      0.00      0.00       0       0   0.00  irq/276-3400000
02:45:37 AM     0       208    0.00    0.00    0.00    0.00    0.00     0      0.00      0.00       0       0   0.00  ufs_eh_wq_0
02:45:37 AM     0       209    0.00    0.00    0.00    0.00    0.00     3      0.00      0.00       0       0   0.00  mmc_complete
02:45:37 AM     0       211    0.00    0.00    0.00    0.00    0.00     0      0.00      0.00       0       0   0.00  irq/278-1520000
02:45:37 AM     0       212    0.00    0.00    0.00    0.00    0.00     0      0.00      0.00       0       0   0.00  irq/203-3610000
02:45:37 AM     0       213    0.00    0.00    0.00    0.00    0.00     0      0.00      0.00       0       0   0.00  irq/221-3610000
02:45:37 AM     0       214    0.00    0.00    0.00    0.00    0.00     0      0.00      0.00       0       0   0.00  irq/30-tegra-pc
02:45:37 AM     0       216    0.00    0.00    0.00    0.00    0.00     0      0.00      0.00       0       0   0.00  kworker/4:3-events
02:45:37 AM     0       218    0.00    0.00    0.00    0.00    0.00     4      0.00      0.00       0       0   0.00  kworker/4:5-events
02:45:37 AM     0       221    0.00    0.00    0.00    0.00    0.00     0      0.00      0.00       0       0   0.00  kworker/6:12-events
02:45:37 AM     0       222    0.00    0.00    0.00    0.00    0.00     0      0.00      0.00       0       0   0.00  kworker/6:13-events
02:45:37 AM     0       225    0.00    0.00    0.00    0.00    0.00     0      0.00      0.00       0       0   0.00  irq/68-tegra_dp
02:45:37 AM     0       226    0.00    0.00    0.00    0.00    0.00     0      0.00      0.00       0       0   0.00  irq/65-15210000
02:45:37 AM     0       227    0.00    0.00    0.00    0.00    0.00     0      0.00      0.00       0       0   0.00  tegradc.1/a
02:45:37 AM     0       228    0.00    0.00    0.00    0.00    0.00     0      0.00      0.00       0       0   0.00  tegradc.1/b
02:45:37 AM     0       229    0.00    0.00    0.00    0.00    0.00     0      0.00      0.00       0       0   0.00  tegradc.1/c
02:45:37 AM     0       230    0.00    0.00    0.00    0.00    0.00     0      0.00      0.00       0       0   0.00  tegradc.1/d
02:45:37 AM     0       231    0.00    0.00    0.00    0.00    0.00     0      0.00      0.00       0       0   0.00  tegradc.1/e
02:45:37 AM     0       232    0.00    0.00    0.00    0.00    0.00     0      0.00      0.00       0       0   0.00  tegradc.1/f
02:45:37 AM     0       233    0.00    0.00    0.00    0.00    0.00     1      0.00      0.00       0       0   0.00  tegradc.1/sl
02:45:37 AM     0       234    0.00    0.00    0.00    0.00    0.00     0      0.00      0.00       0       0   0.00  irq/63-15210000
02:45:37 AM     0       249    0.00    0.00    0.00    0.00    0.00     0      0.00      0.00       0       0   0.00  irq/56-d230000.
02:45:37 AM     0       250    0.00    0.00    0.00    0.00    0.00     0      0.00      0.00       0       0   0.00  irq/69-tegra_dp
02:45:37 AM     0       251    0.00    0.00    0.00    0.00    0.00     0      0.00      0.00       0       0   0.00  irq/66-15220000
02:45:37 AM     0       252    0.00    0.00    0.00    0.00    0.00     0      0.00      0.00       0       0   0.00  tegradc.2/a
02:45:37 AM     0       253    0.00    0.00    0.00    0.00    0.00     0      0.00      0.00       0       0   0.00  tegradc.2/b
02:45:37 AM     0       254    0.00    0.00    0.00    0.00    0.00     0      0.00      0.00       0       0   0.00  tegradc.2/c
02:45:37 AM     0       255    0.00    0.00    0.00    0.00    0.00     0      0.00      0.00       0       0   0.00  tegradc.2/d
02:45:37 AM     0       256    0.00    0.00    0.00    0.00    0.00     0      0.00      0.00       0       0   0.00  tegradc.2/e
02:45:37 AM     0       257    0.00    0.00    0.00    0.00    0.00     0      0.00      0.00       0       0   0.00  tegradc.2/f
02:45:37 AM     0       258    0.00    0.00    0.00    0.00    0.00     0      0.00      0.00       0       0   0.00  tegradc.2/sl
02:45:37 AM     0       259    0.00    0.00    0.00    0.00    0.00     0      0.00      0.00       0       0   0.00  irq/64-15220000
02:45:37 AM     0       275    0.00    0.00    0.00    0.00    0.00     3      0.00      0.00       0       0   0.00  jbd2/mmcblk0p1-
02:45:37 AM     0       276    0.00    0.00    0.00    0.00    0.00     3      0.00      0.00       0       0   0.00  ext4-rsv-conver
02:45:37 AM     0       280    0.00    0.00    0.00    0.00    0.00     7      0.00      0.00       0       0   0.00  kworker/7:1H
02:45:37 AM     0       286    0.00    0.00    0.00    0.00    0.00     5      0.00      0.00       0       0   0.00  kworker/5:1H-kblockd
02:45:37 AM     0       312    0.00    0.00    0.00    0.00    0.00     1      0.00      0.00   61816   31808   0.10  systemd-journal
02:45:37 AM     0       338    0.00    4.00    0.00   23.00    4.00     0      0.00      0.00       0       0   0.00  nvmap-bz
02:45:37 AM     0       339    0.00    0.00    0.00    0.00    0.00     0      0.00      0.00       0       0   0.00  irq/204-gk20a_s
02:45:37 AM     0       340    0.00    0.00    0.00    0.00    0.00     0      0.00      0.00       0       0   0.00  irq/205-gk20a_n
02:45:37 AM     0       345    0.00    0.00    0.00    0.00    0.00     3      0.00      0.00    2776    1492   0.00  tee-supplicant
02:45:37 AM     0       347    0.00    0.00    0.00    0.00    0.00     3      0.00      0.00       0       0   0.00  optee_bus_scan
02:45:37 AM     0       358    0.00    0.00    0.00    0.00    0.00     3      0.00      0.00   22788    7532   0.02  systemd-udevd
02:45:37 AM     0       364    0.00    0.00    0.00    0.00    0.00     1      0.00      0.00    7948    4892   0.02  haveged
02:45:37 AM   126       365    0.00    0.00    0.00    0.00    0.00     3      0.00      0.00    7136    3108   0.01  rpcbind
02:45:37 AM   105       366    0.00    0.00    0.00    0.00    0.00     1      0.00      0.00   25592   13288   0.04  systemd-resolve
02:45:37 AM   103       367    0.00    0.00    0.00    0.00    0.00     1      0.00      0.00   90672    6220   0.02  systemd-timesyn
02:45:37 AM     0       407    0.00    0.00    0.00    0.00    0.00     5      0.00      0.00       0       0   0.00  cfg80211
02:45:37 AM     0       410    0.00    0.00    0.00    0.00    0.00     0      0.00      0.00       0       0   0.00  irq/42-3210000.
02:45:37 AM     0       412    0.00    0.00    0.00    0.00    0.00     2      0.00      0.00       0       0   0.00  spi0
02:45:37 AM     0       413    0.00   14.00    0.00    0.00   14.00     1      0.00      0.00       0       0   0.00  irq/282-iwlwifi
02:45:37 AM     0       416    0.00    0.00    0.00    0.00    0.00     4      0.00      0.00       0       0   0.00  ata_sff
02:45:37 AM     0       419    0.00    0.00    0.00    0.00    0.00     0      0.00      0.00       0       0   0.00  irq/43-c260000.
02:45:37 AM     0       420    0.00    0.00    0.00    0.00    0.00     6      0.00      0.00       0       0   0.00  scsi_eh_1
02:45:37 AM     0       422    0.00    0.00    0.00    0.00    0.00     6      0.00      0.00       0       0   0.00  scsi_tmf_1
02:45:37 AM     0       427    0.00    0.00    0.00    0.00    0.00     0      0.00      0.00       0       0   0.00  spi1
02:45:37 AM     0       430    0.00    0.00    0.00    0.00    0.00     3      0.00      0.00  242072    8880   0.03  accounts-daemon
02:45:37 AM   120       439    0.00    0.00    0.00    0.00    0.00     0      0.00      0.00    7084    3472   0.01  avahi-daemon
02:45:37 AM     0       441    0.00    0.00    0.00    0.00    0.00     3      0.00      0.00    9220    2516   0.01  cron
02:45:37 AM   106       443    0.00    0.00    0.00    0.00    0.00     3      0.00      0.00    9396    5264   0.02  dbus-daemon
02:45:37 AM     0       447    0.00    0.00    0.00    0.00    0.00     1      0.00      0.00  341244   20856   0.07  NetworkManager
02:45:37 AM     0       456    0.00    0.00    0.00    0.00    0.00     4      0.00      0.00   38300   19472   0.06  networkd-dispat
02:45:37 AM     0       473    0.00    0.00    0.00    0.00    0.00     2      0.00      0.00  238860   13352   0.04  polkitd
02:45:37 AM   125       483    0.00    0.00    0.00    0.00    0.00     3      0.00      0.00  220940    8288   0.03  rsyslogd
02:45:37 AM     0       503    0.00    0.00    0.00    0.00    0.00     2      0.00      0.00  235864    4364   0.01  switcheroo-cont
02:45:37 AM     0       514    0.00    0.00    0.00    0.00    0.00     2      0.00      0.00   17076    6760   0.02  systemd-logind
02:45:37 AM     0       523    0.00    0.00    0.00    0.00    0.00     1      0.00      0.00  395556   15676   0.05  udisksd
02:45:37 AM     0       528    0.00    0.00    0.00    0.00    0.00     1      0.00      0.00   12784    8052   0.03  wpa_supplicant
02:45:37 AM     0       548    0.00    0.00    0.00    0.00    0.00     0      0.00      0.00       0       0   0.00  sugov:0
02:45:37 AM   120       555    0.00    0.00    0.00    0.00    0.00     2      0.00      0.00    6896     324   0.00  avahi-daemon
02:45:37 AM     0       585    0.00    0.00    0.00    0.00    0.00     5      0.00      0.00       0       0   0.00  tmp451
02:45:37 AM     0       597    0.00    0.00    0.00    0.00    0.00     3      0.00      0.00       0       0   0.00  irq/286-1-0008
02:45:37 AM     0       600    0.00    0.00    0.00    0.00    0.00     2      0.00      0.00  321792   14480   0.05  ModemManager
02:45:37 AM     0       653    0.00    0.00    0.00    0.00    0.00     0      0.00      0.00    2476     604   0.00  nvfancontrol
02:45:37 AM     0       728    0.00    0.00    0.00    0.00    0.00     4      0.00      0.00       0       0   0.00  adspp_kthread
02:45:37 AM     0       779    0.00    0.00    0.00    0.00    0.00     6      0.00      0.00       0       0   0.00  kworker/6:2H-kblockd
02:45:37 AM     0       876    0.00    0.00    0.00    0.00    0.00     1      0.00      0.00       0       0   0.00  irq/289-2490000
02:45:37 AM     0       887    0.00    0.00    0.00    0.00    0.00     0      0.00      0.00       0       0   0.00  irq/32-eth0.com
02:45:37 AM     0       919    0.00    0.00    0.00    0.00    0.00     4      0.00      0.00       0       0   0.00  file-storage
02:45:37 AM     0       953    0.00    0.00    0.00    0.00    0.00     1      0.00      0.00       0       0   0.00  loop0
02:45:37 AM     0      1048    0.00    0.00    0.00    0.00    0.00     4      0.00      0.00       0       0   0.00  kworker/4:2H-kblockd
02:45:37 AM     0      1091    0.00    0.00    0.00    0.00    0.00     3      0.00      0.00       0       0   0.00  cryptd
02:45:37 AM     0      1147    0.00    0.00    0.00    0.00    0.00     2      0.00      0.00       0       0   0.00  sw-quiesce
02:45:37 AM     0      1148    0.00    1.00    0.00    0.00    1.00     3      0.00      0.00       0       0   0.00  nvgpu_channel_p
02:45:37 AM     0      1151    0.00    0.00    0.00    0.00    0.00     3      0.00      0.00       0       0   0.00  nvgpu_nvs_gv11b
02:45:37 AM     0      1153    0.00    0.00    0.00    0.00    0.00     0      0.00      0.00       0       0   0.00  nvgpu_pg_init_g
02:45:37 AM     0      1157    0.00    0.00    0.00    0.00    0.00     2      0.00      0.00       0       0   0.00  nvgpu_clk_arb_p
02:45:37 AM     0      1162    0.00    0.00    0.00    0.00    0.00     3      0.00      0.00       0       0   0.00  irq/288-rt5659
02:45:37 AM     0      1270    0.00    0.00    0.00    0.00    0.00     3      0.00      0.00   55688   11092   0.03  nvargus-daemon
02:45:37 AM     0      1273    0.00    0.00    0.00    0.00    0.00     3      0.00      0.00   21932    1552   0.00  nvs-service
02:45:37 AM     0      1298    0.00    0.00    0.00    0.00    0.00     1      0.00      0.00 2007972   50424   0.16  containerd
02:45:37 AM     0      1314    0.00    0.00    0.00    0.00    0.00     0      0.00      0.00  240032    7616   0.02  gdm3
02:45:37 AM   108      1326    0.00    0.00    0.00    0.00    0.00     2      0.00      0.00   11468    1896   0.01  kerneloops
02:45:37 AM     0      1327    0.00    0.00    0.00    0.00    0.00     3      0.00      0.00   12236    6576   0.02  sshd
02:45:37 AM     0      1336    0.00    0.00    0.00    0.00    0.00     0      0.00      0.00    7688    1876   0.01  agetty
02:45:37 AM     0      1337    0.00    0.00    0.00    0.00    0.00     2      0.00      0.00    7688    1904   0.01  agetty
02:45:37 AM   108      1339    0.00    0.00    0.00    0.00    0.00     0      0.00      0.00   11468    1820   0.01  kerneloops
02:45:37 AM     0      1340    0.00    0.00    0.00    0.00    0.00     3      0.00      0.00    9216    2824   0.01  nvgetty.sh
02:45:37 AM     0      1379    0.00    0.00    0.00    0.00    0.00     0      0.00      0.00    7688    1848   0.01  getty
02:45:37 AM     0      1554    0.00    0.00    0.00    0.00    0.00     2      0.00      0.00 2111796   85472   0.27  dockerd
02:45:37 AM     0      1677    0.00    0.00    0.00    0.00    0.00     1      0.00      0.00  168472    8256   0.03  gdm-session-wor
02:45:37 AM     0      1711    0.00    0.00    0.00    0.00    0.00     0      0.00      0.00    3248     808   0.00  nvphsd
02:45:37 AM     0      1716    0.00    0.00    0.00    0.00    0.00     3      0.00      0.00    3380    1788   0.01  nvphsd
02:45:37 AM   124      1789    0.00    0.00    0.00    0.00    0.00     3      0.00      0.00   19144    9224   0.03  systemd
02:45:37 AM   124      1804    0.00    0.00    0.00    0.00    0.00     3      0.00      0.00  104488    5436   0.02  (sd-pam)
02:45:37 AM   124      2014    0.00    0.00    0.00    0.00    0.00     0      0.00      0.00  961884   21984   0.07  pulseaudio
02:45:37 AM   124      2032    0.00    0.00    0.00    0.00    0.00     2      0.00      0.00  164156    5924   0.02  gdm-x-session
02:45:37 AM   124      2037    0.00    0.00    0.00    0.00    0.00     1      0.00      0.00 25330232   99256   0.31  Xorg
02:45:37 AM   118      2040    0.00    0.00    0.00    0.00    0.00     1      0.00      0.00  152516    2440   0.01  rtkit-daemon
02:45:37 AM   124      2162    0.00    0.00    0.00    0.00    0.00     2      0.00      0.00    7812    3448   0.01  dbus-daemon
02:45:37 AM   124      2428    0.00    0.00    0.00    0.00    0.00     0      0.00      0.00    4776    1164   0.00  dbus-run-sessio
02:45:37 AM   124      2429    0.00    0.00    0.00    0.00    0.00     2      0.00      0.00    8088    4104   0.01  dbus-daemon
02:45:37 AM   124      2438    0.00    0.00    0.00    0.00    0.00     2      0.00      0.00  559768   14932   0.05  gnome-session-b
02:45:37 AM     0      2457    0.00    0.00    0.00    0.00    0.00     2      0.00      0.00  101692   19628   0.06  jtop
02:45:37 AM   124      2463    0.00    0.00    0.00    0.00    0.00     3      0.00      0.00  309548   10092   0.03  at-spi-bus-laun
02:45:37 AM   124      2470    0.00    0.00    0.00    0.00    0.00     1      0.00      0.00    7676    3468   0.01  dbus-daemon
02:45:37 AM   124      2495    0.00    0.00    0.00    0.00    0.00     1      0.00      0.00 4022996  194908   0.61  gnome-shell
02:45:37 AM     0      2510    0.00    0.00    0.00    0.00    0.00     0      0.00      0.00  175424   16904   0.05  jtop
02:45:37 AM     0      2518    0.00    0.00    0.00    0.00    0.00     2      0.00      0.00  101692   17160   0.05  jtop
02:45:37 AM   124      2696    0.00    0.00    0.00    0.00    0.00     0      0.00      0.00  314420   11212   0.04  ibus-daemon
02:45:37 AM   124      2699    0.00    0.00    0.00    0.00    0.00     2      0.00      0.00  239960   11792   0.04  ibus-dconf
02:45:37 AM   124      2701    0.00    0.00    0.00    0.00    0.00     2      0.00      0.00  189920   16900   0.05  ibus-x11
02:45:37 AM   124      2704    0.00    0.00    0.00    0.00    0.00     3      0.00      0.00  239880    7776   0.02  ibus-portal
02:45:37 AM   124      2715    0.00    0.00    0.00    0.00    0.00     1      0.00      0.00  161420    6880   0.02  at-spi2-registr
02:45:37 AM   124      2719    0.00    0.00    0.00    0.00    0.00     3      0.00      0.00  235804    4672   0.01  xdg-permission-
02:45:37 AM     0      2725    0.00    0.00    0.00    0.00    0.00     3      0.00      0.00  252944    8776   0.03  upowerd
02:45:37 AM   124      2745    0.00    0.00    0.00    0.00    0.00     2      0.00      0.00 3001620   27244   0.09  gjs
02:45:37 AM   124      2764    0.00    0.00    0.00    0.00    0.00     2      0.00      0.00  469396   14236   0.04  gsd-sharing
02:45:37 AM   124      2765    0.00    0.00    0.00    0.00    0.00     1      0.00      0.00  334628   15072   0.05  gsd-wacom
02:45:37 AM   124      2768    0.00    0.00    0.00    0.00    0.00     2      0.00      0.00  571788   19844   0.06  gsd-color
02:45:37 AM   124      2772    0.00    0.00    0.00    0.00    0.00     3      0.00      0.00  338096   17824   0.06  gsd-keyboard
02:45:37 AM   124      2774    0.00    0.00    0.00    0.00    0.00     2      0.00      0.00  322508   11376   0.04  gsd-print-notif
02:45:37 AM   124      2779    0.00    0.00    0.00    0.00    0.00     3      0.00      0.00  166208    7736   0.02  ibus-engine-sim
02:45:37 AM   124      2780    0.00    0.00    0.00    0.00    0.00     1      0.00      0.00  457460    7996   0.03  gsd-rfkill
02:45:37 AM   124      2782    0.00    0.00    0.00    0.00    0.00     1      0.00      0.00  391976    9696   0.03  gsd-smartcard
02:45:37 AM   124      2784    0.00    0.00    0.00    0.00    0.00     2      0.00      0.00  374928   15372   0.05  gsd-datetime
02:45:37 AM   124      2790    0.00    0.00    0.00    0.00    0.00     3      0.00      0.00  679696   20032   0.06  gsd-media-keys
02:45:37 AM   124      2791    0.00    0.00    0.00    0.00    0.00     3      0.00      0.00  235772    5600   0.02  gsd-screensaver
02:45:37 AM   124      2793    0.00    0.00    0.00    0.00    0.00     3      0.00      0.00  320104    9452   0.03  gsd-sound
02:45:37 AM   124      2795    0.00    0.00    0.00    0.00    0.00     3      0.00      0.00  313652   10144   0.03  gsd-a11y-settin
02:45:37 AM   124      2799    0.00    0.00    0.00    0.00    0.00     2      0.00      0.00  313992   10540   0.03  gsd-housekeepin
02:45:37 AM   124      2802    0.00    0.00    0.00    0.00    0.00     1      0.00      0.00  339724   18828   0.06  gsd-power
02:45:37 AM   124      2824    0.00    0.00    0.00    0.00    0.00     2      0.00      0.00  342540   12784   0.04  gsd-printer
02:45:37 AM   119      2837    0.00    0.00    0.00    0.00    0.00     2      0.00      0.00  249328   17548   0.06  colord
02:45:37 AM     0     29120    0.00    0.00    0.00    0.00    0.00     3      0.00      0.00       0       0   0.00  kworker/u17:2
02:45:37 AM     0     33852    0.00    0.00    0.00    0.00    0.00     1      0.00      0.00       0       0   0.00  kworker/1:0H-kblockd
02:45:37 AM     0     35048    0.00    0.00    0.00    0.00    0.00     1      0.00      0.00       0       0   0.00  kworker/u17:0-rb_allocator
02:45:37 AM  1000     39960    0.00    0.00    0.00    0.00    0.00     2      0.00      0.00   19248    9208   0.03  systemd
02:45:37 AM  1000     39961    0.00    0.00    0.00    0.00    0.00     2      0.00      0.00  170940    6304   0.02  (sd-pam)
02:45:37 AM  1000     40037    0.00    0.00    0.00    0.00    0.00     3      0.00      0.00    7812    3952   0.01  dbus-daemon
02:45:37 AM     0     40147    0.00    0.00    0.00    0.00    0.00     1      0.00      0.00       0       0   0.00  kworker/1:0-pm
02:45:37 AM     0     40174    0.00    0.00    0.00    0.00    0.00     2      0.00      0.00       0       0   0.00  kworker/2:2H-kblockd
02:45:37 AM     0     40194    0.00    0.00    0.00    0.00    0.00     3      0.00      0.00       0       0   0.00  kworker/3:0H-kblockd
02:45:37 AM     0     41650    0.00    0.00    0.00    0.00    0.00     3      0.00      0.00       0       0   0.00  kworker/3:0-events
02:45:37 AM     0     43913    0.00    0.00    0.00    0.00    0.00     2      0.00      0.00   14768    7560   0.02  sshd
02:45:37 AM  1000     43958    0.00    0.00    0.00    0.00    0.00     0      0.00      0.00   15292    6400   0.02  sshd
02:45:37 AM  1000     43959    0.00    0.00    0.00    0.00    0.00     1      0.00      0.00   11344    5444   0.02  bash
02:45:37 AM     0     50050    0.00    0.00    0.00    0.00    0.00     2      0.00      0.00   14768    7572   0.02  sshd
02:45:37 AM  1000     50094    0.00    0.00    0.00    0.00    0.00     3      0.00      0.00   15292    6428   0.02  sshd
02:45:37 AM  1000     50095    0.00    0.00    0.00    0.00    0.00     2      0.00      0.00   11344    5448   0.02  bash
02:45:37 AM     0     81462    0.00    0.00    0.00    0.00    0.00     2      0.00      0.00       0       0   0.00  kworker/2:2-mm_percpu_wq
02:45:37 AM     0     81478    0.00    0.00    0.00    0.00    0.00     0      0.00      0.00       0       0   0.00  kworker/0:1H-kblockd
02:45:37 AM  1000     84840    0.00    0.00    0.00    0.00    0.00     3      0.00      0.00  240176   10088   0.03  gnome-keyring-d
02:45:37 AM   124     84900    0.00    0.00    0.00    0.00    0.00     1      0.00      0.00  156240    4584   0.01  dconf-service
02:45:37 AM     0     85427    0.00    0.00    0.00    0.00    0.00     0      0.00      0.00       0       0   0.00  kworker/0:2-events
02:45:37 AM     0     86310    0.00    1.00    0.00    0.00    1.00     1      0.00      0.00       0       0   0.00  kworker/u16:1-events_unbound
02:45:37 AM     0     86312    0.00    0.00    0.00    0.00    0.00     3      0.00      0.00   14768    7564   0.02  sshd
02:45:37 AM  1000     86356    0.00    0.00    0.00    0.00    0.00     0      0.00      0.00   15292    6380   0.02  sshd
02:45:37 AM  1000     86357    0.00    0.00    0.00    0.00    0.00     1      0.00      0.00   11344    5440   0.02  bash
02:45:37 AM     0     86549    0.00    0.00    0.00    0.00    0.00     2      0.00      0.00   14768    7664   0.02  sshd
02:45:37 AM  1000     86593    0.00    0.00    0.00    0.00    0.00     0      0.00      0.00   15292    6480   0.02  sshd
02:45:37 AM  1000     86594    0.00    0.00    0.00    0.00    0.00     3      0.00      0.00   11860    5896   0.02  bash
02:45:37 AM     0     86632    0.00    0.00    0.00    0.00    0.00     3      0.00      0.00       0       0   0.00  kworker/3:2
02:45:37 AM     0     87290    0.00    0.00    0.00    0.00    0.00     0      0.00      0.00   14768    7584   0.02  sshd
02:45:37 AM  1000     87334    0.00    0.00    0.00    0.00    0.00     0      0.00      0.00   15292    6412   0.02  sshd
02:45:37 AM  1000     87335    0.00    0.00    0.00    0.00    0.00     2      0.00      0.00   11344    5436   0.02  bash
02:45:37 AM     0     89981    0.00    0.00    0.00    0.00    0.00     1      0.00      0.00       0       0   0.00  kworker/1:1-events
02:45:37 AM     0     95050    0.00    0.00    0.00    0.00    0.00     2      0.00      0.00       0       0   0.00  kworker/2:0-events
02:45:37 AM     0     96173    0.00    0.00    0.00    0.00    0.00     1      0.00      0.00       0       0   0.00  kworker/1:2-pm
02:45:37 AM     0     99494    0.00    0.00    0.00    0.00    0.00     3      0.00      0.00       0       0   0.00  kworker/u16:3-events_unbound
02:45:37 AM     0    107801    0.00    0.00    0.00    0.00    0.00     1      0.00      0.00       0       0   0.00  kworker/1:2H
02:45:37 AM     0    122883    0.00    0.00    0.00    0.00    0.00     1      0.00      0.00       0       0   0.00  kworker/u16:2-devfreq_wq
02:45:37 AM     0    123203    0.00    0.00    0.00    0.00    0.00     3      0.00      0.00       0       0   0.00  kworker/3:2H
02:45:37 AM     0    124025    0.00    0.00    0.00    0.00    0.00     2      0.00      0.00       0       0   0.00  kworker/2:0H
02:45:37 AM     0    130503    0.00    0.00    0.00    0.00    0.00     0      0.00      0.00       0       0   0.00  kworker/0:0H
02:45:37 AM     0    130577    0.00    0.00    0.00    0.00    0.00     0      0.00      0.00       0       0   0.00  kworker/0:1-events
02:45:37 AM     0    130584    0.00    0.00    0.00    0.00    0.00     2      0.00      0.00   14768    7576   0.02  sshd
02:45:37 AM  1000    130628    1.00    2.00    0.00    2.00    3.00     1      0.00      0.00   16676    7816   0.02  sshd
02:45:37 AM  1000    130629    0.00    0.00    0.00    0.00    0.00     3      0.00      0.00   11344    5436   0.02  bash
02:45:37 AM  1000    130765    0.00    0.00    0.00    0.00    0.00     0      0.00      0.00  283948   43148   0.14  roslaunch
02:45:37 AM  1000    130773    3.00    1.00    0.00    0.00    4.00     1     11.00      0.00  797980   45664   0.14  rosmaster
02:45:37 AM  1000    130783    0.00    1.00    0.00    0.00    1.00     0      0.00      0.00  274964   10152   0.03  rosout
02:45:37 AM  1000    130790   62.00   69.00    0.00    8.00  131.00     1      0.00      0.00 34790064  692460   2.18  scale_truck_con
02:45:37 AM  1000    130791   26.00   64.00    0.00    0.00   90.00     3      0.00      0.00 1571432  113560   0.36  LRC
02:45:37 AM  1000    130854    0.00    1.00    0.00    0.00    1.00     1     12.00      0.00  724884   55980   0.18  python3
02:45:37 AM     0    131985    0.00    0.00    0.00    0.00    0.00     2      0.00      0.00       0       0   0.00  kworker/2:1H
02:45:37 AM     0    132214    0.00    0.00    0.00    0.00    0.00     1      0.00      0.00       0       0   0.00  kworker/1:1H
02:45:37 AM     0    133801    0.00    0.00    0.00    0.00    0.00     0      0.00      0.00       0       0   0.00  kworker/0:0-events
02:45:37 AM     0    137289    0.00    0.00    0.00    0.00    0.00     1      0.00      0.00       0       0   0.00  kworker/1:3
02:45:37 AM  1000    137686    0.00    0.00    0.00    0.00    0.00     1      0.00      0.00    7828     564   0.00  timeout
02:45:37 AM  1000    137689    0.00    0.00    0.00    0.00    0.00     1      0.00      0.00    9208    3064   0.01  bash
02:45:37 AM  1000    137690    0.00    0.00    0.00    0.00    0.00     3      0.00      0.00   68712   43028   0.14  rosbag
02:45:37 AM  1000    137878   19.00   34.00    0.00    0.00   53.00     2     48.00      0.00 1172076   24852   0.08  record
02:45:37 AM  1000    137884    4.00    1.00    0.00   10.00    5.00     1    294.00      0.00   68692   43012   0.14  rosbag
02:45:37 AM  1000    138038    7.00   11.00    0.00    9.00   18.00     0    101.00      0.00   17716   10256   0.03  pidstat
02:45:37 AM  1000    138084   11.00   18.00    0.00   24.00   29.00     0   1874.00      0.00  360724   22740   0.07  play

# Time        UID       PID    %usr %system  %guest   %wait    %CPU   CPU  minflt/s  majflt/s     VSZ     RSS   %MEM  Command
02:45:38 AM     0         1    0.00    0.00    0.00    0.00    0.00     0      0.00      0.00  169880   11540   0.04  systemd
02:45:38 AM     0         2    0.00    0.00    0.00    0.00    0.00     1      0.00      0.00       0       0   0.00  kthreadd
02:45:38 AM     0         3    0.00    0.00    0.00    0.00    0.00     0      0.00      0.00       0       0   0.00  rcu_gp
02:45:38 AM     0         4    0.00    0.00    0.00    0.00    0.00     0      0.00      0.00       0       0   0.00  rcu_par_gp
02:45:38 AM     0         8    0.00    0.00    0.00    0.00    0.00     0      0.00      0.00       0       0   0.00  mm_percpu_wq
02:45:38 AM     0         9    0.00    0.00    0.00    0.00    0.00     0      0.00      0.00       0       0   0.00  rcu_tasks_kthre
02:45:38 AM     0        10    0.00    0.00    0.00    0.00    0.00     0      0.00      0.00       0       0   0.00  rcu_tasks_rude_
02:45:38 AM     0        11    0.00    0.00    0.00    0.00    0.00     0      0.00      0.00       0       0   0.00  rcu_tasks_trace
02:45:38 AM     0        12    0.00    0.00    0.00    0.00    0.00     0      0.00      0.00       0       0   0.00  ksoftirqd/0
02:45:38 AM     0        13    0.00    0.00    0.00    0.00    0.00     1      0.00      0.00       0       0   0.00  rcu_preempt
02:45:38 AM     0        14    0.00    0.00    0.00    0.00    0.00     0      0.00      0.00       0       0   0.00  migration/0
02:45:38 AM     0        16    0.00    0.00    0.00    0.00    0.00     0      0.00      0.00       0       0   0.00  cpuhp/0
02:45:38 AM     0        17    0.00    0.00    0.00    0.00    0.00     1      0.00      0.00       0       0   0.00  cpuhp/1
02:45:38 AM     0        18    0.00    0.00    0.00    0.00    0.00     1      0.00      0.00       0       0   0.00  migration/1
02:45:38 AM     0        19    0.00    0.00    0.00    0.00    0.00     1      0.00      0.00       0       0   0.00  ksoftirqd/1
02:45:38 AM     0        22    0.00    0.00    0.00    0.00    0.00     2      0.00      0.00       0       0   0.00  cpuhp/2
02:45:38 AM     0        23    0.00    0.00    0.00    0.00    0.00     2      0.00      0.00       0       0   0.00  migration/2
02:45:38 AM     0        24    0.00    0.00    0.00    1.00    0.00     2      0.00      0.00       0       0   0.00  ksoftirqd/2
02:45:38 AM     0        27    0.00    0.00    0.00    0.00    0.00     3      0.00      0.00       0       0   0.00  cpuhp/3
02:45:38 AM     0        28    0.00    0.00    0.00    0.00    0.00     3      0.00      0.00       0       0   0.00  migration/3
02:45:38 AM     0        29    0.00    0.00    0.00    0.00    0.00     3      0.00      0.00       0       0   0.00  ksoftirqd/3
02:45:38 AM     0        32    0.00    0.00    0.00    0.00    0.00     4      0.00      0.00       0       0   0.00  cpuhp/4
02:45:38 AM     0        33    0.00    0.00    0.00    0.00    0.00     4      0.00      0.00       0       0   0.00  migration/4
02:45:38 AM     0        34    0.00    0.00    0.00    0.00    0.00     4      0.00      0.00       0       0   0.00  ksoftirqd/4
02:45:38 AM     0        36    0.00    0.00    0.00    0.00    0.00     4      0.00      0.00       0       0   0.00  kworker/4:0H-kblockd
02:45:38 AM     0        37    0.00    0.00    0.00    0.00    0.00     5      0.00      0.00       0       0   0.00  cpuhp/5
02:45:38 AM     0        38    0.00    0.00    0.00    0.00    0.00     5      0.00      0.00       0       0   0.00  migration/5
02:45:38 AM     0        39    0.00    0.00    0.00    0.00    0.00     5      0.00      0.00       0       0   0.00  ksoftirqd/5
02:45:38 AM     0        41    0.00    0.00    0.00    0.00    0.00     5      0.00      0.00       0       0   0.00  kworker/5:0H-kblockd
02:45:38 AM     0        42    0.00    0.00    0.00    0.00    0.00     6      0.00      0.00       0       0   0.00  cpuhp/6
02:45:38 AM     0        43    0.00    0.00    0.00    0.00    0.00     6      0.00      0.00       0       0   0.00  migration/6
02:45:38 AM     0        44    0.00    0.00    0.00    0.00    0.00     6      0.00      0.00       0       0   0.00  ksoftirqd/6
02:45:38 AM     0        46    0.00    0.00    0.00    0.00    0.00     6      0.00      0.00       0       0   0.00  kworker/6:0H-events_highpri
02:45:38 AM     0        47    0.00    0.00    0.00    0.00    0.00     7      0.00      0.00       0       0   0.00  cpuhp/7
02:45:38 AM     0        48    0.00    0.00    0.00    0.00    0.00     7      0.00      0.00       0       0   0.00  migration/7
02:45:38 AM     0        49    0.00    0.00    0.00    0.00    0.00     7      0.00      0.00       0       0   0.00  ksoftirqd/7
02:45:38 AM     0        50    0.00    0.00    0.00    0.00    0.00     0      0.00      0.00       0       0   0.00  kworker/7:0-rcu_gp
02:45:38 AM     0        51    0.00    0.00    0.00    0.00    0.00     7      0.00      0.00       0       0   0.00  kworker/7:0H-kblockd
02:45:38 AM     0        52    0.00    0.00    0.00    0.00    0.00     0      0.00      0.00       0       0   0.00  kdevtmpfs
02:45:38 AM     0        53    0.00    0.00    0.00    0.00    0.00     4      0.00      0.00       0       0   0.00  netns
02:45:38 AM     0        54    0.00    0.00    0.00    0.00    0.00     1      0.00      0.00       0       0   0.00  kauditd
02:45:38 AM     0        55    0.00    0.00    0.00    0.00    0.00     0      0.00      0.00       0       0   0.00  irq/87-mc_statu
02:45:38 AM     0        56    0.00    0.00    0.00    0.00    0.00     2      0.00      0.00       0       0   0.00  khungtaskd
02:45:38 AM     0        57    0.00    0.00    0.00    0.00    0.00     3      0.00      0.00       0       0   0.00  oom_reaper
02:45:38 AM     0        58    0.00    0.00    0.00    0.00    0.00     5      0.00      0.00       0       0   0.00  writeback
02:45:38 AM     0        59    0.00    0.00    0.00    0.00    0.00     3      0.00      0.00       0       0   0.00  kcompactd0
02:45:38 AM     0        60    0.00    0.00    0.00    0.00    0.00     1      0.00      0.00       0       0   0.00  ksmd
02:45:38 AM     0        61    0.00    0.00    0.00    0.00    0.00     0      0.00      0.00       0       0   0.00  khugepaged
02:45:38 AM     0        93    0.00    0.00    0.00    0.00    0.00     1      0.00      0.00       0       0   0.00  kintegrityd
02:45:38 AM     0        94    0.00    0.00    0.00    0.00    0.00     1      0.00      0.00       0       0   0.00  kblockd
02:45:38 AM     0        95    0.00    0.00    0.00    0.00    0.00     1      0.00      0.00       0       0   0.00  blkcg_punt_bio
02:45:38 AM     0        97    0.00    0.00    0.00    0.00    0.00     3      0.00      0.00       0       0   0.00  tpm_dev_wq
02:45:38 AM     0        98    0.00    0.00    0.00    0.00    0.00     0      0.00      0.00       0       0   0.00  irq/197-30c0000
02:45:38 AM     0        99    0.00    0.00    0.00    0.00    0.00     1      0.00      0.00       0       0   0.00  devfreq_wq
02:45:38 AM     0       100    0.00    0.00    0.00    0.00    0.00     1      0.00      0.00       0       0   0.00  watchdogd
02:45:38 AM     0       104    0.00    0.00    0.00    0.00    0.00     7      0.00      0.00       0       0   0.00  rpciod
02:45:38 AM     0       106    0.00    0.00    0.00    0.00    0.00     7      0.00      0.00       0       0   0.00  xprtiod
02:45:38 AM     0       108    0.00    0.00    0.00    0.00    0.00     7      0.00      0.00       0       0   0.00  kswapd0
02:45:38 AM     0       109    0.00    0.00    0.00    0.00    0.00     5      0.00      0.00       0       0   0.00  nfsiod
02:45:38 AM     0       112    0.00    0.00    0.00    0.00    0.00     1      0.00      0.00       0       0   0.00  kthrotld
02:45:38 AM     0       113    0.00    0.00    0.00    0.00    0.00     7      0.00      0.00       0       0   0.00  kpcitest
02:45:38 AM     0       116    0.00    0.00    0.00    0.00    0.00     5      0.00      0.00       0       0   0.00  kworker/5:1-events
02:45:38 AM     0       122    0.00    0.00    0.00    0.00    0.00     1      0.00      0.00       0       0   0.00  nvme-wq
02:45:38 AM     0       123    0.00    0.00    0.00    0.00    0.00     5      0.00      0.00       0       0   0.00  nvme-reset-wq
02:45:38 AM     0       124    0.00    0.00    0.00    0.00    0.00     6      0.00      0.00       0       0   0.00  nvme-delete-wq
02:45:38 AM     0       125    0.00    0.00    0.00    0.00    0.00     6      0.00      0.00       0       0   0.00  uas
02:45:38 AM     0       126    0.00    0.00    0.00    0.00    0.00     0      0.00      0.00       0       0   0.00  irq/222-tegra_r
02:45:38 AM     0       127    0.00    0.00    0.00    0.00    0.00     0      0.00      0.00       0       0   0.00  kworker/7:2-events
02:45:38 AM     0       129    0.00    0.00    0.00    0.00    0.00     0      0.00      0.00       0       0   0.00  irq/86-tegra-oc
02:45:38 AM     0       130    0.00    0.00    0.00    0.00    0.00     5      0.00      0.00       0       0   0.00  dm_bufio_cache
02:45:38 AM     0       131    0.00    0.00    0.00    0.00    0.00     0      0.00      0.00       0       0   0.00  irq/223-max7762
02:45:38 AM     0       140    0.00    0.00    0.00    0.00    0.00     0      0.00      0.00       0       0   0.00  irq/55-bc00000.
02:45:38 AM     0       143    0.00    0.00    0.00    0.00    0.00     0      0.00      0.00       0       0   0.00  ipv6_addrconf
02:45:38 AM     0       144    0.00    0.00    0.00    0.00    0.00     6      0.00      0.00       0       0   0.00  krfcommd
02:45:38 AM     0       145    0.00    0.00    0.00    0.00    0.00     0      0.00      0.00       0       0   0.00  kstrp
02:45:38 AM     0       150    0.00    0.00    0.00    0.00    0.00     0      0.00      0.00       0       0   0.00  irq/24-tegra-pc
02:45:38 AM     0       154    0.00    0.00    0.00    0.00    0.00     0      0.00      0.00       0       0   0.00  irq/26-tegra-pc
02:45:38 AM     0       160    0.00    0.00    0.00    0.00    0.00     0      0.00      0.00       0       0   0.00  irq/26-aerdrv
02:45:38 AM     0       161    0.00    0.00    0.00    0.00    0.00     0      0.00      0.00       0       0   0.00  irq/28-tegra-pc
02:45:38 AM     0       162    0.00    0.00    0.00    0.00    0.00     0      0.00      0.00       0       0   0.00  irq/28-aerdrv
02:45:38 AM     0       163    0.00    0.00    0.00    0.00    0.00     5      0.00      0.00       0       0   0.00  host_low_prio_w
02:45:38 AM     0       164    0.00    1.00    0.00    0.00    1.00     0      0.00      0.00       0       0   0.00  irq/57-host_syn
02:45:38 AM     0       165    0.00    0.00    0.00    0.00    0.00     0      0.00      0.00       0       0   0.00  irq/58-host_sta
02:45:38 AM     0       173    0.00    0.00    0.00    0.00    0.00     5      0.00      0.00       0       0   0.00  pva_task_status
02:45:38 AM     0       174    0.00    0.00    0.00    0.00    0.00     0      0.00      0.00       0       0   0.00  irq/75-pva-isr
02:45:38 AM     0       175    0.00    0.00    0.00    0.00    0.00     0      0.00      0.00       0       0   0.00  pva_task_status
02:45:38 AM     0       176    0.00    0.00    0.00    0.00    0.00     0      0.00      0.00       0       0   0.00  irq/76-pva-isr
02:45:38 AM     0       185    0.00    0.00    0.00    0.00    0.00     0      0.00      0.00       0       0   0.00  sdhci
02:45:38 AM     0       186    0.00    0.00    0.00    0.00    0.00     0      0.00      0.00       0       0   0.00  irq/39-mmc0
02:45:38 AM     0       187    0.00    0.00    0.00    0.00    0.00     2      0.00      0.00       0       0   0.00  sdhci
02:45:38 AM     0       189    0.00    0.00    0.00    0.00    0.00     0      0.00      0.00       0       0   0.00  irq/40-mmc1
02:45:38 AM     0       195    0.00    0.00    0.00    0.00    0.00     7      0.00      0.00       0       0   0.00  scsi_eh_0
02:45:38 AM     0       196    0.00    0.00    0.00    0.00    0.00     7      0.00      0.00       0       0   0.00  scsi_tmf_0
02:45:38 AM     0       197    0.00    0.00    0.00    0.00    0.00     0      0.00      0.00       0       0   0.00  kworker/5:2-events
02:45:38 AM     0       198    0.00    0.00    0.00    0.00    0.00     0      0.00      0.00       0       0   0.00  irq/67-15200000
02:45:38 AM     0       199    0.00    0.00    0.00    0.00    0.00     1      0.00      0.00       0       0   0.00  tegradc.0/a
02:45:38 AM     0       200    0.00    0.00    0.00    0.00    0.00     0      0.00      0.00       0       0   0.00  tegradc.0/b
02:45:38 AM     0       201    0.00    0.00    0.00    0.00    0.00     0      0.00      0.00       0       0   0.00  tegradc.0/c
02:45:38 AM     0       202    0.00    0.00    0.00    0.00    0.00     0      0.00      0.00       0       0   0.00  tegradc.0/d
02:45:38 AM     0       203    0.00    0.00    0.00    0.00    0.00     0      0.00      0.00       0       0   0.00  tegradc.0/e
02:45:38 AM     0       204    0.00    0.00    0.00    0.00    0.00     0      0.00      0.00       0       0   0.00  tegradc.0/f
02:45:38 AM     0       205    0.00    0.00    0.00    0.00    0.00     0      0.00      0.00       0       0   0.00  tegradc.0/sl
02:45:38 AM     0       206    0.00    0.00    0.00    0.00    0.00     0      0.00      0.00       0       0   0.00  irq/62-15200000
02:45:38 AM     0       207    0.00    0.00    0.00    0.00    0.00     0      0.00      0.00       0       0   0.00  irq/276-3400000
02:45:38 AM     0       208    0.00    0.00    0.00    0.00    0.00     0      0.00      0.00       0       0   0.00  ufs_eh_wq_0
02:45:38 AM     0       209    0.00    0.00    0.00    0.00    0.00     3      0.00      0.00       0       0   0.00  mmc_complete
02:45:38 AM     0       211    0.00    0.00    0.00    0.00    0.00     0      0.00      0.00       0       0   0.00  irq/278-1520000
02:45:38 AM     0       212    0.00    0.00    0.00    0.00    0.00     0      0.00      0.00       0       0   0.00  irq/203-3610000
02:45:38 AM     0       213    0.00    0.00    0.00    0.00    0.00     0      0.00      0.00       0       0   0.00  irq/221-3610000
02:45:38 AM     0       214    0.00    0.00    0.00    0.00    0.00     0      0.00      0.00       0       0   0.00  irq/30-tegra-pc
02:45:38 AM     0       216    0.00    0.00    0.00    0.00    0.00     0      0.00      0.00       0       0   0.00  kworker/4:3-events
02:45:38 AM     0       218    0.00    0.00    0.00    0.00    0.00     4      0.00      0.00       0       0   0.00  kworker/4:5-events
02:45:38 AM     0       221    0.00    0.00    0.00    0.00    0.00     0      0.00      0.00       0       0   0.00  kworker/6:12-events
02:45:38 AM     0       222    0.00    0.00    0.00    0.00    0.00     0      0.00      0.00       0       0   0.00  kworker/6:13-events
02:45:38 AM     0       225    0.00    0.00    0.00    0.00    0.00     0      0.00      0.00       0       0   0.00  irq/68-tegra_dp
02:45:38 AM     0       226    0.00    0.00    0.00    0.00    0.00     0      0.00      0.00       0       0   0.00  irq/65-15210000
02:45:38 AM     0       227    0.00    0.00    0.00    0.00    0.00     0      0.00      0.00       0       0   0.00  tegradc.1/a
02:45:38 AM     0       228    0.00    0.00    0.00    0.00    0.00     0      0.00      0.00       0       0   0.00  tegradc.1/b
02:45:38 AM     0       229    0.00    0.00    0.00    0.00    0.00     0      0.00      0.00       0       0   0.00  tegradc.1/c
02:45:38 AM     0       230    0.00    0.00    0.00    0.00    0.00     0      0.00      0.00       0       0   0.00  tegradc.1/d
02:45:38 AM     0       231    0.00    0.00    0.00    0.00    0.00     0      0.00      0.00       0       0   0.00  tegradc.1/e
02:45:38 AM     0       232    0.00    0.00    0.00    0.00    0.00     0      0.00      0.00       0       0   0.00  tegradc.1/f
02:45:38 AM     0       233    0.00    0.00    0.00    0.00    0.00     1      0.00      0.00       0       0   0.00  tegradc.1/sl
02:45:38 AM     0       234    0.00    0.00    0.00    0.00    0.00     0      0.00      0.00       0       0   0.00  irq/63-15210000
02:45:38 AM     0       249    0.00    0.00    0.00    0.00    0.00     0      0.00      0.00       0       0   0.00  irq/56-d230000.
02:45:38 AM     0       250    0.00    0.00    0.00    0.00    0.00     0      0.00      0.00       0       0   0.00  irq/69-tegra_dp
02:45:38 AM     0       251    0.00    0.00    0.00    0.00    0.00     0      0.00      0.00       0       0   0.00  irq/66-15220000
02:45:38 AM     0       252    0.00    0.00    0.00    0.00    0.00     0      0.00      0.00       0       0   0.00  tegradc.2/a
02:45:38 AM     0       253    0.00    0.00    0.00    0.00    0.00     0      0.00      0.00       0       0   0.00  tegradc.2/b
02:45:38 AM     0       254    0.00    0.00    0.00    0.00    0.00     0      0.00      0.00       0       0   0.00  tegradc.2/c
02:45:38 AM     0       255    0.00    0.00    0.00    0.00    0.00     0      0.00      0.00       0       0   0.00  tegradc.2/d
02:45:38 AM     0       256    0.00    0.00    0.00    0.00    0.00     0      0.00      0.00       0       0   0.00  tegradc.2/e
02:45:38 AM     0       257    0.00    0.00    0.00    0.00    0.00     0      0.00      0.00       0       0   0.00  tegradc.2/f
02:45:38 AM     0       258    0.00    0.00    0.00    0.00    0.00     0      0.00      0.00       0       0   0.00  tegradc.2/sl
02:45:38 AM     0       259    0.00    0.00    0.00    0.00    0.00     0      0.00      0.00       0       0   0.00  irq/64-15220000
02:45:38 AM     0       275    0.00    0.00    0.00    0.00    0.00     3      0.00      0.00       0       0   0.00  jbd2/mmcblk0p1-
02:45:38 AM     0       276    0.00    0.00    0.00    0.00    0.00     3      0.00      0.00       0       0   0.00  ext4-rsv-conver
02:45:38 AM     0       280    0.00    0.00    0.00    0.00    0.00     7      0.00      0.00       0       0   0.00  kworker/7:1H
02:45:38 AM     0       286    0.00    0.00    0.00    0.00    0.00     5      0.00      0.00       0       0   0.00  kworker/5:1H-kblockd
02:45:38 AM     0       312    0.00    0.00    0.00    0.00    0.00     1      0.00      0.00   61816   31808   0.10  systemd-journal
02:45:38 AM     0       338    0.00    3.00    0.00   16.00    3.00     1      0.00      0.00       0       0   0.00  nvmap-bz
02:45:38 AM     0       339    0.00    0.00    0.00    0.00    0.00     0      0.00      0.00       0       0   0.00  irq/204-gk20a_s
02:45:38 AM     0       340    0.00    0.00    0.00    0.00    0.00     0      0.00      0.00       0       0   0.00  irq/205-gk20a_n
02:45:38 AM     0       345    0.00    0.00    0.00    0.00    0.00     3      0.00      0.00    2776    1492   0.00  tee-supplicant
02:45:38 AM     0       347    0.00    0.00    0.00    0.00    0.00     3      0.00      0.00       0       0   0.00  optee_bus_scan
02:45:38 AM     0       358    0.00    0.00    0.00    0.00    0.00     3      0.00      0.00   22788    7532   0.02  systemd-udevd
02:45:38 AM     0       364    0.00    0.00    0.00    0.00    0.00     1      0.00      0.00    7948    4892   0.02  haveged
02:45:38 AM   126       365    0.00    0.00    0.00    0.00    0.00     3      0.00      0.00    7136    3108   0.01  rpcbind
02:45:38 AM   105       366    0.00    0.00    0.00    0.00    0.00     1      0.00      0.00   25592   13288   0.04  systemd-resolve
02:45:38 AM   103       367    0.00    0.00    0.00    0.00    0.00     1      0.00      0.00   90672    6220   0.02  systemd-timesyn
02:45:38 AM     0       407    0.00    0.00    0.00    0.00    0.00     5      0.00      0.00       0       0   0.00  cfg80211
02:45:38 AM     0       410    0.00    0.00    0.00    0.00    0.00     0      0.00      0.00       0       0   0.00  irq/42-3210000.
02:45:38 AM     0       412    0.00    0.00    0.00    0.00    0.00     2      0.00      0.00       0       0   0.00  spi0
02:45:38 AM     0       413    0.00   15.00    0.00    0.00   15.00     1      0.00      0.00       0       0   0.00  irq/282-iwlwifi
02:45:38 AM     0       416    0.00    0.00    0.00    0.00    0.00     4      0.00      0.00       0       0   0.00  ata_sff
02:45:38 AM     0       419    0.00    0.00    0.00    0.00    0.00     0      0.00      0.00       0       0   0.00  irq/43-c260000.
02:45:38 AM     0       420    0.00    0.00    0.00    0.00    0.00     6      0.00      0.00       0       0   0.00  scsi_eh_1
02:45:38 AM     0       422    0.00    0.00    0.00    0.00    0.00     6      0.00      0.00       0       0   0.00  scsi_tmf_1
02:45:38 AM     0       427    0.00    0.00    0.00    0.00    0.00     0      0.00      0.00       0       0   0.00  spi1
02:45:38 AM     0       430    0.00    0.00    0.00    0.00    0.00     3      0.00      0.00  242072    8880   0.03  accounts-daemon
02:45:38 AM   120       439    0.00    0.00    0.00    0.00    0.00     0      0.00      0.00    7084    3472   0.01  avahi-daemon
02:45:38 AM     0       441    0.00    0.00    0.00    0.00    0.00     3      0.00      0.00    9220    2516   0.01  cron
02:45:38 AM   106       443    0.00    0.00    0.00    0.00    0.00     3      0.00      0.00    9396    5264   0.02  dbus-daemon
02:45:38 AM     0       447    0.00    0.00    0.00    0.00    0.00     1      0.00      0.00  341244   20856   0.07  NetworkManager
02:45:38 AM     0       456    0.00    0.00    0.00    0.00    0.00     4      0.00      0.00   38300   19472   0.06  networkd-dispat
02:45:38 AM     0       473    0.00    0.00    0.00    0.00    0.00     2      0.00      0.00  238860   13352   0.04  polkitd
02:45:38 AM   125       483    0.00    0.00    0.00    0.00    0.00     3      0.00      0.00  220940    8288   0.03  rsyslogd
02:45:38 AM     0       503    0.00    0.00    0.00    0.00    0.00     2      0.00      0.00  235864    4364   0.01  switcheroo-cont
02:45:38 AM     0       514    0.00    0.00    0.00    0.00    0.00     2      0.00      0.00   17076    6760   0.02  systemd-logind
02:45:38 AM     0       523    0.00    0.00    0.00    0.00    0.00     1      0.00      0.00  395556   15676   0.05  udisksd
02:45:38 AM     0       528    0.00    0.00    0.00    0.00    0.00     1      0.00      0.00   12784    8052   0.03  wpa_supplicant
02:45:38 AM     0       548    0.00    0.00    0.00    0.00    0.00     0      0.00      0.00       0       0   0.00  sugov:0
02:45:38 AM   120       555    0.00    0.00    0.00    0.00    0.00     2      0.00      0.00    6896     324   0.00  avahi-daemon
02:45:38 AM     0       585    0.00    0.00    0.00    0.00    0.00     5      0.00      0.00       0       0   0.00  tmp451
02:45:38 AM     0       597    0.00    0.00    0.00    0.00    0.00     3      0.00      0.00       0       0   0.00  irq/286-1-0008
02:45:38 AM     0       600    0.00    0.00    0.00    0.00    0.00     2      0.00      0.00  321792   14480   0.05  ModemManager
02:45:38 AM     0       653    0.00    0.00    0.00    0.00    0.00     0      0.00      0.00    2476     604   0.00  nvfancontrol
02:45:38 AM     0       728    0.00    0.00    0.00    0.00    0.00     4      0.00      0.00       0       0   0.00  adspp_kthread
02:45:38 AM     0       779    0.00    0.00    0.00    0.00    0.00     6      0.00      0.00       0       0   0.00  kworker/6:2H-kblockd
02:45:38 AM     0       876    0.00    0.00    0.00    0.00    0.00     1      0.00      0.00       0       0   0.00  irq/289-2490000
02:45:38 AM     0       887    0.00    0.00    0.00    0.00    0.00     0      0.00      0.00       0       0   0.00  irq/32-eth0.com
02:45:38 AM     0       919    0.00    0.00    0.00    0.00    0.00     4      0.00      0.00       0       0   0.00  file-storage
02:45:38 AM     0       953    0.00    0.00    0.00    0.00    0.00     1      0.00      0.00       0       0   0.00  loop0
02:45:38 AM     0      1048    0.00    0.00    0.00    0.00    0.00     4      0.00      0.00       0       0   0.00  kworker/4:2H-kblockd
02:45:38 AM     0      1091    0.00    0.00    0.00    0.00    0.00     3      0.00      0.00       0       0   0.00  cryptd
02:45:38 AM     0      1147    0.00    0.00    0.00    0.00    0.00     2      0.00      0.00       0       0   0.00  sw-quiesce
02:45:38 AM     0      1148    0.00    0.00    0.00    0.00    0.00     3      0.00      0.00       0       0   0.00  nvgpu_channel_p
02:45:38 AM     0      1151    0.00    0.00    0.00    0.00    0.00     3      0.00      0.00       0       0   0.00  nvgpu_nvs_gv11b
02:45:38 AM     0      1153    0.00    0.00    0.00    0.00    0.00     0      0.00      0.00       0       0   0.00  nvgpu_pg_init_g
02:45:38 AM     0      1157    0.00    0.00    0.00    0.00    0.00     2      0.00      0.00       0       0   0.00  nvgpu_clk_arb_p
02:45:38 AM     0      1162    0.00    0.00    0.00    0.00    0.00     3      0.00      0.00       0       0   0.00  irq/288-rt5659
02:45:38 AM     0      1270    0.00    0.00    0.00    0.00    0.00     3      0.00      0.00   55688   11092   0.03  nvargus-daemon
02:45:38 AM     0      1273    0.00    0.00    0.00    0.00    0.00     3      0.00      0.00   21932    1552   0.00  nvs-service
02:45:38 AM     0      1298    0.00    0.00    0.00    0.00    0.00     1      0.00      0.00 2007972   50424   0.16  containerd
02:45:38 AM     0      1314    0.00    0.00    0.00    0.00    0.00     0      0.00      0.00  240032    7616   0.02  gdm3
02:45:38 AM   108      1326    0.00    0.00    0.00    0.00    0.00     2      0.00      0.00   11468    1896   0.01  kerneloops
02:45:38 AM     0      1327    0.00    0.00    0.00    0.00    0.00     3      0.00      0.00   12236    6576   0.02  sshd
02:45:38 AM     0      1336    0.00    0.00    0.00    0.00    0.00     0      0.00      0.00    7688    1876   0.01  agetty
02:45:38 AM     0      1337    0.00    0.00    0.00    0.00    0.00     2      0.00      0.00    7688    1904   0.01  agetty
02:45:38 AM   108      1339    0.00    0.00    0.00    0.00    0.00     0      0.00      0.00   11468    1820   0.01  kerneloops
02:45:38 AM     0      1340    0.00    0.00    0.00    0.00    0.00     3      0.00      0.00    9216    2824   0.01  nvgetty.sh
02:45:38 AM     0      1379    0.00    0.00    0.00    0.00    0.00     0      0.00      0.00    7688    1848   0.01  getty
02:45:38 AM     0      1554    0.00    0.00    0.00    0.00    0.00     2      0.00      0.00 2111796   85472   0.27  dockerd
02:45:38 AM     0      1677    0.00    0.00    0.00    0.00    0.00     1      0.00      0.00  168472    8256   0.03  gdm-session-wor
02:45:38 AM     0      1711    0.00    0.00    0.00    0.00    0.00     0      0.00      0.00    3248     808   0.00  nvphsd
02:45:38 AM     0      1716    0.00    0.00    0.00    0.00    0.00     3      0.00      0.00    3380    1788   0.01  nvphsd
02:45:38 AM   124      1789    0.00    0.00    0.00    0.00    0.00     3      0.00      0.00   19144    9224   0.03  systemd
02:45:38 AM   124      1804    0.00    0.00    0.00    0.00    0.00     3      0.00      0.00  104488    5436   0.02  (sd-pam)
02:45:38 AM   124      2014    0.00    0.00    0.00    0.00    0.00     0      0.00      0.00  961884   21984   0.07  pulseaudio
02:45:38 AM   124      2032    0.00    0.00    0.00    0.00    0.00     2      0.00      0.00  164156    5924   0.02  gdm-x-session
02:45:38 AM   124      2037    0.00    0.00    0.00    0.00    0.00     1      0.00      0.00 25330232   99256   0.31  Xorg
02:45:38 AM   118      2040    0.00    0.00    0.00    0.00    0.00     1      0.00      0.00  152516    2440   0.01  rtkit-daemon
02:45:38 AM   124      2162    0.00    0.00    0.00    0.00    0.00     2      0.00      0.00    7812    3448   0.01  dbus-daemon
02:45:38 AM   124      2428    0.00    0.00    0.00    0.00    0.00     0      0.00      0.00    4776    1164   0.00  dbus-run-sessio
02:45:38 AM   124      2429    0.00    0.00    0.00    0.00    0.00     2      0.00      0.00    8088    4104   0.01  dbus-daemon
02:45:38 AM   124      2438    0.00    0.00    0.00    0.00    0.00     2      0.00      0.00  559768   14932   0.05  gnome-session-b
02:45:38 AM     0      2457    0.00    0.00    0.00    0.00    0.00     2      0.00      0.00  101692   19628   0.06  jtop
02:45:38 AM   124      2463    0.00    0.00    0.00    0.00    0.00     3      0.00      0.00  309548   10092   0.03  at-spi-bus-laun
02:45:38 AM   124      2470    0.00    0.00    0.00    0.00    0.00     1      0.00      0.00    7676    3468   0.01  dbus-daemon
02:45:38 AM   124      2495    0.00    0.00    0.00    0.00    0.00     1      0.00      0.00 4022996  194908   0.61  gnome-shell
02:45:38 AM     0      2510    0.00    0.00    0.00    0.00    0.00     0      0.00      0.00  175424   16904   0.05  jtop
02:45:38 AM     0      2518    0.00    0.00    0.00    0.00    0.00     2      0.00      0.00  101692   17160   0.05  jtop
02:45:38 AM   124      2696    0.00    0.00    0.00    0.00    0.00     0      0.00      0.00  314420   11212   0.04  ibus-daemon
02:45:38 AM   124      2699    0.00    0.00    0.00    0.00    0.00     2      0.00      0.00  239960   11792   0.04  ibus-dconf
02:45:38 AM   124      2701    0.00    0.00    0.00    0.00    0.00     2      0.00      0.00  189920   16900   0.05  ibus-x11
02:45:38 AM   124      2704    0.00    0.00    0.00    0.00    0.00     3      0.00      0.00  239880    7776   0.02  ibus-portal
02:45:38 AM   124      2715    0.00    0.00    0.00    0.00    0.00     1      0.00      0.00  161420    6880   0.02  at-spi2-registr
02:45:38 AM   124      2719    0.00    0.00    0.00    0.00    0.00     3      0.00      0.00  235804    4672   0.01  xdg-permission-
02:45:38 AM     0      2725    0.00    0.00    0.00    0.00    0.00     3      0.00      0.00  252944    8776   0.03  upowerd
02:45:38 AM   124      2745    0.00    0.00    0.00    0.00    0.00     2      0.00      0.00 3001620   27244   0.09  gjs
02:45:38 AM   124      2764    0.00    0.00    0.00    0.00    0.00     2      0.00      0.00  469396   14236   0.04  gsd-sharing
02:45:38 AM   124      2765    0.00    0.00    0.00    0.00    0.00     1      0.00      0.00  334628   15072   0.05  gsd-wacom
02:45:38 AM   124      2768    0.00    0.00    0.00    0.00    0.00     2      0.00      0.00  571788   19844   0.06  gsd-color
02:45:38 AM   124      2772    0.00    0.00    0.00    0.00    0.00     3      0.00      0.00  338096   17824   0.06  gsd-keyboard
02:45:38 AM   124      2774    0.00    0.00    0.00    0.00    0.00     2      0.00      0.00  322508   11376   0.04  gsd-print-notif
02:45:38 AM   124      2779    0.00    0.00    0.00    0.00    0.00     3      0.00      0.00  166208    7736   0.02  ibus-engine-sim
02:45:38 AM   124      2780    0.00    0.00    0.00    0.00    0.00     1      0.00      0.00  457460    7996   0.03  gsd-rfkill
02:45:38 AM   124      2782    0.00    0.00    0.00    0.00    0.00     1      0.00      0.00  391976    9696   0.03  gsd-smartcard
02:45:38 AM   124      2784    0.00    0.00    0.00    0.00    0.00     2      0.00      0.00  374928   15372   0.05  gsd-datetime
02:45:38 AM   124      2790    0.00    0.00    0.00    0.00    0.00     3      0.00      0.00  679696   20032   0.06  gsd-media-keys
02:45:38 AM   124      2791    0.00    0.00    0.00    0.00    0.00     3      0.00      0.00  235772    5600   0.02  gsd-screensaver
02:45:38 AM   124      2793    0.00    0.00    0.00    0.00    0.00     3      0.00      0.00  320104    9452   0.03  gsd-sound
02:45:38 AM   124      2795    0.00    0.00    0.00    0.00    0.00     3      0.00      0.00  313652   10144   0.03  gsd-a11y-settin
02:45:38 AM   124      2799    0.00    0.00    0.00    0.00    0.00     2      0.00      0.00  313992   10540   0.03  gsd-housekeepin
02:45:38 AM   124      2802    0.00    0.00    0.00    0.00    0.00     1      0.00      0.00  339724   18828   0.06  gsd-power
02:45:38 AM   124      2824    0.00    0.00    0.00    0.00    0.00     2      0.00      0.00  342540   12784   0.04  gsd-printer
02:45:38 AM   119      2837    0.00    0.00    0.00    0.00    0.00     2      0.00      0.00  249328   17548   0.06  colord
02:45:38 AM     0     29120    0.00    0.00    0.00    0.00    0.00     3      0.00      0.00       0       0   0.00  kworker/u17:2
02:45:38 AM     0     33852    0.00    0.00    0.00    0.00    0.00     1      0.00      0.00       0       0   0.00  kworker/1:0H-kblockd
02:45:38 AM     0     35048    0.00    0.00    0.00    0.00    0.00     1      0.00      0.00       0       0   0.00  kworker/u17:0-rb_allocator
02:45:38 AM  1000     39960    0.00    0.00    0.00    0.00    0.00     2      0.00      0.00   19248    9208   0.03  systemd
02:45:38 AM  1000     39961    0.00    0.00    0.00    0.00    0.00     2      0.00      0.00  170940    6304   0.02  (sd-pam)
02:45:38 AM  1000     40037    0.00    0.00    0.00    0.00    0.00     3      0.00      0.00    7812    3952   0.01  dbus-daemon
02:45:38 AM     0     40147    0.00    0.00    0.00    0.00    0.00     1      0.00      0.00       0       0   0.00  kworker/1:0-pm
02:45:38 AM     0     40174    0.00    0.00    0.00    0.00    0.00     2      0.00      0.00       0       0   0.00  kworker/2:2H-kblockd
02:45:38 AM     0     40194    0.00    0.00    0.00    0.00    0.00     3      0.00      0.00       0       0   0.00  kworker/3:0H-kblockd
02:45:38 AM     0     41650    0.00    0.00    0.00    0.00    0.00     3      0.00      0.00       0       0   0.00  kworker/3:0-events
02:45:38 AM     0     43913    0.00    0.00    0.00    0.00    0.00     2      0.00      0.00   14768    7560   0.02  sshd
02:45:38 AM  1000     43958    0.00    0.00    0.00    0.00    0.00     0      0.00      0.00   15292    6400   0.02  sshd
02:45:38 AM  1000     43959    0.00    0.00    0.00    0.00    0.00     1      0.00      0.00   11344    5444   0.02  bash
02:45:38 AM     0     50050    0.00    0.00    0.00    0.00    0.00     2      0.00      0.00   14768    7572   0.02  sshd
02:45:38 AM  1000     50094    0.00    0.00    0.00    0.00    0.00     3      0.00      0.00   15292    6428   0.02  sshd
02:45:38 AM  1000     50095    0.00    0.00    0.00    0.00    0.00     2      0.00      0.00   11344    5448   0.02  bash
02:45:38 AM     0     81462    0.00    0.00    0.00    0.00    0.00     2      0.00      0.00       0       0   0.00  kworker/2:2-events
02:45:38 AM     0     81478    0.00    0.00    0.00    0.00    0.00     0      0.00      0.00       0       0   0.00  kworker/0:1H-kblockd
02:45:38 AM  1000     84840    0.00    0.00    0.00    0.00    0.00     3      0.00      0.00  240176   10088   0.03  gnome-keyring-d
02:45:38 AM   124     84900    0.00    0.00    0.00    0.00    0.00     1      0.00      0.00  156240    4584   0.01  dconf-service
02:45:38 AM     0     85427    0.00    0.00    0.00    0.00    0.00     0      0.00      0.00       0       0   0.00  kworker/0:2-events
02:45:38 AM     0     86310    0.00    0.00    0.00    0.00    0.00     1      0.00      0.00       0       0   0.00  kworker/u16:1-events_unbound
02:45:38 AM     0     86312    0.00    0.00    0.00    0.00    0.00     3      0.00      0.00   14768    7564   0.02  sshd
02:45:38 AM  1000     86356    0.00    0.00    0.00    0.00    0.00     0      0.00      0.00   15292    6380   0.02  sshd
02:45:38 AM  1000     86357    0.00    0.00    0.00    0.00    0.00     1      0.00      0.00   11344    5440   0.02  bash
02:45:38 AM     0     86549    0.00    0.00    0.00    0.00    0.00     2      0.00      0.00   14768    7664   0.02  sshd
02:45:38 AM  1000     86593    1.00    3.00    0.00    4.00    4.00     1      0.00      0.00   15292    6480   0.02  sshd
02:45:38 AM  1000     86594    0.00    0.00    0.00    0.00    0.00     3      0.00      0.00   11860    5896   0.02  bash
02:45:38 AM     0     86632    0.00    0.00    0.00    0.00    0.00     3      0.00      0.00       0       0   0.00  kworker/3:2
02:45:38 AM     0     87290    0.00    0.00    0.00    0.00    0.00     0      0.00      0.00   14768    7584   0.02  sshd
02:45:38 AM  1000     87334    0.00    0.00    0.00    0.00    0.00     0      0.00      0.00   15292    6412   0.02  sshd
02:45:38 AM  1000     87335    0.00    0.00    0.00    0.00    0.00     2      0.00      0.00   11344    5436   0.02  bash
02:45:38 AM     0     89981    0.00    0.00    0.00    0.00    0.00     1      0.00      0.00       0       0   0.00  kworker/1:1-events
02:45:38 AM     0     95050    0.00    0.00    0.00    0.00    0.00     2      0.00      0.00       0       0   0.00  kworker/2:0-events
02:45:38 AM     0     96173    0.00    0.00    0.00    0.00    0.00     1      0.00      0.00       0       0   0.00  kworker/1:2-pm
02:45:38 AM     0     99494    0.00    0.00    0.00    0.00    0.00     3      0.00      0.00       0       0   0.00  kworker/u16:3-events_unbound
02:45:38 AM     0    107801    0.00    0.00    0.00    0.00    0.00     1      0.00      0.00       0       0   0.00  kworker/1:2H
02:45:38 AM     0    122883    0.00    1.00    0.00    1.00    1.00     1      0.00      0.00       0       0   0.00  kworker/u16:2-events_unbound
02:45:38 AM     0    123203    0.00    0.00    0.00    0.00    0.00     3      0.00      0.00       0       0   0.00  kworker/3:2H
02:45:38 AM     0    124025    0.00    0.00    0.00    0.00    0.00     2      0.00      0.00       0       0   0.00  kworker/2:0H
02:45:38 AM     0    130503    0.00    0.00    0.00    0.00    0.00     0      0.00      0.00       0       0   0.00  kworker/0:0H
02:45:38 AM     0    130577    0.00    0.00    0.00    0.00    0.00     0      0.00      0.00       0       0   0.00  kworker/0:1-events
02:45:38 AM     0    130584    0.00    0.00    0.00    0.00    0.00     2      0.00      0.00   14768    7576   0.02  sshd
02:45:38 AM  1000    130628    1.00    2.00    0.00    1.00    3.00     2      0.00      0.00   16676    7816   0.02  sshd
02:45:38 AM  1000    130629    0.00    0.00    0.00    0.00    0.00     3      0.00      0.00   11344    5436   0.02  bash
02:45:38 AM  1000    130765    1.00    0.00    0.00    0.00    1.00     0      0.00      0.00  283948   43148   0.14  roslaunch
02:45:38 AM  1000    130773    0.00    0.00    0.00    0.00    0.00     1      0.00      0.00  797980   45664   0.14  rosmaster
02:45:38 AM  1000    130783    0.00    0.00    0.00    0.00    0.00     0      0.00      0.00  274964   10152   0.03  rosout
02:45:38 AM  1000    130790   90.00   73.00    0.00   28.00  163.00     3      0.00      0.00 34790064  698604   2.20  scale_truck_con
02:45:38 AM  1000    130791   23.00   69.00    0.00    0.00   92.00     2      0.00      0.00 1571432  113560   0.36  LRC
02:45:38 AM  1000    130854    8.00    7.00    0.00    0.00   15.00     0    528.00      0.00  724884   72408   0.23  python3
02:45:38 AM     0    131985    0.00    0.00    0.00    0.00    0.00     2      0.00      0.00       0       0   0.00  kworker/2:1H
02:45:38 AM     0    132214    0.00    0.00    0.00    0.00    0.00     1      0.00      0.00       0       0   0.00  kworker/1:1H
02:45:38 AM     0    133801    0.00    0.00    0.00    0.00    0.00     0      0.00      0.00       0       0   0.00  kworker/0:0-events
02:45:38 AM     0    137289    0.00    0.00    0.00    0.00    0.00     1      0.00      0.00       0       0   0.00  kworker/1:3
02:45:38 AM  1000    137686    0.00    0.00    0.00    0.00    0.00     1      0.00      0.00    7828     564   0.00  timeout
02:45:38 AM  1000    137689    0.00    0.00    0.00    0.00    0.00     1      0.00      0.00    9208    3064   0.01  bash
02:45:38 AM  1000    137690    0.00    0.00    0.00    0.00    0.00     3      0.00      0.00   68712   43028   0.14  rosbag
02:45:38 AM  1000    137878   16.00   25.00    0.00    0.00   41.00     2     37.00      0.00 1172076   24852   0.08  record
02:45:38 AM  1000    137884    0.00    0.00    0.00    0.00    0.00     1      0.00      0.00   68692   43012   0.14  rosbag
02:45:38 AM  1000    138038    3.00   15.00    0.00   20.00   18.00     0      0.00      0.00   17716   10256   0.03  pidstat
02:45:38 AM  1000    138084    3.00    9.00    0.00   12.00   12.00     2   1729.00      0.00  365380   27232   0.09  play

# Time        UID       PID    %usr %system  %guest   %wait    %CPU   CPU  minflt/s  majflt/s     VSZ     RSS   %MEM  Command
02:45:39 AM     0         1    0.00    0.00    0.00    0.00    0.00     0      0.00      0.00  169880   11540   0.04  systemd
02:45:39 AM     0         2    0.00    0.00    0.00    0.00    0.00     1      0.00      0.00       0       0   0.00  kthreadd
02:45:39 AM     0         3    0.00    0.00    0.00    0.00    0.00     0      0.00      0.00       0       0   0.00  rcu_gp
02:45:39 AM     0         4    0.00    0.00    0.00    0.00    0.00     0      0.00      0.00       0       0   0.00  rcu_par_gp
02:45:39 AM     0         8    0.00    0.00    0.00    0.00    0.00     0      0.00      0.00       0       0   0.00  mm_percpu_wq
02:45:39 AM     0         9    0.00    0.00    0.00    0.00    0.00     0      0.00      0.00       0       0   0.00  rcu_tasks_kthre
02:45:39 AM     0        10    0.00    0.00    0.00    0.00    0.00     0      0.00      0.00       0       0   0.00  rcu_tasks_rude_
02:45:39 AM     0        11    0.00    0.00    0.00    0.00    0.00     0      0.00      0.00       0       0   0.00  rcu_tasks_trace
02:45:39 AM     0        12    0.00    0.00    0.00    0.00    0.00     0      0.00      0.00       0       0   0.00  ksoftirqd/0
02:45:39 AM     0        13    0.00    0.00    0.00    0.00    0.00     0      0.00      0.00       0       0   0.00  rcu_preempt
02:45:39 AM     0        14    0.00    0.00    0.00    0.00    0.00     0      0.00      0.00       0       0   0.00  migration/0
02:45:39 AM     0        16    0.00    0.00    0.00    0.00    0.00     0      0.00      0.00       0       0   0.00  cpuhp/0
02:45:39 AM     0        17    0.00    0.00    0.00    0.00    0.00     1      0.00      0.00       0       0   0.00  cpuhp/1
02:45:39 AM     0        18    0.00    0.00    0.00    0.00    0.00     1      0.00      0.00       0       0   0.00  migration/1
02:45:39 AM     0        19    0.00    0.00    0.00    0.00    0.00     1      0.00      0.00       0       0   0.00  ksoftirqd/1
02:45:39 AM     0        22    0.00    0.00    0.00    0.00    0.00     2      0.00      0.00       0       0   0.00  cpuhp/2
02:45:39 AM     0        23    0.00    0.00    0.00    0.00    0.00     2      0.00      0.00       0       0   0.00  migration/2
02:45:39 AM     0        24    0.00    0.00    0.00    0.00    0.00     2      0.00      0.00       0       0   0.00  ksoftirqd/2
02:45:39 AM     0        27    0.00    0.00    0.00    0.00    0.00     3      0.00      0.00       0       0   0.00  cpuhp/3
02:45:39 AM     0        28    0.00    0.00    0.00    0.00    0.00     3      0.00      0.00       0       0   0.00  migration/3
02:45:39 AM     0        29    0.00    0.00    0.00    0.00    0.00     3      0.00      0.00       0       0   0.00  ksoftirqd/3
02:45:39 AM     0        32    0.00    0.00    0.00    0.00    0.00     4      0.00      0.00       0       0   0.00  cpuhp/4
02:45:39 AM     0        33    0.00    0.00    0.00    0.00    0.00     4      0.00      0.00       0       0   0.00  migration/4
02:45:39 AM     0        34    0.00    0.00    0.00    0.00    0.00     4      0.00      0.00       0       0   0.00  ksoftirqd/4
02:45:39 AM     0        36    0.00    0.00    0.00    0.00    0.00     4      0.00      0.00       0       0   0.00  kworker/4:0H-kblockd
02:45:39 AM     0        37    0.00    0.00    0.00    0.00    0.00     5      0.00      0.00       0       0   0.00  cpuhp/5
02:45:39 AM     0        38    0.00    0.00    0.00    0.00    0.00     5      0.00      0.00       0       0   0.00  migration/5
02:45:39 AM     0        39    0.00    0.00    0.00    0.00    0.00     5      0.00      0.00       0       0   0.00  ksoftirqd/5
02:45:39 AM     0        41    0.00    0.00    0.00    0.00    0.00     5      0.00      0.00       0       0   0.00  kworker/5:0H-kblockd
02:45:39 AM     0        42    0.00    0.00    0.00    0.00    0.00     6      0.00      0.00       0       0   0.00  cpuhp/6
02:45:39 AM     0        43    0.00    0.00    0.00    0.00    0.00     6      0.00      0.00       0       0   0.00  migration/6
02:45:39 AM     0        44    0.00    0.00    0.00    0.00    0.00     6      0.00      0.00       0       0   0.00  ksoftirqd/6
02:45:39 AM     0        46    0.00    0.00    0.00    0.00    0.00     6      0.00      0.00       0       0   0.00  kworker/6:0H-events_highpri
02:45:39 AM     0        47    0.00    0.00    0.00    0.00    0.00     7      0.00      0.00       0       0   0.00  cpuhp/7
02:45:39 AM     0        48    0.00    0.00    0.00    0.00    0.00     7      0.00      0.00       0       0   0.00  migration/7
02:45:39 AM     0        49    0.00    0.00    0.00    0.00    0.00     7      0.00      0.00       0       0   0.00  ksoftirqd/7
02:45:39 AM     0        50    0.00    0.00    0.00    0.00    0.00     0      0.00      0.00       0       0   0.00  kworker/7:0-rcu_gp
02:45:39 AM     0        51    0.00    0.00    0.00    0.00    0.00     7      0.00      0.00       0       0   0.00  kworker/7:0H-kblockd
02:45:39 AM     0        52    0.00    0.00    0.00    0.00    0.00     0      0.00      0.00       0       0   0.00  kdevtmpfs
02:45:39 AM     0        53    0.00    0.00    0.00    0.00    0.00     4      0.00      0.00       0       0   0.00  netns
02:45:39 AM     0        54    0.00    0.00    0.00    0.00    0.00     1      0.00      0.00       0       0   0.00  kauditd
02:45:39 AM     0        55    0.00    0.00    0.00    0.00    0.00     0      0.00      0.00       0       0   0.00  irq/87-mc_statu
02:45:39 AM     0        56    0.00    0.00    0.00    0.00    0.00     2      0.00      0.00       0       0   0.00  khungtaskd
02:45:39 AM     0        57    0.00    0.00    0.00    0.00    0.00     3      0.00      0.00       0       0   0.00  oom_reaper
02:45:39 AM     0        58    0.00    0.00    0.00    0.00    0.00     5      0.00      0.00       0       0   0.00  writeback
02:45:39 AM     0        59    0.00    0.00    0.00    0.00    0.00     3      0.00      0.00       0       0   0.00  kcompactd0
02:45:39 AM     0        60    0.00    0.00    0.00    0.00    0.00     1      0.00      0.00       0       0   0.00  ksmd
02:45:39 AM     0        61    0.00    0.00    0.00    0.00    0.00     0      0.00      0.00       0       0   0.00  khugepaged
02:45:39 AM     0        93    0.00    0.00    0.00    0.00    0.00     1      0.00      0.00       0       0   0.00  kintegrityd
02:45:39 AM     0        94    0.00    0.00    0.00    0.00    0.00     1      0.00      0.00       0       0   0.00  kblockd
02:45:39 AM     0        95    0.00    0.00    0.00    0.00    0.00     1      0.00      0.00       0       0   0.00  blkcg_punt_bio
02:45:39 AM     0        97    0.00    0.00    0.00    0.00    0.00     3      0.00      0.00       0       0   0.00  tpm_dev_wq
02:45:39 AM     0        98    0.00    0.00    0.00    0.00    0.00     0      0.00      0.00       0       0   0.00  irq/197-30c0000
02:45:39 AM     0        99    0.00    0.00    0.00    0.00    0.00     1      0.00      0.00       0       0   0.00  devfreq_wq
02:45:39 AM     0       100    0.00    0.00    0.00    0.00    0.00     1      0.00      0.00       0       0   0.00  watchdogd
02:45:39 AM     0       104    0.00    0.00    0.00    0.00    0.00     7      0.00      0.00       0       0   0.00  rpciod
02:45:39 AM     0       106    0.00    0.00    0.00    0.00    0.00     7      0.00      0.00       0       0   0.00  xprtiod
02:45:39 AM     0       108    0.00    0.00    0.00    0.00    0.00     7      0.00      0.00       0       0   0.00  kswapd0
02:45:39 AM     0       109    0.00    0.00    0.00    0.00    0.00     5      0.00      0.00       0       0   0.00  nfsiod
02:45:39 AM     0       112    0.00    0.00    0.00    0.00    0.00     1      0.00      0.00       0       0   0.00  kthrotld
02:45:39 AM     0       113    0.00    0.00    0.00    0.00    0.00     7      0.00      0.00       0       0   0.00  kpcitest
02:45:39 AM     0       116    0.00    0.00    0.00    0.00    0.00     5      0.00      0.00       0       0   0.00  kworker/5:1-events
02:45:39 AM     0       122    0.00    0.00    0.00    0.00    0.00     1      0.00      0.00       0       0   0.00  nvme-wq
02:45:39 AM     0       123    0.00    0.00    0.00    0.00    0.00     5      0.00      0.00       0       0   0.00  nvme-reset-wq
02:45:39 AM     0       124    0.00    0.00    0.00    0.00    0.00     6      0.00      0.00       0       0   0.00  nvme-delete-wq
02:45:39 AM     0       125    0.00    0.00    0.00    0.00    0.00     6      0.00      0.00       0       0   0.00  uas
02:45:39 AM     0       126    0.00    0.00    0.00    0.00    0.00     0      0.00      0.00       0       0   0.00  irq/222-tegra_r
02:45:39 AM     0       127    0.00    0.00    0.00    0.00    0.00     0      0.00      0.00       0       0   0.00  kworker/7:2-events
02:45:39 AM     0       129    0.00    0.00    0.00    0.00    0.00     0      0.00      0.00       0       0   0.00  irq/86-tegra-oc
02:45:39 AM     0       130    0.00    0.00    0.00    0.00    0.00     5      0.00      0.00       0       0   0.00  dm_bufio_cache
02:45:39 AM     0       131    0.00    0.00    0.00    0.00    0.00     0      0.00      0.00       0       0   0.00  irq/223-max7762
02:45:39 AM     0       140    0.00    0.00    0.00    0.00    0.00     0      0.00      0.00       0       0   0.00  irq/55-bc00000.
02:45:39 AM     0       143    0.00    0.00    0.00    0.00    0.00     0      0.00      0.00       0       0   0.00  ipv6_addrconf
02:45:39 AM     0       144    0.00    0.00    0.00    0.00    0.00     6      0.00      0.00       0       0   0.00  krfcommd
02:45:39 AM     0       145    0.00    0.00    0.00    0.00    0.00     0      0.00      0.00       0       0   0.00  kstrp
02:45:39 AM     0       150    0.00    0.00    0.00    0.00    0.00     0      0.00      0.00       0       0   0.00  irq/24-tegra-pc
02:45:39 AM     0       154    0.00    0.00    0.00    0.00    0.00     0      0.00      0.00       0       0   0.00  irq/26-tegra-pc
02:45:39 AM     0       160    0.00    0.00    0.00    0.00    0.00     0      0.00      0.00       0       0   0.00  irq/26-aerdrv
02:45:39 AM     0       161    0.00    0.00    0.00    0.00    0.00     0      0.00      0.00       0       0   0.00  irq/28-tegra-pc
02:45:39 AM     0       162    0.00    0.00    0.00    0.00    0.00     0      0.00      0.00       0       0   0.00  irq/28-aerdrv
02:45:39 AM     0       163    0.00    0.00    0.00    0.00    0.00     5      0.00      0.00       0       0   0.00  host_low_prio_w
02:45:39 AM     0       164    0.00    0.00    0.00    0.00    0.00     0      0.00      0.00       0       0   0.00  irq/57-host_syn
02:45:39 AM     0       165    0.00    0.00    0.00    0.00    0.00     0      0.00      0.00       0       0   0.00  irq/58-host_sta
02:45:39 AM     0       173    0.00    0.00    0.00    0.00    0.00     5      0.00      0.00       0       0   0.00  pva_task_status
02:45:39 AM     0       174    0.00    0.00    0.00    0.00    0.00     0      0.00      0.00       0       0   0.00  irq/75-pva-isr
02:45:39 AM     0       175    0.00    0.00    0.00    0.00    0.00     0      0.00      0.00       0       0   0.00  pva_task_status
02:45:39 AM     0       176    0.00    0.00    0.00    0.00    0.00     0      0.00      0.00       0       0   0.00  irq/76-pva-isr
02:45:39 AM     0       185    0.00    0.00    0.00    0.00    0.00     0      0.00      0.00       0       0   0.00  sdhci
02:45:39 AM     0       186    0.00    0.00    0.00    0.00    0.00     0      0.00      0.00       0       0   0.00  irq/39-mmc0
02:45:39 AM     0       187    0.00    0.00    0.00    0.00    0.00     2      0.00      0.00       0       0   0.00  sdhci
02:45:39 AM     0       189    0.00    0.00    0.00    0.00    0.00     0      0.00      0.00       0       0   0.00  irq/40-mmc1
02:45:39 AM     0       195    0.00    0.00    0.00    0.00    0.00     7      0.00      0.00       0       0   0.00  scsi_eh_0
02:45:39 AM     0       196    0.00    0.00    0.00    0.00    0.00     7      0.00      0.00       0       0   0.00  scsi_tmf_0
02:45:39 AM     0       197    0.00    0.00    0.00    0.00    0.00     0      0.00      0.00       0       0   0.00  kworker/5:2-events
02:45:39 AM     0       198    0.00    0.00    0.00    0.00    0.00     0      0.00      0.00       0       0   0.00  irq/67-15200000
02:45:39 AM     0       199    0.00    0.00    0.00    0.00    0.00     1      0.00      0.00       0       0   0.00  tegradc.0/a
02:45:39 AM     0       200    0.00    0.00    0.00    0.00    0.00     0      0.00      0.00       0       0   0.00  tegradc.0/b
02:45:39 AM     0       201    0.00    0.00    0.00    0.00    0.00     0      0.00      0.00       0       0   0.00  tegradc.0/c
02:45:39 AM     0       202    0.00    0.00    0.00    0.00    0.00     0      0.00      0.00       0       0   0.00  tegradc.0/d
02:45:39 AM     0       203    0.00    0.00    0.00    0.00    0.00     0      0.00      0.00       0       0   0.00  tegradc.0/e
02:45:39 AM     0       204    0.00    0.00    0.00    0.00    0.00     0      0.00      0.00       0       0   0.00  tegradc.0/f
02:45:39 AM     0       205    0.00    0.00    0.00    0.00    0.00     0      0.00      0.00       0       0   0.00  tegradc.0/sl
02:45:39 AM     0       206    0.00    0.00    0.00    0.00    0.00     0      0.00      0.00       0       0   0.00  irq/62-15200000
02:45:39 AM     0       207    0.00    0.00    0.00    0.00    0.00     0      0.00      0.00       0       0   0.00  irq/276-3400000
02:45:39 AM     0       208    0.00    0.00    0.00    0.00    0.00     0      0.00      0.00       0       0   0.00  ufs_eh_wq_0
02:45:39 AM     0       209    0.00    0.00    0.00    0.00    0.00     3      0.00      0.00       0       0   0.00  mmc_complete
02:45:39 AM     0       211    0.00    0.00    0.00    0.00    0.00     0      0.00      0.00       0       0   0.00  irq/278-1520000
02:45:39 AM     0       212    0.00    0.00    0.00    0.00    0.00     0      0.00      0.00       0       0   0.00  irq/203-3610000
02:45:39 AM     0       213    0.00    0.00    0.00    0.00    0.00     0      0.00      0.00       0       0   0.00  irq/221-3610000
02:45:39 AM     0       214    0.00    0.00    0.00    0.00    0.00     0      0.00      0.00       0       0   0.00  irq/30-tegra-pc
02:45:39 AM     0       216    0.00    0.00    0.00    0.00    0.00     0      0.00      0.00       0       0   0.00  kworker/4:3-events
02:45:39 AM     0       218    0.00    0.00    0.00    0.00    0.00     4      0.00      0.00       0       0   0.00  kworker/4:5-events
02:45:39 AM     0       221    0.00    0.00    0.00    0.00    0.00     0      0.00      0.00       0       0   0.00  kworker/6:12-events
02:45:39 AM     0       222    0.00    0.00    0.00    0.00    0.00     0      0.00      0.00       0       0   0.00  kworker/6:13-events
02:45:39 AM     0       225    0.00    0.00    0.00    0.00    0.00     0      0.00      0.00       0       0   0.00  irq/68-tegra_dp
02:45:39 AM     0       226    0.00    0.00    0.00    0.00    0.00     0      0.00      0.00       0       0   0.00  irq/65-15210000
02:45:39 AM     0       227    0.00    0.00    0.00    0.00    0.00     0      0.00      0.00       0       0   0.00  tegradc.1/a
02:45:39 AM     0       228    0.00    0.00    0.00    0.00    0.00     0      0.00      0.00       0       0   0.00  tegradc.1/b
02:45:39 AM     0       229    0.00    0.00    0.00    0.00    0.00     0      0.00      0.00       0       0   0.00  tegradc.1/c
02:45:39 AM     0       230    0.00    0.00    0.00    0.00    0.00     0      0.00      0.00       0       0   0.00  tegradc.1/d
02:45:39 AM     0       231    0.00    0.00    0.00    0.00    0.00     0      0.00      0.00       0       0   0.00  tegradc.1/e
02:45:39 AM     0       232    0.00    0.00    0.00    0.00    0.00     0      0.00      0.00       0       0   0.00  tegradc.1/f
02:45:39 AM     0       233    0.00    0.00    0.00    0.00    0.00     1      0.00      0.00       0       0   0.00  tegradc.1/sl
02:45:39 AM     0       234    0.00    0.00    0.00    0.00    0.00     0      0.00      0.00       0       0   0.00  irq/63-15210000
02:45:39 AM     0       249    0.00    0.00    0.00    0.00    0.00     0      0.00      0.00       0       0   0.00  irq/56-d230000.
02:45:39 AM     0       250    0.00    0.00    0.00    0.00    0.00     0      0.00      0.00       0       0   0.00  irq/69-tegra_dp
02:45:39 AM     0       251    0.00    0.00    0.00    0.00    0.00     0      0.00      0.00       0       0   0.00  irq/66-15220000
02:45:39 AM     0       252    0.00    0.00    0.00    0.00    0.00     0      0.00      0.00       0       0   0.00  tegradc.2/a
02:45:39 AM     0       253    0.00    0.00    0.00    0.00    0.00     0      0.00      0.00       0       0   0.00  tegradc.2/b
02:45:39 AM     0       254    0.00    0.00    0.00    0.00    0.00     0      0.00      0.00       0       0   0.00  tegradc.2/c
02:45:39 AM     0       255    0.00    0.00    0.00    0.00    0.00     0      0.00      0.00       0       0   0.00  tegradc.2/d
02:45:39 AM     0       256    0.00    0.00    0.00    0.00    0.00     0      0.00      0.00       0       0   0.00  tegradc.2/e
02:45:39 AM     0       257    0.00    0.00    0.00    0.00    0.00     0      0.00      0.00       0       0   0.00  tegradc.2/f
02:45:39 AM     0       258    0.00    0.00    0.00    0.00    0.00     0      0.00      0.00       0       0   0.00  tegradc.2/sl
02:45:39 AM     0       259    0.00    0.00    0.00    0.00    0.00     0      0.00      0.00       0       0   0.00  irq/64-15220000
02:45:39 AM     0       275    0.00    0.00    0.00    0.00    0.00     3      0.00      0.00       0       0   0.00  jbd2/mmcblk0p1-
02:45:39 AM     0       276    0.00    0.00    0.00    0.00    0.00     3      0.00      0.00       0       0   0.00  ext4-rsv-conver
02:45:39 AM     0       280    0.00    0.00    0.00    0.00    0.00     7      0.00      0.00       0       0   0.00  kworker/7:1H
02:45:39 AM     0       286    0.00    0.00    0.00    0.00    0.00     5      0.00      0.00       0       0   0.00  kworker/5:1H-kblockd
02:45:39 AM     0       312    0.00    0.00    0.00    0.00    0.00     1      0.00      0.00   61816   31808   0.10  systemd-journal
02:45:39 AM     0       338    0.00    4.00    0.00   18.00    4.00     1      0.00      0.00       0       0   0.00  nvmap-bz
02:45:39 AM     0       339    0.00    0.00    0.00    0.00    0.00     0      0.00      0.00       0       0   0.00  irq/204-gk20a_s
02:45:39 AM     0       340    0.00    0.00    0.00    0.00    0.00     0      0.00      0.00       0       0   0.00  irq/205-gk20a_n
02:45:39 AM     0       345    0.00    0.00    0.00    0.00    0.00     3      0.00      0.00    2776    1492   0.00  tee-supplicant
02:45:39 AM     0       347    0.00    0.00    0.00    0.00    0.00     3      0.00      0.00       0       0   0.00  optee_bus_scan
02:45:39 AM     0       358    0.00    0.00    0.00    0.00    0.00     3      0.00      0.00   22788    7532   0.02  systemd-udevd
02:45:39 AM     0       364    0.00    0.00    0.00    0.00    0.00     1      0.00      0.00    7948    4892   0.02  haveged
02:45:39 AM   126       365    0.00    0.00    0.00    0.00    0.00     3      0.00      0.00    7136    3108   0.01  rpcbind
02:45:39 AM   105       366    0.00    0.00    0.00    0.00    0.00     1      0.00      0.00   25592   13288   0.04  systemd-resolve
02:45:39 AM   103       367    0.00    0.00    0.00    0.00    0.00     1      0.00      0.00   90672    6220   0.02  systemd-timesyn
02:45:39 AM     0       407    0.00    0.00    0.00    0.00    0.00     5      0.00      0.00       0       0   0.00  cfg80211
02:45:39 AM     0       410    0.00    0.00    0.00    0.00    0.00     0      0.00      0.00       0       0   0.00  irq/42-3210000.
02:45:39 AM     0       412    0.00    0.00    0.00    0.00    0.00     2      0.00      0.00       0       0   0.00  spi0
02:45:39 AM     0       413    0.00   16.00    0.00    0.00   16.00     1      0.00      0.00       0       0   0.00  irq/282-iwlwifi
02:45:39 AM     0       416    0.00    0.00    0.00    0.00    0.00     4      0.00      0.00       0       0   0.00  ata_sff
02:45:39 AM     0       419    0.00    0.00    0.00    0.00    0.00     0      0.00      0.00       0       0   0.00  irq/43-c260000.
02:45:39 AM     0       420    0.00    0.00    0.00    0.00    0.00     6      0.00      0.00       0       0   0.00  scsi_eh_1
02:45:39 AM     0       422    0.00    0.00    0.00    0.00    0.00     6      0.00      0.00       0       0   0.00  scsi_tmf_1
02:45:39 AM     0       427    0.00    0.00    0.00    0.00    0.00     0      0.00      0.00       0       0   0.00  spi1
02:45:39 AM     0       430    0.00    0.00    0.00    0.00    0.00     3      0.00      0.00  242072    8880   0.03  accounts-daemon
02:45:39 AM   120       439    0.00    0.00    0.00    0.00    0.00     1      0.00      0.00    7084    3472   0.01  avahi-daemon
02:45:39 AM     0       441    0.00    0.00    0.00    0.00    0.00     3      0.00      0.00    9220    2516   0.01  cron
02:45:39 AM   106       443    0.00    0.00    0.00    0.00    0.00     3      0.00      0.00    9396    5264   0.02  dbus-daemon
02:45:39 AM     0       447    0.00    0.00    0.00    0.00    0.00     1      0.00      0.00  341244   20856   0.07  NetworkManager
02:45:39 AM     0       456    0.00    0.00    0.00    0.00    0.00     4      0.00      0.00   38300   19472   0.06  networkd-dispat
02:45:39 AM     0       473    0.00    0.00    0.00    0.00    0.00     2      0.00      0.00  238860   13352   0.04  polkitd
02:45:39 AM   125       483    0.00    0.00    0.00    0.00    0.00     3      0.00      0.00  220940    8288   0.03  rsyslogd
02:45:39 AM     0       503    0.00    0.00    0.00    0.00    0.00     2      0.00      0.00  235864    4364   0.01  switcheroo-cont
02:45:39 AM     0       514    0.00    0.00    0.00    0.00    0.00     2      0.00      0.00   17076    6760   0.02  systemd-logind
02:45:39 AM     0       523    0.00    0.00    0.00    0.00    0.00     1      0.00      0.00  395556   15676   0.05  udisksd
02:45:39 AM     0       528    0.00    0.00    0.00    0.00    0.00     1      0.00      0.00   12784    8052   0.03  wpa_supplicant
02:45:39 AM     0       548    0.00    0.00    0.00    0.00    0.00     0      0.00      0.00       0       0   0.00  sugov:0
02:45:39 AM   120       555    0.00    0.00    0.00    0.00    0.00     2      0.00      0.00    6896     324   0.00  avahi-daemon
02:45:39 AM     0       585    0.00    0.00    0.00    0.00    0.00     5      0.00      0.00       0       0   0.00  tmp451
02:45:39 AM     0       597    0.00    0.00    0.00    0.00    0.00     3      0.00      0.00       0       0   0.00  irq/286-1-0008
02:45:39 AM     0       600    0.00    0.00    0.00    0.00    0.00     2      0.00      0.00  321792   14480   0.05  ModemManager
02:45:39 AM     0       653    0.00    0.00    0.00    0.00    0.00     0      0.00      0.00    2476     604   0.00  nvfancontrol
02:45:39 AM     0       728    0.00    0.00    0.00    0.00    0.00     4      0.00      0.00       0       0   0.00  adspp_kthread
02:45:39 AM     0       779    0.00    0.00    0.00    0.00    0.00     6      0.00      0.00       0       0   0.00  kworker/6:2H-kblockd
02:45:39 AM     0       876    0.00    0.00    0.00    0.00    0.00     1      0.00      0.00       0       0   0.00  irq/289-2490000
02:45:39 AM     0       887    0.00    0.00    0.00    0.00    0.00     0      0.00      0.00       0       0   0.00  irq/32-eth0.com
02:45:39 AM     0       919    0.00    0.00    0.00    0.00    0.00     4      0.00      0.00       0       0   0.00  file-storage
02:45:39 AM     0       953    0.00    0.00    0.00    0.00    0.00     1      0.00      0.00       0       0   0.00  loop0
02:45:39 AM     0      1048    0.00    0.00    0.00    0.00    0.00     4      0.00      0.00       0       0   0.00  kworker/4:2H-kblockd
02:45:39 AM     0      1091    0.00    0.00    0.00    0.00    0.00     3      0.00      0.00       0       0   0.00  cryptd
02:45:39 AM     0      1147    0.00    0.00    0.00    0.00    0.00     2      0.00      0.00       0       0   0.00  sw-quiesce
02:45:39 AM     0      1148    0.00    0.00    0.00    0.00    0.00     3      0.00      0.00       0       0   0.00  nvgpu_channel_p
02:45:39 AM     0      1151    0.00    0.00    0.00    0.00    0.00     3      0.00      0.00       0       0   0.00  nvgpu_nvs_gv11b
02:45:39 AM     0      1153    0.00    0.00    0.00    0.00    0.00     0      0.00      0.00       0       0   0.00  nvgpu_pg_init_g
02:45:39 AM     0      1157    0.00    0.00    0.00    0.00    0.00     2      0.00      0.00       0       0   0.00  nvgpu_clk_arb_p
02:45:39 AM     0      1162    0.00    0.00    0.00    0.00    0.00     3      0.00      0.00       0       0   0.00  irq/288-rt5659
02:45:39 AM     0      1270    0.00    0.00    0.00    0.00    0.00     3      0.00      0.00   55688   11092   0.03  nvargus-daemon
02:45:39 AM     0      1273    0.00    0.00    0.00    0.00    0.00     3      0.00      0.00   21932    1552   0.00  nvs-service
02:45:39 AM     0      1298    0.00    0.00    0.00    0.00    0.00     1      0.00      0.00 2007972   50424   0.16  containerd
02:45:39 AM     0      1314    0.00    0.00    0.00    0.00    0.00     0      0.00      0.00  240032    7616   0.02  gdm3
02:45:39 AM   108      1326    0.00    0.00    0.00    0.00    0.00     2      0.00      0.00   11468    1896   0.01  kerneloops
02:45:39 AM     0      1327    0.00    0.00    0.00    0.00    0.00     3      0.00      0.00   12236    6576   0.02  sshd
02:45:39 AM     0      1336    0.00    0.00    0.00    0.00    0.00     0      0.00      0.00    7688    1876   0.01  agetty
02:45:39 AM     0      1337    0.00    0.00    0.00    0.00    0.00     2      0.00      0.00    7688    1904   0.01  agetty
02:45:39 AM   108      1339    0.00    0.00    0.00    0.00    0.00     0      0.00      0.00   11468    1820   0.01  kerneloops
02:45:39 AM     0      1340    0.00    0.00    0.00    0.00    0.00     3      0.00      0.00    9216    2824   0.01  nvgetty.sh
02:45:39 AM     0      1379    0.00    0.00    0.00    0.00    0.00     0      0.00      0.00    7688    1848   0.01  getty
02:45:39 AM     0      1554    0.00    0.00    0.00    0.00    0.00     2      0.00      0.00 2111796   85472   0.27  dockerd
02:45:39 AM     0      1677    0.00    0.00    0.00    0.00    0.00     1      0.00      0.00  168472    8256   0.03  gdm-session-wor
02:45:39 AM     0      1711    0.00    0.00    0.00    0.00    0.00     0      0.00      0.00    3248     808   0.00  nvphsd
02:45:39 AM     0      1716    0.00    0.00    0.00    0.00    0.00     3      0.00      0.00    3380    1788   0.01  nvphsd
02:45:39 AM   124      1789    0.00    0.00    0.00    0.00    0.00     3      0.00      0.00   19144    9224   0.03  systemd
02:45:39 AM   124      1804    0.00    0.00    0.00    0.00    0.00     3      0.00      0.00  104488    5436   0.02  (sd-pam)
02:45:39 AM   124      2014    0.00    0.00    0.00    0.00    0.00     0      0.00      0.00  961884   21984   0.07  pulseaudio
02:45:39 AM   124      2032    0.00    0.00    0.00    0.00    0.00     2      0.00      0.00  164156    5924   0.02  gdm-x-session
02:45:39 AM   124      2037    0.00    0.00    0.00    0.00    0.00     1      0.00      0.00 25330232   99256   0.31  Xorg
02:45:39 AM   118      2040    0.00    0.00    0.00    0.00    0.00     1      0.00      0.00  152516    2440   0.01  rtkit-daemon
02:45:39 AM   124      2162    0.00    0.00    0.00    0.00    0.00     2      0.00      0.00    7812    3448   0.01  dbus-daemon
02:45:39 AM   124      2428    0.00    0.00    0.00    0.00    0.00     0      0.00      0.00    4776    1164   0.00  dbus-run-sessio
02:45:39 AM   124      2429    0.00    0.00    0.00    0.00    0.00     2      0.00      0.00    8088    4104   0.01  dbus-daemon
02:45:39 AM   124      2438    0.00    0.00    0.00    0.00    0.00     2      0.00      0.00  559768   14932   0.05  gnome-session-b
02:45:39 AM     0      2457    0.00    0.00    0.00    0.00    0.00     2      0.00      0.00  101692   19628   0.06  jtop
02:45:39 AM   124      2463    0.00    0.00    0.00    0.00    0.00     3      0.00      0.00  309548   10092   0.03  at-spi-bus-laun
02:45:39 AM   124      2470    0.00    0.00    0.00    0.00    0.00     1      0.00      0.00    7676    3468   0.01  dbus-daemon
02:45:39 AM   124      2495    0.00    0.00    0.00    0.00    0.00     1      0.00      0.00 4022996  194908   0.61  gnome-shell
02:45:39 AM     0      2510    0.00    0.00    0.00    0.00    0.00     0      0.00      0.00  175424   16904   0.05  jtop
02:45:39 AM     0      2518    0.00    0.00    0.00    0.00    0.00     2      0.00      0.00  101692   17160   0.05  jtop
02:45:39 AM   124      2696    0.00    0.00    0.00    0.00    0.00     0      0.00      0.00  314420   11212   0.04  ibus-daemon
02:45:39 AM   124      2699    0.00    0.00    0.00    0.00    0.00     2      0.00      0.00  239960   11792   0.04  ibus-dconf
02:45:39 AM   124      2701    0.00    0.00    0.00    0.00    0.00     2      0.00      0.00  189920   16900   0.05  ibus-x11
02:45:39 AM   124      2704    0.00    0.00    0.00    0.00    0.00     3      0.00      0.00  239880    7776   0.02  ibus-portal
02:45:39 AM   124      2715    0.00    0.00    0.00    0.00    0.00     1      0.00      0.00  161420    6880   0.02  at-spi2-registr
02:45:39 AM   124      2719    0.00    0.00    0.00    0.00    0.00     3      0.00      0.00  235804    4672   0.01  xdg-permission-
02:45:39 AM     0      2725    0.00    0.00    0.00    0.00    0.00     3      0.00      0.00  252944    8776   0.03  upowerd
02:45:39 AM   124      2745    0.00    0.00    0.00    0.00    0.00     2      0.00      0.00 3001620   27244   0.09  gjs
02:45:39 AM   124      2764    0.00    0.00    0.00    0.00    0.00     2      0.00      0.00  469396   14236   0.04  gsd-sharing
02:45:39 AM   124      2765    0.00    0.00    0.00    0.00    0.00     1      0.00      0.00  334628   15072   0.05  gsd-wacom
02:45:39 AM   124      2768    0.00    0.00    0.00    0.00    0.00     2      0.00      0.00  571788   19844   0.06  gsd-color
02:45:39 AM   124      2772    0.00    0.00    0.00    0.00    0.00     3      0.00      0.00  338096   17824   0.06  gsd-keyboard
02:45:39 AM   124      2774    0.00    0.00    0.00    0.00    0.00     2      0.00      0.00  322508   11376   0.04  gsd-print-notif
02:45:39 AM   124      2779    0.00    0.00    0.00    0.00    0.00     3      0.00      0.00  166208    7736   0.02  ibus-engine-sim
02:45:39 AM   124      2780    0.00    0.00    0.00    0.00    0.00     1      0.00      0.00  457460    7996   0.03  gsd-rfkill
02:45:39 AM   124      2782    0.00    0.00    0.00    0.00    0.00     1      0.00      0.00  391976    9696   0.03  gsd-smartcard
02:45:39 AM   124      2784    0.00    0.00    0.00    0.00    0.00     2      0.00      0.00  374928   15372   0.05  gsd-datetime
02:45:39 AM   124      2790    0.00    0.00    0.00    0.00    0.00     3      0.00      0.00  679696   20032   0.06  gsd-media-keys
02:45:39 AM   124      2791    0.00    0.00    0.00    0.00    0.00     3      0.00      0.00  235772    5600   0.02  gsd-screensaver
02:45:39 AM   124      2793    0.00    0.00    0.00    0.00    0.00     3      0.00      0.00  320104    9452   0.03  gsd-sound
02:45:39 AM   124      2795    0.00    0.00    0.00    0.00    0.00     3      0.00      0.00  313652   10144   0.03  gsd-a11y-settin
02:45:39 AM   124      2799    0.00    0.00    0.00    0.00    0.00     2      0.00      0.00  313992   10540   0.03  gsd-housekeepin
02:45:39 AM   124      2802    0.00    0.00    0.00    0.00    0.00     1      0.00      0.00  339724   18828   0.06  gsd-power
02:45:39 AM   124      2824    0.00    0.00    0.00    0.00    0.00     2      0.00      0.00  342540   12784   0.04  gsd-printer
02:45:39 AM   119      2837    0.00    0.00    0.00    0.00    0.00     2      0.00      0.00  249328   17548   0.06  colord
02:45:39 AM     0     29120    0.00    0.00    0.00    0.00    0.00     3      0.00      0.00       0       0   0.00  kworker/u17:2
02:45:39 AM     0     33852    0.00    0.00    0.00    0.00    0.00     1      0.00      0.00       0       0   0.00  kworker/1:0H-kblockd
02:45:39 AM     0     35048    0.00    0.00    0.00    0.00    0.00     0      0.00      0.00       0       0   0.00  kworker/u17:0-thermal_fan_est
02:45:39 AM  1000     39960    0.00    0.00    0.00    0.00    0.00     2      0.00      0.00   19248    9208   0.03  systemd
02:45:39 AM  1000     39961    0.00    0.00    0.00    0.00    0.00     2      0.00      0.00  170940    6304   0.02  (sd-pam)
02:45:39 AM  1000     40037    0.00    0.00    0.00    0.00    0.00     3      0.00      0.00    7812    3952   0.01  dbus-daemon
02:45:39 AM     0     40147    0.00    0.00    0.00    0.00    0.00     1      0.00      0.00       0       0   0.00  kworker/1:0-pm
02:45:39 AM     0     40174    0.00    0.00    0.00    0.00    0.00     2      0.00      0.00       0       0   0.00  kworker/2:2H-kblockd
02:45:39 AM     0     40194    0.00    0.00    0.00    0.00    0.00     3      0.00      0.00       0       0   0.00  kworker/3:0H-kblockd
02:45:39 AM     0     41650    0.00    0.00    0.00    0.00    0.00     3      0.00      0.00       0       0   0.00  kworker/3:0-mm_percpu_wq
02:45:39 AM     0     43913    0.00    0.00    0.00    0.00    0.00     2      0.00      0.00   14768    7560   0.02  sshd
02:45:39 AM  1000     43958    0.00    0.00    0.00    0.00    0.00     0      0.00      0.00   15292    6400   0.02  sshd
02:45:39 AM  1000     43959    0.00    0.00    0.00    0.00    0.00     1      0.00      0.00   11344    5444   0.02  bash
02:45:39 AM     0     50050    0.00    0.00    0.00    0.00    0.00     2      0.00      0.00   14768    7572   0.02  sshd
02:45:39 AM  1000     50094    0.00    0.00    0.00    0.00    0.00     3      0.00      0.00   15292    6428   0.02  sshd
02:45:39 AM  1000     50095    0.00    0.00    0.00    0.00    0.00     2      0.00      0.00   11344    5448   0.02  bash
02:45:39 AM     0     81462    0.00    0.00    0.00    0.00    0.00     2      0.00      0.00       0       0   0.00  kworker/2:2-mm_percpu_wq
02:45:39 AM     0     81478    0.00    0.00    0.00    0.00    0.00     0      0.00      0.00       0       0   0.00  kworker/0:1H-kblockd
02:45:39 AM  1000     84840    0.00    0.00    0.00    0.00    0.00     3      0.00      0.00  240176   10088   0.03  gnome-keyring-d
02:45:39 AM   124     84900    0.00    0.00    0.00    0.00    0.00     1      0.00      0.00  156240    4584   0.01  dconf-service
02:45:39 AM     0     85427    0.00    0.00    0.00    0.00    0.00     0      0.00      0.00       0       0   0.00  kworker/0:2-events
02:45:39 AM     0     86310    0.00    1.00    0.00    0.00    1.00     3      0.00      0.00       0       0   0.00  kworker/u16:1-events_unbound
02:45:39 AM     0     86312    0.00    0.00    0.00    0.00    0.00     3      0.00      0.00   14768    7564   0.02  sshd
02:45:39 AM  1000     86356    0.00    0.00    0.00    0.00    0.00     0      0.00      0.00   15292    6380   0.02  sshd
02:45:39 AM  1000     86357    0.00    0.00    0.00    0.00    0.00     1      0.00      0.00   11344    5440   0.02  bash
02:45:39 AM     0     86549    0.00    0.00    0.00    0.00    0.00     2      0.00      0.00   14768    7664   0.02  sshd
02:45:39 AM  1000     86593    1.00    1.00    0.00    2.00    2.00     2      0.00      0.00   15292    6480   0.02  sshd
02:45:39 AM  1000     86594    0.00    0.00    0.00    0.00    0.00     3      0.00      0.00   11860    5896   0.02  bash
02:45:39 AM     0     86632    0.00    0.00    0.00    0.00    0.00     3      0.00      0.00       0       0   0.00  kworker/3:2
02:45:39 AM     0     87290    0.00    0.00    0.00    0.00    0.00     0      0.00      0.00   14768    7584   0.02  sshd
02:45:39 AM  1000     87334    0.00    0.00    0.00    0.00    0.00     0      0.00      0.00   15292    6412   0.02  sshd
02:45:39 AM  1000     87335    0.00    0.00    0.00    0.00    0.00     2      0.00      0.00   11344    5436   0.02  bash
02:45:39 AM     0     89981    0.00    0.00    0.00    0.00    0.00     1      0.00      0.00       0       0   0.00  kworker/1:1-events
02:45:39 AM     0     95050    0.00    0.00    0.00    0.00    0.00     2      0.00      0.00       0       0   0.00  kworker/2:0-events
02:45:39 AM     0     96173    0.00    0.00    0.00    0.00    0.00     1      0.00      0.00       0       0   0.00  kworker/1:2-pm
02:45:39 AM     0     99494    0.00    0.00    0.00    0.00    0.00     3      0.00      0.00       0       0   0.00  kworker/u16:3-events_unbound
02:45:39 AM     0    107801    0.00    0.00    0.00    0.00    0.00     1      0.00      0.00       0       0   0.00  kworker/1:2H
02:45:39 AM     0    122883    0.00    0.00    0.00    0.00    0.00     3      0.00      0.00       0       0   0.00  kworker/u16:2-events_unbound
02:45:39 AM     0    123203    0.00    0.00    0.00    0.00    0.00     3      0.00      0.00       0       0   0.00  kworker/3:2H
02:45:39 AM     0    124025    0.00    0.00    0.00    0.00    0.00     2      0.00      0.00       0       0   0.00  kworker/2:0H
02:45:39 AM     0    130503    0.00    0.00    0.00    0.00    0.00     0      0.00      0.00       0       0   0.00  kworker/0:0H
02:45:39 AM     0    130577    0.00    0.00    0.00    0.00    0.00     0      0.00      0.00       0       0   0.00  kworker/0:1-events
02:45:39 AM     0    130584    0.00    0.00    0.00    0.00    0.00     2      0.00      0.00   14768    7576   0.02  sshd
02:45:39 AM  1000    130628    1.00    1.00    0.00    1.00    2.00     3      0.00      0.00   16676    7816   0.02  sshd
02:45:39 AM  1000    130629    0.00    0.00    0.00    0.00    0.00     3      0.00      0.00   11344    5436   0.02  bash
02:45:39 AM  1000    130765    0.00    0.00    0.00    0.00    0.00     0      0.00      0.00  283948   43148   0.14  roslaunch
02:45:39 AM  1000    130773    0.00    0.00    0.00    0.00    0.00     0      0.00      0.00  797980   45664   0.14  rosmaster
02:45:39 AM  1000    130783    0.00    0.00    0.00    0.00    0.00     1      0.00      0.00  274964   10152   0.03  rosout
02:45:39 AM  1000    130790   68.00   67.00    0.00   26.00  135.00     1      0.00      0.00 34790064  692460   2.18  scale_truck_con
02:45:39 AM  1000    130791   25.00   60.00    0.00    0.00   85.00     3      0.00      0.00 1571432  113560   0.36  LRC
02:45:39 AM  1000    130854   10.00    5.00    0.00    0.00   15.00     0      4.00      0.00  724884   72408   0.23  python3
02:45:39 AM     0    131985    0.00    0.00    0.00    0.00    0.00     2      0.00      0.00       0       0   0.00  kworker/2:1H
02:45:39 AM     0    132214    0.00    0.00    0.00    0.00    0.00     1      0.00      0.00       0       0   0.00  kworker/1:1H
02:45:39 AM     0    133801    0.00    0.00    0.00    0.00    0.00     0      0.00      0.00       0       0   0.00  kworker/0:0-events
02:45:39 AM     0    137289    0.00    0.00    0.00    0.00    0.00     1      0.00      0.00       0       0   0.00  kworker/1:3
02:45:39 AM  1000    137686    0.00    0.00    0.00    0.00    0.00     1      0.00      0.00    7828     564   0.00  timeout
02:45:39 AM  1000    137689    0.00    0.00    0.00    0.00    0.00     1      0.00      0.00    9208    3064   0.01  bash
02:45:39 AM  1000    137690    0.00    0.00    0.00    0.00    0.00     3      0.00      0.00   68712   43028   0.14  rosbag
02:45:39 AM  1000    137878   18.00   23.00    0.00    0.00   41.00     2     35.00      0.00 1172076   24852   0.08  record
02:45:39 AM  1000    137884    0.00    0.00    0.00    0.00    0.00     1      0.00      0.00   68692   43012   0.14  rosbag
02:45:39 AM  1000    138038    4.00   13.00    0.00    8.00   17.00     0      0.00      0.00   17716   10256   0.03  pidstat
02:45:39 AM  1000    138084    1.00    7.00    0.00    2.00    8.00     3      0.00      0.00  365380   27232   0.09  play

# Time        UID       PID    %usr %system  %guest   %wait    %CPU   CPU  minflt/s  majflt/s     VSZ     RSS   %MEM  Command
02:45:40 AM     0         1    0.00    0.00    0.00    0.00    0.00     0      0.00      0.00  169880   11540   0.04  systemd
02:45:40 AM     0         2    0.00    0.00    0.00    0.00    0.00     1      0.00      0.00       0       0   0.00  kthreadd
02:45:40 AM     0         3    0.00    0.00    0.00    0.00    0.00     0      0.00      0.00       0       0   0.00  rcu_gp
02:45:40 AM     0         4    0.00    0.00    0.00    0.00    0.00     0      0.00      0.00       0       0   0.00  rcu_par_gp
02:45:40 AM     0         8    0.00    0.00    0.00    0.00    0.00     0      0.00      0.00       0       0   0.00  mm_percpu_wq
02:45:40 AM     0         9    0.00    0.00    0.00    0.00    0.00     0      0.00      0.00       0       0   0.00  rcu_tasks_kthre
02:45:40 AM     0        10    0.00    0.00    0.00    0.00    0.00     0      0.00      0.00       0       0   0.00  rcu_tasks_rude_
02:45:40 AM     0        11    0.00    0.00    0.00    0.00    0.00     0      0.00      0.00       0       0   0.00  rcu_tasks_trace
02:45:40 AM     0        12    0.00    0.00    0.00    0.00    0.00     0      0.00      0.00       0       0   0.00  ksoftirqd/0
02:45:40 AM     0        13    0.00    0.00    0.00    0.00    0.00     2      0.00      0.00       0       0   0.00  rcu_preempt
02:45:40 AM     0        14    0.00    0.00    0.00    0.00    0.00     0      0.00      0.00       0       0   0.00  migration/0
02:45:40 AM     0        16    0.00    0.00    0.00    0.00    0.00     0      0.00      0.00       0       0   0.00  cpuhp/0
02:45:40 AM     0        17    0.00    0.00    0.00    0.00    0.00     1      0.00      0.00       0       0   0.00  cpuhp/1
02:45:40 AM     0        18    0.00    0.00    0.00    0.00    0.00     1      0.00      0.00       0       0   0.00  migration/1
02:45:40 AM     0        19    0.00    1.00    0.00    0.00    1.00     1      0.00      0.00       0       0   0.00  ksoftirqd/1
02:45:40 AM     0        22    0.00    0.00    0.00    0.00    0.00     2      0.00      0.00       0       0   0.00  cpuhp/2
02:45:40 AM     0        23    0.00    0.00    0.00    0.00    0.00     2      0.00      0.00       0       0   0.00  migration/2
02:45:40 AM     0        24    0.00    0.00    0.00    0.00    0.00     2      0.00      0.00       0       0   0.00  ksoftirqd/2
02:45:40 AM     0        27    0.00    0.00    0.00    0.00    0.00     3      0.00      0.00       0       0   0.00  cpuhp/3
02:45:40 AM     0        28    0.00    0.00    0.00    0.00    0.00     3      0.00      0.00       0       0   0.00  migration/3
02:45:40 AM     0        29    0.00    0.00    0.00    0.00    0.00     3      0.00      0.00       0       0   0.00  ksoftirqd/3
02:45:40 AM     0        32    0.00    0.00    0.00    0.00    0.00     4      0.00      0.00       0       0   0.00  cpuhp/4
02:45:40 AM     0        33    0.00    0.00    0.00    0.00    0.00     4      0.00      0.00       0       0   0.00  migration/4
02:45:40 AM     0        34    0.00    0.00    0.00    0.00    0.00     4      0.00      0.00       0       0   0.00  ksoftirqd/4
02:45:40 AM     0        36    0.00    0.00    0.00    0.00    0.00     4      0.00      0.00       0       0   0.00  kworker/4:0H-kblockd
02:45:40 AM     0        37    0.00    0.00    0.00    0.00    0.00     5      0.00      0.00       0       0   0.00  cpuhp/5
02:45:40 AM     0        38    0.00    0.00    0.00    0.00    0.00     5      0.00      0.00       0       0   0.00  migration/5
02:45:40 AM     0        39    0.00    0.00    0.00    0.00    0.00     5      0.00      0.00       0       0   0.00  ksoftirqd/5
02:45:40 AM     0        41    0.00    0.00    0.00    0.00    0.00     5      0.00      0.00       0       0   0.00  kworker/5:0H-kblockd
02:45:40 AM     0        42    0.00    0.00    0.00    0.00    0.00     6      0.00      0.00       0       0   0.00  cpuhp/6
02:45:40 AM     0        43    0.00    0.00    0.00    0.00    0.00     6      0.00      0.00       0       0   0.00  migration/6
02:45:40 AM     0        44    0.00    0.00    0.00    0.00    0.00     6      0.00      0.00       0       0   0.00  ksoftirqd/6
02:45:40 AM     0        46    0.00    0.00    0.00    0.00    0.00     6      0.00      0.00       0       0   0.00  kworker/6:0H-events_highpri
02:45:40 AM     0        47    0.00    0.00    0.00    0.00    0.00     7      0.00      0.00       0       0   0.00  cpuhp/7
02:45:40 AM     0        48    0.00    0.00    0.00    0.00    0.00     7      0.00      0.00       0       0   0.00  migration/7
02:45:40 AM     0        49    0.00    0.00    0.00    0.00    0.00     7      0.00      0.00       0       0   0.00  ksoftirqd/7
02:45:40 AM     0        50    0.00    0.00    0.00    0.00    0.00     0      0.00      0.00       0       0   0.00  kworker/7:0-rcu_gp
02:45:40 AM     0        51    0.00    0.00    0.00    0.00    0.00     7      0.00      0.00       0       0   0.00  kworker/7:0H-kblockd
02:45:40 AM     0        52    0.00    0.00    0.00    0.00    0.00     0      0.00      0.00       0       0   0.00  kdevtmpfs
02:45:40 AM     0        53    0.00    0.00    0.00    0.00    0.00     4      0.00      0.00       0       0   0.00  netns
02:45:40 AM     0        54    0.00    0.00    0.00    0.00    0.00     1      0.00      0.00       0       0   0.00  kauditd
02:45:40 AM     0        55    0.00    0.00    0.00    0.00    0.00     0      0.00      0.00       0       0   0.00  irq/87-mc_statu
02:45:40 AM     0        56    0.00    0.00    0.00    0.00    0.00     2      0.00      0.00       0       0   0.00  khungtaskd
02:45:40 AM     0        57    0.00    0.00    0.00    0.00    0.00     3      0.00      0.00       0       0   0.00  oom_reaper
02:45:40 AM     0        58    0.00    0.00    0.00    0.00    0.00     5      0.00      0.00       0       0   0.00  writeback
02:45:40 AM     0        59    0.00    0.00    0.00    0.00    0.00     3      0.00      0.00       0       0   0.00  kcompactd0
02:45:40 AM     0        60    0.00    0.00    0.00    0.00    0.00     1      0.00      0.00       0       0   0.00  ksmd
02:45:40 AM     0        61    0.00    0.00    0.00    0.00    0.00     0      0.00      0.00       0       0   0.00  khugepaged
02:45:40 AM     0        93    0.00    0.00    0.00    0.00    0.00     1      0.00      0.00       0       0   0.00  kintegrityd
02:45:40 AM     0        94    0.00    0.00    0.00    0.00    0.00     1      0.00      0.00       0       0   0.00  kblockd
02:45:40 AM     0        95    0.00    0.00    0.00    0.00    0.00     1      0.00      0.00       0       0   0.00  blkcg_punt_bio
02:45:40 AM     0        97    0.00    0.00    0.00    0.00    0.00     3      0.00      0.00       0       0   0.00  tpm_dev_wq
02:45:40 AM     0        98    0.00    0.00    0.00    0.00    0.00     0      0.00      0.00       0       0   0.00  irq/197-30c0000
02:45:40 AM     0        99    0.00    0.00    0.00    0.00    0.00     1      0.00      0.00       0       0   0.00  devfreq_wq
02:45:40 AM     0       100    0.00    0.00    0.00    0.00    0.00     1      0.00      0.00       0       0   0.00  watchdogd
02:45:40 AM     0       104    0.00    0.00    0.00    0.00    0.00     7      0.00      0.00       0       0   0.00  rpciod
02:45:40 AM     0       106    0.00    0.00    0.00    0.00    0.00     7      0.00      0.00       0       0   0.00  xprtiod
02:45:40 AM     0       108    0.00    0.00    0.00    0.00    0.00     7      0.00      0.00       0       0   0.00  kswapd0
02:45:40 AM     0       109    0.00    0.00    0.00    0.00    0.00     5      0.00      0.00       0       0   0.00  nfsiod
02:45:40 AM     0       112    0.00    0.00    0.00    0.00    0.00     1      0.00      0.00       0       0   0.00  kthrotld
02:45:40 AM     0       113    0.00    0.00    0.00    0.00    0.00     7      0.00      0.00       0       0   0.00  kpcitest
02:45:40 AM     0       116    0.00    0.00    0.00    0.00    0.00     5      0.00      0.00       0       0   0.00  kworker/5:1-events
02:45:40 AM     0       122    0.00    0.00    0.00    0.00    0.00     1      0.00      0.00       0       0   0.00  nvme-wq
02:45:40 AM     0       123    0.00    0.00    0.00    0.00    0.00     5      0.00      0.00       0       0   0.00  nvme-reset-wq
02:45:40 AM     0       124    0.00    0.00    0.00    0.00    0.00     6      0.00      0.00       0       0   0.00  nvme-delete-wq
02:45:40 AM     0       125    0.00    0.00    0.00    0.00    0.00     6      0.00      0.00       0       0   0.00  uas
02:45:40 AM     0       126    0.00    0.00    0.00    0.00    0.00     0      0.00      0.00       0       0   0.00  irq/222-tegra_r
02:45:40 AM     0       127    0.00    0.00    0.00    0.00    0.00     0      0.00      0.00       0       0   0.00  kworker/7:2-events
02:45:40 AM     0       129    0.00    0.00    0.00    0.00    0.00     0      0.00      0.00       0       0   0.00  irq/86-tegra-oc
02:45:40 AM     0       130    0.00    0.00    0.00    0.00    0.00     5      0.00      0.00       0       0   0.00  dm_bufio_cache
02:45:40 AM     0       131    0.00    0.00    0.00    0.00    0.00     0      0.00      0.00       0       0   0.00  irq/223-max7762
02:45:40 AM     0       140    0.00    0.00    0.00    0.00    0.00     0      0.00      0.00       0       0   0.00  irq/55-bc00000.
02:45:40 AM     0       143    0.00    0.00    0.00    0.00    0.00     0      0.00      0.00       0       0   0.00  ipv6_addrconf
02:45:40 AM     0       144    0.00    0.00    0.00    0.00    0.00     6      0.00      0.00       0       0   0.00  krfcommd
02:45:40 AM     0       145    0.00    0.00    0.00    0.00    0.00     0      0.00      0.00       0       0   0.00  kstrp
02:45:40 AM     0       150    0.00    0.00    0.00    0.00    0.00     0      0.00      0.00       0       0   0.00  irq/24-tegra-pc
02:45:40 AM     0       154    0.00    0.00    0.00    0.00    0.00     0      0.00      0.00       0       0   0.00  irq/26-tegra-pc
02:45:40 AM     0       160    0.00    0.00    0.00    0.00    0.00     0      0.00      0.00       0       0   0.00  irq/26-aerdrv
02:45:40 AM     0       161    0.00    0.00    0.00    0.00    0.00     0      0.00      0.00       0       0   0.00  irq/28-tegra-pc
02:45:40 AM     0       162    0.00    0.00    0.00    0.00    0.00     0      0.00      0.00       0       0   0.00  irq/28-aerdrv
02:45:40 AM     0       163    0.00    0.00    0.00    0.00    0.00     5      0.00      0.00       0       0   0.00  host_low_prio_w
02:45:40 AM     0       164    0.00    1.00    0.00    0.00    1.00     0      0.00      0.00       0       0   0.00  irq/57-host_syn
02:45:40 AM     0       165    0.00    0.00    0.00    0.00    0.00     0      0.00      0.00       0       0   0.00  irq/58-host_sta
02:45:40 AM     0       173    0.00    0.00    0.00    0.00    0.00     5      0.00      0.00       0       0   0.00  pva_task_status
02:45:40 AM     0       174    0.00    0.00    0.00    0.00    0.00     0      0.00      0.00       0       0   0.00  irq/75-pva-isr
02:45:40 AM     0       175    0.00    0.00    0.00    0.00    0.00     0      0.00      0.00       0       0   0.00  pva_task_status
02:45:40 AM     0       176    0.00    0.00    0.00    0.00    0.00     0      0.00      0.00       0       0   0.00  irq/76-pva-isr
02:45:40 AM     0       185    0.00    0.00    0.00    0.00    0.00     0      0.00      0.00       0       0   0.00  sdhci
02:45:40 AM     0       186    0.00    0.00    0.00    0.00    0.00     0      0.00      0.00       0       0   0.00  irq/39-mmc0
02:45:40 AM     0       187    0.00    0.00    0.00    0.00    0.00     2      0.00      0.00       0       0   0.00  sdhci
02:45:40 AM     0       189    0.00    0.00    0.00    0.00    0.00     0      0.00      0.00       0       0   0.00  irq/40-mmc1
02:45:40 AM     0       195    0.00    0.00    0.00    0.00    0.00     7      0.00      0.00       0       0   0.00  scsi_eh_0
02:45:40 AM     0       196    0.00    0.00    0.00    0.00    0.00     7      0.00      0.00       0       0   0.00  scsi_tmf_0
02:45:40 AM     0       197    0.00    0.00    0.00    0.00    0.00     0      0.00      0.00       0       0   0.00  kworker/5:2-events
02:45:40 AM     0       198    0.00    0.00    0.00    0.00    0.00     0      0.00      0.00       0       0   0.00  irq/67-15200000
02:45:40 AM     0       199    0.00    0.00    0.00    0.00    0.00     1      0.00      0.00       0       0   0.00  tegradc.0/a
02:45:40 AM     0       200    0.00    0.00    0.00    0.00    0.00     0      0.00      0.00       0       0   0.00  tegradc.0/b
02:45:40 AM     0       201    0.00    0.00    0.00    0.00    0.00     0      0.00      0.00       0       0   0.00  tegradc.0/c
02:45:40 AM     0       202    0.00    0.00    0.00    0.00    0.00     0      0.00      0.00       0       0   0.00  tegradc.0/d
02:45:40 AM     0       203    0.00    0.00    0.00    0.00    0.00     0      0.00      0.00       0       0   0.00  tegradc.0/e
02:45:40 AM     0       204    0.00    0.00    0.00    0.00    0.00     0      0.00      0.00       0       0   0.00  tegradc.0/f
02:45:40 AM     0       205    0.00    0.00    0.00    0.00    0.00     0      0.00      0.00       0       0   0.00  tegradc.0/sl
02:45:40 AM     0       206    0.00    0.00    0.00    0.00    0.00     0      0.00      0.00       0       0   0.00  irq/62-15200000
02:45:40 AM     0       207    0.00    0.00    0.00    0.00    0.00     0      0.00      0.00       0       0   0.00  irq/276-3400000
02:45:40 AM     0       208    0.00    0.00    0.00    0.00    0.00     0      0.00      0.00       0       0   0.00  ufs_eh_wq_0
02:45:40 AM     0       209    0.00    0.00    0.00    0.00    0.00     3      0.00      0.00       0       0   0.00  mmc_complete
02:45:40 AM     0       211    0.00    0.00    0.00    0.00    0.00     0      0.00      0.00       0       0   0.00  irq/278-1520000
02:45:40 AM     0       212    0.00    0.00    0.00    0.00    0.00     0      0.00      0.00       0       0   0.00  irq/203-3610000
02:45:40 AM     0       213    0.00    0.00    0.00    0.00    0.00     0      0.00      0.00       0       0   0.00  irq/221-3610000
02:45:40 AM     0       214    0.00    0.00    0.00    0.00    0.00     0      0.00      0.00       0       0   0.00  irq/30-tegra-pc
02:45:40 AM     0       216    0.00    0.00    0.00    0.00    0.00     0      0.00      0.00       0       0   0.00  kworker/4:3-events
02:45:40 AM     0       218    0.00    0.00    0.00    0.00    0.00     4      0.00      0.00       0       0   0.00  kworker/4:5-events
02:45:40 AM     0       221    0.00    0.00    0.00    0.00    0.00     0      0.00      0.00       0       0   0.00  kworker/6:12-events
02:45:40 AM     0       222    0.00    0.00    0.00    0.00    0.00     0      0.00      0.00       0       0   0.00  kworker/6:13-events
02:45:40 AM     0       225    0.00    0.00    0.00    0.00    0.00     0      0.00      0.00       0       0   0.00  irq/68-tegra_dp
02:45:40 AM     0       226    0.00    0.00    0.00    0.00    0.00     0      0.00      0.00       0       0   0.00  irq/65-15210000
02:45:40 AM     0       227    0.00    0.00    0.00    0.00    0.00     0      0.00      0.00       0       0   0.00  tegradc.1/a
02:45:40 AM     0       228    0.00    0.00    0.00    0.00    0.00     0      0.00      0.00       0       0   0.00  tegradc.1/b
02:45:40 AM     0       229    0.00    0.00    0.00    0.00    0.00     0      0.00      0.00       0       0   0.00  tegradc.1/c
02:45:40 AM     0       230    0.00    0.00    0.00    0.00    0.00     0      0.00      0.00       0       0   0.00  tegradc.1/d
02:45:40 AM     0       231    0.00    0.00    0.00    0.00    0.00     0      0.00      0.00       0       0   0.00  tegradc.1/e
02:45:40 AM     0       232    0.00    0.00    0.00    0.00    0.00     0      0.00      0.00       0       0   0.00  tegradc.1/f
02:45:40 AM     0       233    0.00    0.00    0.00    0.00    0.00     1      0.00      0.00       0       0   0.00  tegradc.1/sl
02:45:40 AM     0       234    0.00    0.00    0.00    0.00    0.00     0      0.00      0.00       0       0   0.00  irq/63-15210000
02:45:40 AM     0       249    0.00    0.00    0.00    0.00    0.00     0      0.00      0.00       0       0   0.00  irq/56-d230000.
02:45:40 AM     0       250    0.00    0.00    0.00    0.00    0.00     0      0.00      0.00       0       0   0.00  irq/69-tegra_dp
02:45:40 AM     0       251    0.00    0.00    0.00    0.00    0.00     0      0.00      0.00       0       0   0.00  irq/66-15220000
02:45:40 AM     0       252    0.00    0.00    0.00    0.00    0.00     0      0.00      0.00       0       0   0.00  tegradc.2/a
02:45:40 AM     0       253    0.00    0.00    0.00    0.00    0.00     0      0.00      0.00       0       0   0.00  tegradc.2/b
02:45:40 AM     0       254    0.00    0.00    0.00    0.00    0.00     0      0.00      0.00       0       0   0.00  tegradc.2/c
02:45:40 AM     0       255    0.00    0.00    0.00    0.00    0.00     0      0.00      0.00       0       0   0.00  tegradc.2/d
02:45:40 AM     0       256    0.00    0.00    0.00    0.00    0.00     0      0.00      0.00       0       0   0.00  tegradc.2/e
02:45:40 AM     0       257    0.00    0.00    0.00    0.00    0.00     0      0.00      0.00       0       0   0.00  tegradc.2/f
02:45:40 AM     0       258    0.00    0.00    0.00    0.00    0.00     0      0.00      0.00       0       0   0.00  tegradc.2/sl
02:45:40 AM     0       259    0.00    0.00    0.00    0.00    0.00     0      0.00      0.00       0       0   0.00  irq/64-15220000
02:45:40 AM     0       275    0.00    0.00    0.00    0.00    0.00     0      0.00      0.00       0       0   0.00  jbd2/mmcblk0p1-
02:45:40 AM     0       276    0.00    0.00    0.00    0.00    0.00     3      0.00      0.00       0       0   0.00  ext4-rsv-conver
02:45:40 AM     0       280    0.00    0.00    0.00    0.00    0.00     7      0.00      0.00       0       0   0.00  kworker/7:1H
02:45:40 AM     0       286    0.00    0.00    0.00    0.00    0.00     5      0.00      0.00       0       0   0.00  kworker/5:1H-kblockd
02:45:40 AM     0       312    0.00    0.00    0.00    0.00    0.00     1      0.00      0.00   61816   31808   0.10  systemd-journal
02:45:40 AM     0       338    0.00    4.00    0.00   22.00    4.00     0      0.00      0.00       0       0   0.00  nvmap-bz
02:45:40 AM     0       339    0.00    0.00    0.00    0.00    0.00     0      0.00      0.00       0       0   0.00  irq/204-gk20a_s
02:45:40 AM     0       340    0.00    0.00    0.00    0.00    0.00     0      0.00      0.00       0       0   0.00  irq/205-gk20a_n
02:45:40 AM     0       345    0.00    0.00    0.00    0.00    0.00     3      0.00      0.00    2776    1492   0.00  tee-supplicant
02:45:40 AM     0       347    0.00    0.00    0.00    0.00    0.00     3      0.00      0.00       0       0   0.00  optee_bus_scan
02:45:40 AM     0       358    0.00    0.00    0.00    0.00    0.00     3      0.00      0.00   22788    7532   0.02  systemd-udevd
02:45:40 AM     0       364    0.00    0.00    0.00    0.00    0.00     1      0.00      0.00    7948    4892   0.02  haveged
02:45:40 AM   126       365    0.00    0.00    0.00    0.00    0.00     3      0.00      0.00    7136    3108   0.01  rpcbind
02:45:40 AM   105       366    0.00    0.00    0.00    0.00    0.00     1      0.00      0.00   25592   13288   0.04  systemd-resolve
02:45:40 AM   103       367    0.00    0.00    0.00    0.00    0.00     1      0.00      0.00   90672    6220   0.02  systemd-timesyn
02:45:40 AM     0       407    0.00    0.00    0.00    0.00    0.00     5      0.00      0.00       0       0   0.00  cfg80211
02:45:40 AM     0       410    0.00    0.00    0.00    0.00    0.00     0      0.00      0.00       0       0   0.00  irq/42-3210000.
02:45:40 AM     0       412    0.00    0.00    0.00    0.00    0.00     2      0.00      0.00       0       0   0.00  spi0
02:45:40 AM     0       413    0.00   16.00    0.00    1.00   16.00     1      0.00      0.00       0       0   0.00  irq/282-iwlwifi
02:45:40 AM     0       416    0.00    0.00    0.00    0.00    0.00     4      0.00      0.00       0       0   0.00  ata_sff
02:45:40 AM     0       419    0.00    0.00    0.00    0.00    0.00     0      0.00      0.00       0       0   0.00  irq/43-c260000.
02:45:40 AM     0       420    0.00    0.00    0.00    0.00    0.00     6      0.00      0.00       0       0   0.00  scsi_eh_1
02:45:40 AM     0       422    0.00    0.00    0.00    0.00    0.00     6      0.00      0.00       0       0   0.00  scsi_tmf_1
02:45:40 AM     0       427    0.00    0.00    0.00    0.00    0.00     0      0.00      0.00       0       0   0.00  spi1
02:45:40 AM     0       430    0.00    0.00    0.00    0.00    0.00     3      0.00      0.00  242072    8880   0.03  accounts-daemon
02:45:40 AM   120       439    1.00    0.00    0.00    0.00    1.00     1      0.00      0.00    7084    3472   0.01  avahi-daemon
02:45:40 AM     0       441    0.00    0.00    0.00    0.00    0.00     3      0.00      0.00    9220    2516   0.01  cron
02:45:40 AM   106       443    0.00    0.00    0.00    0.00    0.00     3      0.00      0.00    9396    5264   0.02  dbus-daemon
02:45:40 AM     0       447    0.00    0.00    0.00    0.00    0.00     1      0.00      0.00  341244   20856   0.07  NetworkManager
02:45:40 AM     0       456    0.00    0.00    0.00    0.00    0.00     4      0.00      0.00   38300   19472   0.06  networkd-dispat
02:45:40 AM     0       473    0.00    0.00    0.00    0.00    0.00     2      0.00      0.00  238860   13352   0.04  polkitd
02:45:40 AM   125       483    0.00    0.00    0.00    0.00    0.00     3      0.00      0.00  220940    8288   0.03  rsyslogd
02:45:40 AM     0       503    0.00    0.00    0.00    0.00    0.00     2      0.00      0.00  235864    4364   0.01  switcheroo-cont
02:45:40 AM     0       514    0.00    0.00    0.00    0.00    0.00     2      0.00      0.00   17076    6760   0.02  systemd-logind
02:45:40 AM     0       523    0.00    0.00    0.00    0.00    0.00     1      0.00      0.00  395556   15676   0.05  udisksd
02:45:40 AM     0       528    0.00    0.00    0.00    0.00    0.00     1      0.00      0.00   12784    8052   0.03  wpa_supplicant
02:45:40 AM     0       548    0.00    0.00    0.00    0.00    0.00     0      0.00      0.00       0       0   0.00  sugov:0
02:45:40 AM   120       555    0.00    0.00    0.00    0.00    0.00     2      0.00      0.00    6896     324   0.00  avahi-daemon
02:45:40 AM     0       585    0.00    0.00    0.00    0.00    0.00     5      0.00      0.00       0       0   0.00  tmp451
02:45:40 AM     0       597    0.00    0.00    0.00    0.00    0.00     3      0.00      0.00       0       0   0.00  irq/286-1-0008
02:45:40 AM     0       600    0.00    0.00    0.00    0.00    0.00     2      0.00      0.00  321792   14480   0.05  ModemManager
02:45:40 AM     0       653    0.00    0.00    0.00    0.00    0.00     0      0.00      0.00    2476     604   0.00  nvfancontrol
02:45:40 AM     0       728    0.00    0.00    0.00    0.00    0.00     4      0.00      0.00       0       0   0.00  adspp_kthread
02:45:40 AM     0       779    0.00    0.00    0.00    0.00    0.00     6      0.00      0.00       0       0   0.00  kworker/6:2H-kblockd
02:45:40 AM     0       876    0.00    0.00    0.00    0.00    0.00     1      0.00      0.00       0       0   0.00  irq/289-2490000
02:45:40 AM     0       887    0.00    0.00    0.00    0.00    0.00     0      0.00      0.00       0       0   0.00  irq/32-eth0.com
02:45:40 AM     0       919    0.00    0.00    0.00    0.00    0.00     4      0.00      0.00       0       0   0.00  file-storage
02:45:40 AM     0       953    0.00    0.00    0.00    0.00    0.00     1      0.00      0.00       0       0   0.00  loop0
02:45:40 AM     0      1048    0.00    0.00    0.00    0.00    0.00     4      0.00      0.00       0       0   0.00  kworker/4:2H-kblockd
02:45:40 AM     0      1091    0.00    0.00    0.00    0.00    0.00     3      0.00      0.00       0       0   0.00  cryptd
02:45:40 AM     0      1147    0.00    0.00    0.00    0.00    0.00     2      0.00      0.00       0       0   0.00  sw-quiesce
02:45:40 AM     0      1148    0.00    0.00    0.00    0.00    0.00     1      0.00      0.00       0       0   0.00  nvgpu_channel_p
02:45:40 AM     0      1151    0.00    0.00    0.00    0.00    0.00     0      0.00      0.00       0       0   0.00  nvgpu_nvs_gv11b
02:45:40 AM     0      1153    0.00    0.00    0.00    0.00    0.00     0      0.00      0.00       0       0   0.00  nvgpu_pg_init_g
02:45:40 AM     0      1157    0.00    0.00    0.00    0.00    0.00     2      0.00      0.00       0       0   0.00  nvgpu_clk_arb_p
02:45:40 AM     0      1162    0.00    0.00    0.00    0.00    0.00     3      0.00      0.00       0       0   0.00  irq/288-rt5659
02:45:40 AM     0      1270    0.00    0.00    0.00    0.00    0.00     3      0.00      0.00   55688   11092   0.03  nvargus-daemon
02:45:40 AM     0      1273    0.00    0.00    0.00    0.00    0.00     3      0.00      0.00   21932    1552   0.00  nvs-service
02:45:40 AM     0      1298    0.00    0.00    0.00    0.00    0.00     1      0.00      0.00 2007972   50424   0.16  containerd
02:45:40 AM     0      1314    0.00    0.00    0.00    0.00    0.00     0      0.00      0.00  240032    7616   0.02  gdm3
02:45:40 AM   108      1326    0.00    0.00    0.00    0.00    0.00     2      0.00      0.00   11468    1896   0.01  kerneloops
02:45:40 AM     0      1327    0.00    0.00    0.00    0.00    0.00     3      0.00      0.00   12236    6576   0.02  sshd
02:45:40 AM     0      1336    0.00    0.00    0.00    0.00    0.00     0      0.00      0.00    7688    1876   0.01  agetty
02:45:40 AM     0      1337    0.00    0.00    0.00    0.00    0.00     2      0.00      0.00    7688    1904   0.01  agetty
02:45:40 AM   108      1339    0.00    0.00    0.00    0.00    0.00     0      0.00      0.00   11468    1820   0.01  kerneloops
02:45:40 AM     0      1340    0.00    0.00    0.00    0.00    0.00     3      0.00      0.00    9216    2824   0.01  nvgetty.sh
02:45:40 AM     0      1379    0.00    0.00    0.00    0.00    0.00     0      0.00      0.00    7688    1848   0.01  getty
02:45:40 AM     0      1554    0.00    0.00    0.00    0.00    0.00     2      0.00      0.00 2111796   85472   0.27  dockerd
02:45:40 AM     0      1677    0.00    0.00    0.00    0.00    0.00     1      0.00      0.00  168472    8256   0.03  gdm-session-wor
02:45:40 AM     0      1711    0.00    0.00    0.00    0.00    0.00     0      0.00      0.00    3248     808   0.00  nvphsd
02:45:40 AM     0      1716    0.00    0.00    0.00    0.00    0.00     3      0.00      0.00    3380    1788   0.01  nvphsd
02:45:40 AM   124      1789    0.00    0.00    0.00    0.00    0.00     3      0.00      0.00   19144    9224   0.03  systemd
02:45:40 AM   124      1804    0.00    0.00    0.00    0.00    0.00     3      0.00      0.00  104488    5436   0.02  (sd-pam)
02:45:40 AM   124      2014    0.00    0.00    0.00    0.00    0.00     0      0.00      0.00  961884   21984   0.07  pulseaudio
02:45:40 AM   124      2032    0.00    0.00    0.00    0.00    0.00     2      0.00      0.00  164156    5924   0.02  gdm-x-session
02:45:40 AM   124      2037    0.00    0.00    0.00    0.00    0.00     1      0.00      0.00 25330232   99256   0.31  Xorg
02:45:40 AM   118      2040    0.00    0.00    0.00    0.00    0.00     1      0.00      0.00  152516    2440   0.01  rtkit-daemon
02:45:40 AM   124      2162    0.00    0.00    0.00    0.00    0.00     2      0.00      0.00    7812    3448   0.01  dbus-daemon
02:45:40 AM   124      2428    0.00    0.00    0.00    0.00    0.00     0      0.00      0.00    4776    1164   0.00  dbus-run-sessio
02:45:40 AM   124      2429    0.00    0.00    0.00    0.00    0.00     2      0.00      0.00    8088    4104   0.01  dbus-daemon
02:45:40 AM   124      2438    0.00    0.00    0.00    0.00    0.00     2      0.00      0.00  559768   14932   0.05  gnome-session-b
02:45:40 AM     0      2457    0.00    0.00    0.00    0.00    0.00     2      0.00      0.00  101692   19628   0.06  jtop
02:45:40 AM   124      2463    0.00    0.00    0.00    0.00    0.00     3      0.00      0.00  309548   10092   0.03  at-spi-bus-laun
02:45:40 AM   124      2470    0.00    0.00    0.00    0.00    0.00     1      0.00      0.00    7676    3468   0.01  dbus-daemon
02:45:40 AM   124      2495    0.00    0.00    0.00    0.00    0.00     1      0.00      0.00 4022996  194908   0.61  gnome-shell
02:45:40 AM     0      2510    0.00    0.00    0.00    0.00    0.00     0      0.00      0.00  175424   16904   0.05  jtop
02:45:40 AM     0      2518    0.00    0.00    0.00    0.00    0.00     2      0.00      0.00  101692   17160   0.05  jtop
02:45:40 AM   124      2696    0.00    0.00    0.00    0.00    0.00     0      0.00      0.00  314420   11212   0.04  ibus-daemon
02:45:40 AM   124      2699    0.00    0.00    0.00    0.00    0.00     2      0.00      0.00  239960   11792   0.04  ibus-dconf
02:45:40 AM   124      2701    0.00    0.00    0.00    0.00    0.00     2      0.00      0.00  189920   16900   0.05  ibus-x11
02:45:40 AM   124      2704    0.00    0.00    0.00    0.00    0.00     3      0.00      0.00  239880    7776   0.02  ibus-portal
02:45:40 AM   124      2715    0.00    0.00    0.00    0.00    0.00     1      0.00      0.00  161420    6880   0.02  at-spi2-registr
02:45:40 AM   124      2719    0.00    0.00    0.00    0.00    0.00     3      0.00      0.00  235804    4672   0.01  xdg-permission-
02:45:40 AM     0      2725    0.00    0.00    0.00    0.00    0.00     3      0.00      0.00  252944    8776   0.03  upowerd
02:45:40 AM   124      2745    0.00    0.00    0.00    0.00    0.00     2      0.00      0.00 3001620   27244   0.09  gjs
02:45:40 AM   124      2764    0.00    0.00    0.00    0.00    0.00     2      0.00      0.00  469396   14236   0.04  gsd-sharing
02:45:40 AM   124      2765    0.00    0.00    0.00    0.00    0.00     1      0.00      0.00  334628   15072   0.05  gsd-wacom
02:45:40 AM   124      2768    0.00    0.00    0.00    0.00    0.00     2      0.00      0.00  571788   19844   0.06  gsd-color
02:45:40 AM   124      2772    0.00    0.00    0.00    0.00    0.00     3      0.00      0.00  338096   17824   0.06  gsd-keyboard
02:45:40 AM   124      2774    0.00    0.00    0.00    0.00    0.00     2      0.00      0.00  322508   11376   0.04  gsd-print-notif
02:45:40 AM   124      2779    0.00    0.00    0.00    0.00    0.00     3      0.00      0.00  166208    7736   0.02  ibus-engine-sim
02:45:40 AM   124      2780    0.00    0.00    0.00    0.00    0.00     1      0.00      0.00  457460    7996   0.03  gsd-rfkill
02:45:40 AM   124      2782    0.00    0.00    0.00    0.00    0.00     1      0.00      0.00  391976    9696   0.03  gsd-smartcard
02:45:40 AM   124      2784    0.00    0.00    0.00    0.00    0.00     2      0.00      0.00  374928   15372   0.05  gsd-datetime
02:45:40 AM   124      2790    0.00    0.00    0.00    0.00    0.00     3      0.00      0.00  679696   20032   0.06  gsd-media-keys
02:45:40 AM   124      2791    0.00    0.00    0.00    0.00    0.00     3      0.00      0.00  235772    5600   0.02  gsd-screensaver
02:45:40 AM   124      2793    0.00    0.00    0.00    0.00    0.00     3      0.00      0.00  320104    9452   0.03  gsd-sound
02:45:40 AM   124      2795    0.00    0.00    0.00    0.00    0.00     3      0.00      0.00  313652   10144   0.03  gsd-a11y-settin
02:45:40 AM   124      2799    0.00    0.00    0.00    0.00    0.00     2      0.00      0.00  313992   10540   0.03  gsd-housekeepin
02:45:40 AM   124      2802    0.00    0.00    0.00    0.00    0.00     1      0.00      0.00  339724   18828   0.06  gsd-power
02:45:40 AM   124      2824    0.00    0.00    0.00    0.00    0.00     2      0.00      0.00  342540   12784   0.04  gsd-printer
02:45:40 AM   119      2837    0.00    0.00    0.00    0.00    0.00     2      0.00      0.00  249328   17548   0.06  colord
02:45:40 AM     0     29120    0.00    0.00    0.00    0.00    0.00     3      0.00      0.00       0       0   0.00  kworker/u17:2
02:45:40 AM     0     33852    0.00    0.00    0.00    0.00    0.00     1      0.00      0.00       0       0   0.00  kworker/1:0H-kblockd
02:45:40 AM     0     35048    0.00    0.00    0.00    0.00    0.00     0      0.00      0.00       0       0   0.00  kworker/u17:0-thermal_fan_est
02:45:40 AM  1000     39960    0.00    0.00    0.00    0.00    0.00     2      0.00      0.00   19248    9208   0.03  systemd
02:45:40 AM  1000     39961    0.00    0.00    0.00    0.00    0.00     2      0.00      0.00  170940    6304   0.02  (sd-pam)
02:45:40 AM  1000     40037    0.00    0.00    0.00    0.00    0.00     3      0.00      0.00    7812    3952   0.01  dbus-daemon
02:45:40 AM     0     40147    0.00    0.00    0.00    0.00    0.00     1      0.00      0.00       0       0   0.00  kworker/1:0-events
02:45:40 AM     0     40174    0.00    0.00    0.00    0.00    0.00     2      0.00      0.00       0       0   0.00  kworker/2:2H-kblockd
02:45:40 AM     0     40194    0.00    0.00    0.00    0.00    0.00     3      0.00      0.00       0       0   0.00  kworker/3:0H-kblockd
02:45:40 AM     0     41650    0.00    0.00    0.00    0.00    0.00     3      0.00      0.00       0       0   0.00  kworker/3:0-events
02:45:40 AM     0     43913    0.00    0.00    0.00    0.00    0.00     2      0.00      0.00   14768    7560   0.02  sshd
02:45:40 AM  1000     43958    0.00    0.00    0.00    0.00    0.00     0      0.00      0.00   15292    6400   0.02  sshd
02:45:40 AM  1000     43959    0.00    0.00    0.00    0.00    0.00     1      0.00      0.00   11344    5444   0.02  bash
02:45:40 AM     0     50050    0.00    0.00    0.00    0.00    0.00     2      0.00      0.00   14768    7572   0.02  sshd
02:45:40 AM  1000     50094    0.00    0.00    0.00    0.00    0.00     3      0.00      0.00   15292    6428   0.02  sshd
02:45:40 AM  1000     50095    0.00    0.00    0.00    0.00    0.00     2      0.00      0.00   11344    5448   0.02  bash
02:45:40 AM     0     81462    0.00    0.00    0.00    0.00    0.00     2      0.00      0.00       0       0   0.00  kworker/2:2-mm_percpu_wq
02:45:40 AM     0     81478    0.00    1.00    0.00    0.00    1.00     0      0.00      0.00       0       0   0.00  kworker/0:1H-kblockd
02:45:40 AM  1000     84840    0.00    0.00    0.00    0.00    0.00     3      0.00      0.00  240176   10088   0.03  gnome-keyring-d
02:45:40 AM   124     84900    0.00    0.00    0.00    0.00    0.00     1      0.00      0.00  156240    4584   0.01  dconf-service
02:45:40 AM     0     85427    0.00    0.00    0.00    0.00    0.00     0      0.00      0.00       0       0   0.00  kworker/0:2-events
02:45:40 AM     0     86310    0.00    1.00    0.00    0.00    1.00     3      0.00      0.00       0       0   0.00  kworker/u16:1-events_unbound
02:45:40 AM     0     86312    0.00    0.00    0.00    0.00    0.00     3      0.00      0.00   14768    7564   0.02  sshd
02:45:40 AM  1000     86356    0.00    0.00    0.00    0.00    0.00     0      0.00      0.00   15292    6380   0.02  sshd
02:45:40 AM  1000     86357    0.00    0.00    0.00    0.00    0.00     1      0.00      0.00   11344    5440   0.02  bash
02:45:40 AM     0     86549    0.00    0.00    0.00    0.00    0.00     2      0.00      0.00   14768    7664   0.02  sshd
02:45:40 AM  1000     86593    1.00    3.00    0.00    0.00    4.00     3      0.00      0.00   15292    6480   0.02  sshd
02:45:40 AM  1000     86594    0.00    0.00    0.00    0.00    0.00     3      0.00      0.00   11860    5896   0.02  bash
02:45:40 AM     0     86632    0.00    0.00    0.00    0.00    0.00     3      0.00      0.00       0       0   0.00  kworker/3:2
02:45:40 AM     0     87290    0.00    0.00    0.00    0.00    0.00     0      0.00      0.00   14768    7584   0.02  sshd
02:45:40 AM  1000     87334    0.00    0.00    0.00    0.00    0.00     0      0.00      0.00   15292    6412   0.02  sshd
02:45:40 AM  1000     87335    0.00    0.00    0.00    0.00    0.00     2      0.00      0.00   11344    5436   0.02  bash
02:45:40 AM     0     89981    0.00    0.00    0.00    0.00    0.00     1      0.00      0.00       0       0   0.00  kworker/1:1-events
02:45:40 AM     0     95050    0.00    0.00    0.00    0.00    0.00     2      0.00      0.00       0       0   0.00  kworker/2:0-events
02:45:40 AM     0     96173    0.00    0.00    0.00    1.00    0.00     1      0.00      0.00       0       0   0.00  kworker/1:2-events
02:45:40 AM     0     99494    0.00    0.00    0.00    0.00    0.00     3      0.00      0.00       0       0   0.00  kworker/u16:3-events_unbound
02:45:40 AM     0    107801    0.00    0.00    0.00    0.00    0.00     1      0.00      0.00       0       0   0.00  kworker/1:2H
02:45:40 AM     0    122883    0.00    1.00    0.00    0.00    1.00     2      0.00      0.00       0       0   0.00  kworker/u16:2-events_unbound
02:45:40 AM     0    123203    0.00    0.00    0.00    0.00    0.00     3      0.00      0.00       0       0   0.00  kworker/3:2H
02:45:40 AM     0    124025    0.00    0.00    0.00    0.00    0.00     2      0.00      0.00       0       0   0.00  kworker/2:0H
02:45:40 AM     0    130503    0.00    0.00    0.00    0.00    0.00     0      0.00      0.00       0       0   0.00  kworker/0:0H
02:45:40 AM     0    130577    0.00    0.00    0.00    0.00    0.00     0      0.00      0.00       0       0   0.00  kworker/0:1-events
02:45:40 AM     0    130584    0.00    0.00    0.00    0.00    0.00     2      0.00      0.00   14768    7576   0.02  sshd
02:45:40 AM  1000    130628    1.00    1.00    0.00    1.00    2.00     2      0.00      0.00   16676    7816   0.02  sshd
02:45:40 AM  1000    130629    0.00    0.00    0.00    0.00    0.00     3      0.00      0.00   11344    5436   0.02  bash
02:45:40 AM  1000    130765    1.00    0.00    0.00    1.00    1.00     0      0.00      0.00  283948   43148   0.14  roslaunch
02:45:40 AM  1000    130773    1.00    0.00    0.00    0.00    1.00     0      0.00      0.00  797980   45664   0.14  rosmaster
02:45:40 AM  1000    130783    0.00    0.00    0.00    0.00    0.00     0      0.00      0.00  274964   10152   0.03  rosout
02:45:40 AM  1000    130790   70.00   76.00    0.00   21.00  146.00     0      0.00      0.00 34790064  696556   2.19  scale_truck_con
02:45:40 AM  1000    130791   30.00   60.00    0.00    0.00   90.00     2      0.00      0.00 1571432  113560   0.36  LRC
02:45:40 AM  1000    130854   10.00    4.00    0.00    0.00   14.00     2      2.00      0.00  724884   72408   0.23  python3
02:45:40 AM     0    131985    0.00    0.00    0.00    0.00    0.00     2      0.00      0.00       0       0   0.00  kworker/2:1H
02:45:40 AM     0    132214    0.00    0.00    0.00    0.00    0.00     1      0.00      0.00       0       0   0.00  kworker/1:1H
02:45:40 AM     0    133801    0.00    0.00    0.00    0.00    0.00     0      0.00      0.00       0       0   0.00  kworker/0:0-events
02:45:40 AM     0    137289    0.00    0.00    0.00    0.00    0.00     1      0.00      0.00       0       0   0.00  kworker/1:3
02:45:40 AM  1000    137686    0.00    0.00    0.00    0.00    0.00     1      0.00      0.00    7828     564   0.00  timeout
02:45:40 AM  1000    137689    0.00    0.00    0.00    0.00    0.00     1      0.00      0.00    9208    3064   0.01  bash
02:45:40 AM  1000    137690    0.00    0.00    0.00    0.00    0.00     3      0.00      0.00   68712   43028   0.14  rosbag
02:45:40 AM  1000    137878   14.00   25.00    0.00    0.00   39.00     2     37.00      0.00 1172076   25116   0.08  record
02:45:40 AM  1000    137884    0.00    0.00    0.00    0.00    0.00     1      0.00      0.00   68692   43012   0.14  rosbag
02:45:40 AM  1000    138038    4.00   14.00    0.00   11.00   18.00     2      0.00      0.00   17716   10256   0.03  pidstat
02:45:40 AM  1000    138084    3.00    8.00    0.00    4.00   11.00     3      0.00      0.00  365380   27232   0.09  play

# Time        UID       PID    %usr %system  %guest   %wait    %CPU   CPU  minflt/s  majflt/s     VSZ     RSS   %MEM  Command
02:45:41 AM     0         1    0.00    0.00    0.00    0.00    0.00     0      0.00      0.00  169880   11540   0.04  systemd
02:45:41 AM     0         2    0.00    0.00    0.00    0.00    0.00     1      0.00      0.00       0       0   0.00  kthreadd
02:45:41 AM     0         3    0.00    0.00    0.00    0.00    0.00     0      0.00      0.00       0       0   0.00  rcu_gp
02:45:41 AM     0         4    0.00    0.00    0.00    0.00    0.00     0      0.00      0.00       0       0   0.00  rcu_par_gp
02:45:41 AM     0         8    0.00    0.00    0.00    0.00    0.00     0      0.00      0.00       0       0   0.00  mm_percpu_wq
02:45:41 AM     0         9    0.00    0.00    0.00    0.00    0.00     0      0.00      0.00       0       0   0.00  rcu_tasks_kthre
02:45:41 AM     0        10    0.00    0.00    0.00    0.00    0.00     0      0.00      0.00       0       0   0.00  rcu_tasks_rude_
02:45:41 AM     0        11    0.00    0.00    0.00    0.00    0.00     0      0.00      0.00       0       0   0.00  rcu_tasks_trace
02:45:41 AM     0        12    0.00    0.00    0.00    0.00    0.00     0      0.00      0.00       0       0   0.00  ksoftirqd/0
02:45:41 AM     0        13    0.00    0.00    0.00    1.00    0.00     3      0.00      0.00       0       0   0.00  rcu_preempt
02:45:41 AM     0        14    0.00    0.00    0.00    0.00    0.00     0      0.00      0.00       0       0   0.00  migration/0
02:45:41 AM     0        16    0.00    0.00    0.00    0.00    0.00     0      0.00      0.00       0       0   0.00  cpuhp/0
02:45:41 AM     0        17    0.00    0.00    0.00    0.00    0.00     1      0.00      0.00       0       0   0.00  cpuhp/1
02:45:41 AM     0        18    0.00    0.00    0.00    0.00    0.00     1      0.00      0.00       0       0   0.00  migration/1
02:45:41 AM     0        19    0.00    0.00    0.00    0.00    0.00     1      0.00      0.00       0       0   0.00  ksoftirqd/1
02:45:41 AM     0        22    0.00    0.00    0.00    0.00    0.00     2      0.00      0.00       0       0   0.00  cpuhp/2
02:45:41 AM     0        23    0.00    0.00    0.00    0.00    0.00     2      0.00      0.00       0       0   0.00  migration/2
02:45:41 AM     0        24    0.00    0.00    0.00    0.00    0.00     2      0.00      0.00       0       0   0.00  ksoftirqd/2
02:45:41 AM     0        27    0.00    0.00    0.00    0.00    0.00     3      0.00      0.00       0       0   0.00  cpuhp/3
02:45:41 AM     0        28    0.00    0.00    0.00    0.00    0.00     3      0.00      0.00       0       0   0.00  migration/3
02:45:41 AM     0        29    0.00    1.00    0.00    0.00    1.00     3      0.00      0.00       0       0   0.00  ksoftirqd/3
02:45:41 AM     0        32    0.00    0.00    0.00    0.00    0.00     4      0.00      0.00       0       0   0.00  cpuhp/4
02:45:41 AM     0        33    0.00    0.00    0.00    0.00    0.00     4      0.00      0.00       0       0   0.00  migration/4
02:45:41 AM     0        34    0.00    0.00    0.00    0.00    0.00     4      0.00      0.00       0       0   0.00  ksoftirqd/4
02:45:41 AM     0        36    0.00    0.00    0.00    0.00    0.00     4      0.00      0.00       0       0   0.00  kworker/4:0H-kblockd
02:45:41 AM     0        37    0.00    0.00    0.00    0.00    0.00     5      0.00      0.00       0       0   0.00  cpuhp/5
02:45:41 AM     0        38    0.00    0.00    0.00    0.00    0.00     5      0.00      0.00       0       0   0.00  migration/5
02:45:41 AM     0        39    0.00    0.00    0.00    0.00    0.00     5      0.00      0.00       0       0   0.00  ksoftirqd/5
02:45:41 AM     0        41    0.00    0.00    0.00    0.00    0.00     5      0.00      0.00       0       0   0.00  kworker/5:0H-kblockd
02:45:41 AM     0        42    0.00    0.00    0.00    0.00    0.00     6      0.00      0.00       0       0   0.00  cpuhp/6
02:45:41 AM     0        43    0.00    0.00    0.00    0.00    0.00     6      0.00      0.00       0       0   0.00  migration/6
02:45:41 AM     0        44    0.00    0.00    0.00    0.00    0.00     6      0.00      0.00       0       0   0.00  ksoftirqd/6
02:45:41 AM     0        46    0.00    0.00    0.00    0.00    0.00     6      0.00      0.00       0       0   0.00  kworker/6:0H-events_highpri
02:45:41 AM     0        47    0.00    0.00    0.00    0.00    0.00     7      0.00      0.00       0       0   0.00  cpuhp/7
02:45:41 AM     0        48    0.00    0.00    0.00    0.00    0.00     7      0.00      0.00       0       0   0.00  migration/7
02:45:41 AM     0        49    0.00    0.00    0.00    0.00    0.00     7      0.00      0.00       0       0   0.00  ksoftirqd/7
02:45:41 AM     0        50    0.00    0.00    0.00    0.00    0.00     0      0.00      0.00       0       0   0.00  kworker/7:0-rcu_gp
02:45:41 AM     0        51    0.00    0.00    0.00    0.00    0.00     7      0.00      0.00       0       0   0.00  kworker/7:0H-kblockd
02:45:41 AM     0        52    0.00    0.00    0.00    0.00    0.00     0      0.00      0.00       0       0   0.00  kdevtmpfs
02:45:41 AM     0        53    0.00    0.00    0.00    0.00    0.00     4      0.00      0.00       0       0   0.00  netns
02:45:41 AM     0        54    0.00    0.00    0.00    0.00    0.00     1      0.00      0.00       0       0   0.00  kauditd
02:45:41 AM     0        55    0.00    0.00    0.00    0.00    0.00     0      0.00      0.00       0       0   0.00  irq/87-mc_statu
02:45:41 AM     0        56    0.00    0.00    0.00    0.00    0.00     2      0.00      0.00       0       0   0.00  khungtaskd
02:45:41 AM     0        57    0.00    0.00    0.00    0.00    0.00     3      0.00      0.00       0       0   0.00  oom_reaper
02:45:41 AM     0        58    0.00    0.00    0.00    0.00    0.00     5      0.00      0.00       0       0   0.00  writeback
02:45:41 AM     0        59    0.00    0.00    0.00    0.00    0.00     3      0.00      0.00       0       0   0.00  kcompactd0
02:45:41 AM     0        60    0.00    0.00    0.00    0.00    0.00     1      0.00      0.00       0       0   0.00  ksmd
02:45:41 AM     0        61    0.00    0.00    0.00    0.00    0.00     0      0.00      0.00       0       0   0.00  khugepaged
02:45:41 AM     0        93    0.00    0.00    0.00    0.00    0.00     1      0.00      0.00       0       0   0.00  kintegrityd
02:45:41 AM     0        94    0.00    0.00    0.00    0.00    0.00     1      0.00      0.00       0       0   0.00  kblockd
02:45:41 AM     0        95    0.00    0.00    0.00    0.00    0.00     1      0.00      0.00       0       0   0.00  blkcg_punt_bio
02:45:41 AM     0        97    0.00    0.00    0.00    0.00    0.00     3      0.00      0.00       0       0   0.00  tpm_dev_wq
02:45:41 AM     0        98    0.00    0.00    0.00    0.00    0.00     0      0.00      0.00       0       0   0.00  irq/197-30c0000
02:45:41 AM     0        99    0.00    0.00    0.00    0.00    0.00     1      0.00      0.00       0       0   0.00  devfreq_wq
02:45:41 AM     0       100    0.00    0.00    0.00    0.00    0.00     1      0.00      0.00       0       0   0.00  watchdogd
02:45:41 AM     0       104    0.00    0.00    0.00    0.00    0.00     7      0.00      0.00       0       0   0.00  rpciod
02:45:41 AM     0       106    0.00    0.00    0.00    0.00    0.00     7      0.00      0.00       0       0   0.00  xprtiod
02:45:41 AM     0       108    0.00    0.00    0.00    0.00    0.00     7      0.00      0.00       0       0   0.00  kswapd0
02:45:41 AM     0       109    0.00    0.00    0.00    0.00    0.00     5      0.00      0.00       0       0   0.00  nfsiod
02:45:41 AM     0       112    0.00    0.00    0.00    0.00    0.00     1      0.00      0.00       0       0   0.00  kthrotld
02:45:41 AM     0       113    0.00    0.00    0.00    0.00    0.00     7      0.00      0.00       0       0   0.00  kpcitest
02:45:41 AM     0       116    0.00    0.00    0.00    0.00    0.00     5      0.00      0.00       0       0   0.00  kworker/5:1-events
02:45:41 AM     0       122    0.00    0.00    0.00    0.00    0.00     1      0.00      0.00       0       0   0.00  nvme-wq
02:45:41 AM     0       123    0.00    0.00    0.00    0.00    0.00     5      0.00      0.00       0       0   0.00  nvme-reset-wq
02:45:41 AM     0       124    0.00    0.00    0.00    0.00    0.00     6      0.00      0.00       0       0   0.00  nvme-delete-wq
02:45:41 AM     0       125    0.00    0.00    0.00    0.00    0.00     6      0.00      0.00       0       0   0.00  uas
02:45:41 AM     0       126    0.00    0.00    0.00    0.00    0.00     0      0.00      0.00       0       0   0.00  irq/222-tegra_r
02:45:41 AM     0       127    0.00    0.00    0.00    0.00    0.00     0      0.00      0.00       0       0   0.00  kworker/7:2-events
02:45:41 AM     0       129    0.00    0.00    0.00    0.00    0.00     0      0.00      0.00       0       0   0.00  irq/86-tegra-oc
02:45:41 AM     0       130    0.00    0.00    0.00    0.00    0.00     5      0.00      0.00       0       0   0.00  dm_bufio_cache
02:45:41 AM     0       131    0.00    0.00    0.00    0.00    0.00     0      0.00      0.00       0       0   0.00  irq/223-max7762
02:45:41 AM     0       140    0.00    0.00    0.00    0.00    0.00     0      0.00      0.00       0       0   0.00  irq/55-bc00000.
02:45:41 AM     0       143    0.00    0.00    0.00    0.00    0.00     0      0.00      0.00       0       0   0.00  ipv6_addrconf
02:45:41 AM     0       144    0.00    0.00    0.00    0.00    0.00     6      0.00      0.00       0       0   0.00  krfcommd
02:45:41 AM     0       145    0.00    0.00    0.00    0.00    0.00     0      0.00      0.00       0       0   0.00  kstrp
02:45:41 AM     0       150    0.00    0.00    0.00    0.00    0.00     0      0.00      0.00       0       0   0.00  irq/24-tegra-pc
02:45:41 AM     0       154    0.00    0.00    0.00    0.00    0.00     0      0.00      0.00       0       0   0.00  irq/26-tegra-pc
02:45:41 AM     0       160    0.00    0.00    0.00    0.00    0.00     0      0.00      0.00       0       0   0.00  irq/26-aerdrv
02:45:41 AM     0       161    0.00    0.00    0.00    0.00    0.00     0      0.00      0.00       0       0   0.00  irq/28-tegra-pc
02:45:41 AM     0       162    0.00    0.00    0.00    0.00    0.00     0      0.00      0.00       0       0   0.00  irq/28-aerdrv
02:45:41 AM     0       163    0.00    0.00    0.00    0.00    0.00     5      0.00      0.00       0       0   0.00  host_low_prio_w
02:45:41 AM     0       164    0.00    0.00    0.00    0.00    0.00     0      0.00      0.00       0       0   0.00  irq/57-host_syn
02:45:41 AM     0       165    0.00    0.00    0.00    0.00    0.00     0      0.00      0.00       0       0   0.00  irq/58-host_sta
02:45:41 AM     0       173    0.00    0.00    0.00    0.00    0.00     5      0.00      0.00       0       0   0.00  pva_task_status
02:45:41 AM     0       174    0.00    0.00    0.00    0.00    0.00     0      0.00      0.00       0       0   0.00  irq/75-pva-isr
02:45:41 AM     0       175    0.00    0.00    0.00    0.00    0.00     0      0.00      0.00       0       0   0.00  pva_task_status
02:45:41 AM     0       176    0.00    0.00    0.00    0.00    0.00     0      0.00      0.00       0       0   0.00  irq/76-pva-isr
02:45:41 AM     0       185    0.00    0.00    0.00    0.00    0.00     0      0.00      0.00       0       0   0.00  sdhci
02:45:41 AM     0       186    0.00    0.00    0.00    0.00    0.00     0      0.00      0.00       0       0   0.00  irq/39-mmc0
02:45:41 AM     0       187    0.00    0.00    0.00    0.00    0.00     2      0.00      0.00       0       0   0.00  sdhci
02:45:41 AM     0       189    0.00    0.00    0.00    0.00    0.00     0      0.00      0.00       0       0   0.00  irq/40-mmc1
02:45:41 AM     0       195    0.00    0.00    0.00    0.00    0.00     7      0.00      0.00       0       0   0.00  scsi_eh_0
02:45:41 AM     0       196    0.00    0.00    0.00    0.00    0.00     7      0.00      0.00       0       0   0.00  scsi_tmf_0
02:45:41 AM     0       197    0.00    0.00    0.00    0.00    0.00     0      0.00      0.00       0       0   0.00  kworker/5:2-events
02:45:41 AM     0       198    0.00    0.00    0.00    0.00    0.00     0      0.00      0.00       0       0   0.00  irq/67-15200000
02:45:41 AM     0       199    0.00    0.00    0.00    0.00    0.00     1      0.00      0.00       0       0   0.00  tegradc.0/a
02:45:41 AM     0       200    0.00    0.00    0.00    0.00    0.00     0      0.00      0.00       0       0   0.00  tegradc.0/b
02:45:41 AM     0       201    0.00    0.00    0.00    0.00    0.00     0      0.00      0.00       0       0   0.00  tegradc.0/c
02:45:41 AM     0       202    0.00    0.00    0.00    0.00    0.00     0      0.00      0.00       0       0   0.00  tegradc.0/d
02:45:41 AM     0       203    0.00    0.00    0.00    0.00    0.00     0      0.00      0.00       0       0   0.00  tegradc.0/e
02:45:41 AM     0       204    0.00    0.00    0.00    0.00    0.00     0      0.00      0.00       0       0   0.00  tegradc.0/f
02:45:41 AM     0       205    0.00    0.00    0.00    0.00    0.00     0      0.00      0.00       0       0   0.00  tegradc.0/sl
02:45:41 AM     0       206    0.00    0.00    0.00    0.00    0.00     0      0.00      0.00       0       0   0.00  irq/62-15200000
02:45:41 AM     0       207    0.00    0.00    0.00    0.00    0.00     0      0.00      0.00       0       0   0.00  irq/276-3400000
02:45:41 AM     0       208    0.00    0.00    0.00    0.00    0.00     0      0.00      0.00       0       0   0.00  ufs_eh_wq_0
02:45:41 AM     0       209    0.00    0.00    0.00    0.00    0.00     3      0.00      0.00       0       0   0.00  mmc_complete
02:45:41 AM     0       211    0.00    0.00    0.00    0.00    0.00     0      0.00      0.00       0       0   0.00  irq/278-1520000
02:45:41 AM     0       212    0.00    0.00    0.00    0.00    0.00     0      0.00      0.00       0       0   0.00  irq/203-3610000
02:45:41 AM     0       213    0.00    0.00    0.00    0.00    0.00     0      0.00      0.00       0       0   0.00  irq/221-3610000
02:45:41 AM     0       214    0.00    0.00    0.00    0.00    0.00     0      0.00      0.00       0       0   0.00  irq/30-tegra-pc
02:45:41 AM     0       216    0.00    0.00    0.00    0.00    0.00     0      0.00      0.00       0       0   0.00  kworker/4:3-events
02:45:41 AM     0       218    0.00    0.00    0.00    0.00    0.00     4      0.00      0.00       0       0   0.00  kworker/4:5-events
02:45:41 AM     0       221    0.00    0.00    0.00    0.00    0.00     0      0.00      0.00       0       0   0.00  kworker/6:12-events
02:45:41 AM     0       222    0.00    0.00    0.00    0.00    0.00     0      0.00      0.00       0       0   0.00  kworker/6:13-events
02:45:41 AM     0       225    0.00    0.00    0.00    0.00    0.00     0      0.00      0.00       0       0   0.00  irq/68-tegra_dp
02:45:41 AM     0       226    0.00    0.00    0.00    0.00    0.00     0      0.00      0.00       0       0   0.00  irq/65-15210000
02:45:41 AM     0       227    0.00    0.00    0.00    0.00    0.00     0      0.00      0.00       0       0   0.00  tegradc.1/a
02:45:41 AM     0       228    0.00    0.00    0.00    0.00    0.00     0      0.00      0.00       0       0   0.00  tegradc.1/b
02:45:41 AM     0       229    0.00    0.00    0.00    0.00    0.00     0      0.00      0.00       0       0   0.00  tegradc.1/c
02:45:41 AM     0       230    0.00    0.00    0.00    0.00    0.00     0      0.00      0.00       0       0   0.00  tegradc.1/d
02:45:41 AM     0       231    0.00    0.00    0.00    0.00    0.00     0      0.00      0.00       0       0   0.00  tegradc.1/e
02:45:41 AM     0       232    0.00    0.00    0.00    0.00    0.00     0      0.00      0.00       0       0   0.00  tegradc.1/f
02:45:41 AM     0       233    0.00    0.00    0.00    0.00    0.00     1      0.00      0.00       0       0   0.00  tegradc.1/sl
02:45:41 AM     0       234    0.00    0.00    0.00    0.00    0.00     0      0.00      0.00       0       0   0.00  irq/63-15210000
02:45:41 AM     0       249    0.00    0.00    0.00    0.00    0.00     0      0.00      0.00       0       0   0.00  irq/56-d230000.
02:45:41 AM     0       250    0.00    0.00    0.00    0.00    0.00     0      0.00      0.00       0       0   0.00  irq/69-tegra_dp
02:45:41 AM     0       251    0.00    0.00    0.00    0.00    0.00     0      0.00      0.00       0       0   0.00  irq/66-15220000
02:45:41 AM     0       252    0.00    0.00    0.00    0.00    0.00     0      0.00      0.00       0       0   0.00  tegradc.2/a
02:45:41 AM     0       253    0.00    0.00    0.00    0.00    0.00     0      0.00      0.00       0       0   0.00  tegradc.2/b
02:45:41 AM     0       254    0.00    0.00    0.00    0.00    0.00     0      0.00      0.00       0       0   0.00  tegradc.2/c
02:45:41 AM     0       255    0.00    0.00    0.00    0.00    0.00     0      0.00      0.00       0       0   0.00  tegradc.2/d
02:45:41 AM     0       256    0.00    0.00    0.00    0.00    0.00     0      0.00      0.00       0       0   0.00  tegradc.2/e
02:45:41 AM     0       257    0.00    0.00    0.00    0.00    0.00     0      0.00      0.00       0       0   0.00  tegradc.2/f
02:45:41 AM     0       258    0.00    0.00    0.00    0.00    0.00     0      0.00      0.00       0       0   0.00  tegradc.2/sl
02:45:41 AM     0       259    0.00    0.00    0.00    0.00    0.00     0      0.00      0.00       0       0   0.00  irq/64-15220000
02:45:41 AM     0       275    0.00    0.00    0.00    0.00    0.00     0      0.00      0.00       0       0   0.00  jbd2/mmcblk0p1-
02:45:41 AM     0       276    0.00    0.00    0.00    0.00    0.00     3      0.00      0.00       0       0   0.00  ext4-rsv-conver
02:45:41 AM     0       280    0.00    0.00    0.00    0.00    0.00     7      0.00      0.00       0       0   0.00  kworker/7:1H
02:45:41 AM     0       286    0.00    0.00    0.00    0.00    0.00     5      0.00      0.00       0       0   0.00  kworker/5:1H-kblockd
02:45:41 AM     0       312    0.00    0.00    0.00    0.00    0.00     1      0.00      0.00   61816   31808   0.10  systemd-journal
02:45:41 AM     0       338    0.00    5.00    0.00   21.00    5.00     0      0.00      0.00       0       0   0.00  nvmap-bz
02:45:41 AM     0       339    0.00    0.00    0.00    0.00    0.00     0      0.00      0.00       0       0   0.00  irq/204-gk20a_s
02:45:41 AM     0       340    0.00    0.00    0.00    0.00    0.00     0      0.00      0.00       0       0   0.00  irq/205-gk20a_n
02:45:41 AM     0       345    0.00    0.00    0.00    0.00    0.00     3      0.00      0.00    2776    1492   0.00  tee-supplicant
02:45:41 AM     0       347    0.00    0.00    0.00    0.00    0.00     3      0.00      0.00       0       0   0.00  optee_bus_scan
02:45:41 AM     0       358    0.00    0.00    0.00    0.00    0.00     3      0.00      0.00   22788    7532   0.02  systemd-udevd
02:45:41 AM     0       364    0.00    0.00    0.00    0.00    0.00     1      0.00      0.00    7948    4892   0.02  haveged
02:45:41 AM   126       365    0.00    0.00    0.00    0.00    0.00     3      0.00      0.00    7136    3108   0.01  rpcbind
02:45:41 AM   105       366    0.00    0.00    0.00    0.00    0.00     1      0.00      0.00   25592   13288   0.04  systemd-resolve
02:45:41 AM   103       367    0.00    0.00    0.00    0.00    0.00     1      0.00      0.00   90672    6220   0.02  systemd-timesyn
02:45:41 AM     0       407    0.00    0.00    0.00    0.00    0.00     5      0.00      0.00       0       0   0.00  cfg80211
02:45:41 AM     0       410    0.00    0.00    0.00    0.00    0.00     0      0.00      0.00       0       0   0.00  irq/42-3210000.
02:45:41 AM     0       412    0.00    0.00    0.00    0.00    0.00     2      0.00      0.00       0       0   0.00  spi0
02:45:41 AM     0       413    0.00   14.00    0.00    0.00   14.00     1      0.00      0.00       0       0   0.00  irq/282-iwlwifi
02:45:41 AM     0       416    0.00    0.00    0.00    0.00    0.00     4      0.00      0.00       0       0   0.00  ata_sff
02:45:41 AM     0       419    0.00    0.00    0.00    0.00    0.00     0      0.00      0.00       0       0   0.00  irq/43-c260000.
02:45:41 AM     0       420    0.00    0.00    0.00    0.00    0.00     6      0.00      0.00       0       0   0.00  scsi_eh_1
02:45:41 AM     0       422    0.00    0.00    0.00    0.00    0.00     6      0.00      0.00       0       0   0.00  scsi_tmf_1
02:45:41 AM     0       427    0.00    0.00    0.00    0.00    0.00     0      0.00      0.00       0       0   0.00  spi1
02:45:41 AM     0       430    0.00    0.00    0.00    0.00    0.00     3      0.00      0.00  242072    8880   0.03  accounts-daemon
02:45:41 AM   120       439    0.00    0.00    0.00    0.00    0.00     1      0.00      0.00    7084    3472   0.01  avahi-daemon
02:45:41 AM     0       441    0.00    0.00    0.00    0.00    0.00     3      0.00      0.00    9220    2516   0.01  cron
02:45:41 AM   106       443    0.00    0.00    0.00    0.00    0.00     3      0.00      0.00    9396    5264   0.02  dbus-daemon
02:45:41 AM     0       447    0.00    0.00    0.00    0.00    0.00     1      0.00      0.00  341244   20856   0.07  NetworkManager
02:45:41 AM     0       456    0.00    0.00    0.00    0.00    0.00     4      0.00      0.00   38300   19472   0.06  networkd-dispat
02:45:41 AM     0       473    0.00    0.00    0.00    0.00    0.00     2      0.00      0.00  238860   13352   0.04  polkitd
02:45:41 AM   125       483    0.00    0.00    0.00    0.00    0.00     3      0.00      0.00  220940    8288   0.03  rsyslogd
02:45:41 AM     0       503    0.00    0.00    0.00    0.00    0.00     2      0.00      0.00  235864    4364   0.01  switcheroo-cont
02:45:41 AM     0       514    0.00    0.00    0.00    0.00    0.00     2      0.00      0.00   17076    6760   0.02  systemd-logind
02:45:41 AM     0       523    0.00    0.00    0.00    0.00    0.00     1      0.00      0.00  395556   15676   0.05  udisksd
02:45:41 AM     0       528    0.00    0.00    0.00    0.00    0.00     1      0.00      0.00   12784    8052   0.03  wpa_supplicant
02:45:41 AM     0       548    0.00    0.00    0.00    0.00    0.00     0      0.00      0.00       0       0   0.00  sugov:0
02:45:41 AM   120       555    0.00    0.00    0.00    0.00    0.00     2      0.00      0.00    6896     324   0.00  avahi-daemon
02:45:41 AM     0       585    0.00    0.00    0.00    0.00    0.00     5      0.00      0.00       0       0   0.00  tmp451
02:45:41 AM     0       597    0.00    0.00    0.00    0.00    0.00     3      0.00      0.00       0       0   0.00  irq/286-1-0008
02:45:41 AM     0       600    0.00    0.00    0.00    0.00    0.00     2      0.00      0.00  321792   14480   0.05  ModemManager
02:45:41 AM     0       653    0.00    0.00    0.00    0.00    0.00     0      0.00      0.00    2476     604   0.00  nvfancontrol
02:45:41 AM     0       728    0.00    0.00    0.00    0.00    0.00     4      0.00      0.00       0       0   0.00  adspp_kthread
02:45:41 AM     0       779    0.00    0.00    0.00    0.00    0.00     6      0.00      0.00       0       0   0.00  kworker/6:2H-kblockd
02:45:41 AM     0       876    0.00    0.00    0.00    0.00    0.00     1      0.00      0.00       0       0   0.00  irq/289-2490000
02:45:41 AM     0       887    0.00    0.00    0.00    0.00    0.00     0      0.00      0.00       0       0   0.00  irq/32-eth0.com
02:45:41 AM     0       919    0.00    0.00    0.00    0.00    0.00     4      0.00      0.00       0       0   0.00  file-storage
02:45:41 AM     0       953    0.00    0.00    0.00    0.00    0.00     1      0.00      0.00       0       0   0.00  loop0
02:45:41 AM     0      1048    0.00    0.00    0.00    0.00    0.00     4      0.00      0.00       0       0   0.00  kworker/4:2H-kblockd
02:45:41 AM     0      1091    0.00    0.00    0.00    0.00    0.00     3      0.00      0.00       0       0   0.00  cryptd
02:45:41 AM     0      1147    0.00    0.00    0.00    0.00    0.00     2      0.00      0.00       0       0   0.00  sw-quiesce
02:45:41 AM     0      1148    0.00    0.00    0.00    0.00    0.00     1      0.00      0.00       0       0   0.00  nvgpu_channel_p
02:45:41 AM     0      1151    0.00    0.00    0.00    0.00    0.00     0      0.00      0.00       0       0   0.00  nvgpu_nvs_gv11b
02:45:41 AM     0      1153    0.00    0.00    0.00    0.00    0.00     0      0.00      0.00       0       0   0.00  nvgpu_pg_init_g
02:45:41 AM     0      1157    0.00    0.00    0.00    0.00    0.00     2      0.00      0.00       0       0   0.00  nvgpu_clk_arb_p
02:45:41 AM     0      1162    0.00    0.00    0.00    0.00    0.00     3      0.00      0.00       0       0   0.00  irq/288-rt5659
02:45:41 AM     0      1270    0.00    0.00    0.00    0.00    0.00     3      0.00      0.00   55688   11092   0.03  nvargus-daemon
02:45:41 AM     0      1273    0.00    0.00    0.00    0.00    0.00     3      0.00      0.00   21932    1552   0.00  nvs-service
02:45:41 AM     0      1298    0.00    1.00    0.00    0.00    1.00     1      0.00      0.00 2007972   50424   0.16  containerd
02:45:41 AM     0      1314    0.00    0.00    0.00    0.00    0.00     0      0.00      0.00  240032    7616   0.02  gdm3
02:45:41 AM   108      1326    0.00    0.00    0.00    0.00    0.00     2      0.00      0.00   11468    1896   0.01  kerneloops
02:45:41 AM     0      1327    0.00    0.00    0.00    0.00    0.00     3      0.00      0.00   12236    6576   0.02  sshd
02:45:41 AM     0      1336    0.00    0.00    0.00    0.00    0.00     0      0.00      0.00    7688    1876   0.01  agetty
02:45:41 AM     0      1337    0.00    0.00    0.00    0.00    0.00     2      0.00      0.00    7688    1904   0.01  agetty
02:45:41 AM   108      1339    0.00    0.00    0.00    0.00    0.00     0      0.00      0.00   11468    1820   0.01  kerneloops
02:45:41 AM     0      1340    0.00    0.00    0.00    0.00    0.00     3      0.00      0.00    9216    2824   0.01  nvgetty.sh
02:45:41 AM     0      1379    0.00    0.00    0.00    0.00    0.00     0      0.00      0.00    7688    1848   0.01  getty
02:45:41 AM     0      1554    0.00    0.00    0.00    0.00    0.00     2      0.00      0.00 2111796   85472   0.27  dockerd
02:45:41 AM     0      1677    0.00    0.00    0.00    0.00    0.00     1      0.00      0.00  168472    8256   0.03  gdm-session-wor
02:45:41 AM     0      1711    0.00    0.00    0.00    0.00    0.00     0      0.00      0.00    3248     808   0.00  nvphsd
02:45:41 AM     0      1716    0.00    0.00    0.00    0.00    0.00     3      0.00      0.00    3380    1788   0.01  nvphsd
02:45:41 AM   124      1789    0.00    0.00    0.00    0.00    0.00     3      0.00      0.00   19144    9224   0.03  systemd
02:45:41 AM   124      1804    0.00    0.00    0.00    0.00    0.00     3      0.00      0.00  104488    5436   0.02  (sd-pam)
02:45:41 AM   124      2014    0.00    0.00    0.00    0.00    0.00     0      0.00      0.00  961884   21984   0.07  pulseaudio
02:45:41 AM   124      2032    0.00    0.00    0.00    0.00    0.00     2      0.00      0.00  164156    5924   0.02  gdm-x-session
02:45:41 AM   124      2037    0.00    0.00    0.00    0.00    0.00     1      0.00      0.00 25330232   99256   0.31  Xorg
02:45:41 AM   118      2040    0.00    0.00    0.00    0.00    0.00     1      0.00      0.00  152516    2440   0.01  rtkit-daemon
02:45:41 AM   124      2162    0.00    0.00    0.00    0.00    0.00     2      0.00      0.00    7812    3448   0.01  dbus-daemon
02:45:41 AM   124      2428    0.00    0.00    0.00    0.00    0.00     0      0.00      0.00    4776    1164   0.00  dbus-run-sessio
02:45:41 AM   124      2429    0.00    0.00    0.00    0.00    0.00     2      0.00      0.00    8088    4104   0.01  dbus-daemon
02:45:41 AM   124      2438    0.00    0.00    0.00    0.00    0.00     2      0.00      0.00  559768   14932   0.05  gnome-session-b
02:45:41 AM     0      2457    0.00    0.00    0.00    0.00    0.00     2      0.00      0.00  101692   19628   0.06  jtop
02:45:41 AM   124      2463    0.00    0.00    0.00    0.00    0.00     3      0.00      0.00  309548   10092   0.03  at-spi-bus-laun
02:45:41 AM   124      2470    0.00    0.00    0.00    0.00    0.00     1      0.00      0.00    7676    3468   0.01  dbus-daemon
02:45:41 AM   124      2495    0.00    0.00    0.00    0.00    0.00     1      0.00      0.00 4022996  194908   0.61  gnome-shell
02:45:41 AM     0      2510    0.00    0.00    0.00    0.00    0.00     0      0.00      0.00  175424   16904   0.05  jtop
02:45:41 AM     0      2518    0.00    0.00    0.00    0.00    0.00     2      0.00      0.00  101692   17160   0.05  jtop
02:45:41 AM   124      2696    0.00    0.00    0.00    0.00    0.00     0      0.00      0.00  314420   11212   0.04  ibus-daemon
02:45:41 AM   124      2699    0.00    0.00    0.00    0.00    0.00     2      0.00      0.00  239960   11792   0.04  ibus-dconf
02:45:41 AM   124      2701    0.00    0.00    0.00    0.00    0.00     2      0.00      0.00  189920   16900   0.05  ibus-x11
02:45:41 AM   124      2704    0.00    0.00    0.00    0.00    0.00     3      0.00      0.00  239880    7776   0.02  ibus-portal
02:45:41 AM   124      2715    0.00    0.00    0.00    0.00    0.00     1      0.00      0.00  161420    6880   0.02  at-spi2-registr
02:45:41 AM   124      2719    0.00    0.00    0.00    0.00    0.00     3      0.00      0.00  235804    4672   0.01  xdg-permission-
02:45:41 AM     0      2725    0.00    0.00    0.00    0.00    0.00     3      0.00      0.00  252944    8776   0.03  upowerd
02:45:41 AM   124      2745    0.00    0.00    0.00    0.00    0.00     2      0.00      0.00 3001620   27244   0.09  gjs
02:45:41 AM   124      2764    0.00    0.00    0.00    0.00    0.00     2      0.00      0.00  469396   14236   0.04  gsd-sharing
02:45:41 AM   124      2765    0.00    0.00    0.00    0.00    0.00     1      0.00      0.00  334628   15072   0.05  gsd-wacom
02:45:41 AM   124      2768    0.00    0.00    0.00    0.00    0.00     2      0.00      0.00  571788   19844   0.06  gsd-color
02:45:41 AM   124      2772    0.00    0.00    0.00    0.00    0.00     3      0.00      0.00  338096   17824   0.06  gsd-keyboard
02:45:41 AM   124      2774    0.00    0.00    0.00    0.00    0.00     2      0.00      0.00  322508   11376   0.04  gsd-print-notif
02:45:41 AM   124      2779    0.00    0.00    0.00    0.00    0.00     3      0.00      0.00  166208    7736   0.02  ibus-engine-sim
02:45:41 AM   124      2780    0.00    0.00    0.00    0.00    0.00     1      0.00      0.00  457460    7996   0.03  gsd-rfkill
02:45:41 AM   124      2782    0.00    0.00    0.00    0.00    0.00     1      0.00      0.00  391976    9696   0.03  gsd-smartcard
02:45:41 AM   124      2784    0.00    0.00    0.00    0.00    0.00     2      0.00      0.00  374928   15372   0.05  gsd-datetime
02:45:41 AM   124      2790    0.00    0.00    0.00    0.00    0.00     3      0.00      0.00  679696   20032   0.06  gsd-media-keys
02:45:41 AM   124      2791    0.00    0.00    0.00    0.00    0.00     3      0.00      0.00  235772    5600   0.02  gsd-screensaver
02:45:41 AM   124      2793    0.00    0.00    0.00    0.00    0.00     3      0.00      0.00  320104    9452   0.03  gsd-sound
02:45:41 AM   124      2795    0.00    0.00    0.00    0.00    0.00     3      0.00      0.00  313652   10144   0.03  gsd-a11y-settin
02:45:41 AM   124      2799    0.00    0.00    0.00    0.00    0.00     2      0.00      0.00  313992   10540   0.03  gsd-housekeepin
02:45:41 AM   124      2802    0.00    0.00    0.00    0.00    0.00     1      0.00      0.00  339724   18828   0.06  gsd-power
02:45:41 AM   124      2824    0.00    0.00    0.00    0.00    0.00     2      0.00      0.00  342540   12784   0.04  gsd-printer
02:45:41 AM   119      2837    0.00    0.00    0.00    0.00    0.00     2      0.00      0.00  249328   17548   0.06  colord
02:45:41 AM     0     29120    0.00    0.00    0.00    0.00    0.00     3      0.00      0.00       0       0   0.00  kworker/u17:2
02:45:41 AM     0     33852    0.00    0.00    0.00    0.00    0.00     1      0.00      0.00       0       0   0.00  kworker/1:0H-kblockd
02:45:41 AM     0     35048    0.00    0.00    0.00    0.00    0.00     0      0.00      0.00       0       0   0.00  kworker/u17:0-thermal_fan_est
02:45:41 AM  1000     39960    0.00    0.00    0.00    0.00    0.00     2      0.00      0.00   19248    9208   0.03  systemd
02:45:41 AM  1000     39961    0.00    0.00    0.00    0.00    0.00     2      0.00      0.00  170940    6304   0.02  (sd-pam)
02:45:41 AM  1000     40037    0.00    0.00    0.00    0.00    0.00     3      0.00      0.00    7812    3952   0.01  dbus-daemon
02:45:41 AM     0     40147    0.00    0.00    0.00    0.00    0.00     1      0.00      0.00       0       0   0.00  kworker/1:0-pm
02:45:41 AM     0     40174    0.00    0.00    0.00    0.00    0.00     2      0.00      0.00       0       0   0.00  kworker/2:2H-kblockd
02:45:41 AM     0     40194    0.00    0.00    0.00    0.00    0.00     3      0.00      0.00       0       0   0.00  kworker/3:0H-kblockd
02:45:41 AM     0     41650    0.00    0.00    0.00    0.00    0.00     3      0.00      0.00       0       0   0.00  kworker/3:0-mm_percpu_wq
02:45:41 AM     0     43913    0.00    0.00    0.00    0.00    0.00     2      0.00      0.00   14768    7560   0.02  sshd
02:45:41 AM  1000     43958    0.00    0.00    0.00    0.00    0.00     0      0.00      0.00   15292    6400   0.02  sshd
02:45:41 AM  1000     43959    0.00    0.00    0.00    0.00    0.00     1      0.00      0.00   11344    5444   0.02  bash
02:45:41 AM     0     50050    0.00    0.00    0.00    0.00    0.00     2      0.00      0.00   14768    7572   0.02  sshd
02:45:41 AM  1000     50094    0.00    0.00    0.00    0.00    0.00     3      0.00      0.00   15292    6428   0.02  sshd
02:45:41 AM  1000     50095    0.00    0.00    0.00    0.00    0.00     2      0.00      0.00   11344    5448   0.02  bash
02:45:41 AM     0     81462    0.00    0.00    0.00    0.00    0.00     2      0.00      0.00       0       0   0.00  kworker/2:2-events
02:45:41 AM     0     81478    0.00    0.00    0.00    0.00    0.00     0      0.00      0.00       0       0   0.00  kworker/0:1H-kblockd
02:45:41 AM  1000     84840    0.00    0.00    0.00    0.00    0.00     3      0.00      0.00  240176   10088   0.03  gnome-keyring-d
02:45:41 AM   124     84900    0.00    0.00    0.00    0.00    0.00     1      0.00      0.00  156240    4584   0.01  dconf-service
02:45:41 AM     0     85427    0.00    1.00    0.00    0.00    1.00     0      0.00      0.00       0       0   0.00  kworker/0:2-events
02:45:41 AM     0     86310    0.00    0.00    0.00    1.00    0.00     1      0.00      0.00       0       0   0.00  kworker/u16:1-events_unbound
02:45:41 AM     0     86312    0.00    0.00    0.00    0.00    0.00     3      0.00      0.00   14768    7564   0.02  sshd
02:45:41 AM  1000     86356    0.00    0.00    0.00    0.00    0.00     0      0.00      0.00   15292    6380   0.02  sshd
02:45:41 AM  1000     86357    0.00    0.00    0.00    0.00    0.00     1      0.00      0.00   11344    5440   0.02  bash
02:45:41 AM     0     86549    0.00    0.00    0.00    0.00    0.00     2      0.00      0.00   14768    7664   0.02  sshd
02:45:41 AM  1000     86593    1.00    2.00    0.00    1.00    3.00     3      0.00      0.00   15292    6480   0.02  sshd
02:45:41 AM  1000     86594    0.00    0.00    0.00    0.00    0.00     3      0.00      0.00   11860    5896   0.02  bash
02:45:41 AM     0     86632    0.00    0.00    0.00    0.00    0.00     3      0.00      0.00       0       0   0.00  kworker/3:2
02:45:41 AM     0     87290    0.00    0.00    0.00    0.00    0.00     0      0.00      0.00   14768    7584   0.02  sshd
02:45:41 AM  1000     87334    0.00    0.00    0.00    0.00    0.00     0      0.00      0.00   15292    6412   0.02  sshd
02:45:41 AM  1000     87335    0.00    0.00    0.00    0.00    0.00     2      0.00      0.00   11344    5436   0.02  bash
02:45:41 AM     0     89981    0.00    0.00    0.00    0.00    0.00     1      0.00      0.00       0       0   0.00  kworker/1:1-pm
02:45:41 AM     0     95050    0.00    0.00    0.00    0.00    0.00     2      0.00      0.00       0       0   0.00  kworker/2:0-events
02:45:41 AM     0     96173    0.00    0.00    0.00    0.00    0.00     1      0.00      0.00       0       0   0.00  kworker/1:2-pm
02:45:41 AM     0     99494    0.00    0.00    0.00    0.00    0.00     3      0.00      0.00       0       0   0.00  kworker/u16:3-events_unbound
02:45:41 AM     0    107801    0.00    0.00    0.00    0.00    0.00     1      0.00      0.00       0       0   0.00  kworker/1:2H
02:45:41 AM     0    122883    0.00    1.00    0.00    0.00    1.00     1      0.00      0.00       0       0   0.00  kworker/u16:2-events_unbound
02:45:41 AM     0    123203    0.00    0.00    0.00    0.00    0.00     3      0.00      0.00       0       0   0.00  kworker/3:2H
02:45:41 AM     0    124025    0.00    0.00    0.00    0.00    0.00     2      0.00      0.00       0       0   0.00  kworker/2:0H
02:45:41 AM     0    130503    0.00    0.00    0.00    0.00    0.00     0      0.00      0.00       0       0   0.00  kworker/0:0H
02:45:41 AM     0    130577    0.00    0.00    0.00    0.00    0.00     0      0.00      0.00       0       0   0.00  kworker/0:1-events
02:45:41 AM     0    130584    0.00    0.00    0.00    0.00    0.00     2      0.00      0.00   14768    7576   0.02  sshd
02:45:41 AM  1000    130628    0.00    3.00    0.00    2.00    3.00     3      0.00      0.00   16676    7816   0.02  sshd
02:45:41 AM  1000    130629    0.00    0.00    0.00    0.00    0.00     3      0.00      0.00   11344    5436   0.02  bash
02:45:41 AM  1000    130765    0.00    0.00    0.00    0.00    0.00     0      0.00      0.00  283948   43148   0.14  roslaunch
02:45:41 AM  1000    130773    0.00    1.00    0.00    0.00    1.00     0      0.00      0.00  797980   45664   0.14  rosmaster
02:45:41 AM  1000    130783    1.00    0.00    0.00    0.00    1.00     0      0.00      0.00  274964   10152   0.03  rosout
02:45:41 AM  1000    130790   62.00   75.00    0.00   23.00  137.00     1      0.00      0.00 34790064  692460   2.18  scale_truck_con
02:45:41 AM  1000    130791   24.00   56.00    0.00    0.00   80.00     3      0.00      0.00 1571432  113560   0.36  LRC
02:45:41 AM  1000    130854    8.00    6.00    0.00    0.00   14.00     2      0.00      0.00  724884   72408   0.23  python3
02:45:41 AM     0    131985    0.00    0.00    0.00    0.00    0.00     2      0.00      0.00       0       0   0.00  kworker/2:1H
02:45:41 AM     0    132214    0.00    0.00    0.00    0.00    0.00     1      0.00      0.00       0       0   0.00  kworker/1:1H
02:45:41 AM     0    133801    0.00    0.00    0.00    0.00    0.00     0      0.00      0.00       0       0   0.00  kworker/0:0-events
02:45:41 AM     0    137289    0.00    0.00    0.00    0.00    0.00     1      0.00      0.00       0       0   0.00  kworker/1:3
02:45:41 AM  1000    137686    0.00    0.00    0.00    0.00    0.00     1      0.00      0.00    7828     564   0.00  timeout
02:45:41 AM  1000    137689    0.00    0.00    0.00    0.00    0.00     1      0.00      0.00    9208    3064   0.01  bash
02:45:41 AM  1000    137690    0.00    0.00    0.00    0.00    0.00     3      0.00      0.00   68712   43028   0.14  rosbag
02:45:41 AM  1000    137878   17.00   21.00    0.00    0.00   38.00     2     33.00      0.00 1172076   25376   0.08  record
02:45:41 AM  1000    137884    0.00    0.00    0.00    0.00    0.00     1      0.00      0.00   68692   43012   0.14  rosbag
02:45:41 AM  1000    138038    4.00   13.00    0.00   10.00   17.00     2      0.00      0.00   17716   10256   0.03  pidstat
02:45:41 AM  1000    138084    2.00    7.00    0.00    2.00    9.00     3      0.00      0.00  365380   27232   0.09  play

# Time        UID       PID    %usr %system  %guest   %wait    %CPU   CPU  minflt/s  majflt/s     VSZ     RSS   %MEM  Command
02:45:42 AM     0         1    0.00    0.00    0.00    0.00    0.00     0      0.00      0.00  169880   11540   0.04  systemd
02:45:42 AM     0         2    0.00    0.00    0.00    0.00    0.00     1      0.00      0.00       0       0   0.00  kthreadd
02:45:42 AM     0         3    0.00    0.00    0.00    0.00    0.00     0      0.00      0.00       0       0   0.00  rcu_gp
02:45:42 AM     0         4    0.00    0.00    0.00    0.00    0.00     0      0.00      0.00       0       0   0.00  rcu_par_gp
02:45:42 AM     0         8    0.00    0.00    0.00    0.00    0.00     0      0.00      0.00       0       0   0.00  mm_percpu_wq
02:45:42 AM     0         9    0.00    0.00    0.00    0.00    0.00     0      0.00      0.00       0       0   0.00  rcu_tasks_kthre
02:45:42 AM     0        10    0.00    0.00    0.00    0.00    0.00     0      0.00      0.00       0       0   0.00  rcu_tasks_rude_
02:45:42 AM     0        11    0.00    0.00    0.00    0.00    0.00     0      0.00      0.00       0       0   0.00  rcu_tasks_trace
02:45:42 AM     0        12    0.00    0.00    0.00    0.00    0.00     0      0.00      0.00       0       0   0.00  ksoftirqd/0
02:45:42 AM     0        13    0.00    1.00    0.00    0.00    1.00     0      0.00      0.00       0       0   0.00  rcu_preempt
02:45:42 AM     0        14    0.00    0.00    0.00    0.00    0.00     0      0.00      0.00       0       0   0.00  migration/0
02:45:42 AM     0        16    0.00    0.00    0.00    0.00    0.00     0      0.00      0.00       0       0   0.00  cpuhp/0
02:45:42 AM     0        17    0.00    0.00    0.00    0.00    0.00     1      0.00      0.00       0       0   0.00  cpuhp/1
02:45:42 AM     0        18    0.00    0.00    0.00    0.00    0.00     1      0.00      0.00       0       0   0.00  migration/1
02:45:42 AM     0        19    0.00    0.00    0.00    0.00    0.00     1      0.00      0.00       0       0   0.00  ksoftirqd/1
02:45:42 AM     0        22    0.00    0.00    0.00    0.00    0.00     2      0.00      0.00       0       0   0.00  cpuhp/2
02:45:42 AM     0        23    0.00    0.00    0.00    0.00    0.00     2      0.00      0.00       0       0   0.00  migration/2
02:45:42 AM     0        24    0.00    0.00    0.00    0.00    0.00     2      0.00      0.00       0       0   0.00  ksoftirqd/2
02:45:42 AM     0        27    0.00    0.00    0.00    0.00    0.00     3      0.00      0.00       0       0   0.00  cpuhp/3
02:45:42 AM     0        28    0.00    0.00    0.00    0.00    0.00     3      0.00      0.00       0       0   0.00  migration/3
02:45:42 AM     0        29    0.00    0.00    0.00    0.00    0.00     3      0.00      0.00       0       0   0.00  ksoftirqd/3
02:45:42 AM     0        32    0.00    0.00    0.00    0.00    0.00     4      0.00      0.00       0       0   0.00  cpuhp/4
02:45:42 AM     0        33    0.00    0.00    0.00    0.00    0.00     4      0.00      0.00       0       0   0.00  migration/4
02:45:42 AM     0        34    0.00    0.00    0.00    0.00    0.00     4      0.00      0.00       0       0   0.00  ksoftirqd/4
02:45:42 AM     0        36    0.00    0.00    0.00    0.00    0.00     4      0.00      0.00       0       0   0.00  kworker/4:0H-kblockd
02:45:42 AM     0        37    0.00    0.00    0.00    0.00    0.00     5      0.00      0.00       0       0   0.00  cpuhp/5
02:45:42 AM     0        38    0.00    0.00    0.00    0.00    0.00     5      0.00      0.00       0       0   0.00  migration/5
02:45:42 AM     0        39    0.00    0.00    0.00    0.00    0.00     5      0.00      0.00       0       0   0.00  ksoftirqd/5
02:45:42 AM     0        41    0.00    0.00    0.00    0.00    0.00     5      0.00      0.00       0       0   0.00  kworker/5:0H-kblockd
02:45:42 AM     0        42    0.00    0.00    0.00    0.00    0.00     6      0.00      0.00       0       0   0.00  cpuhp/6
02:45:42 AM     0        43    0.00    0.00    0.00    0.00    0.00     6      0.00      0.00       0       0   0.00  migration/6
02:45:42 AM     0        44    0.00    0.00    0.00    0.00    0.00     6      0.00      0.00       0       0   0.00  ksoftirqd/6
02:45:42 AM     0        46    0.00    0.00    0.00    0.00    0.00     6      0.00      0.00       0       0   0.00  kworker/6:0H-events_highpri
02:45:42 AM     0        47    0.00    0.00    0.00    0.00    0.00     7      0.00      0.00       0       0   0.00  cpuhp/7
02:45:42 AM     0        48    0.00    0.00    0.00    0.00    0.00     7      0.00      0.00       0       0   0.00  migration/7
02:45:42 AM     0        49    0.00    0.00    0.00    0.00    0.00     7      0.00      0.00       0       0   0.00  ksoftirqd/7
02:45:42 AM     0        50    0.00    0.00    0.00    0.00    0.00     0      0.00      0.00       0       0   0.00  kworker/7:0-rcu_gp
02:45:42 AM     0        51    0.00    0.00    0.00    0.00    0.00     7      0.00      0.00       0       0   0.00  kworker/7:0H-kblockd
02:45:42 AM     0        52    0.00    0.00    0.00    0.00    0.00     0      0.00      0.00       0       0   0.00  kdevtmpfs
02:45:42 AM     0        53    0.00    0.00    0.00    0.00    0.00     4      0.00      0.00       0       0   0.00  netns
02:45:42 AM     0        54    0.00    0.00    0.00    0.00    0.00     1      0.00      0.00       0       0   0.00  kauditd
02:45:42 AM     0        55    0.00    0.00    0.00    0.00    0.00     0      0.00      0.00       0       0   0.00  irq/87-mc_statu
02:45:42 AM     0        56    0.00    0.00    0.00    0.00    0.00     2      0.00      0.00       0       0   0.00  khungtaskd
02:45:42 AM     0        57    0.00    0.00    0.00    0.00    0.00     3      0.00      0.00       0       0   0.00  oom_reaper
02:45:42 AM     0        58    0.00    0.00    0.00    0.00    0.00     5      0.00      0.00       0       0   0.00  writeback
02:45:42 AM     0        59    0.00    0.00    0.00    0.00    0.00     3      0.00      0.00       0       0   0.00  kcompactd0
02:45:42 AM     0        60    0.00    0.00    0.00    0.00    0.00     1      0.00      0.00       0       0   0.00  ksmd
02:45:42 AM     0        61    0.00    0.00    0.00    0.00    0.00     2      0.00      0.00       0       0   0.00  khugepaged
02:45:42 AM     0        93    0.00    0.00    0.00    0.00    0.00     1      0.00      0.00       0       0   0.00  kintegrityd
02:45:42 AM     0        94    0.00    0.00    0.00    0.00    0.00     1      0.00      0.00       0       0   0.00  kblockd
02:45:42 AM     0        95    0.00    0.00    0.00    0.00    0.00     1      0.00      0.00       0       0   0.00  blkcg_punt_bio
02:45:42 AM     0        97    0.00    0.00    0.00    0.00    0.00     3      0.00      0.00       0       0   0.00  tpm_dev_wq
02:45:42 AM     0        98    0.00    0.00    0.00    0.00    0.00     0      0.00      0.00       0       0   0.00  irq/197-30c0000
02:45:42 AM     0        99    0.00    0.00    0.00    0.00    0.00     1      0.00      0.00       0       0   0.00  devfreq_wq
02:45:42 AM     0       100    0.00    0.00    0.00    0.00    0.00     1      0.00      0.00       0       0   0.00  watchdogd
02:45:42 AM     0       104    0.00    0.00    0.00    0.00    0.00     7      0.00      0.00       0       0   0.00  rpciod
02:45:42 AM     0       106    0.00    0.00    0.00    0.00    0.00     7      0.00      0.00       0       0   0.00  xprtiod
02:45:42 AM     0       108    0.00    0.00    0.00    0.00    0.00     7      0.00      0.00       0       0   0.00  kswapd0
02:45:42 AM     0       109    0.00    0.00    0.00    0.00    0.00     5      0.00      0.00       0       0   0.00  nfsiod
02:45:42 AM     0       112    0.00    0.00    0.00    0.00    0.00     1      0.00      0.00       0       0   0.00  kthrotld
02:45:42 AM     0       113    0.00    0.00    0.00    0.00    0.00     7      0.00      0.00       0       0   0.00  kpcitest
02:45:42 AM     0       116    0.00    0.00    0.00    0.00    0.00     5      0.00      0.00       0       0   0.00  kworker/5:1-events
02:45:42 AM     0       122    0.00    0.00    0.00    0.00    0.00     1      0.00      0.00       0       0   0.00  nvme-wq
02:45:42 AM     0       123    0.00    0.00    0.00    0.00    0.00     5      0.00      0.00       0       0   0.00  nvme-reset-wq
02:45:42 AM     0       124    0.00    0.00    0.00    0.00    0.00     6      0.00      0.00       0       0   0.00  nvme-delete-wq
02:45:42 AM     0       125    0.00    0.00    0.00    0.00    0.00     6      0.00      0.00       0       0   0.00  uas
02:45:42 AM     0       126    0.00    0.00    0.00    0.00    0.00     0      0.00      0.00       0       0   0.00  irq/222-tegra_r
02:45:42 AM     0       127    0.00    0.00    0.00    0.00    0.00     0      0.00      0.00       0       0   0.00  kworker/7:2-events
02:45:42 AM     0       129    0.00    0.00    0.00    0.00    0.00     0      0.00      0.00       0       0   0.00  irq/86-tegra-oc
02:45:42 AM     0       130    0.00    0.00    0.00    0.00    0.00     5      0.00      0.00       0       0   0.00  dm_bufio_cache
02:45:42 AM     0       131    0.00    0.00    0.00    0.00    0.00     0      0.00      0.00       0       0   0.00  irq/223-max7762
02:45:42 AM     0       140    0.00    0.00    0.00    0.00    0.00     0      0.00      0.00       0       0   0.00  irq/55-bc00000.
02:45:42 AM     0       143    0.00    0.00    0.00    0.00    0.00     0      0.00      0.00       0       0   0.00  ipv6_addrconf
02:45:42 AM     0       144    0.00    0.00    0.00    0.00    0.00     6      0.00      0.00       0       0   0.00  krfcommd
02:45:42 AM     0       145    0.00    0.00    0.00    0.00    0.00     0      0.00      0.00       0       0   0.00  kstrp
02:45:42 AM     0       150    0.00    0.00    0.00    0.00    0.00     0      0.00      0.00       0       0   0.00  irq/24-tegra-pc
02:45:42 AM     0       154    0.00    0.00    0.00    0.00    0.00     0      0.00      0.00       0       0   0.00  irq/26-tegra-pc
02:45:42 AM     0       160    0.00    0.00    0.00    0.00    0.00     0      0.00      0.00       0       0   0.00  irq/26-aerdrv
02:45:42 AM     0       161    0.00    0.00    0.00    0.00    0.00     0      0.00      0.00       0       0   0.00  irq/28-tegra-pc
02:45:42 AM     0       162    0.00    0.00    0.00    0.00    0.00     0      0.00      0.00       0       0   0.00  irq/28-aerdrv
02:45:42 AM     0       163    0.00    0.00    0.00    0.00    0.00     5      0.00      0.00       0       0   0.00  host_low_prio_w
02:45:42 AM     0       164    0.00    1.00    0.00    0.00    1.00     0      0.00      0.00       0       0   0.00  irq/57-host_syn
02:45:42 AM     0       165    0.00    0.00    0.00    0.00    0.00     0      0.00      0.00       0       0   0.00  irq/58-host_sta
02:45:42 AM     0       173    0.00    0.00    0.00    0.00    0.00     5      0.00      0.00       0       0   0.00  pva_task_status
02:45:42 AM     0       174    0.00    0.00    0.00    0.00    0.00     0      0.00      0.00       0       0   0.00  irq/75-pva-isr
02:45:42 AM     0       175    0.00    0.00    0.00    0.00    0.00     0      0.00      0.00       0       0   0.00  pva_task_status
02:45:42 AM     0       176    0.00    0.00    0.00    0.00    0.00     0      0.00      0.00       0       0   0.00  irq/76-pva-isr
02:45:42 AM     0       185    0.00    0.00    0.00    0.00    0.00     0      0.00      0.00       0       0   0.00  sdhci
02:45:42 AM     0       186    0.00    0.00    0.00    0.00    0.00     0      0.00      0.00       0       0   0.00  irq/39-mmc0
02:45:42 AM     0       187    0.00    0.00    0.00    0.00    0.00     2      0.00      0.00       0       0   0.00  sdhci
02:45:42 AM     0       189    0.00    0.00    0.00    0.00    0.00     0      0.00      0.00       0       0   0.00  irq/40-mmc1
02:45:42 AM     0       195    0.00    0.00    0.00    0.00    0.00     7      0.00      0.00       0       0   0.00  scsi_eh_0
02:45:42 AM     0       196    0.00    0.00    0.00    0.00    0.00     7      0.00      0.00       0       0   0.00  scsi_tmf_0
02:45:42 AM     0       197    0.00    0.00    0.00    0.00    0.00     0      0.00      0.00       0       0   0.00  kworker/5:2-events
02:45:42 AM     0       198    0.00    0.00    0.00    0.00    0.00     0      0.00      0.00       0       0   0.00  irq/67-15200000
02:45:42 AM     0       199    0.00    0.00    0.00    0.00    0.00     1      0.00      0.00       0       0   0.00  tegradc.0/a
02:45:42 AM     0       200    0.00    0.00    0.00    0.00    0.00     0      0.00      0.00       0       0   0.00  tegradc.0/b
02:45:42 AM     0       201    0.00    0.00    0.00    0.00    0.00     0      0.00      0.00       0       0   0.00  tegradc.0/c
02:45:42 AM     0       202    0.00    0.00    0.00    0.00    0.00     0      0.00      0.00       0       0   0.00  tegradc.0/d
02:45:42 AM     0       203    0.00    0.00    0.00    0.00    0.00     0      0.00      0.00       0       0   0.00  tegradc.0/e
02:45:42 AM     0       204    0.00    0.00    0.00    0.00    0.00     0      0.00      0.00       0       0   0.00  tegradc.0/f
02:45:42 AM     0       205    0.00    0.00    0.00    0.00    0.00     0      0.00      0.00       0       0   0.00  tegradc.0/sl
02:45:42 AM     0       206    0.00    0.00    0.00    0.00    0.00     0      0.00      0.00       0       0   0.00  irq/62-15200000
02:45:42 AM     0       207    0.00    0.00    0.00    0.00    0.00     0      0.00      0.00       0       0   0.00  irq/276-3400000
02:45:42 AM     0       208    0.00    0.00    0.00    0.00    0.00     0      0.00      0.00       0       0   0.00  ufs_eh_wq_0
02:45:42 AM     0       209    0.00    0.00    0.00    0.00    0.00     3      0.00      0.00       0       0   0.00  mmc_complete
02:45:42 AM     0       211    0.00    0.00    0.00    0.00    0.00     0      0.00      0.00       0       0   0.00  irq/278-1520000
02:45:42 AM     0       212    0.00    0.00    0.00    0.00    0.00     0      0.00      0.00       0       0   0.00  irq/203-3610000
02:45:42 AM     0       213    0.00    0.00    0.00    0.00    0.00     0      0.00      0.00       0       0   0.00  irq/221-3610000
02:45:42 AM     0       214    0.00    0.00    0.00    0.00    0.00     0      0.00      0.00       0       0   0.00  irq/30-tegra-pc
02:45:42 AM     0       216    0.00    0.00    0.00    0.00    0.00     0      0.00      0.00       0       0   0.00  kworker/4:3-events
02:45:42 AM     0       218    0.00    0.00    0.00    0.00    0.00     4      0.00      0.00       0       0   0.00  kworker/4:5-events
02:45:42 AM     0       221    0.00    0.00    0.00    0.00    0.00     0      0.00      0.00       0       0   0.00  kworker/6:12-events
02:45:42 AM     0       222    0.00    0.00    0.00    0.00    0.00     0      0.00      0.00       0       0   0.00  kworker/6:13-events
02:45:42 AM     0       225    0.00    0.00    0.00    0.00    0.00     0      0.00      0.00       0       0   0.00  irq/68-tegra_dp
02:45:42 AM     0       226    0.00    0.00    0.00    0.00    0.00     0      0.00      0.00       0       0   0.00  irq/65-15210000
02:45:42 AM     0       227    0.00    0.00    0.00    0.00    0.00     0      0.00      0.00       0       0   0.00  tegradc.1/a
02:45:42 AM     0       228    0.00    0.00    0.00    0.00    0.00     0      0.00      0.00       0       0   0.00  tegradc.1/b
02:45:42 AM     0       229    0.00    0.00    0.00    0.00    0.00     0      0.00      0.00       0       0   0.00  tegradc.1/c
02:45:42 AM     0       230    0.00    0.00    0.00    0.00    0.00     0      0.00      0.00       0       0   0.00  tegradc.1/d
02:45:42 AM     0       231    0.00    0.00    0.00    0.00    0.00     0      0.00      0.00       0       0   0.00  tegradc.1/e
02:45:42 AM     0       232    0.00    0.00    0.00    0.00    0.00     0      0.00      0.00       0       0   0.00  tegradc.1/f
02:45:42 AM     0       233    0.00    0.00    0.00    0.00    0.00     1      0.00      0.00       0       0   0.00  tegradc.1/sl
02:45:42 AM     0       234    0.00    0.00    0.00    0.00    0.00     0      0.00      0.00       0       0   0.00  irq/63-15210000
02:45:42 AM     0       249    0.00    0.00    0.00    0.00    0.00     0      0.00      0.00       0       0   0.00  irq/56-d230000.
02:45:42 AM     0       250    0.00    0.00    0.00    0.00    0.00     0      0.00      0.00       0       0   0.00  irq/69-tegra_dp
02:45:42 AM     0       251    0.00    0.00    0.00    0.00    0.00     0      0.00      0.00       0       0   0.00  irq/66-15220000
02:45:42 AM     0       252    0.00    0.00    0.00    0.00    0.00     0      0.00      0.00       0       0   0.00  tegradc.2/a
02:45:42 AM     0       253    0.00    0.00    0.00    0.00    0.00     0      0.00      0.00       0       0   0.00  tegradc.2/b
02:45:42 AM     0       254    0.00    0.00    0.00    0.00    0.00     0      0.00      0.00       0       0   0.00  tegradc.2/c
02:45:42 AM     0       255    0.00    0.00    0.00    0.00    0.00     0      0.00      0.00       0       0   0.00  tegradc.2/d
02:45:42 AM     0       256    0.00    0.00    0.00    0.00    0.00     0      0.00      0.00       0       0   0.00  tegradc.2/e
02:45:42 AM     0       257    0.00    0.00    0.00    0.00    0.00     0      0.00      0.00       0       0   0.00  tegradc.2/f
02:45:42 AM     0       258    0.00    0.00    0.00    0.00    0.00     0      0.00      0.00       0       0   0.00  tegradc.2/sl
02:45:42 AM     0       259    0.00    0.00    0.00    0.00    0.00     0      0.00      0.00       0       0   0.00  irq/64-15220000
02:45:42 AM     0       275    0.00    0.00    0.00    0.00    0.00     0      0.00      0.00       0       0   0.00  jbd2/mmcblk0p1-
02:45:42 AM     0       276    0.00    0.00    0.00    0.00    0.00     3      0.00      0.00       0       0   0.00  ext4-rsv-conver
02:45:42 AM     0       280    0.00    0.00    0.00    0.00    0.00     7      0.00      0.00       0       0   0.00  kworker/7:1H
02:45:42 AM     0       286    0.00    0.00    0.00    0.00    0.00     5      0.00      0.00       0       0   0.00  kworker/5:1H-kblockd
02:45:42 AM     0       312    0.00    0.00    0.00    0.00    0.00     1      0.00      0.00   61816   31808   0.10  systemd-journal
02:45:42 AM     0       338    0.00    4.00    0.00   22.00    4.00     0      0.00      0.00       0       0   0.00  nvmap-bz
02:45:42 AM     0       339    0.00    0.00    0.00    0.00    0.00     0      0.00      0.00       0       0   0.00  irq/204-gk20a_s
02:45:42 AM     0       340    0.00    0.00    0.00    0.00    0.00     0      0.00      0.00       0       0   0.00  irq/205-gk20a_n
02:45:42 AM     0       345    0.00    0.00    0.00    0.00    0.00     3      0.00      0.00    2776    1492   0.00  tee-supplicant
02:45:42 AM     0       347    0.00    0.00    0.00    0.00    0.00     3      0.00      0.00       0       0   0.00  optee_bus_scan
02:45:42 AM     0       358    0.00    0.00    0.00    0.00    0.00     3      0.00      0.00   22788    7532   0.02  systemd-udevd
02:45:42 AM     0       364    0.00    0.00    0.00    0.00    0.00     1      0.00      0.00    7948    4892   0.02  haveged
02:45:42 AM   126       365    0.00    0.00    0.00    0.00    0.00     3      0.00      0.00    7136    3108   0.01  rpcbind
02:45:42 AM   105       366    0.00    0.00    0.00    0.00    0.00     1      0.00      0.00   25592   13288   0.04  systemd-resolve
02:45:42 AM   103       367    0.00    0.00    0.00    0.00    0.00     1      0.00      0.00   90672    6220   0.02  systemd-timesyn
02:45:42 AM     0       407    0.00    0.00    0.00    0.00    0.00     5      0.00      0.00       0       0   0.00  cfg80211
02:45:42 AM     0       410    0.00    0.00    0.00    0.00    0.00     0      0.00      0.00       0       0   0.00  irq/42-3210000.
02:45:42 AM     0       412    0.00    0.00    0.00    0.00    0.00     2      0.00      0.00       0       0   0.00  spi0
02:45:42 AM     0       413    0.00   16.00    0.00    0.00   16.00     1      0.00      0.00       0       0   0.00  irq/282-iwlwifi
02:45:42 AM     0       416    0.00    0.00    0.00    0.00    0.00     4      0.00      0.00       0       0   0.00  ata_sff
02:45:42 AM     0       419    0.00    0.00    0.00    0.00    0.00     0      0.00      0.00       0       0   0.00  irq/43-c260000.
02:45:42 AM     0       420    0.00    0.00    0.00    0.00    0.00     6      0.00      0.00       0       0   0.00  scsi_eh_1
02:45:42 AM     0       422    0.00    0.00    0.00    0.00    0.00     6      0.00      0.00       0       0   0.00  scsi_tmf_1
02:45:42 AM     0       427    0.00    0.00    0.00    0.00    0.00     0      0.00      0.00       0       0   0.00  spi1
02:45:42 AM     0       430    0.00    0.00    0.00    0.00    0.00     3      0.00      0.00  242072    8880   0.03  accounts-daemon
02:45:42 AM   120       439    0.00    0.00    0.00    0.00    0.00     1      0.00      0.00    7084    3472   0.01  avahi-daemon
02:45:42 AM     0       441    0.00    0.00    0.00    0.00    0.00     3      0.00      0.00    9220    2516   0.01  cron
02:45:42 AM   106       443    0.00    0.00    0.00    0.00    0.00     3      0.00      0.00    9396    5264   0.02  dbus-daemon
02:45:42 AM     0       447    0.00    0.00    0.00    0.00    0.00     1      0.00      0.00  341244   20856   0.07  NetworkManager
02:45:42 AM     0       456    0.00    0.00    0.00    0.00    0.00     4      0.00      0.00   38300   19472   0.06  networkd-dispat
02:45:42 AM     0       473    0.00    0.00    0.00    0.00    0.00     2      0.00      0.00  238860   13352   0.04  polkitd
02:45:42 AM   125       483    0.00    0.00    0.00    0.00    0.00     3      0.00      0.00  220940    8288   0.03  rsyslogd
02:45:42 AM     0       503    0.00    0.00    0.00    0.00    0.00     2      0.00      0.00  235864    4364   0.01  switcheroo-cont
02:45:42 AM     0       514    0.00    0.00    0.00    0.00    0.00     2      0.00      0.00   17076    6760   0.02  systemd-logind
02:45:42 AM     0       523    0.00    0.00    0.00    0.00    0.00     1      0.00      0.00  395556   15676   0.05  udisksd
02:45:42 AM     0       528    0.00    0.00    0.00    0.00    0.00     1      0.00      0.00   12784    8052   0.03  wpa_supplicant
02:45:42 AM     0       548    0.00    0.00    0.00    0.00    0.00     0      0.00      0.00       0       0   0.00  sugov:0
02:45:42 AM   120       555    0.00    0.00    0.00    0.00    0.00     2      0.00      0.00    6896     324   0.00  avahi-daemon
02:45:42 AM     0       585    0.00    0.00    0.00    0.00    0.00     5      0.00      0.00       0       0   0.00  tmp451
02:45:42 AM     0       597    0.00    0.00    0.00    0.00    0.00     3      0.00      0.00       0       0   0.00  irq/286-1-0008
02:45:42 AM     0       600    0.00    0.00    0.00    0.00    0.00     2      0.00      0.00  321792   14480   0.05  ModemManager
02:45:42 AM     0       653    0.00    0.00    0.00    0.00    0.00     0      0.00      0.00    2476     604   0.00  nvfancontrol
02:45:42 AM     0       728    0.00    0.00    0.00    0.00    0.00     4      0.00      0.00       0       0   0.00  adspp_kthread
02:45:42 AM     0       779    0.00    0.00    0.00    0.00    0.00     6      0.00      0.00       0       0   0.00  kworker/6:2H-kblockd
02:45:42 AM     0       876    0.00    0.00    0.00    0.00    0.00     1      0.00      0.00       0       0   0.00  irq/289-2490000
02:45:42 AM     0       887    0.00    0.00    0.00    0.00    0.00     0      0.00      0.00       0       0   0.00  irq/32-eth0.com
02:45:42 AM     0       919    0.00    0.00    0.00    0.00    0.00     4      0.00      0.00       0       0   0.00  file-storage
02:45:42 AM     0       953    0.00    0.00    0.00    0.00    0.00     1      0.00      0.00       0       0   0.00  loop0
02:45:42 AM     0      1048    0.00    0.00    0.00    0.00    0.00     4      0.00      0.00       0       0   0.00  kworker/4:2H-kblockd
02:45:42 AM     0      1091    0.00    0.00    0.00    0.00    0.00     3      0.00      0.00       0       0   0.00  cryptd
02:45:42 AM     0      1147    0.00    0.00    0.00    0.00    0.00     2      0.00      0.00       0       0   0.00  sw-quiesce
02:45:42 AM     0      1148    0.00    0.00    0.00    0.00    0.00     1      0.00      0.00       0       0   0.00  nvgpu_channel_p
02:45:42 AM     0      1151    0.00    0.00    0.00    0.00    0.00     0      0.00      0.00       0       0   0.00  nvgpu_nvs_gv11b
02:45:42 AM     0      1153    0.00    0.00    0.00    0.00    0.00     0      0.00      0.00       0       0   0.00  nvgpu_pg_init_g
02:45:42 AM     0      1157    0.00    0.00    0.00    0.00    0.00     2      0.00      0.00       0       0   0.00  nvgpu_clk_arb_p
02:45:42 AM     0      1162    0.00    0.00    0.00    0.00    0.00     3      0.00      0.00       0       0   0.00  irq/288-rt5659
02:45:42 AM     0      1270    0.00    0.00    0.00    0.00    0.00     3      0.00      0.00   55688   11092   0.03  nvargus-daemon
02:45:42 AM     0      1273    0.00    0.00    0.00    0.00    0.00     3      0.00      0.00   21932    1552   0.00  nvs-service
02:45:42 AM     0      1298    0.00    0.00    0.00    0.00    0.00     1      0.00      0.00 2007972   50424   0.16  containerd
02:45:42 AM     0      1314    0.00    0.00    0.00    0.00    0.00     0      0.00      0.00  240032    7616   0.02  gdm3
02:45:42 AM   108      1326    0.00    0.00    0.00    0.00    0.00     2      0.00      0.00   11468    1896   0.01  kerneloops
02:45:42 AM     0      1327    0.00    0.00    0.00    0.00    0.00     3      0.00      0.00   12236    6576   0.02  sshd
02:45:42 AM     0      1336    0.00    0.00    0.00    0.00    0.00     0      0.00      0.00    7688    1876   0.01  agetty
02:45:42 AM     0      1337    0.00    0.00    0.00    0.00    0.00     2      0.00      0.00    7688    1904   0.01  agetty
02:45:42 AM   108      1339    0.00    0.00    0.00    0.00    0.00     0      0.00      0.00   11468    1820   0.01  kerneloops
02:45:42 AM     0      1340    0.00    0.00    0.00    0.00    0.00     3      0.00      0.00    9216    2824   0.01  nvgetty.sh
02:45:42 AM     0      1379    0.00    0.00    0.00    0.00    0.00     0      0.00      0.00    7688    1848   0.01  getty
02:45:42 AM     0      1554    0.00    0.00    0.00    0.00    0.00     2      0.00      0.00 2111796   85472   0.27  dockerd
02:45:42 AM     0      1677    0.00    0.00    0.00    0.00    0.00     1      0.00      0.00  168472    8256   0.03  gdm-session-wor
02:45:42 AM     0      1711    0.00    0.00    0.00    0.00    0.00     0      0.00      0.00    3248     808   0.00  nvphsd
02:45:42 AM     0      1716    0.00    0.00    0.00    0.00    0.00     3      0.00      0.00    3380    1788   0.01  nvphsd
02:45:42 AM   124      1789    0.00    0.00    0.00    0.00    0.00     3      0.00      0.00   19144    9224   0.03  systemd
02:45:42 AM   124      1804    0.00    0.00    0.00    0.00    0.00     3      0.00      0.00  104488    5436   0.02  (sd-pam)
02:45:42 AM   124      2014    0.00    0.00    0.00    0.00    0.00     0      0.00      0.00  961884   21984   0.07  pulseaudio
02:45:42 AM   124      2032    0.00    0.00    0.00    0.00    0.00     2      0.00      0.00  164156    5924   0.02  gdm-x-session
02:45:42 AM   124      2037    0.00    0.00    0.00    0.00    0.00     1      0.00      0.00 25330232   99256   0.31  Xorg
02:45:42 AM   118      2040    0.00    0.00    0.00    0.00    0.00     1      0.00      0.00  152516    2440   0.01  rtkit-daemon
02:45:42 AM   124      2162    0.00    0.00    0.00    0.00    0.00     2      0.00      0.00    7812    3448   0.01  dbus-daemon
02:45:42 AM   124      2428    0.00    0.00    0.00    0.00    0.00     0      0.00      0.00    4776    1164   0.00  dbus-run-sessio
02:45:42 AM   124      2429    0.00    0.00    0.00    0.00    0.00     2      0.00      0.00    8088    4104   0.01  dbus-daemon
02:45:42 AM   124      2438    0.00    0.00    0.00    0.00    0.00     2      0.00      0.00  559768   14932   0.05  gnome-session-b
02:45:42 AM     0      2457    0.00    0.00    0.00    0.00    0.00     2      0.00      0.00  101692   19628   0.06  jtop
02:45:42 AM   124      2463    0.00    0.00    0.00    0.00    0.00     3      0.00      0.00  309548   10092   0.03  at-spi-bus-laun
02:45:42 AM   124      2470    0.00    0.00    0.00    0.00    0.00     1      0.00      0.00    7676    3468   0.01  dbus-daemon
02:45:42 AM   124      2495    0.00    0.00    0.00    0.00    0.00     1      0.00      0.00 4022996  194908   0.61  gnome-shell
02:45:42 AM     0      2510    0.00    0.00    0.00    0.00    0.00     0      0.00      0.00  175424   16904   0.05  jtop
02:45:42 AM     0      2518    0.00    0.00    0.00    0.00    0.00     2      0.00      0.00  101692   17160   0.05  jtop
02:45:42 AM   124      2696    0.00    0.00    0.00    0.00    0.00     0      0.00      0.00  314420   11212   0.04  ibus-daemon
02:45:42 AM   124      2699    0.00    0.00    0.00    0.00    0.00     2      0.00      0.00  239960   11792   0.04  ibus-dconf
02:45:42 AM   124      2701    0.00    0.00    0.00    0.00    0.00     2      0.00      0.00  189920   16900   0.05  ibus-x11
02:45:42 AM   124      2704    0.00    0.00    0.00    0.00    0.00     3      0.00      0.00  239880    7776   0.02  ibus-portal
02:45:42 AM   124      2715    0.00    0.00    0.00    0.00    0.00     1      0.00      0.00  161420    6880   0.02  at-spi2-registr
02:45:42 AM   124      2719    0.00    0.00    0.00    0.00    0.00     3      0.00      0.00  235804    4672   0.01  xdg-permission-
02:45:42 AM     0      2725    0.00    0.00    0.00    0.00    0.00     3      0.00      0.00  252944    8776   0.03  upowerd
02:45:42 AM   124      2745    0.00    0.00    0.00    0.00    0.00     2      0.00      0.00 3001620   27244   0.09  gjs
02:45:42 AM   124      2764    0.00    0.00    0.00    0.00    0.00     2      0.00      0.00  469396   14236   0.04  gsd-sharing
02:45:42 AM   124      2765    0.00    0.00    0.00    0.00    0.00     1      0.00      0.00  334628   15072   0.05  gsd-wacom
02:45:42 AM   124      2768    0.00    0.00    0.00    0.00    0.00     2      0.00      0.00  571788   19844   0.06  gsd-color
02:45:42 AM   124      2772    0.00    0.00    0.00    0.00    0.00     3      0.00      0.00  338096   17824   0.06  gsd-keyboard
02:45:42 AM   124      2774    0.00    0.00    0.00    0.00    0.00     2      0.00      0.00  322508   11376   0.04  gsd-print-notif
02:45:42 AM   124      2779    0.00    0.00    0.00    0.00    0.00     3      0.00      0.00  166208    7736   0.02  ibus-engine-sim
02:45:42 AM   124      2780    0.00    0.00    0.00    0.00    0.00     1      0.00      0.00  457460    7996   0.03  gsd-rfkill
02:45:42 AM   124      2782    0.00    0.00    0.00    0.00    0.00     1      0.00      0.00  391976    9696   0.03  gsd-smartcard
02:45:42 AM   124      2784    0.00    0.00    0.00    0.00    0.00     2      0.00      0.00  374928   15372   0.05  gsd-datetime
02:45:42 AM   124      2790    0.00    0.00    0.00    0.00    0.00     3      0.00      0.00  679696   20032   0.06  gsd-media-keys
02:45:42 AM   124      2791    0.00    0.00    0.00    0.00    0.00     3      0.00      0.00  235772    5600   0.02  gsd-screensaver
02:45:42 AM   124      2793    0.00    0.00    0.00    0.00    0.00     3      0.00      0.00  320104    9452   0.03  gsd-sound
02:45:42 AM   124      2795    0.00    0.00    0.00    0.00    0.00     3      0.00      0.00  313652   10144   0.03  gsd-a11y-settin
02:45:42 AM   124      2799    0.00    0.00    0.00    0.00    0.00     2      0.00      0.00  313992   10540   0.03  gsd-housekeepin
02:45:42 AM   124      2802    0.00    0.00    0.00    0.00    0.00     1      0.00      0.00  339724   18828   0.06  gsd-power
02:45:42 AM   124      2824    0.00    0.00    0.00    0.00    0.00     2      0.00      0.00  342540   12784   0.04  gsd-printer
02:45:42 AM   119      2837    0.00    0.00    0.00    0.00    0.00     2      0.00      0.00  249328   17548   0.06  colord
02:45:42 AM     0     29120    0.00    0.00    0.00    0.00    0.00     3      0.00      0.00       0       0   0.00  kworker/u17:2
02:45:42 AM     0     33852    0.00    0.00    0.00    0.00    0.00     1      0.00      0.00       0       0   0.00  kworker/1:0H-kblockd
02:45:42 AM     0     35048    0.00    0.00    0.00    0.00    0.00     0      0.00      0.00       0       0   0.00  kworker/u17:0-rb_allocator
02:45:42 AM  1000     39960    0.00    0.00    0.00    0.00    0.00     2      0.00      0.00   19248    9208   0.03  systemd
02:45:42 AM  1000     39961    0.00    0.00    0.00    0.00    0.00     2      0.00      0.00  170940    6304   0.02  (sd-pam)
02:45:42 AM  1000     40037    0.00    0.00    0.00    0.00    0.00     3      0.00      0.00    7812    3952   0.01  dbus-daemon
02:45:42 AM     0     40147    0.00    0.00    0.00    0.00    0.00     1      0.00      0.00       0       0   0.00  kworker/1:0-events
02:45:42 AM     0     40174    0.00    0.00    0.00    0.00    0.00     2      0.00      0.00       0       0   0.00  kworker/2:2H-kblockd
02:45:42 AM     0     40194    0.00    0.00    0.00    0.00    0.00     3      0.00      0.00       0       0   0.00  kworker/3:0H-kblockd
02:45:42 AM     0     41650    0.00    0.00    0.00    0.00    0.00     3      0.00      0.00       0       0   0.00  kworker/3:0-events
02:45:42 AM     0     43913    0.00    0.00    0.00    0.00    0.00     2      0.00      0.00   14768    7560   0.02  sshd
02:45:42 AM  1000     43958    0.00    0.00    0.00    0.00    0.00     0      0.00      0.00   15292    6400   0.02  sshd
02:45:42 AM  1000     43959    0.00    0.00    0.00    0.00    0.00     1      0.00      0.00   11344    5444   0.02  bash
02:45:42 AM     0     50050    0.00    0.00    0.00    0.00    0.00     2      0.00      0.00   14768    7572   0.02  sshd
02:45:42 AM  1000     50094    0.00    0.00    0.00    0.00    0.00     3      0.00      0.00   15292    6428   0.02  sshd
02:45:42 AM  1000     50095    0.00    0.00    0.00    0.00    0.00     2      0.00      0.00   11344    5448   0.02  bash
02:45:42 AM     0     81462    0.00    0.00    0.00    0.00    0.00     2      0.00      0.00       0       0   0.00  kworker/2:2-mm_percpu_wq
02:45:42 AM     0     81478    0.00    0.00    0.00    0.00    0.00     0      0.00      0.00       0       0   0.00  kworker/0:1H-kblockd
02:45:42 AM  1000     84840    0.00    0.00    0.00    0.00    0.00     3      0.00      0.00  240176   10088   0.03  gnome-keyring-d
02:45:42 AM   124     84900    0.00    0.00    0.00    0.00    0.00     1      0.00      0.00  156240    4584   0.01  dconf-service
02:45:42 AM     0     85427    0.00    0.00    0.00    0.00    0.00     0      0.00      0.00       0       0   0.00  kworker/0:2-pm
02:45:42 AM     0     86310    0.00    1.00    0.00    0.00    1.00     2      0.00      0.00       0       0   0.00  kworker/u16:1-events_unbound
02:45:42 AM     0     86312    0.00    0.00    0.00    0.00    0.00     3      0.00      0.00   14768    7564   0.02  sshd
02:45:42 AM  1000     86356    0.00    0.00    0.00    0.00    0.00     0      0.00      0.00   15292    6380   0.02  sshd
02:45:42 AM  1000     86357    0.00    0.00    0.00    0.00    0.00     1      0.00      0.00   11344    5440   0.02  bash
02:45:42 AM     0     86549    0.00    0.00    0.00    0.00    0.00     2      0.00      0.00   14768    7664   0.02  sshd
02:45:42 AM  1000     86593    1.00    2.00    0.00    1.00    3.00     3      0.00      0.00   15292    6480   0.02  sshd
02:45:42 AM  1000     86594    0.00    0.00    0.00    0.00    0.00     3      0.00      0.00   11860    5896   0.02  bash
02:45:42 AM     0     86632    0.00    0.00    0.00    0.00    0.00     3      0.00      0.00       0       0   0.00  kworker/3:2
02:45:42 AM     0     87290    0.00    0.00    0.00    0.00    0.00     0      0.00      0.00   14768    7584   0.02  sshd
02:45:42 AM  1000     87334    0.00    0.00    0.00    0.00    0.00     0      0.00      0.00   15292    6412   0.02  sshd
02:45:42 AM  1000     87335    0.00    0.00    0.00    0.00    0.00     2      0.00      0.00   11344    5436   0.02  bash
02:45:42 AM     0     89981    0.00    0.00    0.00    0.00    0.00     1      0.00      0.00       0       0   0.00  kworker/1:1-pm
02:45:42 AM     0     95050    0.00    0.00    0.00    0.00    0.00     2      0.00      0.00       0       0   0.00  kworker/2:0-events
02:45:42 AM     0     96173    0.00    0.00    0.00    0.00    0.00     1      0.00      0.00       0       0   0.00  kworker/1:2-pm
02:45:42 AM     0     99494    0.00    0.00    0.00    0.00    0.00     3      0.00      0.00       0       0   0.00  kworker/u16:3-events_unbound
02:45:42 AM     0    107801    0.00    0.00    0.00    0.00    0.00     1      0.00      0.00       0       0   0.00  kworker/1:2H
02:45:42 AM     0    122883    0.00    1.00    0.00    0.00    1.00     1      0.00      0.00       0       0   0.00  kworker/u16:2-events_unbound
02:45:42 AM     0    123203    0.00    0.00    0.00    0.00    0.00     3      0.00      0.00       0       0   0.00  kworker/3:2H
02:45:42 AM     0    124025    0.00    0.00    0.00    0.00    0.00     2      0.00      0.00       0       0   0.00  kworker/2:0H
02:45:42 AM     0    130503    0.00    0.00    0.00    0.00    0.00     0      0.00      0.00       0       0   0.00  kworker/0:0H
02:45:42 AM     0    130577    0.00    0.00    0.00    0.00    0.00     0      0.00      0.00       0       0   0.00  kworker/0:1-events
02:45:42 AM     0    130584    0.00    0.00    0.00    0.00    0.00     2      0.00      0.00   14768    7576   0.02  sshd
02:45:42 AM  1000    130628    1.00    2.00    0.00    1.00    3.00     2      0.00      0.00   16676    7816   0.02  sshd
02:45:42 AM  1000    130629    0.00    0.00    0.00    0.00    0.00     3      0.00      0.00   11344    5436   0.02  bash
02:45:42 AM  1000    130765    1.00    0.00    0.00    0.00    1.00     0      0.00      0.00  283948   43148   0.14  roslaunch
02:45:42 AM  1000    130773    0.00    0.00    0.00    0.00    0.00     1      0.00      0.00  797980   45664   0.14  rosmaster
02:45:42 AM  1000    130783    0.00    0.00    0.00    0.00    0.00     1      0.00      0.00  274964   10152   0.03  rosout
02:45:42 AM  1000    130790   68.00   86.00    0.00   30.00  154.00     0      0.00      0.00 34790064  698604   2.20  scale_truck_con
02:45:42 AM  1000    130791   25.00   62.00    0.00    0.00   87.00     2      0.00      0.00 1571432  113560   0.36  LRC
02:45:42 AM  1000    130854   10.00    5.00    0.00    0.00   15.00     2      1.00      0.00  724884   72408   0.23  python3
02:45:42 AM     0    131985    0.00    0.00    0.00    0.00    0.00     2      0.00      0.00       0       0   0.00  kworker/2:1H
02:45:42 AM     0    132214    0.00    0.00    0.00    0.00    0.00     1      0.00      0.00       0       0   0.00  kworker/1:1H
02:45:42 AM     0    133801    0.00    0.00    0.00    0.00    0.00     0      0.00      0.00       0       0   0.00  kworker/0:0-events
02:45:42 AM     0    137289    0.00    0.00    0.00    0.00    0.00     1      0.00      0.00       0       0   0.00  kworker/1:3
02:45:42 AM  1000    137686    0.00    0.00    0.00    0.00    0.00     1      0.00      0.00    7828     564   0.00  timeout
02:45:42 AM  1000    137689    0.00    0.00    0.00    0.00    0.00     1      0.00      0.00    9208    3064   0.01  bash
02:45:42 AM  1000    137690    0.00    0.00    0.00    0.00    0.00     3      0.00      0.00   68712   43028   0.14  rosbag
02:45:42 AM  1000    137878   10.00   30.00    0.00    0.00   40.00     2     35.00      0.00 1172828   25488   0.08  record
02:45:42 AM  1000    137884    0.00    0.00    0.00    0.00    0.00     1      0.00      0.00   68692   43012   0.14  rosbag
02:45:42 AM  1000    138038    4.00   12.00    0.00    6.00   16.00     2      0.00      0.00   17716   10256   0.03  pidstat
02:45:42 AM  1000    138084    3.00    6.00    0.00    3.00    9.00     1      0.00      0.00  365380   27232   0.09  play

# Time        UID       PID    %usr %system  %guest   %wait    %CPU   CPU  minflt/s  majflt/s     VSZ     RSS   %MEM  Command
02:45:43 AM     0         1    0.00    0.00    0.00    0.00    0.00     0      0.00      0.00  169880   11540   0.04  systemd
02:45:43 AM     0         2    0.00    0.00    0.00    0.00    0.00     1      0.00      0.00       0       0   0.00  kthreadd
02:45:43 AM     0         3    0.00    0.00    0.00    0.00    0.00     0      0.00      0.00       0       0   0.00  rcu_gp
02:45:43 AM     0         4    0.00    0.00    0.00    0.00    0.00     0      0.00      0.00       0       0   0.00  rcu_par_gp
02:45:43 AM     0         8    0.00    0.00    0.00    0.00    0.00     0      0.00      0.00       0       0   0.00  mm_percpu_wq
02:45:43 AM     0         9    0.00    0.00    0.00    0.00    0.00     0      0.00      0.00       0       0   0.00  rcu_tasks_kthre
02:45:43 AM     0        10    0.00    0.00    0.00    0.00    0.00     0      0.00      0.00       0       0   0.00  rcu_tasks_rude_
02:45:43 AM     0        11    0.00    0.00    0.00    0.00    0.00     0      0.00      0.00       0       0   0.00  rcu_tasks_trace
02:45:43 AM     0        12    0.00    0.00    0.00    0.00    0.00     0      0.00      0.00       0       0   0.00  ksoftirqd/0
02:45:43 AM     0        13    0.00    0.00    0.00    0.00    0.00     0      0.00      0.00       0       0   0.00  rcu_preempt
02:45:43 AM     0        14    0.00    0.00    0.00    0.00    0.00     0      0.00      0.00       0       0   0.00  migration/0
02:45:43 AM     0        16    0.00    0.00    0.00    0.00    0.00     0      0.00      0.00       0       0   0.00  cpuhp/0
02:45:43 AM     0        17    0.00    0.00    0.00    0.00    0.00     1      0.00      0.00       0       0   0.00  cpuhp/1
02:45:43 AM     0        18    0.00    0.00    0.00    0.00    0.00     1      0.00      0.00       0       0   0.00  migration/1
02:45:43 AM     0        19    0.00    0.00    0.00    0.00    0.00     1      0.00      0.00       0       0   0.00  ksoftirqd/1
02:45:43 AM     0        22    0.00    0.00    0.00    0.00    0.00     2      0.00      0.00       0       0   0.00  cpuhp/2
02:45:43 AM     0        23    0.00    0.00    0.00    0.00    0.00     2      0.00      0.00       0       0   0.00  migration/2
02:45:43 AM     0        24    0.00    0.00    0.00    0.00    0.00     2      0.00      0.00       0       0   0.00  ksoftirqd/2
02:45:43 AM     0        27    0.00    0.00    0.00    0.00    0.00     3      0.00      0.00       0       0   0.00  cpuhp/3
02:45:43 AM     0        28    0.00    0.00    0.00    0.00    0.00     3      0.00      0.00       0       0   0.00  migration/3
02:45:43 AM     0        29    0.00    0.00    0.00    0.00    0.00     3      0.00      0.00       0       0   0.00  ksoftirqd/3
02:45:43 AM     0        32    0.00    0.00    0.00    0.00    0.00     4      0.00      0.00       0       0   0.00  cpuhp/4
02:45:43 AM     0        33    0.00    0.00    0.00    0.00    0.00     4      0.00      0.00       0       0   0.00  migration/4
02:45:43 AM     0        34    0.00    0.00    0.00    0.00    0.00     4      0.00      0.00       0       0   0.00  ksoftirqd/4
02:45:43 AM     0        36    0.00    0.00    0.00    0.00    0.00     4      0.00      0.00       0       0   0.00  kworker/4:0H-kblockd
02:45:43 AM     0        37    0.00    0.00    0.00    0.00    0.00     5      0.00      0.00       0       0   0.00  cpuhp/5
02:45:43 AM     0        38    0.00    0.00    0.00    0.00    0.00     5      0.00      0.00       0       0   0.00  migration/5
02:45:43 AM     0        39    0.00    0.00    0.00    0.00    0.00     5      0.00      0.00       0       0   0.00  ksoftirqd/5
02:45:43 AM     0        41    0.00    0.00    0.00    0.00    0.00     5      0.00      0.00       0       0   0.00  kworker/5:0H-kblockd
02:45:43 AM     0        42    0.00    0.00    0.00    0.00    0.00     6      0.00      0.00       0       0   0.00  cpuhp/6
02:45:43 AM     0        43    0.00    0.00    0.00    0.00    0.00     6      0.00      0.00       0       0   0.00  migration/6
02:45:43 AM     0        44    0.00    0.00    0.00    0.00    0.00     6      0.00      0.00       0       0   0.00  ksoftirqd/6
02:45:43 AM     0        46    0.00    0.00    0.00    0.00    0.00     6      0.00      0.00       0       0   0.00  kworker/6:0H-events_highpri
02:45:43 AM     0        47    0.00    0.00    0.00    0.00    0.00     7      0.00      0.00       0       0   0.00  cpuhp/7
02:45:43 AM     0        48    0.00    0.00    0.00    0.00    0.00     7      0.00      0.00       0       0   0.00  migration/7
02:45:43 AM     0        49    0.00    0.00    0.00    0.00    0.00     7      0.00      0.00       0       0   0.00  ksoftirqd/7
02:45:43 AM     0        50    0.00    0.00    0.00    0.00    0.00     0      0.00      0.00       0       0   0.00  kworker/7:0-rcu_gp
02:45:43 AM     0        51    0.00    0.00    0.00    0.00    0.00     7      0.00      0.00       0       0   0.00  kworker/7:0H-kblockd
02:45:43 AM     0        52    0.00    0.00    0.00    0.00    0.00     0      0.00      0.00       0       0   0.00  kdevtmpfs
02:45:43 AM     0        53    0.00    0.00    0.00    0.00    0.00     4      0.00      0.00       0       0   0.00  netns
02:45:43 AM     0        54    0.00    0.00    0.00    0.00    0.00     1      0.00      0.00       0       0   0.00  kauditd
02:45:43 AM     0        55    0.00    0.00    0.00    0.00    0.00     0      0.00      0.00       0       0   0.00  irq/87-mc_statu
02:45:43 AM     0        56    0.00    0.00    0.00    0.00    0.00     2      0.00      0.00       0       0   0.00  khungtaskd
02:45:43 AM     0        57    0.00    0.00    0.00    0.00    0.00     3      0.00      0.00       0       0   0.00  oom_reaper
02:45:43 AM     0        58    0.00    0.00    0.00    0.00    0.00     5      0.00      0.00       0       0   0.00  writeback
02:45:43 AM     0        59    0.00    0.00    0.00    0.00    0.00     3      0.00      0.00       0       0   0.00  kcompactd0
02:45:43 AM     0        60    0.00    0.00    0.00    0.00    0.00     1      0.00      0.00       0       0   0.00  ksmd
02:45:43 AM     0        61    0.00    0.00    0.00    0.00    0.00     2      0.00      0.00       0       0   0.00  khugepaged
02:45:43 AM     0        93    0.00    0.00    0.00    0.00    0.00     1      0.00      0.00       0       0   0.00  kintegrityd
02:45:43 AM     0        94    0.00    0.00    0.00    0.00    0.00     1      0.00      0.00       0       0   0.00  kblockd
02:45:43 AM     0        95    0.00    0.00    0.00    0.00    0.00     1      0.00      0.00       0       0   0.00  blkcg_punt_bio
02:45:43 AM     0        97    0.00    0.00    0.00    0.00    0.00     3      0.00      0.00       0       0   0.00  tpm_dev_wq
02:45:43 AM     0        98    0.00    0.00    0.00    0.00    0.00     0      0.00      0.00       0       0   0.00  irq/197-30c0000
02:45:43 AM     0        99    0.00    0.00    0.00    0.00    0.00     1      0.00      0.00       0       0   0.00  devfreq_wq
02:45:43 AM     0       100    0.00    0.00    0.00    0.00    0.00     1      0.00      0.00       0       0   0.00  watchdogd
02:45:43 AM     0       104    0.00    0.00    0.00    0.00    0.00     7      0.00      0.00       0       0   0.00  rpciod
02:45:43 AM     0       106    0.00    0.00    0.00    0.00    0.00     7      0.00      0.00       0       0   0.00  xprtiod
02:45:43 AM     0       108    0.00    0.00    0.00    0.00    0.00     7      0.00      0.00       0       0   0.00  kswapd0
02:45:43 AM     0       109    0.00    0.00    0.00    0.00    0.00     5      0.00      0.00       0       0   0.00  nfsiod
02:45:43 AM     0       112    0.00    0.00    0.00    0.00    0.00     1      0.00      0.00       0       0   0.00  kthrotld
02:45:43 AM     0       113    0.00    0.00    0.00    0.00    0.00     7      0.00      0.00       0       0   0.00  kpcitest
02:45:43 AM     0       116    0.00    0.00    0.00    0.00    0.00     5      0.00      0.00       0       0   0.00  kworker/5:1-events
02:45:43 AM     0       122    0.00    0.00    0.00    0.00    0.00     1      0.00      0.00       0       0   0.00  nvme-wq
02:45:43 AM     0       123    0.00    0.00    0.00    0.00    0.00     5      0.00      0.00       0       0   0.00  nvme-reset-wq
02:45:43 AM     0       124    0.00    0.00    0.00    0.00    0.00     6      0.00      0.00       0       0   0.00  nvme-delete-wq
02:45:43 AM     0       125    0.00    0.00    0.00    0.00    0.00     6      0.00      0.00       0       0   0.00  uas
02:45:43 AM     0       126    0.00    0.00    0.00    0.00    0.00     0      0.00      0.00       0       0   0.00  irq/222-tegra_r
02:45:43 AM     0       127    0.00    0.00    0.00    0.00    0.00     0      0.00      0.00       0       0   0.00  kworker/7:2-events
02:45:43 AM     0       129    0.00    0.00    0.00    0.00    0.00     0      0.00      0.00       0       0   0.00  irq/86-tegra-oc
02:45:43 AM     0       130    0.00    0.00    0.00    0.00    0.00     5      0.00      0.00       0       0   0.00  dm_bufio_cache
02:45:43 AM     0       131    0.00    0.00    0.00    0.00    0.00     0      0.00      0.00       0       0   0.00  irq/223-max7762
02:45:43 AM     0       140    0.00    0.00    0.00    0.00    0.00     0      0.00      0.00       0       0   0.00  irq/55-bc00000.
02:45:43 AM     0       143    0.00    0.00    0.00    0.00    0.00     0      0.00      0.00       0       0   0.00  ipv6_addrconf
02:45:43 AM     0       144    0.00    0.00    0.00    0.00    0.00     6      0.00      0.00       0       0   0.00  krfcommd
02:45:43 AM     0       145    0.00    0.00    0.00    0.00    0.00     0      0.00      0.00       0       0   0.00  kstrp
02:45:43 AM     0       150    0.00    0.00    0.00    0.00    0.00     0      0.00      0.00       0       0   0.00  irq/24-tegra-pc
02:45:43 AM     0       154    0.00    0.00    0.00    0.00    0.00     0      0.00      0.00       0       0   0.00  irq/26-tegra-pc
02:45:43 AM     0       160    0.00    0.00    0.00    0.00    0.00     0      0.00      0.00       0       0   0.00  irq/26-aerdrv
02:45:43 AM     0       161    0.00    0.00    0.00    0.00    0.00     0      0.00      0.00       0       0   0.00  irq/28-tegra-pc
02:45:43 AM     0       162    0.00    0.00    0.00    0.00    0.00     0      0.00      0.00       0       0   0.00  irq/28-aerdrv
02:45:43 AM     0       163    0.00    0.00    0.00    0.00    0.00     5      0.00      0.00       0       0   0.00  host_low_prio_w
02:45:43 AM     0       164    0.00    0.00    0.00    0.00    0.00     0      0.00      0.00       0       0   0.00  irq/57-host_syn
02:45:43 AM     0       165    0.00    0.00    0.00    0.00    0.00     0      0.00      0.00       0       0   0.00  irq/58-host_sta
02:45:43 AM     0       173    0.00    0.00    0.00    0.00    0.00     5      0.00      0.00       0       0   0.00  pva_task_status
02:45:43 AM     0       174    0.00    0.00    0.00    0.00    0.00     0      0.00      0.00       0       0   0.00  irq/75-pva-isr
02:45:43 AM     0       175    0.00    0.00    0.00    0.00    0.00     0      0.00      0.00       0       0   0.00  pva_task_status
02:45:43 AM     0       176    0.00    0.00    0.00    0.00    0.00     0      0.00      0.00       0       0   0.00  irq/76-pva-isr
02:45:43 AM     0       185    0.00    0.00    0.00    0.00    0.00     0      0.00      0.00       0       0   0.00  sdhci
02:45:43 AM     0       186    0.00    0.00    0.00    0.00    0.00     0      0.00      0.00       0       0   0.00  irq/39-mmc0
02:45:43 AM     0       187    0.00    0.00    0.00    0.00    0.00     2      0.00      0.00       0       0   0.00  sdhci
02:45:43 AM     0       189    0.00    0.00    0.00    0.00    0.00     0      0.00      0.00       0       0   0.00  irq/40-mmc1
02:45:43 AM     0       195    0.00    0.00    0.00    0.00    0.00     7      0.00      0.00       0       0   0.00  scsi_eh_0
02:45:43 AM     0       196    0.00    0.00    0.00    0.00    0.00     7      0.00      0.00       0       0   0.00  scsi_tmf_0
02:45:43 AM     0       197    0.00    0.00    0.00    0.00    0.00     0      0.00      0.00       0       0   0.00  kworker/5:2-events
02:45:43 AM     0       198    0.00    0.00    0.00    0.00    0.00     0      0.00      0.00       0       0   0.00  irq/67-15200000
02:45:43 AM     0       199    0.00    0.00    0.00    0.00    0.00     1      0.00      0.00       0       0   0.00  tegradc.0/a
02:45:43 AM     0       200    0.00    0.00    0.00    0.00    0.00     0      0.00      0.00       0       0   0.00  tegradc.0/b
02:45:43 AM     0       201    0.00    0.00    0.00    0.00    0.00     0      0.00      0.00       0       0   0.00  tegradc.0/c
02:45:43 AM     0       202    0.00    0.00    0.00    0.00    0.00     0      0.00      0.00       0       0   0.00  tegradc.0/d
02:45:43 AM     0       203    0.00    0.00    0.00    0.00    0.00     0      0.00      0.00       0       0   0.00  tegradc.0/e
02:45:43 AM     0       204    0.00    0.00    0.00    0.00    0.00     0      0.00      0.00       0       0   0.00  tegradc.0/f
02:45:43 AM     0       205    0.00    0.00    0.00    0.00    0.00     0      0.00      0.00       0       0   0.00  tegradc.0/sl
02:45:43 AM     0       206    0.00    0.00    0.00    0.00    0.00     0      0.00      0.00       0       0   0.00  irq/62-15200000
02:45:43 AM     0       207    0.00    0.00    0.00    0.00    0.00     0      0.00      0.00       0       0   0.00  irq/276-3400000
02:45:43 AM     0       208    0.00    0.00    0.00    0.00    0.00     0      0.00      0.00       0       0   0.00  ufs_eh_wq_0
02:45:43 AM     0       209    0.00    0.00    0.00    0.00    0.00     3      0.00      0.00       0       0   0.00  mmc_complete
02:45:43 AM     0       211    0.00    0.00    0.00    0.00    0.00     0      0.00      0.00       0       0   0.00  irq/278-1520000
02:45:43 AM     0       212    0.00    0.00    0.00    0.00    0.00     0      0.00      0.00       0       0   0.00  irq/203-3610000
02:45:43 AM     0       213    0.00    0.00    0.00    0.00    0.00     0      0.00      0.00       0       0   0.00  irq/221-3610000
02:45:43 AM     0       214    0.00    0.00    0.00    0.00    0.00     0      0.00      0.00       0       0   0.00  irq/30-tegra-pc
02:45:43 AM     0       216    0.00    0.00    0.00    0.00    0.00     0      0.00      0.00       0       0   0.00  kworker/4:3-events
02:45:43 AM     0       218    0.00    0.00    0.00    0.00    0.00     4      0.00      0.00       0       0   0.00  kworker/4:5-events
02:45:43 AM     0       221    0.00    0.00    0.00    0.00    0.00     0      0.00      0.00       0       0   0.00  kworker/6:12-events
02:45:43 AM     0       222    0.00    0.00    0.00    0.00    0.00     0      0.00      0.00       0       0   0.00  kworker/6:13-events
02:45:43 AM     0       225    0.00    0.00    0.00    0.00    0.00     0      0.00      0.00       0       0   0.00  irq/68-tegra_dp
02:45:43 AM     0       226    0.00    0.00    0.00    0.00    0.00     0      0.00      0.00       0       0   0.00  irq/65-15210000
02:45:43 AM     0       227    0.00    0.00    0.00    0.00    0.00     0      0.00      0.00       0       0   0.00  tegradc.1/a
02:45:43 AM     0       228    0.00    0.00    0.00    0.00    0.00     0      0.00      0.00       0       0   0.00  tegradc.1/b
02:45:43 AM     0       229    0.00    0.00    0.00    0.00    0.00     0      0.00      0.00       0       0   0.00  tegradc.1/c
02:45:43 AM     0       230    0.00    0.00    0.00    0.00    0.00     0      0.00      0.00       0       0   0.00  tegradc.1/d
02:45:43 AM     0       231    0.00    0.00    0.00    0.00    0.00     0      0.00      0.00       0       0   0.00  tegradc.1/e
02:45:43 AM     0       232    0.00    0.00    0.00    0.00    0.00     0      0.00      0.00       0       0   0.00  tegradc.1/f
02:45:43 AM     0       233    0.00    0.00    0.00    0.00    0.00     1      0.00      0.00       0       0   0.00  tegradc.1/sl
02:45:43 AM     0       234    0.00    0.00    0.00    0.00    0.00     0      0.00      0.00       0       0   0.00  irq/63-15210000
02:45:43 AM     0       249    0.00    0.00    0.00    0.00    0.00     0      0.00      0.00       0       0   0.00  irq/56-d230000.
02:45:43 AM     0       250    0.00    0.00    0.00    0.00    0.00     0      0.00      0.00       0       0   0.00  irq/69-tegra_dp
02:45:43 AM     0       251    0.00    0.00    0.00    0.00    0.00     0      0.00      0.00       0       0   0.00  irq/66-15220000
02:45:43 AM     0       252    0.00    0.00    0.00    0.00    0.00     0      0.00      0.00       0       0   0.00  tegradc.2/a
02:45:43 AM     0       253    0.00    0.00    0.00    0.00    0.00     0      0.00      0.00       0       0   0.00  tegradc.2/b
02:45:43 AM     0       254    0.00    0.00    0.00    0.00    0.00     0      0.00      0.00       0       0   0.00  tegradc.2/c
02:45:43 AM     0       255    0.00    0.00    0.00    0.00    0.00     0      0.00      0.00       0       0   0.00  tegradc.2/d
02:45:43 AM     0       256    0.00    0.00    0.00    0.00    0.00     0      0.00      0.00       0       0   0.00  tegradc.2/e
02:45:43 AM     0       257    0.00    0.00    0.00    0.00    0.00     0      0.00      0.00       0       0   0.00  tegradc.2/f
02:45:43 AM     0       258    0.00    0.00    0.00    0.00    0.00     0      0.00      0.00       0       0   0.00  tegradc.2/sl
02:45:43 AM     0       259    0.00    0.00    0.00    0.00    0.00     0      0.00      0.00       0       0   0.00  irq/64-15220000
02:45:43 AM     0       275    0.00    0.00    0.00    0.00    0.00     0      0.00      0.00       0       0   0.00  jbd2/mmcblk0p1-
02:45:43 AM     0       276    0.00    0.00    0.00    0.00    0.00     3      0.00      0.00       0       0   0.00  ext4-rsv-conver
02:45:43 AM     0       280    0.00    0.00    0.00    0.00    0.00     7      0.00      0.00       0       0   0.00  kworker/7:1H
02:45:43 AM     0       286    0.00    0.00    0.00    0.00    0.00     5      0.00      0.00       0       0   0.00  kworker/5:1H-kblockd
02:45:43 AM     0       312    0.00    0.00    0.00    0.00    0.00     1      0.00      0.00   61816   31808   0.10  systemd-journal
02:45:43 AM     0       338    0.00    4.00    0.00   16.00    4.00     0      0.00      0.00       0       0   0.00  nvmap-bz
02:45:43 AM     0       339    0.00    0.00    0.00    0.00    0.00     0      0.00      0.00       0       0   0.00  irq/204-gk20a_s
02:45:43 AM     0       340    0.00    0.00    0.00    0.00    0.00     0      0.00      0.00       0       0   0.00  irq/205-gk20a_n
02:45:43 AM     0       345    0.00    0.00    0.00    0.00    0.00     3      0.00      0.00    2776    1492   0.00  tee-supplicant
02:45:43 AM     0       347    0.00    0.00    0.00    0.00    0.00     3      0.00      0.00       0       0   0.00  optee_bus_scan
02:45:43 AM     0       358    0.00    0.00    0.00    0.00    0.00     3      0.00      0.00   22788    7532   0.02  systemd-udevd
02:45:43 AM     0       364    0.00    0.00    0.00    0.00    0.00     1      0.00      0.00    7948    4892   0.02  haveged
02:45:43 AM   126       365    0.00    0.00    0.00    0.00    0.00     3      0.00      0.00    7136    3108   0.01  rpcbind
02:45:43 AM   105       366    0.00    0.00    0.00    0.00    0.00     1      0.00      0.00   25592   13288   0.04  systemd-resolve
02:45:43 AM   103       367    0.00    0.00    0.00    0.00    0.00     1      0.00      0.00   90672    6220   0.02  systemd-timesyn
02:45:43 AM     0       407    0.00    0.00    0.00    0.00    0.00     5      0.00      0.00       0       0   0.00  cfg80211
02:45:43 AM     0       410    0.00    0.00    0.00    0.00    0.00     0      0.00      0.00       0       0   0.00  irq/42-3210000.
02:45:43 AM     0       412    0.00    0.00    0.00    0.00    0.00     2      0.00      0.00       0       0   0.00  spi0
02:45:43 AM     0       413    0.00   14.00    0.00    0.00   14.00     1      0.00      0.00       0       0   0.00  irq/282-iwlwifi
02:45:43 AM     0       416    0.00    0.00    0.00    0.00    0.00     4      0.00      0.00       0       0   0.00  ata_sff
02:45:43 AM     0       419    0.00    0.00    0.00    0.00    0.00     0      0.00      0.00       0       0   0.00  irq/43-c260000.
02:45:43 AM     0       420    0.00    0.00    0.00    0.00    0.00     6      0.00      0.00       0       0   0.00  scsi_eh_1
02:45:43 AM     0       422    0.00    0.00    0.00    0.00    0.00     6      0.00      0.00       0       0   0.00  scsi_tmf_1
02:45:43 AM     0       427    0.00    0.00    0.00    0.00    0.00     0      0.00      0.00       0       0   0.00  spi1
02:45:43 AM     0       430    0.00    0.00    0.00    0.00    0.00     3      0.00      0.00  242072    8880   0.03  accounts-daemon
02:45:43 AM   120       439    0.00    0.00    0.00    0.00    0.00     1      0.00      0.00    7084    3472   0.01  avahi-daemon
02:45:43 AM     0       441    0.00    0.00    0.00    0.00    0.00     3      0.00      0.00    9220    2516   0.01  cron
02:45:43 AM   106       443    0.00    0.00    0.00    0.00    0.00     3      0.00      0.00    9396    5264   0.02  dbus-daemon
02:45:43 AM     0       447    0.00    0.00    0.00    0.00    0.00     1      0.00      0.00  341244   20856   0.07  NetworkManager
02:45:43 AM     0       456    0.00    0.00    0.00    0.00    0.00     4      0.00      0.00   38300   19472   0.06  networkd-dispat
02:45:43 AM     0       473    0.00    0.00    0.00    0.00    0.00     2      0.00      0.00  238860   13352   0.04  polkitd
02:45:43 AM   125       483    0.00    0.00    0.00    0.00    0.00     3      0.00      0.00  220940    8288   0.03  rsyslogd
02:45:43 AM     0       503    0.00    0.00    0.00    0.00    0.00     2      0.00      0.00  235864    4364   0.01  switcheroo-cont
02:45:43 AM     0       514    0.00    0.00    0.00    0.00    0.00     2      0.00      0.00   17076    6760   0.02  systemd-logind
02:45:43 AM     0       523    0.00    0.00    0.00    0.00    0.00     1      0.00      0.00  395556   15676   0.05  udisksd
02:45:43 AM     0       528    0.00    0.00    0.00    0.00    0.00     1      0.00      0.00   12784    8052   0.03  wpa_supplicant
02:45:43 AM     0       548    0.00    0.00    0.00    0.00    0.00     0      0.00      0.00       0       0   0.00  sugov:0
02:45:43 AM   120       555    0.00    0.00    0.00    0.00    0.00     2      0.00      0.00    6896     324   0.00  avahi-daemon
02:45:43 AM     0       585    0.00    0.00    0.00    0.00    0.00     5      0.00      0.00       0       0   0.00  tmp451
02:45:43 AM     0       597    0.00    0.00    0.00    0.00    0.00     3      0.00      0.00       0       0   0.00  irq/286-1-0008
02:45:43 AM     0       600    0.00    0.00    0.00    0.00    0.00     2      0.00      0.00  321792   14480   0.05  ModemManager
02:45:43 AM     0       653    0.00    0.00    0.00    0.00    0.00     0      0.00      0.00    2476     604   0.00  nvfancontrol
02:45:43 AM     0       728    0.00    0.00    0.00    0.00    0.00     4      0.00      0.00       0       0   0.00  adspp_kthread
02:45:43 AM     0       779    0.00    0.00    0.00    0.00    0.00     6      0.00      0.00       0       0   0.00  kworker/6:2H-kblockd
02:45:43 AM     0       876    0.00    0.00    0.00    0.00    0.00     1      0.00      0.00       0       0   0.00  irq/289-2490000
02:45:43 AM     0       887    0.00    0.00    0.00    0.00    0.00     0      0.00      0.00       0       0   0.00  irq/32-eth0.com
02:45:43 AM     0       919    0.00    0.00    0.00    0.00    0.00     4      0.00      0.00       0       0   0.00  file-storage
02:45:43 AM     0       953    0.00    0.00    0.00    0.00    0.00     1      0.00      0.00       0       0   0.00  loop0
02:45:43 AM     0      1048    0.00    0.00    0.00    0.00    0.00     4      0.00      0.00       0       0   0.00  kworker/4:2H-kblockd
02:45:43 AM     0      1091    0.00    0.00    0.00    0.00    0.00     3      0.00      0.00       0       0   0.00  cryptd
02:45:43 AM     0      1147    0.00    0.00    0.00    0.00    0.00     2      0.00      0.00       0       0   0.00  sw-quiesce
02:45:43 AM     0      1148    0.00    0.00    0.00    0.00    0.00     1      0.00      0.00       0       0   0.00  nvgpu_channel_p
02:45:43 AM     0      1151    0.00    0.00    0.00    0.00    0.00     0      0.00      0.00       0       0   0.00  nvgpu_nvs_gv11b
02:45:43 AM     0      1153    0.00    0.00    0.00    0.00    0.00     0      0.00      0.00       0       0   0.00  nvgpu_pg_init_g
02:45:43 AM     0      1157    0.00    0.00    0.00    0.00    0.00     2      0.00      0.00       0       0   0.00  nvgpu_clk_arb_p
02:45:43 AM     0      1162    0.00    0.00    0.00    0.00    0.00     3      0.00      0.00       0       0   0.00  irq/288-rt5659
02:45:43 AM     0      1270    0.00    0.00    0.00    0.00    0.00     3      0.00      0.00   55688   11092   0.03  nvargus-daemon
02:45:43 AM     0      1273    0.00    0.00    0.00    0.00    0.00     3      0.00      0.00   21932    1552   0.00  nvs-service
02:45:43 AM     0      1298    0.00    0.00    0.00    0.00    0.00     1      0.00      0.00 2007972   50424   0.16  containerd
02:45:43 AM     0      1314    0.00    0.00    0.00    0.00    0.00     0      0.00      0.00  240032    7616   0.02  gdm3
02:45:43 AM   108      1326    0.00    0.00    0.00    0.00    0.00     2      0.00      0.00   11468    1896   0.01  kerneloops
02:45:43 AM     0      1327    0.00    0.00    0.00    0.00    0.00     3      0.00      0.00   12236    6576   0.02  sshd
02:45:43 AM     0      1336    0.00    0.00    0.00    0.00    0.00     0      0.00      0.00    7688    1876   0.01  agetty
02:45:43 AM     0      1337    0.00    0.00    0.00    0.00    0.00     2      0.00      0.00    7688    1904   0.01  agetty
02:45:43 AM   108      1339    0.00    0.00    0.00    0.00    0.00     0      0.00      0.00   11468    1820   0.01  kerneloops
02:45:43 AM     0      1340    0.00    0.00    0.00    0.00    0.00     3      0.00      0.00    9216    2824   0.01  nvgetty.sh
02:45:43 AM     0      1379    0.00    0.00    0.00    0.00    0.00     0      0.00      0.00    7688    1848   0.01  getty
02:45:43 AM     0      1554    0.00    0.00    0.00    0.00    0.00     2      0.00      0.00 2111796   85472   0.27  dockerd
02:45:43 AM     0      1677    0.00    0.00    0.00    0.00    0.00     1      0.00      0.00  168472    8256   0.03  gdm-session-wor
02:45:43 AM     0      1711    0.00    0.00    0.00    0.00    0.00     0      0.00      0.00    3248     808   0.00  nvphsd
02:45:43 AM     0      1716    0.00    0.00    0.00    0.00    0.00     3      0.00      0.00    3380    1788   0.01  nvphsd
02:45:43 AM   124      1789    0.00    0.00    0.00    0.00    0.00     3      0.00      0.00   19144    9224   0.03  systemd
02:45:43 AM   124      1804    0.00    0.00    0.00    0.00    0.00     3      0.00      0.00  104488    5436   0.02  (sd-pam)
02:45:43 AM   124      2014    0.00    0.00    0.00    0.00    0.00     0      0.00      0.00  961884   21984   0.07  pulseaudio
02:45:43 AM   124      2032    0.00    0.00    0.00    0.00    0.00     2      0.00      0.00  164156    5924   0.02  gdm-x-session
02:45:43 AM   124      2037    0.00    0.00    0.00    0.00    0.00     1      0.00      0.00 25330232   99256   0.31  Xorg
02:45:43 AM   118      2040    0.00    0.00    0.00    0.00    0.00     1      0.00      0.00  152516    2440   0.01  rtkit-daemon
02:45:43 AM   124      2162    0.00    0.00    0.00    0.00    0.00     2      0.00      0.00    7812    3448   0.01  dbus-daemon
02:45:43 AM   124      2428    0.00    0.00    0.00    0.00    0.00     0      0.00      0.00    4776    1164   0.00  dbus-run-sessio
02:45:43 AM   124      2429    0.00    0.00    0.00    0.00    0.00     2      0.00      0.00    8088    4104   0.01  dbus-daemon
02:45:43 AM   124      2438    0.00    0.00    0.00    0.00    0.00     2      0.00      0.00  559768   14932   0.05  gnome-session-b
02:45:43 AM     0      2457    0.00    0.00    0.00    0.00    0.00     2      0.00      0.00  101692   19628   0.06  jtop
02:45:43 AM   124      2463    0.00    0.00    0.00    0.00    0.00     3      0.00      0.00  309548   10092   0.03  at-spi-bus-laun
02:45:43 AM   124      2470    0.00    0.00    0.00    0.00    0.00     1      0.00      0.00    7676    3468   0.01  dbus-daemon
02:45:43 AM   124      2495    0.00    1.00    0.00    0.00    1.00     1      0.00      0.00 4022996  194908   0.61  gnome-shell
02:45:43 AM     0      2510    0.00    0.00    0.00    0.00    0.00     0      0.00      0.00  175424   16904   0.05  jtop
02:45:43 AM     0      2518    0.00    0.00    0.00    0.00    0.00     2      0.00      0.00  101692   17160   0.05  jtop
02:45:43 AM   124      2696    0.00    0.00    0.00    0.00    0.00     0      0.00      0.00  314420   11212   0.04  ibus-daemon
02:45:43 AM   124      2699    0.00    0.00    0.00    0.00    0.00     2      0.00      0.00  239960   11792   0.04  ibus-dconf
02:45:43 AM   124      2701    0.00    0.00    0.00    0.00    0.00     2      0.00      0.00  189920   16900   0.05  ibus-x11
02:45:43 AM   124      2704    0.00    0.00    0.00    0.00    0.00     3      0.00      0.00  239880    7776   0.02  ibus-portal
02:45:43 AM   124      2715    0.00    0.00    0.00    0.00    0.00     1      0.00      0.00  161420    6880   0.02  at-spi2-registr
02:45:43 AM   124      2719    0.00    0.00    0.00    0.00    0.00     3      0.00      0.00  235804    4672   0.01  xdg-permission-
02:45:43 AM     0      2725    0.00    0.00    0.00    0.00    0.00     3      0.00      0.00  252944    8776   0.03  upowerd
02:45:43 AM   124      2745    0.00    0.00    0.00    0.00    0.00     2      0.00      0.00 3001620   27244   0.09  gjs
02:45:43 AM   124      2764    0.00    0.00    0.00    0.00    0.00     2      0.00      0.00  469396   14236   0.04  gsd-sharing
02:45:43 AM   124      2765    0.00    0.00    0.00    0.00    0.00     1      0.00      0.00  334628   15072   0.05  gsd-wacom
02:45:43 AM   124      2768    0.00    0.00    0.00    0.00    0.00     2      0.00      0.00  571788   19844   0.06  gsd-color
02:45:43 AM   124      2772    0.00    0.00    0.00    0.00    0.00     3      0.00      0.00  338096   17824   0.06  gsd-keyboard
02:45:43 AM   124      2774    0.00    0.00    0.00    0.00    0.00     2      0.00      0.00  322508   11376   0.04  gsd-print-notif
02:45:43 AM   124      2779    0.00    0.00    0.00    0.00    0.00     3      0.00      0.00  166208    7736   0.02  ibus-engine-sim
02:45:43 AM   124      2780    0.00    0.00    0.00    0.00    0.00     1      0.00      0.00  457460    7996   0.03  gsd-rfkill
02:45:43 AM   124      2782    0.00    0.00    0.00    0.00    0.00     1      0.00      0.00  391976    9696   0.03  gsd-smartcard
02:45:43 AM   124      2784    0.00    0.00    0.00    0.00    0.00     2      0.00      0.00  374928   15372   0.05  gsd-datetime
02:45:43 AM   124      2790    0.00    0.00    0.00    0.00    0.00     3      0.00      0.00  679696   20032   0.06  gsd-media-keys
02:45:43 AM   124      2791    0.00    0.00    0.00    0.00    0.00     3      0.00      0.00  235772    5600   0.02  gsd-screensaver
02:45:43 AM   124      2793    0.00    0.00    0.00    0.00    0.00     3      0.00      0.00  320104    9452   0.03  gsd-sound
02:45:43 AM   124      2795    0.00    0.00    0.00    0.00    0.00     3      0.00      0.00  313652   10144   0.03  gsd-a11y-settin
02:45:43 AM   124      2799    0.00    0.00    0.00    0.00    0.00     2      0.00      0.00  313992   10540   0.03  gsd-housekeepin
02:45:43 AM   124      2802    0.00    0.00    0.00    0.00    0.00     1      0.00      0.00  339724   18828   0.06  gsd-power
02:45:43 AM   124      2824    0.00    0.00    0.00    0.00    0.00     2      0.00      0.00  342540   12784   0.04  gsd-printer
02:45:43 AM   119      2837    0.00    0.00    0.00    0.00    0.00     2      0.00      0.00  249328   17548   0.06  colord
02:45:43 AM     0     29120    0.00    0.00    0.00    0.00    0.00     3      0.00      0.00       0       0   0.00  kworker/u17:2
02:45:43 AM     0     33852    0.00    0.00    0.00    0.00    0.00     1      0.00      0.00       0       0   0.00  kworker/1:0H-kblockd
02:45:43 AM     0     35048    0.00    0.00    0.00    0.00    0.00     0      0.00      0.00       0       0   0.00  kworker/u17:0-thermal_fan_est
02:45:43 AM  1000     39960    0.00    0.00    0.00    0.00    0.00     2      0.00      0.00   19248    9208   0.03  systemd
02:45:43 AM  1000     39961    0.00    0.00    0.00    0.00    0.00     2      0.00      0.00  170940    6304   0.02  (sd-pam)
02:45:43 AM  1000     40037    0.00    0.00    0.00    0.00    0.00     3      0.00      0.00    7812    3952   0.01  dbus-daemon
02:45:43 AM     0     40147    0.00    0.00    0.00    1.00    0.00     1      0.00      0.00       0       0   0.00  kworker/1:0-events
02:45:43 AM     0     40174    0.00    0.00    0.00    0.00    0.00     2      0.00      0.00       0       0   0.00  kworker/2:2H-kblockd
02:45:43 AM     0     40194    0.00    0.00    0.00    0.00    0.00     3      0.00      0.00       0       0   0.00  kworker/3:0H-kblockd
02:45:43 AM     0     41650    0.00    0.00    0.00    0.00    0.00     3      0.00      0.00       0       0   0.00  kworker/3:0-mm_percpu_wq
02:45:43 AM     0     43913    0.00    0.00    0.00    0.00    0.00     2      0.00      0.00   14768    7560   0.02  sshd
02:45:43 AM  1000     43958    0.00    0.00    0.00    0.00    0.00     0      0.00      0.00   15292    6400   0.02  sshd
02:45:43 AM  1000     43959    0.00    0.00    0.00    0.00    0.00     1      0.00      0.00   11344    5444   0.02  bash
02:45:43 AM     0     50050    0.00    0.00    0.00    0.00    0.00     2      0.00      0.00   14768    7572   0.02  sshd
02:45:43 AM  1000     50094    0.00    0.00    0.00    0.00    0.00     3      0.00      0.00   15292    6428   0.02  sshd
02:45:43 AM  1000     50095    0.00    0.00    0.00    0.00    0.00     2      0.00      0.00   11344    5448   0.02  bash
02:45:43 AM     0     81462    0.00    0.00    0.00    0.00    0.00     2      0.00      0.00       0       0   0.00  kworker/2:2-events
02:45:43 AM     0     81478    0.00    0.00    0.00    0.00    0.00     0      0.00      0.00       0       0   0.00  kworker/0:1H-kblockd
02:45:43 AM  1000     84840    0.00    0.00    0.00    0.00    0.00     3      0.00      0.00  240176   10088   0.03  gnome-keyring-d
02:45:43 AM   124     84900    0.00    0.00    0.00    0.00    0.00     1      0.00      0.00  156240    4584   0.01  dconf-service
02:45:43 AM     0     85427    0.00    0.00    0.00    0.00    0.00     0      0.00      0.00       0       0   0.00  kworker/0:2-events
02:45:43 AM     0     86310    0.00    1.00    0.00    0.00    1.00     1      0.00      0.00       0       0   0.00  kworker/u16:1-events_unbound
02:45:43 AM     0     86312    0.00    0.00    0.00    0.00    0.00     3      0.00      0.00   14768    7564   0.02  sshd
02:45:43 AM  1000     86356    0.00    0.00    0.00    0.00    0.00     0      0.00      0.00   15292    6380   0.02  sshd
02:45:43 AM  1000     86357    0.00    0.00    0.00    0.00    0.00     1      0.00      0.00   11344    5440   0.02  bash
02:45:43 AM     0     86549    0.00    0.00    0.00    0.00    0.00     2      0.00      0.00   14768    7664   0.02  sshd
02:45:43 AM  1000     86593    1.00    3.00    0.00    1.00    4.00     2      0.00      0.00   15292    6480   0.02  sshd
02:45:43 AM  1000     86594    0.00    0.00    0.00    0.00    0.00     3      0.00      0.00   11860    5896   0.02  bash
02:45:43 AM     0     86632    0.00    0.00    0.00    0.00    0.00     3      0.00      0.00       0       0   0.00  kworker/3:2
02:45:43 AM     0     87290    0.00    0.00    0.00    0.00    0.00     0      0.00      0.00   14768    7584   0.02  sshd
02:45:43 AM  1000     87334    0.00    0.00    0.00    0.00    0.00     0      0.00      0.00   15292    6412   0.02  sshd
02:45:43 AM  1000     87335    0.00    0.00    0.00    0.00    0.00     2      0.00      0.00   11344    5436   0.02  bash
02:45:43 AM     0     89981    0.00    0.00    0.00    0.00    0.00     1      0.00      0.00       0       0   0.00  kworker/1:1-pm
02:45:43 AM     0     95050    0.00    0.00    0.00    0.00    0.00     2      0.00      0.00       0       0   0.00  kworker/2:0-events
02:45:43 AM     0     96173    0.00    0.00    0.00    0.00    0.00     1      0.00      0.00       0       0   0.00  kworker/1:2-pm
02:45:43 AM     0     99494    0.00    0.00    0.00    0.00    0.00     3      0.00      0.00       0       0   0.00  kworker/u16:3-events_unbound
02:45:43 AM     0    107801    0.00    0.00    0.00    0.00    0.00     1      0.00      0.00       0       0   0.00  kworker/1:2H
02:45:43 AM     0    122883    0.00    1.00    0.00    0.00    1.00     2      0.00      0.00       0       0   0.00  kworker/u16:2-events_unbound
02:45:43 AM     0    123203    0.00    0.00    0.00    0.00    0.00     3      0.00      0.00       0       0   0.00  kworker/3:2H
02:45:43 AM     0    124025    0.00    0.00    0.00    0.00    0.00     2      0.00      0.00       0       0   0.00  kworker/2:0H
02:45:43 AM     0    130503    0.00    0.00    0.00    0.00    0.00     0      0.00      0.00       0       0   0.00  kworker/0:0H
02:45:43 AM     0    130577    0.00    0.00    0.00    0.00    0.00     0      0.00      0.00       0       0   0.00  kworker/0:1-events
02:45:43 AM     0    130584    0.00    0.00    0.00    0.00    0.00     2      0.00      0.00   14768    7576   0.02  sshd
02:45:43 AM  1000    130628    1.00    1.00    0.00    0.00    2.00     3      0.00      0.00   16676    7816   0.02  sshd
02:45:43 AM  1000    130629    0.00    0.00    0.00    0.00    0.00     3      0.00      0.00   11344    5436   0.02  bash
02:45:43 AM  1000    130765    0.00    0.00    0.00    0.00    0.00     0      0.00      0.00  283948   43148   0.14  roslaunch
02:45:43 AM  1000    130773    1.00    0.00    0.00    0.00    1.00     1      0.00      0.00  797980   45664   0.14  rosmaster
02:45:43 AM  1000    130783    0.00    0.00    0.00    0.00    0.00     1      0.00      0.00  274964   10152   0.03  rosout
02:45:43 AM  1000    130790   75.00   90.00    0.00   35.00  165.00     2      0.00      0.00 34790064  698604   2.20  scale_truck_con
02:45:43 AM  1000    130791   26.00   67.00    0.00    0.00   93.00     2      0.00      0.00 1571432  113560   0.36  LRC
02:45:43 AM  1000    130854   11.00    6.00    0.00    0.00   17.00     2      0.00      0.00  724884   72408   0.23  python3
02:45:43 AM     0    131985    0.00    0.00    0.00    0.00    0.00     2      0.00      0.00       0       0   0.00  kworker/2:1H
02:45:43 AM     0    132214    0.00    0.00    0.00    0.00    0.00     1      0.00      0.00       0       0   0.00  kworker/1:1H
02:45:43 AM     0    133801    0.00    0.00    0.00    0.00    0.00     0      0.00      0.00       0       0   0.00  kworker/0:0-events
02:45:43 AM     0    137289    0.00    0.00    0.00    0.00    0.00     1      0.00      0.00       0       0   0.00  kworker/1:3
02:45:43 AM  1000    137686    0.00    0.00    0.00    0.00    0.00     1      0.00      0.00    7828     564   0.00  timeout
02:45:43 AM  1000    137689    0.00    0.00    0.00    0.00    0.00     1      0.00      0.00    9208    3064   0.01  bash
02:45:43 AM  1000    137690    0.00    0.00    0.00    0.00    0.00     3      0.00      0.00   68712   43028   0.14  rosbag
02:45:43 AM  1000    137878   12.00   30.00    0.00    0.00   42.00     2      0.00      0.00 1172828   25488   0.08  record
02:45:43 AM  1000    137884    0.00    0.00    0.00    0.00    0.00     1      0.00      0.00   68692   43012   0.14  rosbag
02:45:43 AM  1000    138038    4.00   14.00    0.00   13.00   18.00     3      0.00      0.00   17716   10256   0.03  pidstat
02:45:43 AM  1000    138084    2.00    9.00    0.00    7.00   11.00     3      0.00      0.00  365380   27232   0.09  play

# Time        UID       PID    %usr %system  %guest   %wait    %CPU   CPU  minflt/s  majflt/s     VSZ     RSS   %MEM  Command
02:45:44 AM     0         1    0.00    0.00    0.00    0.00    0.00     0      0.00      0.00  169880   11540   0.04  systemd
02:45:44 AM     0         2    0.00    0.00    0.00    0.00    0.00     1      0.00      0.00       0       0   0.00  kthreadd
02:45:44 AM     0         3    0.00    0.00    0.00    0.00    0.00     0      0.00      0.00       0       0   0.00  rcu_gp
02:45:44 AM     0         4    0.00    0.00    0.00    0.00    0.00     0      0.00      0.00       0       0   0.00  rcu_par_gp
02:45:44 AM     0         8    0.00    0.00    0.00    0.00    0.00     0      0.00      0.00       0       0   0.00  mm_percpu_wq
02:45:44 AM     0         9    0.00    0.00    0.00    0.00    0.00     0      0.00      0.00       0       0   0.00  rcu_tasks_kthre
02:45:44 AM     0        10    0.00    0.00    0.00    0.00    0.00     0      0.00      0.00       0       0   0.00  rcu_tasks_rude_
02:45:44 AM     0        11    0.00    0.00    0.00    0.00    0.00     0      0.00      0.00       0       0   0.00  rcu_tasks_trace
02:45:44 AM     0        12    0.00    1.00    0.00    0.00    1.00     0      0.00      0.00       0       0   0.00  ksoftirqd/0
02:45:44 AM     0        13    0.00    0.00    0.00    0.00    0.00     3      0.00      0.00       0       0   0.00  rcu_preempt
02:45:44 AM     0        14    0.00    0.00    0.00    0.00    0.00     0      0.00      0.00       0       0   0.00  migration/0
02:45:44 AM     0        16    0.00    0.00    0.00    0.00    0.00     0      0.00      0.00       0       0   0.00  cpuhp/0
02:45:44 AM     0        17    0.00    0.00    0.00    0.00    0.00     1      0.00      0.00       0       0   0.00  cpuhp/1
02:45:44 AM     0        18    0.00    0.00    0.00    0.00    0.00     1      0.00      0.00       0       0   0.00  migration/1
02:45:44 AM     0        19    0.00    0.00    0.00    0.00    0.00     1      0.00      0.00       0       0   0.00  ksoftirqd/1
02:45:44 AM     0        22    0.00    0.00    0.00    0.00    0.00     2      0.00      0.00       0       0   0.00  cpuhp/2
02:45:44 AM     0        23    0.00    0.00    0.00    0.00    0.00     2      0.00      0.00       0       0   0.00  migration/2
02:45:44 AM     0        24    0.00    1.00    0.00    0.00    1.00     2      0.00      0.00       0       0   0.00  ksoftirqd/2
02:45:44 AM     0        27    0.00    0.00    0.00    0.00    0.00     3      0.00      0.00       0       0   0.00  cpuhp/3
02:45:44 AM     0        28    0.00    0.00    0.00    0.00    0.00     3      0.00      0.00       0       0   0.00  migration/3
02:45:44 AM     0        29    0.00    0.00    0.00    0.00    0.00     3      0.00      0.00       0       0   0.00  ksoftirqd/3
02:45:44 AM     0        32    0.00    0.00    0.00    0.00    0.00     4      0.00      0.00       0       0   0.00  cpuhp/4
02:45:44 AM     0        33    0.00    0.00    0.00    0.00    0.00     4      0.00      0.00       0       0   0.00  migration/4
02:45:44 AM     0        34    0.00    0.00    0.00    0.00    0.00     4      0.00      0.00       0       0   0.00  ksoftirqd/4
02:45:44 AM     0        36    0.00    0.00    0.00    0.00    0.00     4      0.00      0.00       0       0   0.00  kworker/4:0H-kblockd
02:45:44 AM     0        37    0.00    0.00    0.00    0.00    0.00     5      0.00      0.00       0       0   0.00  cpuhp/5
02:45:44 AM     0        38    0.00    0.00    0.00    0.00    0.00     5      0.00      0.00       0       0   0.00  migration/5
02:45:44 AM     0        39    0.00    0.00    0.00    0.00    0.00     5      0.00      0.00       0       0   0.00  ksoftirqd/5
02:45:44 AM     0        41    0.00    0.00    0.00    0.00    0.00     5      0.00      0.00       0       0   0.00  kworker/5:0H-kblockd
02:45:44 AM     0        42    0.00    0.00    0.00    0.00    0.00     6      0.00      0.00       0       0   0.00  cpuhp/6
02:45:44 AM     0        43    0.00    0.00    0.00    0.00    0.00     6      0.00      0.00       0       0   0.00  migration/6
02:45:44 AM     0        44    0.00    0.00    0.00    0.00    0.00     6      0.00      0.00       0       0   0.00  ksoftirqd/6
02:45:44 AM     0        46    0.00    0.00    0.00    0.00    0.00     6      0.00      0.00       0       0   0.00  kworker/6:0H-events_highpri
02:45:44 AM     0        47    0.00    0.00    0.00    0.00    0.00     7      0.00      0.00       0       0   0.00  cpuhp/7
02:45:44 AM     0        48    0.00    0.00    0.00    0.00    0.00     7      0.00      0.00       0       0   0.00  migration/7
02:45:44 AM     0        49    0.00    0.00    0.00    0.00    0.00     7      0.00      0.00       0       0   0.00  ksoftirqd/7
02:45:44 AM     0        50    0.00    0.00    0.00    0.00    0.00     0      0.00      0.00       0       0   0.00  kworker/7:0-rcu_gp
02:45:44 AM     0        51    0.00    0.00    0.00    0.00    0.00     7      0.00      0.00       0       0   0.00  kworker/7:0H-kblockd
02:45:44 AM     0        52    0.00    0.00    0.00    0.00    0.00     0      0.00      0.00       0       0   0.00  kdevtmpfs
02:45:44 AM     0        53    0.00    0.00    0.00    0.00    0.00     4      0.00      0.00       0       0   0.00  netns
02:45:44 AM     0        54    0.00    0.00    0.00    0.00    0.00     1      0.00      0.00       0       0   0.00  kauditd
02:45:44 AM     0        55    0.00    0.00    0.00    0.00    0.00     0      0.00      0.00       0       0   0.00  irq/87-mc_statu
02:45:44 AM     0        56    0.00    0.00    0.00    0.00    0.00     2      0.00      0.00       0       0   0.00  khungtaskd
02:45:44 AM     0        57    0.00    0.00    0.00    0.00    0.00     3      0.00      0.00       0       0   0.00  oom_reaper
02:45:44 AM     0        58    0.00    0.00    0.00    0.00    0.00     5      0.00      0.00       0       0   0.00  writeback
02:45:44 AM     0        59    0.00    0.00    0.00    0.00    0.00     3      0.00      0.00       0       0   0.00  kcompactd0
02:45:44 AM     0        60    0.00    0.00    0.00    0.00    0.00     1      0.00      0.00       0       0   0.00  ksmd
02:45:44 AM     0        61    0.00    0.00    0.00    0.00    0.00     2      0.00      0.00       0       0   0.00  khugepaged
02:45:44 AM     0        93    0.00    0.00    0.00    0.00    0.00     1      0.00      0.00       0       0   0.00  kintegrityd
02:45:44 AM     0        94    0.00    0.00    0.00    0.00    0.00     1      0.00      0.00       0       0   0.00  kblockd
02:45:44 AM     0        95    0.00    0.00    0.00    0.00    0.00     1      0.00      0.00       0       0   0.00  blkcg_punt_bio
02:45:44 AM     0        97    0.00    0.00    0.00    0.00    0.00     3      0.00      0.00       0       0   0.00  tpm_dev_wq
02:45:44 AM     0        98    0.00    0.00    0.00    0.00    0.00     0      0.00      0.00       0       0   0.00  irq/197-30c0000
02:45:44 AM     0        99    0.00    0.00    0.00    0.00    0.00     1      0.00      0.00       0       0   0.00  devfreq_wq
02:45:44 AM     0       100    0.00    0.00    0.00    0.00    0.00     1      0.00      0.00       0       0   0.00  watchdogd
02:45:44 AM     0       104    0.00    0.00    0.00    0.00    0.00     7      0.00      0.00       0       0   0.00  rpciod
02:45:44 AM     0       106    0.00    0.00    0.00    0.00    0.00     7      0.00      0.00       0       0   0.00  xprtiod
02:45:44 AM     0       108    0.00    0.00    0.00    0.00    0.00     7      0.00      0.00       0       0   0.00  kswapd0
02:45:44 AM     0       109    0.00    0.00    0.00    0.00    0.00     5      0.00      0.00       0       0   0.00  nfsiod
02:45:44 AM     0       112    0.00    0.00    0.00    0.00    0.00     1      0.00      0.00       0       0   0.00  kthrotld
02:45:44 AM     0       113    0.00    0.00    0.00    0.00    0.00     7      0.00      0.00       0       0   0.00  kpcitest
02:45:44 AM     0       116    0.00    0.00    0.00    0.00    0.00     5      0.00      0.00       0       0   0.00  kworker/5:1-events
02:45:44 AM     0       122    0.00    0.00    0.00    0.00    0.00     1      0.00      0.00       0       0   0.00  nvme-wq
02:45:44 AM     0       123    0.00    0.00    0.00    0.00    0.00     5      0.00      0.00       0       0   0.00  nvme-reset-wq
02:45:44 AM     0       124    0.00    0.00    0.00    0.00    0.00     6      0.00      0.00       0       0   0.00  nvme-delete-wq
02:45:44 AM     0       125    0.00    0.00    0.00    0.00    0.00     6      0.00      0.00       0       0   0.00  uas
02:45:44 AM     0       126    0.00    0.00    0.00    0.00    0.00     0      0.00      0.00       0       0   0.00  irq/222-tegra_r
02:45:44 AM     0       127    0.00    0.00    0.00    0.00    0.00     0      0.00      0.00       0       0   0.00  kworker/7:2-events
02:45:44 AM     0       129    0.00    0.00    0.00    0.00    0.00     0      0.00      0.00       0       0   0.00  irq/86-tegra-oc
02:45:44 AM     0       130    0.00    0.00    0.00    0.00    0.00     5      0.00      0.00       0       0   0.00  dm_bufio_cache
02:45:44 AM     0       131    0.00    0.00    0.00    0.00    0.00     0      0.00      0.00       0       0   0.00  irq/223-max7762
02:45:44 AM     0       140    0.00    0.00    0.00    0.00    0.00     0      0.00      0.00       0       0   0.00  irq/55-bc00000.
02:45:44 AM     0       143    0.00    0.00    0.00    0.00    0.00     0      0.00      0.00       0       0   0.00  ipv6_addrconf
02:45:44 AM     0       144    0.00    0.00    0.00    0.00    0.00     6      0.00      0.00       0       0   0.00  krfcommd
02:45:44 AM     0       145    0.00    0.00    0.00    0.00    0.00     0      0.00      0.00       0       0   0.00  kstrp
02:45:44 AM     0       150    0.00    0.00    0.00    0.00    0.00     0      0.00      0.00       0       0   0.00  irq/24-tegra-pc
02:45:44 AM     0       154    0.00    0.00    0.00    0.00    0.00     0      0.00      0.00       0       0   0.00  irq/26-tegra-pc
02:45:44 AM     0       160    0.00    0.00    0.00    0.00    0.00     0      0.00      0.00       0       0   0.00  irq/26-aerdrv
02:45:44 AM     0       161    0.00    0.00    0.00    0.00    0.00     0      0.00      0.00       0       0   0.00  irq/28-tegra-pc
02:45:44 AM     0       162    0.00    0.00    0.00    0.00    0.00     0      0.00      0.00       0       0   0.00  irq/28-aerdrv
02:45:44 AM     0       163    0.00    0.00    0.00    0.00    0.00     5      0.00      0.00       0       0   0.00  host_low_prio_w
02:45:44 AM     0       164    0.00    1.00    0.00    0.00    1.00     0      0.00      0.00       0       0   0.00  irq/57-host_syn
02:45:44 AM     0       165    0.00    0.00    0.00    0.00    0.00     0      0.00      0.00       0       0   0.00  irq/58-host_sta
02:45:44 AM     0       173    0.00    0.00    0.00    0.00    0.00     5      0.00      0.00       0       0   0.00  pva_task_status
02:45:44 AM     0       174    0.00    0.00    0.00    0.00    0.00     0      0.00      0.00       0       0   0.00  irq/75-pva-isr
02:45:44 AM     0       175    0.00    0.00    0.00    0.00    0.00     0      0.00      0.00       0       0   0.00  pva_task_status
02:45:44 AM     0       176    0.00    0.00    0.00    0.00    0.00     0      0.00      0.00       0       0   0.00  irq/76-pva-isr
02:45:44 AM     0       185    0.00    0.00    0.00    0.00    0.00     0      0.00      0.00       0       0   0.00  sdhci
02:45:44 AM     0       186    0.00    0.00    0.00    0.00    0.00     0      0.00      0.00       0       0   0.00  irq/39-mmc0
02:45:44 AM     0       187    0.00    0.00    0.00    0.00    0.00     2      0.00      0.00       0       0   0.00  sdhci
02:45:44 AM     0       189    0.00    0.00    0.00    0.00    0.00     0      0.00      0.00       0       0   0.00  irq/40-mmc1
02:45:44 AM     0       195    0.00    0.00    0.00    0.00    0.00     7      0.00      0.00       0       0   0.00  scsi_eh_0
02:45:44 AM     0       196    0.00    0.00    0.00    0.00    0.00     7      0.00      0.00       0       0   0.00  scsi_tmf_0
02:45:44 AM     0       197    0.00    0.00    0.00    0.00    0.00     0      0.00      0.00       0       0   0.00  kworker/5:2-events
02:45:44 AM     0       198    0.00    0.00    0.00    0.00    0.00     0      0.00      0.00       0       0   0.00  irq/67-15200000
02:45:44 AM     0       199    0.00    0.00    0.00    0.00    0.00     1      0.00      0.00       0       0   0.00  tegradc.0/a
02:45:44 AM     0       200    0.00    0.00    0.00    0.00    0.00     0      0.00      0.00       0       0   0.00  tegradc.0/b
02:45:44 AM     0       201    0.00    0.00    0.00    0.00    0.00     0      0.00      0.00       0       0   0.00  tegradc.0/c
02:45:44 AM     0       202    0.00    0.00    0.00    0.00    0.00     0      0.00      0.00       0       0   0.00  tegradc.0/d
02:45:44 AM     0       203    0.00    0.00    0.00    0.00    0.00     0      0.00      0.00       0       0   0.00  tegradc.0/e
02:45:44 AM     0       204    0.00    0.00    0.00    0.00    0.00     0      0.00      0.00       0       0   0.00  tegradc.0/f
02:45:44 AM     0       205    0.00    0.00    0.00    0.00    0.00     0      0.00      0.00       0       0   0.00  tegradc.0/sl
02:45:44 AM     0       206    0.00    0.00    0.00    0.00    0.00     0      0.00      0.00       0       0   0.00  irq/62-15200000
02:45:44 AM     0       207    0.00    0.00    0.00    0.00    0.00     0      0.00      0.00       0       0   0.00  irq/276-3400000
02:45:44 AM     0       208    0.00    0.00    0.00    0.00    0.00     0      0.00      0.00       0       0   0.00  ufs_eh_wq_0
02:45:44 AM     0       209    0.00    0.00    0.00    0.00    0.00     3      0.00      0.00       0       0   0.00  mmc_complete
02:45:44 AM     0       211    0.00    0.00    0.00    0.00    0.00     0      0.00      0.00       0       0   0.00  irq/278-1520000
02:45:44 AM     0       212    0.00    0.00    0.00    0.00    0.00     0      0.00      0.00       0       0   0.00  irq/203-3610000
02:45:44 AM     0       213    0.00    0.00    0.00    0.00    0.00     0      0.00      0.00       0       0   0.00  irq/221-3610000
02:45:44 AM     0       214    0.00    0.00    0.00    0.00    0.00     0      0.00      0.00       0       0   0.00  irq/30-tegra-pc
02:45:44 AM     0       216    0.00    0.00    0.00    0.00    0.00     0      0.00      0.00       0       0   0.00  kworker/4:3-events
02:45:44 AM     0       218    0.00    0.00    0.00    0.00    0.00     4      0.00      0.00       0       0   0.00  kworker/4:5-events
02:45:44 AM     0       221    0.00    0.00    0.00    0.00    0.00     0      0.00      0.00       0       0   0.00  kworker/6:12-events
02:45:44 AM     0       222    0.00    0.00    0.00    0.00    0.00     0      0.00      0.00       0       0   0.00  kworker/6:13-events
02:45:44 AM     0       225    0.00    0.00    0.00    0.00    0.00     0      0.00      0.00       0       0   0.00  irq/68-tegra_dp
02:45:44 AM     0       226    0.00    0.00    0.00    0.00    0.00     0      0.00      0.00       0       0   0.00  irq/65-15210000
02:45:44 AM     0       227    0.00    0.00    0.00    0.00    0.00     0      0.00      0.00       0       0   0.00  tegradc.1/a
02:45:44 AM     0       228    0.00    0.00    0.00    0.00    0.00     0      0.00      0.00       0       0   0.00  tegradc.1/b
02:45:44 AM     0       229    0.00    0.00    0.00    0.00    0.00     0      0.00      0.00       0       0   0.00  tegradc.1/c
02:45:44 AM     0       230    0.00    0.00    0.00    0.00    0.00     0      0.00      0.00       0       0   0.00  tegradc.1/d
02:45:44 AM     0       231    0.00    0.00    0.00    0.00    0.00     0      0.00      0.00       0       0   0.00  tegradc.1/e
02:45:44 AM     0       232    0.00    0.00    0.00    0.00    0.00     0      0.00      0.00       0       0   0.00  tegradc.1/f
02:45:44 AM     0       233    0.00    0.00    0.00    0.00    0.00     1      0.00      0.00       0       0   0.00  tegradc.1/sl
02:45:44 AM     0       234    0.00    0.00    0.00    0.00    0.00     0      0.00      0.00       0       0   0.00  irq/63-15210000
02:45:44 AM     0       249    0.00    0.00    0.00    0.00    0.00     0      0.00      0.00       0       0   0.00  irq/56-d230000.
02:45:44 AM     0       250    0.00    0.00    0.00    0.00    0.00     0      0.00      0.00       0       0   0.00  irq/69-tegra_dp
02:45:44 AM     0       251    0.00    0.00    0.00    0.00    0.00     0      0.00      0.00       0       0   0.00  irq/66-15220000
02:45:44 AM     0       252    0.00    0.00    0.00    0.00    0.00     0      0.00      0.00       0       0   0.00  tegradc.2/a
02:45:44 AM     0       253    0.00    0.00    0.00    0.00    0.00     0      0.00      0.00       0       0   0.00  tegradc.2/b
02:45:44 AM     0       254    0.00    0.00    0.00    0.00    0.00     0      0.00      0.00       0       0   0.00  tegradc.2/c
02:45:44 AM     0       255    0.00    0.00    0.00    0.00    0.00     0      0.00      0.00       0       0   0.00  tegradc.2/d
02:45:44 AM     0       256    0.00    0.00    0.00    0.00    0.00     0      0.00      0.00       0       0   0.00  tegradc.2/e
02:45:44 AM     0       257    0.00    0.00    0.00    0.00    0.00     0      0.00      0.00       0       0   0.00  tegradc.2/f
02:45:44 AM     0       258    0.00    0.00    0.00    0.00    0.00     0      0.00      0.00       0       0   0.00  tegradc.2/sl
02:45:44 AM     0       259    0.00    0.00    0.00    0.00    0.00     0      0.00      0.00       0       0   0.00  irq/64-15220000
02:45:44 AM     0       275    0.00    0.00    0.00    0.00    0.00     0      0.00      0.00       0       0   0.00  jbd2/mmcblk0p1-
02:45:44 AM     0       276    0.00    0.00    0.00    0.00    0.00     3      0.00      0.00       0       0   0.00  ext4-rsv-conver
02:45:44 AM     0       280    0.00    0.00    0.00    0.00    0.00     7      0.00      0.00       0       0   0.00  kworker/7:1H
02:45:44 AM     0       286    0.00    0.00    0.00    0.00    0.00     5      0.00      0.00       0       0   0.00  kworker/5:1H-kblockd
02:45:44 AM     0       312    0.00    0.00    0.00    0.00    0.00     1      0.00      0.00   61816   31808   0.10  systemd-journal
02:45:44 AM     0       338    0.00    4.00    0.00   15.00    4.00     2      0.00      0.00       0       0   0.00  nvmap-bz
02:45:44 AM     0       339    0.00    0.00    0.00    0.00    0.00     0      0.00      0.00       0       0   0.00  irq/204-gk20a_s
02:45:44 AM     0       340    0.00    0.00    0.00    0.00    0.00     0      0.00      0.00       0       0   0.00  irq/205-gk20a_n
02:45:44 AM     0       345    0.00    0.00    0.00    0.00    0.00     3      0.00      0.00    2776    1492   0.00  tee-supplicant
02:45:44 AM     0       347    0.00    0.00    0.00    0.00    0.00     3      0.00      0.00       0       0   0.00  optee_bus_scan
02:45:44 AM     0       358    0.00    0.00    0.00    0.00    0.00     3      0.00      0.00   22788    7532   0.02  systemd-udevd
02:45:44 AM     0       364    0.00    0.00    0.00    0.00    0.00     1      0.00      0.00    7948    4892   0.02  haveged
02:45:44 AM   126       365    0.00    0.00    0.00    0.00    0.00     3      0.00      0.00    7136    3108   0.01  rpcbind
02:45:44 AM   105       366    0.00    0.00    0.00    0.00    0.00     1      0.00      0.00   25592   13288   0.04  systemd-resolve
02:45:44 AM   103       367    0.00    0.00    0.00    0.00    0.00     1      0.00      0.00   90672    6220   0.02  systemd-timesyn
02:45:44 AM     0       407    0.00    0.00    0.00    0.00    0.00     5      0.00      0.00       0       0   0.00  cfg80211
02:45:44 AM     0       410    0.00    0.00    0.00    0.00    0.00     0      0.00      0.00       0       0   0.00  irq/42-3210000.
02:45:44 AM     0       412    0.00    0.00    0.00    0.00    0.00     2      0.00      0.00       0       0   0.00  spi0
02:45:44 AM     0       413    0.00   15.00    0.00    0.00   15.00     1      0.00      0.00       0       0   0.00  irq/282-iwlwifi
02:45:44 AM     0       416    0.00    0.00    0.00    0.00    0.00     4      0.00      0.00       0       0   0.00  ata_sff
02:45:44 AM     0       419    0.00    0.00    0.00    0.00    0.00     0      0.00      0.00       0       0   0.00  irq/43-c260000.
02:45:44 AM     0       420    0.00    0.00    0.00    0.00    0.00     6      0.00      0.00       0       0   0.00  scsi_eh_1
02:45:44 AM     0       422    0.00    0.00    0.00    0.00    0.00     6      0.00      0.00       0       0   0.00  scsi_tmf_1
02:45:44 AM     0       427    0.00    0.00    0.00    0.00    0.00     0      0.00      0.00       0       0   0.00  spi1
02:45:44 AM     0       430    0.00    0.00    0.00    0.00    0.00     3      0.00      0.00  242072    8880   0.03  accounts-daemon
02:45:44 AM   120       439    0.00    0.00    0.00    0.00    0.00     1      0.00      0.00    7084    3472   0.01  avahi-daemon
02:45:44 AM     0       441    0.00    0.00    0.00    0.00    0.00     3      0.00      0.00    9220    2516   0.01  cron
02:45:44 AM   106       443    0.00    0.00    0.00    0.00    0.00     3      0.00      0.00    9396    5264   0.02  dbus-daemon
02:45:44 AM     0       447    0.00    0.00    0.00    0.00    0.00     0      0.00      0.00  341244   20856   0.07  NetworkManager
02:45:44 AM     0       456    0.00    0.00    0.00    0.00    0.00     4      0.00      0.00   38300   19472   0.06  networkd-dispat
02:45:44 AM     0       473    0.00    0.00    0.00    0.00    0.00     2      0.00      0.00  238860   13352   0.04  polkitd
02:45:44 AM   125       483    0.00    0.00    0.00    0.00    0.00     3      0.00      0.00  220940    8288   0.03  rsyslogd
02:45:44 AM     0       503    0.00    0.00    0.00    0.00    0.00     2      0.00      0.00  235864    4364   0.01  switcheroo-cont
02:45:44 AM     0       514    0.00    0.00    0.00    0.00    0.00     2      0.00      0.00   17076    6760   0.02  systemd-logind
02:45:44 AM     0       523    0.00    0.00    0.00    0.00    0.00     1      0.00      0.00  395556   15676   0.05  udisksd
02:45:44 AM     0       528    0.00    0.00    0.00    0.00    0.00     1      0.00      0.00   12784    8052   0.03  wpa_supplicant
02:45:44 AM     0       548    0.00    0.00    0.00    0.00    0.00     0      0.00      0.00       0       0   0.00  sugov:0
02:45:44 AM   120       555    0.00    0.00    0.00    0.00    0.00     2      0.00      0.00    6896     324   0.00  avahi-daemon
02:45:44 AM     0       585    0.00    0.00    0.00    0.00    0.00     5      0.00      0.00       0       0   0.00  tmp451
02:45:44 AM     0       597    0.00    0.00    0.00    0.00    0.00     3      0.00      0.00       0       0   0.00  irq/286-1-0008
02:45:44 AM     0       600    0.00    0.00    0.00    0.00    0.00     2      0.00      0.00  321792   14480   0.05  ModemManager
02:45:44 AM     0       653    0.00    0.00    0.00    0.00    0.00     0      0.00      0.00    2476     604   0.00  nvfancontrol
02:45:44 AM     0       728    0.00    0.00    0.00    0.00    0.00     4      0.00      0.00       0       0   0.00  adspp_kthread
02:45:44 AM     0       779    0.00    0.00    0.00    0.00    0.00     6      0.00      0.00       0       0   0.00  kworker/6:2H-kblockd
02:45:44 AM     0       876    0.00    0.00    0.00    0.00    0.00     1      0.00      0.00       0       0   0.00  irq/289-2490000
02:45:44 AM     0       887    0.00    0.00    0.00    0.00    0.00     0      0.00      0.00       0       0   0.00  irq/32-eth0.com
02:45:44 AM     0       919    0.00    0.00    0.00    0.00    0.00     4      0.00      0.00       0       0   0.00  file-storage
02:45:44 AM     0       953    0.00    0.00    0.00    0.00    0.00     1      0.00      0.00       0       0   0.00  loop0
02:45:44 AM     0      1048    0.00    0.00    0.00    0.00    0.00     4      0.00      0.00       0       0   0.00  kworker/4:2H-kblockd
02:45:44 AM     0      1091    0.00    0.00    0.00    0.00    0.00     3      0.00      0.00       0       0   0.00  cryptd
02:45:44 AM     0      1147    0.00    0.00    0.00    0.00    0.00     2      0.00      0.00       0       0   0.00  sw-quiesce
02:45:44 AM     0      1148    0.00    0.00    0.00    0.00    0.00     1      0.00      0.00       0       0   0.00  nvgpu_channel_p
02:45:44 AM     0      1151    0.00    0.00    0.00    0.00    0.00     0      0.00      0.00       0       0   0.00  nvgpu_nvs_gv11b
02:45:44 AM     0      1153    0.00    0.00    0.00    0.00    0.00     0      0.00      0.00       0       0   0.00  nvgpu_pg_init_g
02:45:44 AM     0      1157    0.00    0.00    0.00    0.00    0.00     2      0.00      0.00       0       0   0.00  nvgpu_clk_arb_p
02:45:44 AM     0      1162    0.00    0.00    0.00    0.00    0.00     3      0.00      0.00       0       0   0.00  irq/288-rt5659
02:45:44 AM     0      1270    0.00    0.00    0.00    0.00    0.00     3      0.00      0.00   55688   11092   0.03  nvargus-daemon
02:45:44 AM     0      1273    0.00    0.00    0.00    0.00    0.00     3      0.00      0.00   21932    1552   0.00  nvs-service
02:45:44 AM     0      1298    0.00    0.00    0.00    0.00    0.00     1      0.00      0.00 2007972   50424   0.16  containerd
02:45:44 AM     0      1314    0.00    0.00    0.00    0.00    0.00     0      0.00      0.00  240032    7616   0.02  gdm3
02:45:44 AM   108      1326    0.00    0.00    0.00    0.00    0.00     2      0.00      0.00   11468    1896   0.01  kerneloops
02:45:44 AM     0      1327    0.00    0.00    0.00    0.00    0.00     3      0.00      0.00   12236    6576   0.02  sshd
02:45:44 AM     0      1336    0.00    0.00    0.00    0.00    0.00     0      0.00      0.00    7688    1876   0.01  agetty
02:45:44 AM     0      1337    0.00    0.00    0.00    0.00    0.00     2      0.00      0.00    7688    1904   0.01  agetty
02:45:44 AM   108      1339    0.00    0.00    0.00    0.00    0.00     0      0.00      0.00   11468    1820   0.01  kerneloops
02:45:44 AM     0      1340    0.00    0.00    0.00    0.00    0.00     3      0.00      0.00    9216    2824   0.01  nvgetty.sh
02:45:44 AM     0      1379    0.00    0.00    0.00    0.00    0.00     0      0.00      0.00    7688    1848   0.01  getty
02:45:44 AM     0      1554    0.00    0.00    0.00    0.00    0.00     2      0.00      0.00 2111796   85472   0.27  dockerd
02:45:44 AM     0      1677    0.00    0.00    0.00    0.00    0.00     1      0.00      0.00  168472    8256   0.03  gdm-session-wor
02:45:44 AM     0      1711    0.00    0.00    0.00    0.00    0.00     0      0.00      0.00    3248     808   0.00  nvphsd
02:45:44 AM     0      1716    0.00    0.00    0.00    0.00    0.00     3      0.00      0.00    3380    1788   0.01  nvphsd
02:45:44 AM   124      1789    0.00    0.00    0.00    0.00    0.00     3      0.00      0.00   19144    9224   0.03  systemd
02:45:44 AM   124      1804    0.00    0.00    0.00    0.00    0.00     3      0.00      0.00  104488    5436   0.02  (sd-pam)
02:45:44 AM   124      2014    0.00    0.00    0.00    0.00    0.00     0      0.00      0.00  961884   21984   0.07  pulseaudio
02:45:44 AM   124      2032    0.00    0.00    0.00    0.00    0.00     2      0.00      0.00  164156    5924   0.02  gdm-x-session
02:45:44 AM   124      2037    0.00    0.00    0.00    0.00    0.00     1      0.00      0.00 25330232   99256   0.31  Xorg
02:45:44 AM   118      2040    0.00    0.00    0.00    0.00    0.00     1      0.00      0.00  152516    2440   0.01  rtkit-daemon
02:45:44 AM   124      2162    0.00    0.00    0.00    0.00    0.00     2      0.00      0.00    7812    3448   0.01  dbus-daemon
02:45:44 AM   124      2428    0.00    0.00    0.00    0.00    0.00     0      0.00      0.00    4776    1164   0.00  dbus-run-sessio
02:45:44 AM   124      2429    0.00    0.00    0.00    0.00    0.00     2      0.00      0.00    8088    4104   0.01  dbus-daemon
02:45:44 AM   124      2438    0.00    0.00    0.00    0.00    0.00     2      0.00      0.00  559768   14932   0.05  gnome-session-b
02:45:44 AM     0      2457    0.00    0.00    0.00    0.00    0.00     2      0.00      0.00  101692   19628   0.06  jtop
02:45:44 AM   124      2463    0.00    0.00    0.00    0.00    0.00     3      0.00      0.00  309548   10092   0.03  at-spi-bus-laun
02:45:44 AM   124      2470    0.00    0.00    0.00    0.00    0.00     1      0.00      0.00    7676    3468   0.01  dbus-daemon
02:45:44 AM   124      2495    0.00    0.00    0.00    0.00    0.00     1      0.00      0.00 4022996  194908   0.61  gnome-shell
02:45:44 AM     0      2510    0.00    0.00    0.00    0.00    0.00     0      0.00      0.00  175424   16904   0.05  jtop
02:45:44 AM     0      2518    0.00    0.00    0.00    0.00    0.00     2      0.00      0.00  101692   17160   0.05  jtop
02:45:44 AM   124      2696    0.00    0.00    0.00    0.00    0.00     0      0.00      0.00  314420   11212   0.04  ibus-daemon
02:45:44 AM   124      2699    0.00    0.00    0.00    0.00    0.00     2      0.00      0.00  239960   11792   0.04  ibus-dconf
02:45:44 AM   124      2701    0.00    0.00    0.00    0.00    0.00     2      0.00      0.00  189920   16900   0.05  ibus-x11
02:45:44 AM   124      2704    0.00    0.00    0.00    0.00    0.00     3      0.00      0.00  239880    7776   0.02  ibus-portal
02:45:44 AM   124      2715    0.00    0.00    0.00    0.00    0.00     1      0.00      0.00  161420    6880   0.02  at-spi2-registr
02:45:44 AM   124      2719    0.00    0.00    0.00    0.00    0.00     3      0.00      0.00  235804    4672   0.01  xdg-permission-
02:45:44 AM     0      2725    0.00    0.00    0.00    0.00    0.00     3      0.00      0.00  252944    8776   0.03  upowerd
02:45:44 AM   124      2745    0.00    0.00    0.00    0.00    0.00     2      0.00      0.00 3001620   27244   0.09  gjs
02:45:44 AM   124      2764    0.00    0.00    0.00    0.00    0.00     2      0.00      0.00  469396   14236   0.04  gsd-sharing
02:45:44 AM   124      2765    0.00    0.00    0.00    0.00    0.00     1      0.00      0.00  334628   15072   0.05  gsd-wacom
02:45:44 AM   124      2768    0.00    0.00    0.00    0.00    0.00     2      0.00      0.00  571788   19844   0.06  gsd-color
02:45:44 AM   124      2772    0.00    0.00    0.00    0.00    0.00     3      0.00      0.00  338096   17824   0.06  gsd-keyboard
02:45:44 AM   124      2774    0.00    0.00    0.00    0.00    0.00     2      0.00      0.00  322508   11376   0.04  gsd-print-notif
02:45:44 AM   124      2779    0.00    0.00    0.00    0.00    0.00     3      0.00      0.00  166208    7736   0.02  ibus-engine-sim
02:45:44 AM   124      2780    0.00    0.00    0.00    0.00    0.00     1      0.00      0.00  457460    7996   0.03  gsd-rfkill
02:45:44 AM   124      2782    0.00    0.00    0.00    0.00    0.00     1      0.00      0.00  391976    9696   0.03  gsd-smartcard
02:45:44 AM   124      2784    0.00    0.00    0.00    0.00    0.00     2      0.00      0.00  374928   15372   0.05  gsd-datetime
02:45:44 AM   124      2790    0.00    0.00    0.00    0.00    0.00     3      0.00      0.00  679696   20032   0.06  gsd-media-keys
02:45:44 AM   124      2791    0.00    0.00    0.00    0.00    0.00     3      0.00      0.00  235772    5600   0.02  gsd-screensaver
02:45:44 AM   124      2793    0.00    0.00    0.00    0.00    0.00     3      0.00      0.00  320104    9452   0.03  gsd-sound
02:45:44 AM   124      2795    0.00    0.00    0.00    0.00    0.00     3      0.00      0.00  313652   10144   0.03  gsd-a11y-settin
02:45:44 AM   124      2799    0.00    0.00    0.00    0.00    0.00     2      0.00      0.00  313992   10540   0.03  gsd-housekeepin
02:45:44 AM   124      2802    0.00    0.00    0.00    0.00    0.00     1      0.00      0.00  339724   18828   0.06  gsd-power
02:45:44 AM   124      2824    0.00    0.00    0.00    0.00    0.00     2      0.00      0.00  342540   12784   0.04  gsd-printer
02:45:44 AM   119      2837    0.00    0.00    0.00    0.00    0.00     2      0.00      0.00  249328   17548   0.06  colord
02:45:44 AM     0     29120    0.00    0.00    0.00    0.00    0.00     3      0.00      0.00       0       0   0.00  kworker/u17:2
02:45:44 AM     0     33852    0.00    0.00    0.00    0.00    0.00     1      0.00      0.00       0       0   0.00  kworker/1:0H-kblockd
02:45:44 AM     0     35048    0.00    0.00    0.00    0.00    0.00     0      0.00      0.00       0       0   0.00  kworker/u17:0-thermal_fan_est
02:45:44 AM  1000     39960    0.00    0.00    0.00    0.00    0.00     2      0.00      0.00   19248    9208   0.03  systemd
02:45:44 AM  1000     39961    0.00    0.00    0.00    0.00    0.00     2      0.00      0.00  170940    6304   0.02  (sd-pam)
02:45:44 AM  1000     40037    0.00    0.00    0.00    0.00    0.00     3      0.00      0.00    7812    3952   0.01  dbus-daemon
02:45:44 AM     0     40147    0.00    0.00    0.00    0.00    0.00     1      0.00      0.00       0       0   0.00  kworker/1:0-events
02:45:44 AM     0     40174    0.00    0.00    0.00    0.00    0.00     2      0.00      0.00       0       0   0.00  kworker/2:2H-kblockd
02:45:44 AM     0     40194    0.00    0.00    0.00    0.00    0.00     3      0.00      0.00       0       0   0.00  kworker/3:0H-kblockd
02:45:44 AM     0     41650    0.00    0.00    0.00    0.00    0.00     3      0.00      0.00       0       0   0.00  kworker/3:0-mm_percpu_wq
02:45:44 AM     0     43913    0.00    0.00    0.00    0.00    0.00     2      0.00      0.00   14768    7560   0.02  sshd
02:45:44 AM  1000     43958    0.00    0.00    0.00    0.00    0.00     0      0.00      0.00   15292    6400   0.02  sshd
02:45:44 AM  1000     43959    0.00    0.00    0.00    0.00    0.00     1      0.00      0.00   11344    5444   0.02  bash
02:45:44 AM     0     50050    0.00    0.00    0.00    0.00    0.00     2      0.00      0.00   14768    7572   0.02  sshd
02:45:44 AM  1000     50094    0.00    0.00    0.00    0.00    0.00     3      0.00      0.00   15292    6428   0.02  sshd
02:45:44 AM  1000     50095    0.00    0.00    0.00    0.00    0.00     2      0.00      0.00   11344    5448   0.02  bash
02:45:44 AM     0     81462    0.00    0.00    0.00    0.00    0.00     2      0.00      0.00       0       0   0.00  kworker/2:2-events
02:45:44 AM     0     81478    0.00    0.00    0.00    0.00    0.00     0      0.00      0.00       0       0   0.00  kworker/0:1H-kblockd
02:45:44 AM  1000     84840    0.00    0.00    0.00    0.00    0.00     3      0.00      0.00  240176   10088   0.03  gnome-keyring-d
02:45:44 AM   124     84900    0.00    0.00    0.00    0.00    0.00     1      0.00      0.00  156240    4584   0.01  dconf-service
02:45:44 AM     0     85427    0.00    0.00    0.00    0.00    0.00     0      0.00      0.00       0       0   0.00  kworker/0:2-events
02:45:44 AM     0     86310    0.00    0.00    0.00    0.00    0.00     3      0.00      0.00       0       0   0.00  kworker/u16:1-events_unbound
02:45:44 AM     0     86312    0.00    0.00    0.00    0.00    0.00     3      0.00      0.00   14768    7564   0.02  sshd
02:45:44 AM  1000     86356    0.00    0.00    0.00    0.00    0.00     0      0.00      0.00   15292    6380   0.02  sshd
02:45:44 AM  1000     86357    0.00    0.00    0.00    0.00    0.00     1      0.00      0.00   11344    5440   0.02  bash
02:45:44 AM     0     86549    0.00    0.00    0.00    0.00    0.00     2      0.00      0.00   14768    7664   0.02  sshd
02:45:44 AM  1000     86593    0.00    3.00    0.00    1.00    3.00     3      0.00      0.00   15292    6480   0.02  sshd
02:45:44 AM  1000     86594    0.00    0.00    0.00    0.00    0.00     3      0.00      0.00   11860    5896   0.02  bash
02:45:44 AM     0     86632    0.00    0.00    0.00    0.00    0.00     3      0.00      0.00       0       0   0.00  kworker/3:2
02:45:44 AM     0     87290    0.00    0.00    0.00    0.00    0.00     0      0.00      0.00   14768    7584   0.02  sshd
02:45:44 AM  1000     87334    0.00    0.00    0.00    0.00    0.00     0      0.00      0.00   15292    6412   0.02  sshd
02:45:44 AM  1000     87335    0.00    0.00    0.00    0.00    0.00     2      0.00      0.00   11344    5436   0.02  bash
02:45:44 AM     0     89981    0.00    0.00    0.00    0.00    0.00     1      0.00      0.00       0       0   0.00  kworker/1:1-pm
02:45:44 AM     0     95050    0.00    0.00    0.00    0.00    0.00     2      0.00      0.00       0       0   0.00  kworker/2:0-events
02:45:44 AM     0     96173    0.00    0.00    0.00    0.00    0.00     1      0.00      0.00       0       0   0.00  kworker/1:2-pm
02:45:44 AM     0     99494    0.00    0.00    0.00    0.00    0.00     3      0.00      0.00       0       0   0.00  kworker/u16:3-events_unbound
02:45:44 AM     0    107801    0.00    0.00    0.00    0.00    0.00     1      0.00      0.00       0       0   0.00  kworker/1:2H
02:45:44 AM     0    122883    0.00    0.00    0.00    1.00    0.00     3      0.00      0.00       0       0   0.00  kworker/u16:2-events_unbound
02:45:44 AM     0    123203    0.00    0.00    0.00    0.00    0.00     3      0.00      0.00       0       0   0.00  kworker/3:2H
02:45:44 AM     0    124025    0.00    0.00    0.00    0.00    0.00     2      0.00      0.00       0       0   0.00  kworker/2:0H
02:45:44 AM     0    130503    0.00    0.00    0.00    0.00    0.00     0      0.00      0.00       0       0   0.00  kworker/0:0H
02:45:44 AM     0    130577    0.00    0.00    0.00    0.00    0.00     0      0.00      0.00       0       0   0.00  kworker/0:1-events
02:45:44 AM     0    130584    0.00    0.00    0.00    0.00    0.00     2      0.00      0.00   14768    7576   0.02  sshd
02:45:44 AM  1000    130628    1.00    4.00    0.00    1.00    5.00     2      0.00      0.00   16676    7816   0.02  sshd
02:45:44 AM  1000    130629    0.00    0.00    0.00    0.00    0.00     3      0.00      0.00   11344    5436   0.02  bash
02:45:44 AM  1000    130765    1.00    1.00    0.00    0.00    2.00     1      0.00      0.00  283948   43148   0.14  roslaunch
02:45:44 AM  1000    130773    0.00    0.00    0.00    0.00    0.00     0      0.00      0.00  797980   45664   0.14  rosmaster
02:45:44 AM  1000    130783    0.00    1.00    0.00    0.00    1.00     0      0.00      0.00  274964   10152   0.03  rosout
02:45:44 AM  1000    130790   74.00   74.00    0.00   21.00  148.00     1      0.00      0.00 34790064  692460   2.18  scale_truck_con
02:45:44 AM  1000    130791   24.00   61.00    0.00    0.00   85.00     1      0.00      0.00 1571432  113560   0.36  LRC
02:45:44 AM  1000    130854    8.00    6.00    0.00    0.00   14.00     1      2.00      0.00  724884   72408   0.23  python3
02:45:44 AM     0    131985    0.00    0.00    0.00    0.00    0.00     2      0.00      0.00       0       0   0.00  kworker/2:1H
02:45:44 AM     0    132214    0.00    0.00    0.00    0.00    0.00     1      0.00      0.00       0       0   0.00  kworker/1:1H
02:45:44 AM     0    133801    0.00    0.00    0.00    0.00    0.00     0      0.00      0.00       0       0   0.00  kworker/0:0-events
02:45:44 AM     0    137289    0.00    0.00    0.00    0.00    0.00     1      0.00      0.00       0       0   0.00  kworker/1:3
02:45:44 AM  1000    137686    0.00    0.00    0.00    0.00    0.00     1      0.00      0.00    7828     564   0.00  timeout
02:45:44 AM  1000    137689    0.00    0.00    0.00    0.00    0.00     1      0.00      0.00    9208    3064   0.01  bash
02:45:44 AM  1000    137690    0.00    0.00    0.00    0.00    0.00     3      0.00      0.00   68712   43028   0.14  rosbag
02:45:44 AM  1000    137878   12.00   19.00    0.00    0.00   31.00     2      0.00      0.00 1172828   25488   0.08  record
02:45:44 AM  1000    137884    0.00    0.00    0.00    0.00    0.00     1      0.00      0.00   68692   43012   0.14  rosbag
02:45:44 AM  1000    138038    4.00   13.00    0.00   12.00   17.00     3      0.00      0.00   17716   10256   0.03  pidstat
02:45:44 AM  1000    138084    2.00    7.00    0.00    3.00    9.00     3      0.00      0.00  365380   27232   0.09  play

# Time        UID       PID    %usr %system  %guest   %wait    %CPU   CPU  minflt/s  majflt/s     VSZ     RSS   %MEM  Command
02:45:45 AM     0         1    0.00    0.00    0.00    0.00    0.00     0      0.00      0.00  169880   11540   0.04  systemd
02:45:45 AM     0         2    0.00    0.00    0.00    0.00    0.00     1      0.00      0.00       0       0   0.00  kthreadd
02:45:45 AM     0         3    0.00    0.00    0.00    0.00    0.00     0      0.00      0.00       0       0   0.00  rcu_gp
02:45:45 AM     0         4    0.00    0.00    0.00    0.00    0.00     0      0.00      0.00       0       0   0.00  rcu_par_gp
02:45:45 AM     0         8    0.00    0.00    0.00    0.00    0.00     0      0.00      0.00       0       0   0.00  mm_percpu_wq
02:45:45 AM     0         9    0.00    0.00    0.00    0.00    0.00     0      0.00      0.00       0       0   0.00  rcu_tasks_kthre
02:45:45 AM     0        10    0.00    0.00    0.00    0.00    0.00     0      0.00      0.00       0       0   0.00  rcu_tasks_rude_
02:45:45 AM     0        11    0.00    0.00    0.00    0.00    0.00     0      0.00      0.00       0       0   0.00  rcu_tasks_trace
02:45:45 AM     0        12    0.00    0.00    0.00    0.00    0.00     0      0.00      0.00       0       0   0.00  ksoftirqd/0
02:45:45 AM     0        13    0.00    0.00    0.00    1.00    0.00     1      0.00      0.00       0       0   0.00  rcu_preempt
02:45:45 AM     0        14    0.00    0.00    0.00    0.00    0.00     0      0.00      0.00       0       0   0.00  migration/0
02:45:45 AM     0        16    0.00    0.00    0.00    0.00    0.00     0      0.00      0.00       0       0   0.00  cpuhp/0
02:45:45 AM     0        17    0.00    0.00    0.00    0.00    0.00     1      0.00      0.00       0       0   0.00  cpuhp/1
02:45:45 AM     0        18    0.00    0.00    0.00    0.00    0.00     1      0.00      0.00       0       0   0.00  migration/1
02:45:45 AM     0        19    0.00    0.00    0.00    1.00    0.00     1      0.00      0.00       0       0   0.00  ksoftirqd/1
02:45:45 AM     0        22    0.00    0.00    0.00    0.00    0.00     2      0.00      0.00       0       0   0.00  cpuhp/2
02:45:45 AM     0        23    0.00    0.00    0.00    0.00    0.00     2      0.00      0.00       0       0   0.00  migration/2
02:45:45 AM     0        24    0.00    0.00    0.00    0.00    0.00     2      0.00      0.00       0       0   0.00  ksoftirqd/2
02:45:45 AM     0        27    0.00    0.00    0.00    0.00    0.00     3      0.00      0.00       0       0   0.00  cpuhp/3
02:45:45 AM     0        28    0.00    0.00    0.00    0.00    0.00     3      0.00      0.00       0       0   0.00  migration/3
02:45:45 AM     0        29    0.00    0.00    0.00    0.00    0.00     3      0.00      0.00       0       0   0.00  ksoftirqd/3
02:45:45 AM     0        32    0.00    0.00    0.00    0.00    0.00     4      0.00      0.00       0       0   0.00  cpuhp/4
02:45:45 AM     0        33    0.00    0.00    0.00    0.00    0.00     4      0.00      0.00       0       0   0.00  migration/4
02:45:45 AM     0        34    0.00    0.00    0.00    0.00    0.00     4      0.00      0.00       0       0   0.00  ksoftirqd/4
02:45:45 AM     0        36    0.00    0.00    0.00    0.00    0.00     4      0.00      0.00       0       0   0.00  kworker/4:0H-kblockd
02:45:45 AM     0        37    0.00    0.00    0.00    0.00    0.00     5      0.00      0.00       0       0   0.00  cpuhp/5
02:45:45 AM     0        38    0.00    0.00    0.00    0.00    0.00     5      0.00      0.00       0       0   0.00  migration/5
02:45:45 AM     0        39    0.00    0.00    0.00    0.00    0.00     5      0.00      0.00       0       0   0.00  ksoftirqd/5
02:45:45 AM     0        41    0.00    0.00    0.00    0.00    0.00     5      0.00      0.00       0       0   0.00  kworker/5:0H-kblockd
02:45:45 AM     0        42    0.00    0.00    0.00    0.00    0.00     6      0.00      0.00       0       0   0.00  cpuhp/6
02:45:45 AM     0        43    0.00    0.00    0.00    0.00    0.00     6      0.00      0.00       0       0   0.00  migration/6
02:45:45 AM     0        44    0.00    0.00    0.00    0.00    0.00     6      0.00      0.00       0       0   0.00  ksoftirqd/6
02:45:45 AM     0        46    0.00    0.00    0.00    0.00    0.00     6      0.00      0.00       0       0   0.00  kworker/6:0H-events_highpri
02:45:45 AM     0        47    0.00    0.00    0.00    0.00    0.00     7      0.00      0.00       0       0   0.00  cpuhp/7
02:45:45 AM     0        48    0.00    0.00    0.00    0.00    0.00     7      0.00      0.00       0       0   0.00  migration/7
02:45:45 AM     0        49    0.00    0.00    0.00    0.00    0.00     7      0.00      0.00       0       0   0.00  ksoftirqd/7
02:45:45 AM     0        50    0.00    0.00    0.00    0.00    0.00     0      0.00      0.00       0       0   0.00  kworker/7:0-rcu_gp
02:45:45 AM     0        51    0.00    0.00    0.00    0.00    0.00     7      0.00      0.00       0       0   0.00  kworker/7:0H-kblockd
02:45:45 AM     0        52    0.00    0.00    0.00    0.00    0.00     0      0.00      0.00       0       0   0.00  kdevtmpfs
02:45:45 AM     0        53    0.00    0.00    0.00    0.00    0.00     4      0.00      0.00       0       0   0.00  netns
02:45:45 AM     0        54    0.00    0.00    0.00    0.00    0.00     1      0.00      0.00       0       0   0.00  kauditd
02:45:45 AM     0        55    0.00    0.00    0.00    0.00    0.00     0      0.00      0.00       0       0   0.00  irq/87-mc_statu
02:45:45 AM     0        56    0.00    0.00    0.00    0.00    0.00     2      0.00      0.00       0       0   0.00  khungtaskd
02:45:45 AM     0        57    0.00    0.00    0.00    0.00    0.00     3      0.00      0.00       0       0   0.00  oom_reaper
02:45:45 AM     0        58    0.00    0.00    0.00    0.00    0.00     5      0.00      0.00       0       0   0.00  writeback
02:45:45 AM     0        59    0.00    0.00    0.00    0.00    0.00     3      0.00      0.00       0       0   0.00  kcompactd0
02:45:45 AM     0        60    0.00    0.00    0.00    0.00    0.00     1      0.00      0.00       0       0   0.00  ksmd
02:45:45 AM     0        61    0.00    0.00    0.00    0.00    0.00     2      0.00      0.00       0       0   0.00  khugepaged
02:45:45 AM     0        93    0.00    0.00    0.00    0.00    0.00     1      0.00      0.00       0       0   0.00  kintegrityd
02:45:45 AM     0        94    0.00    0.00    0.00    0.00    0.00     1      0.00      0.00       0       0   0.00  kblockd
02:45:45 AM     0        95    0.00    0.00    0.00    0.00    0.00     1      0.00      0.00       0       0   0.00  blkcg_punt_bio
02:45:45 AM     0        97    0.00    0.00    0.00    0.00    0.00     3      0.00      0.00       0       0   0.00  tpm_dev_wq
02:45:45 AM     0        98    0.00    0.00    0.00    0.00    0.00     0      0.00      0.00       0       0   0.00  irq/197-30c0000
02:45:45 AM     0        99    0.00    0.00    0.00    0.00    0.00     1      0.00      0.00       0       0   0.00  devfreq_wq
02:45:45 AM     0       100    0.00    0.00    0.00    0.00    0.00     1      0.00      0.00       0       0   0.00  watchdogd
02:45:45 AM     0       104    0.00    0.00    0.00    0.00    0.00     7      0.00      0.00       0       0   0.00  rpciod
02:45:45 AM     0       106    0.00    0.00    0.00    0.00    0.00     7      0.00      0.00       0       0   0.00  xprtiod
02:45:45 AM     0       108    0.00    0.00    0.00    0.00    0.00     7      0.00      0.00       0       0   0.00  kswapd0
02:45:45 AM     0       109    0.00    0.00    0.00    0.00    0.00     5      0.00      0.00       0       0   0.00  nfsiod
02:45:45 AM     0       112    0.00    0.00    0.00    0.00    0.00     1      0.00      0.00       0       0   0.00  kthrotld
02:45:45 AM     0       113    0.00    0.00    0.00    0.00    0.00     7      0.00      0.00       0       0   0.00  kpcitest
02:45:45 AM     0       116    0.00    0.00    0.00    0.00    0.00     5      0.00      0.00       0       0   0.00  kworker/5:1-events
02:45:45 AM     0       122    0.00    0.00    0.00    0.00    0.00     1      0.00      0.00       0       0   0.00  nvme-wq
02:45:45 AM     0       123    0.00    0.00    0.00    0.00    0.00     5      0.00      0.00       0       0   0.00  nvme-reset-wq
02:45:45 AM     0       124    0.00    0.00    0.00    0.00    0.00     6      0.00      0.00       0       0   0.00  nvme-delete-wq
02:45:45 AM     0       125    0.00    0.00    0.00    0.00    0.00     6      0.00      0.00       0       0   0.00  uas
02:45:45 AM     0       126    0.00    0.00    0.00    0.00    0.00     0      0.00      0.00       0       0   0.00  irq/222-tegra_r
02:45:45 AM     0       127    0.00    0.00    0.00    0.00    0.00     0      0.00      0.00       0       0   0.00  kworker/7:2-events
02:45:45 AM     0       129    0.00    0.00    0.00    0.00    0.00     0      0.00      0.00       0       0   0.00  irq/86-tegra-oc
02:45:45 AM     0       130    0.00    0.00    0.00    0.00    0.00     5      0.00      0.00       0       0   0.00  dm_bufio_cache
02:45:45 AM     0       131    0.00    0.00    0.00    0.00    0.00     0      0.00      0.00       0       0   0.00  irq/223-max7762
02:45:45 AM     0       140    0.00    0.00    0.00    0.00    0.00     0      0.00      0.00       0       0   0.00  irq/55-bc00000.
02:45:45 AM     0       143    0.00    0.00    0.00    0.00    0.00     0      0.00      0.00       0       0   0.00  ipv6_addrconf
02:45:45 AM     0       144    0.00    0.00    0.00    0.00    0.00     6      0.00      0.00       0       0   0.00  krfcommd
02:45:45 AM     0       145    0.00    0.00    0.00    0.00    0.00     0      0.00      0.00       0       0   0.00  kstrp
02:45:45 AM     0       150    0.00    0.00    0.00    0.00    0.00     0      0.00      0.00       0       0   0.00  irq/24-tegra-pc
02:45:45 AM     0       154    0.00    0.00    0.00    0.00    0.00     0      0.00      0.00       0       0   0.00  irq/26-tegra-pc
02:45:45 AM     0       160    0.00    0.00    0.00    0.00    0.00     0      0.00      0.00       0       0   0.00  irq/26-aerdrv
02:45:45 AM     0       161    0.00    0.00    0.00    0.00    0.00     0      0.00      0.00       0       0   0.00  irq/28-tegra-pc
02:45:45 AM     0       162    0.00    0.00    0.00    0.00    0.00     0      0.00      0.00       0       0   0.00  irq/28-aerdrv
02:45:45 AM     0       163    0.00    0.00    0.00    0.00    0.00     5      0.00      0.00       0       0   0.00  host_low_prio_w
02:45:45 AM     0       164    0.00    0.00    0.00    0.00    0.00     0      0.00      0.00       0       0   0.00  irq/57-host_syn
02:45:45 AM     0       165    0.00    0.00    0.00    0.00    0.00     0      0.00      0.00       0       0   0.00  irq/58-host_sta
02:45:45 AM     0       173    0.00    0.00    0.00    0.00    0.00     5      0.00      0.00       0       0   0.00  pva_task_status
02:45:45 AM     0       174    0.00    0.00    0.00    0.00    0.00     0      0.00      0.00       0       0   0.00  irq/75-pva-isr
02:45:45 AM     0       175    0.00    0.00    0.00    0.00    0.00     0      0.00      0.00       0       0   0.00  pva_task_status
02:45:45 AM     0       176    0.00    0.00    0.00    0.00    0.00     0      0.00      0.00       0       0   0.00  irq/76-pva-isr
02:45:45 AM     0       185    0.00    0.00    0.00    0.00    0.00     0      0.00      0.00       0       0   0.00  sdhci
02:45:45 AM     0       186    0.00    0.00    0.00    0.00    0.00     0      0.00      0.00       0       0   0.00  irq/39-mmc0
02:45:45 AM     0       187    0.00    0.00    0.00    0.00    0.00     2      0.00      0.00       0       0   0.00  sdhci
02:45:45 AM     0       189    0.00    0.00    0.00    0.00    0.00     0      0.00      0.00       0       0   0.00  irq/40-mmc1
02:45:45 AM     0       195    0.00    0.00    0.00    0.00    0.00     7      0.00      0.00       0       0   0.00  scsi_eh_0
02:45:45 AM     0       196    0.00    0.00    0.00    0.00    0.00     7      0.00      0.00       0       0   0.00  scsi_tmf_0
02:45:45 AM     0       197    0.00    0.00    0.00    0.00    0.00     0      0.00      0.00       0       0   0.00  kworker/5:2-events
02:45:45 AM     0       198    0.00    0.00    0.00    0.00    0.00     0      0.00      0.00       0       0   0.00  irq/67-15200000
02:45:45 AM     0       199    0.00    0.00    0.00    0.00    0.00     1      0.00      0.00       0       0   0.00  tegradc.0/a
02:45:45 AM     0       200    0.00    0.00    0.00    0.00    0.00     0      0.00      0.00       0       0   0.00  tegradc.0/b
02:45:45 AM     0       201    0.00    0.00    0.00    0.00    0.00     0      0.00      0.00       0       0   0.00  tegradc.0/c
02:45:45 AM     0       202    0.00    0.00    0.00    0.00    0.00     0      0.00      0.00       0       0   0.00  tegradc.0/d
02:45:45 AM     0       203    0.00    0.00    0.00    0.00    0.00     0      0.00      0.00       0       0   0.00  tegradc.0/e
02:45:45 AM     0       204    0.00    0.00    0.00    0.00    0.00     0      0.00      0.00       0       0   0.00  tegradc.0/f
02:45:45 AM     0       205    0.00    0.00    0.00    0.00    0.00     0      0.00      0.00       0       0   0.00  tegradc.0/sl
02:45:45 AM     0       206    0.00    0.00    0.00    0.00    0.00     0      0.00      0.00       0       0   0.00  irq/62-15200000
02:45:45 AM     0       207    0.00    0.00    0.00    0.00    0.00     0      0.00      0.00       0       0   0.00  irq/276-3400000
02:45:45 AM     0       208    0.00    0.00    0.00    0.00    0.00     0      0.00      0.00       0       0   0.00  ufs_eh_wq_0
02:45:45 AM     0       209    0.00    0.00    0.00    0.00    0.00     3      0.00      0.00       0       0   0.00  mmc_complete
02:45:45 AM     0       211    0.00    0.00    0.00    0.00    0.00     0      0.00      0.00       0       0   0.00  irq/278-1520000
02:45:45 AM     0       212    0.00    0.00    0.00    0.00    0.00     0      0.00      0.00       0       0   0.00  irq/203-3610000
02:45:45 AM     0       213    0.00    0.00    0.00    0.00    0.00     0      0.00      0.00       0       0   0.00  irq/221-3610000
02:45:45 AM     0       214    0.00    0.00    0.00    0.00    0.00     0      0.00      0.00       0       0   0.00  irq/30-tegra-pc
02:45:45 AM     0       216    0.00    0.00    0.00    0.00    0.00     0      0.00      0.00       0       0   0.00  kworker/4:3-events
02:45:45 AM     0       218    0.00    0.00    0.00    0.00    0.00     4      0.00      0.00       0       0   0.00  kworker/4:5-events
02:45:45 AM     0       221    0.00    0.00    0.00    0.00    0.00     0      0.00      0.00       0       0   0.00  kworker/6:12-events
02:45:45 AM     0       222    0.00    0.00    0.00    0.00    0.00     0      0.00      0.00       0       0   0.00  kworker/6:13-events
02:45:45 AM     0       225    0.00    0.00    0.00    0.00    0.00     0      0.00      0.00       0       0   0.00  irq/68-tegra_dp
02:45:45 AM     0       226    0.00    0.00    0.00    0.00    0.00     0      0.00      0.00       0       0   0.00  irq/65-15210000
02:45:45 AM     0       227    0.00    0.00    0.00    0.00    0.00     0      0.00      0.00       0       0   0.00  tegradc.1/a
02:45:45 AM     0       228    0.00    0.00    0.00    0.00    0.00     0      0.00      0.00       0       0   0.00  tegradc.1/b
02:45:45 AM     0       229    0.00    0.00    0.00    0.00    0.00     0      0.00      0.00       0       0   0.00  tegradc.1/c
02:45:45 AM     0       230    0.00    0.00    0.00    0.00    0.00     0      0.00      0.00       0       0   0.00  tegradc.1/d
02:45:45 AM     0       231    0.00    0.00    0.00    0.00    0.00     0      0.00      0.00       0       0   0.00  tegradc.1/e
02:45:45 AM     0       232    0.00    0.00    0.00    0.00    0.00     0      0.00      0.00       0       0   0.00  tegradc.1/f
02:45:45 AM     0       233    0.00    0.00    0.00    0.00    0.00     1      0.00      0.00       0       0   0.00  tegradc.1/sl
02:45:45 AM     0       234    0.00    0.00    0.00    0.00    0.00     0      0.00      0.00       0       0   0.00  irq/63-15210000
02:45:45 AM     0       249    0.00    0.00    0.00    0.00    0.00     0      0.00      0.00       0       0   0.00  irq/56-d230000.
02:45:45 AM     0       250    0.00    0.00    0.00    0.00    0.00     0      0.00      0.00       0       0   0.00  irq/69-tegra_dp
02:45:45 AM     0       251    0.00    0.00    0.00    0.00    0.00     0      0.00      0.00       0       0   0.00  irq/66-15220000
02:45:45 AM     0       252    0.00    0.00    0.00    0.00    0.00     0      0.00      0.00       0       0   0.00  tegradc.2/a
02:45:45 AM     0       253    0.00    0.00    0.00    0.00    0.00     0      0.00      0.00       0       0   0.00  tegradc.2/b
02:45:45 AM     0       254    0.00    0.00    0.00    0.00    0.00     0      0.00      0.00       0       0   0.00  tegradc.2/c
02:45:45 AM     0       255    0.00    0.00    0.00    0.00    0.00     0      0.00      0.00       0       0   0.00  tegradc.2/d
02:45:45 AM     0       256    0.00    0.00    0.00    0.00    0.00     0      0.00      0.00       0       0   0.00  tegradc.2/e
02:45:45 AM     0       257    0.00    0.00    0.00    0.00    0.00     0      0.00      0.00       0       0   0.00  tegradc.2/f
02:45:45 AM     0       258    0.00    0.00    0.00    0.00    0.00     0      0.00      0.00       0       0   0.00  tegradc.2/sl
02:45:45 AM     0       259    0.00    0.00    0.00    0.00    0.00     0      0.00      0.00       0       0   0.00  irq/64-15220000
02:45:45 AM     0       275    0.00    0.00    0.00    0.00    0.00     0      0.00      0.00       0       0   0.00  jbd2/mmcblk0p1-
02:45:45 AM     0       276    0.00    0.00    0.00    0.00    0.00     3      0.00      0.00       0       0   0.00  ext4-rsv-conver
02:45:45 AM     0       280    0.00    0.00    0.00    0.00    0.00     7      0.00      0.00       0       0   0.00  kworker/7:1H
02:45:45 AM     0       286    0.00    0.00    0.00    0.00    0.00     5      0.00      0.00       0       0   0.00  kworker/5:1H-kblockd
02:45:45 AM     0       312    0.00    0.00    0.00    0.00    0.00     1      0.00      0.00   61816   31808   0.10  systemd-journal
02:45:45 AM     0       338    0.00    4.00    0.00   17.00    4.00     1      0.00      0.00       0       0   0.00  nvmap-bz
02:45:45 AM     0       339    0.00    0.00    0.00    0.00    0.00     0      0.00      0.00       0       0   0.00  irq/204-gk20a_s
02:45:45 AM     0       340    0.00    0.00    0.00    0.00    0.00     0      0.00      0.00       0       0   0.00  irq/205-gk20a_n
02:45:45 AM     0       345    0.00    0.00    0.00    0.00    0.00     3      0.00      0.00    2776    1492   0.00  tee-supplicant
02:45:45 AM     0       347    0.00    0.00    0.00    0.00    0.00     3      0.00      0.00       0       0   0.00  optee_bus_scan
02:45:45 AM     0       358    0.00    0.00    0.00    0.00    0.00     3      0.00      0.00   22788    7532   0.02  systemd-udevd
02:45:45 AM     0       364    0.00    0.00    0.00    0.00    0.00     1      0.00      0.00    7948    4892   0.02  haveged
02:45:45 AM   126       365    0.00    0.00    0.00    0.00    0.00     3      0.00      0.00    7136    3108   0.01  rpcbind
02:45:45 AM   105       366    0.00    0.00    0.00    0.00    0.00     1      0.00      0.00   25592   13288   0.04  systemd-resolve
02:45:45 AM   103       367    0.00    0.00    0.00    0.00    0.00     1      0.00      0.00   90672    6220   0.02  systemd-timesyn
02:45:45 AM     0       407    0.00    0.00    0.00    0.00    0.00     5      0.00      0.00       0       0   0.00  cfg80211
02:45:45 AM     0       410    0.00    0.00    0.00    0.00    0.00     0      0.00      0.00       0       0   0.00  irq/42-3210000.
02:45:45 AM     0       412    0.00    0.00    0.00    0.00    0.00     2      0.00      0.00       0       0   0.00  spi0
02:45:45 AM     0       413    0.00   15.00    0.00    1.00   15.00     1      0.00      0.00       0       0   0.00  irq/282-iwlwifi
02:45:45 AM     0       416    0.00    0.00    0.00    0.00    0.00     4      0.00      0.00       0       0   0.00  ata_sff
02:45:45 AM     0       419    0.00    0.00    0.00    0.00    0.00     0      0.00      0.00       0       0   0.00  irq/43-c260000.
02:45:45 AM     0       420    0.00    0.00    0.00    0.00    0.00     6      0.00      0.00       0       0   0.00  scsi_eh_1
02:45:45 AM     0       422    0.00    0.00    0.00    0.00    0.00     6      0.00      0.00       0       0   0.00  scsi_tmf_1
02:45:45 AM     0       427    0.00    0.00    0.00    0.00    0.00     0      0.00      0.00       0       0   0.00  spi1
02:45:45 AM     0       430    0.00    0.00    0.00    0.00    0.00     3      0.00      0.00  242072    8880   0.03  accounts-daemon
02:45:45 AM   120       439    0.00    0.00    0.00    0.00    0.00     1      0.00      0.00    7084    3472   0.01  avahi-daemon
02:45:45 AM     0       441    0.00    0.00    0.00    0.00    0.00     3      0.00      0.00    9220    2516   0.01  cron
02:45:45 AM   106       443    0.00    0.00    0.00    0.00    0.00     3      0.00      0.00    9396    5264   0.02  dbus-daemon
02:45:45 AM     0       447    0.00    0.00    0.00    0.00    0.00     0      0.00      0.00  341244   20856   0.07  NetworkManager
02:45:45 AM     0       456    0.00    0.00    0.00    0.00    0.00     4      0.00      0.00   38300   19472   0.06  networkd-dispat
02:45:45 AM     0       473    0.00    0.00    0.00    0.00    0.00     2      0.00      0.00  238860   13352   0.04  polkitd
02:45:45 AM   125       483    0.00    0.00    0.00    0.00    0.00     3      0.00      0.00  220940    8288   0.03  rsyslogd
02:45:45 AM     0       503    0.00    0.00    0.00    0.00    0.00     2      0.00      0.00  235864    4364   0.01  switcheroo-cont
02:45:45 AM     0       514    0.00    0.00    0.00    0.00    0.00     2      0.00      0.00   17076    6760   0.02  systemd-logind
02:45:45 AM     0       523    0.00    0.00    0.00    0.00    0.00     1      0.00      0.00  395556   15676   0.05  udisksd
02:45:45 AM     0       528    0.00    0.00    0.00    0.00    0.00     1      0.00      0.00   12784    8052   0.03  wpa_supplicant
02:45:45 AM     0       548    0.00    0.00    0.00    0.00    0.00     0      0.00      0.00       0       0   0.00  sugov:0
02:45:45 AM   120       555    0.00    0.00    0.00    0.00    0.00     2      0.00      0.00    6896     324   0.00  avahi-daemon
02:45:45 AM     0       585    0.00    0.00    0.00    0.00    0.00     5      0.00      0.00       0       0   0.00  tmp451
02:45:45 AM     0       597    0.00    0.00    0.00    0.00    0.00     3      0.00      0.00       0       0   0.00  irq/286-1-0008
02:45:45 AM     0       600    0.00    0.00    0.00    0.00    0.00     2      0.00      0.00  321792   14480   0.05  ModemManager
02:45:45 AM     0       653    0.00    0.00    0.00    0.00    0.00     0      0.00      0.00    2476     604   0.00  nvfancontrol
02:45:45 AM     0       728    0.00    0.00    0.00    0.00    0.00     4      0.00      0.00       0       0   0.00  adspp_kthread
02:45:45 AM     0       779    0.00    0.00    0.00    0.00    0.00     6      0.00      0.00       0       0   0.00  kworker/6:2H-kblockd
02:45:45 AM     0       876    0.00    0.00    0.00    0.00    0.00     1      0.00      0.00       0       0   0.00  irq/289-2490000
02:45:45 AM     0       887    0.00    0.00    0.00    0.00    0.00     0      0.00      0.00       0       0   0.00  irq/32-eth0.com
02:45:45 AM     0       919    0.00    0.00    0.00    0.00    0.00     4      0.00      0.00       0       0   0.00  file-storage
02:45:45 AM     0       953    0.00    0.00    0.00    0.00    0.00     1      0.00      0.00       0       0   0.00  loop0
02:45:45 AM     0      1048    0.00    0.00    0.00    0.00    0.00     4      0.00      0.00       0       0   0.00  kworker/4:2H-kblockd
02:45:45 AM     0      1091    0.00    0.00    0.00    0.00    0.00     3      0.00      0.00       0       0   0.00  cryptd
02:45:45 AM     0      1147    0.00    0.00    0.00    0.00    0.00     2      0.00      0.00       0       0   0.00  sw-quiesce
02:45:45 AM     0      1148    0.00    0.00    0.00    0.00    0.00     1      0.00      0.00       0       0   0.00  nvgpu_channel_p
02:45:45 AM     0      1151    0.00    0.00    0.00    0.00    0.00     1      0.00      0.00       0       0   0.00  nvgpu_nvs_gv11b
02:45:45 AM     0      1153    0.00    0.00    0.00    0.00    0.00     0      0.00      0.00       0       0   0.00  nvgpu_pg_init_g
02:45:45 AM     0      1157    0.00    0.00    0.00    0.00    0.00     2      0.00      0.00       0       0   0.00  nvgpu_clk_arb_p
02:45:45 AM     0      1162    0.00    0.00    0.00    0.00    0.00     3      0.00      0.00       0       0   0.00  irq/288-rt5659
02:45:45 AM     0      1270    0.00    0.00    0.00    0.00    0.00     3      0.00      0.00   55688   11092   0.03  nvargus-daemon
02:45:45 AM     0      1273    0.00    0.00    0.00    0.00    0.00     3      0.00      0.00   21932    1552   0.00  nvs-service
02:45:45 AM     0      1298    0.00    0.00    0.00    0.00    0.00     1      0.00      0.00 2007972   50424   0.16  containerd
02:45:45 AM     0      1314    0.00    0.00    0.00    0.00    0.00     0      0.00      0.00  240032    7616   0.02  gdm3
02:45:45 AM   108      1326    0.00    0.00    0.00    0.00    0.00     2      0.00      0.00   11468    1896   0.01  kerneloops
02:45:45 AM     0      1327    0.00    0.00    0.00    0.00    0.00     3      0.00      0.00   12236    6576   0.02  sshd
02:45:45 AM     0      1336    0.00    0.00    0.00    0.00    0.00     0      0.00      0.00    7688    1876   0.01  agetty
02:45:45 AM     0      1337    0.00    0.00    0.00    0.00    0.00     2      0.00      0.00    7688    1904   0.01  agetty
02:45:45 AM   108      1339    0.00    0.00    0.00    0.00    0.00     0      0.00      0.00   11468    1820   0.01  kerneloops
02:45:45 AM     0      1340    0.00    0.00    0.00    0.00    0.00     3      0.00      0.00    9216    2824   0.01  nvgetty.sh
02:45:45 AM     0      1379    0.00    0.00    0.00    0.00    0.00     0      0.00      0.00    7688    1848   0.01  getty
02:45:45 AM     0      1554    0.00    0.00    0.00    0.00    0.00     2      0.00      0.00 2111796   85472   0.27  dockerd
02:45:45 AM     0      1677    0.00    0.00    0.00    0.00    0.00     1      0.00      0.00  168472    8256   0.03  gdm-session-wor
02:45:45 AM     0      1711    0.00    0.00    0.00    0.00    0.00     0      0.00      0.00    3248     808   0.00  nvphsd
02:45:45 AM     0      1716    0.00    0.00    0.00    0.00    0.00     3      0.00      0.00    3380    1788   0.01  nvphsd
02:45:45 AM   124      1789    0.00    0.00    0.00    0.00    0.00     3      0.00      0.00   19144    9224   0.03  systemd
02:45:45 AM   124      1804    0.00    0.00    0.00    0.00    0.00     3      0.00      0.00  104488    5436   0.02  (sd-pam)
02:45:45 AM   124      2014    0.00    0.00    0.00    0.00    0.00     0      0.00      0.00  961884   21984   0.07  pulseaudio
02:45:45 AM   124      2032    0.00    0.00    0.00    0.00    0.00     2      0.00      0.00  164156    5924   0.02  gdm-x-session
02:45:45 AM   124      2037    0.00    0.00    0.00    0.00    0.00     1      0.00      0.00 25330232   99256   0.31  Xorg
02:45:45 AM   118      2040    0.00    0.00    0.00    0.00    0.00     1      0.00      0.00  152516    2440   0.01  rtkit-daemon
02:45:45 AM   124      2162    0.00    0.00    0.00    0.00    0.00     2      0.00      0.00    7812    3448   0.01  dbus-daemon
02:45:45 AM   124      2428    0.00    0.00    0.00    0.00    0.00     0      0.00      0.00    4776    1164   0.00  dbus-run-sessio
02:45:45 AM   124      2429    0.00    0.00    0.00    0.00    0.00     2      0.00      0.00    8088    4104   0.01  dbus-daemon
02:45:45 AM   124      2438    0.00    0.00    0.00    0.00    0.00     2      0.00      0.00  559768   14932   0.05  gnome-session-b
02:45:45 AM     0      2457    0.00    0.00    0.00    0.00    0.00     2      0.00      0.00  101692   19628   0.06  jtop
02:45:45 AM   124      2463    0.00    0.00    0.00    0.00    0.00     3      0.00      0.00  309548   10092   0.03  at-spi-bus-laun
02:45:45 AM   124      2470    0.00    0.00    0.00    0.00    0.00     1      0.00      0.00    7676    3468   0.01  dbus-daemon
02:45:45 AM   124      2495    0.00    0.00    0.00    0.00    0.00     1      0.00      0.00 4022996  194908   0.61  gnome-shell
02:45:45 AM     0      2510    0.00    0.00    0.00    0.00    0.00     0      0.00      0.00  175424   16904   0.05  jtop
02:45:45 AM     0      2518    0.00    0.00    0.00    0.00    0.00     2      0.00      0.00  101692   17160   0.05  jtop
02:45:45 AM   124      2696    0.00    0.00    0.00    0.00    0.00     0      0.00      0.00  314420   11212   0.04  ibus-daemon
02:45:45 AM   124      2699    0.00    0.00    0.00    0.00    0.00     2      0.00      0.00  239960   11792   0.04  ibus-dconf
02:45:45 AM   124      2701    0.00    0.00    0.00    0.00    0.00     2      0.00      0.00  189920   16900   0.05  ibus-x11
02:45:45 AM   124      2704    0.00    0.00    0.00    0.00    0.00     3      0.00      0.00  239880    7776   0.02  ibus-portal
02:45:45 AM   124      2715    0.00    0.00    0.00    0.00    0.00     1      0.00      0.00  161420    6880   0.02  at-spi2-registr
02:45:45 AM   124      2719    0.00    0.00    0.00    0.00    0.00     3      0.00      0.00  235804    4672   0.01  xdg-permission-
02:45:45 AM     0      2725    0.00    0.00    0.00    0.00    0.00     3      0.00      0.00  252944    8776   0.03  upowerd
02:45:45 AM   124      2745    0.00    0.00    0.00    0.00    0.00     2      0.00      0.00 3001620   27244   0.09  gjs
02:45:45 AM   124      2764    0.00    0.00    0.00    0.00    0.00     2      0.00      0.00  469396   14236   0.04  gsd-sharing
02:45:45 AM   124      2765    0.00    0.00    0.00    0.00    0.00     1      0.00      0.00  334628   15072   0.05  gsd-wacom
02:45:45 AM   124      2768    0.00    0.00    0.00    0.00    0.00     2      0.00      0.00  571788   19844   0.06  gsd-color
02:45:45 AM   124      2772    0.00    0.00    0.00    0.00    0.00     3      0.00      0.00  338096   17824   0.06  gsd-keyboard
02:45:45 AM   124      2774    0.00    0.00    0.00    0.00    0.00     2      0.00      0.00  322508   11376   0.04  gsd-print-notif
02:45:45 AM   124      2779    0.00    0.00    0.00    0.00    0.00     3      0.00      0.00  166208    7736   0.02  ibus-engine-sim
02:45:45 AM   124      2780    0.00    0.00    0.00    0.00    0.00     1      0.00      0.00  457460    7996   0.03  gsd-rfkill
02:45:45 AM   124      2782    0.00    0.00    0.00    0.00    0.00     1      0.00      0.00  391976    9696   0.03  gsd-smartcard
02:45:45 AM   124      2784    0.00    0.00    0.00    0.00    0.00     2      0.00      0.00  374928   15372   0.05  gsd-datetime
02:45:45 AM   124      2790    0.00    0.00    0.00    0.00    0.00     3      0.00      0.00  679696   20032   0.06  gsd-media-keys
02:45:45 AM   124      2791    0.00    0.00    0.00    0.00    0.00     3      0.00      0.00  235772    5600   0.02  gsd-screensaver
02:45:45 AM   124      2793    0.00    0.00    0.00    0.00    0.00     3      0.00      0.00  320104    9452   0.03  gsd-sound
02:45:45 AM   124      2795    0.00    0.00    0.00    0.00    0.00     3      0.00      0.00  313652   10144   0.03  gsd-a11y-settin
02:45:45 AM   124      2799    0.00    0.00    0.00    0.00    0.00     2      0.00      0.00  313992   10540   0.03  gsd-housekeepin
02:45:45 AM   124      2802    0.00    0.00    0.00    0.00    0.00     1      0.00      0.00  339724   18828   0.06  gsd-power
02:45:45 AM   124      2824    0.00    0.00    0.00    0.00    0.00     2      0.00      0.00  342540   12784   0.04  gsd-printer
02:45:45 AM   119      2837    0.00    0.00    0.00    0.00    0.00     2      0.00      0.00  249328   17548   0.06  colord
02:45:45 AM     0     29120    0.00    0.00    0.00    0.00    0.00     3      0.00      0.00       0       0   0.00  kworker/u17:2
02:45:45 AM     0     33852    0.00    0.00    0.00    0.00    0.00     1      0.00      0.00       0       0   0.00  kworker/1:0H-kblockd
02:45:45 AM     0     35048    0.00    0.00    0.00    0.00    0.00     1      0.00      0.00       0       0   0.00  kworker/u17:0-thermal_fan_est
02:45:45 AM  1000     39960    0.00    0.00    0.00    0.00    0.00     2      0.00      0.00   19248    9208   0.03  systemd
02:45:45 AM  1000     39961    0.00    0.00    0.00    0.00    0.00     2      0.00      0.00  170940    6304   0.02  (sd-pam)
02:45:45 AM  1000     40037    0.00    0.00    0.00    0.00    0.00     3      0.00      0.00    7812    3952   0.01  dbus-daemon
02:45:45 AM     0     40147    0.00    0.00    0.00    0.00    0.00     1      0.00      0.00       0       0   0.00  kworker/1:0-events
02:45:45 AM     0     40174    0.00    0.00    0.00    0.00    0.00     2      0.00      0.00       0       0   0.00  kworker/2:2H-kblockd
02:45:45 AM     0     40194    0.00    0.00    0.00    0.00    0.00     3      0.00      0.00       0       0   0.00  kworker/3:0H-kblockd
02:45:45 AM     0     41650    0.00    0.00    0.00    0.00    0.00     3      0.00      0.00       0       0   0.00  kworker/3:0-mm_percpu_wq
02:45:45 AM     0     43913    0.00    0.00    0.00    0.00    0.00     2      0.00      0.00   14768    7560   0.02  sshd
02:45:45 AM  1000     43958    0.00    0.00    0.00    0.00    0.00     0      0.00      0.00   15292    6400   0.02  sshd
02:45:45 AM  1000     43959    0.00    0.00    0.00    0.00    0.00     1      0.00      0.00   11344    5444   0.02  bash
02:45:45 AM     0     50050    0.00    0.00    0.00    0.00    0.00     2      0.00      0.00   14768    7572   0.02  sshd
02:45:45 AM  1000     50094    0.00    0.00    0.00    0.00    0.00     3      0.00      0.00   15292    6428   0.02  sshd
02:45:45 AM  1000     50095    0.00    0.00    0.00    0.00    0.00     2      0.00      0.00   11344    5448   0.02  bash
02:45:45 AM     0     81462    0.00    0.00    0.00    0.00    0.00     2      0.00      0.00       0       0   0.00  kworker/2:2-events
02:45:45 AM     0     81478    0.00    0.00    0.00    0.00    0.00     0      0.00      0.00       0       0   0.00  kworker/0:1H-kblockd
02:45:45 AM  1000     84840    0.00    0.00    0.00    0.00    0.00     3      0.00      0.00  240176   10088   0.03  gnome-keyring-d
02:45:45 AM   124     84900    0.00    0.00    0.00    0.00    0.00     1      0.00      0.00  156240    4584   0.01  dconf-service
02:45:45 AM     0     85427    0.00    0.00    0.00    0.00    0.00     0      0.00      0.00       0       0   0.00  kworker/0:2-events
02:45:45 AM     0     86310    0.00    1.00    0.00    1.00    1.00     3      0.00      0.00       0       0   0.00  kworker/u16:1-events_unbound
02:45:45 AM     0     86312    0.00    0.00    0.00    0.00    0.00     3      0.00      0.00   14768    7564   0.02  sshd
02:45:45 AM  1000     86356    0.00    0.00    0.00    0.00    0.00     0      0.00      0.00   15292    6380   0.02  sshd
02:45:45 AM  1000     86357    0.00    0.00    0.00    0.00    0.00     1      0.00      0.00   11344    5440   0.02  bash
02:45:45 AM     0     86549    0.00    0.00    0.00    0.00    0.00     2      0.00      0.00   14768    7664   0.02  sshd
02:45:45 AM  1000     86593    1.00    2.00    0.00    2.00    3.00     1      0.00      0.00   15292    6480   0.02  sshd
02:45:45 AM  1000     86594    0.00    0.00    0.00    0.00    0.00     3      0.00      0.00   11860    5896   0.02  bash
02:45:45 AM     0     86632    0.00    0.00    0.00    0.00    0.00     3      0.00      0.00       0       0   0.00  kworker/3:2
02:45:45 AM     0     87290    0.00    0.00    0.00    0.00    0.00     0      0.00      0.00   14768    7584   0.02  sshd
02:45:45 AM  1000     87334    0.00    0.00    0.00    0.00    0.00     0      0.00      0.00   15292    6412   0.02  sshd
02:45:45 AM  1000     87335    0.00    0.00    0.00    0.00    0.00     2      0.00      0.00   11344    5436   0.02  bash
02:45:45 AM     0     89981    0.00    0.00    0.00    0.00    0.00     1      0.00      0.00       0       0   0.00  kworker/1:1-pm
02:45:45 AM     0     95050    0.00    0.00    0.00    0.00    0.00     2      0.00      0.00       0       0   0.00  kworker/2:0-events
02:45:45 AM     0     96173    0.00    0.00    0.00    0.00    0.00     1      0.00      0.00       0       0   0.00  kworker/1:2-pm
02:45:45 AM     0     99494    0.00    0.00    0.00    0.00    0.00     3      0.00      0.00       0       0   0.00  kworker/u16:3-events_unbound
02:45:45 AM     0    107801    0.00    0.00    0.00    0.00    0.00     1      0.00      0.00       0       0   0.00  kworker/1:2H
02:45:45 AM     0    122883    0.00    1.00    0.00    0.00    1.00     0      0.00      0.00       0       0   0.00  kworker/u16:2-events_unbound
02:45:45 AM     0    123203    0.00    0.00    0.00    0.00    0.00     3      0.00      0.00       0       0   0.00  kworker/3:2H
02:45:45 AM     0    124025    0.00    0.00    0.00    0.00    0.00     2      0.00      0.00       0       0   0.00  kworker/2:0H
02:45:45 AM     0    130503    0.00    0.00    0.00    0.00    0.00     0      0.00      0.00       0       0   0.00  kworker/0:0H
02:45:45 AM     0    130577    0.00    0.00    0.00    0.00    0.00     0      0.00      0.00       0       0   0.00  kworker/0:1-events
02:45:45 AM     0    130584    0.00    0.00    0.00    0.00    0.00     2      0.00      0.00   14768    7576   0.02  sshd
02:45:45 AM  1000    130628    0.00    2.00    0.00    1.00    2.00     0      0.00      0.00   16676    7816   0.02  sshd
02:45:45 AM  1000    130629    0.00    0.00    0.00    0.00    0.00     3      0.00      0.00   11344    5436   0.02  bash
02:45:45 AM  1000    130765    0.00    0.00    0.00    0.00    0.00     0      0.00      0.00  283948   43148   0.14  roslaunch
02:45:45 AM  1000    130773    1.00    0.00    0.00    1.00    1.00     0      0.00      0.00  797980   45664   0.14  rosmaster
02:45:45 AM  1000    130783    1.00    0.00    0.00    1.00    1.00     2      0.00      0.00  274964   10152   0.03  rosout
02:45:45 AM  1000    130790   78.00   67.00    0.00   19.00  145.00     2      0.00      0.00 34790064  692460   2.18  scale_truck_con
02:45:45 AM  1000    130791   26.00   59.00    0.00    0.00   85.00     1      0.00      0.00 1571432  113560   0.36  LRC
02:45:45 AM  1000    130854    9.00    5.00    0.00    0.00   14.00     1      0.00      0.00  724884   72408   0.23  python3
02:45:45 AM     0    131985    0.00    0.00    0.00    0.00    0.00     2      0.00      0.00       0       0   0.00  kworker/2:1H
02:45:45 AM     0    132214    0.00    0.00    0.00    0.00    0.00     1      0.00      0.00       0       0   0.00  kworker/1:1H
02:45:45 AM     0    133801    0.00    0.00    0.00    0.00    0.00     0      0.00      0.00       0       0   0.00  kworker/0:0-events
02:45:45 AM     0    137289    0.00    0.00    0.00    0.00    0.00     1      0.00      0.00       0       0   0.00  kworker/1:3
02:45:45 AM  1000    137686    0.00    0.00    0.00    0.00    0.00     1      0.00      0.00    7828     564   0.00  timeout
02:45:45 AM  1000    137689    0.00    0.00    0.00    0.00    0.00     1      0.00      0.00    9208    3064   0.01  bash
02:45:45 AM  1000    137690    0.00    0.00    0.00    0.00    0.00     3      0.00      0.00   68712   43028   0.14  rosbag
02:45:45 AM  1000    137878   11.00   28.00    0.00    0.00   39.00     2      1.00      0.00 1172828   25488   0.08  record
02:45:45 AM  1000    137884    0.00    0.00    0.00    0.00    0.00     1      0.00      0.00   68692   43012   0.14  rosbag
02:45:45 AM  1000    138038    4.00   14.00    0.00   17.00   18.00     0      0.00      0.00   17716   10256   0.03  pidstat
02:45:45 AM  1000    138084    3.00    6.00    0.00    7.00    9.00     2      0.00      0.00  365380   27232   0.09  play

# Time        UID       PID    %usr %system  %guest   %wait    %CPU   CPU  minflt/s  majflt/s     VSZ     RSS   %MEM  Command
02:45:46 AM     0         1    0.00    0.00    0.00    0.00    0.00     0      0.00      0.00  169880   11540   0.04  systemd
02:45:46 AM     0         2    0.00    0.00    0.00    0.00    0.00     1      0.00      0.00       0       0   0.00  kthreadd
02:45:46 AM     0         3    0.00    0.00    0.00    0.00    0.00     0      0.00      0.00       0       0   0.00  rcu_gp
02:45:46 AM     0         4    0.00    0.00    0.00    0.00    0.00     0      0.00      0.00       0       0   0.00  rcu_par_gp
02:45:46 AM     0         8    0.00    0.00    0.00    0.00    0.00     0      0.00      0.00       0       0   0.00  mm_percpu_wq
02:45:46 AM     0         9    0.00    0.00    0.00    0.00    0.00     0      0.00      0.00       0       0   0.00  rcu_tasks_kthre
02:45:46 AM     0        10    0.00    0.00    0.00    0.00    0.00     0      0.00      0.00       0       0   0.00  rcu_tasks_rude_
02:45:46 AM     0        11    0.00    0.00    0.00    0.00    0.00     0      0.00      0.00       0       0   0.00  rcu_tasks_trace
02:45:46 AM     0        12    0.00    0.00    0.00    0.00    0.00     0      0.00      0.00       0       0   0.00  ksoftirqd/0
02:45:46 AM     0        13    0.00    0.00    0.00    0.00    0.00     3      0.00      0.00       0       0   0.00  rcu_preempt
02:45:46 AM     0        14    0.00    0.00    0.00    0.00    0.00     0      0.00      0.00       0       0   0.00  migration/0
02:45:46 AM     0        16    0.00    0.00    0.00    0.00    0.00     0      0.00      0.00       0       0   0.00  cpuhp/0
02:45:46 AM     0        17    0.00    0.00    0.00    0.00    0.00     1      0.00      0.00       0       0   0.00  cpuhp/1
02:45:46 AM     0        18    0.00    0.00    0.00    0.00    0.00     1      0.00      0.00       0       0   0.00  migration/1
02:45:46 AM     0        19    0.00    0.00    0.00    0.00    0.00     1      0.00      0.00       0       0   0.00  ksoftirqd/1
02:45:46 AM     0        22    0.00    0.00    0.00    0.00    0.00     2      0.00      0.00       0       0   0.00  cpuhp/2
02:45:46 AM     0        23    0.00    0.00    0.00    0.00    0.00     2      0.00      0.00       0       0   0.00  migration/2
02:45:46 AM     0        24    0.00    0.00    0.00    0.00    0.00     2      0.00      0.00       0       0   0.00  ksoftirqd/2
02:45:46 AM     0        27    0.00    0.00    0.00    0.00    0.00     3      0.00      0.00       0       0   0.00  cpuhp/3
02:45:46 AM     0        28    0.00    0.00    0.00    0.00    0.00     3      0.00      0.00       0       0   0.00  migration/3
02:45:46 AM     0        29    0.00    0.00    0.00    0.00    0.00     3      0.00      0.00       0       0   0.00  ksoftirqd/3
02:45:46 AM     0        32    0.00    0.00    0.00    0.00    0.00     4      0.00      0.00       0       0   0.00  cpuhp/4
02:45:46 AM     0        33    0.00    0.00    0.00    0.00    0.00     4      0.00      0.00       0       0   0.00  migration/4
02:45:46 AM     0        34    0.00    0.00    0.00    0.00    0.00     4      0.00      0.00       0       0   0.00  ksoftirqd/4
02:45:46 AM     0        36    0.00    0.00    0.00    0.00    0.00     4      0.00      0.00       0       0   0.00  kworker/4:0H-kblockd
02:45:46 AM     0        37    0.00    0.00    0.00    0.00    0.00     5      0.00      0.00       0       0   0.00  cpuhp/5
02:45:46 AM     0        38    0.00    0.00    0.00    0.00    0.00     5      0.00      0.00       0       0   0.00  migration/5
02:45:46 AM     0        39    0.00    0.00    0.00    0.00    0.00     5      0.00      0.00       0       0   0.00  ksoftirqd/5
02:45:46 AM     0        41    0.00    0.00    0.00    0.00    0.00     5      0.00      0.00       0       0   0.00  kworker/5:0H-kblockd
02:45:46 AM     0        42    0.00    0.00    0.00    0.00    0.00     6      0.00      0.00       0       0   0.00  cpuhp/6
02:45:46 AM     0        43    0.00    0.00    0.00    0.00    0.00     6      0.00      0.00       0       0   0.00  migration/6
02:45:46 AM     0        44    0.00    0.00    0.00    0.00    0.00     6      0.00      0.00       0       0   0.00  ksoftirqd/6
02:45:46 AM     0        46    0.00    0.00    0.00    0.00    0.00     6      0.00      0.00       0       0   0.00  kworker/6:0H-events_highpri
02:45:46 AM     0        47    0.00    0.00    0.00    0.00    0.00     7      0.00      0.00       0       0   0.00  cpuhp/7
02:45:46 AM     0        48    0.00    0.00    0.00    0.00    0.00     7      0.00      0.00       0       0   0.00  migration/7
02:45:46 AM     0        49    0.00    0.00    0.00    0.00    0.00     7      0.00      0.00       0       0   0.00  ksoftirqd/7
02:45:46 AM     0        50    0.00    0.00    0.00    0.00    0.00     0      0.00      0.00       0       0   0.00  kworker/7:0-rcu_gp
02:45:46 AM     0        51    0.00    0.00    0.00    0.00    0.00     7      0.00      0.00       0       0   0.00  kworker/7:0H-kblockd
02:45:46 AM     0        52    0.00    0.00    0.00    0.00    0.00     0      0.00      0.00       0       0   0.00  kdevtmpfs
02:45:46 AM     0        53    0.00    0.00    0.00    0.00    0.00     4      0.00      0.00       0       0   0.00  netns
02:45:46 AM     0        54    0.00    0.00    0.00    0.00    0.00     1      0.00      0.00       0       0   0.00  kauditd
02:45:46 AM     0        55    0.00    0.00    0.00    0.00    0.00     0      0.00      0.00       0       0   0.00  irq/87-mc_statu
02:45:46 AM     0        56    0.00    0.00    0.00    0.00    0.00     2      0.00      0.00       0       0   0.00  khungtaskd
02:45:46 AM     0        57    0.00    0.00    0.00    0.00    0.00     3      0.00      0.00       0       0   0.00  oom_reaper
02:45:46 AM     0        58    0.00    0.00    0.00    0.00    0.00     5      0.00      0.00       0       0   0.00  writeback
02:45:46 AM     0        59    0.00    0.00    0.00    0.00    0.00     3      0.00      0.00       0       0   0.00  kcompactd0
02:45:46 AM     0        60    0.00    0.00    0.00    0.00    0.00     1      0.00      0.00       0       0   0.00  ksmd
02:45:46 AM     0        61    0.00    0.00    0.00    0.00    0.00     2      0.00      0.00       0       0   0.00  khugepaged
02:45:46 AM     0        93    0.00    0.00    0.00    0.00    0.00     1      0.00      0.00       0       0   0.00  kintegrityd
02:45:46 AM     0        94    0.00    0.00    0.00    0.00    0.00     1      0.00      0.00       0       0   0.00  kblockd
02:45:46 AM     0        95    0.00    0.00    0.00    0.00    0.00     1      0.00      0.00       0       0   0.00  blkcg_punt_bio
02:45:46 AM     0        97    0.00    0.00    0.00    0.00    0.00     3      0.00      0.00       0       0   0.00  tpm_dev_wq
02:45:46 AM     0        98    0.00    0.00    0.00    0.00    0.00     0      0.00      0.00       0       0   0.00  irq/197-30c0000
02:45:46 AM     0        99    0.00    0.00    0.00    0.00    0.00     1      0.00      0.00       0       0   0.00  devfreq_wq
02:45:46 AM     0       100    0.00    0.00    0.00    0.00    0.00     1      0.00      0.00       0       0   0.00  watchdogd
02:45:46 AM     0       104    0.00    0.00    0.00    0.00    0.00     7      0.00      0.00       0       0   0.00  rpciod
02:45:46 AM     0       106    0.00    0.00    0.00    0.00    0.00     7      0.00      0.00       0       0   0.00  xprtiod
02:45:46 AM     0       108    0.00    0.00    0.00    0.00    0.00     7      0.00      0.00       0       0   0.00  kswapd0
02:45:46 AM     0       109    0.00    0.00    0.00    0.00    0.00     5      0.00      0.00       0       0   0.00  nfsiod
02:45:46 AM     0       112    0.00    0.00    0.00    0.00    0.00     1      0.00      0.00       0       0   0.00  kthrotld
02:45:46 AM     0       113    0.00    0.00    0.00    0.00    0.00     7      0.00      0.00       0       0   0.00  kpcitest
02:45:46 AM     0       116    0.00    0.00    0.00    0.00    0.00     5      0.00      0.00       0       0   0.00  kworker/5:1-events
02:45:46 AM     0       122    0.00    0.00    0.00    0.00    0.00     1      0.00      0.00       0       0   0.00  nvme-wq
02:45:46 AM     0       123    0.00    0.00    0.00    0.00    0.00     5      0.00      0.00       0       0   0.00  nvme-reset-wq
02:45:46 AM     0       124    0.00    0.00    0.00    0.00    0.00     6      0.00      0.00       0       0   0.00  nvme-delete-wq
02:45:46 AM     0       125    0.00    0.00    0.00    0.00    0.00     6      0.00      0.00       0       0   0.00  uas
02:45:46 AM     0       126    0.00    0.00    0.00    0.00    0.00     0      0.00      0.00       0       0   0.00  irq/222-tegra_r
02:45:46 AM     0       127    0.00    0.00    0.00    0.00    0.00     0      0.00      0.00       0       0   0.00  kworker/7:2-events
02:45:46 AM     0       129    0.00    0.00    0.00    0.00    0.00     0      0.00      0.00       0       0   0.00  irq/86-tegra-oc
02:45:46 AM     0       130    0.00    0.00    0.00    0.00    0.00     5      0.00      0.00       0       0   0.00  dm_bufio_cache
02:45:46 AM     0       131    0.00    0.00    0.00    0.00    0.00     0      0.00      0.00       0       0   0.00  irq/223-max7762
02:45:46 AM     0       140    0.00    0.00    0.00    0.00    0.00     0      0.00      0.00       0       0   0.00  irq/55-bc00000.
02:45:46 AM     0       143    0.00    0.00    0.00    0.00    0.00     0      0.00      0.00       0       0   0.00  ipv6_addrconf
02:45:46 AM     0       144    0.00    0.00    0.00    0.00    0.00     6      0.00      0.00       0       0   0.00  krfcommd
02:45:46 AM     0       145    0.00    0.00    0.00    0.00    0.00     0      0.00      0.00       0       0   0.00  kstrp
02:45:46 AM     0       150    0.00    0.00    0.00    0.00    0.00     0      0.00      0.00       0       0   0.00  irq/24-tegra-pc
02:45:46 AM     0       154    0.00    0.00    0.00    0.00    0.00     0      0.00      0.00       0       0   0.00  irq/26-tegra-pc
02:45:46 AM     0       160    0.00    0.00    0.00    0.00    0.00     0      0.00      0.00       0       0   0.00  irq/26-aerdrv
02:45:46 AM     0       161    0.00    0.00    0.00    0.00    0.00     0      0.00      0.00       0       0   0.00  irq/28-tegra-pc
02:45:46 AM     0       162    0.00    0.00    0.00    0.00    0.00     0      0.00      0.00       0       0   0.00  irq/28-aerdrv
02:45:46 AM     0       163    0.00    0.00    0.00    0.00    0.00     5      0.00      0.00       0       0   0.00  host_low_prio_w
02:45:46 AM     0       164    0.00    1.00    0.00    0.00    1.00     0      0.00      0.00       0       0   0.00  irq/57-host_syn
02:45:46 AM     0       165    0.00    0.00    0.00    0.00    0.00     0      0.00      0.00       0       0   0.00  irq/58-host_sta
02:45:46 AM     0       173    0.00    0.00    0.00    0.00    0.00     5      0.00      0.00       0       0   0.00  pva_task_status
02:45:46 AM     0       174    0.00    0.00    0.00    0.00    0.00     0      0.00      0.00       0       0   0.00  irq/75-pva-isr
02:45:46 AM     0       175    0.00    0.00    0.00    0.00    0.00     0      0.00      0.00       0       0   0.00  pva_task_status
02:45:46 AM     0       176    0.00    0.00    0.00    0.00    0.00     0      0.00      0.00       0       0   0.00  irq/76-pva-isr
02:45:46 AM     0       185    0.00    0.00    0.00    0.00    0.00     0      0.00      0.00       0       0   0.00  sdhci
02:45:46 AM     0       186    0.00    0.00    0.00    0.00    0.00     0      0.00      0.00       0       0   0.00  irq/39-mmc0
02:45:46 AM     0       187    0.00    0.00    0.00    0.00    0.00     2      0.00      0.00       0       0   0.00  sdhci
02:45:46 AM     0       189    0.00    0.00    0.00    0.00    0.00     0      0.00      0.00       0       0   0.00  irq/40-mmc1
02:45:46 AM     0       195    0.00    0.00    0.00    0.00    0.00     7      0.00      0.00       0       0   0.00  scsi_eh_0
02:45:46 AM     0       196    0.00    0.00    0.00    0.00    0.00     7      0.00      0.00       0       0   0.00  scsi_tmf_0
02:45:46 AM     0       197    0.00    0.00    0.00    0.00    0.00     0      0.00      0.00       0       0   0.00  kworker/5:2-events
02:45:46 AM     0       198    0.00    0.00    0.00    0.00    0.00     0      0.00      0.00       0       0   0.00  irq/67-15200000
02:45:46 AM     0       199    0.00    0.00    0.00    0.00    0.00     1      0.00      0.00       0       0   0.00  tegradc.0/a
02:45:46 AM     0       200    0.00    0.00    0.00    0.00    0.00     0      0.00      0.00       0       0   0.00  tegradc.0/b
02:45:46 AM     0       201    0.00    0.00    0.00    0.00    0.00     0      0.00      0.00       0       0   0.00  tegradc.0/c
02:45:46 AM     0       202    0.00    0.00    0.00    0.00    0.00     0      0.00      0.00       0       0   0.00  tegradc.0/d
02:45:46 AM     0       203    0.00    0.00    0.00    0.00    0.00     0      0.00      0.00       0       0   0.00  tegradc.0/e
02:45:46 AM     0       204    0.00    0.00    0.00    0.00    0.00     0      0.00      0.00       0       0   0.00  tegradc.0/f
02:45:46 AM     0       205    0.00    0.00    0.00    0.00    0.00     0      0.00      0.00       0       0   0.00  tegradc.0/sl
02:45:46 AM     0       206    0.00    0.00    0.00    0.00    0.00     0      0.00      0.00       0       0   0.00  irq/62-15200000
02:45:46 AM     0       207    0.00    0.00    0.00    0.00    0.00     0      0.00      0.00       0       0   0.00  irq/276-3400000
02:45:46 AM     0       208    0.00    0.00    0.00    0.00    0.00     0      0.00      0.00       0       0   0.00  ufs_eh_wq_0
02:45:46 AM     0       209    0.00    0.00    0.00    0.00    0.00     3      0.00      0.00       0       0   0.00  mmc_complete
02:45:46 AM     0       211    0.00    0.00    0.00    0.00    0.00     0      0.00      0.00       0       0   0.00  irq/278-1520000
02:45:46 AM     0       212    0.00    0.00    0.00    0.00    0.00     0      0.00      0.00       0       0   0.00  irq/203-3610000
02:45:46 AM     0       213    0.00    0.00    0.00    0.00    0.00     0      0.00      0.00       0       0   0.00  irq/221-3610000
02:45:46 AM     0       214    0.00    0.00    0.00    0.00    0.00     0      0.00      0.00       0       0   0.00  irq/30-tegra-pc
02:45:46 AM     0       216    0.00    0.00    0.00    0.00    0.00     0      0.00      0.00       0       0   0.00  kworker/4:3-events
02:45:46 AM     0       218    0.00    0.00    0.00    0.00    0.00     4      0.00      0.00       0       0   0.00  kworker/4:5-events
02:45:46 AM     0       221    0.00    0.00    0.00    0.00    0.00     0      0.00      0.00       0       0   0.00  kworker/6:12-events
02:45:46 AM     0       222    0.00    0.00    0.00    0.00    0.00     0      0.00      0.00       0       0   0.00  kworker/6:13-events
02:45:46 AM     0       225    0.00    0.00    0.00    0.00    0.00     0      0.00      0.00       0       0   0.00  irq/68-tegra_dp
02:45:46 AM     0       226    0.00    0.00    0.00    0.00    0.00     0      0.00      0.00       0       0   0.00  irq/65-15210000
02:45:46 AM     0       227    0.00    0.00    0.00    0.00    0.00     0      0.00      0.00       0       0   0.00  tegradc.1/a
02:45:46 AM     0       228    0.00    0.00    0.00    0.00    0.00     0      0.00      0.00       0       0   0.00  tegradc.1/b
02:45:46 AM     0       229    0.00    0.00    0.00    0.00    0.00     0      0.00      0.00       0       0   0.00  tegradc.1/c
02:45:46 AM     0       230    0.00    0.00    0.00    0.00    0.00     0      0.00      0.00       0       0   0.00  tegradc.1/d
02:45:46 AM     0       231    0.00    0.00    0.00    0.00    0.00     0      0.00      0.00       0       0   0.00  tegradc.1/e
02:45:46 AM     0       232    0.00    0.00    0.00    0.00    0.00     0      0.00      0.00       0       0   0.00  tegradc.1/f
02:45:46 AM     0       233    0.00    0.00    0.00    0.00    0.00     1      0.00      0.00       0       0   0.00  tegradc.1/sl
02:45:46 AM     0       234    0.00    0.00    0.00    0.00    0.00     0      0.00      0.00       0       0   0.00  irq/63-15210000
02:45:46 AM     0       249    0.00    0.00    0.00    0.00    0.00     0      0.00      0.00       0       0   0.00  irq/56-d230000.
02:45:46 AM     0       250    0.00    0.00    0.00    0.00    0.00     0      0.00      0.00       0       0   0.00  irq/69-tegra_dp
02:45:46 AM     0       251    0.00    0.00    0.00    0.00    0.00     0      0.00      0.00       0       0   0.00  irq/66-15220000
02:45:46 AM     0       252    0.00    0.00    0.00    0.00    0.00     0      0.00      0.00       0       0   0.00  tegradc.2/a
02:45:46 AM     0       253    0.00    0.00    0.00    0.00    0.00     0      0.00      0.00       0       0   0.00  tegradc.2/b
02:45:46 AM     0       254    0.00    0.00    0.00    0.00    0.00     0      0.00      0.00       0       0   0.00  tegradc.2/c
02:45:46 AM     0       255    0.00    0.00    0.00    0.00    0.00     0      0.00      0.00       0       0   0.00  tegradc.2/d
02:45:46 AM     0       256    0.00    0.00    0.00    0.00    0.00     0      0.00      0.00       0       0   0.00  tegradc.2/e
02:45:46 AM     0       257    0.00    0.00    0.00    0.00    0.00     0      0.00      0.00       0       0   0.00  tegradc.2/f
02:45:46 AM     0       258    0.00    0.00    0.00    0.00    0.00     0      0.00      0.00       0       0   0.00  tegradc.2/sl
02:45:46 AM     0       259    0.00    0.00    0.00    0.00    0.00     0      0.00      0.00       0       0   0.00  irq/64-15220000
02:45:46 AM     0       275    0.00    0.00    0.00    0.00    0.00     0      0.00      0.00       0       0   0.00  jbd2/mmcblk0p1-
02:45:46 AM     0       276    0.00    0.00    0.00    0.00    0.00     3      0.00      0.00       0       0   0.00  ext4-rsv-conver
02:45:46 AM     0       280    0.00    0.00    0.00    0.00    0.00     7      0.00      0.00       0       0   0.00  kworker/7:1H
02:45:46 AM     0       286    0.00    0.00    0.00    0.00    0.00     5      0.00      0.00       0       0   0.00  kworker/5:1H-kblockd
02:45:46 AM     0       312    0.00    0.00    0.00    0.00    0.00     1      0.00      0.00   61816   31808   0.10  systemd-journal
02:45:46 AM     0       338    0.00    4.00    0.00   27.00    4.00     3      0.00      0.00       0       0   0.00  nvmap-bz
02:45:46 AM     0       339    0.00    0.00    0.00    0.00    0.00     0      0.00      0.00       0       0   0.00  irq/204-gk20a_s
02:45:46 AM     0       340    0.00    0.00    0.00    0.00    0.00     0      0.00      0.00       0       0   0.00  irq/205-gk20a_n
02:45:46 AM     0       345    0.00    0.00    0.00    0.00    0.00     3      0.00      0.00    2776    1492   0.00  tee-supplicant
02:45:46 AM     0       347    0.00    0.00    0.00    0.00    0.00     3      0.00      0.00       0       0   0.00  optee_bus_scan
02:45:46 AM     0       358    0.00    0.00    0.00    0.00    0.00     3      0.00      0.00   22788    7532   0.02  systemd-udevd
02:45:46 AM     0       364    0.00    0.00    0.00    0.00    0.00     1      0.00      0.00    7948    4892   0.02  haveged
02:45:46 AM   126       365    0.00    0.00    0.00    0.00    0.00     3      0.00      0.00    7136    3108   0.01  rpcbind
02:45:46 AM   105       366    0.00    0.00    0.00    0.00    0.00     1      0.00      0.00   25592   13288   0.04  systemd-resolve
02:45:46 AM   103       367    0.00    0.00    0.00    0.00    0.00     1      0.00      0.00   90672    6220   0.02  systemd-timesyn
02:45:46 AM     0       407    0.00    0.00    0.00    0.00    0.00     5      0.00      0.00       0       0   0.00  cfg80211
02:45:46 AM     0       410    0.00    0.00    0.00    0.00    0.00     0      0.00      0.00       0       0   0.00  irq/42-3210000.
02:45:46 AM     0       412    0.00    0.00    0.00    0.00    0.00     2      0.00      0.00       0       0   0.00  spi0
02:45:46 AM     0       413    0.00   14.00    0.00    0.00   14.00     1      0.00      0.00       0       0   0.00  irq/282-iwlwifi
02:45:46 AM     0       416    0.00    0.00    0.00    0.00    0.00     4      0.00      0.00       0       0   0.00  ata_sff
02:45:46 AM     0       419    0.00    0.00    0.00    0.00    0.00     0      0.00      0.00       0       0   0.00  irq/43-c260000.
02:45:46 AM     0       420    0.00    0.00    0.00    0.00    0.00     6      0.00      0.00       0       0   0.00  scsi_eh_1
02:45:46 AM     0       422    0.00    0.00    0.00    0.00    0.00     6      0.00      0.00       0       0   0.00  scsi_tmf_1
02:45:46 AM     0       427    0.00    0.00    0.00    0.00    0.00     0      0.00      0.00       0       0   0.00  spi1
02:45:46 AM     0       430    0.00    0.00    0.00    0.00    0.00     3      0.00      0.00  242072    8880   0.03  accounts-daemon
02:45:46 AM   120       439    0.00    0.00    0.00    0.00    0.00     1      0.00      0.00    7084    3472   0.01  avahi-daemon
02:45:46 AM     0       441    0.00    0.00    0.00    0.00    0.00     3      0.00      0.00    9220    2516   0.01  cron
02:45:46 AM   106       443    0.00    0.00    0.00    0.00    0.00     3      0.00      0.00    9396    5264   0.02  dbus-daemon
02:45:46 AM     0       447    0.00    0.00    0.00    0.00    0.00     0      0.00      0.00  341244   20856   0.07  NetworkManager
02:45:46 AM     0       456    0.00    0.00    0.00    0.00    0.00     4      0.00      0.00   38300   19472   0.06  networkd-dispat
02:45:46 AM     0       473    0.00    0.00    0.00    0.00    0.00     2      0.00      0.00  238860   13352   0.04  polkitd
02:45:46 AM   125       483    0.00    0.00    0.00    0.00    0.00     3      0.00      0.00  220940    8288   0.03  rsyslogd
02:45:46 AM     0       503    0.00    0.00    0.00    0.00    0.00     2      0.00      0.00  235864    4364   0.01  switcheroo-cont
02:45:46 AM     0       514    0.00    0.00    0.00    0.00    0.00     2      0.00      0.00   17076    6760   0.02  systemd-logind
02:45:46 AM     0       523    0.00    0.00    0.00    0.00    0.00     1      0.00      0.00  395556   15676   0.05  udisksd
02:45:46 AM     0       528    0.00    0.00    0.00    0.00    0.00     1      0.00      0.00   12784    8052   0.03  wpa_supplicant
02:45:46 AM     0       548    0.00    0.00    0.00    0.00    0.00     0      0.00      0.00       0       0   0.00  sugov:0
02:45:46 AM   120       555    0.00    0.00    0.00    0.00    0.00     2      0.00      0.00    6896     324   0.00  avahi-daemon
02:45:46 AM     0       585    0.00    0.00    0.00    0.00    0.00     5      0.00      0.00       0       0   0.00  tmp451
02:45:46 AM     0       597    0.00    0.00    0.00    0.00    0.00     3      0.00      0.00       0       0   0.00  irq/286-1-0008
02:45:46 AM     0       600    0.00    0.00    0.00    0.00    0.00     2      0.00      0.00  321792   14480   0.05  ModemManager
02:45:46 AM     0       653    0.00    0.00    0.00    0.00    0.00     0      0.00      0.00    2476     604   0.00  nvfancontrol
02:45:46 AM     0       728    0.00    0.00    0.00    0.00    0.00     4      0.00      0.00       0       0   0.00  adspp_kthread
02:45:46 AM     0       779    0.00    0.00    0.00    0.00    0.00     6      0.00      0.00       0       0   0.00  kworker/6:2H-kblockd
02:45:46 AM     0       876    0.00    0.00    0.00    0.00    0.00     1      0.00      0.00       0       0   0.00  irq/289-2490000
02:45:46 AM     0       887    0.00    0.00    0.00    0.00    0.00     0      0.00      0.00       0       0   0.00  irq/32-eth0.com
02:45:46 AM     0       919    0.00    0.00    0.00    0.00    0.00     4      0.00      0.00       0       0   0.00  file-storage
02:45:46 AM     0       953    0.00    0.00    0.00    0.00    0.00     1      0.00      0.00       0       0   0.00  loop0
02:45:46 AM     0      1048    0.00    0.00    0.00    0.00    0.00     4      0.00      0.00       0       0   0.00  kworker/4:2H-kblockd
02:45:46 AM     0      1091    0.00    0.00    0.00    0.00    0.00     3      0.00      0.00       0       0   0.00  cryptd
02:45:46 AM     0      1147    0.00    0.00    0.00    0.00    0.00     2      0.00      0.00       0       0   0.00  sw-quiesce
02:45:46 AM     0      1148    0.00    0.00    0.00    0.00    0.00     1      0.00      0.00       0       0   0.00  nvgpu_channel_p
02:45:46 AM     0      1151    0.00    0.00    0.00    0.00    0.00     1      0.00      0.00       0       0   0.00  nvgpu_nvs_gv11b
02:45:46 AM     0      1153    0.00    0.00    0.00    0.00    0.00     0      0.00      0.00       0       0   0.00  nvgpu_pg_init_g
02:45:46 AM     0      1157    0.00    0.00    0.00    0.00    0.00     2      0.00      0.00       0       0   0.00  nvgpu_clk_arb_p
02:45:46 AM     0      1162    0.00    0.00    0.00    0.00    0.00     3      0.00      0.00       0       0   0.00  irq/288-rt5659
02:45:46 AM     0      1270    0.00    0.00    0.00    0.00    0.00     3      0.00      0.00   55688   11092   0.03  nvargus-daemon
02:45:46 AM     0      1273    0.00    0.00    0.00    0.00    0.00     3      0.00      0.00   21932    1552   0.00  nvs-service
02:45:46 AM     0      1298    0.00    0.00    0.00    0.00    0.00     1      0.00      0.00 2007972   50424   0.16  containerd
02:45:46 AM     0      1314    0.00    0.00    0.00    0.00    0.00     0      0.00      0.00  240032    7616   0.02  gdm3
02:45:46 AM   108      1326    0.00    0.00    0.00    0.00    0.00     2      0.00      0.00   11468    1896   0.01  kerneloops
02:45:46 AM     0      1327    0.00    0.00    0.00    0.00    0.00     3      0.00      0.00   12236    6576   0.02  sshd
02:45:46 AM     0      1336    0.00    0.00    0.00    0.00    0.00     0      0.00      0.00    7688    1876   0.01  agetty
02:45:46 AM     0      1337    0.00    0.00    0.00    0.00    0.00     2      0.00      0.00    7688    1904   0.01  agetty
02:45:46 AM   108      1339    0.00    0.00    0.00    0.00    0.00     0      0.00      0.00   11468    1820   0.01  kerneloops
02:45:46 AM     0      1340    0.00    0.00    0.00    0.00    0.00     3      0.00      0.00    9216    2824   0.01  nvgetty.sh
02:45:46 AM     0      1379    0.00    0.00    0.00    0.00    0.00     0      0.00      0.00    7688    1848   0.01  getty
02:45:46 AM     0      1554    0.00    0.00    0.00    0.00    0.00     2      0.00      0.00 2111796   85472   0.27  dockerd
02:45:46 AM     0      1677    0.00    0.00    0.00    0.00    0.00     1      0.00      0.00  168472    8256   0.03  gdm-session-wor
02:45:46 AM     0      1711    0.00    0.00    0.00    0.00    0.00     0      0.00      0.00    3248     808   0.00  nvphsd
02:45:46 AM     0      1716    0.00    0.00    0.00    0.00    0.00     3      0.00      0.00    3380    1788   0.01  nvphsd
02:45:46 AM   124      1789    0.00    0.00    0.00    0.00    0.00     3      0.00      0.00   19144    9224   0.03  systemd
02:45:46 AM   124      1804    0.00    0.00    0.00    0.00    0.00     3      0.00      0.00  104488    5436   0.02  (sd-pam)
02:45:46 AM   124      2014    0.00    0.00    0.00    0.00    0.00     0      0.00      0.00  961884   21984   0.07  pulseaudio
02:45:46 AM   124      2032    0.00    0.00    0.00    0.00    0.00     2      0.00      0.00  164156    5924   0.02  gdm-x-session
02:45:46 AM   124      2037    0.00    0.00    0.00    0.00    0.00     1      0.00      0.00 25330232   99256   0.31  Xorg
02:45:46 AM   118      2040    0.00    0.00    0.00    0.00    0.00     1      0.00      0.00  152516    2440   0.01  rtkit-daemon
02:45:46 AM   124      2162    0.00    0.00    0.00    0.00    0.00     2      0.00      0.00    7812    3448   0.01  dbus-daemon
02:45:46 AM   124      2428    0.00    0.00    0.00    0.00    0.00     0      0.00      0.00    4776    1164   0.00  dbus-run-sessio
02:45:46 AM   124      2429    0.00    0.00    0.00    0.00    0.00     2      0.00      0.00    8088    4104   0.01  dbus-daemon
02:45:46 AM   124      2438    0.00    0.00    0.00    0.00    0.00     2      0.00      0.00  559768   14932   0.05  gnome-session-b
02:45:46 AM     0      2457    0.00    0.00    0.00    0.00    0.00     2      0.00      0.00  101692   19628   0.06  jtop
02:45:46 AM   124      2463    0.00    0.00    0.00    0.00    0.00     3      0.00      0.00  309548   10092   0.03  at-spi-bus-laun
02:45:46 AM   124      2470    0.00    0.00    0.00    0.00    0.00     1      0.00      0.00    7676    3468   0.01  dbus-daemon
02:45:46 AM   124      2495    0.00    0.00    0.00    0.00    0.00     1      0.00      0.00 4022996  194908   0.61  gnome-shell
02:45:46 AM     0      2510    0.00    0.00    0.00    0.00    0.00     0      0.00      0.00  175424   16904   0.05  jtop
02:45:46 AM     0      2518    0.00    0.00    0.00    0.00    0.00     2      0.00      0.00  101692   17160   0.05  jtop
02:45:46 AM   124      2696    0.00    0.00    0.00    0.00    0.00     0      0.00      0.00  314420   11212   0.04  ibus-daemon
02:45:46 AM   124      2699    0.00    0.00    0.00    0.00    0.00     2      0.00      0.00  239960   11792   0.04  ibus-dconf
02:45:46 AM   124      2701    0.00    0.00    0.00    0.00    0.00     2      0.00      0.00  189920   16900   0.05  ibus-x11
02:45:46 AM   124      2704    0.00    0.00    0.00    0.00    0.00     3      0.00      0.00  239880    7776   0.02  ibus-portal
02:45:46 AM   124      2715    0.00    0.00    0.00    0.00    0.00     1      0.00      0.00  161420    6880   0.02  at-spi2-registr
02:45:46 AM   124      2719    0.00    0.00    0.00    0.00    0.00     3      0.00      0.00  235804    4672   0.01  xdg-permission-
02:45:46 AM     0      2725    0.00    0.00    0.00    0.00    0.00     3      0.00      0.00  252944    8776   0.03  upowerd
02:45:46 AM   124      2745    0.00    0.00    0.00    0.00    0.00     2      0.00      0.00 3001620   27244   0.09  gjs
02:45:46 AM   124      2764    0.00    0.00    0.00    0.00    0.00     2      0.00      0.00  469396   14236   0.04  gsd-sharing
02:45:46 AM   124      2765    0.00    0.00    0.00    0.00    0.00     1      0.00      0.00  334628   15072   0.05  gsd-wacom
02:45:46 AM   124      2768    0.00    0.00    0.00    0.00    0.00     2      0.00      0.00  571788   19844   0.06  gsd-color
02:45:46 AM   124      2772    0.00    0.00    0.00    0.00    0.00     3      0.00      0.00  338096   17824   0.06  gsd-keyboard
02:45:46 AM   124      2774    0.00    0.00    0.00    0.00    0.00     2      0.00      0.00  322508   11376   0.04  gsd-print-notif
02:45:46 AM   124      2779    0.00    0.00    0.00    0.00    0.00     3      0.00      0.00  166208    7736   0.02  ibus-engine-sim
02:45:46 AM   124      2780    0.00    0.00    0.00    0.00    0.00     1      0.00      0.00  457460    7996   0.03  gsd-rfkill
02:45:46 AM   124      2782    0.00    0.00    0.00    0.00    0.00     1      0.00      0.00  391976    9696   0.03  gsd-smartcard
02:45:46 AM   124      2784    0.00    0.00    0.00    0.00    0.00     2      0.00      0.00  374928   15372   0.05  gsd-datetime
02:45:46 AM   124      2790    0.00    0.00    0.00    0.00    0.00     3      0.00      0.00  679696   20032   0.06  gsd-media-keys
02:45:46 AM   124      2791    0.00    0.00    0.00    0.00    0.00     3      0.00      0.00  235772    5600   0.02  gsd-screensaver
02:45:46 AM   124      2793    0.00    0.00    0.00    0.00    0.00     3      0.00      0.00  320104    9452   0.03  gsd-sound
02:45:46 AM   124      2795    0.00    0.00    0.00    0.00    0.00     3      0.00      0.00  313652   10144   0.03  gsd-a11y-settin
02:45:46 AM   124      2799    0.00    0.00    0.00    0.00    0.00     2      0.00      0.00  313992   10540   0.03  gsd-housekeepin
02:45:46 AM   124      2802    0.00    0.00    0.00    0.00    0.00     1      0.00      0.00  339724   18828   0.06  gsd-power
02:45:46 AM   124      2824    0.00    0.00    0.00    0.00    0.00     2      0.00      0.00  342540   12784   0.04  gsd-printer
02:45:46 AM   119      2837    0.00    0.00    0.00    0.00    0.00     2      0.00      0.00  249328   17548   0.06  colord
02:45:46 AM     0     29120    0.00    0.00    0.00    0.00    0.00     3      0.00      0.00       0       0   0.00  kworker/u17:2
02:45:46 AM     0     33852    0.00    0.00    0.00    0.00    0.00     1      0.00      0.00       0       0   0.00  kworker/1:0H-kblockd
02:45:46 AM     0     35048    0.00    0.00    0.00    0.00    0.00     0      0.00      0.00       0       0   0.00  kworker/u17:0-thermal_fan_est
02:45:46 AM  1000     39960    0.00    0.00    0.00    0.00    0.00     2      0.00      0.00   19248    9208   0.03  systemd
02:45:46 AM  1000     39961    0.00    0.00    0.00    0.00    0.00     2      0.00      0.00  170940    6304   0.02  (sd-pam)
02:45:46 AM  1000     40037    0.00    0.00    0.00    0.00    0.00     3      0.00      0.00    7812    3952   0.01  dbus-daemon
02:45:46 AM     0     40147    0.00    0.00    0.00    0.00    0.00     1      0.00      0.00       0       0   0.00  kworker/1:0-events
02:45:46 AM     0     40174    0.00    0.00    0.00    0.00    0.00     2      0.00      0.00       0       0   0.00  kworker/2:2H-kblockd
02:45:46 AM     0     40194    0.00    0.00    0.00    0.00    0.00     3      0.00      0.00       0       0   0.00  kworker/3:0H-kblockd
02:45:46 AM     0     41650    0.00    0.00    0.00    0.00    0.00     3      0.00      0.00       0       0   0.00  kworker/3:0-mm_percpu_wq
02:45:46 AM     0     43913    0.00    0.00    0.00    0.00    0.00     2      0.00      0.00   14768    7560   0.02  sshd
02:45:46 AM  1000     43958    0.00    0.00    0.00    0.00    0.00     0      0.00      0.00   15292    6400   0.02  sshd
02:45:46 AM  1000     43959    0.00    0.00    0.00    0.00    0.00     1      0.00      0.00   11344    5444   0.02  bash
02:45:46 AM     0     50050    0.00    0.00    0.00    0.00    0.00     2      0.00      0.00   14768    7572   0.02  sshd
02:45:46 AM  1000     50094    0.00    0.00    0.00    0.00    0.00     3      0.00      0.00   15292    6428   0.02  sshd
02:45:46 AM  1000     50095    0.00    0.00    0.00    0.00    0.00     2      0.00      0.00   11344    5448   0.02  bash
02:45:46 AM     0     81462    0.00    0.00    0.00    0.00    0.00     2      0.00      0.00       0       0   0.00  kworker/2:2-events
02:45:46 AM     0     81478    0.00    0.00    0.00    0.00    0.00     0      0.00      0.00       0       0   0.00  kworker/0:1H-kblockd
02:45:46 AM  1000     84840    0.00    0.00    0.00    0.00    0.00     3      0.00      0.00  240176   10088   0.03  gnome-keyring-d
02:45:46 AM   124     84900    0.00    0.00    0.00    0.00    0.00     1      0.00      0.00  156240    4584   0.01  dconf-service
02:45:46 AM     0     85427    0.00    0.00    0.00    0.00    0.00     0      0.00      0.00       0       0   0.00  kworker/0:2-events
02:45:46 AM     0     86310    0.00    1.00    0.00    0.00    1.00     2      0.00      0.00       0       0   0.00  kworker/u16:1-events_unbound
02:45:46 AM     0     86312    0.00    0.00    0.00    0.00    0.00     3      0.00      0.00   14768    7564   0.02  sshd
02:45:46 AM  1000     86356    0.00    0.00    0.00    0.00    0.00     0      0.00      0.00   15292    6380   0.02  sshd
02:45:46 AM  1000     86357    0.00    0.00    0.00    0.00    0.00     1      0.00      0.00   11344    5440   0.02  bash
02:45:46 AM     0     86549    0.00    0.00    0.00    0.00    0.00     2      0.00      0.00   14768    7664   0.02  sshd
02:45:46 AM  1000     86593    2.00    2.00    0.00    1.00    4.00     0      0.00      0.00   15292    6480   0.02  sshd
02:45:46 AM  1000     86594    0.00    0.00    0.00    0.00    0.00     3      0.00      0.00   11860    5896   0.02  bash
02:45:46 AM     0     86632    0.00    0.00    0.00    0.00    0.00     3      0.00      0.00       0       0   0.00  kworker/3:2
02:45:46 AM     0     87290    0.00    0.00    0.00    0.00    0.00     0      0.00      0.00   14768    7584   0.02  sshd
02:45:46 AM  1000     87334    0.00    0.00    0.00    0.00    0.00     0      0.00      0.00   15292    6412   0.02  sshd
02:45:46 AM  1000     87335    0.00    0.00    0.00    0.00    0.00     2      0.00      0.00   11344    5436   0.02  bash
02:45:46 AM     0     89981    0.00    0.00    0.00    0.00    0.00     1      0.00      0.00       0       0   0.00  kworker/1:1-pm
02:45:46 AM     0     95050    0.00    0.00    0.00    0.00    0.00     2      0.00      0.00       0       0   0.00  kworker/2:0-events
02:45:46 AM     0     96173    0.00    0.00    0.00    0.00    0.00     1      0.00      0.00       0       0   0.00  kworker/1:2-pm
02:45:46 AM     0     99494    0.00    0.00    0.00    0.00    0.00     3      0.00      0.00       0       0   0.00  kworker/u16:3-events_unbound
02:45:46 AM     0    107801    0.00    0.00    0.00    0.00    0.00     1      0.00      0.00       0       0   0.00  kworker/1:2H
02:45:46 AM     0    122883    0.00    1.00    0.00    0.00    1.00     2      0.00      0.00       0       0   0.00  kworker/u16:2-events_unbound
02:45:46 AM     0    123203    0.00    0.00    0.00    0.00    0.00     3      0.00      0.00       0       0   0.00  kworker/3:2H
02:45:46 AM     0    124025    0.00    0.00    0.00    0.00    0.00     2      0.00      0.00       0       0   0.00  kworker/2:0H
02:45:46 AM     0    130503    0.00    0.00    0.00    0.00    0.00     0      0.00      0.00       0       0   0.00  kworker/0:0H
02:45:46 AM     0    130577    0.00    0.00    0.00    0.00    0.00     0      0.00      0.00       0       0   0.00  kworker/0:1-events
02:45:46 AM     0    130584    0.00    0.00    0.00    0.00    0.00     2      0.00      0.00   14768    7576   0.02  sshd
02:45:46 AM  1000    130628    1.00    2.00    0.00    2.00    3.00     1      0.00      0.00   16676    7816   0.02  sshd
02:45:46 AM  1000    130629    0.00    0.00    0.00    0.00    0.00     3      0.00      0.00   11344    5436   0.02  bash
02:45:46 AM  1000    130765    1.00    0.00    0.00    0.00    1.00     0      0.00      0.00  283948   43148   0.14  roslaunch
02:45:46 AM  1000    130773    0.00    0.00    0.00    0.00    0.00     0      0.00      0.00  797980   45664   0.14  rosmaster
02:45:46 AM  1000    130783    0.00    0.00    0.00    0.00    0.00     3      0.00      0.00  274964   10152   0.03  rosout
02:45:46 AM  1000    130790   73.00   80.00    0.00   25.00  153.00     3      0.00      0.00 34790064  692460   2.18  scale_truck_con
02:45:46 AM  1000    130791   30.00   66.00    0.00    1.00   96.00     1      0.00      0.00 1571432  113560   0.36  LRC
02:45:46 AM  1000    130854   10.00    5.00    0.00    0.00   15.00     1      0.00      0.00  724884   72408   0.23  python3
02:45:46 AM     0    131985    0.00    0.00    0.00    0.00    0.00     2      0.00      0.00       0       0   0.00  kworker/2:1H
02:45:46 AM     0    132214    0.00    0.00    0.00    0.00    0.00     1      0.00      0.00       0       0   0.00  kworker/1:1H
02:45:46 AM     0    133801    0.00    0.00    0.00    0.00    0.00     0      0.00      0.00       0       0   0.00  kworker/0:0-events
02:45:46 AM     0    137289    0.00    0.00    0.00    0.00    0.00     1      0.00      0.00       0       0   0.00  kworker/1:3
02:45:46 AM  1000    137686    0.00    0.00    0.00    0.00    0.00     1      0.00      0.00    7828     564   0.00  timeout
02:45:46 AM  1000    137689    0.00    0.00    0.00    0.00    0.00     1      0.00      0.00    9208    3064   0.01  bash
02:45:46 AM  1000    137690    0.00    0.00    0.00    0.00    0.00     3      0.00      0.00   68712   43028   0.14  rosbag
02:45:46 AM  1000    137878   18.00   26.00    0.00    0.00   44.00     2      0.00      0.00 1172828   25488   0.08  record
02:45:46 AM  1000    137884    0.00    0.00    0.00    0.00    0.00     1      0.00      0.00   68692   43012   0.14  rosbag
02:45:46 AM  1000    138038    6.00   12.00    0.00   13.00   18.00     0      0.00      0.00   17716   10256   0.03  pidstat
02:45:46 AM  1000    138084    2.00    8.00    0.00    7.00   10.00     2      0.00      0.00  365380   27232   0.09  play

# Time        UID       PID    %usr %system  %guest   %wait    %CPU   CPU  minflt/s  majflt/s     VSZ     RSS   %MEM  Command
02:45:47 AM     0         1    0.00    0.00    0.00    0.00    0.00     0      0.00      0.00  169880   11540   0.04  systemd
02:45:47 AM     0         2    0.00    0.00    0.00    0.00    0.00     1      0.00      0.00       0       0   0.00  kthreadd
02:45:47 AM     0         3    0.00    0.00    0.00    0.00    0.00     0      0.00      0.00       0       0   0.00  rcu_gp
02:45:47 AM     0         4    0.00    0.00    0.00    0.00    0.00     0      0.00      0.00       0       0   0.00  rcu_par_gp
02:45:47 AM     0         8    0.00    0.00    0.00    0.00    0.00     0      0.00      0.00       0       0   0.00  mm_percpu_wq
02:45:47 AM     0         9    0.00    0.00    0.00    0.00    0.00     0      0.00      0.00       0       0   0.00  rcu_tasks_kthre
02:45:47 AM     0        10    0.00    0.00    0.00    0.00    0.00     0      0.00      0.00       0       0   0.00  rcu_tasks_rude_
02:45:47 AM     0        11    0.00    0.00    0.00    0.00    0.00     0      0.00      0.00       0       0   0.00  rcu_tasks_trace
02:45:47 AM     0        12    0.00    0.00    0.00    1.00    0.00     0      0.00      0.00       0       0   0.00  ksoftirqd/0
02:45:47 AM     0        13    0.00    0.00    0.00    0.00    0.00     2      0.00      0.00       0       0   0.00  rcu_preempt
02:45:47 AM     0        14    0.00    0.00    0.00    0.00    0.00     0      0.00      0.00       0       0   0.00  migration/0
02:45:47 AM     0        16    0.00    0.00    0.00    0.00    0.00     0      0.00      0.00       0       0   0.00  cpuhp/0
02:45:47 AM     0        17    0.00    0.00    0.00    0.00    0.00     1      0.00      0.00       0       0   0.00  cpuhp/1
02:45:47 AM     0        18    0.00    0.00    0.00    0.00    0.00     1      0.00      0.00       0       0   0.00  migration/1
02:45:47 AM     0        19    0.00    0.00    0.00    0.00    0.00     1      0.00      0.00       0       0   0.00  ksoftirqd/1
02:45:47 AM     0        22    0.00    0.00    0.00    0.00    0.00     2      0.00      0.00       0       0   0.00  cpuhp/2
02:45:47 AM     0        23    0.00    0.00    0.00    0.00    0.00     2      0.00      0.00       0       0   0.00  migration/2
02:45:47 AM     0        24    0.00    0.00    0.00    0.00    0.00     2      0.00      0.00       0       0   0.00  ksoftirqd/2
02:45:47 AM     0        27    0.00    0.00    0.00    0.00    0.00     3      0.00      0.00       0       0   0.00  cpuhp/3
02:45:47 AM     0        28    0.00    0.00    0.00    0.00    0.00     3      0.00      0.00       0       0   0.00  migration/3
02:45:47 AM     0        29    0.00    0.00    0.00    0.00    0.00     3      0.00      0.00       0       0   0.00  ksoftirqd/3
02:45:47 AM     0        32    0.00    0.00    0.00    0.00    0.00     4      0.00      0.00       0       0   0.00  cpuhp/4
02:45:47 AM     0        33    0.00    0.00    0.00    0.00    0.00     4      0.00      0.00       0       0   0.00  migration/4
02:45:47 AM     0        34    0.00    0.00    0.00    0.00    0.00     4      0.00      0.00       0       0   0.00  ksoftirqd/4
02:45:47 AM     0        36    0.00    0.00    0.00    0.00    0.00     4      0.00      0.00       0       0   0.00  kworker/4:0H-kblockd
02:45:47 AM     0        37    0.00    0.00    0.00    0.00    0.00     5      0.00      0.00       0       0   0.00  cpuhp/5
02:45:47 AM     0        38    0.00    0.00    0.00    0.00    0.00     5      0.00      0.00       0       0   0.00  migration/5
02:45:47 AM     0        39    0.00    0.00    0.00    0.00    0.00     5      0.00      0.00       0       0   0.00  ksoftirqd/5
02:45:47 AM     0        41    0.00    0.00    0.00    0.00    0.00     5      0.00      0.00       0       0   0.00  kworker/5:0H-kblockd
02:45:47 AM     0        42    0.00    0.00    0.00    0.00    0.00     6      0.00      0.00       0       0   0.00  cpuhp/6
02:45:47 AM     0        43    0.00    0.00    0.00    0.00    0.00     6      0.00      0.00       0       0   0.00  migration/6
02:45:47 AM     0        44    0.00    0.00    0.00    0.00    0.00     6      0.00      0.00       0       0   0.00  ksoftirqd/6
02:45:47 AM     0        46    0.00    0.00    0.00    0.00    0.00     6      0.00      0.00       0       0   0.00  kworker/6:0H-events_highpri
02:45:47 AM     0        47    0.00    0.00    0.00    0.00    0.00     7      0.00      0.00       0       0   0.00  cpuhp/7
02:45:47 AM     0        48    0.00    0.00    0.00    0.00    0.00     7      0.00      0.00       0       0   0.00  migration/7
02:45:47 AM     0        49    0.00    0.00    0.00    0.00    0.00     7      0.00      0.00       0       0   0.00  ksoftirqd/7
02:45:47 AM     0        50    0.00    0.00    0.00    0.00    0.00     0      0.00      0.00       0       0   0.00  kworker/7:0-rcu_gp
02:45:47 AM     0        51    0.00    0.00    0.00    0.00    0.00     7      0.00      0.00       0       0   0.00  kworker/7:0H-kblockd
02:45:47 AM     0        52    0.00    0.00    0.00    0.00    0.00     0      0.00      0.00       0       0   0.00  kdevtmpfs
02:45:47 AM     0        53    0.00    0.00    0.00    0.00    0.00     4      0.00      0.00       0       0   0.00  netns
02:45:47 AM     0        54    0.00    0.00    0.00    0.00    0.00     1      0.00      0.00       0       0   0.00  kauditd
02:45:47 AM     0        55    0.00    0.00    0.00    0.00    0.00     0      0.00      0.00       0       0   0.00  irq/87-mc_statu
02:45:47 AM     0        56    0.00    0.00    0.00    0.00    0.00     2      0.00      0.00       0       0   0.00  khungtaskd
02:45:47 AM     0        57    0.00    0.00    0.00    0.00    0.00     3      0.00      0.00       0       0   0.00  oom_reaper
02:45:47 AM     0        58    0.00    0.00    0.00    0.00    0.00     5      0.00      0.00       0       0   0.00  writeback
02:45:47 AM     0        59    0.00    0.00    0.00    0.00    0.00     3      0.00      0.00       0       0   0.00  kcompactd0
02:45:47 AM     0        60    0.00    0.00    0.00    0.00    0.00     1      0.00      0.00       0       0   0.00  ksmd
02:45:47 AM     0        61    0.00    0.00    0.00    0.00    0.00     2      0.00      0.00       0       0   0.00  khugepaged
02:45:47 AM     0        93    0.00    0.00    0.00    0.00    0.00     1      0.00      0.00       0       0   0.00  kintegrityd
02:45:47 AM     0        94    0.00    0.00    0.00    0.00    0.00     1      0.00      0.00       0       0   0.00  kblockd
02:45:47 AM     0        95    0.00    0.00    0.00    0.00    0.00     1      0.00      0.00       0       0   0.00  blkcg_punt_bio
02:45:47 AM     0        97    0.00    0.00    0.00    0.00    0.00     3      0.00      0.00       0       0   0.00  tpm_dev_wq
02:45:47 AM     0        98    0.00    0.00    0.00    0.00    0.00     0      0.00      0.00       0       0   0.00  irq/197-30c0000
02:45:47 AM     0        99    0.00    0.00    0.00    0.00    0.00     1      0.00      0.00       0       0   0.00  devfreq_wq
02:45:47 AM     0       100    0.00    0.00    0.00    0.00    0.00     1      0.00      0.00       0       0   0.00  watchdogd
02:45:47 AM     0       104    0.00    0.00    0.00    0.00    0.00     7      0.00      0.00       0       0   0.00  rpciod
02:45:47 AM     0       106    0.00    0.00    0.00    0.00    0.00     7      0.00      0.00       0       0   0.00  xprtiod
02:45:47 AM     0       108    0.00    0.00    0.00    0.00    0.00     7      0.00      0.00       0       0   0.00  kswapd0
02:45:47 AM     0       109    0.00    0.00    0.00    0.00    0.00     5      0.00      0.00       0       0   0.00  nfsiod
02:45:47 AM     0       112    0.00    0.00    0.00    0.00    0.00     1      0.00      0.00       0       0   0.00  kthrotld
02:45:47 AM     0       113    0.00    0.00    0.00    0.00    0.00     7      0.00      0.00       0       0   0.00  kpcitest
02:45:47 AM     0       116    0.00    0.00    0.00    0.00    0.00     5      0.00      0.00       0       0   0.00  kworker/5:1-events
02:45:47 AM     0       122    0.00    0.00    0.00    0.00    0.00     1      0.00      0.00       0       0   0.00  nvme-wq
02:45:47 AM     0       123    0.00    0.00    0.00    0.00    0.00     5      0.00      0.00       0       0   0.00  nvme-reset-wq
02:45:47 AM     0       124    0.00    0.00    0.00    0.00    0.00     6      0.00      0.00       0       0   0.00  nvme-delete-wq
02:45:47 AM     0       125    0.00    0.00    0.00    0.00    0.00     6      0.00      0.00       0       0   0.00  uas
02:45:47 AM     0       126    0.00    0.00    0.00    0.00    0.00     0      0.00      0.00       0       0   0.00  irq/222-tegra_r
02:45:47 AM     0       127    0.00    0.00    0.00    0.00    0.00     0      0.00      0.00       0       0   0.00  kworker/7:2-events
02:45:47 AM     0       129    0.00    0.00    0.00    0.00    0.00     0      0.00      0.00       0       0   0.00  irq/86-tegra-oc
02:45:47 AM     0       130    0.00    0.00    0.00    0.00    0.00     5      0.00      0.00       0       0   0.00  dm_bufio_cache
02:45:47 AM     0       131    0.00    0.00    0.00    0.00    0.00     0      0.00      0.00       0       0   0.00  irq/223-max7762
02:45:47 AM     0       140    0.00    0.00    0.00    0.00    0.00     0      0.00      0.00       0       0   0.00  irq/55-bc00000.
02:45:47 AM     0       143    0.00    0.00    0.00    0.00    0.00     0      0.00      0.00       0       0   0.00  ipv6_addrconf
02:45:47 AM     0       144    0.00    0.00    0.00    0.00    0.00     6      0.00      0.00       0       0   0.00  krfcommd
02:45:47 AM     0       145    0.00    0.00    0.00    0.00    0.00     0      0.00      0.00       0       0   0.00  kstrp
02:45:47 AM     0       150    0.00    0.00    0.00    0.00    0.00     0      0.00      0.00       0       0   0.00  irq/24-tegra-pc
02:45:47 AM     0       154    0.00    0.00    0.00    0.00    0.00     0      0.00      0.00       0       0   0.00  irq/26-tegra-pc
02:45:47 AM     0       160    0.00    0.00    0.00    0.00    0.00     0      0.00      0.00       0       0   0.00  irq/26-aerdrv
02:45:47 AM     0       161    0.00    0.00    0.00    0.00    0.00     0      0.00      0.00       0       0   0.00  irq/28-tegra-pc
02:45:47 AM     0       162    0.00    0.00    0.00    0.00    0.00     0      0.00      0.00       0       0   0.00  irq/28-aerdrv
02:45:47 AM     0       163    0.00    0.00    0.00    0.00    0.00     5      0.00      0.00       0       0   0.00  host_low_prio_w
02:45:47 AM     0       164    0.00    0.00    0.00    0.00    0.00     0      0.00      0.00       0       0   0.00  irq/57-host_syn
02:45:47 AM     0       165    0.00    0.00    0.00    0.00    0.00     0      0.00      0.00       0       0   0.00  irq/58-host_sta
02:45:47 AM     0       173    0.00    0.00    0.00    0.00    0.00     5      0.00      0.00       0       0   0.00  pva_task_status
02:45:47 AM     0       174    0.00    0.00    0.00    0.00    0.00     0      0.00      0.00       0       0   0.00  irq/75-pva-isr
02:45:47 AM     0       175    0.00    0.00    0.00    0.00    0.00     0      0.00      0.00       0       0   0.00  pva_task_status
02:45:47 AM     0       176    0.00    0.00    0.00    0.00    0.00     0      0.00      0.00       0       0   0.00  irq/76-pva-isr
02:45:47 AM     0       185    0.00    0.00    0.00    0.00    0.00     0      0.00      0.00       0       0   0.00  sdhci
02:45:47 AM     0       186    0.00    0.00    0.00    0.00    0.00     0      0.00      0.00       0       0   0.00  irq/39-mmc0
02:45:47 AM     0       187    0.00    0.00    0.00    0.00    0.00     2      0.00      0.00       0       0   0.00  sdhci
02:45:47 AM     0       189    0.00    0.00    0.00    0.00    0.00     0      0.00      0.00       0       0   0.00  irq/40-mmc1
02:45:47 AM     0       195    0.00    0.00    0.00    0.00    0.00     7      0.00      0.00       0       0   0.00  scsi_eh_0
02:45:47 AM     0       196    0.00    0.00    0.00    0.00    0.00     7      0.00      0.00       0       0   0.00  scsi_tmf_0
02:45:47 AM     0       197    0.00    0.00    0.00    0.00    0.00     0      0.00      0.00       0       0   0.00  kworker/5:2-events
02:45:47 AM     0       198    0.00    0.00    0.00    0.00    0.00     0      0.00      0.00       0       0   0.00  irq/67-15200000
02:45:47 AM     0       199    0.00    0.00    0.00    0.00    0.00     1      0.00      0.00       0       0   0.00  tegradc.0/a
02:45:47 AM     0       200    0.00    0.00    0.00    0.00    0.00     0      0.00      0.00       0       0   0.00  tegradc.0/b
02:45:47 AM     0       201    0.00    0.00    0.00    0.00    0.00     0      0.00      0.00       0       0   0.00  tegradc.0/c
02:45:47 AM     0       202    0.00    0.00    0.00    0.00    0.00     0      0.00      0.00       0       0   0.00  tegradc.0/d
02:45:47 AM     0       203    0.00    0.00    0.00    0.00    0.00     0      0.00      0.00       0       0   0.00  tegradc.0/e
02:45:47 AM     0       204    0.00    0.00    0.00    0.00    0.00     0      0.00      0.00       0       0   0.00  tegradc.0/f
02:45:47 AM     0       205    0.00    0.00    0.00    0.00    0.00     0      0.00      0.00       0       0   0.00  tegradc.0/sl
02:45:47 AM     0       206    0.00    0.00    0.00    0.00    0.00     0      0.00      0.00       0       0   0.00  irq/62-15200000
02:45:47 AM     0       207    0.00    0.00    0.00    0.00    0.00     0      0.00      0.00       0       0   0.00  irq/276-3400000
02:45:47 AM     0       208    0.00    0.00    0.00    0.00    0.00     0      0.00      0.00       0       0   0.00  ufs_eh_wq_0
02:45:47 AM     0       209    0.00    0.00    0.00    0.00    0.00     3      0.00      0.00       0       0   0.00  mmc_complete
02:45:47 AM     0       211    0.00    0.00    0.00    0.00    0.00     0      0.00      0.00       0       0   0.00  irq/278-1520000
02:45:47 AM     0       212    0.00    0.00    0.00    0.00    0.00     0      0.00      0.00       0       0   0.00  irq/203-3610000
02:45:47 AM     0       213    0.00    0.00    0.00    0.00    0.00     0      0.00      0.00       0       0   0.00  irq/221-3610000
02:45:47 AM     0       214    0.00    0.00    0.00    0.00    0.00     0      0.00      0.00       0       0   0.00  irq/30-tegra-pc
02:45:47 AM     0       216    0.00    0.00    0.00    0.00    0.00     0      0.00      0.00       0       0   0.00  kworker/4:3-events
02:45:47 AM     0       218    0.00    0.00    0.00    0.00    0.00     4      0.00      0.00       0       0   0.00  kworker/4:5-events
02:45:47 AM     0       221    0.00    0.00    0.00    0.00    0.00     0      0.00      0.00       0       0   0.00  kworker/6:12-events
02:45:47 AM     0       222    0.00    0.00    0.00    0.00    0.00     0      0.00      0.00       0       0   0.00  kworker/6:13-events
02:45:47 AM     0       225    0.00    0.00    0.00    0.00    0.00     0      0.00      0.00       0       0   0.00  irq/68-tegra_dp
02:45:47 AM     0       226    0.00    0.00    0.00    0.00    0.00     0      0.00      0.00       0       0   0.00  irq/65-15210000
02:45:47 AM     0       227    0.00    0.00    0.00    0.00    0.00     0      0.00      0.00       0       0   0.00  tegradc.1/a
02:45:47 AM     0       228    0.00    0.00    0.00    0.00    0.00     0      0.00      0.00       0       0   0.00  tegradc.1/b
02:45:47 AM     0       229    0.00    0.00    0.00    0.00    0.00     0      0.00      0.00       0       0   0.00  tegradc.1/c
02:45:47 AM     0       230    0.00    0.00    0.00    0.00    0.00     0      0.00      0.00       0       0   0.00  tegradc.1/d
02:45:47 AM     0       231    0.00    0.00    0.00    0.00    0.00     0      0.00      0.00       0       0   0.00  tegradc.1/e
02:45:47 AM     0       232    0.00    0.00    0.00    0.00    0.00     0      0.00      0.00       0       0   0.00  tegradc.1/f
02:45:47 AM     0       233    0.00    0.00    0.00    0.00    0.00     1      0.00      0.00       0       0   0.00  tegradc.1/sl
02:45:47 AM     0       234    0.00    0.00    0.00    0.00    0.00     0      0.00      0.00       0       0   0.00  irq/63-15210000
02:45:47 AM     0       249    0.00    0.00    0.00    0.00    0.00     0      0.00      0.00       0       0   0.00  irq/56-d230000.
02:45:47 AM     0       250    0.00    0.00    0.00    0.00    0.00     0      0.00      0.00       0       0   0.00  irq/69-tegra_dp
02:45:47 AM     0       251    0.00    0.00    0.00    0.00    0.00     0      0.00      0.00       0       0   0.00  irq/66-15220000
02:45:47 AM     0       252    0.00    0.00    0.00    0.00    0.00     0      0.00      0.00       0       0   0.00  tegradc.2/a
02:45:47 AM     0       253    0.00    0.00    0.00    0.00    0.00     0      0.00      0.00       0       0   0.00  tegradc.2/b
02:45:47 AM     0       254    0.00    0.00    0.00    0.00    0.00     0      0.00      0.00       0       0   0.00  tegradc.2/c
02:45:47 AM     0       255    0.00    0.00    0.00    0.00    0.00     0      0.00      0.00       0       0   0.00  tegradc.2/d
02:45:47 AM     0       256    0.00    0.00    0.00    0.00    0.00     0      0.00      0.00       0       0   0.00  tegradc.2/e
02:45:47 AM     0       257    0.00    0.00    0.00    0.00    0.00     0      0.00      0.00       0       0   0.00  tegradc.2/f
02:45:47 AM     0       258    0.00    0.00    0.00    0.00    0.00     0      0.00      0.00       0       0   0.00  tegradc.2/sl
02:45:47 AM     0       259    0.00    0.00    0.00    0.00    0.00     0      0.00      0.00       0       0   0.00  irq/64-15220000
02:45:47 AM     0       275    0.00    0.00    0.00    0.00    0.00     0      0.00      0.00       0       0   0.00  jbd2/mmcblk0p1-
02:45:47 AM     0       276    0.00    0.00    0.00    0.00    0.00     3      0.00      0.00       0       0   0.00  ext4-rsv-conver
02:45:47 AM     0       280    0.00    0.00    0.00    0.00    0.00     7      0.00      0.00       0       0   0.00  kworker/7:1H
02:45:47 AM     0       286    0.00    0.00    0.00    0.00    0.00     5      0.00      0.00       0       0   0.00  kworker/5:1H-kblockd
02:45:47 AM     0       312    0.00    0.00    0.00    0.00    0.00     1      0.00      0.00   61816   31808   0.10  systemd-journal
02:45:47 AM     0       338    0.00    4.00    0.00   22.00    4.00     2      0.00      0.00       0       0   0.00  nvmap-bz
02:45:47 AM     0       339    0.00    0.00    0.00    0.00    0.00     0      0.00      0.00       0       0   0.00  irq/204-gk20a_s
02:45:47 AM     0       340    0.00    0.00    0.00    0.00    0.00     0      0.00      0.00       0       0   0.00  irq/205-gk20a_n
02:45:47 AM     0       345    0.00    0.00    0.00    0.00    0.00     3      0.00      0.00    2776    1492   0.00  tee-supplicant
02:45:47 AM     0       347    0.00    0.00    0.00    0.00    0.00     3      0.00      0.00       0       0   0.00  optee_bus_scan
02:45:47 AM     0       358    0.00    0.00    0.00    0.00    0.00     3      0.00      0.00   22788    7532   0.02  systemd-udevd
02:45:47 AM     0       364    0.00    0.00    0.00    0.00    0.00     1      0.00      0.00    7948    4892   0.02  haveged
02:45:47 AM   126       365    0.00    0.00    0.00    0.00    0.00     3      0.00      0.00    7136    3108   0.01  rpcbind
02:45:47 AM   105       366    0.00    0.00    0.00    0.00    0.00     1      0.00      0.00   25592   13288   0.04  systemd-resolve
02:45:47 AM   103       367    0.00    0.00    0.00    0.00    0.00     1      0.00      0.00   90672    6220   0.02  systemd-timesyn
02:45:47 AM     0       407    0.00    0.00    0.00    0.00    0.00     5      0.00      0.00       0       0   0.00  cfg80211
02:45:47 AM     0       410    0.00    0.00    0.00    0.00    0.00     0      0.00      0.00       0       0   0.00  irq/42-3210000.
02:45:47 AM     0       412    0.00    0.00    0.00    0.00    0.00     2      0.00      0.00       0       0   0.00  spi0
02:45:47 AM     0       413    0.00   16.00    0.00    0.00   16.00     1      0.00      0.00       0       0   0.00  irq/282-iwlwifi
02:45:47 AM     0       416    0.00    0.00    0.00    0.00    0.00     4      0.00      0.00       0       0   0.00  ata_sff
02:45:47 AM     0       419    0.00    0.00    0.00    0.00    0.00     0      0.00      0.00       0       0   0.00  irq/43-c260000.
02:45:47 AM     0       420    0.00    0.00    0.00    0.00    0.00     6      0.00      0.00       0       0   0.00  scsi_eh_1
02:45:47 AM     0       422    0.00    0.00    0.00    0.00    0.00     6      0.00      0.00       0       0   0.00  scsi_tmf_1
02:45:47 AM     0       427    0.00    0.00    0.00    0.00    0.00     0      0.00      0.00       0       0   0.00  spi1
02:45:47 AM     0       430    0.00    0.00    0.00    0.00    0.00     3      0.00      0.00  242072    8880   0.03  accounts-daemon
02:45:47 AM   120       439    0.00    0.00    0.00    0.00    0.00     1      0.00      0.00    7084    3472   0.01  avahi-daemon
02:45:47 AM     0       441    0.00    0.00    0.00    0.00    0.00     3      0.00      0.00    9220    2516   0.01  cron
02:45:47 AM   106       443    0.00    0.00    0.00    0.00    0.00     3      0.00      0.00    9396    5264   0.02  dbus-daemon
02:45:47 AM     0       447    0.00    0.00    0.00    0.00    0.00     0      0.00      0.00  341244   20856   0.07  NetworkManager
02:45:47 AM     0       456    0.00    0.00    0.00    0.00    0.00     4      0.00      0.00   38300   19472   0.06  networkd-dispat
02:45:47 AM     0       473    0.00    0.00    0.00    0.00    0.00     2      0.00      0.00  238860   13352   0.04  polkitd
02:45:47 AM   125       483    0.00    0.00    0.00    0.00    0.00     3      0.00      0.00  220940    8288   0.03  rsyslogd
02:45:47 AM     0       503    0.00    0.00    0.00    0.00    0.00     2      0.00      0.00  235864    4364   0.01  switcheroo-cont
02:45:47 AM     0       514    0.00    0.00    0.00    0.00    0.00     2      0.00      0.00   17076    6760   0.02  systemd-logind
02:45:47 AM     0       523    0.00    0.00    0.00    0.00    0.00     1      0.00      0.00  395556   15676   0.05  udisksd
02:45:47 AM     0       528    0.00    0.00    0.00    0.00    0.00     1      0.00      0.00   12784    8052   0.03  wpa_supplicant
02:45:47 AM     0       548    0.00    0.00    0.00    0.00    0.00     0      0.00      0.00       0       0   0.00  sugov:0
02:45:47 AM   120       555    0.00    0.00    0.00    0.00    0.00     2      0.00      0.00    6896     324   0.00  avahi-daemon
02:45:47 AM     0       585    0.00    0.00    0.00    0.00    0.00     5      0.00      0.00       0       0   0.00  tmp451
02:45:47 AM     0       597    0.00    0.00    0.00    0.00    0.00     3      0.00      0.00       0       0   0.00  irq/286-1-0008
02:45:47 AM     0       600    0.00    0.00    0.00    0.00    0.00     2      0.00      0.00  321792   14480   0.05  ModemManager
02:45:47 AM     0       653    0.00    0.00    0.00    0.00    0.00     0      0.00      0.00    2476     604   0.00  nvfancontrol
02:45:47 AM     0       728    0.00    0.00    0.00    0.00    0.00     4      0.00      0.00       0       0   0.00  adspp_kthread
02:45:47 AM     0       779    0.00    0.00    0.00    0.00    0.00     6      0.00      0.00       0       0   0.00  kworker/6:2H-kblockd
02:45:47 AM     0       876    0.00    0.00    0.00    0.00    0.00     1      0.00      0.00       0       0   0.00  irq/289-2490000
02:45:47 AM     0       887    0.00    0.00    0.00    0.00    0.00     0      0.00      0.00       0       0   0.00  irq/32-eth0.com
02:45:47 AM     0       919    0.00    0.00    0.00    0.00    0.00     4      0.00      0.00       0       0   0.00  file-storage
02:45:47 AM     0       953    0.00    0.00    0.00    0.00    0.00     1      0.00      0.00       0       0   0.00  loop0
02:45:47 AM     0      1048    0.00    0.00    0.00    0.00    0.00     4      0.00      0.00       0       0   0.00  kworker/4:2H-kblockd
02:45:47 AM     0      1091    0.00    0.00    0.00    0.00    0.00     3      0.00      0.00       0       0   0.00  cryptd
02:45:47 AM     0      1147    0.00    0.00    0.00    0.00    0.00     2      0.00      0.00       0       0   0.00  sw-quiesce
02:45:47 AM     0      1148    0.00    0.00    0.00    0.00    0.00     1      0.00      0.00       0       0   0.00  nvgpu_channel_p
02:45:47 AM     0      1151    0.00    0.00    0.00    0.00    0.00     1      0.00      0.00       0       0   0.00  nvgpu_nvs_gv11b
02:45:47 AM     0      1153    0.00    0.00    0.00    0.00    0.00     0      0.00      0.00       0       0   0.00  nvgpu_pg_init_g
02:45:47 AM     0      1157    0.00    0.00    0.00    0.00    0.00     2      0.00      0.00       0       0   0.00  nvgpu_clk_arb_p
02:45:47 AM     0      1162    0.00    0.00    0.00    0.00    0.00     3      0.00      0.00       0       0   0.00  irq/288-rt5659
02:45:47 AM     0      1270    0.00    0.00    0.00    0.00    0.00     3      0.00      0.00   55688   11092   0.03  nvargus-daemon
02:45:47 AM     0      1273    0.00    0.00    0.00    0.00    0.00     3      0.00      0.00   21932    1552   0.00  nvs-service
02:45:47 AM     0      1298    0.00    0.00    0.00    0.00    0.00     1      0.00      0.00 2007972   50424   0.16  containerd
02:45:47 AM     0      1314    0.00    0.00    0.00    0.00    0.00     0      0.00      0.00  240032    7616   0.02  gdm3
02:45:47 AM   108      1326    0.00    0.00    0.00    0.00    0.00     2      0.00      0.00   11468    1896   0.01  kerneloops
02:45:47 AM     0      1327    0.00    0.00    0.00    0.00    0.00     3      0.00      0.00   12236    6576   0.02  sshd
02:45:47 AM     0      1336    0.00    0.00    0.00    0.00    0.00     0      0.00      0.00    7688    1876   0.01  agetty
02:45:47 AM     0      1337    0.00    0.00    0.00    0.00    0.00     2      0.00      0.00    7688    1904   0.01  agetty
02:45:47 AM   108      1339    0.00    0.00    0.00    0.00    0.00     0      0.00      0.00   11468    1820   0.01  kerneloops
02:45:47 AM     0      1340    0.00    0.00    0.00    0.00    0.00     3      0.00      0.00    9216    2824   0.01  nvgetty.sh
02:45:47 AM     0      1379    0.00    0.00    0.00    0.00    0.00     0      0.00      0.00    7688    1848   0.01  getty
02:45:47 AM     0      1554    0.00    0.00    0.00    0.00    0.00     2      0.00      0.00 2111796   85472   0.27  dockerd
02:45:47 AM     0      1677    0.00    0.00    0.00    0.00    0.00     1      0.00      0.00  168472    8256   0.03  gdm-session-wor
02:45:47 AM     0      1711    0.00    0.00    0.00    0.00    0.00     0      0.00      0.00    3248     808   0.00  nvphsd
02:45:47 AM     0      1716    0.00    0.00    0.00    0.00    0.00     3      0.00      0.00    3380    1788   0.01  nvphsd
02:45:47 AM   124      1789    0.00    0.00    0.00    0.00    0.00     3      0.00      0.00   19144    9224   0.03  systemd
02:45:47 AM   124      1804    0.00    0.00    0.00    0.00    0.00     3      0.00      0.00  104488    5436   0.02  (sd-pam)
02:45:47 AM   124      2014    0.00    0.00    0.00    0.00    0.00     0      0.00      0.00  961884   21984   0.07  pulseaudio
02:45:47 AM   124      2032    0.00    0.00    0.00    0.00    0.00     2      0.00      0.00  164156    5924   0.02  gdm-x-session
02:45:47 AM   124      2037    0.00    0.00    0.00    0.00    0.00     1      0.00      0.00 25330232   99256   0.31  Xorg
02:45:47 AM   118      2040    0.00    0.00    0.00    0.00    0.00     1      0.00      0.00  152516    2440   0.01  rtkit-daemon
02:45:47 AM   124      2162    0.00    0.00    0.00    0.00    0.00     2      0.00      0.00    7812    3448   0.01  dbus-daemon
02:45:47 AM   124      2428    0.00    0.00    0.00    0.00    0.00     0      0.00      0.00    4776    1164   0.00  dbus-run-sessio
02:45:47 AM   124      2429    0.00    0.00    0.00    0.00    0.00     2      0.00      0.00    8088    4104   0.01  dbus-daemon
02:45:47 AM   124      2438    0.00    0.00    0.00    0.00    0.00     2      0.00      0.00  559768   14932   0.05  gnome-session-b
02:45:47 AM     0      2457    0.00    0.00    0.00    0.00    0.00     2      0.00      0.00  101692   19628   0.06  jtop
02:45:47 AM   124      2463    0.00    0.00    0.00    0.00    0.00     3      0.00      0.00  309548   10092   0.03  at-spi-bus-laun
02:45:47 AM   124      2470    0.00    0.00    0.00    0.00    0.00     1      0.00      0.00    7676    3468   0.01  dbus-daemon
02:45:47 AM   124      2495    0.00    0.00    0.00    0.00    0.00     1      0.00      0.00 4022996  194908   0.61  gnome-shell
02:45:47 AM     0      2510    0.00    0.00    0.00    0.00    0.00     1      0.00      0.00  175424   16904   0.05  jtop
02:45:47 AM     0      2518    0.00    0.00    0.00    0.00    0.00     2      0.00      0.00  101692   17160   0.05  jtop
02:45:47 AM   124      2696    0.00    0.00    0.00    0.00    0.00     0      0.00      0.00  314420   11212   0.04  ibus-daemon
02:45:47 AM   124      2699    0.00    0.00    0.00    0.00    0.00     2      0.00      0.00  239960   11792   0.04  ibus-dconf
02:45:47 AM   124      2701    0.00    0.00    0.00    0.00    0.00     2      0.00      0.00  189920   16900   0.05  ibus-x11
02:45:47 AM   124      2704    0.00    0.00    0.00    0.00    0.00     3      0.00      0.00  239880    7776   0.02  ibus-portal
02:45:47 AM   124      2715    0.00    0.00    0.00    0.00    0.00     1      0.00      0.00  161420    6880   0.02  at-spi2-registr
02:45:47 AM   124      2719    0.00    0.00    0.00    0.00    0.00     3      0.00      0.00  235804    4672   0.01  xdg-permission-
02:45:47 AM     0      2725    0.00    0.00    0.00    0.00    0.00     3      0.00      0.00  252944    8776   0.03  upowerd
02:45:47 AM   124      2745    0.00    0.00    0.00    0.00    0.00     2      0.00      0.00 3001620   27244   0.09  gjs
02:45:47 AM   124      2764    0.00    0.00    0.00    0.00    0.00     2      0.00      0.00  469396   14236   0.04  gsd-sharing
02:45:47 AM   124      2765    0.00    0.00    0.00    0.00    0.00     1      0.00      0.00  334628   15072   0.05  gsd-wacom
02:45:47 AM   124      2768    0.00    0.00    0.00    0.00    0.00     2      0.00      0.00  571788   19844   0.06  gsd-color
02:45:47 AM   124      2772    0.00    0.00    0.00    0.00    0.00     3      0.00      0.00  338096   17824   0.06  gsd-keyboard
02:45:47 AM   124      2774    0.00    0.00    0.00    0.00    0.00     2      0.00      0.00  322508   11376   0.04  gsd-print-notif
02:45:47 AM   124      2779    0.00    0.00    0.00    0.00    0.00     3      0.00      0.00  166208    7736   0.02  ibus-engine-sim
02:45:47 AM   124      2780    0.00    0.00    0.00    0.00    0.00     1      0.00      0.00  457460    7996   0.03  gsd-rfkill
02:45:47 AM   124      2782    0.00    0.00    0.00    0.00    0.00     1      0.00      0.00  391976    9696   0.03  gsd-smartcard
02:45:47 AM   124      2784    0.00    0.00    0.00    0.00    0.00     2      0.00      0.00  374928   15372   0.05  gsd-datetime
02:45:47 AM   124      2790    0.00    0.00    0.00    0.00    0.00     3      0.00      0.00  679696   20032   0.06  gsd-media-keys
02:45:47 AM   124      2791    0.00    0.00    0.00    0.00    0.00     3      0.00      0.00  235772    5600   0.02  gsd-screensaver
02:45:47 AM   124      2793    0.00    0.00    0.00    0.00    0.00     3      0.00      0.00  320104    9452   0.03  gsd-sound
02:45:47 AM   124      2795    0.00    0.00    0.00    0.00    0.00     3      0.00      0.00  313652   10144   0.03  gsd-a11y-settin
02:45:47 AM   124      2799    0.00    0.00    0.00    0.00    0.00     2      0.00      0.00  313992   10540   0.03  gsd-housekeepin
02:45:47 AM   124      2802    0.00    0.00    0.00    0.00    0.00     1      0.00      0.00  339724   18828   0.06  gsd-power
02:45:47 AM   124      2824    0.00    0.00    0.00    0.00    0.00     2      0.00      0.00  342540   12784   0.04  gsd-printer
02:45:47 AM   119      2837    0.00    0.00    0.00    0.00    0.00     2      0.00      0.00  249328   17548   0.06  colord
02:45:47 AM     0     29120    0.00    0.00    0.00    0.00    0.00     3      0.00      0.00       0       0   0.00  kworker/u17:2
02:45:47 AM     0     33852    0.00    0.00    0.00    0.00    0.00     1      0.00      0.00       0       0   0.00  kworker/1:0H-kblockd
02:45:47 AM     0     35048    0.00    0.00    0.00    0.00    0.00     0      0.00      0.00       0       0   0.00  kworker/u17:0-thermal_fan_est
02:45:47 AM  1000     39960    0.00    0.00    0.00    0.00    0.00     2      0.00      0.00   19248    9208   0.03  systemd
02:45:47 AM  1000     39961    0.00    0.00    0.00    0.00    0.00     2      0.00      0.00  170940    6304   0.02  (sd-pam)
02:45:47 AM  1000     40037    0.00    0.00    0.00    0.00    0.00     3      0.00      0.00    7812    3952   0.01  dbus-daemon
02:45:47 AM     0     40147    0.00    0.00    0.00    0.00    0.00     1      0.00      0.00       0       0   0.00  kworker/1:0-events
02:45:47 AM     0     40174    0.00    0.00    0.00    0.00    0.00     2      0.00      0.00       0       0   0.00  kworker/2:2H-kblockd
02:45:47 AM     0     40194    0.00    0.00    0.00    0.00    0.00     3      0.00      0.00       0       0   0.00  kworker/3:0H-kblockd
02:45:47 AM     0     41650    0.00    0.00    0.00    0.00    0.00     3      0.00      0.00       0       0   0.00  kworker/3:0-events
02:45:47 AM     0     43913    0.00    0.00    0.00    0.00    0.00     2      0.00      0.00   14768    7560   0.02  sshd
02:45:47 AM  1000     43958    0.00    0.00    0.00    0.00    0.00     0      0.00      0.00   15292    6400   0.02  sshd
02:45:47 AM  1000     43959    0.00    0.00    0.00    0.00    0.00     1      0.00      0.00   11344    5444   0.02  bash
02:45:47 AM     0     50050    0.00    0.00    0.00    0.00    0.00     2      0.00      0.00   14768    7572   0.02  sshd
02:45:47 AM  1000     50094    0.00    0.00    0.00    0.00    0.00     3      0.00      0.00   15292    6428   0.02  sshd
02:45:47 AM  1000     50095    0.00    0.00    0.00    0.00    0.00     2      0.00      0.00   11344    5448   0.02  bash
02:45:47 AM     0     81462    0.00    0.00    0.00    0.00    0.00     2      0.00      0.00       0       0   0.00  kworker/2:2-events
02:45:47 AM     0     81478    0.00    0.00    0.00    0.00    0.00     0      0.00      0.00       0       0   0.00  kworker/0:1H-kblockd
02:45:47 AM  1000     84840    0.00    0.00    0.00    0.00    0.00     3      0.00      0.00  240176   10088   0.03  gnome-keyring-d
02:45:47 AM   124     84900    0.00    0.00    0.00    0.00    0.00     1      0.00      0.00  156240    4584   0.01  dconf-service
02:45:47 AM     0     85427    0.00    0.00    0.00    0.00    0.00     0      0.00      0.00       0       0   0.00  kworker/0:2-events
02:45:47 AM     0     86310    0.00    0.00    0.00    0.00    0.00     0      0.00      0.00       0       0   0.00  kworker/u16:1-events_unbound
02:45:47 AM     0     86312    0.00    0.00    0.00    0.00    0.00     3      0.00      0.00   14768    7564   0.02  sshd
02:45:47 AM  1000     86356    0.00    0.00    0.00    0.00    0.00     0      0.00      0.00   15292    6380   0.02  sshd
02:45:47 AM  1000     86357    0.00    0.00    0.00    0.00    0.00     1      0.00      0.00   11344    5440   0.02  bash
02:45:47 AM     0     86549    0.00    0.00    0.00    0.00    0.00     2      0.00      0.00   14768    7664   0.02  sshd
02:45:47 AM  1000     86593    1.00    2.00    0.00    2.00    3.00     0      0.00      0.00   15292    6480   0.02  sshd
02:45:47 AM  1000     86594    0.00    0.00    0.00    0.00    0.00     3      0.00      0.00   11860    5896   0.02  bash
02:45:47 AM     0     86632    0.00    0.00    0.00    0.00    0.00     3      0.00      0.00       0       0   0.00  kworker/3:2
02:45:47 AM     0     87290    0.00    0.00    0.00    0.00    0.00     0      0.00      0.00   14768    7584   0.02  sshd
02:45:47 AM  1000     87334    0.00    0.00    0.00    0.00    0.00     0      0.00      0.00   15292    6412   0.02  sshd
02:45:47 AM  1000     87335    0.00    0.00    0.00    0.00    0.00     2      0.00      0.00   11344    5436   0.02  bash
02:45:47 AM     0     89981    0.00    0.00    0.00    0.00    0.00     1      0.00      0.00       0       0   0.00  kworker/1:1-events
02:45:47 AM     0     95050    0.00    0.00    0.00    0.00    0.00     2      0.00      0.00       0       0   0.00  kworker/2:0-events
02:45:47 AM     0     96173    0.00    0.00    0.00    0.00    0.00     1      0.00      0.00       0       0   0.00  kworker/1:2-events
02:45:47 AM     0     99494    0.00    0.00    0.00    0.00    0.00     3      0.00      0.00       0       0   0.00  kworker/u16:3-events_unbound
02:45:47 AM     0    107801    0.00    0.00    0.00    0.00    0.00     1      0.00      0.00       0       0   0.00  kworker/1:2H
02:45:47 AM     0    122883    0.00    0.00    0.00    0.00    0.00     0      0.00      0.00       0       0   0.00  kworker/u16:2-events_unbound
02:45:47 AM     0    123203    0.00    0.00    0.00    0.00    0.00     3      0.00      0.00       0       0   0.00  kworker/3:2H
02:45:47 AM     0    124025    0.00    0.00    0.00    0.00    0.00     2      0.00      0.00       0       0   0.00  kworker/2:0H
02:45:47 AM     0    130503    0.00    0.00    0.00    0.00    0.00     0      0.00      0.00       0       0   0.00  kworker/0:0H
02:45:47 AM     0    130577    0.00    0.00    0.00    0.00    0.00     0      0.00      0.00       0       0   0.00  kworker/0:1-events
02:45:47 AM     0    130584    0.00    0.00    0.00    0.00    0.00     2      0.00      0.00   14768    7576   0.02  sshd
02:45:47 AM  1000    130628    0.00    3.00    0.00    1.00    3.00     1      0.00      0.00   16676    7816   0.02  sshd
02:45:47 AM  1000    130629    0.00    0.00    0.00    0.00    0.00     3      0.00      0.00   11344    5436   0.02  bash
02:45:47 AM  1000    130765    0.00    0.00    0.00    0.00    0.00     1      0.00      0.00  283948   43148   0.14  roslaunch
02:45:47 AM  1000    130773    0.00    0.00    0.00    0.00    0.00     0      0.00      0.00  797980   45664   0.14  rosmaster
02:45:47 AM  1000    130783    0.00    0.00    0.00    1.00    0.00     3      0.00      0.00  274964   10152   0.03  rosout
02:45:47 AM  1000    130790   72.00   78.00    0.00   19.00  150.00     1      0.00      0.00 34790064  692460   2.18  scale_truck_con
02:45:47 AM  1000    130791   26.00   64.00    0.00    0.00   90.00     0      0.00      0.00 1571432  113560   0.36  LRC
02:45:47 AM  1000    130854    8.00    5.00    0.00    0.00   13.00     1      0.00      0.00  724884   72408   0.23  python3
02:45:47 AM     0    131985    0.00    0.00    0.00    0.00    0.00     2      0.00      0.00       0       0   0.00  kworker/2:1H
02:45:47 AM     0    132214    0.00    0.00    0.00    0.00    0.00     1      0.00      0.00       0       0   0.00  kworker/1:1H
02:45:47 AM     0    133801    0.00    0.00    0.00    0.00    0.00     0      0.00      0.00       0       0   0.00  kworker/0:0-events
02:45:47 AM     0    137289    0.00    0.00    0.00    0.00    0.00     1      0.00      0.00       0       0   0.00  kworker/1:3
02:45:47 AM  1000    137686    0.00    0.00    0.00    0.00    0.00     1      0.00      0.00    7828     564   0.00  timeout
02:45:47 AM  1000    137689    0.00    0.00    0.00    0.00    0.00     1      0.00      0.00    9208    3064   0.01  bash
02:45:47 AM  1000    137690    0.00    0.00    0.00    0.00    0.00     3      0.00      0.00   68712   43028   0.14  rosbag
02:45:47 AM  1000    137878   11.00   26.00    0.00    0.00   37.00     2      0.00      0.00 1172828   25488   0.08  record
02:45:47 AM  1000    137884    0.00    0.00    0.00    0.00    0.00     1      0.00      0.00   68692   43012   0.14  rosbag
02:45:47 AM  1000    138038    4.00   13.00    0.00   19.00   17.00     0      0.00      0.00   17716   10256   0.03  pidstat
02:45:47 AM  1000    138084    4.00    6.00    0.00    9.00   10.00     1      0.00      0.00  365380   27232   0.09  play

# Time        UID       PID    %usr %system  %guest   %wait    %CPU   CPU  minflt/s  majflt/s     VSZ     RSS   %MEM  Command
02:45:48 AM     0         1    0.00    0.00    0.00    0.00    0.00     0      0.00      0.00  169880   11540   0.04  systemd
02:45:48 AM     0         2    0.00    0.00    0.00    0.00    0.00     1      0.00      0.00       0       0   0.00  kthreadd
02:45:48 AM     0         3    0.00    0.00    0.00    0.00    0.00     0      0.00      0.00       0       0   0.00  rcu_gp
02:45:48 AM     0         4    0.00    0.00    0.00    0.00    0.00     0      0.00      0.00       0       0   0.00  rcu_par_gp
02:45:48 AM     0         8    0.00    0.00    0.00    0.00    0.00     0      0.00      0.00       0       0   0.00  mm_percpu_wq
02:45:48 AM     0         9    0.00    0.00    0.00    0.00    0.00     0      0.00      0.00       0       0   0.00  rcu_tasks_kthre
02:45:48 AM     0        10    0.00    0.00    0.00    0.00    0.00     0      0.00      0.00       0       0   0.00  rcu_tasks_rude_
02:45:48 AM     0        11    0.00    0.00    0.00    0.00    0.00     0      0.00      0.00       0       0   0.00  rcu_tasks_trace
02:45:48 AM     0        12    0.00    0.00    0.00    0.00    0.00     0      0.00      0.00       0       0   0.00  ksoftirqd/0
02:45:48 AM     0        13    0.00    1.00    0.00    0.00    1.00     3      0.00      0.00       0       0   0.00  rcu_preempt
02:45:48 AM     0        14    0.00    0.00    0.00    0.00    0.00     0      0.00      0.00       0       0   0.00  migration/0
02:45:48 AM     0        16    0.00    0.00    0.00    0.00    0.00     0      0.00      0.00       0       0   0.00  cpuhp/0
02:45:48 AM     0        17    0.00    0.00    0.00    0.00    0.00     1      0.00      0.00       0       0   0.00  cpuhp/1
02:45:48 AM     0        18    0.00    0.00    0.00    0.00    0.00     1      0.00      0.00       0       0   0.00  migration/1
02:45:48 AM     0        19    0.00    0.00    0.00    0.00    0.00     1      0.00      0.00       0       0   0.00  ksoftirqd/1
02:45:48 AM     0        22    0.00    0.00    0.00    0.00    0.00     2      0.00      0.00       0       0   0.00  cpuhp/2
02:45:48 AM     0        23    0.00    0.00    0.00    0.00    0.00     2      0.00      0.00       0       0   0.00  migration/2
02:45:48 AM     0        24    0.00    0.00    0.00    0.00    0.00     2      0.00      0.00       0       0   0.00  ksoftirqd/2
02:45:48 AM     0        27    0.00    0.00    0.00    0.00    0.00     3      0.00      0.00       0       0   0.00  cpuhp/3
02:45:48 AM     0        28    0.00    0.00    0.00    0.00    0.00     3      0.00      0.00       0       0   0.00  migration/3
02:45:48 AM     0        29    0.00    0.00    0.00    0.00    0.00     3      0.00      0.00       0       0   0.00  ksoftirqd/3
02:45:48 AM     0        32    0.00    0.00    0.00    0.00    0.00     4      0.00      0.00       0       0   0.00  cpuhp/4
02:45:48 AM     0        33    0.00    0.00    0.00    0.00    0.00     4      0.00      0.00       0       0   0.00  migration/4
02:45:48 AM     0        34    0.00    0.00    0.00    0.00    0.00     4      0.00      0.00       0       0   0.00  ksoftirqd/4
02:45:48 AM     0        36    0.00    0.00    0.00    0.00    0.00     4      0.00      0.00       0       0   0.00  kworker/4:0H-kblockd
02:45:48 AM     0        37    0.00    0.00    0.00    0.00    0.00     5      0.00      0.00       0       0   0.00  cpuhp/5
02:45:48 AM     0        38    0.00    0.00    0.00    0.00    0.00     5      0.00      0.00       0       0   0.00  migration/5
02:45:48 AM     0        39    0.00    0.00    0.00    0.00    0.00     5      0.00      0.00       0       0   0.00  ksoftirqd/5
02:45:48 AM     0        41    0.00    0.00    0.00    0.00    0.00     5      0.00      0.00       0       0   0.00  kworker/5:0H-kblockd
02:45:48 AM     0        42    0.00    0.00    0.00    0.00    0.00     6      0.00      0.00       0       0   0.00  cpuhp/6
02:45:48 AM     0        43    0.00    0.00    0.00    0.00    0.00     6      0.00      0.00       0       0   0.00  migration/6
02:45:48 AM     0        44    0.00    0.00    0.00    0.00    0.00     6      0.00      0.00       0       0   0.00  ksoftirqd/6
02:45:48 AM     0        46    0.00    0.00    0.00    0.00    0.00     6      0.00      0.00       0       0   0.00  kworker/6:0H-events_highpri
02:45:48 AM     0        47    0.00    0.00    0.00    0.00    0.00     7      0.00      0.00       0       0   0.00  cpuhp/7
02:45:48 AM     0        48    0.00    0.00    0.00    0.00    0.00     7      0.00      0.00       0       0   0.00  migration/7
02:45:48 AM     0        49    0.00    0.00    0.00    0.00    0.00     7      0.00      0.00       0       0   0.00  ksoftirqd/7
02:45:48 AM     0        50    0.00    0.00    0.00    0.00    0.00     0      0.00      0.00       0       0   0.00  kworker/7:0-rcu_gp
02:45:48 AM     0        51    0.00    0.00    0.00    0.00    0.00     7      0.00      0.00       0       0   0.00  kworker/7:0H-kblockd
02:45:48 AM     0        52    0.00    0.00    0.00    0.00    0.00     0      0.00      0.00       0       0   0.00  kdevtmpfs
02:45:48 AM     0        53    0.00    0.00    0.00    0.00    0.00     4      0.00      0.00       0       0   0.00  netns
02:45:48 AM     0        54    0.00    0.00    0.00    0.00    0.00     1      0.00      0.00       0       0   0.00  kauditd
02:45:48 AM     0        55    0.00    0.00    0.00    0.00    0.00     0      0.00      0.00       0       0   0.00  irq/87-mc_statu
02:45:48 AM     0        56    0.00    0.00    0.00    0.00    0.00     2      0.00      0.00       0       0   0.00  khungtaskd
02:45:48 AM     0        57    0.00    0.00    0.00    0.00    0.00     3      0.00      0.00       0       0   0.00  oom_reaper
02:45:48 AM     0        58    0.00    0.00    0.00    0.00    0.00     5      0.00      0.00       0       0   0.00  writeback
02:45:48 AM     0        59    0.00    0.00    0.00    0.00    0.00     3      0.00      0.00       0       0   0.00  kcompactd0
02:45:48 AM     0        60    0.00    0.00    0.00    0.00    0.00     1      0.00      0.00       0       0   0.00  ksmd
02:45:48 AM     0        61    0.00    0.00    0.00    0.00    0.00     2      0.00      0.00       0       0   0.00  khugepaged
02:45:48 AM     0        93    0.00    0.00    0.00    0.00    0.00     1      0.00      0.00       0       0   0.00  kintegrityd
02:45:48 AM     0        94    0.00    0.00    0.00    0.00    0.00     1      0.00      0.00       0       0   0.00  kblockd
02:45:48 AM     0        95    0.00    0.00    0.00    0.00    0.00     1      0.00      0.00       0       0   0.00  blkcg_punt_bio
02:45:48 AM     0        97    0.00    0.00    0.00    0.00    0.00     3      0.00      0.00       0       0   0.00  tpm_dev_wq
02:45:48 AM     0        98    0.00    0.00    0.00    0.00    0.00     0      0.00      0.00       0       0   0.00  irq/197-30c0000
02:45:48 AM     0        99    0.00    0.00    0.00    0.00    0.00     1      0.00      0.00       0       0   0.00  devfreq_wq
02:45:48 AM     0       100    0.00    0.00    0.00    0.00    0.00     1      0.00      0.00       0       0   0.00  watchdogd
02:45:48 AM     0       104    0.00    0.00    0.00    0.00    0.00     7      0.00      0.00       0       0   0.00  rpciod
02:45:48 AM     0       106    0.00    0.00    0.00    0.00    0.00     7      0.00      0.00       0       0   0.00  xprtiod
02:45:48 AM     0       108    0.00    0.00    0.00    0.00    0.00     7      0.00      0.00       0       0   0.00  kswapd0
02:45:48 AM     0       109    0.00    0.00    0.00    0.00    0.00     5      0.00      0.00       0       0   0.00  nfsiod
02:45:48 AM     0       112    0.00    0.00    0.00    0.00    0.00     1      0.00      0.00       0       0   0.00  kthrotld
02:45:48 AM     0       113    0.00    0.00    0.00    0.00    0.00     7      0.00      0.00       0       0   0.00  kpcitest
02:45:48 AM     0       116    0.00    0.00    0.00    0.00    0.00     5      0.00      0.00       0       0   0.00  kworker/5:1-events
02:45:48 AM     0       122    0.00    0.00    0.00    0.00    0.00     1      0.00      0.00       0       0   0.00  nvme-wq
02:45:48 AM     0       123    0.00    0.00    0.00    0.00    0.00     5      0.00      0.00       0       0   0.00  nvme-reset-wq
02:45:48 AM     0       124    0.00    0.00    0.00    0.00    0.00     6      0.00      0.00       0       0   0.00  nvme-delete-wq
02:45:48 AM     0       125    0.00    0.00    0.00    0.00    0.00     6      0.00      0.00       0       0   0.00  uas
02:45:48 AM     0       126    0.00    0.00    0.00    0.00    0.00     0      0.00      0.00       0       0   0.00  irq/222-tegra_r
02:45:48 AM     0       127    0.00    0.00    0.00    0.00    0.00     0      0.00      0.00       0       0   0.00  kworker/7:2-events
02:45:48 AM     0       129    0.00    0.00    0.00    0.00    0.00     0      0.00      0.00       0       0   0.00  irq/86-tegra-oc
02:45:48 AM     0       130    0.00    0.00    0.00    0.00    0.00     5      0.00      0.00       0       0   0.00  dm_bufio_cache
02:45:48 AM     0       131    0.00    0.00    0.00    0.00    0.00     0      0.00      0.00       0       0   0.00  irq/223-max7762
02:45:48 AM     0       140    0.00    0.00    0.00    0.00    0.00     0      0.00      0.00       0       0   0.00  irq/55-bc00000.
02:45:48 AM     0       143    0.00    0.00    0.00    0.00    0.00     0      0.00      0.00       0       0   0.00  ipv6_addrconf
02:45:48 AM     0       144    0.00    0.00    0.00    0.00    0.00     6      0.00      0.00       0       0   0.00  krfcommd
02:45:48 AM     0       145    0.00    0.00    0.00    0.00    0.00     0      0.00      0.00       0       0   0.00  kstrp
02:45:48 AM     0       150    0.00    0.00    0.00    0.00    0.00     0      0.00      0.00       0       0   0.00  irq/24-tegra-pc
02:45:48 AM     0       154    0.00    0.00    0.00    0.00    0.00     0      0.00      0.00       0       0   0.00  irq/26-tegra-pc
02:45:48 AM     0       160    0.00    0.00    0.00    0.00    0.00     0      0.00      0.00       0       0   0.00  irq/26-aerdrv
02:45:48 AM     0       161    0.00    0.00    0.00    0.00    0.00     0      0.00      0.00       0       0   0.00  irq/28-tegra-pc
02:45:48 AM     0       162    0.00    0.00    0.00    0.00    0.00     0      0.00      0.00       0       0   0.00  irq/28-aerdrv
02:45:48 AM     0       163    0.00    0.00    0.00    0.00    0.00     5      0.00      0.00       0       0   0.00  host_low_prio_w
02:45:48 AM     0       164    0.00    1.00    0.00    0.00    1.00     0      0.00      0.00       0       0   0.00  irq/57-host_syn
02:45:48 AM     0       165    0.00    0.00    0.00    0.00    0.00     0      0.00      0.00       0       0   0.00  irq/58-host_sta
02:45:48 AM     0       173    0.00    0.00    0.00    0.00    0.00     5      0.00      0.00       0       0   0.00  pva_task_status
02:45:48 AM     0       174    0.00    0.00    0.00    0.00    0.00     0      0.00      0.00       0       0   0.00  irq/75-pva-isr
02:45:48 AM     0       175    0.00    0.00    0.00    0.00    0.00     0      0.00      0.00       0       0   0.00  pva_task_status
02:45:48 AM     0       176    0.00    0.00    0.00    0.00    0.00     0      0.00      0.00       0       0   0.00  irq/76-pva-isr
02:45:48 AM     0       185    0.00    0.00    0.00    0.00    0.00     0      0.00      0.00       0       0   0.00  sdhci
02:45:48 AM     0       186    0.00    0.00    0.00    0.00    0.00     0      0.00      0.00       0       0   0.00  irq/39-mmc0
02:45:48 AM     0       187    0.00    0.00    0.00    0.00    0.00     2      0.00      0.00       0       0   0.00  sdhci
02:45:48 AM     0       189    0.00    0.00    0.00    0.00    0.00     0      0.00      0.00       0       0   0.00  irq/40-mmc1
02:45:48 AM     0       195    0.00    0.00    0.00    0.00    0.00     7      0.00      0.00       0       0   0.00  scsi_eh_0
02:45:48 AM     0       196    0.00    0.00    0.00    0.00    0.00     7      0.00      0.00       0       0   0.00  scsi_tmf_0
02:45:48 AM     0       197    0.00    0.00    0.00    0.00    0.00     0      0.00      0.00       0       0   0.00  kworker/5:2-events
02:45:48 AM     0       198    0.00    0.00    0.00    0.00    0.00     0      0.00      0.00       0       0   0.00  irq/67-15200000
02:45:48 AM     0       199    0.00    0.00    0.00    0.00    0.00     1      0.00      0.00       0       0   0.00  tegradc.0/a
02:45:48 AM     0       200    0.00    0.00    0.00    0.00    0.00     0      0.00      0.00       0       0   0.00  tegradc.0/b
02:45:48 AM     0       201    0.00    0.00    0.00    0.00    0.00     0      0.00      0.00       0       0   0.00  tegradc.0/c
02:45:48 AM     0       202    0.00    0.00    0.00    0.00    0.00     0      0.00      0.00       0       0   0.00  tegradc.0/d
02:45:48 AM     0       203    0.00    0.00    0.00    0.00    0.00     0      0.00      0.00       0       0   0.00  tegradc.0/e
02:45:48 AM     0       204    0.00    0.00    0.00    0.00    0.00     0      0.00      0.00       0       0   0.00  tegradc.0/f
02:45:48 AM     0       205    0.00    0.00    0.00    0.00    0.00     0      0.00      0.00       0       0   0.00  tegradc.0/sl
02:45:48 AM     0       206    0.00    0.00    0.00    0.00    0.00     0      0.00      0.00       0       0   0.00  irq/62-15200000
02:45:48 AM     0       207    0.00    0.00    0.00    0.00    0.00     0      0.00      0.00       0       0   0.00  irq/276-3400000
02:45:48 AM     0       208    0.00    0.00    0.00    0.00    0.00     0      0.00      0.00       0       0   0.00  ufs_eh_wq_0
02:45:48 AM     0       209    0.00    0.00    0.00    0.00    0.00     3      0.00      0.00       0       0   0.00  mmc_complete
02:45:48 AM     0       211    0.00    0.00    0.00    0.00    0.00     0      0.00      0.00       0       0   0.00  irq/278-1520000
02:45:48 AM     0       212    0.00    0.00    0.00    0.00    0.00     0      0.00      0.00       0       0   0.00  irq/203-3610000
02:45:48 AM     0       213    0.00    0.00    0.00    0.00    0.00     0      0.00      0.00       0       0   0.00  irq/221-3610000
02:45:48 AM     0       214    0.00    0.00    0.00    0.00    0.00     0      0.00      0.00       0       0   0.00  irq/30-tegra-pc
02:45:48 AM     0       216    0.00    0.00    0.00    0.00    0.00     0      0.00      0.00       0       0   0.00  kworker/4:3-events
02:45:48 AM     0       218    0.00    0.00    0.00    0.00    0.00     4      0.00      0.00       0       0   0.00  kworker/4:5-events
02:45:48 AM     0       221    0.00    0.00    0.00    0.00    0.00     0      0.00      0.00       0       0   0.00  kworker/6:12-events
02:45:48 AM     0       222    0.00    0.00    0.00    0.00    0.00     0      0.00      0.00       0       0   0.00  kworker/6:13-events
02:45:48 AM     0       225    0.00    0.00    0.00    0.00    0.00     0      0.00      0.00       0       0   0.00  irq/68-tegra_dp
02:45:48 AM     0       226    0.00    0.00    0.00    0.00    0.00     0      0.00      0.00       0       0   0.00  irq/65-15210000
02:45:48 AM     0       227    0.00    0.00    0.00    0.00    0.00     0      0.00      0.00       0       0   0.00  tegradc.1/a
02:45:48 AM     0       228    0.00    0.00    0.00    0.00    0.00     0      0.00      0.00       0       0   0.00  tegradc.1/b
02:45:48 AM     0       229    0.00    0.00    0.00    0.00    0.00     0      0.00      0.00       0       0   0.00  tegradc.1/c
02:45:48 AM     0       230    0.00    0.00    0.00    0.00    0.00     0      0.00      0.00       0       0   0.00  tegradc.1/d
02:45:48 AM     0       231    0.00    0.00    0.00    0.00    0.00     0      0.00      0.00       0       0   0.00  tegradc.1/e
02:45:48 AM     0       232    0.00    0.00    0.00    0.00    0.00     0      0.00      0.00       0       0   0.00  tegradc.1/f
02:45:48 AM     0       233    0.00    0.00    0.00    0.00    0.00     1      0.00      0.00       0       0   0.00  tegradc.1/sl
02:45:48 AM     0       234    0.00    0.00    0.00    0.00    0.00     0      0.00      0.00       0       0   0.00  irq/63-15210000
02:45:48 AM     0       249    0.00    0.00    0.00    0.00    0.00     0      0.00      0.00       0       0   0.00  irq/56-d230000.
02:45:48 AM     0       250    0.00    0.00    0.00    0.00    0.00     0      0.00      0.00       0       0   0.00  irq/69-tegra_dp
02:45:48 AM     0       251    0.00    0.00    0.00    0.00    0.00     0      0.00      0.00       0       0   0.00  irq/66-15220000
02:45:48 AM     0       252    0.00    0.00    0.00    0.00    0.00     0      0.00      0.00       0       0   0.00  tegradc.2/a
02:45:48 AM     0       253    0.00    0.00    0.00    0.00    0.00     0      0.00      0.00       0       0   0.00  tegradc.2/b
02:45:48 AM     0       254    0.00    0.00    0.00    0.00    0.00     0      0.00      0.00       0       0   0.00  tegradc.2/c
02:45:48 AM     0       255    0.00    0.00    0.00    0.00    0.00     0      0.00      0.00       0       0   0.00  tegradc.2/d
02:45:48 AM     0       256    0.00    0.00    0.00    0.00    0.00     0      0.00      0.00       0       0   0.00  tegradc.2/e
02:45:48 AM     0       257    0.00    0.00    0.00    0.00    0.00     0      0.00      0.00       0       0   0.00  tegradc.2/f
02:45:48 AM     0       258    0.00    0.00    0.00    0.00    0.00     0      0.00      0.00       0       0   0.00  tegradc.2/sl
02:45:48 AM     0       259    0.00    0.00    0.00    0.00    0.00     0      0.00      0.00       0       0   0.00  irq/64-15220000
02:45:48 AM     0       275    0.00    0.00    0.00    0.00    0.00     0      0.00      0.00       0       0   0.00  jbd2/mmcblk0p1-
02:45:48 AM     0       276    0.00    0.00    0.00    0.00    0.00     3      0.00      0.00       0       0   0.00  ext4-rsv-conver
02:45:48 AM     0       280    0.00    0.00    0.00    0.00    0.00     7      0.00      0.00       0       0   0.00  kworker/7:1H
02:45:48 AM     0       286    0.00    0.00    0.00    0.00    0.00     5      0.00      0.00       0       0   0.00  kworker/5:1H-kblockd
02:45:48 AM     0       312    0.00    0.00    0.00    0.00    0.00     1      0.00      0.00   61816   31808   0.10  systemd-journal
02:45:48 AM     0       338    0.00    4.00    0.00   14.00    4.00     3      0.00      0.00       0       0   0.00  nvmap-bz
02:45:48 AM     0       339    0.00    0.00    0.00    0.00    0.00     0      0.00      0.00       0       0   0.00  irq/204-gk20a_s
02:45:48 AM     0       340    0.00    0.00    0.00    0.00    0.00     0      0.00      0.00       0       0   0.00  irq/205-gk20a_n
02:45:48 AM     0       345    0.00    0.00    0.00    0.00    0.00     3      0.00      0.00    2776    1492   0.00  tee-supplicant
02:45:48 AM     0       347    0.00    0.00    0.00    0.00    0.00     3      0.00      0.00       0       0   0.00  optee_bus_scan
02:45:48 AM     0       358    0.00    0.00    0.00    0.00    0.00     3      0.00      0.00   22788    7532   0.02  systemd-udevd
02:45:48 AM     0       364    0.00    0.00    0.00    0.00    0.00     1      0.00      0.00    7948    4892   0.02  haveged
02:45:48 AM   126       365    0.00    0.00    0.00    0.00    0.00     3      0.00      0.00    7136    3108   0.01  rpcbind
02:45:48 AM   105       366    0.00    0.00    0.00    0.00    0.00     1      0.00      0.00   25592   13288   0.04  systemd-resolve
02:45:48 AM   103       367    0.00    0.00    0.00    0.00    0.00     1      0.00      0.00   90672    6220   0.02  systemd-timesyn
02:45:48 AM     0       407    0.00    0.00    0.00    0.00    0.00     5      0.00      0.00       0       0   0.00  cfg80211
02:45:48 AM     0       410    0.00    0.00    0.00    0.00    0.00     0      0.00      0.00       0       0   0.00  irq/42-3210000.
02:45:48 AM     0       412    0.00    0.00    0.00    0.00    0.00     2      0.00      0.00       0       0   0.00  spi0
02:45:48 AM     0       413    0.00   14.00    0.00    0.00   14.00     1      0.00      0.00       0       0   0.00  irq/282-iwlwifi
02:45:48 AM     0       416    0.00    0.00    0.00    0.00    0.00     4      0.00      0.00       0       0   0.00  ata_sff
02:45:48 AM     0       419    0.00    0.00    0.00    0.00    0.00     0      0.00      0.00       0       0   0.00  irq/43-c260000.
02:45:48 AM     0       420    0.00    0.00    0.00    0.00    0.00     6      0.00      0.00       0       0   0.00  scsi_eh_1
02:45:48 AM     0       422    0.00    0.00    0.00    0.00    0.00     6      0.00      0.00       0       0   0.00  scsi_tmf_1
02:45:48 AM     0       427    0.00    0.00    0.00    0.00    0.00     0      0.00      0.00       0       0   0.00  spi1
02:45:48 AM     0       430    0.00    0.00    0.00    0.00    0.00     3      0.00      0.00  242072    8880   0.03  accounts-daemon
02:45:48 AM   120       439    0.00    0.00    0.00    0.00    0.00     1      0.00      0.00    7084    3472   0.01  avahi-daemon
02:45:48 AM     0       441    0.00    0.00    0.00    0.00    0.00     3      0.00      0.00    9220    2516   0.01  cron
02:45:48 AM   106       443    0.00    0.00    0.00    0.00    0.00     3      0.00      0.00    9396    5264   0.02  dbus-daemon
02:45:48 AM     0       447    0.00    0.00    0.00    0.00    0.00     0      0.00      0.00  341244   20856   0.07  NetworkManager
02:45:48 AM     0       456    0.00    0.00    0.00    0.00    0.00     4      0.00      0.00   38300   19472   0.06  networkd-dispat
02:45:48 AM     0       473    0.00    0.00    0.00    0.00    0.00     2      0.00      0.00  238860   13352   0.04  polkitd
02:45:48 AM   125       483    0.00    0.00    0.00    0.00    0.00     3      0.00      0.00  220940    8288   0.03  rsyslogd
02:45:48 AM     0       503    0.00    0.00    0.00    0.00    0.00     2      0.00      0.00  235864    4364   0.01  switcheroo-cont
02:45:48 AM     0       514    0.00    0.00    0.00    0.00    0.00     2      0.00      0.00   17076    6760   0.02  systemd-logind
02:45:48 AM     0       523    0.00    0.00    0.00    0.00    0.00     1      0.00      0.00  395556   15676   0.05  udisksd
02:45:48 AM     0       528    0.00    0.00    0.00    0.00    0.00     1      0.00      0.00   12784    8052   0.03  wpa_supplicant
02:45:48 AM     0       548    0.00    0.00    0.00    0.00    0.00     0      0.00      0.00       0       0   0.00  sugov:0
02:45:48 AM   120       555    0.00    0.00    0.00    0.00    0.00     2      0.00      0.00    6896     324   0.00  avahi-daemon
02:45:48 AM     0       585    0.00    0.00    0.00    0.00    0.00     5      0.00      0.00       0       0   0.00  tmp451
02:45:48 AM     0       597    0.00    0.00    0.00    0.00    0.00     3      0.00      0.00       0       0   0.00  irq/286-1-0008
02:45:48 AM     0       600    0.00    0.00    0.00    0.00    0.00     2      0.00      0.00  321792   14480   0.05  ModemManager
02:45:48 AM     0       653    0.00    0.00    0.00    0.00    0.00     0      0.00      0.00    2476     604   0.00  nvfancontrol
02:45:48 AM     0       728    0.00    0.00    0.00    0.00    0.00     4      0.00      0.00       0       0   0.00  adspp_kthread
02:45:48 AM     0       779    0.00    0.00    0.00    0.00    0.00     6      0.00      0.00       0       0   0.00  kworker/6:2H-kblockd
02:45:48 AM     0       876    0.00    0.00    0.00    0.00    0.00     1      0.00      0.00       0       0   0.00  irq/289-2490000
02:45:48 AM     0       887    0.00    0.00    0.00    0.00    0.00     0      0.00      0.00       0       0   0.00  irq/32-eth0.com
02:45:48 AM     0       919    0.00    0.00    0.00    0.00    0.00     4      0.00      0.00       0       0   0.00  file-storage
02:45:48 AM     0       953    0.00    0.00    0.00    0.00    0.00     1      0.00      0.00       0       0   0.00  loop0
02:45:48 AM     0      1048    0.00    0.00    0.00    0.00    0.00     4      0.00      0.00       0       0   0.00  kworker/4:2H-kblockd
02:45:48 AM     0      1091    0.00    0.00    0.00    0.00    0.00     3      0.00      0.00       0       0   0.00  cryptd
02:45:48 AM     0      1147    0.00    0.00    0.00    0.00    0.00     2      0.00      0.00       0       0   0.00  sw-quiesce
02:45:48 AM     0      1148    0.00    0.00    0.00    0.00    0.00     2      0.00      0.00       0       0   0.00  nvgpu_channel_p
02:45:48 AM     0      1151    0.00    0.00    0.00    1.00    0.00     1      0.00      0.00       0       0   0.00  nvgpu_nvs_gv11b
02:45:48 AM     0      1153    0.00    0.00    0.00    0.00    0.00     0      0.00      0.00       0       0   0.00  nvgpu_pg_init_g
02:45:48 AM     0      1157    0.00    0.00    0.00    0.00    0.00     2      0.00      0.00       0       0   0.00  nvgpu_clk_arb_p
02:45:48 AM     0      1162    0.00    0.00    0.00    0.00    0.00     3      0.00      0.00       0       0   0.00  irq/288-rt5659
02:45:48 AM     0      1270    0.00    0.00    0.00    0.00    0.00     3      0.00      0.00   55688   11092   0.03  nvargus-daemon
02:45:48 AM     0      1273    0.00    0.00    0.00    0.00    0.00     3      0.00      0.00   21932    1552   0.00  nvs-service
02:45:48 AM     0      1298    0.00    0.00    0.00    0.00    0.00     1      0.00      0.00 2007972   50424   0.16  containerd
02:45:48 AM     0      1314    0.00    0.00    0.00    0.00    0.00     0      0.00      0.00  240032    7616   0.02  gdm3
02:45:48 AM   108      1326    0.00    0.00    0.00    0.00    0.00     2      0.00      0.00   11468    1896   0.01  kerneloops
02:45:48 AM     0      1327    0.00    0.00    0.00    0.00    0.00     3      0.00      0.00   12236    6576   0.02  sshd
02:45:48 AM     0      1336    0.00    0.00    0.00    0.00    0.00     0      0.00      0.00    7688    1876   0.01  agetty
02:45:48 AM     0      1337    0.00    0.00    0.00    0.00    0.00     2      0.00      0.00    7688    1904   0.01  agetty
02:45:48 AM   108      1339    0.00    0.00    0.00    0.00    0.00     0      0.00      0.00   11468    1820   0.01  kerneloops
02:45:48 AM     0      1340    0.00    0.00    0.00    0.00    0.00     3      0.00      0.00    9216    2824   0.01  nvgetty.sh
02:45:48 AM     0      1379    0.00    0.00    0.00    0.00    0.00     0      0.00      0.00    7688    1848   0.01  getty
02:45:48 AM     0      1554    0.00    0.00    0.00    0.00    0.00     2      0.00      0.00 2111796   85472   0.27  dockerd
02:45:48 AM     0      1677    0.00    0.00    0.00    0.00    0.00     1      0.00      0.00  168472    8256   0.03  gdm-session-wor
02:45:48 AM     0      1711    0.00    0.00    0.00    0.00    0.00     0      0.00      0.00    3248     808   0.00  nvphsd
02:45:48 AM     0      1716    0.00    0.00    0.00    0.00    0.00     3      0.00      0.00    3380    1788   0.01  nvphsd
02:45:48 AM   124      1789    0.00    0.00    0.00    0.00    0.00     3      0.00      0.00   19144    9224   0.03  systemd
02:45:48 AM   124      1804    0.00    0.00    0.00    0.00    0.00     3      0.00      0.00  104488    5436   0.02  (sd-pam)
02:45:48 AM   124      2014    0.00    0.00    0.00    0.00    0.00     0      0.00      0.00  961884   21984   0.07  pulseaudio
02:45:48 AM   124      2032    0.00    0.00    0.00    0.00    0.00     2      0.00      0.00  164156    5924   0.02  gdm-x-session
02:45:48 AM   124      2037    0.00    0.00    0.00    0.00    0.00     1      0.00      0.00 25330232   99256   0.31  Xorg
02:45:48 AM   118      2040    0.00    0.00    0.00    0.00    0.00     1      0.00      0.00  152516    2440   0.01  rtkit-daemon
02:45:48 AM   124      2162    0.00    0.00    0.00    0.00    0.00     2      0.00      0.00    7812    3448   0.01  dbus-daemon
02:45:48 AM   124      2428    0.00    0.00    0.00    0.00    0.00     0      0.00      0.00    4776    1164   0.00  dbus-run-sessio
02:45:48 AM   124      2429    0.00    0.00    0.00    0.00    0.00     2      0.00      0.00    8088    4104   0.01  dbus-daemon
02:45:48 AM   124      2438    0.00    0.00    0.00    0.00    0.00     2      0.00      0.00  559768   14932   0.05  gnome-session-b
02:45:48 AM     0      2457    0.00    0.00    0.00    0.00    0.00     2      0.00      0.00  101692   19628   0.06  jtop
02:45:48 AM   124      2463    0.00    0.00    0.00    0.00    0.00     3      0.00      0.00  309548   10092   0.03  at-spi-bus-laun
02:45:48 AM   124      2470    0.00    0.00    0.00    0.00    0.00     1      0.00      0.00    7676    3468   0.01  dbus-daemon
02:45:48 AM   124      2495    0.00    0.00    0.00    0.00    0.00     1      0.00      0.00 4022996  194908   0.61  gnome-shell
02:45:48 AM     0      2510    0.00    0.00    0.00    0.00    0.00     1      0.00      0.00  175424   16904   0.05  jtop
02:45:48 AM     0      2518    0.00    0.00    0.00    0.00    0.00     2      0.00      0.00  101692   17160   0.05  jtop
02:45:48 AM   124      2696    0.00    0.00    0.00    0.00    0.00     0      0.00      0.00  314420   11212   0.04  ibus-daemon
02:45:48 AM   124      2699    0.00    0.00    0.00    0.00    0.00     2      0.00      0.00  239960   11792   0.04  ibus-dconf
02:45:48 AM   124      2701    0.00    0.00    0.00    0.00    0.00     2      0.00      0.00  189920   16900   0.05  ibus-x11
02:45:48 AM   124      2704    0.00    0.00    0.00    0.00    0.00     3      0.00      0.00  239880    7776   0.02  ibus-portal
02:45:48 AM   124      2715    0.00    0.00    0.00    0.00    0.00     1      0.00      0.00  161420    6880   0.02  at-spi2-registr
02:45:48 AM   124      2719    0.00    0.00    0.00    0.00    0.00     3      0.00      0.00  235804    4672   0.01  xdg-permission-
02:45:48 AM     0      2725    0.00    0.00    0.00    0.00    0.00     3      0.00      0.00  252944    8776   0.03  upowerd
02:45:48 AM   124      2745    0.00    0.00    0.00    0.00    0.00     2      0.00      0.00 3001620   27244   0.09  gjs
02:45:48 AM   124      2764    0.00    0.00    0.00    0.00    0.00     2      0.00      0.00  469396   14236   0.04  gsd-sharing
02:45:48 AM   124      2765    0.00    0.00    0.00    0.00    0.00     1      0.00      0.00  334628   15072   0.05  gsd-wacom
02:45:48 AM   124      2768    0.00    0.00    0.00    0.00    0.00     2      0.00      0.00  571788   19844   0.06  gsd-color
02:45:48 AM   124      2772    0.00    0.00    0.00    0.00    0.00     3      0.00      0.00  338096   17824   0.06  gsd-keyboard
02:45:48 AM   124      2774    0.00    0.00    0.00    0.00    0.00     2      0.00      0.00  322508   11376   0.04  gsd-print-notif
02:45:48 AM   124      2779    0.00    0.00    0.00    0.00    0.00     3      0.00      0.00  166208    7736   0.02  ibus-engine-sim
02:45:48 AM   124      2780    0.00    0.00    0.00    0.00    0.00     1      0.00      0.00  457460    7996   0.03  gsd-rfkill
02:45:48 AM   124      2782    0.00    0.00    0.00    0.00    0.00     1      0.00      0.00  391976    9696   0.03  gsd-smartcard
02:45:48 AM   124      2784    0.00    0.00    0.00    0.00    0.00     2      0.00      0.00  374928   15372   0.05  gsd-datetime
02:45:48 AM   124      2790    0.00    0.00    0.00    0.00    0.00     3      0.00      0.00  679696   20032   0.06  gsd-media-keys
02:45:48 AM   124      2791    0.00    0.00    0.00    0.00    0.00     3      0.00      0.00  235772    5600   0.02  gsd-screensaver
02:45:48 AM   124      2793    0.00    0.00    0.00    0.00    0.00     3      0.00      0.00  320104    9452   0.03  gsd-sound
02:45:48 AM   124      2795    0.00    0.00    0.00    0.00    0.00     3      0.00      0.00  313652   10144   0.03  gsd-a11y-settin
02:45:48 AM   124      2799    0.00    0.00    0.00    0.00    0.00     2      0.00      0.00  313992   10540   0.03  gsd-housekeepin
02:45:48 AM   124      2802    0.00    0.00    0.00    0.00    0.00     1      0.00      0.00  339724   18828   0.06  gsd-power
02:45:48 AM   124      2824    0.00    0.00    0.00    0.00    0.00     2      0.00      0.00  342540   12784   0.04  gsd-printer
02:45:48 AM   119      2837    0.00    0.00    0.00    0.00    0.00     2      0.00      0.00  249328   17548   0.06  colord
02:45:48 AM     0     29120    0.00    0.00    0.00    0.00    0.00     3      0.00      0.00       0       0   0.00  kworker/u17:2
02:45:48 AM     0     33852    0.00    0.00    0.00    0.00    0.00     1      0.00      0.00       0       0   0.00  kworker/1:0H-kblockd
02:45:48 AM     0     35048    0.00    0.00    0.00    0.00    0.00     0      0.00      0.00       0       0   0.00  kworker/u17:0-thermal_fan_est
02:45:48 AM  1000     39960    0.00    0.00    0.00    0.00    0.00     2      0.00      0.00   19248    9208   0.03  systemd
02:45:48 AM  1000     39961    0.00    0.00    0.00    0.00    0.00     2      0.00      0.00  170940    6304   0.02  (sd-pam)
02:45:48 AM  1000     40037    0.00    0.00    0.00    0.00    0.00     3      0.00      0.00    7812    3952   0.01  dbus-daemon
02:45:48 AM     0     40147    0.00    0.00    0.00    0.00    0.00     1      0.00      0.00       0       0   0.00  kworker/1:0-pm
02:45:48 AM     0     40174    0.00    0.00    0.00    0.00    0.00     2      0.00      0.00       0       0   0.00  kworker/2:2H-kblockd
02:45:48 AM     0     40194    0.00    0.00    0.00    0.00    0.00     3      0.00      0.00       0       0   0.00  kworker/3:0H-kblockd
02:45:48 AM     0     41650    0.00    0.00    0.00    0.00    0.00     3      0.00      0.00       0       0   0.00  kworker/3:0-events
02:45:48 AM     0     43913    0.00    0.00    0.00    0.00    0.00     2      0.00      0.00   14768    7560   0.02  sshd
02:45:48 AM  1000     43958    0.00    0.00    0.00    0.00    0.00     0      0.00      0.00   15292    6400   0.02  sshd
02:45:48 AM  1000     43959    0.00    0.00    0.00    0.00    0.00     1      0.00      0.00   11344    5444   0.02  bash
02:45:48 AM     0     50050    0.00    0.00    0.00    0.00    0.00     2      0.00      0.00   14768    7572   0.02  sshd
02:45:48 AM  1000     50094    0.00    0.00    0.00    0.00    0.00     3      0.00      0.00   15292    6428   0.02  sshd
02:45:48 AM  1000     50095    0.00    0.00    0.00    0.00    0.00     2      0.00      0.00   11344    5448   0.02  bash
02:45:48 AM     0     81462    0.00    0.00    0.00    0.00    0.00     2      0.00      0.00       0       0   0.00  kworker/2:2-events
02:45:48 AM     0     81478    0.00    0.00    0.00    0.00    0.00     0      0.00      0.00       0       0   0.00  kworker/0:1H-kblockd
02:45:48 AM  1000     84840    0.00    0.00    0.00    0.00    0.00     3      0.00      0.00  240176   10088   0.03  gnome-keyring-d
02:45:48 AM   124     84900    0.00    0.00    0.00    0.00    0.00     1      0.00      0.00  156240    4584   0.01  dconf-service
02:45:48 AM     0     85427    0.00    0.00    0.00    0.00    0.00     0      0.00      0.00       0       0   0.00  kworker/0:2-events
02:45:48 AM     0     86310    0.00    1.00    0.00    1.00    1.00     2      0.00      0.00       0       0   0.00  kworker/u16:1-events_unbound
02:45:48 AM     0     86312    0.00    0.00    0.00    0.00    0.00     3      0.00      0.00   14768    7564   0.02  sshd
02:45:48 AM  1000     86356    0.00    0.00    0.00    0.00    0.00     0      0.00      0.00   15292    6380   0.02  sshd
02:45:48 AM  1000     86357    0.00    0.00    0.00    0.00    0.00     1      0.00      0.00   11344    5440   0.02  bash
02:45:48 AM     0     86549    0.00    0.00    0.00    0.00    0.00     2      0.00      0.00   14768    7664   0.02  sshd
02:45:48 AM  1000     86593    0.00    1.00    0.00    0.00    1.00     1      0.00      0.00   15292    6480   0.02  sshd
02:45:48 AM  1000     86594    1.00    0.00    0.00    0.00    1.00     3     51.00      0.00   11860    5896   0.02  bash
02:45:48 AM     0     86632    0.00    0.00    0.00    0.00    0.00     3      0.00      0.00       0       0   0.00  kworker/3:2
02:45:48 AM     0     87290    0.00    0.00    0.00    0.00    0.00     0      0.00      0.00   14768    7584   0.02  sshd
02:45:48 AM  1000     87334    0.00    0.00    0.00    0.00    0.00     0      0.00      0.00   15292    6412   0.02  sshd
02:45:48 AM  1000     87335    0.00    0.00    0.00    0.00    0.00     2      0.00      0.00   11344    5436   0.02  bash
02:45:48 AM     0     89981    0.00    1.00    0.00    0.00    1.00     1      0.00      0.00       0       0   0.00  kworker/1:1-events
02:45:48 AM     0     95050    0.00    0.00    0.00    0.00    0.00     2      0.00      0.00       0       0   0.00  kworker/2:0-events
02:45:48 AM     0     96173    0.00    0.00    0.00    0.00    0.00     1      0.00      0.00       0       0   0.00  kworker/1:2-pm
02:45:48 AM     0     99494    0.00    0.00    0.00    0.00    0.00     3      0.00      0.00       0       0   0.00  kworker/u16:3-events_unbound
02:45:48 AM     0    107801    0.00    0.00    0.00    0.00    0.00     1      0.00      0.00       0       0   0.00  kworker/1:2H
02:45:48 AM     0    122883    0.00    1.00    0.00    0.00    1.00     3      0.00      0.00       0       0   0.00  kworker/u16:2-events_unbound
02:45:48 AM     0    123203    0.00    0.00    0.00    0.00    0.00     3      0.00      0.00       0       0   0.00  kworker/3:2H
02:45:48 AM     0    124025    0.00    0.00    0.00    0.00    0.00     2      0.00      0.00       0       0   0.00  kworker/2:0H
02:45:48 AM     0    130503    0.00    0.00    0.00    0.00    0.00     0      0.00      0.00       0       0   0.00  kworker/0:0H
02:45:48 AM     0    130577    0.00    0.00    0.00    0.00    0.00     0      0.00      0.00       0       0   0.00  kworker/0:1-events
02:45:48 AM     0    130584    0.00    0.00    0.00    0.00    0.00     2      0.00      0.00   14768    7576   0.02  sshd
02:45:48 AM  1000    130628    0.00    2.00    0.00    1.00    2.00     0      0.00      0.00   16676    7816   0.02  sshd
02:45:48 AM  1000    130629    0.00    0.00    0.00    0.00    0.00     3      0.00      0.00   11344    5436   0.02  bash
02:45:48 AM  1000    130765    0.00    0.00    0.00    0.00    0.00     1      0.00      0.00  283948   43148   0.14  roslaunch
02:45:48 AM  1000    130773    2.00    2.00    0.00    0.00    4.00     0      1.00      0.00  797980   45680   0.14  rosmaster
02:45:48 AM  1000    130783    0.00    0.00    0.00    0.00    0.00     3      0.00      0.00  274964   10152   0.03  rosout
02:45:48 AM  1000    130790   63.00   73.00    0.00   13.00  136.00     1      0.00      0.00 34790064  692460   2.18  scale_truck_con
02:45:48 AM  1000    130791   23.00   53.00    0.00    0.00   76.00     1      0.00      0.00 1571432  113560   0.36  LRC
02:45:48 AM  1000    130854    1.00    1.00    0.00    0.00    2.00     1      3.00      0.00  724884   72480   0.23  python3
02:45:48 AM     0    131985    0.00    0.00    0.00    0.00    0.00     2      0.00      0.00       0       0   0.00  kworker/2:1H
02:45:48 AM     0    132214    0.00    0.00    0.00    0.00    0.00     1      0.00      0.00       0       0   0.00  kworker/1:1H
02:45:48 AM     0    133801    0.00    0.00    0.00    0.00    0.00     0      0.00      0.00       0       0   0.00  kworker/0:0-events
02:45:48 AM     0    137289    0.00    0.00    0.00    0.00    0.00     1      0.00      0.00       0       0   0.00  kworker/1:3
02:45:48 AM  1000    137686    0.00    0.00    0.00    0.00    0.00     1      3.00      0.00    7828     564   0.00  timeout
02:45:48 AM  1000    137689    0.00    0.00    0.00    0.00    0.00     1      0.00      0.00    9208    3064   0.01  bash
02:45:48 AM  1000    137690    2.00    4.00    0.00    2.00    6.00     3   2934.00      0.00   68712   43032   0.14  rosbag
02:45:48 AM  1000    138038    4.00   14.00    0.00   14.00   18.00     0      0.00      0.00   17716   10256   0.03  pidstat

# Time        UID       PID    %usr %system  %guest   %wait    %CPU   CPU  minflt/s  majflt/s     VSZ     RSS   %MEM  Command
02:45:49 AM     0         1    0.00    0.00    0.00    0.00    0.00     0      0.00      0.00  169880   11540   0.04  systemd
02:45:49 AM     0         2    0.00    0.00    0.00    0.00    0.00     1      0.00      0.00       0       0   0.00  kthreadd
02:45:49 AM     0         3    0.00    0.00    0.00    0.00    0.00     0      0.00      0.00       0       0   0.00  rcu_gp
02:45:49 AM     0         4    0.00    0.00    0.00    0.00    0.00     0      0.00      0.00       0       0   0.00  rcu_par_gp
02:45:49 AM     0         8    0.00    0.00    0.00    0.00    0.00     0      0.00      0.00       0       0   0.00  mm_percpu_wq
02:45:49 AM     0         9    0.00    0.00    0.00    0.00    0.00     0      0.00      0.00       0       0   0.00  rcu_tasks_kthre
02:45:49 AM     0        10    0.00    0.00    0.00    0.00    0.00     0      0.00      0.00       0       0   0.00  rcu_tasks_rude_
02:45:49 AM     0        11    0.00    0.00    0.00    0.00    0.00     0      0.00      0.00       0       0   0.00  rcu_tasks_trace
02:45:49 AM     0        12    0.00    0.00    0.00    0.00    0.00     0      0.00      0.00       0       0   0.00  ksoftirqd/0
02:45:49 AM     0        13    0.00    0.00    0.00    1.00    0.00     2      0.00      0.00       0       0   0.00  rcu_preempt
02:45:49 AM     0        14    0.00    0.00    0.00    0.00    0.00     0      0.00      0.00       0       0   0.00  migration/0
02:45:49 AM     0        16    0.00    0.00    0.00    0.00    0.00     0      0.00      0.00       0       0   0.00  cpuhp/0
02:45:49 AM     0        17    0.00    0.00    0.00    0.00    0.00     1      0.00      0.00       0       0   0.00  cpuhp/1
02:45:49 AM     0        18    0.00    0.00    0.00    0.00    0.00     1      0.00      0.00       0       0   0.00  migration/1
02:45:49 AM     0        19    0.00    0.00    0.00    0.00    0.00     1      0.00      0.00       0       0   0.00  ksoftirqd/1
02:45:49 AM     0        22    0.00    0.00    0.00    0.00    0.00     2      0.00      0.00       0       0   0.00  cpuhp/2
02:45:49 AM     0        23    0.00    0.00    0.00    0.00    0.00     2      0.00      0.00       0       0   0.00  migration/2
02:45:49 AM     0        24    0.00    0.00    0.00    0.00    0.00     2      0.00      0.00       0       0   0.00  ksoftirqd/2
02:45:49 AM     0        27    0.00    0.00    0.00    0.00    0.00     3      0.00      0.00       0       0   0.00  cpuhp/3
02:45:49 AM     0        28    0.00    0.00    0.00    0.00    0.00     3      0.00      0.00       0       0   0.00  migration/3
02:45:49 AM     0        29    0.00    0.00    0.00    0.00    0.00     3      0.00      0.00       0       0   0.00  ksoftirqd/3
02:45:49 AM     0        32    0.00    0.00    0.00    0.00    0.00     4      0.00      0.00       0       0   0.00  cpuhp/4
02:45:49 AM     0        33    0.00    0.00    0.00    0.00    0.00     4      0.00      0.00       0       0   0.00  migration/4
02:45:49 AM     0        34    0.00    0.00    0.00    0.00    0.00     4      0.00      0.00       0       0   0.00  ksoftirqd/4
02:45:49 AM     0        36    0.00    0.00    0.00    0.00    0.00     4      0.00      0.00       0       0   0.00  kworker/4:0H-kblockd
02:45:49 AM     0        37    0.00    0.00    0.00    0.00    0.00     5      0.00      0.00       0       0   0.00  cpuhp/5
02:45:49 AM     0        38    0.00    0.00    0.00    0.00    0.00     5      0.00      0.00       0       0   0.00  migration/5
02:45:49 AM     0        39    0.00    0.00    0.00    0.00    0.00     5      0.00      0.00       0       0   0.00  ksoftirqd/5
02:45:49 AM     0        41    0.00    0.00    0.00    0.00    0.00     5      0.00      0.00       0       0   0.00  kworker/5:0H-kblockd
02:45:49 AM     0        42    0.00    0.00    0.00    0.00    0.00     6      0.00      0.00       0       0   0.00  cpuhp/6
02:45:49 AM     0        43    0.00    0.00    0.00    0.00    0.00     6      0.00      0.00       0       0   0.00  migration/6
02:45:49 AM     0        44    0.00    0.00    0.00    0.00    0.00     6      0.00      0.00       0       0   0.00  ksoftirqd/6
02:45:49 AM     0        46    0.00    0.00    0.00    0.00    0.00     6      0.00      0.00       0       0   0.00  kworker/6:0H-events_highpri
02:45:49 AM     0        47    0.00    0.00    0.00    0.00    0.00     7      0.00      0.00       0       0   0.00  cpuhp/7
02:45:49 AM     0        48    0.00    0.00    0.00    0.00    0.00     7      0.00      0.00       0       0   0.00  migration/7
02:45:49 AM     0        49    0.00    0.00    0.00    0.00    0.00     7      0.00      0.00       0       0   0.00  ksoftirqd/7
02:45:49 AM     0        50    0.00    0.00    0.00    0.00    0.00     0      0.00      0.00       0       0   0.00  kworker/7:0-rcu_gp
02:45:49 AM     0        51    0.00    0.00    0.00    0.00    0.00     7      0.00      0.00       0       0   0.00  kworker/7:0H-kblockd
02:45:49 AM     0        52    0.00    0.00    0.00    0.00    0.00     0      0.00      0.00       0       0   0.00  kdevtmpfs
02:45:49 AM     0        53    0.00    0.00    0.00    0.00    0.00     4      0.00      0.00       0       0   0.00  netns
02:45:49 AM     0        54    0.00    0.00    0.00    0.00    0.00     1      0.00      0.00       0       0   0.00  kauditd
02:45:49 AM     0        55    0.00    0.00    0.00    0.00    0.00     0      0.00      0.00       0       0   0.00  irq/87-mc_statu
02:45:49 AM     0        56    0.00    0.00    0.00    0.00    0.00     2      0.00      0.00       0       0   0.00  khungtaskd
02:45:49 AM     0        57    0.00    0.00    0.00    0.00    0.00     3      0.00      0.00       0       0   0.00  oom_reaper
02:45:49 AM     0        58    0.00    0.00    0.00    0.00    0.00     5      0.00      0.00       0       0   0.00  writeback
02:45:49 AM     0        59    0.00    0.00    0.00    0.00    0.00     3      0.00      0.00       0       0   0.00  kcompactd0
02:45:49 AM     0        60    0.00    0.00    0.00    0.00    0.00     1      0.00      0.00       0       0   0.00  ksmd
02:45:49 AM     0        61    0.00    0.00    0.00    0.00    0.00     2      0.00      0.00       0       0   0.00  khugepaged
02:45:49 AM     0        93    0.00    0.00    0.00    0.00    0.00     1      0.00      0.00       0       0   0.00  kintegrityd
02:45:49 AM     0        94    0.00    0.00    0.00    0.00    0.00     1      0.00      0.00       0       0   0.00  kblockd
02:45:49 AM     0        95    0.00    0.00    0.00    0.00    0.00     1      0.00      0.00       0       0   0.00  blkcg_punt_bio
02:45:49 AM     0        97    0.00    0.00    0.00    0.00    0.00     3      0.00      0.00       0       0   0.00  tpm_dev_wq
02:45:49 AM     0        98    0.00    0.00    0.00    0.00    0.00     0      0.00      0.00       0       0   0.00  irq/197-30c0000
02:45:49 AM     0        99    0.00    0.00    0.00    0.00    0.00     1      0.00      0.00       0       0   0.00  devfreq_wq
02:45:49 AM     0       100    0.00    0.00    0.00    0.00    0.00     1      0.00      0.00       0       0   0.00  watchdogd
02:45:49 AM     0       104    0.00    0.00    0.00    0.00    0.00     7      0.00      0.00       0       0   0.00  rpciod
02:45:49 AM     0       106    0.00    0.00    0.00    0.00    0.00     7      0.00      0.00       0       0   0.00  xprtiod
02:45:49 AM     0       108    0.00    0.00    0.00    0.00    0.00     7      0.00      0.00       0       0   0.00  kswapd0
02:45:49 AM     0       109    0.00    0.00    0.00    0.00    0.00     5      0.00      0.00       0       0   0.00  nfsiod
02:45:49 AM     0       112    0.00    0.00    0.00    0.00    0.00     1      0.00      0.00       0       0   0.00  kthrotld
02:45:49 AM     0       113    0.00    0.00    0.00    0.00    0.00     7      0.00      0.00       0       0   0.00  kpcitest
02:45:49 AM     0       116    0.00    0.00    0.00    0.00    0.00     5      0.00      0.00       0       0   0.00  kworker/5:1-events
02:45:49 AM     0       122    0.00    0.00    0.00    0.00    0.00     1      0.00      0.00       0       0   0.00  nvme-wq
02:45:49 AM     0       123    0.00    0.00    0.00    0.00    0.00     5      0.00      0.00       0       0   0.00  nvme-reset-wq
02:45:49 AM     0       124    0.00    0.00    0.00    0.00    0.00     6      0.00      0.00       0       0   0.00  nvme-delete-wq
02:45:49 AM     0       125    0.00    0.00    0.00    0.00    0.00     6      0.00      0.00       0       0   0.00  uas
02:45:49 AM     0       126    0.00    0.00    0.00    0.00    0.00     0      0.00      0.00       0       0   0.00  irq/222-tegra_r
02:45:49 AM     0       127    0.00    0.00    0.00    0.00    0.00     0      0.00      0.00       0       0   0.00  kworker/7:2-events
02:45:49 AM     0       129    0.00    0.00    0.00    0.00    0.00     0      0.00      0.00       0       0   0.00  irq/86-tegra-oc
02:45:49 AM     0       130    0.00    0.00    0.00    0.00    0.00     5      0.00      0.00       0       0   0.00  dm_bufio_cache
02:45:49 AM     0       131    0.00    0.00    0.00    0.00    0.00     0      0.00      0.00       0       0   0.00  irq/223-max7762
02:45:49 AM     0       140    0.00    0.00    0.00    0.00    0.00     0      0.00      0.00       0       0   0.00  irq/55-bc00000.
02:45:49 AM     0       143    0.00    0.00    0.00    0.00    0.00     0      0.00      0.00       0       0   0.00  ipv6_addrconf
02:45:49 AM     0       144    0.00    0.00    0.00    0.00    0.00     6      0.00      0.00       0       0   0.00  krfcommd
02:45:49 AM     0       145    0.00    0.00    0.00    0.00    0.00     0      0.00      0.00       0       0   0.00  kstrp
02:45:49 AM     0       150    0.00    0.00    0.00    0.00    0.00     0      0.00      0.00       0       0   0.00  irq/24-tegra-pc
02:45:49 AM     0       154    0.00    0.00    0.00    0.00    0.00     0      0.00      0.00       0       0   0.00  irq/26-tegra-pc
02:45:49 AM     0       160    0.00    0.00    0.00    0.00    0.00     0      0.00      0.00       0       0   0.00  irq/26-aerdrv
02:45:49 AM     0       161    0.00    0.00    0.00    0.00    0.00     0      0.00      0.00       0       0   0.00  irq/28-tegra-pc
02:45:49 AM     0       162    0.00    0.00    0.00    0.00    0.00     0      0.00      0.00       0       0   0.00  irq/28-aerdrv
02:45:49 AM     0       163    0.00    0.00    0.00    0.00    0.00     5      0.00      0.00       0       0   0.00  host_low_prio_w
02:45:49 AM     0       164    0.00    0.00    0.00    0.00    0.00     0      0.00      0.00       0       0   0.00  irq/57-host_syn
02:45:49 AM     0       165    0.00    0.00    0.00    0.00    0.00     0      0.00      0.00       0       0   0.00  irq/58-host_sta
02:45:49 AM     0       173    0.00    0.00    0.00    0.00    0.00     5      0.00      0.00       0       0   0.00  pva_task_status
02:45:49 AM     0       174    0.00    0.00    0.00    0.00    0.00     0      0.00      0.00       0       0   0.00  irq/75-pva-isr
02:45:49 AM     0       175    0.00    0.00    0.00    0.00    0.00     0      0.00      0.00       0       0   0.00  pva_task_status
02:45:49 AM     0       176    0.00    0.00    0.00    0.00    0.00     0      0.00      0.00       0       0   0.00  irq/76-pva-isr
02:45:49 AM     0       185    0.00    0.00    0.00    0.00    0.00     0      0.00      0.00       0       0   0.00  sdhci
02:45:49 AM     0       186    0.00    0.00    0.00    0.00    0.00     0      0.00      0.00       0       0   0.00  irq/39-mmc0
02:45:49 AM     0       187    0.00    0.00    0.00    0.00    0.00     2      0.00      0.00       0       0   0.00  sdhci
02:45:49 AM     0       189    0.00    0.00    0.00    0.00    0.00     0      0.00      0.00       0       0   0.00  irq/40-mmc1
02:45:49 AM     0       195    0.00    0.00    0.00    0.00    0.00     7      0.00      0.00       0       0   0.00  scsi_eh_0
02:45:49 AM     0       196    0.00    0.00    0.00    0.00    0.00     7      0.00      0.00       0       0   0.00  scsi_tmf_0
02:45:49 AM     0       197    0.00    0.00    0.00    0.00    0.00     0      0.00      0.00       0       0   0.00  kworker/5:2-events
02:45:49 AM     0       198    0.00    0.00    0.00    0.00    0.00     0      0.00      0.00       0       0   0.00  irq/67-15200000
02:45:49 AM     0       199    0.00    0.00    0.00    0.00    0.00     1      0.00      0.00       0       0   0.00  tegradc.0/a
02:45:49 AM     0       200    0.00    0.00    0.00    0.00    0.00     0      0.00      0.00       0       0   0.00  tegradc.0/b
02:45:49 AM     0       201    0.00    0.00    0.00    0.00    0.00     0      0.00      0.00       0       0   0.00  tegradc.0/c
02:45:49 AM     0       202    0.00    0.00    0.00    0.00    0.00     0      0.00      0.00       0       0   0.00  tegradc.0/d
02:45:49 AM     0       203    0.00    0.00    0.00    0.00    0.00     0      0.00      0.00       0       0   0.00  tegradc.0/e
02:45:49 AM     0       204    0.00    0.00    0.00    0.00    0.00     0      0.00      0.00       0       0   0.00  tegradc.0/f
02:45:49 AM     0       205    0.00    0.00    0.00    0.00    0.00     0      0.00      0.00       0       0   0.00  tegradc.0/sl
02:45:49 AM     0       206    0.00    0.00    0.00    0.00    0.00     0      0.00      0.00       0       0   0.00  irq/62-15200000
02:45:49 AM     0       207    0.00    0.00    0.00    0.00    0.00     0      0.00      0.00       0       0   0.00  irq/276-3400000
02:45:49 AM     0       208    0.00    0.00    0.00    0.00    0.00     0      0.00      0.00       0       0   0.00  ufs_eh_wq_0
02:45:49 AM     0       209    0.00    0.00    0.00    0.00    0.00     3      0.00      0.00       0       0   0.00  mmc_complete
02:45:49 AM     0       211    0.00    0.00    0.00    0.00    0.00     0      0.00      0.00       0       0   0.00  irq/278-1520000
02:45:49 AM     0       212    0.00    0.00    0.00    0.00    0.00     0      0.00      0.00       0       0   0.00  irq/203-3610000
02:45:49 AM     0       213    0.00    0.00    0.00    0.00    0.00     0      0.00      0.00       0       0   0.00  irq/221-3610000
02:45:49 AM     0       214    0.00    0.00    0.00    0.00    0.00     0      0.00      0.00       0       0   0.00  irq/30-tegra-pc
02:45:49 AM     0       216    0.00    0.00    0.00    0.00    0.00     0      0.00      0.00       0       0   0.00  kworker/4:3-events
02:45:49 AM     0       218    0.00    0.00    0.00    0.00    0.00     4      0.00      0.00       0       0   0.00  kworker/4:5-events
02:45:49 AM     0       221    0.00    0.00    0.00    0.00    0.00     0      0.00      0.00       0       0   0.00  kworker/6:12-events
02:45:49 AM     0       222    0.00    0.00    0.00    0.00    0.00     0      0.00      0.00       0       0   0.00  kworker/6:13-events
02:45:49 AM     0       225    0.00    0.00    0.00    0.00    0.00     0      0.00      0.00       0       0   0.00  irq/68-tegra_dp
02:45:49 AM     0       226    0.00    0.00    0.00    0.00    0.00     0      0.00      0.00       0       0   0.00  irq/65-15210000
02:45:49 AM     0       227    0.00    0.00    0.00    0.00    0.00     0      0.00      0.00       0       0   0.00  tegradc.1/a
02:45:49 AM     0       228    0.00    0.00    0.00    0.00    0.00     0      0.00      0.00       0       0   0.00  tegradc.1/b
02:45:49 AM     0       229    0.00    0.00    0.00    0.00    0.00     0      0.00      0.00       0       0   0.00  tegradc.1/c
02:45:49 AM     0       230    0.00    0.00    0.00    0.00    0.00     0      0.00      0.00       0       0   0.00  tegradc.1/d
02:45:49 AM     0       231    0.00    0.00    0.00    0.00    0.00     0      0.00      0.00       0       0   0.00  tegradc.1/e
02:45:49 AM     0       232    0.00    0.00    0.00    0.00    0.00     0      0.00      0.00       0       0   0.00  tegradc.1/f
02:45:49 AM     0       233    0.00    0.00    0.00    0.00    0.00     1      0.00      0.00       0       0   0.00  tegradc.1/sl
02:45:49 AM     0       234    0.00    0.00    0.00    0.00    0.00     0      0.00      0.00       0       0   0.00  irq/63-15210000
02:45:49 AM     0       249    0.00    0.00    0.00    0.00    0.00     0      0.00      0.00       0       0   0.00  irq/56-d230000.
02:45:49 AM     0       250    0.00    0.00    0.00    0.00    0.00     0      0.00      0.00       0       0   0.00  irq/69-tegra_dp
02:45:49 AM     0       251    0.00    0.00    0.00    0.00    0.00     0      0.00      0.00       0       0   0.00  irq/66-15220000
02:45:49 AM     0       252    0.00    0.00    0.00    0.00    0.00     0      0.00      0.00       0       0   0.00  tegradc.2/a
02:45:49 AM     0       253    0.00    0.00    0.00    0.00    0.00     0      0.00      0.00       0       0   0.00  tegradc.2/b
02:45:49 AM     0       254    0.00    0.00    0.00    0.00    0.00     0      0.00      0.00       0       0   0.00  tegradc.2/c
02:45:49 AM     0       255    0.00    0.00    0.00    0.00    0.00     0      0.00      0.00       0       0   0.00  tegradc.2/d
02:45:49 AM     0       256    0.00    0.00    0.00    0.00    0.00     0      0.00      0.00       0       0   0.00  tegradc.2/e
02:45:49 AM     0       257    0.00    0.00    0.00    0.00    0.00     0      0.00      0.00       0       0   0.00  tegradc.2/f
02:45:49 AM     0       258    0.00    0.00    0.00    0.00    0.00     0      0.00      0.00       0       0   0.00  tegradc.2/sl
02:45:49 AM     0       259    0.00    0.00    0.00    0.00    0.00     0      0.00      0.00       0       0   0.00  irq/64-15220000
02:45:49 AM     0       275    0.00    0.00    0.00    0.00    0.00     0      0.00      0.00       0       0   0.00  jbd2/mmcblk0p1-
02:45:49 AM     0       276    0.00    0.00    0.00    0.00    0.00     3      0.00      0.00       0       0   0.00  ext4-rsv-conver
02:45:49 AM     0       280    0.00    0.00    0.00    0.00    0.00     7      0.00      0.00       0       0   0.00  kworker/7:1H
02:45:49 AM     0       286    0.00    0.00    0.00    0.00    0.00     5      0.00      0.00       0       0   0.00  kworker/5:1H-kblockd
02:45:49 AM     0       312    0.00    0.00    0.00    0.00    0.00     1      0.00      0.00   61816   31808   0.10  systemd-journal
02:45:49 AM     0       338    0.00    5.00    0.00   15.00    5.00     2      0.00      0.00       0       0   0.00  nvmap-bz
02:45:49 AM     0       339    0.00    0.00    0.00    0.00    0.00     0      0.00      0.00       0       0   0.00  irq/204-gk20a_s
02:45:49 AM     0       340    0.00    0.00    0.00    0.00    0.00     0      0.00      0.00       0       0   0.00  irq/205-gk20a_n
02:45:49 AM     0       345    0.00    0.00    0.00    0.00    0.00     3      0.00      0.00    2776    1492   0.00  tee-supplicant
02:45:49 AM     0       347    0.00    0.00    0.00    0.00    0.00     3      0.00      0.00       0       0   0.00  optee_bus_scan
02:45:49 AM     0       358    0.00    0.00    0.00    0.00    0.00     3      0.00      0.00   22788    7532   0.02  systemd-udevd
02:45:49 AM     0       364    0.00    0.00    0.00    0.00    0.00     1      0.00      0.00    7948    4892   0.02  haveged
02:45:49 AM   126       365    0.00    0.00    0.00    0.00    0.00     3      0.00      0.00    7136    3108   0.01  rpcbind
02:45:49 AM   105       366    0.00    0.00    0.00    0.00    0.00     1      0.00      0.00   25592   13288   0.04  systemd-resolve
02:45:49 AM   103       367    0.00    0.00    0.00    0.00    0.00     1      0.00      0.00   90672    6220   0.02  systemd-timesyn
02:45:49 AM     0       407    0.00    0.00    0.00    0.00    0.00     5      0.00      0.00       0       0   0.00  cfg80211
02:45:49 AM     0       410    0.00    0.00    0.00    0.00    0.00     0      0.00      0.00       0       0   0.00  irq/42-3210000.
02:45:49 AM     0       412    0.00    0.00    0.00    0.00    0.00     2      0.00      0.00       0       0   0.00  spi0
02:45:49 AM     0       413    0.00   14.00    0.00    0.00   14.00     1      0.00      0.00       0       0   0.00  irq/282-iwlwifi
02:45:49 AM     0       416    0.00    0.00    0.00    0.00    0.00     4      0.00      0.00       0       0   0.00  ata_sff
02:45:49 AM     0       419    0.00    0.00    0.00    0.00    0.00     0      0.00      0.00       0       0   0.00  irq/43-c260000.
02:45:49 AM     0       420    0.00    0.00    0.00    0.00    0.00     6      0.00      0.00       0       0   0.00  scsi_eh_1
02:45:49 AM     0       422    0.00    0.00    0.00    0.00    0.00     6      0.00      0.00       0       0   0.00  scsi_tmf_1
02:45:49 AM     0       427    0.00    0.00    0.00    0.00    0.00     0      0.00      0.00       0       0   0.00  spi1
02:45:49 AM     0       430    0.00    0.00    0.00    0.00    0.00     3      0.00      0.00  242072    8880   0.03  accounts-daemon
02:45:49 AM   120       439    0.00    0.00    0.00    0.00    0.00     1      0.00      0.00    7084    3472   0.01  avahi-daemon
02:45:49 AM     0       441    0.00    0.00    0.00    0.00    0.00     3      0.00      0.00    9220    2516   0.01  cron
02:45:49 AM   106       443    0.00    0.00    0.00    0.00    0.00     3      0.00      0.00    9396    5264   0.02  dbus-daemon
02:45:49 AM     0       447    0.00    0.00    0.00    0.00    0.00     0      0.00      0.00  341244   20856   0.07  NetworkManager
02:45:49 AM     0       456    0.00    0.00    0.00    0.00    0.00     4      0.00      0.00   38300   19472   0.06  networkd-dispat
02:45:49 AM     0       473    0.00    0.00    0.00    0.00    0.00     2      0.00      0.00  238860   13352   0.04  polkitd
02:45:49 AM   125       483    0.00    0.00    0.00    0.00    0.00     3      0.00      0.00  220940    8288   0.03  rsyslogd
02:45:49 AM     0       503    0.00    0.00    0.00    0.00    0.00     2      0.00      0.00  235864    4364   0.01  switcheroo-cont
02:45:49 AM     0       514    0.00    0.00    0.00    0.00    0.00     2      0.00      0.00   17076    6760   0.02  systemd-logind
02:45:49 AM     0       523    0.00    0.00    0.00    0.00    0.00     1      0.00      0.00  395556   15676   0.05  udisksd
02:45:49 AM     0       528    0.00    0.00    0.00    0.00    0.00     1      0.00      0.00   12784    8052   0.03  wpa_supplicant
02:45:49 AM     0       548    0.00    0.00    0.00    0.00    0.00     0      0.00      0.00       0       0   0.00  sugov:0
02:45:49 AM   120       555    0.00    0.00    0.00    0.00    0.00     2      0.00      0.00    6896     324   0.00  avahi-daemon
02:45:49 AM     0       585    0.00    0.00    0.00    0.00    0.00     5      0.00      0.00       0       0   0.00  tmp451
02:45:49 AM     0       597    0.00    0.00    0.00    0.00    0.00     3      0.00      0.00       0       0   0.00  irq/286-1-0008
02:45:49 AM     0       600    0.00    0.00    0.00    0.00    0.00     2      0.00      0.00  321792   14480   0.05  ModemManager
02:45:49 AM     0       653    0.00    0.00    0.00    0.00    0.00     0      0.00      0.00    2476     604   0.00  nvfancontrol
02:45:49 AM     0       728    0.00    0.00    0.00    0.00    0.00     4      0.00      0.00       0       0   0.00  adspp_kthread
02:45:49 AM     0       779    0.00    0.00    0.00    0.00    0.00     6      0.00      0.00       0       0   0.00  kworker/6:2H-kblockd
02:45:49 AM     0       876    0.00    0.00    0.00    0.00    0.00     1      0.00      0.00       0       0   0.00  irq/289-2490000
02:45:49 AM     0       887    0.00    0.00    0.00    0.00    0.00     0      0.00      0.00       0       0   0.00  irq/32-eth0.com
02:45:49 AM     0       919    0.00    0.00    0.00    0.00    0.00     4      0.00      0.00       0       0   0.00  file-storage
02:45:49 AM     0       953    0.00    0.00    0.00    0.00    0.00     1      0.00      0.00       0       0   0.00  loop0
02:45:49 AM     0      1048    0.00    0.00    0.00    0.00    0.00     4      0.00      0.00       0       0   0.00  kworker/4:2H-kblockd
02:45:49 AM     0      1091    0.00    0.00    0.00    0.00    0.00     3      0.00      0.00       0       0   0.00  cryptd
02:45:49 AM     0      1147    0.00    0.00    0.00    0.00    0.00     2      0.00      0.00       0       0   0.00  sw-quiesce
02:45:49 AM     0      1148    0.00    0.00    0.00    0.00    0.00     2      0.00      0.00       0       0   0.00  nvgpu_channel_p
02:45:49 AM     0      1151    0.00    0.00    0.00    0.00    0.00     1      0.00      0.00       0       0   0.00  nvgpu_nvs_gv11b
02:45:49 AM     0      1153    0.00    0.00    0.00    0.00    0.00     0      0.00      0.00       0       0   0.00  nvgpu_pg_init_g
02:45:49 AM     0      1157    0.00    0.00    0.00    0.00    0.00     2      0.00      0.00       0       0   0.00  nvgpu_clk_arb_p
02:45:49 AM     0      1162    0.00    0.00    0.00    0.00    0.00     3      0.00      0.00       0       0   0.00  irq/288-rt5659
02:45:49 AM     0      1270    0.00    0.00    0.00    0.00    0.00     3      0.00      0.00   55688   11092   0.03  nvargus-daemon
02:45:49 AM     0      1273    0.00    0.00    0.00    0.00    0.00     3      0.00      0.00   21932    1552   0.00  nvs-service
02:45:49 AM     0      1298    1.00    0.00    0.00    0.00    1.00     1      0.00      0.00 2007972   50424   0.16  containerd
02:45:49 AM     0      1314    0.00    0.00    0.00    0.00    0.00     0      0.00      0.00  240032    7616   0.02  gdm3
02:45:49 AM   108      1326    0.00    0.00    0.00    0.00    0.00     2      0.00      0.00   11468    1896   0.01  kerneloops
02:45:49 AM     0      1327    0.00    0.00    0.00    0.00    0.00     3      0.00      0.00   12236    6576   0.02  sshd
02:45:49 AM     0      1336    0.00    0.00    0.00    0.00    0.00     0      0.00      0.00    7688    1876   0.01  agetty
02:45:49 AM     0      1337    0.00    0.00    0.00    0.00    0.00     2      0.00      0.00    7688    1904   0.01  agetty
02:45:49 AM   108      1339    0.00    0.00    0.00    0.00    0.00     0      0.00      0.00   11468    1820   0.01  kerneloops
02:45:49 AM     0      1340    0.00    0.00    0.00    0.00    0.00     3      0.00      0.00    9216    2824   0.01  nvgetty.sh
02:45:49 AM     0      1379    0.00    0.00    0.00    0.00    0.00     0      0.00      0.00    7688    1848   0.01  getty
02:45:49 AM     0      1554    0.00    0.00    0.00    0.00    0.00     2      0.00      0.00 2111796   85472   0.27  dockerd
02:45:49 AM     0      1677    0.00    0.00    0.00    0.00    0.00     1      0.00      0.00  168472    8256   0.03  gdm-session-wor
02:45:49 AM     0      1711    0.00    0.00    0.00    0.00    0.00     0      0.00      0.00    3248     808   0.00  nvphsd
02:45:49 AM     0      1716    0.00    0.00    0.00    0.00    0.00     3      0.00      0.00    3380    1788   0.01  nvphsd
02:45:49 AM   124      1789    0.00    0.00    0.00    0.00    0.00     3      0.00      0.00   19144    9224   0.03  systemd
02:45:49 AM   124      1804    0.00    0.00    0.00    0.00    0.00     3      0.00      0.00  104488    5436   0.02  (sd-pam)
02:45:49 AM   124      2014    0.00    0.00    0.00    0.00    0.00     0      0.00      0.00  961884   21984   0.07  pulseaudio
02:45:49 AM   124      2032    0.00    0.00    0.00    0.00    0.00     2      0.00      0.00  164156    5924   0.02  gdm-x-session
02:45:49 AM   124      2037    0.00    0.00    0.00    0.00    0.00     1      0.00      0.00 25330232   99256   0.31  Xorg
02:45:49 AM   118      2040    0.00    0.00    0.00    0.00    0.00     1      0.00      0.00  152516    2440   0.01  rtkit-daemon
02:45:49 AM   124      2162    0.00    0.00    0.00    0.00    0.00     2      0.00      0.00    7812    3448   0.01  dbus-daemon
02:45:49 AM   124      2428    0.00    0.00    0.00    0.00    0.00     0      0.00      0.00    4776    1164   0.00  dbus-run-sessio
02:45:49 AM   124      2429    0.00    0.00    0.00    0.00    0.00     2      0.00      0.00    8088    4104   0.01  dbus-daemon
02:45:49 AM   124      2438    0.00    0.00    0.00    0.00    0.00     2      0.00      0.00  559768   14932   0.05  gnome-session-b
02:45:49 AM     0      2457    0.00    0.00    0.00    0.00    0.00     2      0.00      0.00  101692   19628   0.06  jtop
02:45:49 AM   124      2463    0.00    0.00    0.00    0.00    0.00     3      0.00      0.00  309548   10092   0.03  at-spi-bus-laun
02:45:49 AM   124      2470    0.00    0.00    0.00    0.00    0.00     1      0.00      0.00    7676    3468   0.01  dbus-daemon
02:45:49 AM   124      2495    0.00    0.00    0.00    0.00    0.00     1      0.00      0.00 4022996  194908   0.61  gnome-shell
02:45:49 AM     0      2510    0.00    0.00    0.00    0.00    0.00     1      0.00      0.00  175424   16904   0.05  jtop
02:45:49 AM     0      2518    0.00    0.00    0.00    0.00    0.00     2      0.00      0.00  101692   17160   0.05  jtop
02:45:49 AM   124      2696    0.00    0.00    0.00    0.00    0.00     0      0.00      0.00  314420   11212   0.04  ibus-daemon
02:45:49 AM   124      2699    0.00    0.00    0.00    0.00    0.00     2      0.00      0.00  239960   11792   0.04  ibus-dconf
02:45:49 AM   124      2701    0.00    0.00    0.00    0.00    0.00     2      0.00      0.00  189920   16900   0.05  ibus-x11
02:45:49 AM   124      2704    0.00    0.00    0.00    0.00    0.00     3      0.00      0.00  239880    7776   0.02  ibus-portal
02:45:49 AM   124      2715    0.00    0.00    0.00    0.00    0.00     1      0.00      0.00  161420    6880   0.02  at-spi2-registr
02:45:49 AM   124      2719    0.00    0.00    0.00    0.00    0.00     3      0.00      0.00  235804    4672   0.01  xdg-permission-
02:45:49 AM     0      2725    0.00    0.00    0.00    0.00    0.00     3      0.00      0.00  252944    8776   0.03  upowerd
02:45:49 AM   124      2745    0.00    0.00    0.00    0.00    0.00     2      0.00      0.00 3001620   27244   0.09  gjs
02:45:49 AM   124      2764    0.00    0.00    0.00    0.00    0.00     2      0.00      0.00  469396   14236   0.04  gsd-sharing
02:45:49 AM   124      2765    0.00    0.00    0.00    0.00    0.00     1      0.00      0.00  334628   15072   0.05  gsd-wacom
02:45:49 AM   124      2768    0.00    0.00    0.00    0.00    0.00     2      0.00      0.00  571788   19844   0.06  gsd-color
02:45:49 AM   124      2772    0.00    0.00    0.00    0.00    0.00     3      0.00      0.00  338096   17824   0.06  gsd-keyboard
02:45:49 AM   124      2774    0.00    0.00    0.00    0.00    0.00     2      0.00      0.00  322508   11376   0.04  gsd-print-notif
02:45:49 AM   124      2779    0.00    0.00    0.00    0.00    0.00     3      0.00      0.00  166208    7736   0.02  ibus-engine-sim
02:45:49 AM   124      2780    0.00    0.00    0.00    0.00    0.00     1      0.00      0.00  457460    7996   0.03  gsd-rfkill
02:45:49 AM   124      2782    0.00    0.00    0.00    0.00    0.00     1      0.00      0.00  391976    9696   0.03  gsd-smartcard
02:45:49 AM   124      2784    0.00    0.00    0.00    0.00    0.00     2      0.00      0.00  374928   15372   0.05  gsd-datetime
02:45:49 AM   124      2790    0.00    0.00    0.00    0.00    0.00     3      0.00      0.00  679696   20032   0.06  gsd-media-keys
02:45:49 AM   124      2791    0.00    0.00    0.00    0.00    0.00     3      0.00      0.00  235772    5600   0.02  gsd-screensaver
02:45:49 AM   124      2793    0.00    0.00    0.00    0.00    0.00     3      0.00      0.00  320104    9452   0.03  gsd-sound
02:45:49 AM   124      2795    0.00    0.00    0.00    0.00    0.00     3      0.00      0.00  313652   10144   0.03  gsd-a11y-settin
02:45:49 AM   124      2799    0.00    0.00    0.00    0.00    0.00     2      0.00      0.00  313992   10540   0.03  gsd-housekeepin
02:45:49 AM   124      2802    0.00    0.00    0.00    0.00    0.00     1      0.00      0.00  339724   18828   0.06  gsd-power
02:45:49 AM   124      2824    0.00    0.00    0.00    0.00    0.00     2      0.00      0.00  342540   12784   0.04  gsd-printer
02:45:49 AM   119      2837    0.00    0.00    0.00    0.00    0.00     2      0.00      0.00  249328   17548   0.06  colord
02:45:49 AM     0     29120    0.00    0.00    0.00    0.00    0.00     3      0.00      0.00       0       0   0.00  kworker/u17:2
02:45:49 AM     0     33852    0.00    0.00    0.00    0.00    0.00     1      0.00      0.00       0       0   0.00  kworker/1:0H-kblockd
02:45:49 AM     0     35048    0.00    0.00    0.00    0.00    0.00     0      0.00      0.00       0       0   0.00  kworker/u17:0-thermal_fan_est
02:45:49 AM  1000     39960    0.00    0.00    0.00    0.00    0.00     2      0.00      0.00   19248    9208   0.03  systemd
02:45:49 AM  1000     39961    0.00    0.00    0.00    0.00    0.00     2      0.00      0.00  170940    6304   0.02  (sd-pam)
02:45:49 AM  1000     40037    0.00    0.00    0.00    0.00    0.00     3      0.00      0.00    7812    3952   0.01  dbus-daemon
02:45:49 AM     0     40147    0.00    0.00    0.00    0.00    0.00     1      0.00      0.00       0       0   0.00  kworker/1:0-pm
02:45:49 AM     0     40174    0.00    0.00    0.00    0.00    0.00     2      0.00      0.00       0       0   0.00  kworker/2:2H-kblockd
02:45:49 AM     0     40194    0.00    0.00    0.00    0.00    0.00     3      0.00      0.00       0       0   0.00  kworker/3:0H-kblockd
02:45:49 AM     0     41650    0.00    0.00    0.00    0.00    0.00     3      0.00      0.00       0       0   0.00  kworker/3:0-mm_percpu_wq
02:45:49 AM     0     43913    0.00    0.00    0.00    0.00    0.00     2      0.00      0.00   14768    7560   0.02  sshd
02:45:49 AM  1000     43958    0.00    0.00    0.00    0.00    0.00     0      0.00      0.00   15292    6400   0.02  sshd
02:45:49 AM  1000     43959    0.00    0.00    0.00    0.00    0.00     1      0.00      0.00   11344    5444   0.02  bash
02:45:49 AM     0     50050    0.00    0.00    0.00    0.00    0.00     2      0.00      0.00   14768    7572   0.02  sshd
02:45:49 AM  1000     50094    0.00    0.00    0.00    0.00    0.00     3      0.00      0.00   15292    6428   0.02  sshd
02:45:49 AM  1000     50095    0.00    0.00    0.00    0.00    0.00     2      0.00      0.00   11344    5448   0.02  bash
02:45:49 AM     0     81462    0.00    0.00    0.00    0.00    0.00     2      0.00      0.00       0       0   0.00  kworker/2:2-events
02:45:49 AM     0     81478    0.00    0.00    0.00    0.00    0.00     0      0.00      0.00       0       0   0.00  kworker/0:1H-kblockd
02:45:49 AM  1000     84840    0.00    0.00    0.00    0.00    0.00     3      0.00      0.00  240176   10088   0.03  gnome-keyring-d
02:45:49 AM   124     84900    0.00    0.00    0.00    0.00    0.00     1      0.00      0.00  156240    4584   0.01  dconf-service
02:45:49 AM     0     85427    0.00    0.00    0.00    0.00    0.00     0      0.00      0.00       0       0   0.00  kworker/0:2-events
02:45:49 AM     0     86310    0.00    0.00    0.00    0.00    0.00     0      0.00      0.00       0       0   0.00  kworker/u16:1-devfreq_wq
02:45:49 AM     0     86312    0.00    0.00    0.00    0.00    0.00     3      0.00      0.00   14768    7564   0.02  sshd
02:45:49 AM  1000     86356    0.00    0.00    0.00    0.00    0.00     0      0.00      0.00   15292    6380   0.02  sshd
02:45:49 AM  1000     86357    0.00    0.00    0.00    0.00    0.00     1      0.00      0.00   11344    5440   0.02  bash
02:45:49 AM     0     86549    0.00    0.00    0.00    0.00    0.00     2      0.00      0.00   14768    7664   0.02  sshd
02:45:49 AM  1000     86593    0.00    0.00    0.00    0.00    0.00     1      0.00      0.00   15292    6480   0.02  sshd
02:45:49 AM  1000     86594    0.00    0.00    0.00    0.00    0.00     3      1.00      0.00   11860    5896   0.02  bash
02:45:49 AM     0     86632    0.00    0.00    0.00    0.00    0.00     3      0.00      0.00       0       0   0.00  kworker/3:2
02:45:49 AM     0     87290    0.00    0.00    0.00    0.00    0.00     0      0.00      0.00   14768    7584   0.02  sshd
02:45:49 AM  1000     87334    0.00    0.00    0.00    0.00    0.00     0      0.00      0.00   15292    6412   0.02  sshd
02:45:49 AM  1000     87335    0.00    0.00    0.00    0.00    0.00     2      0.00      0.00   11344    5436   0.02  bash
02:45:49 AM     0     89981    0.00    0.00    0.00    0.00    0.00     1      0.00      0.00       0       0   0.00  kworker/1:1-events
02:45:49 AM     0     95050    0.00    0.00    0.00    0.00    0.00     2      0.00      0.00       0       0   0.00  kworker/2:0-events
02:45:49 AM     0     96173    0.00    0.00    0.00    0.00    0.00     1      0.00      0.00       0       0   0.00  kworker/1:2-pm
02:45:49 AM     0     99494    0.00    0.00    0.00    0.00    0.00     3      0.00      0.00       0       0   0.00  kworker/u16:3-events_unbound
02:45:49 AM     0    107801    0.00    0.00    0.00    0.00    0.00     1      0.00      0.00       0       0   0.00  kworker/1:2H
02:45:49 AM     0    122883    0.00    0.00    0.00    1.00    0.00     0      0.00      0.00       0       0   0.00  kworker/u16:2-events_unbound
02:45:49 AM     0    123203    0.00    0.00    0.00    0.00    0.00     3      0.00      0.00       0       0   0.00  kworker/3:2H
02:45:49 AM     0    124025    0.00    0.00    0.00    0.00    0.00     2      0.00      0.00       0       0   0.00  kworker/2:0H
02:45:49 AM     0    130503    0.00    0.00    0.00    0.00    0.00     0      0.00      0.00       0       0   0.00  kworker/0:0H
02:45:49 AM     0    130577    0.00    0.00    0.00    0.00    0.00     0      0.00      0.00       0       0   0.00  kworker/0:1-events
02:45:49 AM     0    130584    0.00    0.00    0.00    0.00    0.00     2      0.00      0.00   14768    7576   0.02  sshd
02:45:49 AM  1000    130628    0.00    3.00    0.00    1.00    3.00     0      0.00      0.00   16676    7816   0.02  sshd
02:45:49 AM  1000    130629    0.00    0.00    0.00    0.00    0.00     3      0.00      0.00   11344    5436   0.02  bash
02:45:49 AM  1000    130765    1.00    1.00    0.00    0.00    2.00     1      0.00      0.00  283948   43148   0.14  roslaunch
02:45:49 AM  1000    130773    1.00    0.00    0.00    0.00    1.00     1      0.00      0.00  797980   45680   0.14  rosmaster
02:45:49 AM  1000    130783    1.00    0.00    0.00    0.00    1.00     2      0.00      0.00  274964   10152   0.03  rosout
02:45:49 AM  1000    130790   86.00   91.00    0.00    8.00  177.00     0      0.00      0.00 34790064  692460   2.18  scale_truck_con
02:45:49 AM  1000    130791   34.00   85.00    0.00    0.00  119.00     1      0.00      0.00 1571432  113560   0.36  LRC
02:45:49 AM  1000    130854    0.00    0.00    0.00    0.00    0.00     1      0.00      0.00  724884   72480   0.23  python3
02:45:49 AM     0    131985    0.00    0.00    0.00    0.00    0.00     2      0.00      0.00       0       0   0.00  kworker/2:1H
02:45:49 AM     0    132214    0.00    0.00    0.00    0.00    0.00     1      0.00      0.00       0       0   0.00  kworker/1:1H
02:45:49 AM     0    133801    0.00    0.00    0.00    0.00    0.00     0      0.00      0.00       0       0   0.00  kworker/0:0-pm
02:45:49 AM     0    137289    0.00    0.00    0.00    0.00    0.00     1      0.00      0.00       0       0   0.00  kworker/1:3
02:45:49 AM  1000    137689    0.00    0.00    0.00    0.00    0.00     1      0.00      0.00    9208    3064   0.01  bash
02:45:49 AM  1000    138038    4.00   14.00    0.00   13.00   18.00     2      0.00      0.00   17716   10256   0.03  pidstat

# Time        UID       PID    %usr %system  %guest   %wait    %CPU   CPU  minflt/s  majflt/s     VSZ     RSS   %MEM  Command
02:45:50 AM     0         1    0.00    0.00    0.00    0.00    0.00     0      0.00      0.00  169880   11540   0.04  systemd
02:45:50 AM     0         2    0.00    0.00    0.00    0.00    0.00     1      0.00      0.00       0       0   0.00  kthreadd
02:45:50 AM     0         3    0.00    0.00    0.00    0.00    0.00     0      0.00      0.00       0       0   0.00  rcu_gp
02:45:50 AM     0         4    0.00    0.00    0.00    0.00    0.00     0      0.00      0.00       0       0   0.00  rcu_par_gp
02:45:50 AM     0         8    0.00    0.00    0.00    0.00    0.00     0      0.00      0.00       0       0   0.00  mm_percpu_wq
02:45:50 AM     0         9    0.00    0.00    0.00    0.00    0.00     0      0.00      0.00       0       0   0.00  rcu_tasks_kthre
02:45:50 AM     0        10    0.00    0.00    0.00    0.00    0.00     0      0.00      0.00       0       0   0.00  rcu_tasks_rude_
02:45:50 AM     0        11    0.00    0.00    0.00    0.00    0.00     0      0.00      0.00       0       0   0.00  rcu_tasks_trace
02:45:50 AM     0        12    0.00    0.00    0.00    0.00    0.00     0      0.00      0.00       0       0   0.00  ksoftirqd/0
02:45:50 AM     0        13    0.00    0.00    0.00    1.00    0.00     3      0.00      0.00       0       0   0.00  rcu_preempt
02:45:50 AM     0        14    0.00    0.00    0.00    0.00    0.00     0      0.00      0.00       0       0   0.00  migration/0
02:45:50 AM     0        16    0.00    0.00    0.00    0.00    0.00     0      0.00      0.00       0       0   0.00  cpuhp/0
02:45:50 AM     0        17    0.00    0.00    0.00    0.00    0.00     1      0.00      0.00       0       0   0.00  cpuhp/1
02:45:50 AM     0        18    0.00    0.00    0.00    0.00    0.00     1      0.00      0.00       0       0   0.00  migration/1
02:45:50 AM     0        19    0.00    0.00    0.00    0.00    0.00     1      0.00      0.00       0       0   0.00  ksoftirqd/1
02:45:50 AM     0        22    0.00    0.00    0.00    0.00    0.00     2      0.00      0.00       0       0   0.00  cpuhp/2
02:45:50 AM     0        23    0.00    0.00    0.00    0.00    0.00     2      0.00      0.00       0       0   0.00  migration/2
02:45:50 AM     0        24    0.00    0.00    0.00    0.00    0.00     2      0.00      0.00       0       0   0.00  ksoftirqd/2
02:45:50 AM     0        27    0.00    0.00    0.00    0.00    0.00     3      0.00      0.00       0       0   0.00  cpuhp/3
02:45:50 AM     0        28    0.00    0.00    0.00    0.00    0.00     3      0.00      0.00       0       0   0.00  migration/3
02:45:50 AM     0        29    0.00    0.00    0.00    0.00    0.00     3      0.00      0.00       0       0   0.00  ksoftirqd/3
02:45:50 AM     0        32    0.00    0.00    0.00    0.00    0.00     4      0.00      0.00       0       0   0.00  cpuhp/4
02:45:50 AM     0        33    0.00    0.00    0.00    0.00    0.00     4      0.00      0.00       0       0   0.00  migration/4
02:45:50 AM     0        34    0.00    0.00    0.00    0.00    0.00     4      0.00      0.00       0       0   0.00  ksoftirqd/4
02:45:50 AM     0        36    0.00    0.00    0.00    0.00    0.00     4      0.00      0.00       0       0   0.00  kworker/4:0H-kblockd
02:45:50 AM     0        37    0.00    0.00    0.00    0.00    0.00     5      0.00      0.00       0       0   0.00  cpuhp/5
02:45:50 AM     0        38    0.00    0.00    0.00    0.00    0.00     5      0.00      0.00       0       0   0.00  migration/5
02:45:50 AM     0        39    0.00    0.00    0.00    0.00    0.00     5      0.00      0.00       0       0   0.00  ksoftirqd/5
02:45:50 AM     0        41    0.00    0.00    0.00    0.00    0.00     5      0.00      0.00       0       0   0.00  kworker/5:0H-kblockd
02:45:50 AM     0        42    0.00    0.00    0.00    0.00    0.00     6      0.00      0.00       0       0   0.00  cpuhp/6
02:45:50 AM     0        43    0.00    0.00    0.00    0.00    0.00     6      0.00      0.00       0       0   0.00  migration/6
02:45:50 AM     0        44    0.00    0.00    0.00    0.00    0.00     6      0.00      0.00       0       0   0.00  ksoftirqd/6
02:45:50 AM     0        46    0.00    0.00    0.00    0.00    0.00     6      0.00      0.00       0       0   0.00  kworker/6:0H-events_highpri
02:45:50 AM     0        47    0.00    0.00    0.00    0.00    0.00     7      0.00      0.00       0       0   0.00  cpuhp/7
02:45:50 AM     0        48    0.00    0.00    0.00    0.00    0.00     7      0.00      0.00       0       0   0.00  migration/7
02:45:50 AM     0        49    0.00    0.00    0.00    0.00    0.00     7      0.00      0.00       0       0   0.00  ksoftirqd/7
02:45:50 AM     0        50    0.00    0.00    0.00    0.00    0.00     0      0.00      0.00       0       0   0.00  kworker/7:0-rcu_gp
02:45:50 AM     0        51    0.00    0.00    0.00    0.00    0.00     7      0.00      0.00       0       0   0.00  kworker/7:0H-kblockd
02:45:50 AM     0        52    0.00    0.00    0.00    0.00    0.00     0      0.00      0.00       0       0   0.00  kdevtmpfs
02:45:50 AM     0        53    0.00    0.00    0.00    0.00    0.00     4      0.00      0.00       0       0   0.00  netns
02:45:50 AM     0        54    0.00    0.00    0.00    0.00    0.00     1      0.00      0.00       0       0   0.00  kauditd
02:45:50 AM     0        55    0.00    0.00    0.00    0.00    0.00     0      0.00      0.00       0       0   0.00  irq/87-mc_statu
02:45:50 AM     0        56    0.00    0.00    0.00    0.00    0.00     2      0.00      0.00       0       0   0.00  khungtaskd
02:45:50 AM     0        57    0.00    0.00    0.00    0.00    0.00     3      0.00      0.00       0       0   0.00  oom_reaper
02:45:50 AM     0        58    0.00    0.00    0.00    0.00    0.00     5      0.00      0.00       0       0   0.00  writeback
02:45:50 AM     0        59    0.00    0.00    0.00    0.00    0.00     3      0.00      0.00       0       0   0.00  kcompactd0
02:45:50 AM     0        60    0.00    0.00    0.00    0.00    0.00     1      0.00      0.00       0       0   0.00  ksmd
02:45:50 AM     0        61    0.00    0.00    0.00    0.00    0.00     2      0.00      0.00       0       0   0.00  khugepaged
02:45:50 AM     0        93    0.00    0.00    0.00    0.00    0.00     1      0.00      0.00       0       0   0.00  kintegrityd
02:45:50 AM     0        94    0.00    0.00    0.00    0.00    0.00     1      0.00      0.00       0       0   0.00  kblockd
02:45:50 AM     0        95    0.00    0.00    0.00    0.00    0.00     1      0.00      0.00       0       0   0.00  blkcg_punt_bio
02:45:50 AM     0        97    0.00    0.00    0.00    0.00    0.00     3      0.00      0.00       0       0   0.00  tpm_dev_wq
02:45:50 AM     0        98    0.00    0.00    0.00    0.00    0.00     0      0.00      0.00       0       0   0.00  irq/197-30c0000
02:45:50 AM     0        99    0.00    0.00    0.00    0.00    0.00     1      0.00      0.00       0       0   0.00  devfreq_wq
02:45:50 AM     0       100    0.00    0.00    0.00    0.00    0.00     1      0.00      0.00       0       0   0.00  watchdogd
02:45:50 AM     0       104    0.00    0.00    0.00    0.00    0.00     7      0.00      0.00       0       0   0.00  rpciod
02:45:50 AM     0       106    0.00    0.00    0.00    0.00    0.00     7      0.00      0.00       0       0   0.00  xprtiod
02:45:50 AM     0       108    0.00    0.00    0.00    0.00    0.00     7      0.00      0.00       0       0   0.00  kswapd0
02:45:50 AM     0       109    0.00    0.00    0.00    0.00    0.00     5      0.00      0.00       0       0   0.00  nfsiod
02:45:50 AM     0       112    0.00    0.00    0.00    0.00    0.00     1      0.00      0.00       0       0   0.00  kthrotld
02:45:50 AM     0       113    0.00    0.00    0.00    0.00    0.00     7      0.00      0.00       0       0   0.00  kpcitest
02:45:50 AM     0       116    0.00    0.00    0.00    0.00    0.00     5      0.00      0.00       0       0   0.00  kworker/5:1-events
02:45:50 AM     0       122    0.00    0.00    0.00    0.00    0.00     1      0.00      0.00       0       0   0.00  nvme-wq
02:45:50 AM     0       123    0.00    0.00    0.00    0.00    0.00     5      0.00      0.00       0       0   0.00  nvme-reset-wq
02:45:50 AM     0       124    0.00    0.00    0.00    0.00    0.00     6      0.00      0.00       0       0   0.00  nvme-delete-wq
02:45:50 AM     0       125    0.00    0.00    0.00    0.00    0.00     6      0.00      0.00       0       0   0.00  uas
02:45:50 AM     0       126    0.00    0.00    0.00    0.00    0.00     0      0.00      0.00       0       0   0.00  irq/222-tegra_r
02:45:50 AM     0       127    0.00    0.00    0.00    0.00    0.00     0      0.00      0.00       0       0   0.00  kworker/7:2-events
02:45:50 AM     0       129    0.00    0.00    0.00    0.00    0.00     0      0.00      0.00       0       0   0.00  irq/86-tegra-oc
02:45:50 AM     0       130    0.00    0.00    0.00    0.00    0.00     5      0.00      0.00       0       0   0.00  dm_bufio_cache
02:45:50 AM     0       131    0.00    0.00    0.00    0.00    0.00     0      0.00      0.00       0       0   0.00  irq/223-max7762
02:45:50 AM     0       140    0.00    0.00    0.00    0.00    0.00     0      0.00      0.00       0       0   0.00  irq/55-bc00000.
02:45:50 AM     0       143    0.00    0.00    0.00    0.00    0.00     0      0.00      0.00       0       0   0.00  ipv6_addrconf
02:45:50 AM     0       144    0.00    0.00    0.00    0.00    0.00     6      0.00      0.00       0       0   0.00  krfcommd
02:45:50 AM     0       145    0.00    0.00    0.00    0.00    0.00     0      0.00      0.00       0       0   0.00  kstrp
02:45:50 AM     0       150    0.00    0.00    0.00    0.00    0.00     0      0.00      0.00       0       0   0.00  irq/24-tegra-pc
02:45:50 AM     0       154    0.00    0.00    0.00    0.00    0.00     0      0.00      0.00       0       0   0.00  irq/26-tegra-pc
02:45:50 AM     0       160    0.00    0.00    0.00    0.00    0.00     0      0.00      0.00       0       0   0.00  irq/26-aerdrv
02:45:50 AM     0       161    0.00    0.00    0.00    0.00    0.00     0      0.00      0.00       0       0   0.00  irq/28-tegra-pc
02:45:50 AM     0       162    0.00    0.00    0.00    0.00    0.00     0      0.00      0.00       0       0   0.00  irq/28-aerdrv
02:45:50 AM     0       163    0.00    0.00    0.00    0.00    0.00     5      0.00      0.00       0       0   0.00  host_low_prio_w
02:45:50 AM     0       164    0.00    1.00    0.00    0.00    1.00     0      0.00      0.00       0       0   0.00  irq/57-host_syn
02:45:50 AM     0       165    0.00    0.00    0.00    0.00    0.00     0      0.00      0.00       0       0   0.00  irq/58-host_sta
02:45:50 AM     0       173    0.00    0.00    0.00    0.00    0.00     5      0.00      0.00       0       0   0.00  pva_task_status
02:45:50 AM     0       174    0.00    0.00    0.00    0.00    0.00     0      0.00      0.00       0       0   0.00  irq/75-pva-isr
02:45:50 AM     0       175    0.00    0.00    0.00    0.00    0.00     0      0.00      0.00       0       0   0.00  pva_task_status
02:45:50 AM     0       176    0.00    0.00    0.00    0.00    0.00     0      0.00      0.00       0       0   0.00  irq/76-pva-isr
02:45:50 AM     0       185    0.00    0.00    0.00    0.00    0.00     0      0.00      0.00       0       0   0.00  sdhci
02:45:50 AM     0       186    0.00    0.00    0.00    0.00    0.00     0      0.00      0.00       0       0   0.00  irq/39-mmc0
02:45:50 AM     0       187    0.00    0.00    0.00    0.00    0.00     2      0.00      0.00       0       0   0.00  sdhci
02:45:50 AM     0       189    0.00    0.00    0.00    0.00    0.00     0      0.00      0.00       0       0   0.00  irq/40-mmc1
02:45:50 AM     0       195    0.00    0.00    0.00    0.00    0.00     7      0.00      0.00       0       0   0.00  scsi_eh_0
02:45:50 AM     0       196    0.00    0.00    0.00    0.00    0.00     7      0.00      0.00       0       0   0.00  scsi_tmf_0
02:45:50 AM     0       197    0.00    0.00    0.00    0.00    0.00     0      0.00      0.00       0       0   0.00  kworker/5:2-events
02:45:50 AM     0       198    0.00    0.00    0.00    0.00    0.00     0      0.00      0.00       0       0   0.00  irq/67-15200000
02:45:50 AM     0       199    0.00    0.00    0.00    0.00    0.00     1      0.00      0.00       0       0   0.00  tegradc.0/a
02:45:50 AM     0       200    0.00    0.00    0.00    0.00    0.00     0      0.00      0.00       0       0   0.00  tegradc.0/b
02:45:50 AM     0       201    0.00    0.00    0.00    0.00    0.00     0      0.00      0.00       0       0   0.00  tegradc.0/c
02:45:50 AM     0       202    0.00    0.00    0.00    0.00    0.00     0      0.00      0.00       0       0   0.00  tegradc.0/d
02:45:50 AM     0       203    0.00    0.00    0.00    0.00    0.00     0      0.00      0.00       0       0   0.00  tegradc.0/e
02:45:50 AM     0       204    0.00    0.00    0.00    0.00    0.00     0      0.00      0.00       0       0   0.00  tegradc.0/f
02:45:50 AM     0       205    0.00    0.00    0.00    0.00    0.00     0      0.00      0.00       0       0   0.00  tegradc.0/sl
02:45:50 AM     0       206    0.00    0.00    0.00    0.00    0.00     0      0.00      0.00       0       0   0.00  irq/62-15200000
02:45:50 AM     0       207    0.00    0.00    0.00    0.00    0.00     0      0.00      0.00       0       0   0.00  irq/276-3400000
02:45:50 AM     0       208    0.00    0.00    0.00    0.00    0.00     0      0.00      0.00       0       0   0.00  ufs_eh_wq_0
02:45:50 AM     0       209    0.00    0.00    0.00    0.00    0.00     3      0.00      0.00       0       0   0.00  mmc_complete
02:45:50 AM     0       211    0.00    0.00    0.00    0.00    0.00     0      0.00      0.00       0       0   0.00  irq/278-1520000
02:45:50 AM     0       212    0.00    0.00    0.00    0.00    0.00     0      0.00      0.00       0       0   0.00  irq/203-3610000
02:45:50 AM     0       213    0.00    0.00    0.00    0.00    0.00     0      0.00      0.00       0       0   0.00  irq/221-3610000
02:45:50 AM     0       214    0.00    0.00    0.00    0.00    0.00     0      0.00      0.00       0       0   0.00  irq/30-tegra-pc
02:45:50 AM     0       216    0.00    0.00    0.00    0.00    0.00     0      0.00      0.00       0       0   0.00  kworker/4:3-events
02:45:50 AM     0       218    0.00    0.00    0.00    0.00    0.00     4      0.00      0.00       0       0   0.00  kworker/4:5-events
02:45:50 AM     0       221    0.00    0.00    0.00    0.00    0.00     0      0.00      0.00       0       0   0.00  kworker/6:12-events
02:45:50 AM     0       222    0.00    0.00    0.00    0.00    0.00     0      0.00      0.00       0       0   0.00  kworker/6:13-events
02:45:50 AM     0       225    0.00    0.00    0.00    0.00    0.00     0      0.00      0.00       0       0   0.00  irq/68-tegra_dp
02:45:50 AM     0       226    0.00    0.00    0.00    0.00    0.00     0      0.00      0.00       0       0   0.00  irq/65-15210000
02:45:50 AM     0       227    0.00    0.00    0.00    0.00    0.00     0      0.00      0.00       0       0   0.00  tegradc.1/a
02:45:50 AM     0       228    0.00    0.00    0.00    0.00    0.00     0      0.00      0.00       0       0   0.00  tegradc.1/b
02:45:50 AM     0       229    0.00    0.00    0.00    0.00    0.00     0      0.00      0.00       0       0   0.00  tegradc.1/c
02:45:50 AM     0       230    0.00    0.00    0.00    0.00    0.00     0      0.00      0.00       0       0   0.00  tegradc.1/d
02:45:50 AM     0       231    0.00    0.00    0.00    0.00    0.00     0      0.00      0.00       0       0   0.00  tegradc.1/e
02:45:50 AM     0       232    0.00    0.00    0.00    0.00    0.00     0      0.00      0.00       0       0   0.00  tegradc.1/f
02:45:50 AM     0       233    0.00    0.00    0.00    0.00    0.00     1      0.00      0.00       0       0   0.00  tegradc.1/sl
02:45:50 AM     0       234    0.00    0.00    0.00    0.00    0.00     0      0.00      0.00       0       0   0.00  irq/63-15210000
02:45:50 AM     0       249    0.00    0.00    0.00    0.00    0.00     0      0.00      0.00       0       0   0.00  irq/56-d230000.
02:45:50 AM     0       250    0.00    0.00    0.00    0.00    0.00     0      0.00      0.00       0       0   0.00  irq/69-tegra_dp
02:45:50 AM     0       251    0.00    0.00    0.00    0.00    0.00     0      0.00      0.00       0       0   0.00  irq/66-15220000
02:45:50 AM     0       252    0.00    0.00    0.00    0.00    0.00     0      0.00      0.00       0       0   0.00  tegradc.2/a
02:45:50 AM     0       253    0.00    0.00    0.00    0.00    0.00     0      0.00      0.00       0       0   0.00  tegradc.2/b
02:45:50 AM     0       254    0.00    0.00    0.00    0.00    0.00     0      0.00      0.00       0       0   0.00  tegradc.2/c
02:45:50 AM     0       255    0.00    0.00    0.00    0.00    0.00     0      0.00      0.00       0       0   0.00  tegradc.2/d
02:45:50 AM     0       256    0.00    0.00    0.00    0.00    0.00     0      0.00      0.00       0       0   0.00  tegradc.2/e
02:45:50 AM     0       257    0.00    0.00    0.00    0.00    0.00     0      0.00      0.00       0       0   0.00  tegradc.2/f
02:45:50 AM     0       258    0.00    0.00    0.00    0.00    0.00     0      0.00      0.00       0       0   0.00  tegradc.2/sl
02:45:50 AM     0       259    0.00    0.00    0.00    0.00    0.00     0      0.00      0.00       0       0   0.00  irq/64-15220000
02:45:50 AM     0       275    0.00    0.00    0.00    0.00    0.00     0      0.00      0.00       0       0   0.00  jbd2/mmcblk0p1-
02:45:50 AM     0       276    0.00    0.00    0.00    0.00    0.00     3      0.00      0.00       0       0   0.00  ext4-rsv-conver
02:45:50 AM     0       280    0.00    0.00    0.00    0.00    0.00     7      0.00      0.00       0       0   0.00  kworker/7:1H
02:45:50 AM     0       286    0.00    0.00    0.00    0.00    0.00     5      0.00      0.00       0       0   0.00  kworker/5:1H-kblockd
02:45:50 AM     0       312    0.00    0.00    0.00    0.00    0.00     1      0.00      0.00   61816   31808   0.10  systemd-journal
02:45:50 AM     0       338    0.00    4.00    0.00   14.00    4.00     3      0.00      0.00       0       0   0.00  nvmap-bz
02:45:50 AM     0       339    0.00    0.00    0.00    0.00    0.00     0      0.00      0.00       0       0   0.00  irq/204-gk20a_s
02:45:50 AM     0       340    0.00    0.00    0.00    0.00    0.00     0      0.00      0.00       0       0   0.00  irq/205-gk20a_n
02:45:50 AM     0       345    0.00    0.00    0.00    0.00    0.00     3      0.00      0.00    2776    1492   0.00  tee-supplicant
02:45:50 AM     0       347    0.00    0.00    0.00    0.00    0.00     3      0.00      0.00       0       0   0.00  optee_bus_scan
02:45:50 AM     0       358    0.00    0.00    0.00    0.00    0.00     3      0.00      0.00   22788    7532   0.02  systemd-udevd
02:45:50 AM     0       364    0.00    0.00    0.00    0.00    0.00     1      0.00      0.00    7948    4892   0.02  haveged
02:45:50 AM   126       365    0.00    0.00    0.00    0.00    0.00     3      0.00      0.00    7136    3108   0.01  rpcbind
02:45:50 AM   105       366    0.00    0.00    0.00    0.00    0.00     1      0.00      0.00   25592   13288   0.04  systemd-resolve
02:45:50 AM   103       367    0.00    0.00    0.00    0.00    0.00     1      0.00      0.00   90672    6220   0.02  systemd-timesyn
02:45:50 AM     0       407    0.00    0.00    0.00    0.00    0.00     5      0.00      0.00       0       0   0.00  cfg80211
02:45:50 AM     0       410    0.00    0.00    0.00    0.00    0.00     0      0.00      0.00       0       0   0.00  irq/42-3210000.
02:45:50 AM     0       412    0.00    0.00    0.00    0.00    0.00     2      0.00      0.00       0       0   0.00  spi0
02:45:50 AM     0       413    0.00   17.00    0.00    1.00   17.00     1      0.00      0.00       0       0   0.00  irq/282-iwlwifi
02:45:50 AM     0       416    0.00    0.00    0.00    0.00    0.00     4      0.00      0.00       0       0   0.00  ata_sff
02:45:50 AM     0       419    0.00    0.00    0.00    0.00    0.00     0      0.00      0.00       0       0   0.00  irq/43-c260000.
02:45:50 AM     0       420    0.00    0.00    0.00    0.00    0.00     6      0.00      0.00       0       0   0.00  scsi_eh_1
02:45:50 AM     0       422    0.00    0.00    0.00    0.00    0.00     6      0.00      0.00       0       0   0.00  scsi_tmf_1
02:45:50 AM     0       427    0.00    0.00    0.00    0.00    0.00     0      0.00      0.00       0       0   0.00  spi1
02:45:50 AM     0       430    0.00    0.00    0.00    0.00    0.00     3      0.00      0.00  242072    8880   0.03  accounts-daemon
02:45:50 AM   120       439    0.00    0.00    0.00    0.00    0.00     1      0.00      0.00    7084    3472   0.01  avahi-daemon
02:45:50 AM     0       441    0.00    0.00    0.00    0.00    0.00     3      0.00      0.00    9220    2516   0.01  cron
02:45:50 AM   106       443    0.00    0.00    0.00    0.00    0.00     3      0.00      0.00    9396    5264   0.02  dbus-daemon
02:45:50 AM     0       447    0.00    0.00    0.00    0.00    0.00     1      0.00      0.00  341244   20856   0.07  NetworkManager
02:45:50 AM     0       456    0.00    0.00    0.00    0.00    0.00     4      0.00      0.00   38300   19472   0.06  networkd-dispat
02:45:50 AM     0       473    0.00    0.00    0.00    0.00    0.00     2      0.00      0.00  238860   13352   0.04  polkitd
02:45:50 AM   125       483    0.00    0.00    0.00    0.00    0.00     3      0.00      0.00  220940    8288   0.03  rsyslogd
02:45:50 AM     0       503    0.00    0.00    0.00    0.00    0.00     2      0.00      0.00  235864    4364   0.01  switcheroo-cont
02:45:50 AM     0       514    0.00    0.00    0.00    0.00    0.00     2      0.00      0.00   17076    6760   0.02  systemd-logind
02:45:50 AM     0       523    0.00    0.00    0.00    0.00    0.00     1      0.00      0.00  395556   15676   0.05  udisksd
02:45:50 AM     0       528    0.00    0.00    0.00    0.00    0.00     1      0.00      0.00   12784    8052   0.03  wpa_supplicant
02:45:50 AM     0       548    0.00    0.00    0.00    0.00    0.00     0      0.00      0.00       0       0   0.00  sugov:0
02:45:50 AM   120       555    0.00    0.00    0.00    0.00    0.00     2      0.00      0.00    6896     324   0.00  avahi-daemon
02:45:50 AM     0       585    0.00    0.00    0.00    0.00    0.00     5      0.00      0.00       0       0   0.00  tmp451
02:45:50 AM     0       597    0.00    0.00    0.00    0.00    0.00     3      0.00      0.00       0       0   0.00  irq/286-1-0008
02:45:50 AM     0       600    0.00    0.00    0.00    0.00    0.00     2      0.00      0.00  321792   14480   0.05  ModemManager
02:45:50 AM     0       653    0.00    0.00    0.00    0.00    0.00     0      0.00      0.00    2476     604   0.00  nvfancontrol
02:45:50 AM     0       728    0.00    0.00    0.00    0.00    0.00     4      0.00      0.00       0       0   0.00  adspp_kthread
02:45:50 AM     0       779    0.00    0.00    0.00    0.00    0.00     6      0.00      0.00       0       0   0.00  kworker/6:2H-kblockd
02:45:50 AM     0       876    0.00    0.00    0.00    0.00    0.00     1      0.00      0.00       0       0   0.00  irq/289-2490000
02:45:50 AM     0       887    0.00    0.00    0.00    0.00    0.00     0      0.00      0.00       0       0   0.00  irq/32-eth0.com
02:45:50 AM     0       919    0.00    0.00    0.00    0.00    0.00     4      0.00      0.00       0       0   0.00  file-storage
02:45:50 AM     0       953    0.00    0.00    0.00    0.00    0.00     1      0.00      0.00       0       0   0.00  loop0
02:45:50 AM     0      1048    0.00    0.00    0.00    0.00    0.00     4      0.00      0.00       0       0   0.00  kworker/4:2H-kblockd
02:45:50 AM     0      1091    0.00    0.00    0.00    0.00    0.00     3      0.00      0.00       0       0   0.00  cryptd
02:45:50 AM     0      1147    0.00    0.00    0.00    0.00    0.00     2      0.00      0.00       0       0   0.00  sw-quiesce
02:45:50 AM     0      1148    0.00    0.00    0.00    0.00    0.00     3      0.00      0.00       0       0   0.00  nvgpu_channel_p
02:45:50 AM     0      1151    0.00    0.00    0.00    0.00    0.00     1      0.00      0.00       0       0   0.00  nvgpu_nvs_gv11b
02:45:50 AM     0      1153    0.00    0.00    0.00    0.00    0.00     0      0.00      0.00       0       0   0.00  nvgpu_pg_init_g
02:45:50 AM     0      1157    0.00    0.00    0.00    0.00    0.00     2      0.00      0.00       0       0   0.00  nvgpu_clk_arb_p
02:45:50 AM     0      1162    0.00    0.00    0.00    0.00    0.00     3      0.00      0.00       0       0   0.00  irq/288-rt5659
02:45:50 AM     0      1270    0.00    0.00    0.00    0.00    0.00     3      0.00      0.00   55688   11092   0.03  nvargus-daemon
02:45:50 AM     0      1273    0.00    0.00    0.00    0.00    0.00     3      0.00      0.00   21932    1552   0.00  nvs-service
02:45:50 AM     0      1298    0.00    0.00    0.00    0.00    0.00     1      0.00      0.00 2007972   50424   0.16  containerd
02:45:50 AM     0      1314    0.00    0.00    0.00    0.00    0.00     0      0.00      0.00  240032    7616   0.02  gdm3
02:45:50 AM   108      1326    0.00    0.00    0.00    0.00    0.00     2      0.00      0.00   11468    1896   0.01  kerneloops
02:45:50 AM     0      1327    0.00    0.00    0.00    0.00    0.00     3      0.00      0.00   12236    6576   0.02  sshd
02:45:50 AM     0      1336    0.00    0.00    0.00    0.00    0.00     0      0.00      0.00    7688    1876   0.01  agetty
02:45:50 AM     0      1337    0.00    0.00    0.00    0.00    0.00     2      0.00      0.00    7688    1904   0.01  agetty
02:45:50 AM   108      1339    0.00    0.00    0.00    0.00    0.00     0      0.00      0.00   11468    1820   0.01  kerneloops
02:45:50 AM     0      1340    0.00    0.00    0.00    0.00    0.00     3      0.00      0.00    9216    2824   0.01  nvgetty.sh
02:45:50 AM     0      1379    0.00    0.00    0.00    0.00    0.00     0      0.00      0.00    7688    1848   0.01  getty
02:45:50 AM     0      1554    0.00    0.00    0.00    0.00    0.00     2      0.00      0.00 2111796   85472   0.27  dockerd
02:45:50 AM     0      1677    0.00    0.00    0.00    0.00    0.00     1      0.00      0.00  168472    8256   0.03  gdm-session-wor
02:45:50 AM     0      1711    0.00    0.00    0.00    0.00    0.00     0      0.00      0.00    3248     808   0.00  nvphsd
02:45:50 AM     0      1716    0.00    0.00    0.00    0.00    0.00     3      0.00      0.00    3380    1788   0.01  nvphsd
02:45:50 AM   124      1789    0.00    0.00    0.00    0.00    0.00     3      0.00      0.00   19144    9224   0.03  systemd
02:45:50 AM   124      1804    0.00    0.00    0.00    0.00    0.00     3      0.00      0.00  104488    5436   0.02  (sd-pam)
02:45:50 AM   124      2014    0.00    0.00    0.00    0.00    0.00     0      0.00      0.00  961884   21984   0.07  pulseaudio
02:45:50 AM   124      2032    0.00    0.00    0.00    0.00    0.00     2      0.00      0.00  164156    5924   0.02  gdm-x-session
02:45:50 AM   124      2037    0.00    0.00    0.00    0.00    0.00     1      0.00      0.00 25330232   99256   0.31  Xorg
02:45:50 AM   118      2040    0.00    0.00    0.00    0.00    0.00     1      0.00      0.00  152516    2440   0.01  rtkit-daemon
02:45:50 AM   124      2162    0.00    0.00    0.00    0.00    0.00     2      0.00      0.00    7812    3448   0.01  dbus-daemon
02:45:50 AM   124      2428    0.00    0.00    0.00    0.00    0.00     0      0.00      0.00    4776    1164   0.00  dbus-run-sessio
02:45:50 AM   124      2429    0.00    0.00    0.00    0.00    0.00     2      0.00      0.00    8088    4104   0.01  dbus-daemon
02:45:50 AM   124      2438    0.00    0.00    0.00    0.00    0.00     2      0.00      0.00  559768   14932   0.05  gnome-session-b
02:45:50 AM     0      2457    0.00    0.00    0.00    0.00    0.00     2      0.00      0.00  101692   19628   0.06  jtop
02:45:50 AM   124      2463    0.00    0.00    0.00    0.00    0.00     3      0.00      0.00  309548   10092   0.03  at-spi-bus-laun
02:45:50 AM   124      2470    0.00    0.00    0.00    0.00    0.00     1      0.00      0.00    7676    3468   0.01  dbus-daemon
02:45:50 AM   124      2495    0.00    0.00    0.00    0.00    0.00     1      0.00      0.00 4022996  194908   0.61  gnome-shell
02:45:50 AM     0      2510    0.00    0.00    0.00    0.00    0.00     1      0.00      0.00  175424   16904   0.05  jtop
02:45:50 AM     0      2518    0.00    0.00    0.00    0.00    0.00     2      0.00      0.00  101692   17160   0.05  jtop
02:45:50 AM   124      2696    0.00    0.00    0.00    0.00    0.00     0      0.00      0.00  314420   11212   0.04  ibus-daemon
02:45:50 AM   124      2699    0.00    0.00    0.00    0.00    0.00     2      0.00      0.00  239960   11792   0.04  ibus-dconf
02:45:50 AM   124      2701    0.00    0.00    0.00    0.00    0.00     2      0.00      0.00  189920   16900   0.05  ibus-x11
02:45:50 AM   124      2704    0.00    0.00    0.00    0.00    0.00     3      0.00      0.00  239880    7776   0.02  ibus-portal
02:45:50 AM   124      2715    0.00    0.00    0.00    0.00    0.00     1      0.00      0.00  161420    6880   0.02  at-spi2-registr
02:45:50 AM   124      2719    0.00    0.00    0.00    0.00    0.00     3      0.00      0.00  235804    4672   0.01  xdg-permission-
02:45:50 AM     0      2725    0.00    0.00    0.00    0.00    0.00     3      0.00      0.00  252944    8776   0.03  upowerd
02:45:50 AM   124      2745    0.00    0.00    0.00    0.00    0.00     2      0.00      0.00 3001620   27244   0.09  gjs
02:45:50 AM   124      2764    0.00    0.00    0.00    0.00    0.00     2      0.00      0.00  469396   14236   0.04  gsd-sharing
02:45:50 AM   124      2765    0.00    0.00    0.00    0.00    0.00     1      0.00      0.00  334628   15072   0.05  gsd-wacom
02:45:50 AM   124      2768    0.00    0.00    0.00    0.00    0.00     2      0.00      0.00  571788   19844   0.06  gsd-color
02:45:50 AM   124      2772    0.00    0.00    0.00    0.00    0.00     3      0.00      0.00  338096   17824   0.06  gsd-keyboard
02:45:50 AM   124      2774    0.00    0.00    0.00    0.00    0.00     2      0.00      0.00  322508   11376   0.04  gsd-print-notif
02:45:50 AM   124      2779    0.00    0.00    0.00    0.00    0.00     3      0.00      0.00  166208    7736   0.02  ibus-engine-sim
02:45:50 AM   124      2780    0.00    0.00    0.00    0.00    0.00     1      0.00      0.00  457460    7996   0.03  gsd-rfkill
02:45:50 AM   124      2782    0.00    0.00    0.00    0.00    0.00     1      0.00      0.00  391976    9696   0.03  gsd-smartcard
02:45:50 AM   124      2784    0.00    0.00    0.00    0.00    0.00     2      0.00      0.00  374928   15372   0.05  gsd-datetime
02:45:50 AM   124      2790    0.00    0.00    0.00    0.00    0.00     3      0.00      0.00  679696   20032   0.06  gsd-media-keys
02:45:50 AM   124      2791    0.00    0.00    0.00    0.00    0.00     3      0.00      0.00  235772    5600   0.02  gsd-screensaver
02:45:50 AM   124      2793    0.00    0.00    0.00    0.00    0.00     3      0.00      0.00  320104    9452   0.03  gsd-sound
02:45:50 AM   124      2795    0.00    0.00    0.00    0.00    0.00     3      0.00      0.00  313652   10144   0.03  gsd-a11y-settin
02:45:50 AM   124      2799    0.00    0.00    0.00    0.00    0.00     2      0.00      0.00  313992   10540   0.03  gsd-housekeepin
02:45:50 AM   124      2802    0.00    0.00    0.00    0.00    0.00     1      0.00      0.00  339724   18828   0.06  gsd-power
02:45:50 AM   124      2824    0.00    0.00    0.00    0.00    0.00     2      0.00      0.00  342540   12784   0.04  gsd-printer
02:45:50 AM   119      2837    0.00    0.00    0.00    0.00    0.00     2      0.00      0.00  249328   17548   0.06  colord
02:45:50 AM     0     29120    0.00    0.00    0.00    0.00    0.00     3      0.00      0.00       0       0   0.00  kworker/u17:2
02:45:50 AM     0     33852    0.00    0.00    0.00    0.00    0.00     1      0.00      0.00       0       0   0.00  kworker/1:0H-kblockd
02:45:50 AM     0     35048    0.00    0.00    0.00    0.00    0.00     1      0.00      0.00       0       0   0.00  kworker/u17:0-rb_allocator
02:45:50 AM  1000     39960    0.00    0.00    0.00    0.00    0.00     2      0.00      0.00   19248    9208   0.03  systemd
02:45:50 AM  1000     39961    0.00    0.00    0.00    0.00    0.00     2      0.00      0.00  170940    6304   0.02  (sd-pam)
02:45:50 AM  1000     40037    0.00    0.00    0.00    0.00    0.00     3      0.00      0.00    7812    3952   0.01  dbus-daemon
02:45:50 AM     0     40147    0.00    0.00    0.00    0.00    0.00     1      0.00      0.00       0       0   0.00  kworker/1:0-pm
02:45:50 AM     0     40174    0.00    0.00    0.00    0.00    0.00     2      0.00      0.00       0       0   0.00  kworker/2:2H-kblockd
02:45:50 AM     0     40194    0.00    0.00    0.00    0.00    0.00     3      0.00      0.00       0       0   0.00  kworker/3:0H-kblockd
02:45:50 AM     0     41650    0.00    0.00    0.00    0.00    0.00     3      0.00      0.00       0       0   0.00  kworker/3:0-events
02:45:50 AM     0     43913    0.00    0.00    0.00    0.00    0.00     2      0.00      0.00   14768    7560   0.02  sshd
02:45:50 AM  1000     43958    0.00    0.00    0.00    0.00    0.00     0      0.00      0.00   15292    6400   0.02  sshd
02:45:50 AM  1000     43959    0.00    0.00    0.00    0.00    0.00     1      0.00      0.00   11344    5444   0.02  bash
02:45:50 AM     0     50050    0.00    0.00    0.00    0.00    0.00     2      0.00      0.00   14768    7572   0.02  sshd
02:45:50 AM  1000     50094    0.00    0.00    0.00    0.00    0.00     3      0.00      0.00   15292    6428   0.02  sshd
02:45:50 AM  1000     50095    0.00    0.00    0.00    0.00    0.00     2      0.00      0.00   11344    5448   0.02  bash
02:45:50 AM     0     81462    0.00    0.00    0.00    0.00    0.00     2      0.00      0.00       0       0   0.00  kworker/2:2-mm_percpu_wq
02:45:50 AM     0     81478    0.00    0.00    0.00    0.00    0.00     0      0.00      0.00       0       0   0.00  kworker/0:1H-kblockd
02:45:50 AM  1000     84840    0.00    0.00    0.00    0.00    0.00     3      0.00      0.00  240176   10088   0.03  gnome-keyring-d
02:45:50 AM   124     84900    0.00    0.00    0.00    0.00    0.00     1      0.00      0.00  156240    4584   0.01  dconf-service
02:45:50 AM     0     85427    0.00    0.00    0.00    1.00    0.00     0      0.00      0.00       0       0   0.00  kworker/0:2-events
02:45:50 AM     0     86310    0.00    1.00    0.00    0.00    1.00     2      0.00      0.00       0       0   0.00  kworker/u16:1-events_unbound
02:45:50 AM     0     86312    0.00    0.00    0.00    0.00    0.00     3      0.00      0.00   14768    7564   0.02  sshd
02:45:50 AM  1000     86356    0.00    0.00    0.00    0.00    0.00     0      0.00      0.00   15292    6380   0.02  sshd
02:45:50 AM  1000     86357    0.00    0.00    0.00    0.00    0.00     1      0.00      0.00   11344    5440   0.02  bash
02:45:50 AM     0     86549    0.00    0.00    0.00    0.00    0.00     2      0.00      0.00   14768    7664   0.02  sshd
02:45:50 AM  1000     86593    0.00    0.00    0.00    0.00    0.00     1      0.00      0.00   15292    6480   0.02  sshd
02:45:50 AM  1000     86594    0.00    0.00    0.00    0.00    0.00     3      0.00      0.00   11860    5896   0.02  bash
02:45:50 AM     0     86632    0.00    0.00    0.00    0.00    0.00     3      0.00      0.00       0       0   0.00  kworker/3:2
02:45:50 AM     0     87290    0.00    0.00    0.00    0.00    0.00     0      0.00      0.00   14768    7584   0.02  sshd
02:45:50 AM  1000     87334    0.00    0.00    0.00    0.00    0.00     0      0.00      0.00   15292    6412   0.02  sshd
02:45:50 AM  1000     87335    0.00    0.00    0.00    0.00    0.00     2      0.00      0.00   11344    5436   0.02  bash
02:45:50 AM     0     89981    0.00    0.00    0.00    0.00    0.00     1      0.00      0.00       0       0   0.00  kworker/1:1-events
02:45:50 AM     0     95050    0.00    0.00    0.00    0.00    0.00     2      0.00      0.00       0       0   0.00  kworker/2:0-events
02:45:50 AM     0     96173    0.00    0.00    0.00    0.00    0.00     1      0.00      0.00       0       0   0.00  kworker/1:2-pm
02:45:50 AM     0     99494    0.00    0.00    0.00    0.00    0.00     3      0.00      0.00       0       0   0.00  kworker/u16:3-events_unbound
02:45:50 AM     0    107801    0.00    0.00    0.00    0.00    0.00     1      0.00      0.00       0       0   0.00  kworker/1:2H
02:45:50 AM     0    122883    0.00    1.00    0.00    0.00    1.00     0      0.00      0.00       0       0   0.00  kworker/u16:2-events_unbound
02:45:50 AM     0    123203    0.00    0.00    0.00    0.00    0.00     3      0.00      0.00       0       0   0.00  kworker/3:2H
02:45:50 AM     0    124025    0.00    0.00    0.00    0.00    0.00     2      0.00      0.00       0       0   0.00  kworker/2:0H
02:45:50 AM     0    130503    0.00    0.00    0.00    0.00    0.00     0      0.00      0.00       0       0   0.00  kworker/0:0H
02:45:50 AM     0    130577    0.00    0.00    0.00    0.00    0.00     0      0.00      0.00       0       0   0.00  kworker/0:1-events
02:45:50 AM     0    130584    0.00    0.00    0.00    0.00    0.00     2      0.00      0.00   14768    7576   0.02  sshd
02:45:50 AM  1000    130628    1.00    2.00    0.00    1.00    3.00     2      0.00      0.00   16676    7816   0.02  sshd
02:45:50 AM  1000    130629    0.00    0.00    0.00    0.00    0.00     3      0.00      0.00   11344    5436   0.02  bash
02:45:50 AM  1000    130765    0.00    0.00    0.00    0.00    0.00     1      0.00      0.00  283948   43148   0.14  roslaunch
02:45:50 AM  1000    130773    0.00    0.00    0.00    0.00    0.00     1      0.00      0.00  797980   45680   0.14  rosmaster
02:45:50 AM  1000    130783    0.00    0.00    0.00    0.00    0.00     2      0.00      0.00  274964   10152   0.03  rosout
02:45:50 AM  1000    130790   65.00   74.00    0.00    6.00  139.00     1      0.00      0.00 34790064  696556   2.19  scale_truck_con
02:45:50 AM  1000    130791   39.00   82.00    0.00    0.00  121.00     1      0.00      0.00 1571432  113560   0.36  LRC
02:45:50 AM  1000    130854    0.00    0.00    0.00    0.00    0.00     0      0.00      0.00  724884   72480   0.23  python3
02:45:50 AM     0    131985    0.00    0.00    0.00    0.00    0.00     2      0.00      0.00       0       0   0.00  kworker/2:1H
02:45:50 AM     0    132214    0.00    0.00    0.00    0.00    0.00     1      0.00      0.00       0       0   0.00  kworker/1:1H
02:45:50 AM     0    133801    0.00    0.00    0.00    0.00    0.00     0      0.00      0.00       0       0   0.00  kworker/0:0-pm
02:45:50 AM     0    137289    0.00    0.00    0.00    0.00    0.00     1      0.00      0.00       0       0   0.00  kworker/1:3
02:45:50 AM  1000    137689    0.00    0.00    0.00    0.00    0.00     1      0.00      0.00    9208    3064   0.01  bash
02:45:50 AM  1000    138038    4.00   12.00    0.00   11.00   16.00     2      0.00      0.00   17716   10256   0.03  pidstat

# Time        UID       PID    %usr %system  %guest   %wait    %CPU   CPU  minflt/s  majflt/s     VSZ     RSS   %MEM  Command
02:45:51 AM     0         1    0.00    0.00    0.00    0.00    0.00     0      0.00      0.00  169880   11540   0.04  systemd
02:45:51 AM     0         2    0.00    0.00    0.00    0.00    0.00     1      0.00      0.00       0       0   0.00  kthreadd
02:45:51 AM     0         3    0.00    0.00    0.00    0.00    0.00     0      0.00      0.00       0       0   0.00  rcu_gp
02:45:51 AM     0         4    0.00    0.00    0.00    0.00    0.00     0      0.00      0.00       0       0   0.00  rcu_par_gp
02:45:51 AM     0         8    0.00    0.00    0.00    0.00    0.00     0      0.00      0.00       0       0   0.00  mm_percpu_wq
02:45:51 AM     0         9    0.00    0.00    0.00    0.00    0.00     0      0.00      0.00       0       0   0.00  rcu_tasks_kthre
02:45:51 AM     0        10    0.00    0.00    0.00    0.00    0.00     0      0.00      0.00       0       0   0.00  rcu_tasks_rude_
02:45:51 AM     0        11    0.00    0.00    0.00    0.00    0.00     0      0.00      0.00       0       0   0.00  rcu_tasks_trace
02:45:51 AM     0        12    0.00    0.00    0.00    0.00    0.00     0      0.00      0.00       0       0   0.00  ksoftirqd/0
02:45:51 AM     0        13    0.00    0.00    0.00    0.00    0.00     3      0.00      0.00       0       0   0.00  rcu_preempt
02:45:51 AM     0        14    0.00    0.00    0.00    0.00    0.00     0      0.00      0.00       0       0   0.00  migration/0
02:45:51 AM     0        16    0.00    0.00    0.00    0.00    0.00     0      0.00      0.00       0       0   0.00  cpuhp/0
02:45:51 AM     0        17    0.00    0.00    0.00    0.00    0.00     1      0.00      0.00       0       0   0.00  cpuhp/1
02:45:51 AM     0        18    0.00    0.00    0.00    0.00    0.00     1      0.00      0.00       0       0   0.00  migration/1
02:45:51 AM     0        19    0.00    1.00    0.00    0.00    1.00     1      0.00      0.00       0       0   0.00  ksoftirqd/1
02:45:51 AM     0        22    0.00    0.00    0.00    0.00    0.00     2      0.00      0.00       0       0   0.00  cpuhp/2
02:45:51 AM     0        23    0.00    0.00    0.00    0.00    0.00     2      0.00      0.00       0       0   0.00  migration/2
02:45:51 AM     0        24    0.00    0.00    0.00    0.00    0.00     2      0.00      0.00       0       0   0.00  ksoftirqd/2
02:45:51 AM     0        27    0.00    0.00    0.00    0.00    0.00     3      0.00      0.00       0       0   0.00  cpuhp/3
02:45:51 AM     0        28    0.00    0.00    0.00    0.00    0.00     3      0.00      0.00       0       0   0.00  migration/3
02:45:51 AM     0        29    0.00    0.00    0.00    0.00    0.00     3      0.00      0.00       0       0   0.00  ksoftirqd/3
02:45:51 AM     0        32    0.00    0.00    0.00    0.00    0.00     4      0.00      0.00       0       0   0.00  cpuhp/4
02:45:51 AM     0        33    0.00    0.00    0.00    0.00    0.00     4      0.00      0.00       0       0   0.00  migration/4
02:45:51 AM     0        34    0.00    0.00    0.00    0.00    0.00     4      0.00      0.00       0       0   0.00  ksoftirqd/4
02:45:51 AM     0        36    0.00    0.00    0.00    0.00    0.00     4      0.00      0.00       0       0   0.00  kworker/4:0H-kblockd
02:45:51 AM     0        37    0.00    0.00    0.00    0.00    0.00     5      0.00      0.00       0       0   0.00  cpuhp/5
02:45:51 AM     0        38    0.00    0.00    0.00    0.00    0.00     5      0.00      0.00       0       0   0.00  migration/5
02:45:51 AM     0        39    0.00    0.00    0.00    0.00    0.00     5      0.00      0.00       0       0   0.00  ksoftirqd/5
02:45:51 AM     0        41    0.00    0.00    0.00    0.00    0.00     5      0.00      0.00       0       0   0.00  kworker/5:0H-kblockd
02:45:51 AM     0        42    0.00    0.00    0.00    0.00    0.00     6      0.00      0.00       0       0   0.00  cpuhp/6
02:45:51 AM     0        43    0.00    0.00    0.00    0.00    0.00     6      0.00      0.00       0       0   0.00  migration/6
02:45:51 AM     0        44    0.00    0.00    0.00    0.00    0.00     6      0.00      0.00       0       0   0.00  ksoftirqd/6
02:45:51 AM     0        46    0.00    0.00    0.00    0.00    0.00     6      0.00      0.00       0       0   0.00  kworker/6:0H-events_highpri
02:45:51 AM     0        47    0.00    0.00    0.00    0.00    0.00     7      0.00      0.00       0       0   0.00  cpuhp/7
02:45:51 AM     0        48    0.00    0.00    0.00    0.00    0.00     7      0.00      0.00       0       0   0.00  migration/7
02:45:51 AM     0        49    0.00    0.00    0.00    0.00    0.00     7      0.00      0.00       0       0   0.00  ksoftirqd/7
02:45:51 AM     0        50    0.00    0.00    0.00    0.00    0.00     0      0.00      0.00       0       0   0.00  kworker/7:0-rcu_gp
02:45:51 AM     0        51    0.00    0.00    0.00    0.00    0.00     7      0.00      0.00       0       0   0.00  kworker/7:0H-kblockd
02:45:51 AM     0        52    0.00    0.00    0.00    0.00    0.00     0      0.00      0.00       0       0   0.00  kdevtmpfs
02:45:51 AM     0        53    0.00    0.00    0.00    0.00    0.00     4      0.00      0.00       0       0   0.00  netns
02:45:51 AM     0        54    0.00    0.00    0.00    0.00    0.00     1      0.00      0.00       0       0   0.00  kauditd
02:45:51 AM     0        55    0.00    0.00    0.00    0.00    0.00     0      0.00      0.00       0       0   0.00  irq/87-mc_statu
02:45:51 AM     0        56    0.00    0.00    0.00    0.00    0.00     2      0.00      0.00       0       0   0.00  khungtaskd
02:45:51 AM     0        57    0.00    0.00    0.00    0.00    0.00     3      0.00      0.00       0       0   0.00  oom_reaper
02:45:51 AM     0        58    0.00    0.00    0.00    0.00    0.00     5      0.00      0.00       0       0   0.00  writeback
02:45:51 AM     0        59    0.00    0.00    0.00    0.00    0.00     3      0.00      0.00       0       0   0.00  kcompactd0
02:45:51 AM     0        60    0.00    0.00    0.00    0.00    0.00     1      0.00      0.00       0       0   0.00  ksmd
02:45:51 AM     0        61    0.00    0.00    0.00    0.00    0.00     2      0.00      0.00       0       0   0.00  khugepaged
02:45:51 AM     0        93    0.00    0.00    0.00    0.00    0.00     1      0.00      0.00       0       0   0.00  kintegrityd
02:45:51 AM     0        94    0.00    0.00    0.00    0.00    0.00     1      0.00      0.00       0       0   0.00  kblockd
02:45:51 AM     0        95    0.00    0.00    0.00    0.00    0.00     1      0.00      0.00       0       0   0.00  blkcg_punt_bio
02:45:51 AM     0        97    0.00    0.00    0.00    0.00    0.00     3      0.00      0.00       0       0   0.00  tpm_dev_wq
02:45:51 AM     0        98    0.00    0.00    0.00    0.00    0.00     0      0.00      0.00       0       0   0.00  irq/197-30c0000
02:45:51 AM     0        99    0.00    0.00    0.00    0.00    0.00     1      0.00      0.00       0       0   0.00  devfreq_wq
02:45:51 AM     0       100    0.00    0.00    0.00    0.00    0.00     1      0.00      0.00       0       0   0.00  watchdogd
02:45:51 AM     0       104    0.00    0.00    0.00    0.00    0.00     7      0.00      0.00       0       0   0.00  rpciod
02:45:51 AM     0       106    0.00    0.00    0.00    0.00    0.00     7      0.00      0.00       0       0   0.00  xprtiod
02:45:51 AM     0       108    0.00    0.00    0.00    0.00    0.00     7      0.00      0.00       0       0   0.00  kswapd0
02:45:51 AM     0       109    0.00    0.00    0.00    0.00    0.00     5      0.00      0.00       0       0   0.00  nfsiod
02:45:51 AM     0       112    0.00    0.00    0.00    0.00    0.00     1      0.00      0.00       0       0   0.00  kthrotld
02:45:51 AM     0       113    0.00    0.00    0.00    0.00    0.00     7      0.00      0.00       0       0   0.00  kpcitest
02:45:51 AM     0       116    0.00    0.00    0.00    0.00    0.00     5      0.00      0.00       0       0   0.00  kworker/5:1-events
02:45:51 AM     0       122    0.00    0.00    0.00    0.00    0.00     1      0.00      0.00       0       0   0.00  nvme-wq
02:45:51 AM     0       123    0.00    0.00    0.00    0.00    0.00     5      0.00      0.00       0       0   0.00  nvme-reset-wq
02:45:51 AM     0       124    0.00    0.00    0.00    0.00    0.00     6      0.00      0.00       0       0   0.00  nvme-delete-wq
02:45:51 AM     0       125    0.00    0.00    0.00    0.00    0.00     6      0.00      0.00       0       0   0.00  uas
02:45:51 AM     0       126    0.00    0.00    0.00    0.00    0.00     0      0.00      0.00       0       0   0.00  irq/222-tegra_r
02:45:51 AM     0       127    0.00    0.00    0.00    0.00    0.00     0      0.00      0.00       0       0   0.00  kworker/7:2-events
02:45:51 AM     0       129    0.00    0.00    0.00    0.00    0.00     0      0.00      0.00       0       0   0.00  irq/86-tegra-oc
02:45:51 AM     0       130    0.00    0.00    0.00    0.00    0.00     5      0.00      0.00       0       0   0.00  dm_bufio_cache
02:45:51 AM     0       131    0.00    0.00    0.00    0.00    0.00     0      0.00      0.00       0       0   0.00  irq/223-max7762
02:45:51 AM     0       140    0.00    0.00    0.00    0.00    0.00     0      0.00      0.00       0       0   0.00  irq/55-bc00000.
02:45:51 AM     0       143    0.00    0.00    0.00    0.00    0.00     0      0.00      0.00       0       0   0.00  ipv6_addrconf
02:45:51 AM     0       144    0.00    0.00    0.00    0.00    0.00     6      0.00      0.00       0       0   0.00  krfcommd
02:45:51 AM     0       145    0.00    0.00    0.00    0.00    0.00     0      0.00      0.00       0       0   0.00  kstrp
02:45:51 AM     0       150    0.00    0.00    0.00    0.00    0.00     0      0.00      0.00       0       0   0.00  irq/24-tegra-pc
02:45:51 AM     0       154    0.00    0.00    0.00    0.00    0.00     0      0.00      0.00       0       0   0.00  irq/26-tegra-pc
02:45:51 AM     0       160    0.00    0.00    0.00    0.00    0.00     0      0.00      0.00       0       0   0.00  irq/26-aerdrv
02:45:51 AM     0       161    0.00    0.00    0.00    0.00    0.00     0      0.00      0.00       0       0   0.00  irq/28-tegra-pc
02:45:51 AM     0       162    0.00    0.00    0.00    0.00    0.00     0      0.00      0.00       0       0   0.00  irq/28-aerdrv
02:45:51 AM     0       163    0.00    0.00    0.00    0.00    0.00     5      0.00      0.00       0       0   0.00  host_low_prio_w
02:45:51 AM     0       164    0.00    0.00    0.00    0.00    0.00     0      0.00      0.00       0       0   0.00  irq/57-host_syn
02:45:51 AM     0       165    0.00    0.00    0.00    0.00    0.00     0      0.00      0.00       0       0   0.00  irq/58-host_sta
02:45:51 AM     0       173    0.00    0.00    0.00    0.00    0.00     5      0.00      0.00       0       0   0.00  pva_task_status
02:45:51 AM     0       174    0.00    0.00    0.00    0.00    0.00     0      0.00      0.00       0       0   0.00  irq/75-pva-isr
02:45:51 AM     0       175    0.00    0.00    0.00    0.00    0.00     0      0.00      0.00       0       0   0.00  pva_task_status
02:45:51 AM     0       176    0.00    0.00    0.00    0.00    0.00     0      0.00      0.00       0       0   0.00  irq/76-pva-isr
02:45:51 AM     0       185    0.00    0.00    0.00    0.00    0.00     0      0.00      0.00       0       0   0.00  sdhci
02:45:51 AM     0       186    0.00    0.00    0.00    0.00    0.00     0      0.00      0.00       0       0   0.00  irq/39-mmc0
02:45:51 AM     0       187    0.00    0.00    0.00    0.00    0.00     2      0.00      0.00       0       0   0.00  sdhci
02:45:51 AM     0       189    0.00    0.00    0.00    0.00    0.00     0      0.00      0.00       0       0   0.00  irq/40-mmc1
02:45:51 AM     0       195    0.00    0.00    0.00    0.00    0.00     7      0.00      0.00       0       0   0.00  scsi_eh_0
02:45:51 AM     0       196    0.00    0.00    0.00    0.00    0.00     7      0.00      0.00       0       0   0.00  scsi_tmf_0
02:45:51 AM     0       197    0.00    0.00    0.00    0.00    0.00     0      0.00      0.00       0       0   0.00  kworker/5:2-events
02:45:51 AM     0       198    0.00    0.00    0.00    0.00    0.00     0      0.00      0.00       0       0   0.00  irq/67-15200000
02:45:51 AM     0       199    0.00    0.00    0.00    0.00    0.00     1      0.00      0.00       0       0   0.00  tegradc.0/a
02:45:51 AM     0       200    0.00    0.00    0.00    0.00    0.00     0      0.00      0.00       0       0   0.00  tegradc.0/b
02:45:51 AM     0       201    0.00    0.00    0.00    0.00    0.00     0      0.00      0.00       0       0   0.00  tegradc.0/c
02:45:51 AM     0       202    0.00    0.00    0.00    0.00    0.00     0      0.00      0.00       0       0   0.00  tegradc.0/d
02:45:51 AM     0       203    0.00    0.00    0.00    0.00    0.00     0      0.00      0.00       0       0   0.00  tegradc.0/e
02:45:51 AM     0       204    0.00    0.00    0.00    0.00    0.00     0      0.00      0.00       0       0   0.00  tegradc.0/f
02:45:51 AM     0       205    0.00    0.00    0.00    0.00    0.00     0      0.00      0.00       0       0   0.00  tegradc.0/sl
02:45:51 AM     0       206    0.00    0.00    0.00    0.00    0.00     0      0.00      0.00       0       0   0.00  irq/62-15200000
02:45:51 AM     0       207    0.00    0.00    0.00    0.00    0.00     0      0.00      0.00       0       0   0.00  irq/276-3400000
02:45:51 AM     0       208    0.00    0.00    0.00    0.00    0.00     0      0.00      0.00       0       0   0.00  ufs_eh_wq_0
02:45:51 AM     0       209    0.00    0.00    0.00    0.00    0.00     3      0.00      0.00       0       0   0.00  mmc_complete
02:45:51 AM     0       211    0.00    0.00    0.00    0.00    0.00     0      0.00      0.00       0       0   0.00  irq/278-1520000
02:45:51 AM     0       212    0.00    0.00    0.00    0.00    0.00     0      0.00      0.00       0       0   0.00  irq/203-3610000
02:45:51 AM     0       213    0.00    0.00    0.00    0.00    0.00     0      0.00      0.00       0       0   0.00  irq/221-3610000
02:45:51 AM     0       214    0.00    0.00    0.00    0.00    0.00     0      0.00      0.00       0       0   0.00  irq/30-tegra-pc
02:45:51 AM     0       216    0.00    0.00    0.00    0.00    0.00     0      0.00      0.00       0       0   0.00  kworker/4:3-events
02:45:51 AM     0       218    0.00    0.00    0.00    0.00    0.00     4      0.00      0.00       0       0   0.00  kworker/4:5-events
02:45:51 AM     0       221    0.00    0.00    0.00    0.00    0.00     0      0.00      0.00       0       0   0.00  kworker/6:12-events
02:45:51 AM     0       222    0.00    0.00    0.00    0.00    0.00     0      0.00      0.00       0       0   0.00  kworker/6:13-events
02:45:51 AM     0       225    0.00    0.00    0.00    0.00    0.00     0      0.00      0.00       0       0   0.00  irq/68-tegra_dp
02:45:51 AM     0       226    0.00    0.00    0.00    0.00    0.00     0      0.00      0.00       0       0   0.00  irq/65-15210000
02:45:51 AM     0       227    0.00    0.00    0.00    0.00    0.00     0      0.00      0.00       0       0   0.00  tegradc.1/a
02:45:51 AM     0       228    0.00    0.00    0.00    0.00    0.00     0      0.00      0.00       0       0   0.00  tegradc.1/b
02:45:51 AM     0       229    0.00    0.00    0.00    0.00    0.00     0      0.00      0.00       0       0   0.00  tegradc.1/c
02:45:51 AM     0       230    0.00    0.00    0.00    0.00    0.00     0      0.00      0.00       0       0   0.00  tegradc.1/d
02:45:51 AM     0       231    0.00    0.00    0.00    0.00    0.00     0      0.00      0.00       0       0   0.00  tegradc.1/e
02:45:51 AM     0       232    0.00    0.00    0.00    0.00    0.00     0      0.00      0.00       0       0   0.00  tegradc.1/f
02:45:51 AM     0       233    0.00    0.00    0.00    0.00    0.00     1      0.00      0.00       0       0   0.00  tegradc.1/sl
02:45:51 AM     0       234    0.00    0.00    0.00    0.00    0.00     0      0.00      0.00       0       0   0.00  irq/63-15210000
02:45:51 AM     0       249    0.00    0.00    0.00    0.00    0.00     0      0.00      0.00       0       0   0.00  irq/56-d230000.
02:45:51 AM     0       250    0.00    0.00    0.00    0.00    0.00     0      0.00      0.00       0       0   0.00  irq/69-tegra_dp
02:45:51 AM     0       251    0.00    0.00    0.00    0.00    0.00     0      0.00      0.00       0       0   0.00  irq/66-15220000
02:45:51 AM     0       252    0.00    0.00    0.00    0.00    0.00     0      0.00      0.00       0       0   0.00  tegradc.2/a
02:45:51 AM     0       253    0.00    0.00    0.00    0.00    0.00     0      0.00      0.00       0       0   0.00  tegradc.2/b
02:45:51 AM     0       254    0.00    0.00    0.00    0.00    0.00     0      0.00      0.00       0       0   0.00  tegradc.2/c
02:45:51 AM     0       255    0.00    0.00    0.00    0.00    0.00     0      0.00      0.00       0       0   0.00  tegradc.2/d
02:45:51 AM     0       256    0.00    0.00    0.00    0.00    0.00     0      0.00      0.00       0       0   0.00  tegradc.2/e
02:45:51 AM     0       257    0.00    0.00    0.00    0.00    0.00     0      0.00      0.00       0       0   0.00  tegradc.2/f
02:45:51 AM     0       258    0.00    0.00    0.00    0.00    0.00     0      0.00      0.00       0       0   0.00  tegradc.2/sl
02:45:51 AM     0       259    0.00    0.00    0.00    0.00    0.00     0      0.00      0.00       0       0   0.00  irq/64-15220000
02:45:51 AM     0       275    0.00    0.00    0.00    0.00    0.00     2      0.00      0.00       0       0   0.00  jbd2/mmcblk0p1-
02:45:51 AM     0       276    0.00    0.00    0.00    0.00    0.00     3      0.00      0.00       0       0   0.00  ext4-rsv-conver
02:45:51 AM     0       280    0.00    0.00    0.00    0.00    0.00     7      0.00      0.00       0       0   0.00  kworker/7:1H
02:45:51 AM     0       286    0.00    0.00    0.00    0.00    0.00     5      0.00      0.00       0       0   0.00  kworker/5:1H-kblockd
02:45:51 AM     0       312    0.00    0.00    0.00    0.00    0.00     1      0.00      0.00   61816   31808   0.10  systemd-journal
02:45:51 AM     0       338    0.00    5.00    0.00   10.00    5.00     1      0.00      0.00       0       0   0.00  nvmap-bz
02:45:51 AM     0       339    0.00    0.00    0.00    0.00    0.00     0      0.00      0.00       0       0   0.00  irq/204-gk20a_s
02:45:51 AM     0       340    0.00    0.00    0.00    0.00    0.00     0      0.00      0.00       0       0   0.00  irq/205-gk20a_n
02:45:51 AM     0       345    0.00    0.00    0.00    0.00    0.00     3      0.00      0.00    2776    1492   0.00  tee-supplicant
02:45:51 AM     0       347    0.00    0.00    0.00    0.00    0.00     3      0.00      0.00       0       0   0.00  optee_bus_scan
02:45:51 AM     0       358    0.00    0.00    0.00    0.00    0.00     3      0.00      0.00   22788    7532   0.02  systemd-udevd
02:45:51 AM     0       364    0.00    0.00    0.00    0.00    0.00     1      0.00      0.00    7948    4892   0.02  haveged
02:45:51 AM   126       365    0.00    0.00    0.00    0.00    0.00     3      0.00      0.00    7136    3108   0.01  rpcbind
02:45:51 AM   105       366    0.00    0.00    0.00    0.00    0.00     1      0.00      0.00   25592   13288   0.04  systemd-resolve
02:45:51 AM   103       367    0.00    0.00    0.00    0.00    0.00     1      0.00      0.00   90672    6220   0.02  systemd-timesyn
02:45:51 AM     0       407    0.00    0.00    0.00    0.00    0.00     5      0.00      0.00       0       0   0.00  cfg80211
02:45:51 AM     0       410    0.00    0.00    0.00    0.00    0.00     0      0.00      0.00       0       0   0.00  irq/42-3210000.
02:45:51 AM     0       412    0.00    0.00    0.00    0.00    0.00     2      0.00      0.00       0       0   0.00  spi0
02:45:51 AM     0       413    0.00   14.00    0.00    0.00   14.00     1      0.00      0.00       0       0   0.00  irq/282-iwlwifi
02:45:51 AM     0       416    0.00    0.00    0.00    0.00    0.00     4      0.00      0.00       0       0   0.00  ata_sff
02:45:51 AM     0       419    0.00    0.00    0.00    0.00    0.00     0      0.00      0.00       0       0   0.00  irq/43-c260000.
02:45:51 AM     0       420    0.00    0.00    0.00    0.00    0.00     6      0.00      0.00       0       0   0.00  scsi_eh_1
02:45:51 AM     0       422    0.00    0.00    0.00    0.00    0.00     6      0.00      0.00       0       0   0.00  scsi_tmf_1
02:45:51 AM     0       427    0.00    0.00    0.00    0.00    0.00     0      0.00      0.00       0       0   0.00  spi1
02:45:51 AM     0       430    0.00    0.00    0.00    0.00    0.00     3      0.00      0.00  242072    8880   0.03  accounts-daemon
02:45:51 AM   120       439    0.00    0.00    0.00    0.00    0.00     1      0.00      0.00    7084    3472   0.01  avahi-daemon
02:45:51 AM     0       441    0.00    0.00    0.00    0.00    0.00     3      0.00      0.00    9220    2516   0.01  cron
02:45:51 AM   106       443    0.00    0.00    0.00    0.00    0.00     3      0.00      0.00    9396    5264   0.02  dbus-daemon
02:45:51 AM     0       447    0.00    0.00    0.00    0.00    0.00     1      0.00      0.00  341244   20856   0.07  NetworkManager
02:45:51 AM     0       456    0.00    0.00    0.00    0.00    0.00     4      0.00      0.00   38300   19472   0.06  networkd-dispat
02:45:51 AM     0       473    0.00    0.00    0.00    0.00    0.00     2      0.00      0.00  238860   13352   0.04  polkitd
02:45:51 AM   125       483    0.00    0.00    0.00    0.00    0.00     3      0.00      0.00  220940    8288   0.03  rsyslogd
02:45:51 AM     0       503    0.00    0.00    0.00    0.00    0.00     2      0.00      0.00  235864    4364   0.01  switcheroo-cont
02:45:51 AM     0       514    0.00    0.00    0.00    0.00    0.00     2      0.00      0.00   17076    6760   0.02  systemd-logind
02:45:51 AM     0       523    0.00    0.00    0.00    0.00    0.00     1      0.00      0.00  395556   15676   0.05  udisksd
02:45:51 AM     0       528    0.00    0.00    0.00    0.00    0.00     1      0.00      0.00   12784    8052   0.03  wpa_supplicant
02:45:51 AM     0       548    0.00    0.00    0.00    0.00    0.00     0      0.00      0.00       0       0   0.00  sugov:0
02:45:51 AM   120       555    0.00    0.00    0.00    0.00    0.00     2      0.00      0.00    6896     324   0.00  avahi-daemon
02:45:51 AM     0       585    0.00    0.00    0.00    0.00    0.00     5      0.00      0.00       0       0   0.00  tmp451
02:45:51 AM     0       597    0.00    0.00    0.00    0.00    0.00     3      0.00      0.00       0       0   0.00  irq/286-1-0008
02:45:51 AM     0       600    0.00    0.00    0.00    0.00    0.00     2      0.00      0.00  321792   14480   0.05  ModemManager
02:45:51 AM     0       653    0.00    0.00    0.00    0.00    0.00     0      0.00      0.00    2476     604   0.00  nvfancontrol
02:45:51 AM     0       728    0.00    0.00    0.00    0.00    0.00     4      0.00      0.00       0       0   0.00  adspp_kthread
02:45:51 AM     0       779    0.00    0.00    0.00    0.00    0.00     6      0.00      0.00       0       0   0.00  kworker/6:2H-kblockd
02:45:51 AM     0       876    0.00    0.00    0.00    0.00    0.00     1      0.00      0.00       0       0   0.00  irq/289-2490000
02:45:51 AM     0       887    0.00    0.00    0.00    0.00    0.00     0      0.00      0.00       0       0   0.00  irq/32-eth0.com
02:45:51 AM     0       919    0.00    0.00    0.00    0.00    0.00     4      0.00      0.00       0       0   0.00  file-storage
02:45:51 AM     0       953    0.00    0.00    0.00    0.00    0.00     1      0.00      0.00       0       0   0.00  loop0
02:45:51 AM     0      1048    0.00    0.00    0.00    0.00    0.00     4      0.00      0.00       0       0   0.00  kworker/4:2H-kblockd
02:45:51 AM     0      1091    0.00    0.00    0.00    0.00    0.00     3      0.00      0.00       0       0   0.00  cryptd
02:45:51 AM     0      1147    0.00    0.00    0.00    0.00    0.00     2      0.00      0.00       0       0   0.00  sw-quiesce
02:45:51 AM     0      1148    0.00    0.00    0.00    0.00    0.00     3      0.00      0.00       0       0   0.00  nvgpu_channel_p
02:45:51 AM     0      1151    0.00    0.00    0.00    0.00    0.00     0      0.00      0.00       0       0   0.00  nvgpu_nvs_gv11b
02:45:51 AM     0      1153    0.00    0.00    0.00    0.00    0.00     0      0.00      0.00       0       0   0.00  nvgpu_pg_init_g
02:45:51 AM     0      1157    0.00    0.00    0.00    0.00    0.00     2      0.00      0.00       0       0   0.00  nvgpu_clk_arb_p
02:45:51 AM     0      1162    0.00    0.00    0.00    0.00    0.00     3      0.00      0.00       0       0   0.00  irq/288-rt5659
02:45:51 AM     0      1270    0.00    0.00    0.00    0.00    0.00     3      0.00      0.00   55688   11092   0.03  nvargus-daemon
02:45:51 AM     0      1273    0.00    0.00    0.00    0.00    0.00     3      0.00      0.00   21932    1552   0.00  nvs-service
02:45:51 AM     0      1298    0.00    0.00    0.00    0.00    0.00     1      0.00      0.00 2007972   50424   0.16  containerd
02:45:51 AM     0      1314    0.00    0.00    0.00    0.00    0.00     0      0.00      0.00  240032    7616   0.02  gdm3
02:45:51 AM   108      1326    0.00    0.00    0.00    0.00    0.00     2      0.00      0.00   11468    1896   0.01  kerneloops
02:45:51 AM     0      1327    0.00    0.00    0.00    0.00    0.00     3      0.00      0.00   12236    6576   0.02  sshd
02:45:51 AM     0      1336    0.00    0.00    0.00    0.00    0.00     0      0.00      0.00    7688    1876   0.01  agetty
02:45:51 AM     0      1337    0.00    0.00    0.00    0.00    0.00     2      0.00      0.00    7688    1904   0.01  agetty
02:45:51 AM   108      1339    0.00    0.00    0.00    0.00    0.00     0      0.00      0.00   11468    1820   0.01  kerneloops
02:45:51 AM     0      1340    0.00    0.00    0.00    0.00    0.00     3      0.00      0.00    9216    2824   0.01  nvgetty.sh
02:45:51 AM     0      1379    0.00    0.00    0.00    0.00    0.00     0      0.00      0.00    7688    1848   0.01  getty
02:45:51 AM     0      1554    0.00    0.00    0.00    0.00    0.00     2      0.00      0.00 2111796   85472   0.27  dockerd
02:45:51 AM     0      1677    0.00    0.00    0.00    0.00    0.00     1      0.00      0.00  168472    8256   0.03  gdm-session-wor
02:45:51 AM     0      1711    0.00    0.00    0.00    0.00    0.00     0      0.00      0.00    3248     808   0.00  nvphsd
02:45:51 AM     0      1716    0.00    0.00    0.00    0.00    0.00     3      0.00      0.00    3380    1788   0.01  nvphsd
02:45:51 AM   124      1789    0.00    0.00    0.00    0.00    0.00     3      0.00      0.00   19144    9224   0.03  systemd
02:45:51 AM   124      1804    0.00    0.00    0.00    0.00    0.00     3      0.00      0.00  104488    5436   0.02  (sd-pam)
02:45:51 AM   124      2014    0.00    0.00    0.00    0.00    0.00     0      0.00      0.00  961884   21984   0.07  pulseaudio
02:45:51 AM   124      2032    0.00    0.00    0.00    0.00    0.00     2      0.00      0.00  164156    5924   0.02  gdm-x-session
02:45:51 AM   124      2037    0.00    0.00    0.00    0.00    0.00     1      0.00      0.00 25330232   99256   0.31  Xorg
02:45:51 AM   118      2040    0.00    0.00    0.00    0.00    0.00     1      0.00      0.00  152516    2440   0.01  rtkit-daemon
02:45:51 AM   124      2162    0.00    0.00    0.00    0.00    0.00     2      0.00      0.00    7812    3448   0.01  dbus-daemon
02:45:51 AM   124      2428    0.00    0.00    0.00    0.00    0.00     0      0.00      0.00    4776    1164   0.00  dbus-run-sessio
02:45:51 AM   124      2429    0.00    0.00    0.00    0.00    0.00     2      0.00      0.00    8088    4104   0.01  dbus-daemon
02:45:51 AM   124      2438    0.00    0.00    0.00    0.00    0.00     2      0.00      0.00  559768   14932   0.05  gnome-session-b
02:45:51 AM     0      2457    0.00    0.00    0.00    0.00    0.00     2      0.00      0.00  101692   19628   0.06  jtop
02:45:51 AM   124      2463    0.00    0.00    0.00    0.00    0.00     3      0.00      0.00  309548   10092   0.03  at-spi-bus-laun
02:45:51 AM   124      2470    0.00    0.00    0.00    0.00    0.00     1      0.00      0.00    7676    3468   0.01  dbus-daemon
02:45:51 AM   124      2495    0.00    0.00    0.00    0.00    0.00     1      0.00      0.00 4022996  194908   0.61  gnome-shell
02:45:51 AM     0      2510    0.00    0.00    0.00    0.00    0.00     1      0.00      0.00  175424   16904   0.05  jtop
02:45:51 AM     0      2518    0.00    0.00    0.00    0.00    0.00     2      0.00      0.00  101692   17160   0.05  jtop
02:45:51 AM   124      2696    0.00    0.00    0.00    0.00    0.00     0      0.00      0.00  314420   11212   0.04  ibus-daemon
02:45:51 AM   124      2699    0.00    0.00    0.00    0.00    0.00     2      0.00      0.00  239960   11792   0.04  ibus-dconf
02:45:51 AM   124      2701    0.00    0.00    0.00    0.00    0.00     2      0.00      0.00  189920   16900   0.05  ibus-x11
02:45:51 AM   124      2704    0.00    0.00    0.00    0.00    0.00     3      0.00      0.00  239880    7776   0.02  ibus-portal
02:45:51 AM   124      2715    0.00    0.00    0.00    0.00    0.00     1      0.00      0.00  161420    6880   0.02  at-spi2-registr
02:45:51 AM   124      2719    0.00    0.00    0.00    0.00    0.00     3      0.00      0.00  235804    4672   0.01  xdg-permission-
02:45:51 AM     0      2725    0.00    0.00    0.00    0.00    0.00     3      0.00      0.00  252944    8776   0.03  upowerd
02:45:51 AM   124      2745    0.00    0.00    0.00    0.00    0.00     2      0.00      0.00 3001620   27244   0.09  gjs
02:45:51 AM   124      2764    0.00    0.00    0.00    0.00    0.00     2      0.00      0.00  469396   14236   0.04  gsd-sharing
02:45:51 AM   124      2765    0.00    0.00    0.00    0.00    0.00     1      0.00      0.00  334628   15072   0.05  gsd-wacom
02:45:51 AM   124      2768    0.00    0.00    0.00    0.00    0.00     2      0.00      0.00  571788   19844   0.06  gsd-color
02:45:51 AM   124      2772    0.00    0.00    0.00    0.00    0.00     3      0.00      0.00  338096   17824   0.06  gsd-keyboard
02:45:51 AM   124      2774    0.00    0.00    0.00    0.00    0.00     2      0.00      0.00  322508   11376   0.04  gsd-print-notif
02:45:51 AM   124      2779    0.00    0.00    0.00    0.00    0.00     3      0.00      0.00  166208    7736   0.02  ibus-engine-sim
02:45:51 AM   124      2780    0.00    0.00    0.00    0.00    0.00     1      0.00      0.00  457460    7996   0.03  gsd-rfkill
02:45:51 AM   124      2782    0.00    0.00    0.00    0.00    0.00     1      0.00      0.00  391976    9696   0.03  gsd-smartcard
02:45:51 AM   124      2784    0.00    0.00    0.00    0.00    0.00     2      0.00      0.00  374928   15372   0.05  gsd-datetime
02:45:51 AM   124      2790    0.00    0.00    0.00    0.00    0.00     3      0.00      0.00  679696   20032   0.06  gsd-media-keys
02:45:51 AM   124      2791    0.00    0.00    0.00    0.00    0.00     3      0.00      0.00  235772    5600   0.02  gsd-screensaver
02:45:51 AM   124      2793    0.00    0.00    0.00    0.00    0.00     3      0.00      0.00  320104    9452   0.03  gsd-sound
02:45:51 AM   124      2795    0.00    0.00    0.00    0.00    0.00     3      0.00      0.00  313652   10144   0.03  gsd-a11y-settin
02:45:51 AM   124      2799    0.00    0.00    0.00    0.00    0.00     2      0.00      0.00  313992   10540   0.03  gsd-housekeepin
02:45:51 AM   124      2802    0.00    0.00    0.00    0.00    0.00     1      0.00      0.00  339724   18828   0.06  gsd-power
02:45:51 AM   124      2824    0.00    0.00    0.00    0.00    0.00     2      0.00      0.00  342540   12784   0.04  gsd-printer
02:45:51 AM   119      2837    0.00    0.00    0.00    0.00    0.00     2      0.00      0.00  249328   17548   0.06  colord
02:45:51 AM     0     29120    0.00    0.00    0.00    0.00    0.00     3      0.00      0.00       0       0   0.00  kworker/u17:2
02:45:51 AM     0     33852    0.00    0.00    0.00    0.00    0.00     1      0.00      0.00       0       0   0.00  kworker/1:0H-kblockd
02:45:51 AM     0     35048    0.00    0.00    0.00    0.00    0.00     0      0.00      0.00       0       0   0.00  kworker/u17:0-thermal_fan_est
02:45:51 AM  1000     39960    0.00    0.00    0.00    0.00    0.00     2      0.00      0.00   19248    9208   0.03  systemd
02:45:51 AM  1000     39961    0.00    0.00    0.00    0.00    0.00     2      0.00      0.00  170940    6304   0.02  (sd-pam)
02:45:51 AM  1000     40037    0.00    0.00    0.00    0.00    0.00     3      0.00      0.00    7812    3952   0.01  dbus-daemon
02:45:51 AM     0     40147    0.00    0.00    0.00    0.00    0.00     1      0.00      0.00       0       0   0.00  kworker/1:0-pm
02:45:51 AM     0     40174    0.00    1.00    0.00    0.00    1.00     2      0.00      0.00       0       0   0.00  kworker/2:2H-kblockd
02:45:51 AM     0     40194    0.00    0.00    0.00    0.00    0.00     3      0.00      0.00       0       0   0.00  kworker/3:0H-kblockd
02:45:51 AM     0     41650    0.00    0.00    0.00    0.00    0.00     3      0.00      0.00       0       0   0.00  kworker/3:0-events
02:45:51 AM     0     43913    0.00    0.00    0.00    0.00    0.00     2      0.00      0.00   14768    7560   0.02  sshd
02:45:51 AM  1000     43958    0.00    0.00    0.00    0.00    0.00     0      0.00      0.00   15292    6400   0.02  sshd
02:45:51 AM  1000     43959    0.00    0.00    0.00    0.00    0.00     1      0.00      0.00   11344    5444   0.02  bash
02:45:51 AM     0     50050    0.00    0.00    0.00    0.00    0.00     2      0.00      0.00   14768    7572   0.02  sshd
02:45:51 AM  1000     50094    0.00    0.00    0.00    0.00    0.00     3      0.00      0.00   15292    6428   0.02  sshd
02:45:51 AM  1000     50095    0.00    0.00    0.00    0.00    0.00     2      0.00      0.00   11344    5448   0.02  bash
02:45:51 AM     0     81462    0.00    0.00    0.00    0.00    0.00     2      0.00      0.00       0       0   0.00  kworker/2:2-events
02:45:51 AM     0     81478    0.00    0.00    0.00    0.00    0.00     0      0.00      0.00       0       0   0.00  kworker/0:1H-kblockd
02:45:51 AM  1000     84840    0.00    0.00    0.00    0.00    0.00     3      0.00      0.00  240176   10088   0.03  gnome-keyring-d
02:45:51 AM   124     84900    0.00    0.00    0.00    0.00    0.00     1      0.00      0.00  156240    4584   0.01  dconf-service
02:45:51 AM     0     85427    0.00    0.00    0.00    0.00    0.00     0      0.00      0.00       0       0   0.00  kworker/0:2-events
02:45:51 AM     0     86310    0.00    0.00    0.00    0.00    0.00     1      0.00      0.00       0       0   0.00  kworker/u16:1-devfreq_wq
02:45:51 AM     0     86312    0.00    0.00    0.00    0.00    0.00     3      0.00      0.00   14768    7564   0.02  sshd
02:45:51 AM  1000     86356    0.00    0.00    0.00    0.00    0.00     0      0.00      0.00   15292    6380   0.02  sshd
02:45:51 AM  1000     86357    0.00    0.00    0.00    0.00    0.00     1      0.00      0.00   11344    5440   0.02  bash
02:45:51 AM     0     86549    0.00    0.00    0.00    0.00    0.00     2      0.00      0.00   14768    7664   0.02  sshd
02:45:51 AM  1000     86593    0.00    0.00    0.00    0.00    0.00     1      0.00      0.00   15292    6480   0.02  sshd
02:45:51 AM  1000     86594    0.00    0.00    0.00    0.00    0.00     3      0.00      0.00   11860    5896   0.02  bash
02:45:51 AM     0     86632    0.00    0.00    0.00    0.00    0.00     3      0.00      0.00       0       0   0.00  kworker/3:2
02:45:51 AM     0     87290    0.00    0.00    0.00    0.00    0.00     0      0.00      0.00   14768    7584   0.02  sshd
02:45:51 AM  1000     87334    0.00    0.00    0.00    0.00    0.00     0      0.00      0.00   15292    6412   0.02  sshd
02:45:51 AM  1000     87335    0.00    0.00    0.00    0.00    0.00     2      0.00      0.00   11344    5436   0.02  bash
02:45:51 AM     0     89981    0.00    0.00    0.00    0.00    0.00     1      0.00      0.00       0       0   0.00  kworker/1:1-events
02:45:51 AM     0     95050    0.00    0.00    0.00    0.00    0.00     2      0.00      0.00       0       0   0.00  kworker/2:0-events
02:45:51 AM     0     96173    0.00    0.00    0.00    0.00    0.00     1      0.00      0.00       0       0   0.00  kworker/1:2-pm
02:45:51 AM     0     99494    0.00    0.00    0.00    0.00    0.00     3      0.00      0.00       0       0   0.00  kworker/u16:3-events_unbound
02:45:51 AM     0    107801    0.00    0.00    0.00    0.00    0.00     1      0.00      0.00       0       0   0.00  kworker/1:2H
02:45:51 AM     0    122883    0.00    0.00    0.00    0.00    0.00     0      0.00      0.00       0       0   0.00  kworker/u16:2-events_unbound
02:45:51 AM     0    123203    0.00    0.00    0.00    0.00    0.00     3      0.00      0.00       0       0   0.00  kworker/3:2H
02:45:51 AM     0    124025    0.00    0.00    0.00    0.00    0.00     2      0.00      0.00       0       0   0.00  kworker/2:0H
02:45:51 AM     0    130503    0.00    0.00    0.00    0.00    0.00     0      0.00      0.00       0       0   0.00  kworker/0:0H
02:45:51 AM     0    130577    0.00    0.00    0.00    0.00    0.00     0      0.00      0.00       0       0   0.00  kworker/0:1-events
02:45:51 AM     0    130584    0.00    0.00    0.00    0.00    0.00     2      0.00      0.00   14768    7576   0.02  sshd
02:45:51 AM  1000    130628    1.00    3.00    0.00    1.00    4.00     1      0.00      0.00   16676    7816   0.02  sshd
02:45:51 AM  1000    130629    0.00    0.00    0.00    0.00    0.00     3      0.00      0.00   11344    5436   0.02  bash
02:45:51 AM  1000    130765    0.00    0.00    0.00    1.00    0.00     0      0.00      0.00  283948   43148   0.14  roslaunch
02:45:51 AM  1000    130773    0.00    0.00    0.00    0.00    0.00     1      0.00      0.00  797980   45680   0.14  rosmaster
02:45:51 AM  1000    130783    0.00    0.00    0.00    0.00    0.00     2      0.00      0.00  274964   10152   0.03  rosout
02:45:51 AM  1000    130790   73.00   89.00    0.00    5.00  162.00     2      0.00      0.00 34790064  698604   2.20  scale_truck_con
02:45:51 AM  1000    130791   29.00   75.00    0.00    0.00  104.00     3      0.00      0.00 1571432  113560   0.36  LRC
02:45:51 AM  1000    130854    0.00    0.00    0.00    0.00    0.00     0      0.00      0.00  724884   72480   0.23  python3
02:45:51 AM     0    131985    0.00    0.00    0.00    0.00    0.00     2      0.00      0.00       0       0   0.00  kworker/2:1H
02:45:51 AM     0    132214    0.00    0.00    0.00    0.00    0.00     1      0.00      0.00       0       0   0.00  kworker/1:1H
02:45:51 AM     0    133801    0.00    0.00    0.00    0.00    0.00     0      0.00      0.00       0       0   0.00  kworker/0:0-pm
02:45:51 AM     0    137289    0.00    0.00    0.00    0.00    0.00     1      0.00      0.00       0       0   0.00  kworker/1:3
02:45:51 AM  1000    137689    0.00    0.00    0.00    0.00    0.00     1      0.00      0.00    9208    3064   0.01  bash
02:45:51 AM  1000    138038    6.00   11.00    0.00    7.00   17.00     3      0.00      0.00   17716   10256   0.03  pidstat

# Time        UID       PID    %usr %system  %guest   %wait    %CPU   CPU  minflt/s  majflt/s     VSZ     RSS   %MEM  Command
02:45:52 AM     0         1    0.00    0.00    0.00    0.00    0.00     0      0.00      0.00  169880   11540   0.04  systemd
02:45:52 AM     0         2    0.00    0.00    0.00    0.00    0.00     1      0.00      0.00       0       0   0.00  kthreadd
02:45:52 AM     0         3    0.00    0.00    0.00    0.00    0.00     0      0.00      0.00       0       0   0.00  rcu_gp
02:45:52 AM     0         4    0.00    0.00    0.00    0.00    0.00     0      0.00      0.00       0       0   0.00  rcu_par_gp
02:45:52 AM     0         8    0.00    0.00    0.00    0.00    0.00     0      0.00      0.00       0       0   0.00  mm_percpu_wq
02:45:52 AM     0         9    0.00    0.00    0.00    0.00    0.00     0      0.00      0.00       0       0   0.00  rcu_tasks_kthre
02:45:52 AM     0        10    0.00    0.00    0.00    0.00    0.00     0      0.00      0.00       0       0   0.00  rcu_tasks_rude_
02:45:52 AM     0        11    0.00    0.00    0.00    0.00    0.00     0      0.00      0.00       0       0   0.00  rcu_tasks_trace
02:45:52 AM     0        12    0.00    0.00    0.00    0.00    0.00     0      0.00      0.00       0       0   0.00  ksoftirqd/0
02:45:52 AM     0        13    0.00    0.00    0.00    0.00    0.00     3      0.00      0.00       0       0   0.00  rcu_preempt
02:45:52 AM     0        14    0.00    0.00    0.00    0.00    0.00     0      0.00      0.00       0       0   0.00  migration/0
02:45:52 AM     0        16    0.00    0.00    0.00    0.00    0.00     0      0.00      0.00       0       0   0.00  cpuhp/0
02:45:52 AM     0        17    0.00    0.00    0.00    0.00    0.00     1      0.00      0.00       0       0   0.00  cpuhp/1
02:45:52 AM     0        18    0.00    0.00    0.00    0.00    0.00     1      0.00      0.00       0       0   0.00  migration/1
02:45:52 AM     0        19    0.00    0.00    0.00    0.00    0.00     1      0.00      0.00       0       0   0.00  ksoftirqd/1
02:45:52 AM     0        22    0.00    0.00    0.00    0.00    0.00     2      0.00      0.00       0       0   0.00  cpuhp/2
02:45:52 AM     0        23    0.00    0.00    0.00    0.00    0.00     2      0.00      0.00       0       0   0.00  migration/2
02:45:52 AM     0        24    0.00    0.00    0.00    0.00    0.00     2      0.00      0.00       0       0   0.00  ksoftirqd/2
02:45:52 AM     0        27    0.00    0.00    0.00    0.00    0.00     3      0.00      0.00       0       0   0.00  cpuhp/3
02:45:52 AM     0        28    0.00    0.00    0.00    0.00    0.00     3      0.00      0.00       0       0   0.00  migration/3
02:45:52 AM     0        29    0.00    0.00    0.00    0.00    0.00     3      0.00      0.00       0       0   0.00  ksoftirqd/3
02:45:52 AM     0        32    0.00    0.00    0.00    0.00    0.00     4      0.00      0.00       0       0   0.00  cpuhp/4
02:45:52 AM     0        33    0.00    0.00    0.00    0.00    0.00     4      0.00      0.00       0       0   0.00  migration/4
02:45:52 AM     0        34    0.00    0.00    0.00    0.00    0.00     4      0.00      0.00       0       0   0.00  ksoftirqd/4
02:45:52 AM     0        36    0.00    0.00    0.00    0.00    0.00     4      0.00      0.00       0       0   0.00  kworker/4:0H-kblockd
02:45:52 AM     0        37    0.00    0.00    0.00    0.00    0.00     5      0.00      0.00       0       0   0.00  cpuhp/5
02:45:52 AM     0        38    0.00    0.00    0.00    0.00    0.00     5      0.00      0.00       0       0   0.00  migration/5
02:45:52 AM     0        39    0.00    0.00    0.00    0.00    0.00     5      0.00      0.00       0       0   0.00  ksoftirqd/5
02:45:52 AM     0        41    0.00    0.00    0.00    0.00    0.00     5      0.00      0.00       0       0   0.00  kworker/5:0H-kblockd
02:45:52 AM     0        42    0.00    0.00    0.00    0.00    0.00     6      0.00      0.00       0       0   0.00  cpuhp/6
02:45:52 AM     0        43    0.00    0.00    0.00    0.00    0.00     6      0.00      0.00       0       0   0.00  migration/6
02:45:52 AM     0        44    0.00    0.00    0.00    0.00    0.00     6      0.00      0.00       0       0   0.00  ksoftirqd/6
02:45:52 AM     0        46    0.00    0.00    0.00    0.00    0.00     6      0.00      0.00       0       0   0.00  kworker/6:0H-events_highpri
02:45:52 AM     0        47    0.00    0.00    0.00    0.00    0.00     7      0.00      0.00       0       0   0.00  cpuhp/7
02:45:52 AM     0        48    0.00    0.00    0.00    0.00    0.00     7      0.00      0.00       0       0   0.00  migration/7
02:45:52 AM     0        49    0.00    0.00    0.00    0.00    0.00     7      0.00      0.00       0       0   0.00  ksoftirqd/7
02:45:52 AM     0        50    0.00    0.00    0.00    0.00    0.00     0      0.00      0.00       0       0   0.00  kworker/7:0-rcu_gp
02:45:52 AM     0        51    0.00    0.00    0.00    0.00    0.00     7      0.00      0.00       0       0   0.00  kworker/7:0H-kblockd
02:45:52 AM     0        52    0.00    0.00    0.00    0.00    0.00     0      0.00      0.00       0       0   0.00  kdevtmpfs
02:45:52 AM     0        53    0.00    0.00    0.00    0.00    0.00     4      0.00      0.00       0       0   0.00  netns
02:45:52 AM     0        54    0.00    0.00    0.00    0.00    0.00     1      0.00      0.00       0       0   0.00  kauditd
02:45:52 AM     0        55    0.00    0.00    0.00    0.00    0.00     0      0.00      0.00       0       0   0.00  irq/87-mc_statu
02:45:52 AM     0        56    0.00    0.00    0.00    0.00    0.00     2      0.00      0.00       0       0   0.00  khungtaskd
02:45:52 AM     0        57    0.00    0.00    0.00    0.00    0.00     3      0.00      0.00       0       0   0.00  oom_reaper
02:45:52 AM     0        58    0.00    0.00    0.00    0.00    0.00     5      0.00      0.00       0       0   0.00  writeback
02:45:52 AM     0        59    0.00    0.00    0.00    0.00    0.00     3      0.00      0.00       0       0   0.00  kcompactd0
02:45:52 AM     0        60    0.00    0.00    0.00    0.00    0.00     1      0.00      0.00       0       0   0.00  ksmd
02:45:52 AM     0        61    0.00    1.00    0.00    0.00    1.00     2      0.00      0.00       0       0   0.00  khugepaged
02:45:52 AM     0        93    0.00    0.00    0.00    0.00    0.00     1      0.00      0.00       0       0   0.00  kintegrityd
02:45:52 AM     0        94    0.00    0.00    0.00    0.00    0.00     1      0.00      0.00       0       0   0.00  kblockd
02:45:52 AM     0        95    0.00    0.00    0.00    0.00    0.00     1      0.00      0.00       0       0   0.00  blkcg_punt_bio
02:45:52 AM     0        97    0.00    0.00    0.00    0.00    0.00     3      0.00      0.00       0       0   0.00  tpm_dev_wq
02:45:52 AM     0        98    0.00    0.00    0.00    0.00    0.00     0      0.00      0.00       0       0   0.00  irq/197-30c0000
02:45:52 AM     0        99    0.00    0.00    0.00    0.00    0.00     1      0.00      0.00       0       0   0.00  devfreq_wq
02:45:52 AM     0       100    0.00    0.00    0.00    0.00    0.00     1      0.00      0.00       0       0   0.00  watchdogd
02:45:52 AM     0       104    0.00    0.00    0.00    0.00    0.00     7      0.00      0.00       0       0   0.00  rpciod
02:45:52 AM     0       106    0.00    0.00    0.00    0.00    0.00     7      0.00      0.00       0       0   0.00  xprtiod
02:45:52 AM     0       108    0.00    0.00    0.00    0.00    0.00     7      0.00      0.00       0       0   0.00  kswapd0
02:45:52 AM     0       109    0.00    0.00    0.00    0.00    0.00     5      0.00      0.00       0       0   0.00  nfsiod
02:45:52 AM     0       112    0.00    0.00    0.00    0.00    0.00     1      0.00      0.00       0       0   0.00  kthrotld
02:45:52 AM     0       113    0.00    0.00    0.00    0.00    0.00     7      0.00      0.00       0       0   0.00  kpcitest
02:45:52 AM     0       116    0.00    0.00    0.00    0.00    0.00     5      0.00      0.00       0       0   0.00  kworker/5:1-events
02:45:52 AM     0       122    0.00    0.00    0.00    0.00    0.00     1      0.00      0.00       0       0   0.00  nvme-wq
02:45:52 AM     0       123    0.00    0.00    0.00    0.00    0.00     5      0.00      0.00       0       0   0.00  nvme-reset-wq
02:45:52 AM     0       124    0.00    0.00    0.00    0.00    0.00     6      0.00      0.00       0       0   0.00  nvme-delete-wq
02:45:52 AM     0       125    0.00    0.00    0.00    0.00    0.00     6      0.00      0.00       0       0   0.00  uas
02:45:52 AM     0       126    0.00    0.00    0.00    0.00    0.00     0      0.00      0.00       0       0   0.00  irq/222-tegra_r
02:45:52 AM     0       127    0.00    0.00    0.00    0.00    0.00     0      0.00      0.00       0       0   0.00  kworker/7:2-events
02:45:52 AM     0       129    0.00    0.00    0.00    0.00    0.00     0      0.00      0.00       0       0   0.00  irq/86-tegra-oc
02:45:52 AM     0       130    0.00    0.00    0.00    0.00    0.00     5      0.00      0.00       0       0   0.00  dm_bufio_cache
02:45:52 AM     0       131    0.00    0.00    0.00    0.00    0.00     0      0.00      0.00       0       0   0.00  irq/223-max7762
02:45:52 AM     0       140    0.00    0.00    0.00    0.00    0.00     0      0.00      0.00       0       0   0.00  irq/55-bc00000.
02:45:52 AM     0       143    0.00    0.00    0.00    0.00    0.00     0      0.00      0.00       0       0   0.00  ipv6_addrconf
02:45:52 AM     0       144    0.00    0.00    0.00    0.00    0.00     6      0.00      0.00       0       0   0.00  krfcommd
02:45:52 AM     0       145    0.00    0.00    0.00    0.00    0.00     0      0.00      0.00       0       0   0.00  kstrp
02:45:52 AM     0       150    0.00    0.00    0.00    0.00    0.00     0      0.00      0.00       0       0   0.00  irq/24-tegra-pc
02:45:52 AM     0       154    0.00    0.00    0.00    0.00    0.00     0      0.00      0.00       0       0   0.00  irq/26-tegra-pc
02:45:52 AM     0       160    0.00    0.00    0.00    0.00    0.00     0      0.00      0.00       0       0   0.00  irq/26-aerdrv
02:45:52 AM     0       161    0.00    0.00    0.00    0.00    0.00     0      0.00      0.00       0       0   0.00  irq/28-tegra-pc
02:45:52 AM     0       162    0.00    0.00    0.00    0.00    0.00     0      0.00      0.00       0       0   0.00  irq/28-aerdrv
02:45:52 AM     0       163    0.00    0.00    0.00    0.00    0.00     5      0.00      0.00       0       0   0.00  host_low_prio_w
02:45:52 AM     0       164    0.00    1.00    0.00    0.00    1.00     0      0.00      0.00       0       0   0.00  irq/57-host_syn
02:45:52 AM     0       165    0.00    0.00    0.00    0.00    0.00     0      0.00      0.00       0       0   0.00  irq/58-host_sta
02:45:52 AM     0       173    0.00    0.00    0.00    0.00    0.00     5      0.00      0.00       0       0   0.00  pva_task_status
02:45:52 AM     0       174    0.00    0.00    0.00    0.00    0.00     0      0.00      0.00       0       0   0.00  irq/75-pva-isr
02:45:52 AM     0       175    0.00    0.00    0.00    0.00    0.00     0      0.00      0.00       0       0   0.00  pva_task_status
02:45:52 AM     0       176    0.00    0.00    0.00    0.00    0.00     0      0.00      0.00       0       0   0.00  irq/76-pva-isr
02:45:52 AM     0       185    0.00    0.00    0.00    0.00    0.00     0      0.00      0.00       0       0   0.00  sdhci
02:45:52 AM     0       186    0.00    0.00    0.00    0.00    0.00     0      0.00      0.00       0       0   0.00  irq/39-mmc0
02:45:52 AM     0       187    0.00    0.00    0.00    0.00    0.00     2      0.00      0.00       0       0   0.00  sdhci
02:45:52 AM     0       189    0.00    0.00    0.00    0.00    0.00     0      0.00      0.00       0       0   0.00  irq/40-mmc1
02:45:52 AM     0       195    0.00    0.00    0.00    0.00    0.00     7      0.00      0.00       0       0   0.00  scsi_eh_0
02:45:52 AM     0       196    0.00    0.00    0.00    0.00    0.00     7      0.00      0.00       0       0   0.00  scsi_tmf_0
02:45:52 AM     0       197    0.00    0.00    0.00    0.00    0.00     0      0.00      0.00       0       0   0.00  kworker/5:2-events
02:45:52 AM     0       198    0.00    0.00    0.00    0.00    0.00     0      0.00      0.00       0       0   0.00  irq/67-15200000
02:45:52 AM     0       199    0.00    0.00    0.00    0.00    0.00     1      0.00      0.00       0       0   0.00  tegradc.0/a
02:45:52 AM     0       200    0.00    0.00    0.00    0.00    0.00     0      0.00      0.00       0       0   0.00  tegradc.0/b
02:45:52 AM     0       201    0.00    0.00    0.00    0.00    0.00     0      0.00      0.00       0       0   0.00  tegradc.0/c
02:45:52 AM     0       202    0.00    0.00    0.00    0.00    0.00     0      0.00      0.00       0       0   0.00  tegradc.0/d
02:45:52 AM     0       203    0.00    0.00    0.00    0.00    0.00     0      0.00      0.00       0       0   0.00  tegradc.0/e
02:45:52 AM     0       204    0.00    0.00    0.00    0.00    0.00     0      0.00      0.00       0       0   0.00  tegradc.0/f
02:45:52 AM     0       205    0.00    0.00    0.00    0.00    0.00     0      0.00      0.00       0       0   0.00  tegradc.0/sl
02:45:52 AM     0       206    0.00    0.00    0.00    0.00    0.00     0      0.00      0.00       0       0   0.00  irq/62-15200000
02:45:52 AM     0       207    0.00    0.00    0.00    0.00    0.00     0      0.00      0.00       0       0   0.00  irq/276-3400000
02:45:52 AM     0       208    0.00    0.00    0.00    0.00    0.00     0      0.00      0.00       0       0   0.00  ufs_eh_wq_0
02:45:52 AM     0       209    0.00    0.00    0.00    0.00    0.00     3      0.00      0.00       0       0   0.00  mmc_complete
02:45:52 AM     0       211    0.00    0.00    0.00    0.00    0.00     0      0.00      0.00       0       0   0.00  irq/278-1520000
02:45:52 AM     0       212    0.00    0.00    0.00    0.00    0.00     0      0.00      0.00       0       0   0.00  irq/203-3610000
02:45:52 AM     0       213    0.00    0.00    0.00    0.00    0.00     0      0.00      0.00       0       0   0.00  irq/221-3610000
02:45:52 AM     0       214    0.00    0.00    0.00    0.00    0.00     0      0.00      0.00       0       0   0.00  irq/30-tegra-pc
02:45:52 AM     0       216    0.00    0.00    0.00    0.00    0.00     0      0.00      0.00       0       0   0.00  kworker/4:3-events
02:45:52 AM     0       218    0.00    0.00    0.00    0.00    0.00     4      0.00      0.00       0       0   0.00  kworker/4:5-events
02:45:52 AM     0       221    0.00    0.00    0.00    0.00    0.00     0      0.00      0.00       0       0   0.00  kworker/6:12-events
02:45:52 AM     0       222    0.00    0.00    0.00    0.00    0.00     0      0.00      0.00       0       0   0.00  kworker/6:13-events
02:45:52 AM     0       225    0.00    0.00    0.00    0.00    0.00     0      0.00      0.00       0       0   0.00  irq/68-tegra_dp
02:45:52 AM     0       226    0.00    0.00    0.00    0.00    0.00     0      0.00      0.00       0       0   0.00  irq/65-15210000
02:45:52 AM     0       227    0.00    0.00    0.00    0.00    0.00     0      0.00      0.00       0       0   0.00  tegradc.1/a
02:45:52 AM     0       228    0.00    0.00    0.00    0.00    0.00     0      0.00      0.00       0       0   0.00  tegradc.1/b
02:45:52 AM     0       229    0.00    0.00    0.00    0.00    0.00     0      0.00      0.00       0       0   0.00  tegradc.1/c
02:45:52 AM     0       230    0.00    0.00    0.00    0.00    0.00     0      0.00      0.00       0       0   0.00  tegradc.1/d
02:45:52 AM     0       231    0.00    0.00    0.00    0.00    0.00     0      0.00      0.00       0       0   0.00  tegradc.1/e
02:45:52 AM     0       232    0.00    0.00    0.00    0.00    0.00     0      0.00      0.00       0       0   0.00  tegradc.1/f
02:45:52 AM     0       233    0.00    0.00    0.00    0.00    0.00     1      0.00      0.00       0       0   0.00  tegradc.1/sl
02:45:52 AM     0       234    0.00    0.00    0.00    0.00    0.00     0      0.00      0.00       0       0   0.00  irq/63-15210000
02:45:52 AM     0       249    0.00    0.00    0.00    0.00    0.00     0      0.00      0.00       0       0   0.00  irq/56-d230000.
02:45:52 AM     0       250    0.00    0.00    0.00    0.00    0.00     0      0.00      0.00       0       0   0.00  irq/69-tegra_dp
02:45:52 AM     0       251    0.00    0.00    0.00    0.00    0.00     0      0.00      0.00       0       0   0.00  irq/66-15220000
02:45:52 AM     0       252    0.00    0.00    0.00    0.00    0.00     0      0.00      0.00       0       0   0.00  tegradc.2/a
02:45:52 AM     0       253    0.00    0.00    0.00    0.00    0.00     0      0.00      0.00       0       0   0.00  tegradc.2/b
02:45:52 AM     0       254    0.00    0.00    0.00    0.00    0.00     0      0.00      0.00       0       0   0.00  tegradc.2/c
02:45:52 AM     0       255    0.00    0.00    0.00    0.00    0.00     0      0.00      0.00       0       0   0.00  tegradc.2/d
02:45:52 AM     0       256    0.00    0.00    0.00    0.00    0.00     0      0.00      0.00       0       0   0.00  tegradc.2/e
02:45:52 AM     0       257    0.00    0.00    0.00    0.00    0.00     0      0.00      0.00       0       0   0.00  tegradc.2/f
02:45:52 AM     0       258    0.00    0.00    0.00    0.00    0.00     0      0.00      0.00       0       0   0.00  tegradc.2/sl
02:45:52 AM     0       259    0.00    0.00    0.00    0.00    0.00     0      0.00      0.00       0       0   0.00  irq/64-15220000
02:45:52 AM     0       275    0.00    0.00    0.00    0.00    0.00     2      0.00      0.00       0       0   0.00  jbd2/mmcblk0p1-
02:45:52 AM     0       276    0.00    0.00    0.00    0.00    0.00     3      0.00      0.00       0       0   0.00  ext4-rsv-conver
02:45:52 AM     0       280    0.00    0.00    0.00    0.00    0.00     7      0.00      0.00       0       0   0.00  kworker/7:1H
02:45:52 AM     0       286    0.00    0.00    0.00    0.00    0.00     5      0.00      0.00       0       0   0.00  kworker/5:1H-kblockd
02:45:52 AM     0       312    0.00    0.00    0.00    0.00    0.00     1      0.00      0.00   61816   31808   0.10  systemd-journal
02:45:52 AM     0       338    0.00    5.00    0.00   17.00    5.00     0      0.00      0.00       0       0   0.00  nvmap-bz
02:45:52 AM     0       339    0.00    0.00    0.00    0.00    0.00     0      0.00      0.00       0       0   0.00  irq/204-gk20a_s
02:45:52 AM     0       340    0.00    0.00    0.00    0.00    0.00     0      0.00      0.00       0       0   0.00  irq/205-gk20a_n
02:45:52 AM     0       345    0.00    0.00    0.00    0.00    0.00     3      0.00      0.00    2776    1492   0.00  tee-supplicant
02:45:52 AM     0       347    0.00    0.00    0.00    0.00    0.00     3      0.00      0.00       0       0   0.00  optee_bus_scan
02:45:52 AM     0       358    0.00    0.00    0.00    0.00    0.00     3      0.00      0.00   22788    7532   0.02  systemd-udevd
02:45:52 AM     0       364    0.00    0.00    0.00    0.00    0.00     1      0.00      0.00    7948    4892   0.02  haveged
02:45:52 AM   126       365    0.00    0.00    0.00    0.00    0.00     3      0.00      0.00    7136    3108   0.01  rpcbind
02:45:52 AM   105       366    0.00    0.00    0.00    0.00    0.00     1      0.00      0.00   25592   13288   0.04  systemd-resolve
02:45:52 AM   103       367    0.00    0.00    0.00    0.00    0.00     1      0.00      0.00   90672    6220   0.02  systemd-timesyn
02:45:52 AM     0       407    0.00    0.00    0.00    0.00    0.00     5      0.00      0.00       0       0   0.00  cfg80211
02:45:52 AM     0       410    0.00    0.00    0.00    0.00    0.00     0      0.00      0.00       0       0   0.00  irq/42-3210000.
02:45:52 AM     0       412    0.00    0.00    0.00    0.00    0.00     2      0.00      0.00       0       0   0.00  spi0
02:45:52 AM     0       413    0.00   15.00    0.00    0.00   15.00     1      0.00      0.00       0       0   0.00  irq/282-iwlwifi
02:45:52 AM     0       416    0.00    0.00    0.00    0.00    0.00     4      0.00      0.00       0       0   0.00  ata_sff
02:45:52 AM     0       419    0.00    0.00    0.00    0.00    0.00     0      0.00      0.00       0       0   0.00  irq/43-c260000.
02:45:52 AM     0       420    0.00    0.00    0.00    0.00    0.00     6      0.00      0.00       0       0   0.00  scsi_eh_1
02:45:52 AM     0       422    0.00    0.00    0.00    0.00    0.00     6      0.00      0.00       0       0   0.00  scsi_tmf_1
02:45:52 AM     0       427    0.00    0.00    0.00    0.00    0.00     0      0.00      0.00       0       0   0.00  spi1
02:45:52 AM     0       430    0.00    0.00    0.00    0.00    0.00     3      0.00      0.00  242072    8880   0.03  accounts-daemon
02:45:52 AM   120       439    0.00    0.00    0.00    0.00    0.00     1      0.00      0.00    7084    3472   0.01  avahi-daemon
02:45:52 AM     0       441    0.00    0.00    0.00    0.00    0.00     3      0.00      0.00    9220    2516   0.01  cron
02:45:52 AM   106       443    0.00    0.00    0.00    0.00    0.00     3      0.00      0.00    9396    5264   0.02  dbus-daemon
02:45:52 AM     0       447    0.00    0.00    0.00    0.00    0.00     1      0.00      0.00  341244   20856   0.07  NetworkManager
02:45:52 AM     0       456    0.00    0.00    0.00    0.00    0.00     4      0.00      0.00   38300   19472   0.06  networkd-dispat
02:45:52 AM     0       473    0.00    0.00    0.00    0.00    0.00     2      0.00      0.00  238860   13352   0.04  polkitd
02:45:52 AM   125       483    0.00    0.00    0.00    0.00    0.00     3      0.00      0.00  220940    8288   0.03  rsyslogd
02:45:52 AM     0       503    0.00    0.00    0.00    0.00    0.00     2      0.00      0.00  235864    4364   0.01  switcheroo-cont
02:45:52 AM     0       514    0.00    0.00    0.00    0.00    0.00     2      0.00      0.00   17076    6760   0.02  systemd-logind
02:45:52 AM     0       523    0.00    0.00    0.00    0.00    0.00     1      0.00      0.00  395556   15676   0.05  udisksd
02:45:52 AM     0       528    0.00    0.00    0.00    0.00    0.00     1      0.00      0.00   12784    8052   0.03  wpa_supplicant
02:45:52 AM     0       548    0.00    0.00    0.00    0.00    0.00     0      0.00      0.00       0       0   0.00  sugov:0
02:45:52 AM   120       555    0.00    0.00    0.00    0.00    0.00     2      0.00      0.00    6896     324   0.00  avahi-daemon
02:45:52 AM     0       585    0.00    0.00    0.00    0.00    0.00     5      0.00      0.00       0       0   0.00  tmp451
02:45:52 AM     0       597    0.00    0.00    0.00    0.00    0.00     3      0.00      0.00       0       0   0.00  irq/286-1-0008
02:45:52 AM     0       600    0.00    0.00    0.00    0.00    0.00     2      0.00      0.00  321792   14480   0.05  ModemManager
02:45:52 AM     0       653    0.00    0.00    0.00    0.00    0.00     0      0.00      0.00    2476     604   0.00  nvfancontrol
02:45:52 AM     0       728    0.00    0.00    0.00    0.00    0.00     4      0.00      0.00       0       0   0.00  adspp_kthread
02:45:52 AM     0       779    0.00    0.00    0.00    0.00    0.00     6      0.00      0.00       0       0   0.00  kworker/6:2H-kblockd
02:45:52 AM     0       876    0.00    0.00    0.00    0.00    0.00     1      0.00      0.00       0       0   0.00  irq/289-2490000
02:45:52 AM     0       887    0.00    0.00    0.00    0.00    0.00     0      0.00      0.00       0       0   0.00  irq/32-eth0.com
02:45:52 AM     0       919    0.00    0.00    0.00    0.00    0.00     4      0.00      0.00       0       0   0.00  file-storage
02:45:52 AM     0       953    0.00    0.00    0.00    0.00    0.00     1      0.00      0.00       0       0   0.00  loop0
02:45:52 AM     0      1048    0.00    0.00    0.00    0.00    0.00     4      0.00      0.00       0       0   0.00  kworker/4:2H-kblockd
02:45:52 AM     0      1091    0.00    0.00    0.00    0.00    0.00     3      0.00      0.00       0       0   0.00  cryptd
02:45:52 AM     0      1147    0.00    0.00    0.00    0.00    0.00     2      0.00      0.00       0       0   0.00  sw-quiesce
02:45:52 AM     0      1148    0.00    0.00    0.00    0.00    0.00     2      0.00      0.00       0       0   0.00  nvgpu_channel_p
02:45:52 AM     0      1151    0.00    0.00    0.00    0.00    0.00     1      0.00      0.00       0       0   0.00  nvgpu_nvs_gv11b
02:45:52 AM     0      1153    0.00    0.00    0.00    0.00    0.00     0      0.00      0.00       0       0   0.00  nvgpu_pg_init_g
02:45:52 AM     0      1157    0.00    0.00    0.00    0.00    0.00     2      0.00      0.00       0       0   0.00  nvgpu_clk_arb_p
02:45:52 AM     0      1162    0.00    0.00    0.00    0.00    0.00     3      0.00      0.00       0       0   0.00  irq/288-rt5659
02:45:52 AM     0      1270    0.00    0.00    0.00    0.00    0.00     3      0.00      0.00   55688   11092   0.03  nvargus-daemon
02:45:52 AM     0      1273    0.00    0.00    0.00    0.00    0.00     3      0.00      0.00   21932    1552   0.00  nvs-service
02:45:52 AM     0      1298    0.00    0.00    0.00    0.00    0.00     1      0.00      0.00 2007972   50424   0.16  containerd
02:45:52 AM     0      1314    0.00    0.00    0.00    0.00    0.00     0      0.00      0.00  240032    7616   0.02  gdm3
02:45:52 AM   108      1326    0.00    0.00    0.00    0.00    0.00     2      0.00      0.00   11468    1896   0.01  kerneloops
02:45:52 AM     0      1327    0.00    0.00    0.00    0.00    0.00     3      0.00      0.00   12236    6576   0.02  sshd
02:45:52 AM     0      1336    0.00    0.00    0.00    0.00    0.00     0      0.00      0.00    7688    1876   0.01  agetty
02:45:52 AM     0      1337    0.00    0.00    0.00    0.00    0.00     2      0.00      0.00    7688    1904   0.01  agetty
02:45:52 AM   108      1339    0.00    0.00    0.00    0.00    0.00     0      0.00      0.00   11468    1820   0.01  kerneloops
02:45:52 AM     0      1340    0.00    0.00    0.00    0.00    0.00     3      0.00      0.00    9216    2824   0.01  nvgetty.sh
02:45:52 AM     0      1379    0.00    0.00    0.00    0.00    0.00     0      0.00      0.00    7688    1848   0.01  getty
02:45:52 AM     0      1554    0.00    0.00    0.00    0.00    0.00     2      0.00      0.00 2111796   85472   0.27  dockerd
02:45:52 AM     0      1677    0.00    0.00    0.00    0.00    0.00     1      0.00      0.00  168472    8256   0.03  gdm-session-wor
02:45:52 AM     0      1711    0.00    0.00    0.00    0.00    0.00     0      0.00      0.00    3248     808   0.00  nvphsd
02:45:52 AM     0      1716    0.00    0.00    0.00    0.00    0.00     3      0.00      0.00    3380    1788   0.01  nvphsd
02:45:52 AM   124      1789    0.00    0.00    0.00    0.00    0.00     3      0.00      0.00   19144    9224   0.03  systemd
02:45:52 AM   124      1804    0.00    0.00    0.00    0.00    0.00     3      0.00      0.00  104488    5436   0.02  (sd-pam)
02:45:52 AM   124      2014    0.00    0.00    0.00    0.00    0.00     0      0.00      0.00  961884   21984   0.07  pulseaudio
02:45:52 AM   124      2032    0.00    0.00    0.00    0.00    0.00     2      0.00      0.00  164156    5924   0.02  gdm-x-session
02:45:52 AM   124      2037    0.00    0.00    0.00    0.00    0.00     1      0.00      0.00 25330232   99256   0.31  Xorg
02:45:52 AM   118      2040    0.00    0.00    0.00    0.00    0.00     1      0.00      0.00  152516    2440   0.01  rtkit-daemon
02:45:52 AM   124      2162    0.00    0.00    0.00    0.00    0.00     2      0.00      0.00    7812    3448   0.01  dbus-daemon
02:45:52 AM   124      2428    0.00    0.00    0.00    0.00    0.00     0      0.00      0.00    4776    1164   0.00  dbus-run-sessio
02:45:52 AM   124      2429    0.00    0.00    0.00    0.00    0.00     2      0.00      0.00    8088    4104   0.01  dbus-daemon
02:45:52 AM   124      2438    0.00    0.00    0.00    0.00    0.00     2      0.00      0.00  559768   14932   0.05  gnome-session-b
02:45:52 AM     0      2457    0.00    0.00    0.00    0.00    0.00     2      0.00      0.00  101692   19628   0.06  jtop
02:45:52 AM   124      2463    0.00    0.00    0.00    0.00    0.00     3      0.00      0.00  309548   10092   0.03  at-spi-bus-laun
02:45:52 AM   124      2470    0.00    0.00    0.00    0.00    0.00     1      0.00      0.00    7676    3468   0.01  dbus-daemon
02:45:52 AM   124      2495    0.00    0.00    0.00    0.00    0.00     1      0.00      0.00 4022996  194908   0.61  gnome-shell
02:45:52 AM     0      2510    0.00    0.00    0.00    0.00    0.00     1      0.00      0.00  175424   16904   0.05  jtop
02:45:52 AM     0      2518    0.00    0.00    0.00    0.00    0.00     2      0.00      0.00  101692   17160   0.05  jtop
02:45:52 AM   124      2696    0.00    0.00    0.00    0.00    0.00     0      0.00      0.00  314420   11212   0.04  ibus-daemon
02:45:52 AM   124      2699    0.00    0.00    0.00    0.00    0.00     2      0.00      0.00  239960   11792   0.04  ibus-dconf
02:45:52 AM   124      2701    0.00    0.00    0.00    0.00    0.00     2      0.00      0.00  189920   16900   0.05  ibus-x11
02:45:52 AM   124      2704    0.00    0.00    0.00    0.00    0.00     3      0.00      0.00  239880    7776   0.02  ibus-portal
02:45:52 AM   124      2715    0.00    0.00    0.00    0.00    0.00     1      0.00      0.00  161420    6880   0.02  at-spi2-registr
02:45:52 AM   124      2719    0.00    0.00    0.00    0.00    0.00     3      0.00      0.00  235804    4672   0.01  xdg-permission-
02:45:52 AM     0      2725    0.00    0.00    0.00    0.00    0.00     3      0.00      0.00  252944    8776   0.03  upowerd
02:45:52 AM   124      2745    0.00    0.00    0.00    0.00    0.00     2      0.00      0.00 3001620   27244   0.09  gjs
02:45:52 AM   124      2764    0.00    0.00    0.00    0.00    0.00     2      0.00      0.00  469396   14236   0.04  gsd-sharing
02:45:52 AM   124      2765    0.00    0.00    0.00    0.00    0.00     1      0.00      0.00  334628   15072   0.05  gsd-wacom
02:45:52 AM   124      2768    0.00    0.00    0.00    0.00    0.00     2      0.00      0.00  571788   19844   0.06  gsd-color
02:45:52 AM   124      2772    0.00    0.00    0.00    0.00    0.00     3      0.00      0.00  338096   17824   0.06  gsd-keyboard
02:45:52 AM   124      2774    0.00    0.00    0.00    0.00    0.00     2      0.00      0.00  322508   11376   0.04  gsd-print-notif
02:45:52 AM   124      2779    0.00    0.00    0.00    0.00    0.00     3      0.00      0.00  166208    7736   0.02  ibus-engine-sim
02:45:52 AM   124      2780    0.00    0.00    0.00    0.00    0.00     1      0.00      0.00  457460    7996   0.03  gsd-rfkill
02:45:52 AM   124      2782    0.00    0.00    0.00    0.00    0.00     1      0.00      0.00  391976    9696   0.03  gsd-smartcard
02:45:52 AM   124      2784    0.00    0.00    0.00    0.00    0.00     2      0.00      0.00  374928   15372   0.05  gsd-datetime
02:45:52 AM   124      2790    0.00    0.00    0.00    0.00    0.00     3      0.00      0.00  679696   20032   0.06  gsd-media-keys
02:45:52 AM   124      2791    0.00    0.00    0.00    0.00    0.00     3      0.00      0.00  235772    5600   0.02  gsd-screensaver
02:45:52 AM   124      2793    0.00    0.00    0.00    0.00    0.00     3      0.00      0.00  320104    9452   0.03  gsd-sound
02:45:52 AM   124      2795    0.00    0.00    0.00    0.00    0.00     3      0.00      0.00  313652   10144   0.03  gsd-a11y-settin
02:45:52 AM   124      2799    0.00    0.00    0.00    0.00    0.00     2      0.00      0.00  313992   10540   0.03  gsd-housekeepin
02:45:52 AM   124      2802    0.00    0.00    0.00    0.00    0.00     1      0.00      0.00  339724   18828   0.06  gsd-power
02:45:52 AM   124      2824    0.00    0.00    0.00    0.00    0.00     2      0.00      0.00  342540   12784   0.04  gsd-printer
02:45:52 AM   119      2837    0.00    0.00    0.00    0.00    0.00     2      0.00      0.00  249328   17548   0.06  colord
02:45:52 AM     0     29120    0.00    0.00    0.00    0.00    0.00     3      0.00      0.00       0       0   0.00  kworker/u17:2
02:45:52 AM     0     33852    0.00    0.00    0.00    0.00    0.00     1      0.00      0.00       0       0   0.00  kworker/1:0H-kblockd
02:45:52 AM     0     35048    0.00    0.00    0.00    0.00    0.00     0      0.00      0.00       0       0   0.00  kworker/u17:0-thermal_fan_est
02:45:52 AM  1000     39960    0.00    0.00    0.00    0.00    0.00     2      0.00      0.00   19248    9208   0.03  systemd
02:45:52 AM  1000     39961    0.00    0.00    0.00    0.00    0.00     2      0.00      0.00  170940    6304   0.02  (sd-pam)
02:45:52 AM  1000     40037    0.00    0.00    0.00    0.00    0.00     3      0.00      0.00    7812    3952   0.01  dbus-daemon
02:45:52 AM     0     40147    0.00    0.00    0.00    0.00    0.00     1      0.00      0.00       0       0   0.00  kworker/1:0-pm
02:45:52 AM     0     40174    0.00    0.00    0.00    0.00    0.00     2      0.00      0.00       0       0   0.00  kworker/2:2H-kblockd
02:45:52 AM     0     40194    0.00    0.00    0.00    0.00    0.00     3      0.00      0.00       0       0   0.00  kworker/3:0H-kblockd
02:45:52 AM     0     41650    0.00    0.00    0.00    0.00    0.00     3      0.00      0.00       0       0   0.00  kworker/3:0-events
02:45:52 AM     0     43913    0.00    0.00    0.00    0.00    0.00     2      0.00      0.00   14768    7560   0.02  sshd
02:45:52 AM  1000     43958    0.00    0.00    0.00    0.00    0.00     0      0.00      0.00   15292    6400   0.02  sshd
02:45:52 AM  1000     43959    0.00    0.00    0.00    0.00    0.00     1      0.00      0.00   11344    5444   0.02  bash
02:45:52 AM     0     50050    0.00    0.00    0.00    0.00    0.00     2      0.00      0.00   14768    7572   0.02  sshd
02:45:52 AM  1000     50094    0.00    0.00    0.00    0.00    0.00     3      0.00      0.00   15292    6428   0.02  sshd
02:45:52 AM  1000     50095    0.00    0.00    0.00    0.00    0.00     2      0.00      0.00   11344    5448   0.02  bash
02:45:52 AM     0     81462    0.00    0.00    0.00    0.00    0.00     2      0.00      0.00       0       0   0.00  kworker/2:2-events
02:45:52 AM     0     81478    0.00    0.00    0.00    0.00    0.00     0      0.00      0.00       0       0   0.00  kworker/0:1H-kblockd
02:45:52 AM  1000     84840    0.00    0.00    0.00    0.00    0.00     3      0.00      0.00  240176   10088   0.03  gnome-keyring-d
02:45:52 AM   124     84900    0.00    0.00    0.00    0.00    0.00     1      0.00      0.00  156240    4584   0.01  dconf-service
02:45:52 AM     0     85427    0.00    0.00    0.00    0.00    0.00     0      0.00      0.00       0       0   0.00  kworker/0:2-events
02:45:52 AM     0     86310    0.00    1.00    0.00    1.00    1.00     1      0.00      0.00       0       0   0.00  kworker/u16:1-events_unbound
02:45:52 AM     0     86312    0.00    0.00    0.00    0.00    0.00     3      0.00      0.00   14768    7564   0.02  sshd
02:45:52 AM  1000     86356    0.00    0.00    0.00    0.00    0.00     0      0.00      0.00   15292    6380   0.02  sshd
02:45:52 AM  1000     86357    0.00    0.00    0.00    0.00    0.00     1      0.00      0.00   11344    5440   0.02  bash
02:45:52 AM     0     86549    0.00    0.00    0.00    0.00    0.00     2      0.00      0.00   14768    7664   0.02  sshd
02:45:52 AM  1000     86593    0.00    0.00    0.00    0.00    0.00     1      0.00      0.00   15292    6480   0.02  sshd
02:45:52 AM  1000     86594    0.00    0.00    0.00    0.00    0.00     3      0.00      0.00   11860    5896   0.02  bash
02:45:52 AM     0     86632    0.00    0.00    0.00    0.00    0.00     3      0.00      0.00       0       0   0.00  kworker/3:2
02:45:52 AM     0     87290    0.00    0.00    0.00    0.00    0.00     0      0.00      0.00   14768    7584   0.02  sshd
02:45:52 AM  1000     87334    0.00    0.00    0.00    0.00    0.00     0      0.00      0.00   15292    6412   0.02  sshd
02:45:52 AM  1000     87335    0.00    0.00    0.00    0.00    0.00     2      0.00      0.00   11344    5436   0.02  bash
02:45:52 AM     0     89981    0.00    0.00    0.00    0.00    0.00     1      0.00      0.00       0       0   0.00  kworker/1:1-events
02:45:52 AM     0     95050    0.00    0.00    0.00    0.00    0.00     2      0.00      0.00       0       0   0.00  kworker/2:0-events
02:45:52 AM     0     96173    0.00    0.00    0.00    0.00    0.00     1      0.00      0.00       0       0   0.00  kworker/1:2-pm
02:45:52 AM     0     99494    0.00    0.00    0.00    0.00    0.00     3      0.00      0.00       0       0   0.00  kworker/u16:3-events_unbound
02:45:52 AM     0    107801    0.00    0.00    0.00    0.00    0.00     1      0.00      0.00       0       0   0.00  kworker/1:2H
02:45:52 AM     0    122883    0.00    1.00    0.00    0.00    1.00     1      0.00      0.00       0       0   0.00  kworker/u16:2-devfreq_wq
02:45:52 AM     0    123203    0.00    0.00    0.00    0.00    0.00     3      0.00      0.00       0       0   0.00  kworker/3:2H
02:45:52 AM     0    124025    0.00    0.00    0.00    0.00    0.00     2      0.00      0.00       0       0   0.00  kworker/2:0H
02:45:52 AM     0    130503    0.00    0.00    0.00    0.00    0.00     0      0.00      0.00       0       0   0.00  kworker/0:0H
02:45:52 AM     0    130577    0.00    0.00    0.00    0.00    0.00     0      0.00      0.00       0       0   0.00  kworker/0:1-events
02:45:52 AM     0    130584    0.00    0.00    0.00    0.00    0.00     2      0.00      0.00   14768    7576   0.02  sshd
02:45:52 AM  1000    130628    2.00    1.00    0.00    2.00    3.00     1      0.00      0.00   16676    7816   0.02  sshd
02:45:52 AM  1000    130629    0.00    0.00    0.00    0.00    0.00     3      0.00      0.00   11344    5436   0.02  bash
02:45:52 AM  1000    130765    1.00    0.00    0.00    0.00    1.00     1      0.00      0.00  283948   43148   0.14  roslaunch
02:45:52 AM  1000    130773    0.00    0.00    0.00    0.00    0.00     1      0.00      0.00  797980   45680   0.14  rosmaster
02:45:52 AM  1000    130783    0.00    0.00    0.00    0.00    0.00     2      0.00      0.00  274964   10152   0.03  rosout
02:45:52 AM  1000    130790   68.00   89.00    0.00    3.00  157.00     2      0.00      0.00 34790064  698604   2.20  scale_truck_con
02:45:52 AM  1000    130791   32.00   72.00    0.00    0.00  104.00     3      0.00      0.00 1571432  113560   0.36  LRC
02:45:52 AM  1000    130854    0.00    0.00    0.00    0.00    0.00     0      0.00      0.00  724884   72480   0.23  python3
02:45:52 AM     0    131985    0.00    0.00    0.00    0.00    0.00     2      0.00      0.00       0       0   0.00  kworker/2:1H
02:45:52 AM     0    132214    0.00    0.00    0.00    0.00    0.00     1      0.00      0.00       0       0   0.00  kworker/1:1H
02:45:52 AM     0    133801    0.00    0.00    0.00    0.00    0.00     0      0.00      0.00       0       0   0.00  kworker/0:0-pm
02:45:52 AM     0    137289    0.00    0.00    0.00    0.00    0.00     1      0.00      0.00       0       0   0.00  kworker/1:3
02:45:52 AM  1000    137689    0.00    0.00    0.00    0.00    0.00     1      0.00      0.00    9208    3064   0.01  bash
02:45:52 AM  1000    138038    5.00   12.00    0.00    5.00   17.00     3      0.00      0.00   17716   10256   0.03  pidstat

# Time        UID       PID    %usr %system  %guest   %wait    %CPU   CPU  minflt/s  majflt/s     VSZ     RSS   %MEM  Command
02:45:53 AM     0         1    0.00    0.00    0.00    0.00    0.00     0      0.00      0.00  169880   11540   0.04  systemd
02:45:53 AM     0         2    0.00    0.00    0.00    0.00    0.00     1      0.00      0.00       0       0   0.00  kthreadd
02:45:53 AM     0         3    0.00    0.00    0.00    0.00    0.00     0      0.00      0.00       0       0   0.00  rcu_gp
02:45:53 AM     0         4    0.00    0.00    0.00    0.00    0.00     0      0.00      0.00       0       0   0.00  rcu_par_gp
02:45:53 AM     0         8    0.00    0.00    0.00    0.00    0.00     0      0.00      0.00       0       0   0.00  mm_percpu_wq
02:45:53 AM     0         9    0.00    0.00    0.00    0.00    0.00     0      0.00      0.00       0       0   0.00  rcu_tasks_kthre
02:45:53 AM     0        10    0.00    0.00    0.00    0.00    0.00     0      0.00      0.00       0       0   0.00  rcu_tasks_rude_
02:45:53 AM     0        11    0.00    0.00    0.00    0.00    0.00     0      0.00      0.00       0       0   0.00  rcu_tasks_trace
02:45:53 AM     0        12    0.00    0.00    0.00    0.00    0.00     0      0.00      0.00       0       0   0.00  ksoftirqd/0
02:45:53 AM     0        13    0.00    0.00    0.00    0.00    0.00     2      0.00      0.00       0       0   0.00  rcu_preempt
02:45:53 AM     0        14    0.00    0.00    0.00    0.00    0.00     0      0.00      0.00       0       0   0.00  migration/0
02:45:53 AM     0        16    0.00    0.00    0.00    0.00    0.00     0      0.00      0.00       0       0   0.00  cpuhp/0
02:45:53 AM     0        17    0.00    0.00    0.00    0.00    0.00     1      0.00      0.00       0       0   0.00  cpuhp/1
02:45:53 AM     0        18    0.00    0.00    0.00    0.00    0.00     1      0.00      0.00       0       0   0.00  migration/1
02:45:53 AM     0        19    0.00    0.00    0.00    0.00    0.00     1      0.00      0.00       0       0   0.00  ksoftirqd/1
02:45:53 AM     0        22    0.00    0.00    0.00    0.00    0.00     2      0.00      0.00       0       0   0.00  cpuhp/2
02:45:53 AM     0        23    0.00    0.00    0.00    0.00    0.00     2      0.00      0.00       0       0   0.00  migration/2
02:45:53 AM     0        24    0.00    0.00    0.00    0.00    0.00     2      0.00      0.00       0       0   0.00  ksoftirqd/2
02:45:53 AM     0        27    0.00    0.00    0.00    0.00    0.00     3      0.00      0.00       0       0   0.00  cpuhp/3
02:45:53 AM     0        28    0.00    0.00    0.00    0.00    0.00     3      0.00      0.00       0       0   0.00  migration/3
02:45:53 AM     0        29    0.00    0.00    0.00    0.00    0.00     3      0.00      0.00       0       0   0.00  ksoftirqd/3
02:45:53 AM     0        32    0.00    0.00    0.00    0.00    0.00     4      0.00      0.00       0       0   0.00  cpuhp/4
02:45:53 AM     0        33    0.00    0.00    0.00    0.00    0.00     4      0.00      0.00       0       0   0.00  migration/4
02:45:53 AM     0        34    0.00    0.00    0.00    0.00    0.00     4      0.00      0.00       0       0   0.00  ksoftirqd/4
02:45:53 AM     0        36    0.00    0.00    0.00    0.00    0.00     4      0.00      0.00       0       0   0.00  kworker/4:0H-kblockd
02:45:53 AM     0        37    0.00    0.00    0.00    0.00    0.00     5      0.00      0.00       0       0   0.00  cpuhp/5
02:45:53 AM     0        38    0.00    0.00    0.00    0.00    0.00     5      0.00      0.00       0       0   0.00  migration/5
02:45:53 AM     0        39    0.00    0.00    0.00    0.00    0.00     5      0.00      0.00       0       0   0.00  ksoftirqd/5
02:45:53 AM     0        41    0.00    0.00    0.00    0.00    0.00     5      0.00      0.00       0       0   0.00  kworker/5:0H-kblockd
02:45:53 AM     0        42    0.00    0.00    0.00    0.00    0.00     6      0.00      0.00       0       0   0.00  cpuhp/6
02:45:53 AM     0        43    0.00    0.00    0.00    0.00    0.00     6      0.00      0.00       0       0   0.00  migration/6
02:45:53 AM     0        44    0.00    0.00    0.00    0.00    0.00     6      0.00      0.00       0       0   0.00  ksoftirqd/6
02:45:53 AM     0        46    0.00    0.00    0.00    0.00    0.00     6      0.00      0.00       0       0   0.00  kworker/6:0H-events_highpri
02:45:53 AM     0        47    0.00    0.00    0.00    0.00    0.00     7      0.00      0.00       0       0   0.00  cpuhp/7
02:45:53 AM     0        48    0.00    0.00    0.00    0.00    0.00     7      0.00      0.00       0       0   0.00  migration/7
02:45:53 AM     0        49    0.00    0.00    0.00    0.00    0.00     7      0.00      0.00       0       0   0.00  ksoftirqd/7
02:45:53 AM     0        50    0.00    0.00    0.00    0.00    0.00     0      0.00      0.00       0       0   0.00  kworker/7:0-rcu_gp
02:45:53 AM     0        51    0.00    0.00    0.00    0.00    0.00     7      0.00      0.00       0       0   0.00  kworker/7:0H-kblockd
02:45:53 AM     0        52    0.00    0.00    0.00    0.00    0.00     0      0.00      0.00       0       0   0.00  kdevtmpfs
02:45:53 AM     0        53    0.00    0.00    0.00    0.00    0.00     4      0.00      0.00       0       0   0.00  netns
02:45:53 AM     0        54    0.00    0.00    0.00    0.00    0.00     1      0.00      0.00       0       0   0.00  kauditd
02:45:53 AM     0        55    0.00    0.00    0.00    0.00    0.00     0      0.00      0.00       0       0   0.00  irq/87-mc_statu
02:45:53 AM     0        56    0.00    0.00    0.00    0.00    0.00     2      0.00      0.00       0       0   0.00  khungtaskd
02:45:53 AM     0        57    0.00    0.00    0.00    0.00    0.00     3      0.00      0.00       0       0   0.00  oom_reaper
02:45:53 AM     0        58    0.00    0.00    0.00    0.00    0.00     5      0.00      0.00       0       0   0.00  writeback
02:45:53 AM     0        59    0.00    0.00    0.00    0.00    0.00     3      0.00      0.00       0       0   0.00  kcompactd0
02:45:53 AM     0        60    0.00    0.00    0.00    0.00    0.00     1      0.00      0.00       0       0   0.00  ksmd
02:45:53 AM     0        61    0.00    0.00    0.00    0.00    0.00     2      0.00      0.00       0       0   0.00  khugepaged
02:45:53 AM     0        93    0.00    0.00    0.00    0.00    0.00     1      0.00      0.00       0       0   0.00  kintegrityd
02:45:53 AM     0        94    0.00    0.00    0.00    0.00    0.00     1      0.00      0.00       0       0   0.00  kblockd
02:45:53 AM     0        95    0.00    0.00    0.00    0.00    0.00     1      0.00      0.00       0       0   0.00  blkcg_punt_bio
02:45:53 AM     0        97    0.00    0.00    0.00    0.00    0.00     3      0.00      0.00       0       0   0.00  tpm_dev_wq
02:45:53 AM     0        98    0.00    0.00    0.00    0.00    0.00     0      0.00      0.00       0       0   0.00  irq/197-30c0000
02:45:53 AM     0        99    0.00    0.00    0.00    0.00    0.00     1      0.00      0.00       0       0   0.00  devfreq_wq
02:45:53 AM     0       100    0.00    0.00    0.00    0.00    0.00     1      0.00      0.00       0       0   0.00  watchdogd
02:45:53 AM     0       104    0.00    0.00    0.00    0.00    0.00     7      0.00      0.00       0       0   0.00  rpciod
02:45:53 AM     0       106    0.00    0.00    0.00    0.00    0.00     7      0.00      0.00       0       0   0.00  xprtiod
02:45:53 AM     0       108    0.00    0.00    0.00    0.00    0.00     7      0.00      0.00       0       0   0.00  kswapd0
02:45:53 AM     0       109    0.00    0.00    0.00    0.00    0.00     5      0.00      0.00       0       0   0.00  nfsiod
02:45:53 AM     0       112    0.00    0.00    0.00    0.00    0.00     1      0.00      0.00       0       0   0.00  kthrotld
02:45:53 AM     0       113    0.00    0.00    0.00    0.00    0.00     7      0.00      0.00       0       0   0.00  kpcitest
02:45:53 AM     0       116    0.00    0.00    0.00    0.00    0.00     5      0.00      0.00       0       0   0.00  kworker/5:1-events
02:45:53 AM     0       122    0.00    0.00    0.00    0.00    0.00     1      0.00      0.00       0       0   0.00  nvme-wq
02:45:53 AM     0       123    0.00    0.00    0.00    0.00    0.00     5      0.00      0.00       0       0   0.00  nvme-reset-wq
02:45:53 AM     0       124    0.00    0.00    0.00    0.00    0.00     6      0.00      0.00       0       0   0.00  nvme-delete-wq
02:45:53 AM     0       125    0.00    0.00    0.00    0.00    0.00     6      0.00      0.00       0       0   0.00  uas
02:45:53 AM     0       126    0.00    0.00    0.00    0.00    0.00     0      0.00      0.00       0       0   0.00  irq/222-tegra_r
02:45:53 AM     0       127    0.00    0.00    0.00    0.00    0.00     0      0.00      0.00       0       0   0.00  kworker/7:2-events
02:45:53 AM     0       129    0.00    0.00    0.00    0.00    0.00     0      0.00      0.00       0       0   0.00  irq/86-tegra-oc
02:45:53 AM     0       130    0.00    0.00    0.00    0.00    0.00     5      0.00      0.00       0       0   0.00  dm_bufio_cache
02:45:53 AM     0       131    0.00    0.00    0.00    0.00    0.00     0      0.00      0.00       0       0   0.00  irq/223-max7762
02:45:53 AM     0       140    0.00    0.00    0.00    0.00    0.00     0      0.00      0.00       0       0   0.00  irq/55-bc00000.
02:45:53 AM     0       143    0.00    0.00    0.00    0.00    0.00     0      0.00      0.00       0       0   0.00  ipv6_addrconf
02:45:53 AM     0       144    0.00    0.00    0.00    0.00    0.00     6      0.00      0.00       0       0   0.00  krfcommd
02:45:53 AM     0       145    0.00    0.00    0.00    0.00    0.00     0      0.00      0.00       0       0   0.00  kstrp
02:45:53 AM     0       150    0.00    0.00    0.00    0.00    0.00     0      0.00      0.00       0       0   0.00  irq/24-tegra-pc
02:45:53 AM     0       154    0.00    0.00    0.00    0.00    0.00     0      0.00      0.00       0       0   0.00  irq/26-tegra-pc
02:45:53 AM     0       160    0.00    0.00    0.00    0.00    0.00     0      0.00      0.00       0       0   0.00  irq/26-aerdrv
02:45:53 AM     0       161    0.00    0.00    0.00    0.00    0.00     0      0.00      0.00       0       0   0.00  irq/28-tegra-pc
02:45:53 AM     0       162    0.00    0.00    0.00    0.00    0.00     0      0.00      0.00       0       0   0.00  irq/28-aerdrv
02:45:53 AM     0       163    0.00    0.00    0.00    0.00    0.00     5      0.00      0.00       0       0   0.00  host_low_prio_w
02:45:53 AM     0       164    0.00    1.00    0.00    0.00    1.00     0      0.00      0.00       0       0   0.00  irq/57-host_syn
02:45:53 AM     0       165    0.00    0.00    0.00    0.00    0.00     0      0.00      0.00       0       0   0.00  irq/58-host_sta
02:45:53 AM     0       173    0.00    0.00    0.00    0.00    0.00     5      0.00      0.00       0       0   0.00  pva_task_status
02:45:53 AM     0       174    0.00    0.00    0.00    0.00    0.00     0      0.00      0.00       0       0   0.00  irq/75-pva-isr
02:45:53 AM     0       175    0.00    0.00    0.00    0.00    0.00     0      0.00      0.00       0       0   0.00  pva_task_status
02:45:53 AM     0       176    0.00    0.00    0.00    0.00    0.00     0      0.00      0.00       0       0   0.00  irq/76-pva-isr
02:45:53 AM     0       185    0.00    0.00    0.00    0.00    0.00     0      0.00      0.00       0       0   0.00  sdhci
02:45:53 AM     0       186    0.00    0.00    0.00    0.00    0.00     0      0.00      0.00       0       0   0.00  irq/39-mmc0
02:45:53 AM     0       187    0.00    0.00    0.00    0.00    0.00     2      0.00      0.00       0       0   0.00  sdhci
02:45:53 AM     0       189    0.00    0.00    0.00    0.00    0.00     0      0.00      0.00       0       0   0.00  irq/40-mmc1
02:45:53 AM     0       195    0.00    0.00    0.00    0.00    0.00     7      0.00      0.00       0       0   0.00  scsi_eh_0
02:45:53 AM     0       196    0.00    0.00    0.00    0.00    0.00     7      0.00      0.00       0       0   0.00  scsi_tmf_0
02:45:53 AM     0       197    0.00    0.00    0.00    0.00    0.00     0      0.00      0.00       0       0   0.00  kworker/5:2-events
02:45:53 AM     0       198    0.00    0.00    0.00    0.00    0.00     0      0.00      0.00       0       0   0.00  irq/67-15200000
02:45:53 AM     0       199    0.00    0.00    0.00    0.00    0.00     1      0.00      0.00       0       0   0.00  tegradc.0/a
02:45:53 AM     0       200    0.00    0.00    0.00    0.00    0.00     0      0.00      0.00       0       0   0.00  tegradc.0/b
02:45:53 AM     0       201    0.00    0.00    0.00    0.00    0.00     0      0.00      0.00       0       0   0.00  tegradc.0/c
02:45:53 AM     0       202    0.00    0.00    0.00    0.00    0.00     0      0.00      0.00       0       0   0.00  tegradc.0/d
02:45:53 AM     0       203    0.00    0.00    0.00    0.00    0.00     0      0.00      0.00       0       0   0.00  tegradc.0/e
02:45:53 AM     0       204    0.00    0.00    0.00    0.00    0.00     0      0.00      0.00       0       0   0.00  tegradc.0/f
02:45:53 AM     0       205    0.00    0.00    0.00    0.00    0.00     0      0.00      0.00       0       0   0.00  tegradc.0/sl
02:45:53 AM     0       206    0.00    0.00    0.00    0.00    0.00     0      0.00      0.00       0       0   0.00  irq/62-15200000
02:45:53 AM     0       207    0.00    0.00    0.00    0.00    0.00     0      0.00      0.00       0       0   0.00  irq/276-3400000
02:45:53 AM     0       208    0.00    0.00    0.00    0.00    0.00     0      0.00      0.00       0       0   0.00  ufs_eh_wq_0
02:45:53 AM     0       209    0.00    0.00    0.00    0.00    0.00     3      0.00      0.00       0       0   0.00  mmc_complete
02:45:53 AM     0       211    0.00    0.00    0.00    0.00    0.00     0      0.00      0.00       0       0   0.00  irq/278-1520000
02:45:53 AM     0       212    0.00    0.00    0.00    0.00    0.00     0      0.00      0.00       0       0   0.00  irq/203-3610000
02:45:53 AM     0       213    0.00    0.00    0.00    0.00    0.00     0      0.00      0.00       0       0   0.00  irq/221-3610000
02:45:53 AM     0       214    0.00    0.00    0.00    0.00    0.00     0      0.00      0.00       0       0   0.00  irq/30-tegra-pc
02:45:53 AM     0       216    0.00    0.00    0.00    0.00    0.00     0      0.00      0.00       0       0   0.00  kworker/4:3-events
02:45:53 AM     0       218    0.00    0.00    0.00    0.00    0.00     4      0.00      0.00       0       0   0.00  kworker/4:5-events
02:45:53 AM     0       221    0.00    0.00    0.00    0.00    0.00     0      0.00      0.00       0       0   0.00  kworker/6:12-events
02:45:53 AM     0       222    0.00    0.00    0.00    0.00    0.00     0      0.00      0.00       0       0   0.00  kworker/6:13-events
02:45:53 AM     0       225    0.00    0.00    0.00    0.00    0.00     0      0.00      0.00       0       0   0.00  irq/68-tegra_dp
02:45:53 AM     0       226    0.00    0.00    0.00    0.00    0.00     0      0.00      0.00       0       0   0.00  irq/65-15210000
02:45:53 AM     0       227    0.00    0.00    0.00    0.00    0.00     0      0.00      0.00       0       0   0.00  tegradc.1/a
02:45:53 AM     0       228    0.00    0.00    0.00    0.00    0.00     0      0.00      0.00       0       0   0.00  tegradc.1/b
02:45:53 AM     0       229    0.00    0.00    0.00    0.00    0.00     0      0.00      0.00       0       0   0.00  tegradc.1/c
02:45:53 AM     0       230    0.00    0.00    0.00    0.00    0.00     0      0.00      0.00       0       0   0.00  tegradc.1/d
02:45:53 AM     0       231    0.00    0.00    0.00    0.00    0.00     0      0.00      0.00       0       0   0.00  tegradc.1/e
02:45:53 AM     0       232    0.00    0.00    0.00    0.00    0.00     0      0.00      0.00       0       0   0.00  tegradc.1/f
02:45:53 AM     0       233    0.00    0.00    0.00    0.00    0.00     1      0.00      0.00       0       0   0.00  tegradc.1/sl
02:45:53 AM     0       234    0.00    0.00    0.00    0.00    0.00     0      0.00      0.00       0       0   0.00  irq/63-15210000
02:45:53 AM     0       249    0.00    0.00    0.00    0.00    0.00     0      0.00      0.00       0       0   0.00  irq/56-d230000.
02:45:53 AM     0       250    0.00    0.00    0.00    0.00    0.00     0      0.00      0.00       0       0   0.00  irq/69-tegra_dp
02:45:53 AM     0       251    0.00    0.00    0.00    0.00    0.00     0      0.00      0.00       0       0   0.00  irq/66-15220000
02:45:53 AM     0       252    0.00    0.00    0.00    0.00    0.00     0      0.00      0.00       0       0   0.00  tegradc.2/a
02:45:53 AM     0       253    0.00    0.00    0.00    0.00    0.00     0      0.00      0.00       0       0   0.00  tegradc.2/b
02:45:53 AM     0       254    0.00    0.00    0.00    0.00    0.00     0      0.00      0.00       0       0   0.00  tegradc.2/c
02:45:53 AM     0       255    0.00    0.00    0.00    0.00    0.00     0      0.00      0.00       0       0   0.00  tegradc.2/d
02:45:53 AM     0       256    0.00    0.00    0.00    0.00    0.00     0      0.00      0.00       0       0   0.00  tegradc.2/e
02:45:53 AM     0       257    0.00    0.00    0.00    0.00    0.00     0      0.00      0.00       0       0   0.00  tegradc.2/f
02:45:53 AM     0       258    0.00    0.00    0.00    0.00    0.00     0      0.00      0.00       0       0   0.00  tegradc.2/sl
02:45:53 AM     0       259    0.00    0.00    0.00    0.00    0.00     0      0.00      0.00       0       0   0.00  irq/64-15220000
02:45:53 AM     0       275    0.00    0.00    0.00    0.00    0.00     2      0.00      0.00       0       0   0.00  jbd2/mmcblk0p1-
02:45:53 AM     0       276    0.00    0.00    0.00    0.00    0.00     3      0.00      0.00       0       0   0.00  ext4-rsv-conver
02:45:53 AM     0       280    0.00    0.00    0.00    0.00    0.00     7      0.00      0.00       0       0   0.00  kworker/7:1H
02:45:53 AM     0       286    0.00    0.00    0.00    0.00    0.00     5      0.00      0.00       0       0   0.00  kworker/5:1H-kblockd
02:45:53 AM     0       312    0.00    0.00    0.00    0.00    0.00     1      0.00      0.00   61816   31808   0.10  systemd-journal
02:45:53 AM     0       338    0.00    7.00    0.00   17.00    7.00     2      0.00      0.00       0       0   0.00  nvmap-bz
02:45:53 AM     0       339    0.00    0.00    0.00    0.00    0.00     0      0.00      0.00       0       0   0.00  irq/204-gk20a_s
02:45:53 AM     0       340    0.00    0.00    0.00    0.00    0.00     0      0.00      0.00       0       0   0.00  irq/205-gk20a_n
02:45:53 AM     0       345    0.00    0.00    0.00    0.00    0.00     3      0.00      0.00    2776    1492   0.00  tee-supplicant
02:45:53 AM     0       347    0.00    0.00    0.00    0.00    0.00     3      0.00      0.00       0       0   0.00  optee_bus_scan
02:45:53 AM     0       358    0.00    0.00    0.00    0.00    0.00     3      0.00      0.00   22788    7532   0.02  systemd-udevd
02:45:53 AM     0       364    0.00    0.00    0.00    0.00    0.00     1      0.00      0.00    7948    4892   0.02  haveged
02:45:53 AM   126       365    0.00    0.00    0.00    0.00    0.00     3      0.00      0.00    7136    3108   0.01  rpcbind
02:45:53 AM   105       366    0.00    0.00    0.00    0.00    0.00     1      0.00      0.00   25592   13288   0.04  systemd-resolve
02:45:53 AM   103       367    0.00    0.00    0.00    0.00    0.00     1      0.00      0.00   90672    6220   0.02  systemd-timesyn
02:45:53 AM     0       407    0.00    0.00    0.00    0.00    0.00     5      0.00      0.00       0       0   0.00  cfg80211
02:45:53 AM     0       410    0.00    0.00    0.00    0.00    0.00     0      0.00      0.00       0       0   0.00  irq/42-3210000.
02:45:53 AM     0       412    0.00    0.00    0.00    0.00    0.00     2      0.00      0.00       0       0   0.00  spi0
02:45:53 AM     0       413    0.00   15.00    0.00    0.00   15.00     1      0.00      0.00       0       0   0.00  irq/282-iwlwifi
02:45:53 AM     0       416    0.00    0.00    0.00    0.00    0.00     4      0.00      0.00       0       0   0.00  ata_sff
02:45:53 AM     0       419    0.00    0.00    0.00    0.00    0.00     0      0.00      0.00       0       0   0.00  irq/43-c260000.
02:45:53 AM     0       420    0.00    0.00    0.00    0.00    0.00     6      0.00      0.00       0       0   0.00  scsi_eh_1
02:45:53 AM     0       422    0.00    0.00    0.00    0.00    0.00     6      0.00      0.00       0       0   0.00  scsi_tmf_1
02:45:53 AM     0       427    0.00    0.00    0.00    0.00    0.00     0      0.00      0.00       0       0   0.00  spi1
02:45:53 AM     0       430    0.00    0.00    0.00    0.00    0.00     3      0.00      0.00  242072    8880   0.03  accounts-daemon
02:45:53 AM   120       439    0.00    0.00    0.00    0.00    0.00     1      0.00      0.00    7084    3472   0.01  avahi-daemon
02:45:53 AM     0       441    0.00    0.00    0.00    0.00    0.00     3      0.00      0.00    9220    2516   0.01  cron
02:45:53 AM   106       443    0.00    0.00    0.00    0.00    0.00     3      0.00      0.00    9396    5264   0.02  dbus-daemon
02:45:53 AM     0       447    0.00    0.00    0.00    0.00    0.00     1      0.00      0.00  341244   20856   0.07  NetworkManager
02:45:53 AM     0       456    0.00    0.00    0.00    0.00    0.00     4      0.00      0.00   38300   19472   0.06  networkd-dispat
02:45:53 AM     0       473    0.00    0.00    0.00    0.00    0.00     2      0.00      0.00  238860   13352   0.04  polkitd
02:45:53 AM   125       483    0.00    0.00    0.00    0.00    0.00     3      0.00      0.00  220940    8288   0.03  rsyslogd
02:45:53 AM     0       503    0.00    0.00    0.00    0.00    0.00     2      0.00      0.00  235864    4364   0.01  switcheroo-cont
02:45:53 AM     0       514    0.00    0.00    0.00    0.00    0.00     2      0.00      0.00   17076    6760   0.02  systemd-logind
02:45:53 AM     0       523    0.00    0.00    0.00    0.00    0.00     1      0.00      0.00  395556   15676   0.05  udisksd
02:45:53 AM     0       528    0.00    0.00    0.00    0.00    0.00     1      0.00      0.00   12784    8052   0.03  wpa_supplicant
02:45:53 AM     0       548    0.00    0.00    0.00    0.00    0.00     0      0.00      0.00       0       0   0.00  sugov:0
02:45:53 AM   120       555    0.00    0.00    0.00    0.00    0.00     2      0.00      0.00    6896     324   0.00  avahi-daemon
02:45:53 AM     0       585    0.00    0.00    0.00    0.00    0.00     5      0.00      0.00       0       0   0.00  tmp451
02:45:53 AM     0       597    0.00    0.00    0.00    0.00    0.00     3      0.00      0.00       0       0   0.00  irq/286-1-0008
02:45:53 AM     0       600    0.00    0.00    0.00    0.00    0.00     2      0.00      0.00  321792   14480   0.05  ModemManager
02:45:53 AM     0       653    0.00    0.00    0.00    0.00    0.00     0      0.00      0.00    2476     604   0.00  nvfancontrol
02:45:53 AM     0       728    0.00    0.00    0.00    0.00    0.00     4      0.00      0.00       0       0   0.00  adspp_kthread
02:45:53 AM     0       779    0.00    0.00    0.00    0.00    0.00     6      0.00      0.00       0       0   0.00  kworker/6:2H-kblockd
02:45:53 AM     0       876    0.00    0.00    0.00    0.00    0.00     1      0.00      0.00       0       0   0.00  irq/289-2490000
02:45:53 AM     0       887    0.00    0.00    0.00    0.00    0.00     0      0.00      0.00       0       0   0.00  irq/32-eth0.com
02:45:53 AM     0       919    0.00    0.00    0.00    0.00    0.00     4      0.00      0.00       0       0   0.00  file-storage
02:45:53 AM     0       953    0.00    0.00    0.00    0.00    0.00     1      0.00      0.00       0       0   0.00  loop0
02:45:53 AM     0      1048    0.00    0.00    0.00    0.00    0.00     4      0.00      0.00       0       0   0.00  kworker/4:2H-kblockd
02:45:53 AM     0      1091    0.00    0.00    0.00    0.00    0.00     3      0.00      0.00       0       0   0.00  cryptd
02:45:53 AM     0      1147    0.00    0.00    0.00    0.00    0.00     2      0.00      0.00       0       0   0.00  sw-quiesce
02:45:53 AM     0      1148    0.00    0.00    0.00    0.00    0.00     2      0.00      0.00       0       0   0.00  nvgpu_channel_p
02:45:53 AM     0      1151    0.00    0.00    0.00    0.00    0.00     1      0.00      0.00       0       0   0.00  nvgpu_nvs_gv11b
02:45:53 AM     0      1153    0.00    0.00    0.00    0.00    0.00     0      0.00      0.00       0       0   0.00  nvgpu_pg_init_g
02:45:53 AM     0      1157    0.00    0.00    0.00    0.00    0.00     2      0.00      0.00       0       0   0.00  nvgpu_clk_arb_p
02:45:53 AM     0      1162    0.00    0.00    0.00    0.00    0.00     3      0.00      0.00       0       0   0.00  irq/288-rt5659
02:45:53 AM     0      1270    0.00    0.00    0.00    0.00    0.00     3      0.00      0.00   55688   11092   0.03  nvargus-daemon
02:45:53 AM     0      1273    0.00    0.00    0.00    0.00    0.00     3      0.00      0.00   21932    1552   0.00  nvs-service
02:45:53 AM     0      1298    0.00    0.00    0.00    0.00    0.00     1      0.00      0.00 2007972   50424   0.16  containerd
02:45:53 AM     0      1314    0.00    0.00    0.00    0.00    0.00     0      0.00      0.00  240032    7616   0.02  gdm3
02:45:53 AM   108      1326    0.00    0.00    0.00    0.00    0.00     2      0.00      0.00   11468    1896   0.01  kerneloops
02:45:53 AM     0      1327    0.00    0.00    0.00    0.00    0.00     3      0.00      0.00   12236    6576   0.02  sshd
02:45:53 AM     0      1336    0.00    0.00    0.00    0.00    0.00     0      0.00      0.00    7688    1876   0.01  agetty
02:45:53 AM     0      1337    0.00    0.00    0.00    0.00    0.00     2      0.00      0.00    7688    1904   0.01  agetty
02:45:53 AM   108      1339    0.00    0.00    0.00    0.00    0.00     0      0.00      0.00   11468    1820   0.01  kerneloops
02:45:53 AM     0      1340    0.00    0.00    0.00    0.00    0.00     3      0.00      0.00    9216    2824   0.01  nvgetty.sh
02:45:53 AM     0      1379    0.00    0.00    0.00    0.00    0.00     0      0.00      0.00    7688    1848   0.01  getty
02:45:53 AM     0      1554    0.00    0.00    0.00    0.00    0.00     2      0.00      0.00 2111796   85472   0.27  dockerd
02:45:53 AM     0      1677    0.00    0.00    0.00    0.00    0.00     1      0.00      0.00  168472    8256   0.03  gdm-session-wor
02:45:53 AM     0      1711    0.00    0.00    0.00    0.00    0.00     0      0.00      0.00    3248     808   0.00  nvphsd
02:45:53 AM     0      1716    0.00    0.00    0.00    0.00    0.00     3      0.00      0.00    3380    1788   0.01  nvphsd
02:45:53 AM   124      1789    0.00    0.00    0.00    0.00    0.00     3      0.00      0.00   19144    9224   0.03  systemd
02:45:53 AM   124      1804    0.00    0.00    0.00    0.00    0.00     3      0.00      0.00  104488    5436   0.02  (sd-pam)
02:45:53 AM   124      2014    0.00    0.00    0.00    0.00    0.00     0      0.00      0.00  961884   21984   0.07  pulseaudio
02:45:53 AM   124      2032    0.00    0.00    0.00    0.00    0.00     2      0.00      0.00  164156    5924   0.02  gdm-x-session
02:45:53 AM   124      2037    0.00    0.00    0.00    0.00    0.00     1      0.00      0.00 25330232   99256   0.31  Xorg
02:45:53 AM   118      2040    0.00    0.00    0.00    0.00    0.00     1      0.00      0.00  152516    2440   0.01  rtkit-daemon
02:45:53 AM   124      2162    0.00    0.00    0.00    0.00    0.00     2      0.00      0.00    7812    3448   0.01  dbus-daemon
02:45:53 AM   124      2428    0.00    0.00    0.00    0.00    0.00     0      0.00      0.00    4776    1164   0.00  dbus-run-sessio
02:45:53 AM   124      2429    0.00    0.00    0.00    0.00    0.00     2      0.00      0.00    8088    4104   0.01  dbus-daemon
02:45:53 AM   124      2438    0.00    0.00    0.00    0.00    0.00     2      0.00      0.00  559768   14932   0.05  gnome-session-b
02:45:53 AM     0      2457    0.00    0.00    0.00    0.00    0.00     2      0.00      0.00  101692   19628   0.06  jtop
02:45:53 AM   124      2463    0.00    0.00    0.00    0.00    0.00     3      0.00      0.00  309548   10092   0.03  at-spi-bus-laun
02:45:53 AM   124      2470    0.00    0.00    0.00    0.00    0.00     1      0.00      0.00    7676    3468   0.01  dbus-daemon
02:45:53 AM   124      2495    0.00    0.00    0.00    0.00    0.00     1      0.00      0.00 4022996  194908   0.61  gnome-shell
02:45:53 AM     0      2510    0.00    0.00    0.00    0.00    0.00     1      0.00      0.00  175424   16904   0.05  jtop
02:45:53 AM     0      2518    0.00    0.00    0.00    0.00    0.00     2      0.00      0.00  101692   17160   0.05  jtop
02:45:53 AM   124      2696    0.00    0.00    0.00    0.00    0.00     0      0.00      0.00  314420   11212   0.04  ibus-daemon
02:45:53 AM   124      2699    0.00    0.00    0.00    0.00    0.00     2      0.00      0.00  239960   11792   0.04  ibus-dconf
02:45:53 AM   124      2701    0.00    0.00    0.00    0.00    0.00     2      0.00      0.00  189920   16900   0.05  ibus-x11
02:45:53 AM   124      2704    0.00    0.00    0.00    0.00    0.00     3      0.00      0.00  239880    7776   0.02  ibus-portal
02:45:53 AM   124      2715    0.00    0.00    0.00    0.00    0.00     1      0.00      0.00  161420    6880   0.02  at-spi2-registr
02:45:53 AM   124      2719    0.00    0.00    0.00    0.00    0.00     3      0.00      0.00  235804    4672   0.01  xdg-permission-
02:45:53 AM     0      2725    0.00    0.00    0.00    0.00    0.00     3      0.00      0.00  252944    8776   0.03  upowerd
02:45:53 AM   124      2745    0.00    0.00    0.00    0.00    0.00     2      0.00      0.00 3001620   27244   0.09  gjs
02:45:53 AM   124      2764    0.00    0.00    0.00    0.00    0.00     2      0.00      0.00  469396   14236   0.04  gsd-sharing
02:45:53 AM   124      2765    0.00    0.00    0.00    0.00    0.00     1      0.00      0.00  334628   15072   0.05  gsd-wacom
02:45:53 AM   124      2768    0.00    0.00    0.00    0.00    0.00     2      0.00      0.00  571788   19844   0.06  gsd-color
02:45:53 AM   124      2772    0.00    0.00    0.00    0.00    0.00     3      0.00      0.00  338096   17824   0.06  gsd-keyboard
02:45:53 AM   124      2774    0.00    0.00    0.00    0.00    0.00     2      0.00      0.00  322508   11376   0.04  gsd-print-notif
02:45:53 AM   124      2779    0.00    0.00    0.00    0.00    0.00     3      0.00      0.00  166208    7736   0.02  ibus-engine-sim
02:45:53 AM   124      2780    0.00    0.00    0.00    0.00    0.00     1      0.00      0.00  457460    7996   0.03  gsd-rfkill
02:45:53 AM   124      2782    0.00    0.00    0.00    0.00    0.00     1      0.00      0.00  391976    9696   0.03  gsd-smartcard
02:45:53 AM   124      2784    0.00    0.00    0.00    0.00    0.00     2      0.00      0.00  374928   15372   0.05  gsd-datetime
02:45:53 AM   124      2790    0.00    0.00    0.00    0.00    0.00     3      0.00      0.00  679696   20032   0.06  gsd-media-keys
02:45:53 AM   124      2791    0.00    0.00    0.00    0.00    0.00     3      0.00      0.00  235772    5600   0.02  gsd-screensaver
02:45:53 AM   124      2793    0.00    0.00    0.00    0.00    0.00     3      0.00      0.00  320104    9452   0.03  gsd-sound
02:45:53 AM   124      2795    0.00    0.00    0.00    0.00    0.00     3      0.00      0.00  313652   10144   0.03  gsd-a11y-settin
02:45:53 AM   124      2799    0.00    0.00    0.00    0.00    0.00     2      0.00      0.00  313992   10540   0.03  gsd-housekeepin
02:45:53 AM   124      2802    0.00    0.00    0.00    0.00    0.00     1      0.00      0.00  339724   18828   0.06  gsd-power
02:45:53 AM   124      2824    0.00    0.00    0.00    0.00    0.00     2      0.00      0.00  342540   12784   0.04  gsd-printer
02:45:53 AM   119      2837    0.00    0.00    0.00    0.00    0.00     2      0.00      0.00  249328   17548   0.06  colord
02:45:53 AM     0     29120    0.00    0.00    0.00    0.00    0.00     3      0.00      0.00       0       0   0.00  kworker/u17:2
02:45:53 AM     0     33852    0.00    0.00    0.00    0.00    0.00     1      0.00      0.00       0       0   0.00  kworker/1:0H-kblockd
02:45:53 AM     0     35048    0.00    0.00    0.00    0.00    0.00     0      0.00      0.00       0       0   0.00  kworker/u17:0-thermal_fan_est
02:45:53 AM  1000     39960    0.00    0.00    0.00    0.00    0.00     2      0.00      0.00   19248    9208   0.03  systemd
02:45:53 AM  1000     39961    0.00    0.00    0.00    0.00    0.00     2      0.00      0.00  170940    6304   0.02  (sd-pam)
02:45:53 AM  1000     40037    0.00    0.00    0.00    0.00    0.00     3      0.00      0.00    7812    3952   0.01  dbus-daemon
02:45:53 AM     0     40147    0.00    0.00    0.00    0.00    0.00     1      0.00      0.00       0       0   0.00  kworker/1:0-events
02:45:53 AM     0     40174    0.00    0.00    0.00    0.00    0.00     2      0.00      0.00       0       0   0.00  kworker/2:2H-kblockd
02:45:53 AM     0     40194    0.00    0.00    0.00    0.00    0.00     3      0.00      0.00       0       0   0.00  kworker/3:0H-kblockd
02:45:53 AM     0     41650    0.00    0.00    0.00    0.00    0.00     3      0.00      0.00       0       0   0.00  kworker/3:0-mm_percpu_wq
02:45:53 AM     0     43913    0.00    0.00    0.00    0.00    0.00     2      0.00      0.00   14768    7560   0.02  sshd
02:45:53 AM  1000     43958    0.00    0.00    0.00    0.00    0.00     0      0.00      0.00   15292    6400   0.02  sshd
02:45:53 AM  1000     43959    0.00    0.00    0.00    0.00    0.00     1      0.00      0.00   11344    5444   0.02  bash
02:45:53 AM     0     50050    0.00    0.00    0.00    0.00    0.00     2      0.00      0.00   14768    7572   0.02  sshd
02:45:53 AM  1000     50094    0.00    0.00    0.00    0.00    0.00     3      0.00      0.00   15292    6428   0.02  sshd
02:45:53 AM  1000     50095    0.00    0.00    0.00    0.00    0.00     2      0.00      0.00   11344    5448   0.02  bash
02:45:53 AM     0     81462    0.00    0.00    0.00    0.00    0.00     2      0.00      0.00       0       0   0.00  kworker/2:2-mm_percpu_wq
02:45:53 AM     0     81478    0.00    0.00    0.00    0.00    0.00     0      0.00      0.00       0       0   0.00  kworker/0:1H-kblockd
02:45:53 AM  1000     84840    0.00    0.00    0.00    0.00    0.00     3      0.00      0.00  240176   10088   0.03  gnome-keyring-d
02:45:53 AM   124     84900    0.00    0.00    0.00    0.00    0.00     1      0.00      0.00  156240    4584   0.01  dconf-service
02:45:53 AM     0     85427    0.00    0.00    0.00    0.00    0.00     0      0.00      0.00       0       0   0.00  kworker/0:2-events
02:45:53 AM     0     86310    0.00    0.00    0.00    0.00    0.00     1      0.00      0.00       0       0   0.00  kworker/u16:1-events_unbound
02:45:53 AM     0     86312    0.00    0.00    0.00    0.00    0.00     3      0.00      0.00   14768    7564   0.02  sshd
02:45:53 AM  1000     86356    0.00    0.00    0.00    0.00    0.00     0      0.00      0.00   15292    6380   0.02  sshd
02:45:53 AM  1000     86357    0.00    0.00    0.00    0.00    0.00     1      0.00      0.00   11344    5440   0.02  bash
02:45:53 AM     0     86549    0.00    0.00    0.00    0.00    0.00     2      0.00      0.00   14768    7664   0.02  sshd
02:45:53 AM  1000     86593    0.00    0.00    0.00    0.00    0.00     1      0.00      0.00   15292    6480   0.02  sshd
02:45:53 AM  1000     86594    0.00    0.00    0.00    0.00    0.00     3      0.00      0.00   11860    5896   0.02  bash
02:45:53 AM     0     86632    0.00    0.00    0.00    0.00    0.00     3      0.00      0.00       0       0   0.00  kworker/3:2
02:45:53 AM     0     87290    0.00    0.00    0.00    0.00    0.00     0      0.00      0.00   14768    7584   0.02  sshd
02:45:53 AM  1000     87334    0.00    0.00    0.00    0.00    0.00     0      0.00      0.00   15292    6412   0.02  sshd
02:45:53 AM  1000     87335    0.00    0.00    0.00    0.00    0.00     2      0.00      0.00   11344    5436   0.02  bash
02:45:53 AM     0     89981    0.00    0.00    0.00    0.00    0.00     1      0.00      0.00       0       0   0.00  kworker/1:1-events
02:45:53 AM     0     95050    0.00    0.00    0.00    0.00    0.00     2      0.00      0.00       0       0   0.00  kworker/2:0-events
02:45:53 AM     0     96173    0.00    0.00    0.00    0.00    0.00     1      0.00      0.00       0       0   0.00  kworker/1:2-events
02:45:53 AM     0     99494    0.00    0.00    0.00    0.00    0.00     3      0.00      0.00       0       0   0.00  kworker/u16:3-events_unbound
02:45:53 AM     0    107801    0.00    0.00    0.00    0.00    0.00     1      0.00      0.00       0       0   0.00  kworker/1:2H
02:45:53 AM     0    122883    0.00    0.00    0.00    1.00    0.00     1      0.00      0.00       0       0   0.00  kworker/u16:2-events_unbound
02:45:53 AM     0    123203    0.00    0.00    0.00    0.00    0.00     3      0.00      0.00       0       0   0.00  kworker/3:2H
02:45:53 AM     0    124025    0.00    0.00    0.00    0.00    0.00     2      0.00      0.00       0       0   0.00  kworker/2:0H
02:45:53 AM     0    130503    0.00    0.00    0.00    0.00    0.00     0      0.00      0.00       0       0   0.00  kworker/0:0H
02:45:53 AM     0    130577    0.00    0.00    0.00    0.00    0.00     0      0.00      0.00       0       0   0.00  kworker/0:1-events
02:45:53 AM     0    130584    0.00    0.00    0.00    0.00    0.00     2      0.00      0.00   14768    7576   0.02  sshd
02:45:53 AM  1000    130628    1.00    2.00    0.00    1.00    3.00     0      0.00      0.00   16676    7816   0.02  sshd
02:45:53 AM  1000    130629    0.00    0.00    0.00    0.00    0.00     3      0.00      0.00   11344    5436   0.02  bash
02:45:53 AM  1000    130765    0.00    0.00    0.00    0.00    0.00     1      0.00      0.00  283948   43148   0.14  roslaunch
02:45:53 AM  1000    130773    1.00    1.00    0.00    0.00    2.00     0      0.00      0.00  797980   45680   0.14  rosmaster
02:45:53 AM  1000    130783    0.00    1.00    0.00    0.00    1.00     3      0.00      0.00  274964   10152   0.03  rosout
02:45:53 AM  1000    130790   94.00   87.00    0.00    5.00  181.00     0      0.00      0.00 34790064  692460   2.18  scale_truck_con
02:45:53 AM  1000    130791   35.00   79.00    0.00    0.00  114.00     0      0.00      0.00 1571432  113560   0.36  LRC
02:45:53 AM  1000    130854    0.00    0.00    0.00    0.00    0.00     0      0.00      0.00  724884   72480   0.23  python3
02:45:53 AM     0    131985    0.00    0.00    0.00    0.00    0.00     2      0.00      0.00       0       0   0.00  kworker/2:1H
02:45:53 AM     0    132214    0.00    0.00    0.00    0.00    0.00     1      0.00      0.00       0       0   0.00  kworker/1:1H
02:45:53 AM     0    133801    0.00    0.00    0.00    0.00    0.00     0      0.00      0.00       0       0   0.00  kworker/0:0-pm
02:45:53 AM     0    137289    0.00    0.00    0.00    0.00    0.00     1      0.00      0.00       0       0   0.00  kworker/1:3
02:45:53 AM  1000    137689    0.00    0.00    0.00    0.00    0.00     1      0.00      0.00    9208    3064   0.01  bash
02:45:53 AM  1000    138038    7.00    9.00    0.00    8.00   16.00     3      0.00      0.00   17716   10256   0.03  pidstat
