Linux 5.10.216-tegra (ubuntu) 	08/06/2026 	_aarch64_	(8 CPU)

# Time        UID       PID    %usr %system  %guest   %wait    %CPU   CPU  minflt/s  majflt/s     VSZ     RSS   %MEM  Command
02:36:45 AM     0         1    0.00    0.00    0.00    0.00    0.00     2      0.00      0.00  169880   11540   0.04  systemd
02:36:45 AM     0         2    0.00    0.00    0.00    0.00    0.00     1      0.00      0.00       0       0   0.00  kthreadd
02:36:45 AM     0         3    0.00    0.00    0.00    0.00    0.00     0      0.00      0.00       0       0   0.00  rcu_gp
02:36:45 AM     0         4    0.00    0.00    0.00    0.00    0.00     0      0.00      0.00       0       0   0.00  rcu_par_gp
02:36:45 AM     0         8    0.00    0.00    0.00    0.00    0.00     0      0.00      0.00       0       0   0.00  mm_percpu_wq
02:36:45 AM     0         9    0.00    0.00    0.00    0.00    0.00     0      0.00      0.00       0       0   0.00  rcu_tasks_kthre
02:36:45 AM     0        10    0.00    0.00    0.00    0.00    0.00     0      0.00      0.00       0       0   0.00  rcu_tasks_rude_
02:36:45 AM     0        11    0.00    0.00    0.00    0.00    0.00     0      0.00      0.00       0       0   0.00  rcu_tasks_trace
02:36:45 AM     0        12    0.00    0.00    0.00    0.00    0.00     0      0.00      0.00       0       0   0.00  ksoftirqd/0
02:36:45 AM     0        13    0.00    0.00    0.00    0.00    0.00     2      0.00      0.00       0       0   0.00  rcu_preempt
02:36:45 AM     0        14    0.00    0.00    0.00    0.00    0.00     0      0.00      0.00       0       0   0.00  migration/0
02:36:45 AM     0        16    0.00    0.00    0.00    0.00    0.00     0      0.00      0.00       0       0   0.00  cpuhp/0
02:36:45 AM     0        17    0.00    0.00    0.00    0.00    0.00     1      0.00      0.00       0       0   0.00  cpuhp/1
02:36:45 AM     0        18    0.00    0.00    0.00    0.00    0.00     1      0.00      0.00       0       0   0.00  migration/1
02:36:45 AM     0        19    0.00    0.00    0.00    0.00    0.00     1      0.00      0.00       0       0   0.00  ksoftirqd/1
02:36:45 AM     0        22    0.00    0.00    0.00    0.00    0.00     2      0.00      0.00       0       0   0.00  cpuhp/2
02:36:45 AM     0        23    0.00    0.00    0.00    0.00    0.00     2      0.00      0.00       0       0   0.00  migration/2
02:36:45 AM     0        24    0.00    0.00    0.00    0.00    0.00     2      0.00      0.00       0       0   0.00  ksoftirqd/2
02:36:45 AM     0        27    0.00    0.00    0.00    0.00    0.00     3      0.00      0.00       0       0   0.00  cpuhp/3
02:36:45 AM     0        28    0.00    0.00    0.00    0.00    0.00     3      0.00      0.00       0       0   0.00  migration/3
02:36:45 AM     0        29    0.00    0.00    0.00    0.00    0.00     3      0.00      0.00       0       0   0.00  ksoftirqd/3
02:36:45 AM     0        32    0.00    0.00    0.00    0.00    0.00     4      0.00      0.00       0       0   0.00  cpuhp/4
02:36:45 AM     0        33    0.00    0.00    0.00    0.00    0.00     4      0.00      0.00       0       0   0.00  migration/4
02:36:45 AM     0        34    0.00    0.00    0.00    0.00    0.00     4      0.00      0.00       0       0   0.00  ksoftirqd/4
02:36:45 AM     0        36    0.00    0.00    0.00    0.00    0.00     4      0.00      0.00       0       0   0.00  kworker/4:0H-kblockd
02:36:45 AM     0        37    0.00    0.00    0.00    0.00    0.00     5      0.00      0.00       0       0   0.00  cpuhp/5
02:36:45 AM     0        38    0.00    0.00    0.00    0.00    0.00     5      0.00      0.00       0       0   0.00  migration/5
02:36:45 AM     0        39    0.00    0.00    0.00    0.00    0.00     5      0.00      0.00       0       0   0.00  ksoftirqd/5
02:36:45 AM     0        41    0.00    0.00    0.00    0.00    0.00     5      0.00      0.00       0       0   0.00  kworker/5:0H-kblockd
02:36:45 AM     0        42    0.00    0.00    0.00    0.00    0.00     6      0.00      0.00       0       0   0.00  cpuhp/6
02:36:45 AM     0        43    0.00    0.00    0.00    0.00    0.00     6      0.00      0.00       0       0   0.00  migration/6
02:36:45 AM     0        44    0.00    0.00    0.00    0.00    0.00     6      0.00      0.00       0       0   0.00  ksoftirqd/6
02:36:45 AM     0        46    0.00    0.00    0.00    0.00    0.00     6      0.00      0.00       0       0   0.00  kworker/6:0H-events_highpri
02:36:45 AM     0        47    0.00    0.00    0.00    0.00    0.00     7      0.00      0.00       0       0   0.00  cpuhp/7
02:36:45 AM     0        48    0.00    0.00    0.00    0.00    0.00     7      0.00      0.00       0       0   0.00  migration/7
02:36:45 AM     0        49    0.00    0.00    0.00    0.00    0.00     7      0.00      0.00       0       0   0.00  ksoftirqd/7
02:36:45 AM     0        50    0.00    0.00    0.00    0.00    0.00     0      0.00      0.00       0       0   0.00  kworker/7:0-rcu_gp
02:36:45 AM     0        51    0.00    0.00    0.00    0.00    0.00     7      0.00      0.00       0       0   0.00  kworker/7:0H-kblockd
02:36:45 AM     0        52    0.00    0.00    0.00    0.00    0.00     0      0.00      0.00       0       0   0.00  kdevtmpfs
02:36:45 AM     0        53    0.00    0.00    0.00    0.00    0.00     4      0.00      0.00       0       0   0.00  netns
02:36:45 AM     0        54    0.00    0.00    0.00    0.00    0.00     1      0.00      0.00       0       0   0.00  kauditd
02:36:45 AM     0        55    0.00    0.00    0.00    0.00    0.00     0      0.00      0.00       0       0   0.00  irq/87-mc_statu
02:36:45 AM     0        56    0.00    0.00    0.00    0.00    0.00     2      0.00      0.00       0       0   0.00  khungtaskd
02:36:45 AM     0        57    0.00    0.00    0.00    0.00    0.00     3      0.00      0.00       0       0   0.00  oom_reaper
02:36:45 AM     0        58    0.00    0.00    0.00    0.00    0.00     5      0.00      0.00       0       0   0.00  writeback
02:36:45 AM     0        59    0.00    0.00    0.00    0.00    0.00     2      0.00      0.00       0       0   0.00  kcompactd0
02:36:45 AM     0        60    0.00    0.00    0.00    0.00    0.00     1      0.00      0.00       0       0   0.00  ksmd
02:36:45 AM     0        61    0.00    0.00    0.00    0.00    0.00     2      0.00      0.00       0       0   0.00  khugepaged
02:36:45 AM     0        93    0.00    0.00    0.00    0.00    0.00     1      0.00      0.00       0       0   0.00  kintegrityd
02:36:45 AM     0        94    0.00    0.00    0.00    0.00    0.00     1      0.00      0.00       0       0   0.00  kblockd
02:36:45 AM     0        95    0.00    0.00    0.00    0.00    0.00     1      0.00      0.00       0       0   0.00  blkcg_punt_bio
02:36:45 AM     0        97    0.00    0.00    0.00    0.00    0.00     3      0.00      0.00       0       0   0.00  tpm_dev_wq
02:36:45 AM     0        98    0.00    0.00    0.00    0.00    0.00     0      0.00      0.00       0       0   0.00  irq/197-30c0000
02:36:45 AM     0        99    0.00    0.00    0.00    0.00    0.00     1      0.00      0.00       0       0   0.00  devfreq_wq
02:36:45 AM     0       100    0.00    0.00    0.00    0.00    0.00     1      0.00      0.00       0       0   0.00  watchdogd
02:36:45 AM     0       104    0.00    0.00    0.00    0.00    0.00     7      0.00      0.00       0       0   0.00  rpciod
02:36:45 AM     0       106    0.00    0.00    0.00    0.00    0.00     7      0.00      0.00       0       0   0.00  xprtiod
02:36:45 AM     0       108    0.00    0.00    0.00    0.00    0.00     7      0.00      0.00       0       0   0.00  kswapd0
02:36:45 AM     0       109    0.00    0.00    0.00    0.00    0.00     5      0.00      0.00       0       0   0.00  nfsiod
02:36:45 AM     0       112    0.00    0.00    0.00    0.00    0.00     1      0.00      0.00       0       0   0.00  kthrotld
02:36:45 AM     0       113    0.00    0.00    0.00    0.00    0.00     7      0.00      0.00       0       0   0.00  kpcitest
02:36:45 AM     0       116    0.00    0.00    0.00    0.00    0.00     5      0.00      0.00       0       0   0.00  kworker/5:1-events
02:36:45 AM     0       122    0.00    0.00    0.00    0.00    0.00     1      0.00      0.00       0       0   0.00  nvme-wq
02:36:45 AM     0       123    0.00    0.00    0.00    0.00    0.00     5      0.00      0.00       0       0   0.00  nvme-reset-wq
02:36:45 AM     0       124    0.00    0.00    0.00    0.00    0.00     6      0.00      0.00       0       0   0.00  nvme-delete-wq
02:36:45 AM     0       125    0.00    0.00    0.00    0.00    0.00     6      0.00      0.00       0       0   0.00  uas
02:36:45 AM     0       126    0.00    0.00    0.00    0.00    0.00     0      0.00      0.00       0       0   0.00  irq/222-tegra_r
02:36:45 AM     0       127    0.00    0.00    0.00    0.00    0.00     0      0.00      0.00       0       0   0.00  kworker/7:2-events
02:36:45 AM     0       129    0.00    0.00    0.00    0.00    0.00     0      0.00      0.00       0       0   0.00  irq/86-tegra-oc
02:36:45 AM     0       130    0.00    0.00    0.00    0.00    0.00     5      0.00      0.00       0       0   0.00  dm_bufio_cache
02:36:45 AM     0       131    0.00    0.00    0.00    0.00    0.00     0      0.00      0.00       0       0   0.00  irq/223-max7762
02:36:45 AM     0       140    0.00    0.00    0.00    0.00    0.00     0      0.00      0.00       0       0   0.00  irq/55-bc00000.
02:36:45 AM     0       143    0.00    0.00    0.00    0.00    0.00     0      0.00      0.00       0       0   0.00  ipv6_addrconf
02:36:45 AM     0       144    0.00    0.00    0.00    0.00    0.00     6      0.00      0.00       0       0   0.00  krfcommd
02:36:45 AM     0       145    0.00    0.00    0.00    0.00    0.00     0      0.00      0.00       0       0   0.00  kstrp
02:36:45 AM     0       150    0.00    0.00    0.00    0.00    0.00     0      0.00      0.00       0       0   0.00  irq/24-tegra-pc
02:36:45 AM     0       154    0.00    0.00    0.00    0.00    0.00     0      0.00      0.00       0       0   0.00  irq/26-tegra-pc
02:36:45 AM     0       160    0.00    0.00    0.00    0.00    0.00     0      0.00      0.00       0       0   0.00  irq/26-aerdrv
02:36:45 AM     0       161    0.00    0.00    0.00    0.00    0.00     0      0.00      0.00       0       0   0.00  irq/28-tegra-pc
02:36:45 AM     0       162    0.00    0.00    0.00    0.00    0.00     0      0.00      0.00       0       0   0.00  irq/28-aerdrv
02:36:45 AM     0       163    0.00    0.00    0.00    0.00    0.00     5      0.00      0.00       0       0   0.00  host_low_prio_w
02:36:45 AM     0       164    0.00    0.85    0.00    0.00    0.85     0      0.00      0.00       0       0   0.00  irq/57-host_syn
02:36:45 AM     0       165    0.00    0.00    0.00    0.00    0.00     0      0.00      0.00       0       0   0.00  irq/58-host_sta
02:36:45 AM     0       173    0.00    0.00    0.00    0.00    0.00     5      0.00      0.00       0       0   0.00  pva_task_status
02:36:45 AM     0       174    0.00    0.00    0.00    0.00    0.00     0      0.00      0.00       0       0   0.00  irq/75-pva-isr
02:36:45 AM     0       175    0.00    0.00    0.00    0.00    0.00     0      0.00      0.00       0       0   0.00  pva_task_status
02:36:45 AM     0       176    0.00    0.00    0.00    0.00    0.00     0      0.00      0.00       0       0   0.00  irq/76-pva-isr
02:36:45 AM     0       185    0.00    0.00    0.00    0.00    0.00     0      0.00      0.00       0       0   0.00  sdhci
02:36:45 AM     0       186    0.00    0.00    0.00    0.00    0.00     0      0.00      0.00       0       0   0.00  irq/39-mmc0
02:36:45 AM     0       187    0.00    0.00    0.00    0.00    0.00     2      0.00      0.00       0       0   0.00  sdhci
02:36:45 AM     0       189    0.00    0.00    0.00    0.00    0.00     0      0.00      0.00       0       0   0.00  irq/40-mmc1
02:36:45 AM     0       195    0.00    0.00    0.00    0.00    0.00     7      0.00      0.00       0       0   0.00  scsi_eh_0
02:36:45 AM     0       196    0.00    0.00    0.00    0.00    0.00     7      0.00      0.00       0       0   0.00  scsi_tmf_0
02:36:45 AM     0       197    0.00    0.00    0.00    0.00    0.00     0      0.00      0.00       0       0   0.00  kworker/5:2-events
02:36:45 AM     0       198    0.00    0.00    0.00    0.00    0.00     0      0.00      0.00       0       0   0.00  irq/67-15200000
02:36:45 AM     0       199    0.00    0.00    0.00    0.00    0.00     1      0.00      0.00       0       0   0.00  tegradc.0/a
02:36:45 AM     0       200    0.00    0.00    0.00    0.00    0.00     0      0.00      0.00       0       0   0.00  tegradc.0/b
02:36:45 AM     0       201    0.00    0.00    0.00    0.00    0.00     0      0.00      0.00       0       0   0.00  tegradc.0/c
02:36:45 AM     0       202    0.00    0.00    0.00    0.00    0.00     0      0.00      0.00       0       0   0.00  tegradc.0/d
02:36:45 AM     0       203    0.00    0.00    0.00    0.00    0.00     0      0.00      0.00       0       0   0.00  tegradc.0/e
02:36:45 AM     0       204    0.00    0.00    0.00    0.00    0.00     0      0.00      0.00       0       0   0.00  tegradc.0/f
02:36:45 AM     0       205    0.00    0.00    0.00    0.00    0.00     0      0.00      0.00       0       0   0.00  tegradc.0/sl
02:36:45 AM     0       206    0.00    0.00    0.00    0.00    0.00     0      0.00      0.00       0       0   0.00  irq/62-15200000
02:36:45 AM     0       207    0.00    0.00    0.00    0.00    0.00     0      0.00      0.00       0       0   0.00  irq/276-3400000
02:36:45 AM     0       208    0.00    0.00    0.00    0.00    0.00     0      0.00      0.00       0       0   0.00  ufs_eh_wq_0
02:36:45 AM     0       209    0.00    0.00    0.00    0.00    0.00     3      0.00      0.00       0       0   0.00  mmc_complete
02:36:45 AM     0       211    0.00    0.00    0.00    0.00    0.00     0      0.00      0.00       0       0   0.00  irq/278-1520000
02:36:45 AM     0       212    0.00    0.00    0.00    0.00    0.00     0      0.00      0.00       0       0   0.00  irq/203-3610000
02:36:45 AM     0       213    0.00    0.00    0.00    0.00    0.00     0      0.00      0.00       0       0   0.00  irq/221-3610000
02:36:45 AM     0       214    0.00    0.00    0.00    0.00    0.00     0      0.00      0.00       0       0   0.00  irq/30-tegra-pc
02:36:45 AM     0       216    0.00    0.00    0.00    0.00    0.00     0      0.00      0.00       0       0   0.00  kworker/4:3-events
02:36:45 AM     0       218    0.00    0.00    0.00    0.00    0.00     4      0.00      0.00       0       0   0.00  kworker/4:5-events
02:36:45 AM     0       221    0.00    0.00    0.00    0.00    0.00     0      0.00      0.00       0       0   0.00  kworker/6:12-events
02:36:45 AM     0       222    0.00    0.00    0.00    0.00    0.00     0      0.00      0.00       0       0   0.00  kworker/6:13-events
02:36:45 AM     0       225    0.00    0.00    0.00    0.00    0.00     0      0.00      0.00       0       0   0.00  irq/68-tegra_dp
02:36:45 AM     0       226    0.00    0.00    0.00    0.00    0.00     0      0.00      0.00       0       0   0.00  irq/65-15210000
02:36:45 AM     0       227    0.00    0.00    0.00    0.00    0.00     0      0.00      0.00       0       0   0.00  tegradc.1/a
02:36:45 AM     0       228    0.00    0.00    0.00    0.00    0.00     0      0.00      0.00       0       0   0.00  tegradc.1/b
02:36:45 AM     0       229    0.00    0.00    0.00    0.00    0.00     0      0.00      0.00       0       0   0.00  tegradc.1/c
02:36:45 AM     0       230    0.00    0.00    0.00    0.00    0.00     0      0.00      0.00       0       0   0.00  tegradc.1/d
02:36:45 AM     0       231    0.00    0.00    0.00    0.00    0.00     0      0.00      0.00       0       0   0.00  tegradc.1/e
02:36:45 AM     0       232    0.00    0.00    0.00    0.00    0.00     0      0.00      0.00       0       0   0.00  tegradc.1/f
02:36:45 AM     0       233    0.00    0.00    0.00    0.00    0.00     1      0.00      0.00       0       0   0.00  tegradc.1/sl
02:36:45 AM     0       234    0.00    0.00    0.00    0.00    0.00     0      0.00      0.00       0       0   0.00  irq/63-15210000
02:36:45 AM     0       249    0.00    0.00    0.00    0.00    0.00     0      0.00      0.00       0       0   0.00  irq/56-d230000.
02:36:45 AM     0       250    0.00    0.00    0.00    0.00    0.00     0      0.00      0.00       0       0   0.00  irq/69-tegra_dp
02:36:45 AM     0       251    0.00    0.00    0.00    0.00    0.00     0      0.00      0.00       0       0   0.00  irq/66-15220000
02:36:45 AM     0       252    0.00    0.00    0.00    0.00    0.00     0      0.00      0.00       0       0   0.00  tegradc.2/a
02:36:45 AM     0       253    0.00    0.00    0.00    0.00    0.00     0      0.00      0.00       0       0   0.00  tegradc.2/b
02:36:45 AM     0       254    0.00    0.00    0.00    0.00    0.00     0      0.00      0.00       0       0   0.00  tegradc.2/c
02:36:45 AM     0       255    0.00    0.00    0.00    0.00    0.00     0      0.00      0.00       0       0   0.00  tegradc.2/d
02:36:45 AM     0       256    0.00    0.00    0.00    0.00    0.00     0      0.00      0.00       0       0   0.00  tegradc.2/e
02:36:45 AM     0       257    0.00    0.00    0.00    0.00    0.00     0      0.00      0.00       0       0   0.00  tegradc.2/f
02:36:45 AM     0       258    0.00    0.00    0.00    0.00    0.00     0      0.00      0.00       0       0   0.00  tegradc.2/sl
02:36:45 AM     0       259    0.00    0.00    0.00    0.00    0.00     0      0.00      0.00       0       0   0.00  irq/64-15220000
02:36:45 AM     0       275    0.00    0.00    0.00    0.00    0.00     2      0.00      0.00       0       0   0.00  jbd2/mmcblk0p1-
02:36:45 AM     0       276    0.00    0.00    0.00    0.00    0.00     3      0.00      0.00       0       0   0.00  ext4-rsv-conver
02:36:45 AM     0       280    0.00    0.00    0.00    0.00    0.00     7      0.00      0.00       0       0   0.00  kworker/7:1H
02:36:45 AM     0       286    0.00    0.00    0.00    0.00    0.00     5      0.00      0.00       0       0   0.00  kworker/5:1H-kblockd
02:36:45 AM     0       312    0.00    0.00    0.00    0.00    0.00     2      0.00      0.00   61816   31668   0.10  systemd-journal
02:36:45 AM     0       338    0.00    2.56    0.00   19.66    2.56     3      0.00      0.00       0       0   0.00  nvmap-bz
02:36:45 AM     0       339    0.00    0.00    0.00    0.00    0.00     0      0.00      0.00       0       0   0.00  irq/204-gk20a_s
02:36:45 AM     0       340    0.00    0.00    0.00    0.00    0.00     0      0.00      0.00       0       0   0.00  irq/205-gk20a_n
02:36:45 AM     0       345    0.00    0.00    0.00    0.00    0.00     3      0.00      0.00    2776    1492   0.00  tee-supplicant
02:36:45 AM     0       347    0.00    0.00    0.00    0.00    0.00     3      0.00      0.00       0       0   0.00  optee_bus_scan
02:36:45 AM     0       358    0.00    0.00    0.00    0.00    0.00     3      0.00      0.00   22788    7532   0.02  systemd-udevd
02:36:45 AM     0       364    0.00    0.00    0.00    0.00    0.00     1      0.00      0.00    7948    4892   0.02  haveged
02:36:45 AM   126       365    0.00    0.00    0.00    0.00    0.00     3      0.00      0.00    7136    3108   0.01  rpcbind
02:36:45 AM   105       366    0.00    0.00    0.00    0.00    0.00     0      0.00      0.00   25592   13288   0.04  systemd-resolve
02:36:45 AM   103       367    0.00    0.00    0.00    0.00    0.00     1      0.00      0.00   90672    6220   0.02  systemd-timesyn
02:36:45 AM     0       407    0.00    0.00    0.00    0.00    0.00     5      0.00      0.00       0       0   0.00  cfg80211
02:36:45 AM     0       410    0.00    0.00    0.00    0.00    0.00     0      0.00      0.00       0       0   0.00  irq/42-3210000.
02:36:45 AM     0       412    0.00    0.00    0.00    0.00    0.00     2      0.00      0.00       0       0   0.00  spi0
02:36:45 AM     0       413    0.00   13.68    0.00    0.00   13.68     1      0.00      0.00       0       0   0.00  irq/282-iwlwifi
02:36:45 AM     0       416    0.00    0.00    0.00    0.00    0.00     4      0.00      0.00       0       0   0.00  ata_sff
02:36:45 AM     0       419    0.00    0.00    0.00    0.00    0.00     0      0.00      0.00       0       0   0.00  irq/43-c260000.
02:36:45 AM     0       420    0.00    0.00    0.00    0.00    0.00     6      0.00      0.00       0       0   0.00  scsi_eh_1
02:36:45 AM     0       422    0.00    0.00    0.00    0.00    0.00     6      0.00      0.00       0       0   0.00  scsi_tmf_1
02:36:45 AM     0       427    0.00    0.00    0.00    0.00    0.00     0      0.00      0.00       0       0   0.00  spi1
02:36:45 AM     0       430    0.00    0.00    0.00    0.00    0.00     3      0.00      0.00  242072    8880   0.03  accounts-daemon
02:36:45 AM   120       439    0.00    0.00    0.00    0.00    0.00     1      0.00      0.00    7084    3472   0.01  avahi-daemon
02:36:45 AM     0       441    0.00    0.00    0.00    0.00    0.00     2      0.00      0.00    9220    2516   0.01  cron
02:36:45 AM   106       443    0.85    0.00    0.00    0.00    0.85     0      0.00      0.00    9396    5264   0.02  dbus-daemon
02:36:45 AM     0       447    0.00    0.00    0.00    0.00    0.00     1      0.00      0.00  341244   20856   0.07  NetworkManager
02:36:45 AM     0       456    0.00    0.00    0.00    0.00    0.00     4      0.00      0.00   38300   19472   0.06  networkd-dispat
02:36:45 AM     0       473    0.00    0.00    0.00    0.00    0.00     2      0.00      0.00  238860   13352   0.04  polkitd
02:36:45 AM   125       483    0.00    0.00    0.00    0.00    0.00     2      0.00      0.00  220940    8288   0.03  rsyslogd
02:36:45 AM     0       503    0.00    0.00    0.00    0.00    0.00     2      0.00      0.00  235864    4364   0.01  switcheroo-cont
02:36:45 AM     0       514    0.00    0.00    0.00    0.00    0.00     0      0.00      0.00   17076    6760   0.02  systemd-logind
02:36:45 AM     0       523    0.00    0.00    0.00    0.00    0.00     2      0.00      0.00  395556   15676   0.05  udisksd
02:36:45 AM     0       528    0.00    0.00    0.00    0.00    0.00     2      0.00      0.00   12784    8052   0.03  wpa_supplicant
02:36:45 AM     0       548    0.00    0.00    0.00    0.00    0.00     0      0.00      0.00       0       0   0.00  sugov:0
02:36:45 AM   120       555    0.00    0.00    0.00    0.00    0.00     2      0.00      0.00    6896     324   0.00  avahi-daemon
02:36:45 AM     0       585    0.00    0.00    0.00    0.00    0.00     5      0.00      0.00       0       0   0.00  tmp451
02:36:45 AM     0       597    0.00    0.00    0.00    0.00    0.00     3      0.00      0.00       0       0   0.00  irq/286-1-0008
02:36:45 AM     0       600    0.00    0.00    0.00    0.00    0.00     2      0.00      0.00  321792   14480   0.05  ModemManager
02:36:45 AM     0       653    0.00    0.00    0.00    0.00    0.00     0      0.00      0.00    2476     604   0.00  nvfancontrol
02:36:45 AM     0       728    0.00    0.00    0.00    0.00    0.00     4      0.00      0.00       0       0   0.00  adspp_kthread
02:36:45 AM     0       779    0.00    0.00    0.00    0.00    0.00     6      0.00      0.00       0       0   0.00  kworker/6:2H-kblockd
02:36:45 AM     0       876    0.00    0.00    0.00    0.00    0.00     1      0.00      0.00       0       0   0.00  irq/289-2490000
02:36:45 AM     0       887    0.00    0.00    0.00    0.00    0.00     0      0.00      0.00       0       0   0.00  irq/32-eth0.com
02:36:45 AM     0       919    0.00    0.00    0.00    0.00    0.00     4      0.00      0.00       0       0   0.00  file-storage
02:36:45 AM     0       953    0.00    0.00    0.00    0.00    0.00     1      0.00      0.00       0       0   0.00  loop0
02:36:45 AM     0      1048    0.00    0.00    0.00    0.00    0.00     4      0.00      0.00       0       0   0.00  kworker/4:2H-kblockd
02:36:45 AM     0      1091    0.00    0.00    0.00    0.00    0.00     3      0.00      0.00       0       0   0.00  cryptd
02:36:45 AM     0      1147    0.00    0.00    0.00    0.00    0.00     2      0.00      0.00       0       0   0.00  sw-quiesce
02:36:45 AM     0      1148    0.00    0.00    0.00    0.00    0.00     2      0.00      0.00       0       0   0.00  nvgpu_channel_p
02:36:45 AM     0      1151    0.00    0.00    0.00    0.00    0.00     2      0.00      0.00       0       0   0.00  nvgpu_nvs_gv11b
02:36:45 AM     0      1153    0.00    0.00    0.00    0.00    0.00     0      0.00      0.00       0       0   0.00  nvgpu_pg_init_g
02:36:45 AM     0      1157    0.00    0.00    0.00    0.00    0.00     2      0.00      0.00       0       0   0.00  nvgpu_clk_arb_p
02:36:45 AM     0      1162    0.00    0.00    0.00    0.00    0.00     3      0.00      0.00       0       0   0.00  irq/288-rt5659
02:36:45 AM     0      1270    0.00    0.00    0.00    0.00    0.00     3      0.00      0.00   55688   11092   0.03  nvargus-daemon
02:36:45 AM     0      1273    0.00    0.00    0.00    0.00    0.00     3      0.00      0.00   21932    1552   0.00  nvs-service
02:36:45 AM     0      1298    0.00    0.00    0.00    0.00    0.00     1      0.00      0.00 2007972   50360   0.16  containerd
02:36:45 AM     0      1314    0.00    0.00    0.00    0.00    0.00     0      0.00      0.00  240032    7616   0.02  gdm3
02:36:45 AM   108      1326    0.00    0.00    0.00    0.00    0.00     3      0.00      0.00   11468    1896   0.01  kerneloops
02:36:45 AM     0      1327    0.00    0.00    0.00    0.00    0.00     1      0.00      0.00   12236    6576   0.02  sshd
02:36:45 AM     0      1336    0.00    0.00    0.00    0.00    0.00     0      0.00      0.00    7688    1876   0.01  agetty
02:36:45 AM     0      1337    0.00    0.00    0.00    0.00    0.00     2      0.00      0.00    7688    1904   0.01  agetty
02:36:45 AM   108      1339    0.00    0.00    0.00    0.00    0.00     1      0.00      0.00   11468    1820   0.01  kerneloops
02:36:45 AM     0      1340    0.00    0.00    0.00    0.00    0.00     3      0.00      0.00    9216    2824   0.01  nvgetty.sh
02:36:45 AM     0      1379    0.00    0.00    0.00    0.00    0.00     0      0.00      0.00    7688    1848   0.01  getty
02:36:45 AM     0      1554    0.00    0.00    0.00    0.00    0.00     2      0.00      0.00 2111796   85472   0.27  dockerd
02:36:45 AM     0      1677    0.00    0.00    0.00    0.00    0.00     2      0.00      0.00  168472    8256   0.03  gdm-session-wor
02:36:45 AM     0      1711    0.00    0.00    0.00    0.00    0.00     0      0.00      0.00    3248     808   0.00  nvphsd
02:36:45 AM     0      1716    0.00    0.00    0.00    0.00    0.00     3      0.00      0.00    3380    1788   0.01  nvphsd
02:36:45 AM   124      1789    0.00    0.00    0.00    0.00    0.00     3      0.00      0.00   19144    9224   0.03  systemd
02:36:45 AM   124      1804    0.00    0.00    0.00    0.00    0.00     3      0.00      0.00  104488    5436   0.02  (sd-pam)
02:36:45 AM   124      2014    0.00    0.00    0.00    0.00    0.00     2      0.00      0.00  961884   21984   0.07  pulseaudio
02:36:45 AM   124      2032    0.00    0.00    0.00    0.00    0.00     2      0.00      0.00  164156    5924   0.02  gdm-x-session
02:36:45 AM   124      2037    0.00    0.00    0.00    0.00    0.00     1      0.00      0.00 25330232   99256   0.31  Xorg
02:36:45 AM   118      2040    0.00    0.00    0.00    0.00    0.00     1      0.00      0.00  152516    2440   0.01  rtkit-daemon
02:36:45 AM   124      2162    0.00    0.00    0.00    0.00    0.00     2      0.00      0.00    7812    3448   0.01  dbus-daemon
02:36:45 AM   124      2428    0.00    0.00    0.00    0.00    0.00     0      0.00      0.00    4776    1164   0.00  dbus-run-sessio
02:36:45 AM   124      2429    0.00    0.00    0.00    0.00    0.00     2      0.00      0.00    8088    4104   0.01  dbus-daemon
02:36:45 AM   124      2438    0.00    0.00    0.00    0.00    0.00     3      0.00      0.00  559768   14932   0.05  gnome-session-b
02:36:45 AM     0      2457    0.00    0.00    0.00    0.00    0.00     2      0.00      0.00  101692   19628   0.06  jtop
02:36:45 AM   124      2463    0.00    0.00    0.00    0.00    0.00     3      0.00      0.00  309548   10092   0.03  at-spi-bus-laun
02:36:45 AM   124      2470    0.00    0.00    0.00    0.00    0.00     1      0.00      0.00    7676    3468   0.01  dbus-daemon
02:36:45 AM   124      2495    0.00    0.00    0.00    0.85    0.00     0      0.00      0.00 4022996  194924   0.61  gnome-shell
02:36:45 AM     0      2510    0.00    0.00    0.00    0.00    0.00     2      0.00      0.00  175424   16904   0.05  jtop
02:36:45 AM     0      2518    0.00    0.00    0.00    0.00    0.00     2      0.00      0.00  101692   17160   0.05  jtop
02:36:45 AM   124      2696    0.00    0.00    0.00    0.00    0.00     0      0.00      0.00  314420   11212   0.04  ibus-daemon
02:36:45 AM   124      2699    0.00    0.00    0.00    0.00    0.00     2      0.00      0.00  239960   11792   0.04  ibus-dconf
02:36:45 AM   124      2701    0.00    0.00    0.00    0.00    0.00     2      0.00      0.00  189920   16900   0.05  ibus-x11
02:36:45 AM   124      2704    0.00    0.00    0.00    0.00    0.00     3      0.00      0.00  239880    7776   0.02  ibus-portal
02:36:45 AM   124      2715    0.00    0.00    0.00    0.00    0.00     1      0.00      0.00  161420    6880   0.02  at-spi2-registr
02:36:45 AM   124      2719    0.00    0.00    0.00    0.00    0.00     3      0.00      0.00  235804    4672   0.01  xdg-permission-
02:36:45 AM     0      2725    0.00    0.00    0.00    0.00    0.00     2      0.00      0.00  252944    8776   0.03  upowerd
02:36:45 AM   124      2745    0.00    0.00    0.00    0.00    0.00     2      0.00      0.00 3001620   27244   0.09  gjs
02:36:45 AM   124      2764    0.00    0.00    0.00    0.00    0.00     0      0.00      0.00  469396   14236   0.04  gsd-sharing
02:36:45 AM   124      2765    0.00    0.00    0.00    0.00    0.00     1      0.00      0.00  334628   15072   0.05  gsd-wacom
02:36:45 AM   124      2768    0.00    0.00    0.00    0.00    0.00     3      0.00      0.00  571788   19844   0.06  gsd-color
02:36:45 AM   124      2772    0.00    0.00    0.00    0.00    0.00     2      0.00      0.00  338096   17824   0.06  gsd-keyboard
02:36:45 AM   124      2774    0.00    0.00    0.00    0.00    0.00     2      0.00      0.00  322508   11376   0.04  gsd-print-notif
02:36:45 AM   124      2779    0.00    0.00    0.00    0.00    0.00     3      0.00      0.00  166208    7736   0.02  ibus-engine-sim
02:36:45 AM   124      2780    0.00    0.00    0.00    0.00    0.00     1      0.00      0.00  457460    7996   0.03  gsd-rfkill
02:36:45 AM   124      2782    0.00    0.00    0.00    0.00    0.00     1      0.00      0.00  391976    9696   0.03  gsd-smartcard
02:36:45 AM   124      2784    0.00    0.00    0.00    0.00    0.00     2      0.00      0.00  374928   15372   0.05  gsd-datetime
02:36:45 AM   124      2790    0.00    0.00    0.00    0.00    0.00     2      0.00      0.00  679696   20032   0.06  gsd-media-keys
02:36:45 AM   124      2791    0.00    0.00    0.00    0.00    0.00     3      0.00      0.00  235772    5600   0.02  gsd-screensaver
02:36:45 AM   124      2793    0.00    0.00    0.00    0.00    0.00     3      0.00      0.00  320104    9452   0.03  gsd-sound
02:36:45 AM   124      2795    0.00    0.00    0.00    0.00    0.00     3      0.00      0.00  313652   10144   0.03  gsd-a11y-settin
02:36:45 AM   124      2799    0.00    0.00    0.00    0.00    0.00     2      0.00      0.00  313992   10524   0.03  gsd-housekeepin
02:36:45 AM   124      2802    0.00    0.00    0.00    0.00    0.00     0      0.00      0.00  339724   18828   0.06  gsd-power
02:36:45 AM   124      2824    0.00    0.00    0.00    0.00    0.00     2      0.00      0.00  342540   12784   0.04  gsd-printer
02:36:45 AM   119      2837    0.00    0.00    0.00    0.00    0.00     2      0.00      0.00  249328   17548   0.06  colord
02:36:45 AM     0     29120    0.00    0.00    0.00    0.00    0.00     3      0.00      0.00       0       0   0.00  kworker/u17:2
02:36:45 AM     0     33852    0.00    0.00    0.00    0.00    0.00     1      0.00      0.00       0       0   0.00  kworker/1:0H-kblockd
02:36:45 AM     0     35048    0.00    0.00    0.00    0.00    0.00     0      0.00      0.00       0       0   0.00  kworker/u17:0-thermal_fan_est
02:36:45 AM  1000     39960    0.00    0.00    0.00    0.00    0.00     2      0.00      0.00   19248    9208   0.03  systemd
02:36:45 AM  1000     39961    0.00    0.00    0.00    0.00    0.00     2      0.00      0.00  170940    6304   0.02  (sd-pam)
02:36:45 AM  1000     40037    0.00    0.00    0.00    0.00    0.00     3      0.00      0.00    7812    3952   0.01  dbus-daemon
02:36:45 AM     0     40147    0.00    0.00    0.00    0.00    0.00     1      0.00      0.00       0       0   0.00  kworker/1:0-pm
02:36:45 AM     0     40174    0.00    0.00    0.00    0.00    0.00     2      0.00      0.00       0       0   0.00  kworker/2:2H-kblockd
02:36:45 AM     0     40194    0.00    0.00    0.00    0.00    0.00     3      0.00      0.00       0       0   0.00  kworker/3:0H-kblockd
02:36:45 AM     0     41650    0.00    0.00    0.00    0.00    0.00     3      0.00      0.00       0       0   0.00  kworker/3:0-mm_percpu_wq
02:36:45 AM     0     43913    0.00    0.00    0.00    0.00    0.00     2      0.00      0.00   14768    7560   0.02  sshd
02:36:45 AM  1000     43958    0.00    0.00    0.00    0.00    0.00     0      0.00      0.00   15292    6400   0.02  sshd
02:36:45 AM  1000     43959    0.00    0.00    0.00    0.00    0.00     1      0.00      0.00   11344    5444   0.02  bash
02:36:45 AM     0     50050    0.00    0.00    0.00    0.00    0.00     2      0.00      0.00   14768    7572   0.02  sshd
02:36:45 AM  1000     50094    0.00    0.00    0.00    0.00    0.00     3      0.00      0.00   15292    6428   0.02  sshd
02:36:45 AM  1000     50095    0.00    0.00    0.00    0.00    0.00     2      0.00      0.00   11344    5448   0.02  bash
02:36:45 AM     0     81462    0.00    0.00    0.00    0.00    0.00     2      0.00      0.00       0       0   0.00  kworker/2:2-mm_percpu_wq
02:36:45 AM     0     81478    0.00    0.00    0.00    0.00    0.00     0      0.00      0.00       0       0   0.00  kworker/0:1H-kblockd
02:36:45 AM  1000     84840    0.00    0.00    0.00    0.00    0.00     3      0.00      0.00  240176   10088   0.03  gnome-keyring-d
02:36:45 AM   124     84900    0.00    0.00    0.00    0.00    0.00     1      0.00      0.00  156240    4584   0.01  dconf-service
02:36:45 AM     0     85427    0.00    0.00    0.00    0.00    0.00     0      0.00      0.00       0       0   0.00  kworker/0:2-events
02:36:45 AM     0     86310    0.00    0.85    0.00    0.00    0.85     0      0.00      0.00       0       0   0.00  kworker/u16:1-events_unbound
02:36:45 AM     0     86312    0.00    0.00    0.00    0.00    0.00     3      0.00      0.00   14768    7564   0.02  sshd
02:36:45 AM  1000     86356    0.00    0.00    0.00    0.00    0.00     3      0.00      0.00   15292    6380   0.02  sshd
02:36:45 AM  1000     86357    0.00    0.00    0.00    0.00    0.00     0      0.00      0.00   11344    5440   0.02  bash
02:36:45 AM     0     86549    0.00    0.00    0.00    0.00    0.00     2      0.00      0.00   14768    7664   0.02  sshd
02:36:45 AM  1000     86593    0.00    0.85    0.00    0.00    0.85     0      0.00      0.00   15292    6480   0.02  sshd
02:36:45 AM  1000     86594    0.00    0.00    0.00    0.00    0.00     1      0.00      0.00   11860    5896   0.02  bash
02:36:45 AM     0     86632    0.00    0.00    0.00    0.00    0.00     3      0.00      0.00       0       0   0.00  kworker/3:2
02:36:45 AM     0     86695    0.00    0.00    0.00    0.00    0.00     2      0.00      0.00   14768    7616   0.02  sshd
02:36:45 AM  1000     86739    0.00    2.56    0.00    1.71    2.56     0      0.00      0.00   16116    7520   0.02  sshd
02:36:45 AM  1000     86740    0.00    0.00    0.00    0.00    0.00     0      0.00      0.00   11344    5344   0.02  bash
02:36:45 AM  1000     86916    0.85    0.00    0.00    0.00    0.85     3      0.00      0.00  283948   42984   0.14  roslaunch
02:36:45 AM  1000     86924    1.71    0.85    0.00    0.00    2.56     2      0.85      0.00  797980   43964   0.14  rosmaster
02:36:45 AM  1000     86934    0.00    0.85    0.00    0.00    0.85     1      0.00      0.00  274964   10080   0.03  rosout
02:36:45 AM  1000     86944   51.28   68.38    0.00    8.55  119.66     1      0.00      0.00 34859196  742712   2.34  scale_truck_con
02:36:45 AM  1000     86945   26.50   62.39    0.00    0.00   88.89     1      0.00      0.00 1571432  116640   0.37  LRC
02:36:45 AM  1000     87010    0.00    0.00    0.00    0.00    0.00     0      0.00      0.00  724884  128584   0.41  python3
02:36:45 AM     0     87290    0.00    0.00    0.00    0.00    0.00     0      0.00      0.00   14768    7584   0.02  sshd
02:36:45 AM  1000     87334    0.00    0.00    0.00    0.00    0.00     0      0.00      0.00   15292    6412   0.02  sshd
02:36:45 AM  1000     87335    0.00    0.00    0.00    0.00    0.00     2      0.00      0.00   11344    5436   0.02  bash
02:36:45 AM     0     89981    0.00    0.00    0.00    0.00    0.00     1      0.00      0.00       0       0   0.00  kworker/1:1-pm
02:36:45 AM     0     95050    0.00    0.00    0.00    0.00    0.00     2      0.00      0.00       0       0   0.00  kworker/2:0-events
02:36:45 AM     0     96173    0.00    0.00    0.00    0.00    0.00     1      0.00      0.00       0       0   0.00  kworker/1:2-mm_percpu_wq
02:36:45 AM     0     99494    0.00    0.00    0.00    0.00    0.00     3      0.00      0.00       0       0   0.00  kworker/u16:3-events_unbound
02:36:45 AM     0    101032    0.00    0.00    0.00    0.00    0.00     2      0.00      0.00       0       0   0.00  kworker/2:1H
02:36:45 AM     0    102096    0.00    0.00    0.00    0.00    0.00     0      0.00      0.00       0       0   0.00  kworker/0:2H
02:36:45 AM     0    103173    0.00    0.00    0.00    0.00    0.00     3      0.00      0.00       0       0   0.00  kworker/3:1H
02:36:45 AM     0    107801    0.00    0.00    0.00    0.00    0.00     1      0.00      0.00       0       0   0.00  kworker/1:2H
02:36:45 AM     0    109830    0.00    0.00    0.00    0.00    0.00     0      0.00      0.00       0       0   0.00  kworker/0:1-events
02:36:45 AM     0    111231    0.00    0.00    0.00    0.00    0.00     1      0.00      0.00       0       0   0.00  kworker/u16:0-events_unbound
02:36:45 AM     0    111939    0.00    0.00    0.00    0.00    0.00     1      0.00      0.00       0       0   0.00  kworker/1:4-events
02:36:45 AM     0    121074    0.00    0.00    0.00    0.00    0.00     0      0.00      0.00       0       0   0.00  kworker/0:0-events
02:36:45 AM     0    122883    0.00    0.85    0.00    0.00    0.85     2      0.00      0.00       0       0   0.00  kworker/u16:2-devfreq_wq
02:36:45 AM     0    123203    0.00    0.00    0.00    0.00    0.00     3      0.00      0.00       0       0   0.00  kworker/3:2H
02:36:45 AM     0    124025    0.00    0.00    0.00    0.00    0.00     2      0.00      0.00       0       0   0.00  kworker/2:0H
02:36:45 AM     0    128328    0.00    0.00    0.00    0.00    0.00     1      0.00      0.00       0       0   0.00  kworker/1:3
02:36:45 AM  1000    128618    0.00    0.00    0.00    0.00    0.00     1      0.00      0.00    7828     540   0.00  timeout
02:36:45 AM  1000    128619    0.00    0.00    0.00    0.00    0.00     0      0.00      0.00    9208    3220   0.01  bash
02:36:45 AM  1000    128621    0.00    0.00    0.00    0.00    0.00     3      0.00      0.00   68712   42776   0.13  rosbag
02:36:45 AM  1000    128828   14.53   29.06    0.00    0.00   43.59     1     44.44      0.00 1171700   22340   0.07  record
02:36:45 AM  1000    128832   51.28   14.53    0.00   17.09   65.81     3   5269.23      0.00   68692   43012   0.14  rosbag
02:36:45 AM  1000    128966    1.71    6.84    0.00    8.55    8.55     3    951.28      0.00   17764    9992   0.03  pidstat
02:36:45 AM  1000    128996    5.13    6.84    0.00    3.42   11.97     2   1442.74      0.00  356692   18928   0.06  play

# Time        UID       PID    %usr %system  %guest   %wait    %CPU   CPU  minflt/s  majflt/s     VSZ     RSS   %MEM  Command
02:36:46 AM     0         1    0.00    0.00    0.00    0.00    0.00     2      0.00      0.00  169880   11540   0.04  systemd
02:36:46 AM     0         2    0.00    0.00    0.00    0.00    0.00     1      0.00      0.00       0       0   0.00  kthreadd
02:36:46 AM     0         3    0.00    0.00    0.00    0.00    0.00     0      0.00      0.00       0       0   0.00  rcu_gp
02:36:46 AM     0         4    0.00    0.00    0.00    0.00    0.00     0      0.00      0.00       0       0   0.00  rcu_par_gp
02:36:46 AM     0         8    0.00    0.00    0.00    0.00    0.00     0      0.00      0.00       0       0   0.00  mm_percpu_wq
02:36:46 AM     0         9    0.00    0.00    0.00    0.00    0.00     0      0.00      0.00       0       0   0.00  rcu_tasks_kthre
02:36:46 AM     0        10    0.00    0.00    0.00    0.00    0.00     0      0.00      0.00       0       0   0.00  rcu_tasks_rude_
02:36:46 AM     0        11    0.00    0.00    0.00    0.00    0.00     0      0.00      0.00       0       0   0.00  rcu_tasks_trace
02:36:46 AM     0        12    0.00    0.00    0.00    1.00    0.00     0      0.00      0.00       0       0   0.00  ksoftirqd/0
02:36:46 AM     0        13    0.00    0.00    0.00    1.00    0.00     3      0.00      0.00       0       0   0.00  rcu_preempt
02:36:46 AM     0        14    0.00    0.00    0.00    0.00    0.00     0      0.00      0.00       0       0   0.00  migration/0
02:36:46 AM     0        16    0.00    0.00    0.00    0.00    0.00     0      0.00      0.00       0       0   0.00  cpuhp/0
02:36:46 AM     0        17    0.00    0.00    0.00    0.00    0.00     1      0.00      0.00       0       0   0.00  cpuhp/1
02:36:46 AM     0        18    0.00    0.00    0.00    0.00    0.00     1      0.00      0.00       0       0   0.00  migration/1
02:36:46 AM     0        19    0.00    1.00    0.00    1.00    1.00     1      0.00      0.00       0       0   0.00  ksoftirqd/1
02:36:46 AM     0        22    0.00    0.00    0.00    0.00    0.00     2      0.00      0.00       0       0   0.00  cpuhp/2
02:36:46 AM     0        23    0.00    0.00    0.00    0.00    0.00     2      0.00      0.00       0       0   0.00  migration/2
02:36:46 AM     0        24    0.00    0.00    0.00    0.00    0.00     2      0.00      0.00       0       0   0.00  ksoftirqd/2
02:36:46 AM     0        27    0.00    0.00    0.00    0.00    0.00     3      0.00      0.00       0       0   0.00  cpuhp/3
02:36:46 AM     0        28    0.00    0.00    0.00    0.00    0.00     3      0.00      0.00       0       0   0.00  migration/3
02:36:46 AM     0        29    0.00    0.00    0.00    1.00    0.00     3      0.00      0.00       0       0   0.00  ksoftirqd/3
02:36:46 AM     0        32    0.00    0.00    0.00    0.00    0.00     4      0.00      0.00       0       0   0.00  cpuhp/4
02:36:46 AM     0        33    0.00    0.00    0.00    0.00    0.00     4      0.00      0.00       0       0   0.00  migration/4
02:36:46 AM     0        34    0.00    0.00    0.00    0.00    0.00     4      0.00      0.00       0       0   0.00  ksoftirqd/4
02:36:46 AM     0        36    0.00    0.00    0.00    0.00    0.00     4      0.00      0.00       0       0   0.00  kworker/4:0H-kblockd
02:36:46 AM     0        37    0.00    0.00    0.00    0.00    0.00     5      0.00      0.00       0       0   0.00  cpuhp/5
02:36:46 AM     0        38    0.00    0.00    0.00    0.00    0.00     5      0.00      0.00       0       0   0.00  migration/5
02:36:46 AM     0        39    0.00    0.00    0.00    0.00    0.00     5      0.00      0.00       0       0   0.00  ksoftirqd/5
02:36:46 AM     0        41    0.00    0.00    0.00    0.00    0.00     5      0.00      0.00       0       0   0.00  kworker/5:0H-kblockd
02:36:46 AM     0        42    0.00    0.00    0.00    0.00    0.00     6      0.00      0.00       0       0   0.00  cpuhp/6
02:36:46 AM     0        43    0.00    0.00    0.00    0.00    0.00     6      0.00      0.00       0       0   0.00  migration/6
02:36:46 AM     0        44    0.00    0.00    0.00    0.00    0.00     6      0.00      0.00       0       0   0.00  ksoftirqd/6
02:36:46 AM     0        46    0.00    0.00    0.00    0.00    0.00     6      0.00      0.00       0       0   0.00  kworker/6:0H-events_highpri
02:36:46 AM     0        47    0.00    0.00    0.00    0.00    0.00     7      0.00      0.00       0       0   0.00  cpuhp/7
02:36:46 AM     0        48    0.00    0.00    0.00    0.00    0.00     7      0.00      0.00       0       0   0.00  migration/7
02:36:46 AM     0        49    0.00    0.00    0.00    0.00    0.00     7      0.00      0.00       0       0   0.00  ksoftirqd/7
02:36:46 AM     0        50    0.00    0.00    0.00    0.00    0.00     0      0.00      0.00       0       0   0.00  kworker/7:0-rcu_gp
02:36:46 AM     0        51    0.00    0.00    0.00    0.00    0.00     7      0.00      0.00       0       0   0.00  kworker/7:0H-kblockd
02:36:46 AM     0        52    0.00    0.00    0.00    0.00    0.00     0      0.00      0.00       0       0   0.00  kdevtmpfs
02:36:46 AM     0        53    0.00    0.00    0.00    0.00    0.00     4      0.00      0.00       0       0   0.00  netns
02:36:46 AM     0        54    0.00    0.00    0.00    0.00    0.00     1      0.00      0.00       0       0   0.00  kauditd
02:36:46 AM     0        55    0.00    0.00    0.00    0.00    0.00     0      0.00      0.00       0       0   0.00  irq/87-mc_statu
02:36:46 AM     0        56    0.00    0.00    0.00    0.00    0.00     2      0.00      0.00       0       0   0.00  khungtaskd
02:36:46 AM     0        57    0.00    0.00    0.00    0.00    0.00     3      0.00      0.00       0       0   0.00  oom_reaper
02:36:46 AM     0        58    0.00    0.00    0.00    0.00    0.00     5      0.00      0.00       0       0   0.00  writeback
02:36:46 AM     0        59    0.00    0.00    0.00    0.00    0.00     2      0.00      0.00       0       0   0.00  kcompactd0
02:36:46 AM     0        60    0.00    0.00    0.00    0.00    0.00     1      0.00      0.00       0       0   0.00  ksmd
02:36:46 AM     0        61    0.00    0.00    0.00    0.00    0.00     2      0.00      0.00       0       0   0.00  khugepaged
02:36:46 AM     0        93    0.00    0.00    0.00    0.00    0.00     1      0.00      0.00       0       0   0.00  kintegrityd
02:36:46 AM     0        94    0.00    0.00    0.00    0.00    0.00     1      0.00      0.00       0       0   0.00  kblockd
02:36:46 AM     0        95    0.00    0.00    0.00    0.00    0.00     1      0.00      0.00       0       0   0.00  blkcg_punt_bio
02:36:46 AM     0        97    0.00    0.00    0.00    0.00    0.00     3      0.00      0.00       0       0   0.00  tpm_dev_wq
02:36:46 AM     0        98    0.00    0.00    0.00    0.00    0.00     0      0.00      0.00       0       0   0.00  irq/197-30c0000
02:36:46 AM     0        99    0.00    0.00    0.00    0.00    0.00     1      0.00      0.00       0       0   0.00  devfreq_wq
02:36:46 AM     0       100    0.00    0.00    0.00    0.00    0.00     1      0.00      0.00       0       0   0.00  watchdogd
02:36:46 AM     0       104    0.00    0.00    0.00    0.00    0.00     7      0.00      0.00       0       0   0.00  rpciod
02:36:46 AM     0       106    0.00    0.00    0.00    0.00    0.00     7      0.00      0.00       0       0   0.00  xprtiod
02:36:46 AM     0       108    0.00    0.00    0.00    0.00    0.00     7      0.00      0.00       0       0   0.00  kswapd0
02:36:46 AM     0       109    0.00    0.00    0.00    0.00    0.00     5      0.00      0.00       0       0   0.00  nfsiod
02:36:46 AM     0       112    0.00    0.00    0.00    0.00    0.00     1      0.00      0.00       0       0   0.00  kthrotld
02:36:46 AM     0       113    0.00    0.00    0.00    0.00    0.00     7      0.00      0.00       0       0   0.00  kpcitest
02:36:46 AM     0       116    0.00    0.00    0.00    0.00    0.00     5      0.00      0.00       0       0   0.00  kworker/5:1-events
02:36:46 AM     0       122    0.00    0.00    0.00    0.00    0.00     1      0.00      0.00       0       0   0.00  nvme-wq
02:36:46 AM     0       123    0.00    0.00    0.00    0.00    0.00     5      0.00      0.00       0       0   0.00  nvme-reset-wq
02:36:46 AM     0       124    0.00    0.00    0.00    0.00    0.00     6      0.00      0.00       0       0   0.00  nvme-delete-wq
02:36:46 AM     0       125    0.00    0.00    0.00    0.00    0.00     6      0.00      0.00       0       0   0.00  uas
02:36:46 AM     0       126    0.00    0.00    0.00    0.00    0.00     0      0.00      0.00       0       0   0.00  irq/222-tegra_r
02:36:46 AM     0       127    0.00    0.00    0.00    0.00    0.00     0      0.00      0.00       0       0   0.00  kworker/7:2-events
02:36:46 AM     0       129    0.00    0.00    0.00    0.00    0.00     0      0.00      0.00       0       0   0.00  irq/86-tegra-oc
02:36:46 AM     0       130    0.00    0.00    0.00    0.00    0.00     5      0.00      0.00       0       0   0.00  dm_bufio_cache
02:36:46 AM     0       131    0.00    0.00    0.00    0.00    0.00     0      0.00      0.00       0       0   0.00  irq/223-max7762
02:36:46 AM     0       140    0.00    0.00    0.00    0.00    0.00     0      0.00      0.00       0       0   0.00  irq/55-bc00000.
02:36:46 AM     0       143    0.00    0.00    0.00    0.00    0.00     0      0.00      0.00       0       0   0.00  ipv6_addrconf
02:36:46 AM     0       144    0.00    0.00    0.00    0.00    0.00     6      0.00      0.00       0       0   0.00  krfcommd
02:36:46 AM     0       145    0.00    0.00    0.00    0.00    0.00     0      0.00      0.00       0       0   0.00  kstrp
02:36:46 AM     0       150    0.00    0.00    0.00    0.00    0.00     0      0.00      0.00       0       0   0.00  irq/24-tegra-pc
02:36:46 AM     0       154    0.00    0.00    0.00    0.00    0.00     0      0.00      0.00       0       0   0.00  irq/26-tegra-pc
02:36:46 AM     0       160    0.00    0.00    0.00    0.00    0.00     0      0.00      0.00       0       0   0.00  irq/26-aerdrv
02:36:46 AM     0       161    0.00    0.00    0.00    0.00    0.00     0      0.00      0.00       0       0   0.00  irq/28-tegra-pc
02:36:46 AM     0       162    0.00    0.00    0.00    0.00    0.00     0      0.00      0.00       0       0   0.00  irq/28-aerdrv
02:36:46 AM     0       163    0.00    0.00    0.00    0.00    0.00     5      0.00      0.00       0       0   0.00  host_low_prio_w
02:36:46 AM     0       164    0.00    0.00    0.00    0.00    0.00     0      0.00      0.00       0       0   0.00  irq/57-host_syn
02:36:46 AM     0       165    0.00    0.00    0.00    0.00    0.00     0      0.00      0.00       0       0   0.00  irq/58-host_sta
02:36:46 AM     0       173    0.00    0.00    0.00    0.00    0.00     5      0.00      0.00       0       0   0.00  pva_task_status
02:36:46 AM     0       174    0.00    0.00    0.00    0.00    0.00     0      0.00      0.00       0       0   0.00  irq/75-pva-isr
02:36:46 AM     0       175    0.00    0.00    0.00    0.00    0.00     0      0.00      0.00       0       0   0.00  pva_task_status
02:36:46 AM     0       176    0.00    0.00    0.00    0.00    0.00     0      0.00      0.00       0       0   0.00  irq/76-pva-isr
02:36:46 AM     0       185    0.00    0.00    0.00    0.00    0.00     0      0.00      0.00       0       0   0.00  sdhci
02:36:46 AM     0       186    0.00    0.00    0.00    0.00    0.00     0      0.00      0.00       0       0   0.00  irq/39-mmc0
02:36:46 AM     0       187    0.00    0.00    0.00    0.00    0.00     2      0.00      0.00       0       0   0.00  sdhci
02:36:46 AM     0       189    0.00    0.00    0.00    0.00    0.00     0      0.00      0.00       0       0   0.00  irq/40-mmc1
02:36:46 AM     0       195    0.00    0.00    0.00    0.00    0.00     7      0.00      0.00       0       0   0.00  scsi_eh_0
02:36:46 AM     0       196    0.00    0.00    0.00    0.00    0.00     7      0.00      0.00       0       0   0.00  scsi_tmf_0
02:36:46 AM     0       197    0.00    0.00    0.00    0.00    0.00     0      0.00      0.00       0       0   0.00  kworker/5:2-events
02:36:46 AM     0       198    0.00    0.00    0.00    0.00    0.00     0      0.00      0.00       0       0   0.00  irq/67-15200000
02:36:46 AM     0       199    0.00    0.00    0.00    0.00    0.00     1      0.00      0.00       0       0   0.00  tegradc.0/a
02:36:46 AM     0       200    0.00    0.00    0.00    0.00    0.00     0      0.00      0.00       0       0   0.00  tegradc.0/b
02:36:46 AM     0       201    0.00    0.00    0.00    0.00    0.00     0      0.00      0.00       0       0   0.00  tegradc.0/c
02:36:46 AM     0       202    0.00    0.00    0.00    0.00    0.00     0      0.00      0.00       0       0   0.00  tegradc.0/d
02:36:46 AM     0       203    0.00    0.00    0.00    0.00    0.00     0      0.00      0.00       0       0   0.00  tegradc.0/e
02:36:46 AM     0       204    0.00    0.00    0.00    0.00    0.00     0      0.00      0.00       0       0   0.00  tegradc.0/f
02:36:46 AM     0       205    0.00    0.00    0.00    0.00    0.00     0      0.00      0.00       0       0   0.00  tegradc.0/sl
02:36:46 AM     0       206    0.00    0.00    0.00    0.00    0.00     0      0.00      0.00       0       0   0.00  irq/62-15200000
02:36:46 AM     0       207    0.00    0.00    0.00    0.00    0.00     0      0.00      0.00       0       0   0.00  irq/276-3400000
02:36:46 AM     0       208    0.00    0.00    0.00    0.00    0.00     0      0.00      0.00       0       0   0.00  ufs_eh_wq_0
02:36:46 AM     0       209    0.00    0.00    0.00    0.00    0.00     3      0.00      0.00       0       0   0.00  mmc_complete
02:36:46 AM     0       211    0.00    0.00    0.00    0.00    0.00     0      0.00      0.00       0       0   0.00  irq/278-1520000
02:36:46 AM     0       212    0.00    0.00    0.00    0.00    0.00     0      0.00      0.00       0       0   0.00  irq/203-3610000
02:36:46 AM     0       213    0.00    0.00    0.00    0.00    0.00     0      0.00      0.00       0       0   0.00  irq/221-3610000
02:36:46 AM     0       214    0.00    0.00    0.00    0.00    0.00     0      0.00      0.00       0       0   0.00  irq/30-tegra-pc
02:36:46 AM     0       216    0.00    0.00    0.00    0.00    0.00     0      0.00      0.00       0       0   0.00  kworker/4:3-events
02:36:46 AM     0       218    0.00    0.00    0.00    0.00    0.00     4      0.00      0.00       0       0   0.00  kworker/4:5-events
02:36:46 AM     0       221    0.00    0.00    0.00    0.00    0.00     0      0.00      0.00       0       0   0.00  kworker/6:12-events
02:36:46 AM     0       222    0.00    0.00    0.00    0.00    0.00     0      0.00      0.00       0       0   0.00  kworker/6:13-events
02:36:46 AM     0       225    0.00    0.00    0.00    0.00    0.00     0      0.00      0.00       0       0   0.00  irq/68-tegra_dp
02:36:46 AM     0       226    0.00    0.00    0.00    0.00    0.00     0      0.00      0.00       0       0   0.00  irq/65-15210000
02:36:46 AM     0       227    0.00    0.00    0.00    0.00    0.00     0      0.00      0.00       0       0   0.00  tegradc.1/a
02:36:46 AM     0       228    0.00    0.00    0.00    0.00    0.00     0      0.00      0.00       0       0   0.00  tegradc.1/b
02:36:46 AM     0       229    0.00    0.00    0.00    0.00    0.00     0      0.00      0.00       0       0   0.00  tegradc.1/c
02:36:46 AM     0       230    0.00    0.00    0.00    0.00    0.00     0      0.00      0.00       0       0   0.00  tegradc.1/d
02:36:46 AM     0       231    0.00    0.00    0.00    0.00    0.00     0      0.00      0.00       0       0   0.00  tegradc.1/e
02:36:46 AM     0       232    0.00    0.00    0.00    0.00    0.00     0      0.00      0.00       0       0   0.00  tegradc.1/f
02:36:46 AM     0       233    0.00    0.00    0.00    0.00    0.00     1      0.00      0.00       0       0   0.00  tegradc.1/sl
02:36:46 AM     0       234    0.00    0.00    0.00    0.00    0.00     0      0.00      0.00       0       0   0.00  irq/63-15210000
02:36:46 AM     0       249    0.00    0.00    0.00    0.00    0.00     0      0.00      0.00       0       0   0.00  irq/56-d230000.
02:36:46 AM     0       250    0.00    0.00    0.00    0.00    0.00     0      0.00      0.00       0       0   0.00  irq/69-tegra_dp
02:36:46 AM     0       251    0.00    0.00    0.00    0.00    0.00     0      0.00      0.00       0       0   0.00  irq/66-15220000
02:36:46 AM     0       252    0.00    0.00    0.00    0.00    0.00     0      0.00      0.00       0       0   0.00  tegradc.2/a
02:36:46 AM     0       253    0.00    0.00    0.00    0.00    0.00     0      0.00      0.00       0       0   0.00  tegradc.2/b
02:36:46 AM     0       254    0.00    0.00    0.00    0.00    0.00     0      0.00      0.00       0       0   0.00  tegradc.2/c
02:36:46 AM     0       255    0.00    0.00    0.00    0.00    0.00     0      0.00      0.00       0       0   0.00  tegradc.2/d
02:36:46 AM     0       256    0.00    0.00    0.00    0.00    0.00     0      0.00      0.00       0       0   0.00  tegradc.2/e
02:36:46 AM     0       257    0.00    0.00    0.00    0.00    0.00     0      0.00      0.00       0       0   0.00  tegradc.2/f
02:36:46 AM     0       258    0.00    0.00    0.00    0.00    0.00     0      0.00      0.00       0       0   0.00  tegradc.2/sl
02:36:46 AM     0       259    0.00    0.00    0.00    0.00    0.00     0      0.00      0.00       0       0   0.00  irq/64-15220000
02:36:46 AM     0       275    0.00    0.00    0.00    0.00    0.00     2      0.00      0.00       0       0   0.00  jbd2/mmcblk0p1-
02:36:46 AM     0       276    0.00    0.00    0.00    0.00    0.00     3      0.00      0.00       0       0   0.00  ext4-rsv-conver
02:36:46 AM     0       280    0.00    0.00    0.00    0.00    0.00     7      0.00      0.00       0       0   0.00  kworker/7:1H
02:36:46 AM     0       286    0.00    0.00    0.00    0.00    0.00     5      0.00      0.00       0       0   0.00  kworker/5:1H-kblockd
02:36:46 AM     0       312    0.00    0.00    0.00    0.00    0.00     2      0.00      0.00   61816   31668   0.10  systemd-journal
02:36:46 AM     0       338    0.00    4.00    0.00   15.00    4.00     3      0.00      0.00       0       0   0.00  nvmap-bz
02:36:46 AM     0       339    0.00    0.00    0.00    0.00    0.00     0      0.00      0.00       0       0   0.00  irq/204-gk20a_s
02:36:46 AM     0       340    0.00    0.00    0.00    0.00    0.00     0      0.00      0.00       0       0   0.00  irq/205-gk20a_n
02:36:46 AM     0       345    0.00    0.00    0.00    0.00    0.00     3      0.00      0.00    2776    1492   0.00  tee-supplicant
02:36:46 AM     0       347    0.00    0.00    0.00    0.00    0.00     3      0.00      0.00       0       0   0.00  optee_bus_scan
02:36:46 AM     0       358    0.00    0.00    0.00    0.00    0.00     3      0.00      0.00   22788    7532   0.02  systemd-udevd
02:36:46 AM     0       364    0.00    0.00    0.00    0.00    0.00     1      0.00      0.00    7948    4892   0.02  haveged
02:36:46 AM   126       365    0.00    0.00    0.00    0.00    0.00     3      0.00      0.00    7136    3108   0.01  rpcbind
02:36:46 AM   105       366    0.00    0.00    0.00    0.00    0.00     0      0.00      0.00   25592   13288   0.04  systemd-resolve
02:36:46 AM   103       367    0.00    0.00    0.00    0.00    0.00     1      0.00      0.00   90672    6220   0.02  systemd-timesyn
02:36:46 AM     0       407    0.00    0.00    0.00    0.00    0.00     5      0.00      0.00       0       0   0.00  cfg80211
02:36:46 AM     0       410    0.00    0.00    0.00    0.00    0.00     0      0.00      0.00       0       0   0.00  irq/42-3210000.
02:36:46 AM     0       412    0.00    0.00    0.00    0.00    0.00     2      0.00      0.00       0       0   0.00  spi0
02:36:46 AM     0       413    0.00   14.00    0.00    0.00   14.00     1      0.00      0.00       0       0   0.00  irq/282-iwlwifi
02:36:46 AM     0       416    0.00    0.00    0.00    0.00    0.00     4      0.00      0.00       0       0   0.00  ata_sff
02:36:46 AM     0       419    0.00    0.00    0.00    0.00    0.00     0      0.00      0.00       0       0   0.00  irq/43-c260000.
02:36:46 AM     0       420    0.00    0.00    0.00    0.00    0.00     6      0.00      0.00       0       0   0.00  scsi_eh_1
02:36:46 AM     0       422    0.00    0.00    0.00    0.00    0.00     6      0.00      0.00       0       0   0.00  scsi_tmf_1
02:36:46 AM     0       427    0.00    0.00    0.00    0.00    0.00     0      0.00      0.00       0       0   0.00  spi1
02:36:46 AM     0       430    0.00    0.00    0.00    0.00    0.00     3      0.00      0.00  242072    8880   0.03  accounts-daemon
02:36:46 AM   120       439    0.00    0.00    0.00    0.00    0.00     1      0.00      0.00    7084    3472   0.01  avahi-daemon
02:36:46 AM     0       441    0.00    0.00    0.00    0.00    0.00     2      0.00      0.00    9220    2516   0.01  cron
02:36:46 AM   106       443    0.00    0.00    0.00    0.00    0.00     0      0.00      0.00    9396    5264   0.02  dbus-daemon
02:36:46 AM     0       447    0.00    0.00    0.00    0.00    0.00     1      0.00      0.00  341244   20856   0.07  NetworkManager
02:36:46 AM     0       456    0.00    0.00    0.00    0.00    0.00     4      0.00      0.00   38300   19472   0.06  networkd-dispat
02:36:46 AM     0       473    0.00    0.00    0.00    0.00    0.00     2      0.00      0.00  238860   13352   0.04  polkitd
02:36:46 AM   125       483    0.00    0.00    0.00    0.00    0.00     2      0.00      0.00  220940    8288   0.03  rsyslogd
02:36:46 AM     0       503    0.00    0.00    0.00    0.00    0.00     2      0.00      0.00  235864    4364   0.01  switcheroo-cont
02:36:46 AM     0       514    0.00    0.00    0.00    0.00    0.00     0      0.00      0.00   17076    6760   0.02  systemd-logind
02:36:46 AM     0       523    0.00    0.00    0.00    0.00    0.00     2      0.00      0.00  395556   15676   0.05  udisksd
02:36:46 AM     0       528    0.00    0.00    0.00    0.00    0.00     2      0.00      0.00   12784    8052   0.03  wpa_supplicant
02:36:46 AM     0       548    0.00    0.00    0.00    0.00    0.00     0      0.00      0.00       0       0   0.00  sugov:0
02:36:46 AM   120       555    0.00    0.00    0.00    0.00    0.00     2      0.00      0.00    6896     324   0.00  avahi-daemon
02:36:46 AM     0       585    0.00    0.00    0.00    0.00    0.00     5      0.00      0.00       0       0   0.00  tmp451
02:36:46 AM     0       597    0.00    0.00    0.00    0.00    0.00     3      0.00      0.00       0       0   0.00  irq/286-1-0008
02:36:46 AM     0       600    0.00    0.00    0.00    0.00    0.00     2      0.00      0.00  321792   14480   0.05  ModemManager
02:36:46 AM     0       653    0.00    0.00    0.00    0.00    0.00     0      0.00      0.00    2476     604   0.00  nvfancontrol
02:36:46 AM     0       728    0.00    0.00    0.00    0.00    0.00     4      0.00      0.00       0       0   0.00  adspp_kthread
02:36:46 AM     0       779    0.00    0.00    0.00    0.00    0.00     6      0.00      0.00       0       0   0.00  kworker/6:2H-kblockd
02:36:46 AM     0       876    0.00    0.00    0.00    0.00    0.00     1      0.00      0.00       0       0   0.00  irq/289-2490000
02:36:46 AM     0       887    0.00    0.00    0.00    0.00    0.00     0      0.00      0.00       0       0   0.00  irq/32-eth0.com
02:36:46 AM     0       919    0.00    0.00    0.00    0.00    0.00     4      0.00      0.00       0       0   0.00  file-storage
02:36:46 AM     0       953    0.00    0.00    0.00    0.00    0.00     1      0.00      0.00       0       0   0.00  loop0
02:36:46 AM     0      1048    0.00    0.00    0.00    0.00    0.00     4      0.00      0.00       0       0   0.00  kworker/4:2H-kblockd
02:36:46 AM     0      1091    0.00    0.00    0.00    0.00    0.00     3      0.00      0.00       0       0   0.00  cryptd
02:36:46 AM     0      1147    0.00    0.00    0.00    0.00    0.00     2      0.00      0.00       0       0   0.00  sw-quiesce
02:36:46 AM     0      1148    0.00    0.00    0.00    0.00    0.00     1      0.00      0.00       0       0   0.00  nvgpu_channel_p
02:36:46 AM     0      1151    0.00    0.00    0.00    0.00    0.00     0      0.00      0.00       0       0   0.00  nvgpu_nvs_gv11b
02:36:46 AM     0      1153    0.00    0.00    0.00    0.00    0.00     0      0.00      0.00       0       0   0.00  nvgpu_pg_init_g
02:36:46 AM     0      1157    0.00    0.00    0.00    0.00    0.00     2      0.00      0.00       0       0   0.00  nvgpu_clk_arb_p
02:36:46 AM     0      1162    0.00    0.00    0.00    0.00    0.00     3      0.00      0.00       0       0   0.00  irq/288-rt5659
02:36:46 AM     0      1270    0.00    0.00    0.00    0.00    0.00     3      0.00      0.00   55688   11092   0.03  nvargus-daemon
02:36:46 AM     0      1273    0.00    0.00    0.00    0.00    0.00     3      0.00      0.00   21932    1552   0.00  nvs-service
02:36:46 AM     0      1298    0.00    0.00    0.00    0.00    0.00     1      0.00      0.00 2007972   50360   0.16  containerd
02:36:46 AM     0      1314    0.00    0.00    0.00    0.00    0.00     0      0.00      0.00  240032    7616   0.02  gdm3
02:36:46 AM   108      1326    0.00    0.00    0.00    0.00    0.00     3      0.00      0.00   11468    1896   0.01  kerneloops
02:36:46 AM     0      1327    0.00    0.00    0.00    0.00    0.00     1      0.00      0.00   12236    6576   0.02  sshd
02:36:46 AM     0      1336    0.00    0.00    0.00    0.00    0.00     0      0.00      0.00    7688    1876   0.01  agetty
02:36:46 AM     0      1337    0.00    0.00    0.00    0.00    0.00     2      0.00      0.00    7688    1904   0.01  agetty
02:36:46 AM   108      1339    0.00    0.00    0.00    0.00    0.00     1      0.00      0.00   11468    1820   0.01  kerneloops
02:36:46 AM     0      1340    0.00    0.00    0.00    0.00    0.00     3      0.00      0.00    9216    2824   0.01  nvgetty.sh
02:36:46 AM     0      1379    0.00    0.00    0.00    0.00    0.00     0      0.00      0.00    7688    1848   0.01  getty
02:36:46 AM     0      1554    0.00    0.00    0.00    0.00    0.00     2      0.00      0.00 2111796   85472   0.27  dockerd
02:36:46 AM     0      1677    0.00    0.00    0.00    0.00    0.00     2      0.00      0.00  168472    8256   0.03  gdm-session-wor
02:36:46 AM     0      1711    0.00    0.00    0.00    0.00    0.00     0      0.00      0.00    3248     808   0.00  nvphsd
02:36:46 AM     0      1716    0.00    0.00    0.00    0.00    0.00     3      0.00      0.00    3380    1788   0.01  nvphsd
02:36:46 AM   124      1789    0.00    0.00    0.00    0.00    0.00     3      0.00      0.00   19144    9224   0.03  systemd
02:36:46 AM   124      1804    0.00    0.00    0.00    0.00    0.00     3      0.00      0.00  104488    5436   0.02  (sd-pam)
02:36:46 AM   124      2014    0.00    0.00    0.00    0.00    0.00     2      0.00      0.00  961884   21984   0.07  pulseaudio
02:36:46 AM   124      2032    0.00    0.00    0.00    0.00    0.00     2      0.00      0.00  164156    5924   0.02  gdm-x-session
02:36:46 AM   124      2037    0.00    0.00    0.00    0.00    0.00     1      0.00      0.00 25330232   99256   0.31  Xorg
02:36:46 AM   118      2040    0.00    0.00    0.00    0.00    0.00     1      0.00      0.00  152516    2440   0.01  rtkit-daemon
02:36:46 AM   124      2162    0.00    0.00    0.00    0.00    0.00     2      0.00      0.00    7812    3448   0.01  dbus-daemon
02:36:46 AM   124      2428    0.00    0.00    0.00    0.00    0.00     0      0.00      0.00    4776    1164   0.00  dbus-run-sessio
02:36:46 AM   124      2429    0.00    0.00    0.00    0.00    0.00     2      0.00      0.00    8088    4104   0.01  dbus-daemon
02:36:46 AM   124      2438    0.00    0.00    0.00    0.00    0.00     3      0.00      0.00  559768   14932   0.05  gnome-session-b
02:36:46 AM     0      2457    0.00    0.00    0.00    0.00    0.00     2      0.00      0.00  101692   19628   0.06  jtop
02:36:46 AM   124      2463    0.00    0.00    0.00    0.00    0.00     3      0.00      0.00  309548   10092   0.03  at-spi-bus-laun
02:36:46 AM   124      2470    0.00    0.00    0.00    0.00    0.00     1      0.00      0.00    7676    3468   0.01  dbus-daemon
02:36:46 AM   124      2495    0.00    0.00    0.00    0.00    0.00     0      0.00      0.00 4022996  194924   0.61  gnome-shell
02:36:46 AM     0      2510    0.00    0.00    0.00    0.00    0.00     2      0.00      0.00  175424   16904   0.05  jtop
02:36:46 AM     0      2518    0.00    0.00    0.00    0.00    0.00     2      0.00      0.00  101692   17160   0.05  jtop
02:36:46 AM   124      2696    0.00    0.00    0.00    0.00    0.00     0      0.00      0.00  314420   11212   0.04  ibus-daemon
02:36:46 AM   124      2699    0.00    0.00    0.00    0.00    0.00     2      0.00      0.00  239960   11792   0.04  ibus-dconf
02:36:46 AM   124      2701    0.00    0.00    0.00    0.00    0.00     2      0.00      0.00  189920   16900   0.05  ibus-x11
02:36:46 AM   124      2704    0.00    0.00    0.00    0.00    0.00     3      0.00      0.00  239880    7776   0.02  ibus-portal
02:36:46 AM   124      2715    0.00    0.00    0.00    0.00    0.00     1      0.00      0.00  161420    6880   0.02  at-spi2-registr
02:36:46 AM   124      2719    0.00    0.00    0.00    0.00    0.00     3      0.00      0.00  235804    4672   0.01  xdg-permission-
02:36:46 AM     0      2725    0.00    0.00    0.00    0.00    0.00     2      0.00      0.00  252944    8776   0.03  upowerd
02:36:46 AM   124      2745    0.00    0.00    0.00    0.00    0.00     2      0.00      0.00 3001620   27244   0.09  gjs
02:36:46 AM   124      2764    0.00    0.00    0.00    0.00    0.00     0      0.00      0.00  469396   14236   0.04  gsd-sharing
02:36:46 AM   124      2765    0.00    0.00    0.00    0.00    0.00     1      0.00      0.00  334628   15072   0.05  gsd-wacom
02:36:46 AM   124      2768    0.00    0.00    0.00    0.00    0.00     3      0.00      0.00  571788   19844   0.06  gsd-color
02:36:46 AM   124      2772    0.00    0.00    0.00    0.00    0.00     2      0.00      0.00  338096   17824   0.06  gsd-keyboard
02:36:46 AM   124      2774    0.00    0.00    0.00    0.00    0.00     2      0.00      0.00  322508   11376   0.04  gsd-print-notif
02:36:46 AM   124      2779    0.00    0.00    0.00    0.00    0.00     3      0.00      0.00  166208    7736   0.02  ibus-engine-sim
02:36:46 AM   124      2780    0.00    0.00    0.00    0.00    0.00     1      0.00      0.00  457460    7996   0.03  gsd-rfkill
02:36:46 AM   124      2782    0.00    0.00    0.00    0.00    0.00     1      0.00      0.00  391976    9696   0.03  gsd-smartcard
02:36:46 AM   124      2784    0.00    0.00    0.00    0.00    0.00     2      0.00      0.00  374928   15372   0.05  gsd-datetime
02:36:46 AM   124      2790    0.00    0.00    0.00    0.00    0.00     2      0.00      0.00  679696   20032   0.06  gsd-media-keys
02:36:46 AM   124      2791    0.00    0.00    0.00    0.00    0.00     3      0.00      0.00  235772    5600   0.02  gsd-screensaver
02:36:46 AM   124      2793    0.00    0.00    0.00    0.00    0.00     3      0.00      0.00  320104    9452   0.03  gsd-sound
02:36:46 AM   124      2795    0.00    0.00    0.00    0.00    0.00     3      0.00      0.00  313652   10144   0.03  gsd-a11y-settin
02:36:46 AM   124      2799    0.00    0.00    0.00    0.00    0.00     2      0.00      0.00  313992   10524   0.03  gsd-housekeepin
02:36:46 AM   124      2802    0.00    0.00    0.00    0.00    0.00     0      0.00      0.00  339724   18828   0.06  gsd-power
02:36:46 AM   124      2824    0.00    0.00    0.00    0.00    0.00     2      0.00      0.00  342540   12784   0.04  gsd-printer
02:36:46 AM   119      2837    0.00    0.00    0.00    0.00    0.00     2      0.00      0.00  249328   17548   0.06  colord
02:36:46 AM     0     29120    0.00    0.00    0.00    0.00    0.00     3      0.00      0.00       0       0   0.00  kworker/u17:2
02:36:46 AM     0     33852    0.00    0.00    0.00    0.00    0.00     1      0.00      0.00       0       0   0.00  kworker/1:0H-kblockd
02:36:46 AM     0     35048    0.00    0.00    0.00    0.00    0.00     1      0.00      0.00       0       0   0.00  kworker/u17:0-rb_allocator
02:36:46 AM  1000     39960    0.00    0.00    0.00    0.00    0.00     2      0.00      0.00   19248    9208   0.03  systemd
02:36:46 AM  1000     39961    0.00    0.00    0.00    0.00    0.00     2      0.00      0.00  170940    6304   0.02  (sd-pam)
02:36:46 AM  1000     40037    0.00    0.00    0.00    0.00    0.00     3      0.00      0.00    7812    3952   0.01  dbus-daemon
02:36:46 AM     0     40147    0.00    0.00    0.00    0.00    0.00     1      0.00      0.00       0       0   0.00  kworker/1:0-events
02:36:46 AM     0     40174    0.00    0.00    0.00    0.00    0.00     2      0.00      0.00       0       0   0.00  kworker/2:2H-kblockd
02:36:46 AM     0     40194    0.00    0.00    0.00    0.00    0.00     3      0.00      0.00       0       0   0.00  kworker/3:0H-kblockd
02:36:46 AM     0     41650    0.00    0.00    0.00    0.00    0.00     3      0.00      0.00       0       0   0.00  kworker/3:0-mm_percpu_wq
02:36:46 AM     0     43913    0.00    0.00    0.00    0.00    0.00     2      0.00      0.00   14768    7560   0.02  sshd
02:36:46 AM  1000     43958    0.00    0.00    0.00    0.00    0.00     0      0.00      0.00   15292    6400   0.02  sshd
02:36:46 AM  1000     43959    0.00    0.00    0.00    0.00    0.00     1      0.00      0.00   11344    5444   0.02  bash
02:36:46 AM     0     50050    0.00    0.00    0.00    0.00    0.00     2      0.00      0.00   14768    7572   0.02  sshd
02:36:46 AM  1000     50094    0.00    0.00    0.00    0.00    0.00     3      0.00      0.00   15292    6428   0.02  sshd
02:36:46 AM  1000     50095    0.00    0.00    0.00    0.00    0.00     2      0.00      0.00   11344    5448   0.02  bash
02:36:46 AM     0     81462    0.00    0.00    0.00    0.00    0.00     2      0.00      0.00       0       0   0.00  kworker/2:2-mm_percpu_wq
02:36:46 AM     0     81478    0.00    0.00    0.00    0.00    0.00     0      0.00      0.00       0       0   0.00  kworker/0:1H-kblockd
02:36:46 AM  1000     84840    0.00    0.00    0.00    0.00    0.00     3      0.00      0.00  240176   10088   0.03  gnome-keyring-d
02:36:46 AM   124     84900    0.00    0.00    0.00    0.00    0.00     1      0.00      0.00  156240    4584   0.01  dconf-service
02:36:46 AM     0     85427    0.00    0.00    0.00    0.00    0.00     0      0.00      0.00       0       0   0.00  kworker/0:2-events
02:36:46 AM     0     86310    0.00    0.00    0.00    0.00    0.00     1      0.00      0.00       0       0   0.00  kworker/u16:1-devfreq_wq
02:36:46 AM     0     86312    0.00    0.00    0.00    0.00    0.00     3      0.00      0.00   14768    7564   0.02  sshd
02:36:46 AM  1000     86356    0.00    0.00    0.00    0.00    0.00     3      0.00      0.00   15292    6380   0.02  sshd
02:36:46 AM  1000     86357    0.00    0.00    0.00    0.00    0.00     0      0.00      0.00   11344    5440   0.02  bash
02:36:46 AM     0     86549    0.00    0.00    0.00    0.00    0.00     2      0.00      0.00   14768    7664   0.02  sshd
02:36:46 AM  1000     86593    0.00    1.00    0.00    1.00    1.00     1      0.00      0.00   15292    6480   0.02  sshd
02:36:46 AM  1000     86594    0.00    0.00    0.00    0.00    0.00     1      0.00      0.00   11860    5896   0.02  bash
02:36:46 AM     0     86632    0.00    0.00    0.00    0.00    0.00     3      0.00      0.00       0       0   0.00  kworker/3:2
02:36:46 AM     0     86695    0.00    0.00    0.00    0.00    0.00     2      0.00      0.00   14768    7616   0.02  sshd
02:36:46 AM  1000     86739    0.00    4.00    0.00    1.00    4.00     1      0.00      0.00   16116    7520   0.02  sshd
02:36:46 AM  1000     86740    0.00    0.00    0.00    0.00    0.00     0      0.00      0.00   11344    5344   0.02  bash
02:36:46 AM  1000     86916    0.00    1.00    0.00    0.00    1.00     2      0.00      0.00  283948   42984   0.14  roslaunch
02:36:46 AM  1000     86924    1.00    0.00    0.00    0.00    1.00     2      0.00      0.00  797980   43964   0.14  rosmaster
02:36:46 AM  1000     86934    0.00    0.00    0.00    0.00    0.00     0      1.00      0.00  274964   10080   0.03  rosout
02:36:46 AM  1000     86944   68.00   73.00    0.00   21.00  141.00     2      0.00      0.00 34859196  742712   2.34  scale_truck_con
02:36:46 AM  1000     86945   30.00   60.00    0.00    0.00   90.00     1      0.00      0.00 1571432  116640   0.37  LRC
02:36:46 AM  1000     87010    6.00    2.00    0.00    0.00    8.00     0      1.00      0.00  724884  128588   0.41  python3
02:36:46 AM     0     87290    0.00    0.00    0.00    0.00    0.00     0      0.00      0.00   14768    7584   0.02  sshd
02:36:46 AM  1000     87334    0.00    0.00    0.00    0.00    0.00     0      0.00      0.00   15292    6412   0.02  sshd
02:36:46 AM  1000     87335    0.00    0.00    0.00    0.00    0.00     2      0.00      0.00   11344    5436   0.02  bash
02:36:46 AM     0     89981    0.00    0.00    0.00    0.00    0.00     1      0.00      0.00       0       0   0.00  kworker/1:1-mm_percpu_wq
02:36:46 AM     0     95050    0.00    0.00    0.00    0.00    0.00     2      0.00      0.00       0       0   0.00  kworker/2:0-events
02:36:46 AM     0     96173    0.00    0.00    0.00    0.00    0.00     1      0.00      0.00       0       0   0.00  kworker/1:2-events
02:36:46 AM     0     99494    0.00    0.00    0.00    0.00    0.00     3      0.00      0.00       0       0   0.00  kworker/u16:3-events_unbound
02:36:46 AM     0    101032    0.00    0.00    0.00    0.00    0.00     2      0.00      0.00       0       0   0.00  kworker/2:1H
02:36:46 AM     0    102096    0.00    0.00    0.00    0.00    0.00     0      0.00      0.00       0       0   0.00  kworker/0:2H
02:36:46 AM     0    103173    0.00    0.00    0.00    0.00    0.00     3      0.00      0.00       0       0   0.00  kworker/3:1H
02:36:46 AM     0    107801    0.00    0.00    0.00    0.00    0.00     1      0.00      0.00       0       0   0.00  kworker/1:2H
02:36:46 AM     0    109830    0.00    0.00    0.00    0.00    0.00     0      0.00      0.00       0       0   0.00  kworker/0:1-events
02:36:46 AM     0    111231    0.00    0.00    0.00    0.00    0.00     1      0.00      0.00       0       0   0.00  kworker/u16:0-events_unbound
02:36:46 AM     0    111939    0.00    0.00    0.00    0.00    0.00     1      0.00      0.00       0       0   0.00  kworker/1:4-events
02:36:46 AM     0    121074    0.00    0.00    0.00    0.00    0.00     0      0.00      0.00       0       0   0.00  kworker/0:0-events
02:36:46 AM     0    122883    0.00    0.00    0.00    1.00    0.00     1      0.00      0.00       0       0   0.00  kworker/u16:2-events_unbound
02:36:46 AM     0    123203    0.00    0.00    0.00    0.00    0.00     3      0.00      0.00       0       0   0.00  kworker/3:2H
02:36:46 AM     0    124025    0.00    0.00    0.00    0.00    0.00     2      0.00      0.00       0       0   0.00  kworker/2:0H
02:36:46 AM     0    128328    0.00    0.00    0.00    0.00    0.00     1      0.00      0.00       0       0   0.00  kworker/1:3
02:36:46 AM  1000    128618    0.00    0.00    0.00    0.00    0.00     1      0.00      0.00    7828     540   0.00  timeout
02:36:46 AM  1000    128619    0.00    0.00    0.00    0.00    0.00     0      0.00      0.00    9208    3220   0.01  bash
02:36:46 AM  1000    128621    0.00    0.00    0.00    0.00    0.00     3      0.00      0.00   68712   42776   0.13  rosbag
02:36:46 AM  1000    128828   15.00   26.00    0.00    0.00   41.00     1     41.00      0.00 1171700   22600   0.07  record
02:36:46 AM  1000    128832    0.00    0.00    0.00    0.00    0.00     3      0.00      0.00   68692   43012   0.14  rosbag
02:36:46 AM  1000    128966    5.00   12.00    0.00   16.00   17.00     3    101.00      0.00   17764   10516   0.03  pidstat
02:36:46 AM  1000    128996   10.00   11.00    0.00   17.00   21.00     0   1918.00      0.00  365380   25176   0.08  play

# Time        UID       PID    %usr %system  %guest   %wait    %CPU   CPU  minflt/s  majflt/s     VSZ     RSS   %MEM  Command
02:36:47 AM     0         1    0.00    0.00    0.00    0.00    0.00     2      0.00      0.00  169880   11540   0.04  systemd
02:36:47 AM     0         2    0.00    0.00    0.00    0.00    0.00     1      0.00      0.00       0       0   0.00  kthreadd
02:36:47 AM     0         3    0.00    0.00    0.00    0.00    0.00     0      0.00      0.00       0       0   0.00  rcu_gp
02:36:47 AM     0         4    0.00    0.00    0.00    0.00    0.00     0      0.00      0.00       0       0   0.00  rcu_par_gp
02:36:47 AM     0         8    0.00    0.00    0.00    0.00    0.00     0      0.00      0.00       0       0   0.00  mm_percpu_wq
02:36:47 AM     0         9    0.00    0.00    0.00    0.00    0.00     0      0.00      0.00       0       0   0.00  rcu_tasks_kthre
02:36:47 AM     0        10    0.00    0.00    0.00    0.00    0.00     0      0.00      0.00       0       0   0.00  rcu_tasks_rude_
02:36:47 AM     0        11    0.00    0.00    0.00    0.00    0.00     0      0.00      0.00       0       0   0.00  rcu_tasks_trace
02:36:47 AM     0        12    0.00    0.00    0.00    0.00    0.00     0      0.00      0.00       0       0   0.00  ksoftirqd/0
02:36:47 AM     0        13    0.00    0.00    0.00    0.00    0.00     2      0.00      0.00       0       0   0.00  rcu_preempt
02:36:47 AM     0        14    0.00    0.00    0.00    0.00    0.00     0      0.00      0.00       0       0   0.00  migration/0
02:36:47 AM     0        16    0.00    0.00    0.00    0.00    0.00     0      0.00      0.00       0       0   0.00  cpuhp/0
02:36:47 AM     0        17    0.00    0.00    0.00    0.00    0.00     1      0.00      0.00       0       0   0.00  cpuhp/1
02:36:47 AM     0        18    0.00    0.00    0.00    0.00    0.00     1      0.00      0.00       0       0   0.00  migration/1
02:36:47 AM     0        19    0.00    0.00    0.00    0.00    0.00     1      0.00      0.00       0       0   0.00  ksoftirqd/1
02:36:47 AM     0        22    0.00    0.00    0.00    0.00    0.00     2      0.00      0.00       0       0   0.00  cpuhp/2
02:36:47 AM     0        23    0.00    0.00    0.00    0.00    0.00     2      0.00      0.00       0       0   0.00  migration/2
02:36:47 AM     0        24    0.00    0.00    0.00    0.00    0.00     2      0.00      0.00       0       0   0.00  ksoftirqd/2
02:36:47 AM     0        27    0.00    0.00    0.00    0.00    0.00     3      0.00      0.00       0       0   0.00  cpuhp/3
02:36:47 AM     0        28    0.00    0.00    0.00    0.00    0.00     3      0.00      0.00       0       0   0.00  migration/3
02:36:47 AM     0        29    0.00    0.00    0.00    0.00    0.00     3      0.00      0.00       0       0   0.00  ksoftirqd/3
02:36:47 AM     0        32    0.00    0.00    0.00    0.00    0.00     4      0.00      0.00       0       0   0.00  cpuhp/4
02:36:47 AM     0        33    0.00    0.00    0.00    0.00    0.00     4      0.00      0.00       0       0   0.00  migration/4
02:36:47 AM     0        34    0.00    0.00    0.00    0.00    0.00     4      0.00      0.00       0       0   0.00  ksoftirqd/4
02:36:47 AM     0        36    0.00    0.00    0.00    0.00    0.00     4      0.00      0.00       0       0   0.00  kworker/4:0H-kblockd
02:36:47 AM     0        37    0.00    0.00    0.00    0.00    0.00     5      0.00      0.00       0       0   0.00  cpuhp/5
02:36:47 AM     0        38    0.00    0.00    0.00    0.00    0.00     5      0.00      0.00       0       0   0.00  migration/5
02:36:47 AM     0        39    0.00    0.00    0.00    0.00    0.00     5      0.00      0.00       0       0   0.00  ksoftirqd/5
02:36:47 AM     0        41    0.00    0.00    0.00    0.00    0.00     5      0.00      0.00       0       0   0.00  kworker/5:0H-kblockd
02:36:47 AM     0        42    0.00    0.00    0.00    0.00    0.00     6      0.00      0.00       0       0   0.00  cpuhp/6
02:36:47 AM     0        43    0.00    0.00    0.00    0.00    0.00     6      0.00      0.00       0       0   0.00  migration/6
02:36:47 AM     0        44    0.00    0.00    0.00    0.00    0.00     6      0.00      0.00       0       0   0.00  ksoftirqd/6
02:36:47 AM     0        46    0.00    0.00    0.00    0.00    0.00     6      0.00      0.00       0       0   0.00  kworker/6:0H-events_highpri
02:36:47 AM     0        47    0.00    0.00    0.00    0.00    0.00     7      0.00      0.00       0       0   0.00  cpuhp/7
02:36:47 AM     0        48    0.00    0.00    0.00    0.00    0.00     7      0.00      0.00       0       0   0.00  migration/7
02:36:47 AM     0        49    0.00    0.00    0.00    0.00    0.00     7      0.00      0.00       0       0   0.00  ksoftirqd/7
02:36:47 AM     0        50    0.00    0.00    0.00    0.00    0.00     0      0.00      0.00       0       0   0.00  kworker/7:0-rcu_gp
02:36:47 AM     0        51    0.00    0.00    0.00    0.00    0.00     7      0.00      0.00       0       0   0.00  kworker/7:0H-kblockd
02:36:47 AM     0        52    0.00    0.00    0.00    0.00    0.00     0      0.00      0.00       0       0   0.00  kdevtmpfs
02:36:47 AM     0        53    0.00    0.00    0.00    0.00    0.00     4      0.00      0.00       0       0   0.00  netns
02:36:47 AM     0        54    0.00    0.00    0.00    0.00    0.00     1      0.00      0.00       0       0   0.00  kauditd
02:36:47 AM     0        55    0.00    0.00    0.00    0.00    0.00     0      0.00      0.00       0       0   0.00  irq/87-mc_statu
02:36:47 AM     0        56    0.00    0.00    0.00    0.00    0.00     2      0.00      0.00       0       0   0.00  khungtaskd
02:36:47 AM     0        57    0.00    0.00    0.00    0.00    0.00     3      0.00      0.00       0       0   0.00  oom_reaper
02:36:47 AM     0        58    0.00    0.00    0.00    0.00    0.00     5      0.00      0.00       0       0   0.00  writeback
02:36:47 AM     0        59    0.00    0.00    0.00    0.00    0.00     2      0.00      0.00       0       0   0.00  kcompactd0
02:36:47 AM     0        60    0.00    0.00    0.00    0.00    0.00     1      0.00      0.00       0       0   0.00  ksmd
02:36:47 AM     0        61    0.00    0.00    0.00    0.00    0.00     2      0.00      0.00       0       0   0.00  khugepaged
02:36:47 AM     0        93    0.00    0.00    0.00    0.00    0.00     1      0.00      0.00       0       0   0.00  kintegrityd
02:36:47 AM     0        94    0.00    0.00    0.00    0.00    0.00     1      0.00      0.00       0       0   0.00  kblockd
02:36:47 AM     0        95    0.00    0.00    0.00    0.00    0.00     1      0.00      0.00       0       0   0.00  blkcg_punt_bio
02:36:47 AM     0        97    0.00    0.00    0.00    0.00    0.00     3      0.00      0.00       0       0   0.00  tpm_dev_wq
02:36:47 AM     0        98    0.00    0.00    0.00    0.00    0.00     0      0.00      0.00       0       0   0.00  irq/197-30c0000
02:36:47 AM     0        99    0.00    0.00    0.00    0.00    0.00     1      0.00      0.00       0       0   0.00  devfreq_wq
02:36:47 AM     0       100    0.00    0.00    0.00    0.00    0.00     1      0.00      0.00       0       0   0.00  watchdogd
02:36:47 AM     0       104    0.00    0.00    0.00    0.00    0.00     7      0.00      0.00       0       0   0.00  rpciod
02:36:47 AM     0       106    0.00    0.00    0.00    0.00    0.00     7      0.00      0.00       0       0   0.00  xprtiod
02:36:47 AM     0       108    0.00    0.00    0.00    0.00    0.00     7      0.00      0.00       0       0   0.00  kswapd0
02:36:47 AM     0       109    0.00    0.00    0.00    0.00    0.00     5      0.00      0.00       0       0   0.00  nfsiod
02:36:47 AM     0       112    0.00    0.00    0.00    0.00    0.00     1      0.00      0.00       0       0   0.00  kthrotld
02:36:47 AM     0       113    0.00    0.00    0.00    0.00    0.00     7      0.00      0.00       0       0   0.00  kpcitest
02:36:47 AM     0       116    0.00    0.00    0.00    0.00    0.00     5      0.00      0.00       0       0   0.00  kworker/5:1-events
02:36:47 AM     0       122    0.00    0.00    0.00    0.00    0.00     1      0.00      0.00       0       0   0.00  nvme-wq
02:36:47 AM     0       123    0.00    0.00    0.00    0.00    0.00     5      0.00      0.00       0       0   0.00  nvme-reset-wq
02:36:47 AM     0       124    0.00    0.00    0.00    0.00    0.00     6      0.00      0.00       0       0   0.00  nvme-delete-wq
02:36:47 AM     0       125    0.00    0.00    0.00    0.00    0.00     6      0.00      0.00       0       0   0.00  uas
02:36:47 AM     0       126    0.00    0.00    0.00    0.00    0.00     0      0.00      0.00       0       0   0.00  irq/222-tegra_r
02:36:47 AM     0       127    0.00    0.00    0.00    0.00    0.00     0      0.00      0.00       0       0   0.00  kworker/7:2-events
02:36:47 AM     0       129    0.00    0.00    0.00    0.00    0.00     0      0.00      0.00       0       0   0.00  irq/86-tegra-oc
02:36:47 AM     0       130    0.00    0.00    0.00    0.00    0.00     5      0.00      0.00       0       0   0.00  dm_bufio_cache
02:36:47 AM     0       131    0.00    0.00    0.00    0.00    0.00     0      0.00      0.00       0       0   0.00  irq/223-max7762
02:36:47 AM     0       140    0.00    0.00    0.00    0.00    0.00     0      0.00      0.00       0       0   0.00  irq/55-bc00000.
02:36:47 AM     0       143    0.00    0.00    0.00    0.00    0.00     0      0.00      0.00       0       0   0.00  ipv6_addrconf
02:36:47 AM     0       144    0.00    0.00    0.00    0.00    0.00     6      0.00      0.00       0       0   0.00  krfcommd
02:36:47 AM     0       145    0.00    0.00    0.00    0.00    0.00     0      0.00      0.00       0       0   0.00  kstrp
02:36:47 AM     0       150    0.00    0.00    0.00    0.00    0.00     0      0.00      0.00       0       0   0.00  irq/24-tegra-pc
02:36:47 AM     0       154    0.00    0.00    0.00    0.00    0.00     0      0.00      0.00       0       0   0.00  irq/26-tegra-pc
02:36:47 AM     0       160    0.00    0.00    0.00    0.00    0.00     0      0.00      0.00       0       0   0.00  irq/26-aerdrv
02:36:47 AM     0       161    0.00    0.00    0.00    0.00    0.00     0      0.00      0.00       0       0   0.00  irq/28-tegra-pc
02:36:47 AM     0       162    0.00    0.00    0.00    0.00    0.00     0      0.00      0.00       0       0   0.00  irq/28-aerdrv
02:36:47 AM     0       163    0.00    0.00    0.00    0.00    0.00     5      0.00      0.00       0       0   0.00  host_low_prio_w
02:36:47 AM     0       164    0.00    0.00    0.00    0.00    0.00     0      0.00      0.00       0       0   0.00  irq/57-host_syn
02:36:47 AM     0       165    0.00    0.00    0.00    0.00    0.00     0      0.00      0.00       0       0   0.00  irq/58-host_sta
02:36:47 AM     0       173    0.00    0.00    0.00    0.00    0.00     5      0.00      0.00       0       0   0.00  pva_task_status
02:36:47 AM     0       174    0.00    0.00    0.00    0.00    0.00     0      0.00      0.00       0       0   0.00  irq/75-pva-isr
02:36:47 AM     0       175    0.00    0.00    0.00    0.00    0.00     0      0.00      0.00       0       0   0.00  pva_task_status
02:36:47 AM     0       176    0.00    0.00    0.00    0.00    0.00     0      0.00      0.00       0       0   0.00  irq/76-pva-isr
02:36:47 AM     0       185    0.00    0.00    0.00    0.00    0.00     0      0.00      0.00       0       0   0.00  sdhci
02:36:47 AM     0       186    0.00    0.00    0.00    0.00    0.00     0      0.00      0.00       0       0   0.00  irq/39-mmc0
02:36:47 AM     0       187    0.00    0.00    0.00    0.00    0.00     2      0.00      0.00       0       0   0.00  sdhci
02:36:47 AM     0       189    0.00    0.00    0.00    0.00    0.00     0      0.00      0.00       0       0   0.00  irq/40-mmc1
02:36:47 AM     0       195    0.00    0.00    0.00    0.00    0.00     7      0.00      0.00       0       0   0.00  scsi_eh_0
02:36:47 AM     0       196    0.00    0.00    0.00    0.00    0.00     7      0.00      0.00       0       0   0.00  scsi_tmf_0
02:36:47 AM     0       197    0.00    0.00    0.00    0.00    0.00     0      0.00      0.00       0       0   0.00  kworker/5:2-events
02:36:47 AM     0       198    0.00    0.00    0.00    0.00    0.00     0      0.00      0.00       0       0   0.00  irq/67-15200000
02:36:47 AM     0       199    0.00    0.00    0.00    0.00    0.00     1      0.00      0.00       0       0   0.00  tegradc.0/a
02:36:47 AM     0       200    0.00    0.00    0.00    0.00    0.00     0      0.00      0.00       0       0   0.00  tegradc.0/b
02:36:47 AM     0       201    0.00    0.00    0.00    0.00    0.00     0      0.00      0.00       0       0   0.00  tegradc.0/c
02:36:47 AM     0       202    0.00    0.00    0.00    0.00    0.00     0      0.00      0.00       0       0   0.00  tegradc.0/d
02:36:47 AM     0       203    0.00    0.00    0.00    0.00    0.00     0      0.00      0.00       0       0   0.00  tegradc.0/e
02:36:47 AM     0       204    0.00    0.00    0.00    0.00    0.00     0      0.00      0.00       0       0   0.00  tegradc.0/f
02:36:47 AM     0       205    0.00    0.00    0.00    0.00    0.00     0      0.00      0.00       0       0   0.00  tegradc.0/sl
02:36:47 AM     0       206    0.00    0.00    0.00    0.00    0.00     0      0.00      0.00       0       0   0.00  irq/62-15200000
02:36:47 AM     0       207    0.00    0.00    0.00    0.00    0.00     0      0.00      0.00       0       0   0.00  irq/276-3400000
02:36:47 AM     0       208    0.00    0.00    0.00    0.00    0.00     0      0.00      0.00       0       0   0.00  ufs_eh_wq_0
02:36:47 AM     0       209    0.00    0.00    0.00    0.00    0.00     3      0.00      0.00       0       0   0.00  mmc_complete
02:36:47 AM     0       211    0.00    0.00    0.00    0.00    0.00     0      0.00      0.00       0       0   0.00  irq/278-1520000
02:36:47 AM     0       212    0.00    0.00    0.00    0.00    0.00     0      0.00      0.00       0       0   0.00  irq/203-3610000
02:36:47 AM     0       213    0.00    0.00    0.00    0.00    0.00     0      0.00      0.00       0       0   0.00  irq/221-3610000
02:36:47 AM     0       214    0.00    0.00    0.00    0.00    0.00     0      0.00      0.00       0       0   0.00  irq/30-tegra-pc
02:36:47 AM     0       216    0.00    0.00    0.00    0.00    0.00     0      0.00      0.00       0       0   0.00  kworker/4:3-events
02:36:47 AM     0       218    0.00    0.00    0.00    0.00    0.00     4      0.00      0.00       0       0   0.00  kworker/4:5-events
02:36:47 AM     0       221    0.00    0.00    0.00    0.00    0.00     0      0.00      0.00       0       0   0.00  kworker/6:12-events
02:36:47 AM     0       222    0.00    0.00    0.00    0.00    0.00     0      0.00      0.00       0       0   0.00  kworker/6:13-events
02:36:47 AM     0       225    0.00    0.00    0.00    0.00    0.00     0      0.00      0.00       0       0   0.00  irq/68-tegra_dp
02:36:47 AM     0       226    0.00    0.00    0.00    0.00    0.00     0      0.00      0.00       0       0   0.00  irq/65-15210000
02:36:47 AM     0       227    0.00    0.00    0.00    0.00    0.00     0      0.00      0.00       0       0   0.00  tegradc.1/a
02:36:47 AM     0       228    0.00    0.00    0.00    0.00    0.00     0      0.00      0.00       0       0   0.00  tegradc.1/b
02:36:47 AM     0       229    0.00    0.00    0.00    0.00    0.00     0      0.00      0.00       0       0   0.00  tegradc.1/c
02:36:47 AM     0       230    0.00    0.00    0.00    0.00    0.00     0      0.00      0.00       0       0   0.00  tegradc.1/d
02:36:47 AM     0       231    0.00    0.00    0.00    0.00    0.00     0      0.00      0.00       0       0   0.00  tegradc.1/e
02:36:47 AM     0       232    0.00    0.00    0.00    0.00    0.00     0      0.00      0.00       0       0   0.00  tegradc.1/f
02:36:47 AM     0       233    0.00    0.00    0.00    0.00    0.00     1      0.00      0.00       0       0   0.00  tegradc.1/sl
02:36:47 AM     0       234    0.00    0.00    0.00    0.00    0.00     0      0.00      0.00       0       0   0.00  irq/63-15210000
02:36:47 AM     0       249    0.00    0.00    0.00    0.00    0.00     0      0.00      0.00       0       0   0.00  irq/56-d230000.
02:36:47 AM     0       250    0.00    0.00    0.00    0.00    0.00     0      0.00      0.00       0       0   0.00  irq/69-tegra_dp
02:36:47 AM     0       251    0.00    0.00    0.00    0.00    0.00     0      0.00      0.00       0       0   0.00  irq/66-15220000
02:36:47 AM     0       252    0.00    0.00    0.00    0.00    0.00     0      0.00      0.00       0       0   0.00  tegradc.2/a
02:36:47 AM     0       253    0.00    0.00    0.00    0.00    0.00     0      0.00      0.00       0       0   0.00  tegradc.2/b
02:36:47 AM     0       254    0.00    0.00    0.00    0.00    0.00     0      0.00      0.00       0       0   0.00  tegradc.2/c
02:36:47 AM     0       255    0.00    0.00    0.00    0.00    0.00     0      0.00      0.00       0       0   0.00  tegradc.2/d
02:36:47 AM     0       256    0.00    0.00    0.00    0.00    0.00     0      0.00      0.00       0       0   0.00  tegradc.2/e
02:36:47 AM     0       257    0.00    0.00    0.00    0.00    0.00     0      0.00      0.00       0       0   0.00  tegradc.2/f
02:36:47 AM     0       258    0.00    0.00    0.00    0.00    0.00     0      0.00      0.00       0       0   0.00  tegradc.2/sl
02:36:47 AM     0       259    0.00    0.00    0.00    0.00    0.00     0      0.00      0.00       0       0   0.00  irq/64-15220000
02:36:47 AM     0       275    0.00    0.00    0.00    0.00    0.00     2      0.00      0.00       0       0   0.00  jbd2/mmcblk0p1-
02:36:47 AM     0       276    0.00    0.00    0.00    0.00    0.00     3      0.00      0.00       0       0   0.00  ext4-rsv-conver
02:36:47 AM     0       280    0.00    0.00    0.00    0.00    0.00     7      0.00      0.00       0       0   0.00  kworker/7:1H
02:36:47 AM     0       286    0.00    0.00    0.00    0.00    0.00     5      0.00      0.00       0       0   0.00  kworker/5:1H-kblockd
02:36:47 AM     0       312    0.00    0.00    0.00    0.00    0.00     2      0.00      0.00   61816   31668   0.10  systemd-journal
02:36:47 AM     0       338    0.00    3.00    0.00   12.00    3.00     2      0.00      0.00       0       0   0.00  nvmap-bz
02:36:47 AM     0       339    0.00    0.00    0.00    0.00    0.00     0      0.00      0.00       0       0   0.00  irq/204-gk20a_s
02:36:47 AM     0       340    0.00    0.00    0.00    0.00    0.00     0      0.00      0.00       0       0   0.00  irq/205-gk20a_n
02:36:47 AM     0       345    0.00    0.00    0.00    0.00    0.00     3      0.00      0.00    2776    1492   0.00  tee-supplicant
02:36:47 AM     0       347    0.00    0.00    0.00    0.00    0.00     3      0.00      0.00       0       0   0.00  optee_bus_scan
02:36:47 AM     0       358    0.00    0.00    0.00    0.00    0.00     3      0.00      0.00   22788    7532   0.02  systemd-udevd
02:36:47 AM     0       364    0.00    0.00    0.00    0.00    0.00     1      0.00      0.00    7948    4892   0.02  haveged
02:36:47 AM   126       365    0.00    0.00    0.00    0.00    0.00     3      0.00      0.00    7136    3108   0.01  rpcbind
02:36:47 AM   105       366    0.00    0.00    0.00    0.00    0.00     0      0.00      0.00   25592   13288   0.04  systemd-resolve
02:36:47 AM   103       367    0.00    0.00    0.00    0.00    0.00     1      0.00      0.00   90672    6220   0.02  systemd-timesyn
02:36:47 AM     0       407    0.00    0.00    0.00    0.00    0.00     5      0.00      0.00       0       0   0.00  cfg80211
02:36:47 AM     0       410    0.00    0.00    0.00    0.00    0.00     0      0.00      0.00       0       0   0.00  irq/42-3210000.
02:36:47 AM     0       412    0.00    0.00    0.00    0.00    0.00     2      0.00      0.00       0       0   0.00  spi0
02:36:47 AM     0       413    0.00   15.00    0.00    0.00   15.00     1      0.00      0.00       0       0   0.00  irq/282-iwlwifi
02:36:47 AM     0       416    0.00    0.00    0.00    0.00    0.00     4      0.00      0.00       0       0   0.00  ata_sff
02:36:47 AM     0       419    0.00    0.00    0.00    0.00    0.00     0      0.00      0.00       0       0   0.00  irq/43-c260000.
02:36:47 AM     0       420    0.00    0.00    0.00    0.00    0.00     6      0.00      0.00       0       0   0.00  scsi_eh_1
02:36:47 AM     0       422    0.00    0.00    0.00    0.00    0.00     6      0.00      0.00       0       0   0.00  scsi_tmf_1
02:36:47 AM     0       427    0.00    0.00    0.00    0.00    0.00     0      0.00      0.00       0       0   0.00  spi1
02:36:47 AM     0       430    0.00    0.00    0.00    0.00    0.00     3      0.00      0.00  242072    8880   0.03  accounts-daemon
02:36:47 AM   120       439    0.00    0.00    0.00    0.00    0.00     0      0.00      0.00    7084    3472   0.01  avahi-daemon
02:36:47 AM     0       441    0.00    0.00    0.00    0.00    0.00     2      0.00      0.00    9220    2516   0.01  cron
02:36:47 AM   106       443    0.00    0.00    0.00    0.00    0.00     0      0.00      0.00    9396    5264   0.02  dbus-daemon
02:36:47 AM     0       447    0.00    0.00    0.00    0.00    0.00     1      0.00      0.00  341244   20856   0.07  NetworkManager
02:36:47 AM     0       456    0.00    0.00    0.00    0.00    0.00     4      0.00      0.00   38300   19472   0.06  networkd-dispat
02:36:47 AM     0       473    0.00    0.00    0.00    0.00    0.00     2      0.00      0.00  238860   13352   0.04  polkitd
02:36:47 AM   125       483    0.00    0.00    0.00    0.00    0.00     2      0.00      0.00  220940    8288   0.03  rsyslogd
02:36:47 AM     0       503    0.00    0.00    0.00    0.00    0.00     2      0.00      0.00  235864    4364   0.01  switcheroo-cont
02:36:47 AM     0       514    0.00    0.00    0.00    0.00    0.00     0      0.00      0.00   17076    6760   0.02  systemd-logind
02:36:47 AM     0       523    0.00    0.00    0.00    0.00    0.00     2      0.00      0.00  395556   15676   0.05  udisksd
02:36:47 AM     0       528    0.00    0.00    0.00    0.00    0.00     2      0.00      0.00   12784    8052   0.03  wpa_supplicant
02:36:47 AM     0       548    0.00    0.00    0.00    0.00    0.00     0      0.00      0.00       0       0   0.00  sugov:0
02:36:47 AM   120       555    0.00    0.00    0.00    0.00    0.00     2      0.00      0.00    6896     324   0.00  avahi-daemon
02:36:47 AM     0       585    0.00    0.00    0.00    0.00    0.00     5      0.00      0.00       0       0   0.00  tmp451
02:36:47 AM     0       597    0.00    0.00    0.00    0.00    0.00     3      0.00      0.00       0       0   0.00  irq/286-1-0008
02:36:47 AM     0       600    0.00    0.00    0.00    0.00    0.00     2      0.00      0.00  321792   14480   0.05  ModemManager
02:36:47 AM     0       653    0.00    0.00    0.00    0.00    0.00     0      0.00      0.00    2476     604   0.00  nvfancontrol
02:36:47 AM     0       728    0.00    0.00    0.00    0.00    0.00     4      0.00      0.00       0       0   0.00  adspp_kthread
02:36:47 AM     0       779    0.00    0.00    0.00    0.00    0.00     6      0.00      0.00       0       0   0.00  kworker/6:2H-kblockd
02:36:47 AM     0       876    0.00    0.00    0.00    0.00    0.00     1      0.00      0.00       0       0   0.00  irq/289-2490000
02:36:47 AM     0       887    0.00    0.00    0.00    0.00    0.00     0      0.00      0.00       0       0   0.00  irq/32-eth0.com
02:36:47 AM     0       919    0.00    0.00    0.00    0.00    0.00     4      0.00      0.00       0       0   0.00  file-storage
02:36:47 AM     0       953    0.00    0.00    0.00    0.00    0.00     1      0.00      0.00       0       0   0.00  loop0
02:36:47 AM     0      1048    0.00    0.00    0.00    0.00    0.00     4      0.00      0.00       0       0   0.00  kworker/4:2H-kblockd
02:36:47 AM     0      1091    0.00    0.00    0.00    0.00    0.00     3      0.00      0.00       0       0   0.00  cryptd
02:36:47 AM     0      1147    0.00    0.00    0.00    0.00    0.00     2      0.00      0.00       0       0   0.00  sw-quiesce
02:36:47 AM     0      1148    0.00    0.00    0.00    0.00    0.00     1      0.00      0.00       0       0   0.00  nvgpu_channel_p
02:36:47 AM     0      1151    0.00    0.00    0.00    0.00    0.00     0      0.00      0.00       0       0   0.00  nvgpu_nvs_gv11b
02:36:47 AM     0      1153    0.00    0.00    0.00    0.00    0.00     0      0.00      0.00       0       0   0.00  nvgpu_pg_init_g
02:36:47 AM     0      1157    0.00    0.00    0.00    0.00    0.00     2      0.00      0.00       0       0   0.00  nvgpu_clk_arb_p
02:36:47 AM     0      1162    0.00    0.00    0.00    0.00    0.00     3      0.00      0.00       0       0   0.00  irq/288-rt5659
02:36:47 AM     0      1270    0.00    0.00    0.00    0.00    0.00     3      0.00      0.00   55688   11092   0.03  nvargus-daemon
02:36:47 AM     0      1273    0.00    0.00    0.00    0.00    0.00     3      0.00      0.00   21932    1552   0.00  nvs-service
02:36:47 AM     0      1298    0.00    0.00    0.00    0.00    0.00     1      0.00      0.00 2007972   50360   0.16  containerd
02:36:47 AM     0      1314    0.00    0.00    0.00    0.00    0.00     0      0.00      0.00  240032    7616   0.02  gdm3
02:36:47 AM   108      1326    0.00    0.00    0.00    0.00    0.00     3      0.00      0.00   11468    1896   0.01  kerneloops
02:36:47 AM     0      1327    0.00    0.00    0.00    0.00    0.00     1      0.00      0.00   12236    6576   0.02  sshd
02:36:47 AM     0      1336    0.00    0.00    0.00    0.00    0.00     0      0.00      0.00    7688    1876   0.01  agetty
02:36:47 AM     0      1337    0.00    0.00    0.00    0.00    0.00     2      0.00      0.00    7688    1904   0.01  agetty
02:36:47 AM   108      1339    0.00    0.00    0.00    0.00    0.00     1      0.00      0.00   11468    1820   0.01  kerneloops
02:36:47 AM     0      1340    0.00    0.00    0.00    0.00    0.00     3      0.00      0.00    9216    2824   0.01  nvgetty.sh
02:36:47 AM     0      1379    0.00    0.00    0.00    0.00    0.00     0      0.00      0.00    7688    1848   0.01  getty
02:36:47 AM     0      1554    0.00    0.00    0.00    0.00    0.00     2      0.00      0.00 2111796   85472   0.27  dockerd
02:36:47 AM     0      1677    0.00    0.00    0.00    0.00    0.00     2      0.00      0.00  168472    8256   0.03  gdm-session-wor
02:36:47 AM     0      1711    0.00    0.00    0.00    0.00    0.00     0      0.00      0.00    3248     808   0.00  nvphsd
02:36:47 AM     0      1716    0.00    0.00    0.00    0.00    0.00     3      0.00      0.00    3380    1788   0.01  nvphsd
02:36:47 AM   124      1789    0.00    0.00    0.00    0.00    0.00     3      0.00      0.00   19144    9224   0.03  systemd
02:36:47 AM   124      1804    0.00    0.00    0.00    0.00    0.00     3      0.00      0.00  104488    5436   0.02  (sd-pam)
02:36:47 AM   124      2014    0.00    0.00    0.00    0.00    0.00     2      0.00      0.00  961884   21984   0.07  pulseaudio
02:36:47 AM   124      2032    0.00    0.00    0.00    0.00    0.00     2      0.00      0.00  164156    5924   0.02  gdm-x-session
02:36:47 AM   124      2037    0.00    0.00    0.00    0.00    0.00     1      0.00      0.00 25330232   99256   0.31  Xorg
02:36:47 AM   118      2040    0.00    0.00    0.00    0.00    0.00     1      0.00      0.00  152516    2440   0.01  rtkit-daemon
02:36:47 AM   124      2162    0.00    0.00    0.00    0.00    0.00     2      0.00      0.00    7812    3448   0.01  dbus-daemon
02:36:47 AM   124      2428    0.00    0.00    0.00    0.00    0.00     0      0.00      0.00    4776    1164   0.00  dbus-run-sessio
02:36:47 AM   124      2429    0.00    0.00    0.00    0.00    0.00     2      0.00      0.00    8088    4104   0.01  dbus-daemon
02:36:47 AM   124      2438    0.00    0.00    0.00    0.00    0.00     3      0.00      0.00  559768   14932   0.05  gnome-session-b
02:36:47 AM     0      2457    0.00    0.00    0.00    0.00    0.00     2      0.00      0.00  101692   19628   0.06  jtop
02:36:47 AM   124      2463    0.00    0.00    0.00    0.00    0.00     3      0.00      0.00  309548   10092   0.03  at-spi-bus-laun
02:36:47 AM   124      2470    0.00    0.00    0.00    0.00    0.00     1      0.00      0.00    7676    3468   0.01  dbus-daemon
02:36:47 AM   124      2495    0.00    0.00    0.00    0.00    0.00     0      0.00      0.00 4022996  194924   0.61  gnome-shell
02:36:47 AM     0      2510    0.00    0.00    0.00    0.00    0.00     2      0.00      0.00  175424   16904   0.05  jtop
02:36:47 AM     0      2518    0.00    0.00    0.00    0.00    0.00     2      0.00      0.00  101692   17160   0.05  jtop
02:36:47 AM   124      2696    0.00    0.00    0.00    0.00    0.00     0      0.00      0.00  314420   11212   0.04  ibus-daemon
02:36:47 AM   124      2699    0.00    0.00    0.00    0.00    0.00     2      0.00      0.00  239960   11792   0.04  ibus-dconf
02:36:47 AM   124      2701    0.00    0.00    0.00    0.00    0.00     2      0.00      0.00  189920   16900   0.05  ibus-x11
02:36:47 AM   124      2704    0.00    0.00    0.00    0.00    0.00     3      0.00      0.00  239880    7776   0.02  ibus-portal
02:36:47 AM   124      2715    0.00    0.00    0.00    0.00    0.00     1      0.00      0.00  161420    6880   0.02  at-spi2-registr
02:36:47 AM   124      2719    0.00    0.00    0.00    0.00    0.00     3      0.00      0.00  235804    4672   0.01  xdg-permission-
02:36:47 AM     0      2725    0.00    0.00    0.00    0.00    0.00     2      0.00      0.00  252944    8776   0.03  upowerd
02:36:47 AM   124      2745    0.00    0.00    0.00    0.00    0.00     2      0.00      0.00 3001620   27244   0.09  gjs
02:36:47 AM   124      2764    0.00    0.00    0.00    0.00    0.00     0      0.00      0.00  469396   14236   0.04  gsd-sharing
02:36:47 AM   124      2765    0.00    0.00    0.00    0.00    0.00     1      0.00      0.00  334628   15072   0.05  gsd-wacom
02:36:47 AM   124      2768    0.00    0.00    0.00    0.00    0.00     3      0.00      0.00  571788   19844   0.06  gsd-color
02:36:47 AM   124      2772    0.00    0.00    0.00    0.00    0.00     2      0.00      0.00  338096   17824   0.06  gsd-keyboard
02:36:47 AM   124      2774    0.00    0.00    0.00    0.00    0.00     2      0.00      0.00  322508   11376   0.04  gsd-print-notif
02:36:47 AM   124      2779    0.00    0.00    0.00    0.00    0.00     3      0.00      0.00  166208    7736   0.02  ibus-engine-sim
02:36:47 AM   124      2780    0.00    0.00    0.00    0.00    0.00     1      0.00      0.00  457460    7996   0.03  gsd-rfkill
02:36:47 AM   124      2782    0.00    0.00    0.00    0.00    0.00     1      0.00      0.00  391976    9696   0.03  gsd-smartcard
02:36:47 AM   124      2784    0.00    0.00    0.00    0.00    0.00     2      0.00      0.00  374928   15372   0.05  gsd-datetime
02:36:47 AM   124      2790    0.00    0.00    0.00    0.00    0.00     2      0.00      0.00  679696   20032   0.06  gsd-media-keys
02:36:47 AM   124      2791    0.00    0.00    0.00    0.00    0.00     3      0.00      0.00  235772    5600   0.02  gsd-screensaver
02:36:47 AM   124      2793    0.00    0.00    0.00    0.00    0.00     3      0.00      0.00  320104    9452   0.03  gsd-sound
02:36:47 AM   124      2795    0.00    0.00    0.00    0.00    0.00     3      0.00      0.00  313652   10144   0.03  gsd-a11y-settin
02:36:47 AM   124      2799    0.00    0.00    0.00    0.00    0.00     2      0.00      0.00  313992   10524   0.03  gsd-housekeepin
02:36:47 AM   124      2802    0.00    0.00    0.00    0.00    0.00     0      0.00      0.00  339724   18828   0.06  gsd-power
02:36:47 AM   124      2824    0.00    0.00    0.00    0.00    0.00     2      0.00      0.00  342540   12784   0.04  gsd-printer
02:36:47 AM   119      2837    0.00    0.00    0.00    0.00    0.00     2      0.00      0.00  249328   17548   0.06  colord
02:36:47 AM     0     29120    0.00    0.00    0.00    0.00    0.00     3      0.00      0.00       0       0   0.00  kworker/u17:2
02:36:47 AM     0     33852    0.00    0.00    0.00    0.00    0.00     1      0.00      0.00       0       0   0.00  kworker/1:0H-kblockd
02:36:47 AM     0     35048    0.00    0.00    0.00    0.00    0.00     1      0.00      0.00       0       0   0.00  kworker/u17:0-thermal_fan_est
02:36:47 AM  1000     39960    0.00    0.00    0.00    0.00    0.00     2      0.00      0.00   19248    9208   0.03  systemd
02:36:47 AM  1000     39961    0.00    0.00    0.00    0.00    0.00     2      0.00      0.00  170940    6304   0.02  (sd-pam)
02:36:47 AM  1000     40037    0.00    0.00    0.00    0.00    0.00     3      0.00      0.00    7812    3952   0.01  dbus-daemon
02:36:47 AM     0     40147    0.00    0.00    0.00    1.00    0.00     1      0.00      0.00       0       0   0.00  kworker/1:0-pm
02:36:47 AM     0     40174    0.00    0.00    0.00    0.00    0.00     2      0.00      0.00       0       0   0.00  kworker/2:2H-kblockd
02:36:47 AM     0     40194    0.00    0.00    0.00    0.00    0.00     3      0.00      0.00       0       0   0.00  kworker/3:0H-kblockd
02:36:47 AM     0     41650    0.00    0.00    0.00    0.00    0.00     3      0.00      0.00       0       0   0.00  kworker/3:0-mm_percpu_wq
02:36:47 AM     0     43913    0.00    0.00    0.00    0.00    0.00     2      0.00      0.00   14768    7560   0.02  sshd
02:36:47 AM  1000     43958    0.00    0.00    0.00    0.00    0.00     0      0.00      0.00   15292    6400   0.02  sshd
02:36:47 AM  1000     43959    0.00    0.00    0.00    0.00    0.00     1      0.00      0.00   11344    5444   0.02  bash
02:36:47 AM     0     50050    0.00    0.00    0.00    0.00    0.00     2      0.00      0.00   14768    7572   0.02  sshd
02:36:47 AM  1000     50094    0.00    0.00    0.00    0.00    0.00     3      0.00      0.00   15292    6428   0.02  sshd
02:36:47 AM  1000     50095    0.00    0.00    0.00    0.00    0.00     2      0.00      0.00   11344    5448   0.02  bash
02:36:47 AM     0     81462    0.00    0.00    0.00    0.00    0.00     2      0.00      0.00       0       0   0.00  kworker/2:2-mm_percpu_wq
02:36:47 AM     0     81478    0.00    0.00    0.00    0.00    0.00     0      0.00      0.00       0       0   0.00  kworker/0:1H-kblockd
02:36:47 AM  1000     84840    0.00    0.00    0.00    0.00    0.00     3      0.00      0.00  240176   10088   0.03  gnome-keyring-d
02:36:47 AM   124     84900    0.00    0.00    0.00    0.00    0.00     1      0.00      0.00  156240    4584   0.01  dconf-service
02:36:47 AM     0     85427    0.00    0.00    0.00    0.00    0.00     0      0.00      0.00       0       0   0.00  kworker/0:2-events
02:36:47 AM     0     86310    0.00    1.00    0.00    0.00    1.00     3      0.00      0.00       0       0   0.00  kworker/u16:1-devfreq_wq
02:36:47 AM     0     86312    0.00    0.00    0.00    0.00    0.00     3      0.00      0.00   14768    7564   0.02  sshd
02:36:47 AM  1000     86356    0.00    0.00    0.00    0.00    0.00     3      0.00      0.00   15292    6380   0.02  sshd
02:36:47 AM  1000     86357    0.00    0.00    0.00    0.00    0.00     0      0.00      0.00   11344    5440   0.02  bash
02:36:47 AM     0     86549    0.00    0.00    0.00    0.00    0.00     2      0.00      0.00   14768    7664   0.02  sshd
02:36:47 AM  1000     86593    1.00    3.00    0.00    3.00    4.00     1      0.00      0.00   15292    6480   0.02  sshd
02:36:47 AM  1000     86594    0.00    0.00    0.00    0.00    0.00     1      0.00      0.00   11860    5896   0.02  bash
02:36:47 AM     0     86632    0.00    0.00    0.00    0.00    0.00     3      0.00      0.00       0       0   0.00  kworker/3:2
02:36:47 AM     0     86695    0.00    0.00    0.00    0.00    0.00     2      0.00      0.00   14768    7616   0.02  sshd
02:36:47 AM  1000     86739    0.00    1.00    0.00    1.00    1.00     0      0.00      0.00   16116    7520   0.02  sshd
02:36:47 AM  1000     86740    0.00    0.00    0.00    0.00    0.00     0      0.00      0.00   11344    5344   0.02  bash
02:36:47 AM  1000     86916    0.00    0.00    0.00    0.00    0.00     2      0.00      0.00  283948   42984   0.14  roslaunch
02:36:47 AM  1000     86924    1.00    0.00    0.00    0.00    1.00     2      0.00      0.00  797980   43964   0.14  rosmaster
02:36:47 AM  1000     86934    0.00    0.00    0.00    0.00    0.00     0      0.00      0.00  274964   10080   0.03  rosout
02:36:47 AM  1000     86944   84.00   72.00    0.00   29.00  156.00     0      0.00      0.00 34859196  742712   2.34  scale_truck_con
02:36:47 AM  1000     86945   27.00   64.00    0.00    0.00   91.00     2      0.00      0.00 1571432  116640   0.37  LRC
02:36:47 AM  1000     87010    8.00    7.00    0.00    0.00   15.00     0      0.00      0.00  724884  128588   0.41  python3
02:36:47 AM     0     87290    0.00    0.00    0.00    0.00    0.00     0      0.00      0.00   14768    7584   0.02  sshd
02:36:47 AM  1000     87334    0.00    0.00    0.00    0.00    0.00     0      0.00      0.00   15292    6412   0.02  sshd
02:36:47 AM  1000     87335    0.00    0.00    0.00    0.00    0.00     2      0.00      0.00   11344    5436   0.02  bash
02:36:47 AM     0     89981    0.00    0.00    0.00    0.00    0.00     1      0.00      0.00       0       0   0.00  kworker/1:1-pm
02:36:47 AM     0     95050    0.00    0.00    0.00    0.00    0.00     2      0.00      0.00       0       0   0.00  kworker/2:0-events
02:36:47 AM     0     96173    0.00    0.00    0.00    0.00    0.00     1      0.00      0.00       0       0   0.00  kworker/1:2-events
02:36:47 AM     0     99494    0.00    0.00    0.00    0.00    0.00     3      0.00      0.00       0       0   0.00  kworker/u16:3-events_unbound
02:36:47 AM     0    101032    0.00    0.00    0.00    0.00    0.00     2      0.00      0.00       0       0   0.00  kworker/2:1H
02:36:47 AM     0    102096    0.00    0.00    0.00    0.00    0.00     0      0.00      0.00       0       0   0.00  kworker/0:2H
02:36:47 AM     0    103173    0.00    0.00    0.00    0.00    0.00     3      0.00      0.00       0       0   0.00  kworker/3:1H
02:36:47 AM     0    107801    0.00    0.00    0.00    0.00    0.00     1      0.00      0.00       0       0   0.00  kworker/1:2H
02:36:47 AM     0    109830    0.00    0.00    0.00    0.00    0.00     0      0.00      0.00       0       0   0.00  kworker/0:1-events
02:36:47 AM     0    111231    0.00    0.00    0.00    0.00    0.00     1      0.00      0.00       0       0   0.00  kworker/u16:0-events_unbound
02:36:47 AM     0    111939    0.00    0.00    0.00    0.00    0.00     1      0.00      0.00       0       0   0.00  kworker/1:4-events
02:36:47 AM     0    121074    0.00    0.00    0.00    0.00    0.00     0      0.00      0.00       0       0   0.00  kworker/0:0-events
02:36:47 AM     0    122883    0.00    1.00    0.00    0.00    1.00     1      0.00      0.00       0       0   0.00  kworker/u16:2-events_unbound
02:36:47 AM     0    123203    0.00    0.00    0.00    0.00    0.00     3      0.00      0.00       0       0   0.00  kworker/3:2H
02:36:47 AM     0    124025    0.00    0.00    0.00    0.00    0.00     2      0.00      0.00       0       0   0.00  kworker/2:0H
02:36:47 AM     0    128328    0.00    0.00    0.00    0.00    0.00     1      0.00      0.00       0       0   0.00  kworker/1:3
02:36:47 AM  1000    128618    0.00    0.00    0.00    0.00    0.00     1      0.00      0.00    7828     540   0.00  timeout
02:36:47 AM  1000    128619    0.00    0.00    0.00    0.00    0.00     0      0.00      0.00    9208    3220   0.01  bash
02:36:47 AM  1000    128621    0.00    0.00    0.00    0.00    0.00     3      0.00      0.00   68712   42776   0.13  rosbag
02:36:47 AM  1000    128828   18.00   20.00    0.00    0.00   38.00     1     31.00      0.00 1171700   22600   0.07  record
02:36:47 AM  1000    128832    0.00    0.00    0.00    0.00    0.00     3      0.00      0.00   68692   43012   0.14  rosbag
02:36:47 AM  1000    128966    6.00   13.00    0.00   25.00   19.00     1      0.00      0.00   17764   10516   0.03  pidstat
02:36:47 AM  1000    128996    3.00    7.00    0.00    7.00   10.00     0      0.00      0.00  365380   25176   0.08  play

# Time        UID       PID    %usr %system  %guest   %wait    %CPU   CPU  minflt/s  majflt/s     VSZ     RSS   %MEM  Command
02:36:48 AM     0         1    0.00    0.00    0.00    0.00    0.00     2      0.00      0.00  169880   11540   0.04  systemd
02:36:48 AM     0         2    0.00    0.00    0.00    0.00    0.00     1      0.00      0.00       0       0   0.00  kthreadd
02:36:48 AM     0         3    0.00    0.00    0.00    0.00    0.00     0      0.00      0.00       0       0   0.00  rcu_gp
02:36:48 AM     0         4    0.00    0.00    0.00    0.00    0.00     0      0.00      0.00       0       0   0.00  rcu_par_gp
02:36:48 AM     0         8    0.00    0.00    0.00    0.00    0.00     0      0.00      0.00       0       0   0.00  mm_percpu_wq
02:36:48 AM     0         9    0.00    0.00    0.00    0.00    0.00     0      0.00      0.00       0       0   0.00  rcu_tasks_kthre
02:36:48 AM     0        10    0.00    0.00    0.00    0.00    0.00     0      0.00      0.00       0       0   0.00  rcu_tasks_rude_
02:36:48 AM     0        11    0.00    0.00    0.00    0.00    0.00     0      0.00      0.00       0       0   0.00  rcu_tasks_trace
02:36:48 AM     0        12    0.00    0.00    0.00    0.00    0.00     0      0.00      0.00       0       0   0.00  ksoftirqd/0
02:36:48 AM     0        13    0.00    0.00    0.00    0.00    0.00     1      0.00      0.00       0       0   0.00  rcu_preempt
02:36:48 AM     0        14    0.00    0.00    0.00    0.00    0.00     0      0.00      0.00       0       0   0.00  migration/0
02:36:48 AM     0        16    0.00    0.00    0.00    0.00    0.00     0      0.00      0.00       0       0   0.00  cpuhp/0
02:36:48 AM     0        17    0.00    0.00    0.00    0.00    0.00     1      0.00      0.00       0       0   0.00  cpuhp/1
02:36:48 AM     0        18    0.00    0.00    0.00    0.00    0.00     1      0.00      0.00       0       0   0.00  migration/1
02:36:48 AM     0        19    0.00    0.00    0.00    0.00    0.00     1      0.00      0.00       0       0   0.00  ksoftirqd/1
02:36:48 AM     0        22    0.00    0.00    0.00    0.00    0.00     2      0.00      0.00       0       0   0.00  cpuhp/2
02:36:48 AM     0        23    0.00    0.00    0.00    0.00    0.00     2      0.00      0.00       0       0   0.00  migration/2
02:36:48 AM     0        24    0.00    0.00    0.00    0.00    0.00     2      0.00      0.00       0       0   0.00  ksoftirqd/2
02:36:48 AM     0        27    0.00    0.00    0.00    0.00    0.00     3      0.00      0.00       0       0   0.00  cpuhp/3
02:36:48 AM     0        28    0.00    0.00    0.00    0.00    0.00     3      0.00      0.00       0       0   0.00  migration/3
02:36:48 AM     0        29    0.00    0.00    0.00    0.00    0.00     3      0.00      0.00       0       0   0.00  ksoftirqd/3
02:36:48 AM     0        32    0.00    0.00    0.00    0.00    0.00     4      0.00      0.00       0       0   0.00  cpuhp/4
02:36:48 AM     0        33    0.00    0.00    0.00    0.00    0.00     4      0.00      0.00       0       0   0.00  migration/4
02:36:48 AM     0        34    0.00    0.00    0.00    0.00    0.00     4      0.00      0.00       0       0   0.00  ksoftirqd/4
02:36:48 AM     0        36    0.00    0.00    0.00    0.00    0.00     4      0.00      0.00       0       0   0.00  kworker/4:0H-kblockd
02:36:48 AM     0        37    0.00    0.00    0.00    0.00    0.00     5      0.00      0.00       0       0   0.00  cpuhp/5
02:36:48 AM     0        38    0.00    0.00    0.00    0.00    0.00     5      0.00      0.00       0       0   0.00  migration/5
02:36:48 AM     0        39    0.00    0.00    0.00    0.00    0.00     5      0.00      0.00       0       0   0.00  ksoftirqd/5
02:36:48 AM     0        41    0.00    0.00    0.00    0.00    0.00     5      0.00      0.00       0       0   0.00  kworker/5:0H-kblockd
02:36:48 AM     0        42    0.00    0.00    0.00    0.00    0.00     6      0.00      0.00       0       0   0.00  cpuhp/6
02:36:48 AM     0        43    0.00    0.00    0.00    0.00    0.00     6      0.00      0.00       0       0   0.00  migration/6
02:36:48 AM     0        44    0.00    0.00    0.00    0.00    0.00     6      0.00      0.00       0       0   0.00  ksoftirqd/6
02:36:48 AM     0        46    0.00    0.00    0.00    0.00    0.00     6      0.00      0.00       0       0   0.00  kworker/6:0H-events_highpri
02:36:48 AM     0        47    0.00    0.00    0.00    0.00    0.00     7      0.00      0.00       0       0   0.00  cpuhp/7
02:36:48 AM     0        48    0.00    0.00    0.00    0.00    0.00     7      0.00      0.00       0       0   0.00  migration/7
02:36:48 AM     0        49    0.00    0.00    0.00    0.00    0.00     7      0.00      0.00       0       0   0.00  ksoftirqd/7
02:36:48 AM     0        50    0.00    0.00    0.00    0.00    0.00     0      0.00      0.00       0       0   0.00  kworker/7:0-rcu_gp
02:36:48 AM     0        51    0.00    0.00    0.00    0.00    0.00     7      0.00      0.00       0       0   0.00  kworker/7:0H-kblockd
02:36:48 AM     0        52    0.00    0.00    0.00    0.00    0.00     0      0.00      0.00       0       0   0.00  kdevtmpfs
02:36:48 AM     0        53    0.00    0.00    0.00    0.00    0.00     4      0.00      0.00       0       0   0.00  netns
02:36:48 AM     0        54    0.00    0.00    0.00    0.00    0.00     1      0.00      0.00       0       0   0.00  kauditd
02:36:48 AM     0        55    0.00    0.00    0.00    0.00    0.00     0      0.00      0.00       0       0   0.00  irq/87-mc_statu
02:36:48 AM     0        56    0.00    0.00    0.00    0.00    0.00     2      0.00      0.00       0       0   0.00  khungtaskd
02:36:48 AM     0        57    0.00    0.00    0.00    0.00    0.00     3      0.00      0.00       0       0   0.00  oom_reaper
02:36:48 AM     0        58    0.00    0.00    0.00    0.00    0.00     5      0.00      0.00       0       0   0.00  writeback
02:36:48 AM     0        59    0.00    0.00    0.00    0.00    0.00     2      0.00      0.00       0       0   0.00  kcompactd0
02:36:48 AM     0        60    0.00    0.00    0.00    0.00    0.00     1      0.00      0.00       0       0   0.00  ksmd
02:36:48 AM     0        61    0.00    0.00    0.00    0.00    0.00     2      0.00      0.00       0       0   0.00  khugepaged
02:36:48 AM     0        93    0.00    0.00    0.00    0.00    0.00     1      0.00      0.00       0       0   0.00  kintegrityd
02:36:48 AM     0        94    0.00    0.00    0.00    0.00    0.00     1      0.00      0.00       0       0   0.00  kblockd
02:36:48 AM     0        95    0.00    0.00    0.00    0.00    0.00     1      0.00      0.00       0       0   0.00  blkcg_punt_bio
02:36:48 AM     0        97    0.00    0.00    0.00    0.00    0.00     3      0.00      0.00       0       0   0.00  tpm_dev_wq
02:36:48 AM     0        98    0.00    0.00    0.00    0.00    0.00     0      0.00      0.00       0       0   0.00  irq/197-30c0000
02:36:48 AM     0        99    0.00    0.00    0.00    0.00    0.00     1      0.00      0.00       0       0   0.00  devfreq_wq
02:36:48 AM     0       100    0.00    0.00    0.00    0.00    0.00     1      0.00      0.00       0       0   0.00  watchdogd
02:36:48 AM     0       104    0.00    0.00    0.00    0.00    0.00     7      0.00      0.00       0       0   0.00  rpciod
02:36:48 AM     0       106    0.00    0.00    0.00    0.00    0.00     7      0.00      0.00       0       0   0.00  xprtiod
02:36:48 AM     0       108    0.00    0.00    0.00    0.00    0.00     7      0.00      0.00       0       0   0.00  kswapd0
02:36:48 AM     0       109    0.00    0.00    0.00    0.00    0.00     5      0.00      0.00       0       0   0.00  nfsiod
02:36:48 AM     0       112    0.00    0.00    0.00    0.00    0.00     1      0.00      0.00       0       0   0.00  kthrotld
02:36:48 AM     0       113    0.00    0.00    0.00    0.00    0.00     7      0.00      0.00       0       0   0.00  kpcitest
02:36:48 AM     0       116    0.00    0.00    0.00    0.00    0.00     5      0.00      0.00       0       0   0.00  kworker/5:1-events
02:36:48 AM     0       122    0.00    0.00    0.00    0.00    0.00     1      0.00      0.00       0       0   0.00  nvme-wq
02:36:48 AM     0       123    0.00    0.00    0.00    0.00    0.00     5      0.00      0.00       0       0   0.00  nvme-reset-wq
02:36:48 AM     0       124    0.00    0.00    0.00    0.00    0.00     6      0.00      0.00       0       0   0.00  nvme-delete-wq
02:36:48 AM     0       125    0.00    0.00    0.00    0.00    0.00     6      0.00      0.00       0       0   0.00  uas
02:36:48 AM     0       126    0.00    0.00    0.00    0.00    0.00     0      0.00      0.00       0       0   0.00  irq/222-tegra_r
02:36:48 AM     0       127    0.00    0.00    0.00    0.00    0.00     0      0.00      0.00       0       0   0.00  kworker/7:2-events
02:36:48 AM     0       129    0.00    0.00    0.00    0.00    0.00     0      0.00      0.00       0       0   0.00  irq/86-tegra-oc
02:36:48 AM     0       130    0.00    0.00    0.00    0.00    0.00     5      0.00      0.00       0       0   0.00  dm_bufio_cache
02:36:48 AM     0       131    0.00    0.00    0.00    0.00    0.00     0      0.00      0.00       0       0   0.00  irq/223-max7762
02:36:48 AM     0       140    0.00    0.00    0.00    0.00    0.00     0      0.00      0.00       0       0   0.00  irq/55-bc00000.
02:36:48 AM     0       143    0.00    0.00    0.00    0.00    0.00     0      0.00      0.00       0       0   0.00  ipv6_addrconf
02:36:48 AM     0       144    0.00    0.00    0.00    0.00    0.00     6      0.00      0.00       0       0   0.00  krfcommd
02:36:48 AM     0       145    0.00    0.00    0.00    0.00    0.00     0      0.00      0.00       0       0   0.00  kstrp
02:36:48 AM     0       150    0.00    0.00    0.00    0.00    0.00     0      0.00      0.00       0       0   0.00  irq/24-tegra-pc
02:36:48 AM     0       154    0.00    0.00    0.00    0.00    0.00     0      0.00      0.00       0       0   0.00  irq/26-tegra-pc
02:36:48 AM     0       160    0.00    0.00    0.00    0.00    0.00     0      0.00      0.00       0       0   0.00  irq/26-aerdrv
02:36:48 AM     0       161    0.00    0.00    0.00    0.00    0.00     0      0.00      0.00       0       0   0.00  irq/28-tegra-pc
02:36:48 AM     0       162    0.00    0.00    0.00    0.00    0.00     0      0.00      0.00       0       0   0.00  irq/28-aerdrv
02:36:48 AM     0       163    0.00    0.00    0.00    0.00    0.00     5      0.00      0.00       0       0   0.00  host_low_prio_w
02:36:48 AM     0       164    0.00    1.00    0.00    0.00    1.00     0      0.00      0.00       0       0   0.00  irq/57-host_syn
02:36:48 AM     0       165    0.00    0.00    0.00    0.00    0.00     0      0.00      0.00       0       0   0.00  irq/58-host_sta
02:36:48 AM     0       173    0.00    0.00    0.00    0.00    0.00     5      0.00      0.00       0       0   0.00  pva_task_status
02:36:48 AM     0       174    0.00    0.00    0.00    0.00    0.00     0      0.00      0.00       0       0   0.00  irq/75-pva-isr
02:36:48 AM     0       175    0.00    0.00    0.00    0.00    0.00     0      0.00      0.00       0       0   0.00  pva_task_status
02:36:48 AM     0       176    0.00    0.00    0.00    0.00    0.00     0      0.00      0.00       0       0   0.00  irq/76-pva-isr
02:36:48 AM     0       185    0.00    0.00    0.00    0.00    0.00     0      0.00      0.00       0       0   0.00  sdhci
02:36:48 AM     0       186    0.00    0.00    0.00    0.00    0.00     0      0.00      0.00       0       0   0.00  irq/39-mmc0
02:36:48 AM     0       187    0.00    0.00    0.00    0.00    0.00     2      0.00      0.00       0       0   0.00  sdhci
02:36:48 AM     0       189    0.00    0.00    0.00    0.00    0.00     0      0.00      0.00       0       0   0.00  irq/40-mmc1
02:36:48 AM     0       195    0.00    0.00    0.00    0.00    0.00     7      0.00      0.00       0       0   0.00  scsi_eh_0
02:36:48 AM     0       196    0.00    0.00    0.00    0.00    0.00     7      0.00      0.00       0       0   0.00  scsi_tmf_0
02:36:48 AM     0       197    0.00    0.00    0.00    0.00    0.00     0      0.00      0.00       0       0   0.00  kworker/5:2-events
02:36:48 AM     0       198    0.00    0.00    0.00    0.00    0.00     0      0.00      0.00       0       0   0.00  irq/67-15200000
02:36:48 AM     0       199    0.00    0.00    0.00    0.00    0.00     1      0.00      0.00       0       0   0.00  tegradc.0/a
02:36:48 AM     0       200    0.00    0.00    0.00    0.00    0.00     0      0.00      0.00       0       0   0.00  tegradc.0/b
02:36:48 AM     0       201    0.00    0.00    0.00    0.00    0.00     0      0.00      0.00       0       0   0.00  tegradc.0/c
02:36:48 AM     0       202    0.00    0.00    0.00    0.00    0.00     0      0.00      0.00       0       0   0.00  tegradc.0/d
02:36:48 AM     0       203    0.00    0.00    0.00    0.00    0.00     0      0.00      0.00       0       0   0.00  tegradc.0/e
02:36:48 AM     0       204    0.00    0.00    0.00    0.00    0.00     0      0.00      0.00       0       0   0.00  tegradc.0/f
02:36:48 AM     0       205    0.00    0.00    0.00    0.00    0.00     0      0.00      0.00       0       0   0.00  tegradc.0/sl
02:36:48 AM     0       206    0.00    0.00    0.00    0.00    0.00     0      0.00      0.00       0       0   0.00  irq/62-15200000
02:36:48 AM     0       207    0.00    0.00    0.00    0.00    0.00     0      0.00      0.00       0       0   0.00  irq/276-3400000
02:36:48 AM     0       208    0.00    0.00    0.00    0.00    0.00     0      0.00      0.00       0       0   0.00  ufs_eh_wq_0
02:36:48 AM     0       209    0.00    0.00    0.00    0.00    0.00     3      0.00      0.00       0       0   0.00  mmc_complete
02:36:48 AM     0       211    0.00    0.00    0.00    0.00    0.00     0      0.00      0.00       0       0   0.00  irq/278-1520000
02:36:48 AM     0       212    0.00    0.00    0.00    0.00    0.00     0      0.00      0.00       0       0   0.00  irq/203-3610000
02:36:48 AM     0       213    0.00    0.00    0.00    0.00    0.00     0      0.00      0.00       0       0   0.00  irq/221-3610000
02:36:48 AM     0       214    0.00    0.00    0.00    0.00    0.00     0      0.00      0.00       0       0   0.00  irq/30-tegra-pc
02:36:48 AM     0       216    0.00    0.00    0.00    0.00    0.00     0      0.00      0.00       0       0   0.00  kworker/4:3-events
02:36:48 AM     0       218    0.00    0.00    0.00    0.00    0.00     4      0.00      0.00       0       0   0.00  kworker/4:5-events
02:36:48 AM     0       221    0.00    0.00    0.00    0.00    0.00     0      0.00      0.00       0       0   0.00  kworker/6:12-events
02:36:48 AM     0       222    0.00    0.00    0.00    0.00    0.00     0      0.00      0.00       0       0   0.00  kworker/6:13-events
02:36:48 AM     0       225    0.00    0.00    0.00    0.00    0.00     0      0.00      0.00       0       0   0.00  irq/68-tegra_dp
02:36:48 AM     0       226    0.00    0.00    0.00    0.00    0.00     0      0.00      0.00       0       0   0.00  irq/65-15210000
02:36:48 AM     0       227    0.00    0.00    0.00    0.00    0.00     0      0.00      0.00       0       0   0.00  tegradc.1/a
02:36:48 AM     0       228    0.00    0.00    0.00    0.00    0.00     0      0.00      0.00       0       0   0.00  tegradc.1/b
02:36:48 AM     0       229    0.00    0.00    0.00    0.00    0.00     0      0.00      0.00       0       0   0.00  tegradc.1/c
02:36:48 AM     0       230    0.00    0.00    0.00    0.00    0.00     0      0.00      0.00       0       0   0.00  tegradc.1/d
02:36:48 AM     0       231    0.00    0.00    0.00    0.00    0.00     0      0.00      0.00       0       0   0.00  tegradc.1/e
02:36:48 AM     0       232    0.00    0.00    0.00    0.00    0.00     0      0.00      0.00       0       0   0.00  tegradc.1/f
02:36:48 AM     0       233    0.00    0.00    0.00    0.00    0.00     1      0.00      0.00       0       0   0.00  tegradc.1/sl
02:36:48 AM     0       234    0.00    0.00    0.00    0.00    0.00     0      0.00      0.00       0       0   0.00  irq/63-15210000
02:36:48 AM     0       249    0.00    0.00    0.00    0.00    0.00     0      0.00      0.00       0       0   0.00  irq/56-d230000.
02:36:48 AM     0       250    0.00    0.00    0.00    0.00    0.00     0      0.00      0.00       0       0   0.00  irq/69-tegra_dp
02:36:48 AM     0       251    0.00    0.00    0.00    0.00    0.00     0      0.00      0.00       0       0   0.00  irq/66-15220000
02:36:48 AM     0       252    0.00    0.00    0.00    0.00    0.00     0      0.00      0.00       0       0   0.00  tegradc.2/a
02:36:48 AM     0       253    0.00    0.00    0.00    0.00    0.00     0      0.00      0.00       0       0   0.00  tegradc.2/b
02:36:48 AM     0       254    0.00    0.00    0.00    0.00    0.00     0      0.00      0.00       0       0   0.00  tegradc.2/c
02:36:48 AM     0       255    0.00    0.00    0.00    0.00    0.00     0      0.00      0.00       0       0   0.00  tegradc.2/d
02:36:48 AM     0       256    0.00    0.00    0.00    0.00    0.00     0      0.00      0.00       0       0   0.00  tegradc.2/e
02:36:48 AM     0       257    0.00    0.00    0.00    0.00    0.00     0      0.00      0.00       0       0   0.00  tegradc.2/f
02:36:48 AM     0       258    0.00    0.00    0.00    0.00    0.00     0      0.00      0.00       0       0   0.00  tegradc.2/sl
02:36:48 AM     0       259    0.00    0.00    0.00    0.00    0.00     0      0.00      0.00       0       0   0.00  irq/64-15220000
02:36:48 AM     0       275    0.00    0.00    0.00    0.00    0.00     2      0.00      0.00       0       0   0.00  jbd2/mmcblk0p1-
02:36:48 AM     0       276    0.00    0.00    0.00    0.00    0.00     3      0.00      0.00       0       0   0.00  ext4-rsv-conver
02:36:48 AM     0       280    0.00    0.00    0.00    0.00    0.00     7      0.00      0.00       0       0   0.00  kworker/7:1H
02:36:48 AM     0       286    0.00    0.00    0.00    0.00    0.00     5      0.00      0.00       0       0   0.00  kworker/5:1H-kblockd
02:36:48 AM     0       312    0.00    0.00    0.00    0.00    0.00     2      0.00      0.00   61816   31668   0.10  systemd-journal
02:36:48 AM     0       338    0.00    5.00    0.00   17.00    5.00     3      0.00      0.00       0       0   0.00  nvmap-bz
02:36:48 AM     0       339    0.00    0.00    0.00    0.00    0.00     0      0.00      0.00       0       0   0.00  irq/204-gk20a_s
02:36:48 AM     0       340    0.00    0.00    0.00    0.00    0.00     0      0.00      0.00       0       0   0.00  irq/205-gk20a_n
02:36:48 AM     0       345    0.00    0.00    0.00    0.00    0.00     3      0.00      0.00    2776    1492   0.00  tee-supplicant
02:36:48 AM     0       347    0.00    0.00    0.00    0.00    0.00     3      0.00      0.00       0       0   0.00  optee_bus_scan
02:36:48 AM     0       358    0.00    0.00    0.00    0.00    0.00     3      0.00      0.00   22788    7532   0.02  systemd-udevd
02:36:48 AM     0       364    0.00    0.00    0.00    0.00    0.00     1      0.00      0.00    7948    4892   0.02  haveged
02:36:48 AM   126       365    0.00    0.00    0.00    0.00    0.00     3      0.00      0.00    7136    3108   0.01  rpcbind
02:36:48 AM   105       366    0.00    0.00    0.00    0.00    0.00     0      0.00      0.00   25592   13288   0.04  systemd-resolve
02:36:48 AM   103       367    0.00    0.00    0.00    0.00    0.00     1      0.00      0.00   90672    6220   0.02  systemd-timesyn
02:36:48 AM     0       407    0.00    0.00    0.00    0.00    0.00     5      0.00      0.00       0       0   0.00  cfg80211
02:36:48 AM     0       410    0.00    0.00    0.00    0.00    0.00     0      0.00      0.00       0       0   0.00  irq/42-3210000.
02:36:48 AM     0       412    0.00    0.00    0.00    0.00    0.00     2      0.00      0.00       0       0   0.00  spi0
02:36:48 AM     0       413    0.00   15.00    0.00    1.00   15.00     1      0.00      0.00       0       0   0.00  irq/282-iwlwifi
02:36:48 AM     0       416    0.00    0.00    0.00    0.00    0.00     4      0.00      0.00       0       0   0.00  ata_sff
02:36:48 AM     0       419    0.00    0.00    0.00    0.00    0.00     0      0.00      0.00       0       0   0.00  irq/43-c260000.
02:36:48 AM     0       420    0.00    0.00    0.00    0.00    0.00     6      0.00      0.00       0       0   0.00  scsi_eh_1
02:36:48 AM     0       422    0.00    0.00    0.00    0.00    0.00     6      0.00      0.00       0       0   0.00  scsi_tmf_1
02:36:48 AM     0       427    0.00    0.00    0.00    0.00    0.00     0      0.00      0.00       0       0   0.00  spi1
02:36:48 AM     0       430    0.00    0.00    0.00    0.00    0.00     3      0.00      0.00  242072    8880   0.03  accounts-daemon
02:36:48 AM   120       439    0.00    0.00    0.00    0.00    0.00     0      0.00      0.00    7084    3472   0.01  avahi-daemon
02:36:48 AM     0       441    0.00    0.00    0.00    0.00    0.00     2      0.00      0.00    9220    2516   0.01  cron
02:36:48 AM   106       443    0.00    0.00    0.00    0.00    0.00     0      0.00      0.00    9396    5264   0.02  dbus-daemon
02:36:48 AM     0       447    0.00    0.00    0.00    0.00    0.00     1      0.00      0.00  341244   20856   0.07  NetworkManager
02:36:48 AM     0       456    0.00    0.00    0.00    0.00    0.00     4      0.00      0.00   38300   19472   0.06  networkd-dispat
02:36:48 AM     0       473    0.00    0.00    0.00    0.00    0.00     2      0.00      0.00  238860   13352   0.04  polkitd
02:36:48 AM   125       483    0.00    0.00    0.00    0.00    0.00     2      0.00      0.00  220940    8288   0.03  rsyslogd
02:36:48 AM     0       503    0.00    0.00    0.00    0.00    0.00     2      0.00      0.00  235864    4364   0.01  switcheroo-cont
02:36:48 AM     0       514    0.00    0.00    0.00    0.00    0.00     0      0.00      0.00   17076    6760   0.02  systemd-logind
02:36:48 AM     0       523    0.00    0.00    0.00    0.00    0.00     2      0.00      0.00  395556   15676   0.05  udisksd
02:36:48 AM     0       528    0.00    0.00    0.00    0.00    0.00     2      0.00      0.00   12784    8052   0.03  wpa_supplicant
02:36:48 AM     0       548    0.00    0.00    0.00    0.00    0.00     0      0.00      0.00       0       0   0.00  sugov:0
02:36:48 AM   120       555    0.00    0.00    0.00    0.00    0.00     2      0.00      0.00    6896     324   0.00  avahi-daemon
02:36:48 AM     0       585    0.00    0.00    0.00    0.00    0.00     5      0.00      0.00       0       0   0.00  tmp451
02:36:48 AM     0       597    0.00    0.00    0.00    0.00    0.00     3      0.00      0.00       0       0   0.00  irq/286-1-0008
02:36:48 AM     0       600    0.00    0.00    0.00    0.00    0.00     2      0.00      0.00  321792   14480   0.05  ModemManager
02:36:48 AM     0       653    0.00    0.00    0.00    0.00    0.00     0      0.00      0.00    2476     604   0.00  nvfancontrol
02:36:48 AM     0       728    0.00    0.00    0.00    0.00    0.00     4      0.00      0.00       0       0   0.00  adspp_kthread
02:36:48 AM     0       779    0.00    0.00    0.00    0.00    0.00     6      0.00      0.00       0       0   0.00  kworker/6:2H-kblockd
02:36:48 AM     0       876    0.00    0.00    0.00    0.00    0.00     1      0.00      0.00       0       0   0.00  irq/289-2490000
02:36:48 AM     0       887    0.00    0.00    0.00    0.00    0.00     0      0.00      0.00       0       0   0.00  irq/32-eth0.com
02:36:48 AM     0       919    0.00    0.00    0.00    0.00    0.00     4      0.00      0.00       0       0   0.00  file-storage
02:36:48 AM     0       953    0.00    0.00    0.00    0.00    0.00     1      0.00      0.00       0       0   0.00  loop0
02:36:48 AM     0      1048    0.00    0.00    0.00    0.00    0.00     4      0.00      0.00       0       0   0.00  kworker/4:2H-kblockd
02:36:48 AM     0      1091    0.00    0.00    0.00    0.00    0.00     3      0.00      0.00       0       0   0.00  cryptd
02:36:48 AM     0      1147    0.00    0.00    0.00    0.00    0.00     2      0.00      0.00       0       0   0.00  sw-quiesce
02:36:48 AM     0      1148    0.00    0.00    0.00    0.00    0.00     1      0.00      0.00       0       0   0.00  nvgpu_channel_p
02:36:48 AM     0      1151    0.00    0.00    0.00    0.00    0.00     0      0.00      0.00       0       0   0.00  nvgpu_nvs_gv11b
02:36:48 AM     0      1153    0.00    0.00    0.00    0.00    0.00     0      0.00      0.00       0       0   0.00  nvgpu_pg_init_g
02:36:48 AM     0      1157    0.00    0.00    0.00    0.00    0.00     2      0.00      0.00       0       0   0.00  nvgpu_clk_arb_p
02:36:48 AM     0      1162    0.00    0.00    0.00    0.00    0.00     3      0.00      0.00       0       0   0.00  irq/288-rt5659
02:36:48 AM     0      1270    0.00    0.00    0.00    0.00    0.00     3      0.00      0.00   55688   11092   0.03  nvargus-daemon
02:36:48 AM     0      1273    0.00    0.00    0.00    0.00    0.00     3      0.00      0.00   21932    1552   0.00  nvs-service
02:36:48 AM     0      1298    0.00    0.00    0.00    0.00    0.00     1      0.00      0.00 2007972   50360   0.16  containerd
02:36:48 AM     0      1314    0.00    0.00    0.00    0.00    0.00     0      0.00      0.00  240032    7616   0.02  gdm3
02:36:48 AM   108      1326    0.00    0.00    0.00    0.00    0.00     3      0.00      0.00   11468    1896   0.01  kerneloops
02:36:48 AM     0      1327    0.00    0.00    0.00    0.00    0.00     1      0.00      0.00   12236    6576   0.02  sshd
02:36:48 AM     0      1336    0.00    0.00    0.00    0.00    0.00     0      0.00      0.00    7688    1876   0.01  agetty
02:36:48 AM     0      1337    0.00    0.00    0.00    0.00    0.00     2      0.00      0.00    7688    1904   0.01  agetty
02:36:48 AM   108      1339    0.00    0.00    0.00    0.00    0.00     1      0.00      0.00   11468    1820   0.01  kerneloops
02:36:48 AM     0      1340    0.00    0.00    0.00    0.00    0.00     3      0.00      0.00    9216    2824   0.01  nvgetty.sh
02:36:48 AM     0      1379    0.00    0.00    0.00    0.00    0.00     0      0.00      0.00    7688    1848   0.01  getty
02:36:48 AM     0      1554    0.00    0.00    0.00    0.00    0.00     2      0.00      0.00 2111796   85472   0.27  dockerd
02:36:48 AM     0      1677    0.00    0.00    0.00    0.00    0.00     2      0.00      0.00  168472    8256   0.03  gdm-session-wor
02:36:48 AM     0      1711    0.00    0.00    0.00    0.00    0.00     0      0.00      0.00    3248     808   0.00  nvphsd
02:36:48 AM     0      1716    0.00    0.00    0.00    0.00    0.00     3      0.00      0.00    3380    1788   0.01  nvphsd
02:36:48 AM   124      1789    0.00    0.00    0.00    0.00    0.00     3      0.00      0.00   19144    9224   0.03  systemd
02:36:48 AM   124      1804    0.00    0.00    0.00    0.00    0.00     3      0.00      0.00  104488    5436   0.02  (sd-pam)
02:36:48 AM   124      2014    0.00    0.00    0.00    0.00    0.00     2      0.00      0.00  961884   21984   0.07  pulseaudio
02:36:48 AM   124      2032    0.00    0.00    0.00    0.00    0.00     2      0.00      0.00  164156    5924   0.02  gdm-x-session
02:36:48 AM   124      2037    0.00    0.00    0.00    0.00    0.00     1      0.00      0.00 25330232   99256   0.31  Xorg
02:36:48 AM   118      2040    0.00    0.00    0.00    0.00    0.00     1      0.00      0.00  152516    2440   0.01  rtkit-daemon
02:36:48 AM   124      2162    0.00    0.00    0.00    0.00    0.00     2      0.00      0.00    7812    3448   0.01  dbus-daemon
02:36:48 AM   124      2428    0.00    0.00    0.00    0.00    0.00     0      0.00      0.00    4776    1164   0.00  dbus-run-sessio
02:36:48 AM   124      2429    0.00    0.00    0.00    0.00    0.00     2      0.00      0.00    8088    4104   0.01  dbus-daemon
02:36:48 AM   124      2438    0.00    0.00    0.00    0.00    0.00     3      0.00      0.00  559768   14932   0.05  gnome-session-b
02:36:48 AM     0      2457    0.00    0.00    0.00    0.00    0.00     2      0.00      0.00  101692   19628   0.06  jtop
02:36:48 AM   124      2463    0.00    0.00    0.00    0.00    0.00     3      0.00      0.00  309548   10092   0.03  at-spi-bus-laun
02:36:48 AM   124      2470    0.00    0.00    0.00    0.00    0.00     1      0.00      0.00    7676    3468   0.01  dbus-daemon
02:36:48 AM   124      2495    0.00    0.00    0.00    0.00    0.00     0      0.00      0.00 4022996  194924   0.61  gnome-shell
02:36:48 AM     0      2510    0.00    0.00    0.00    0.00    0.00     2      0.00      0.00  175424   16904   0.05  jtop
02:36:48 AM     0      2518    0.00    0.00    0.00    0.00    0.00     2      0.00      0.00  101692   17160   0.05  jtop
02:36:48 AM   124      2696    0.00    0.00    0.00    0.00    0.00     0      0.00      0.00  314420   11212   0.04  ibus-daemon
02:36:48 AM   124      2699    0.00    0.00    0.00    0.00    0.00     2      0.00      0.00  239960   11792   0.04  ibus-dconf
02:36:48 AM   124      2701    0.00    0.00    0.00    0.00    0.00     2      0.00      0.00  189920   16900   0.05  ibus-x11
02:36:48 AM   124      2704    0.00    0.00    0.00    0.00    0.00     3      0.00      0.00  239880    7776   0.02  ibus-portal
02:36:48 AM   124      2715    0.00    0.00    0.00    0.00    0.00     1      0.00      0.00  161420    6880   0.02  at-spi2-registr
02:36:48 AM   124      2719    0.00    0.00    0.00    0.00    0.00     3      0.00      0.00  235804    4672   0.01  xdg-permission-
02:36:48 AM     0      2725    0.00    0.00    0.00    0.00    0.00     2      0.00      0.00  252944    8776   0.03  upowerd
02:36:48 AM   124      2745    0.00    0.00    0.00    0.00    0.00     2      0.00      0.00 3001620   27244   0.09  gjs
02:36:48 AM   124      2764    0.00    0.00    0.00    0.00    0.00     0      0.00      0.00  469396   14236   0.04  gsd-sharing
02:36:48 AM   124      2765    0.00    0.00    0.00    0.00    0.00     1      0.00      0.00  334628   15072   0.05  gsd-wacom
02:36:48 AM   124      2768    0.00    0.00    0.00    0.00    0.00     3      0.00      0.00  571788   19844   0.06  gsd-color
02:36:48 AM   124      2772    0.00    0.00    0.00    0.00    0.00     2      0.00      0.00  338096   17824   0.06  gsd-keyboard
02:36:48 AM   124      2774    0.00    0.00    0.00    0.00    0.00     2      0.00      0.00  322508   11376   0.04  gsd-print-notif
02:36:48 AM   124      2779    0.00    0.00    0.00    0.00    0.00     3      0.00      0.00  166208    7736   0.02  ibus-engine-sim
02:36:48 AM   124      2780    0.00    0.00    0.00    0.00    0.00     1      0.00      0.00  457460    7996   0.03  gsd-rfkill
02:36:48 AM   124      2782    0.00    0.00    0.00    0.00    0.00     1      0.00      0.00  391976    9696   0.03  gsd-smartcard
02:36:48 AM   124      2784    0.00    0.00    0.00    0.00    0.00     2      0.00      0.00  374928   15372   0.05  gsd-datetime
02:36:48 AM   124      2790    0.00    0.00    0.00    0.00    0.00     2      0.00      0.00  679696   20032   0.06  gsd-media-keys
02:36:48 AM   124      2791    0.00    0.00    0.00    0.00    0.00     3      0.00      0.00  235772    5600   0.02  gsd-screensaver
02:36:48 AM   124      2793    0.00    0.00    0.00    0.00    0.00     3      0.00      0.00  320104    9452   0.03  gsd-sound
02:36:48 AM   124      2795    0.00    0.00    0.00    0.00    0.00     3      0.00      0.00  313652   10144   0.03  gsd-a11y-settin
02:36:48 AM   124      2799    0.00    0.00    0.00    0.00    0.00     2      0.00      0.00  313992   10524   0.03  gsd-housekeepin
02:36:48 AM   124      2802    0.00    0.00    0.00    0.00    0.00     0      0.00      0.00  339724   18828   0.06  gsd-power
02:36:48 AM   124      2824    0.00    0.00    0.00    0.00    0.00     2      0.00      0.00  342540   12784   0.04  gsd-printer
02:36:48 AM   119      2837    0.00    0.00    0.00    0.00    0.00     2      0.00      0.00  249328   17548   0.06  colord
02:36:48 AM     0     29120    0.00    0.00    0.00    0.00    0.00     3      0.00      0.00       0       0   0.00  kworker/u17:2
02:36:48 AM     0     33852    0.00    0.00    0.00    0.00    0.00     1      0.00      0.00       0       0   0.00  kworker/1:0H-kblockd
02:36:48 AM     0     35048    0.00    0.00    0.00    0.00    0.00     3      0.00      0.00       0       0   0.00  kworker/u17:0-thermal_fan_est
02:36:48 AM  1000     39960    0.00    0.00    0.00    0.00    0.00     2      0.00      0.00   19248    9208   0.03  systemd
02:36:48 AM  1000     39961    0.00    0.00    0.00    0.00    0.00     2      0.00      0.00  170940    6304   0.02  (sd-pam)
02:36:48 AM  1000     40037    0.00    0.00    0.00    0.00    0.00     3      0.00      0.00    7812    3952   0.01  dbus-daemon
02:36:48 AM     0     40147    0.00    0.00    0.00    0.00    0.00     1      0.00      0.00       0       0   0.00  kworker/1:0-pm
02:36:48 AM     0     40174    0.00    1.00    0.00    0.00    1.00     2      0.00      0.00       0       0   0.00  kworker/2:2H-kblockd
02:36:48 AM     0     40194    0.00    0.00    0.00    0.00    0.00     3      0.00      0.00       0       0   0.00  kworker/3:0H-kblockd
02:36:48 AM     0     41650    0.00    1.00    0.00    0.00    1.00     3      0.00      0.00       0       0   0.00  kworker/3:0-events
02:36:48 AM     0     43913    0.00    0.00    0.00    0.00    0.00     2      0.00      0.00   14768    7560   0.02  sshd
02:36:48 AM  1000     43958    0.00    0.00    0.00    0.00    0.00     0      0.00      0.00   15292    6400   0.02  sshd
02:36:48 AM  1000     43959    0.00    0.00    0.00    0.00    0.00     1      0.00      0.00   11344    5444   0.02  bash
02:36:48 AM     0     50050    0.00    0.00    0.00    0.00    0.00     2      0.00      0.00   14768    7572   0.02  sshd
02:36:48 AM  1000     50094    0.00    0.00    0.00    0.00    0.00     3      0.00      0.00   15292    6428   0.02  sshd
02:36:48 AM  1000     50095    0.00    0.00    0.00    0.00    0.00     2      0.00      0.00   11344    5448   0.02  bash
02:36:48 AM     0     81462    0.00    0.00    0.00    0.00    0.00     2      0.00      0.00       0       0   0.00  kworker/2:2-events
02:36:48 AM     0     81478    0.00    0.00    0.00    0.00    0.00     0      0.00      0.00       0       0   0.00  kworker/0:1H-kblockd
02:36:48 AM  1000     84840    0.00    0.00    0.00    0.00    0.00     3      0.00      0.00  240176   10088   0.03  gnome-keyring-d
02:36:48 AM   124     84900    0.00    0.00    0.00    0.00    0.00     1      0.00      0.00  156240    4584   0.01  dconf-service
02:36:48 AM     0     85427    0.00    0.00    0.00    0.00    0.00     0      0.00      0.00       0       0   0.00  kworker/0:2-events
02:36:48 AM     0     86310    0.00    1.00    0.00    0.00    1.00     2      0.00      0.00       0       0   0.00  kworker/u16:1-events_unbound
02:36:48 AM     0     86312    0.00    0.00    0.00    0.00    0.00     3      0.00      0.00   14768    7564   0.02  sshd
02:36:48 AM  1000     86356    0.00    0.00    0.00    0.00    0.00     3      0.00      0.00   15292    6380   0.02  sshd
02:36:48 AM  1000     86357    0.00    0.00    0.00    0.00    0.00     0      0.00      0.00   11344    5440   0.02  bash
02:36:48 AM     0     86549    0.00    0.00    0.00    0.00    0.00     2      0.00      0.00   14768    7664   0.02  sshd
02:36:48 AM  1000     86593    1.00    2.00    0.00    3.00    3.00     3      0.00      0.00   15292    6480   0.02  sshd
02:36:48 AM  1000     86594    0.00    0.00    0.00    0.00    0.00     1      0.00      0.00   11860    5896   0.02  bash
02:36:48 AM     0     86632    0.00    0.00    0.00    0.00    0.00     3      0.00      0.00       0       0   0.00  kworker/3:2
02:36:48 AM     0     86695    0.00    0.00    0.00    0.00    0.00     2      0.00      0.00   14768    7616   0.02  sshd
02:36:48 AM  1000     86739    0.00    2.00    0.00    1.00    2.00     3      0.00      0.00   16116    7520   0.02  sshd
02:36:48 AM  1000     86740    0.00    0.00    0.00    0.00    0.00     0      0.00      0.00   11344    5344   0.02  bash
02:36:48 AM  1000     86916    0.00    0.00    0.00    0.00    0.00     3      0.00      0.00  283948   42984   0.14  roslaunch
02:36:48 AM  1000     86924    0.00    0.00    0.00    0.00    0.00     3      0.00      0.00  797980   43964   0.14  rosmaster
02:36:48 AM  1000     86934    0.00    1.00    0.00    0.00    1.00     0      0.00      0.00  274964   10080   0.03  rosout
02:36:48 AM  1000     86944   66.00   81.00    0.00   18.00  147.00     3    575.00      0.00 34859196  738868   2.33  scale_truck_con
02:36:48 AM  1000     86945   18.00   57.00    0.00    1.00   75.00     3      0.00      0.00 1571432  116640   0.37  LRC
02:36:48 AM  1000     87010    8.00    3.00    0.00    0.00   11.00     0      0.00      0.00  724884  128588   0.41  python3
02:36:48 AM     0     87290    0.00    0.00    0.00    0.00    0.00     0      0.00      0.00   14768    7584   0.02  sshd
02:36:48 AM  1000     87334    0.00    0.00    0.00    0.00    0.00     0      0.00      0.00   15292    6412   0.02  sshd
02:36:48 AM  1000     87335    0.00    0.00    0.00    0.00    0.00     2      0.00      0.00   11344    5436   0.02  bash
02:36:48 AM     0     89981    0.00    0.00    0.00    0.00    0.00     1      0.00      0.00       0       0   0.00  kworker/1:1-pm
02:36:48 AM     0     95050    0.00    0.00    0.00    0.00    0.00     2      0.00      0.00       0       0   0.00  kworker/2:0-events
02:36:48 AM     0     96173    0.00    0.00    0.00    0.00    0.00     1      0.00      0.00       0       0   0.00  kworker/1:2-events
02:36:48 AM     0     99494    0.00    0.00    0.00    0.00    0.00     3      0.00      0.00       0       0   0.00  kworker/u16:3-events_unbound
02:36:48 AM     0    101032    0.00    0.00    0.00    0.00    0.00     2      0.00      0.00       0       0   0.00  kworker/2:1H
02:36:48 AM     0    102096    0.00    0.00    0.00    0.00    0.00     0      0.00      0.00       0       0   0.00  kworker/0:2H
02:36:48 AM     0    103173    0.00    0.00    0.00    0.00    0.00     3      0.00      0.00       0       0   0.00  kworker/3:1H
02:36:48 AM     0    107801    0.00    0.00    0.00    0.00    0.00     1      0.00      0.00       0       0   0.00  kworker/1:2H
02:36:48 AM     0    109830    0.00    0.00    0.00    0.00    0.00     0      0.00      0.00       0       0   0.00  kworker/0:1-events
02:36:48 AM     0    111231    0.00    0.00    0.00    0.00    0.00     1      0.00      0.00       0       0   0.00  kworker/u16:0-events_unbound
02:36:48 AM     0    111939    0.00    0.00    0.00    0.00    0.00     1      0.00      0.00       0       0   0.00  kworker/1:4-events
02:36:48 AM     0    121074    0.00    0.00    0.00    0.00    0.00     0      0.00      0.00       0       0   0.00  kworker/0:0-events
02:36:48 AM     0    122883    0.00    0.00    0.00    0.00    0.00     2      0.00      0.00       0       0   0.00  kworker/u16:2-devfreq_wq
02:36:48 AM     0    123203    0.00    0.00    0.00    0.00    0.00     3      0.00      0.00       0       0   0.00  kworker/3:2H
02:36:48 AM     0    124025    0.00    0.00    0.00    0.00    0.00     2      0.00      0.00       0       0   0.00  kworker/2:0H
02:36:48 AM     0    128328    0.00    0.00    0.00    0.00    0.00     1      0.00      0.00       0       0   0.00  kworker/1:3
02:36:48 AM  1000    128618    0.00    0.00    0.00    0.00    0.00     1      0.00      0.00    7828     540   0.00  timeout
02:36:48 AM  1000    128619    0.00    0.00    0.00    0.00    0.00     0      0.00      0.00    9208    3220   0.01  bash
02:36:48 AM  1000    128621    0.00    0.00    0.00    0.00    0.00     3      0.00      0.00   68712   42776   0.13  rosbag
02:36:48 AM  1000    128828    9.00   13.00    0.00    0.00   22.00     1     17.00      0.00 1172076   22788   0.07  record
02:36:48 AM  1000    128832    0.00    0.00    0.00    0.00    0.00     3      0.00      0.00   68692   43012   0.14  rosbag
02:36:48 AM  1000    128966    5.00   13.00    0.00    8.00   18.00     1      0.00      0.00   17764   10516   0.03  pidstat
02:36:48 AM  1000    128996    4.00    4.00    0.00    5.00    8.00     1      0.00      0.00  365380   25176   0.08  play

# Time        UID       PID    %usr %system  %guest   %wait    %CPU   CPU  minflt/s  majflt/s     VSZ     RSS   %MEM  Command
02:36:49 AM     0         1    0.00    0.00    0.00    0.00    0.00     2      0.00      0.00  169880   11540   0.04  systemd
02:36:49 AM     0         2    0.00    0.00    0.00    0.00    0.00     1      0.00      0.00       0       0   0.00  kthreadd
02:36:49 AM     0         3    0.00    0.00    0.00    0.00    0.00     0      0.00      0.00       0       0   0.00  rcu_gp
02:36:49 AM     0         4    0.00    0.00    0.00    0.00    0.00     0      0.00      0.00       0       0   0.00  rcu_par_gp
02:36:49 AM     0         8    0.00    0.00    0.00    0.00    0.00     0      0.00      0.00       0       0   0.00  mm_percpu_wq
02:36:49 AM     0         9    0.00    0.00    0.00    0.00    0.00     0      0.00      0.00       0       0   0.00  rcu_tasks_kthre
02:36:49 AM     0        10    0.00    0.00    0.00    0.00    0.00     0      0.00      0.00       0       0   0.00  rcu_tasks_rude_
02:36:49 AM     0        11    0.00    0.00    0.00    0.00    0.00     0      0.00      0.00       0       0   0.00  rcu_tasks_trace
02:36:49 AM     0        12    0.00    0.00    0.00    0.00    0.00     0      0.00      0.00       0       0   0.00  ksoftirqd/0
02:36:49 AM     0        13    0.00    1.00    0.00    0.00    1.00     2      0.00      0.00       0       0   0.00  rcu_preempt
02:36:49 AM     0        14    0.00    0.00    0.00    0.00    0.00     0      0.00      0.00       0       0   0.00  migration/0
02:36:49 AM     0        16    0.00    0.00    0.00    0.00    0.00     0      0.00      0.00       0       0   0.00  cpuhp/0
02:36:49 AM     0        17    0.00    0.00    0.00    0.00    0.00     1      0.00      0.00       0       0   0.00  cpuhp/1
02:36:49 AM     0        18    0.00    0.00    0.00    0.00    0.00     1      0.00      0.00       0       0   0.00  migration/1
02:36:49 AM     0        19    0.00    0.00    0.00    0.00    0.00     1      0.00      0.00       0       0   0.00  ksoftirqd/1
02:36:49 AM     0        22    0.00    0.00    0.00    0.00    0.00     2      0.00      0.00       0       0   0.00  cpuhp/2
02:36:49 AM     0        23    0.00    0.00    0.00    0.00    0.00     2      0.00      0.00       0       0   0.00  migration/2
02:36:49 AM     0        24    0.00    0.00    0.00    0.00    0.00     2      0.00      0.00       0       0   0.00  ksoftirqd/2
02:36:49 AM     0        27    0.00    0.00    0.00    0.00    0.00     3      0.00      0.00       0       0   0.00  cpuhp/3
02:36:49 AM     0        28    0.00    0.00    0.00    0.00    0.00     3      0.00      0.00       0       0   0.00  migration/3
02:36:49 AM     0        29    0.00    0.00    0.00    0.00    0.00     3      0.00      0.00       0       0   0.00  ksoftirqd/3
02:36:49 AM     0        32    0.00    0.00    0.00    0.00    0.00     4      0.00      0.00       0       0   0.00  cpuhp/4
02:36:49 AM     0        33    0.00    0.00    0.00    0.00    0.00     4      0.00      0.00       0       0   0.00  migration/4
02:36:49 AM     0        34    0.00    0.00    0.00    0.00    0.00     4      0.00      0.00       0       0   0.00  ksoftirqd/4
02:36:49 AM     0        36    0.00    0.00    0.00    0.00    0.00     4      0.00      0.00       0       0   0.00  kworker/4:0H-kblockd
02:36:49 AM     0        37    0.00    0.00    0.00    0.00    0.00     5      0.00      0.00       0       0   0.00  cpuhp/5
02:36:49 AM     0        38    0.00    0.00    0.00    0.00    0.00     5      0.00      0.00       0       0   0.00  migration/5
02:36:49 AM     0        39    0.00    0.00    0.00    0.00    0.00     5      0.00      0.00       0       0   0.00  ksoftirqd/5
02:36:49 AM     0        41    0.00    0.00    0.00    0.00    0.00     5      0.00      0.00       0       0   0.00  kworker/5:0H-kblockd
02:36:49 AM     0        42    0.00    0.00    0.00    0.00    0.00     6      0.00      0.00       0       0   0.00  cpuhp/6
02:36:49 AM     0        43    0.00    0.00    0.00    0.00    0.00     6      0.00      0.00       0       0   0.00  migration/6
02:36:49 AM     0        44    0.00    0.00    0.00    0.00    0.00     6      0.00      0.00       0       0   0.00  ksoftirqd/6
02:36:49 AM     0        46    0.00    0.00    0.00    0.00    0.00     6      0.00      0.00       0       0   0.00  kworker/6:0H-events_highpri
02:36:49 AM     0        47    0.00    0.00    0.00    0.00    0.00     7      0.00      0.00       0       0   0.00  cpuhp/7
02:36:49 AM     0        48    0.00    0.00    0.00    0.00    0.00     7      0.00      0.00       0       0   0.00  migration/7
02:36:49 AM     0        49    0.00    0.00    0.00    0.00    0.00     7      0.00      0.00       0       0   0.00  ksoftirqd/7
02:36:49 AM     0        50    0.00    0.00    0.00    0.00    0.00     0      0.00      0.00       0       0   0.00  kworker/7:0-rcu_gp
02:36:49 AM     0        51    0.00    0.00    0.00    0.00    0.00     7      0.00      0.00       0       0   0.00  kworker/7:0H-kblockd
02:36:49 AM     0        52    0.00    0.00    0.00    0.00    0.00     0      0.00      0.00       0       0   0.00  kdevtmpfs
02:36:49 AM     0        53    0.00    0.00    0.00    0.00    0.00     4      0.00      0.00       0       0   0.00  netns
02:36:49 AM     0        54    0.00    0.00    0.00    0.00    0.00     1      0.00      0.00       0       0   0.00  kauditd
02:36:49 AM     0        55    0.00    0.00    0.00    0.00    0.00     0      0.00      0.00       0       0   0.00  irq/87-mc_statu
02:36:49 AM     0        56    0.00    0.00    0.00    0.00    0.00     2      0.00      0.00       0       0   0.00  khungtaskd
02:36:49 AM     0        57    0.00    0.00    0.00    0.00    0.00     3      0.00      0.00       0       0   0.00  oom_reaper
02:36:49 AM     0        58    0.00    0.00    0.00    0.00    0.00     5      0.00      0.00       0       0   0.00  writeback
02:36:49 AM     0        59    0.00    0.00    0.00    0.00    0.00     2      0.00      0.00       0       0   0.00  kcompactd0
02:36:49 AM     0        60    0.00    0.00    0.00    0.00    0.00     1      0.00      0.00       0       0   0.00  ksmd
02:36:49 AM     0        61    0.00    0.00    0.00    0.00    0.00     2      0.00      0.00       0       0   0.00  khugepaged
02:36:49 AM     0        93    0.00    0.00    0.00    0.00    0.00     1      0.00      0.00       0       0   0.00  kintegrityd
02:36:49 AM     0        94    0.00    0.00    0.00    0.00    0.00     1      0.00      0.00       0       0   0.00  kblockd
02:36:49 AM     0        95    0.00    0.00    0.00    0.00    0.00     1      0.00      0.00       0       0   0.00  blkcg_punt_bio
02:36:49 AM     0        97    0.00    0.00    0.00    0.00    0.00     3      0.00      0.00       0       0   0.00  tpm_dev_wq
02:36:49 AM     0        98    0.00    0.00    0.00    0.00    0.00     0      0.00      0.00       0       0   0.00  irq/197-30c0000
02:36:49 AM     0        99    0.00    0.00    0.00    0.00    0.00     1      0.00      0.00       0       0   0.00  devfreq_wq
02:36:49 AM     0       100    0.00    0.00    0.00    0.00    0.00     1      0.00      0.00       0       0   0.00  watchdogd
02:36:49 AM     0       104    0.00    0.00    0.00    0.00    0.00     7      0.00      0.00       0       0   0.00  rpciod
02:36:49 AM     0       106    0.00    0.00    0.00    0.00    0.00     7      0.00      0.00       0       0   0.00  xprtiod
02:36:49 AM     0       108    0.00    0.00    0.00    0.00    0.00     7      0.00      0.00       0       0   0.00  kswapd0
02:36:49 AM     0       109    0.00    0.00    0.00    0.00    0.00     5      0.00      0.00       0       0   0.00  nfsiod
02:36:49 AM     0       112    0.00    0.00    0.00    0.00    0.00     1      0.00      0.00       0       0   0.00  kthrotld
02:36:49 AM     0       113    0.00    0.00    0.00    0.00    0.00     7      0.00      0.00       0       0   0.00  kpcitest
02:36:49 AM     0       116    0.00    0.00    0.00    0.00    0.00     5      0.00      0.00       0       0   0.00  kworker/5:1-events
02:36:49 AM     0       122    0.00    0.00    0.00    0.00    0.00     1      0.00      0.00       0       0   0.00  nvme-wq
02:36:49 AM     0       123    0.00    0.00    0.00    0.00    0.00     5      0.00      0.00       0       0   0.00  nvme-reset-wq
02:36:49 AM     0       124    0.00    0.00    0.00    0.00    0.00     6      0.00      0.00       0       0   0.00  nvme-delete-wq
02:36:49 AM     0       125    0.00    0.00    0.00    0.00    0.00     6      0.00      0.00       0       0   0.00  uas
02:36:49 AM     0       126    0.00    0.00    0.00    0.00    0.00     0      0.00      0.00       0       0   0.00  irq/222-tegra_r
02:36:49 AM     0       127    0.00    0.00    0.00    0.00    0.00     0      0.00      0.00       0       0   0.00  kworker/7:2-events
02:36:49 AM     0       129    0.00    0.00    0.00    0.00    0.00     0      0.00      0.00       0       0   0.00  irq/86-tegra-oc
02:36:49 AM     0       130    0.00    0.00    0.00    0.00    0.00     5      0.00      0.00       0       0   0.00  dm_bufio_cache
02:36:49 AM     0       131    0.00    0.00    0.00    0.00    0.00     0      0.00      0.00       0       0   0.00  irq/223-max7762
02:36:49 AM     0       140    0.00    0.00    0.00    0.00    0.00     0      0.00      0.00       0       0   0.00  irq/55-bc00000.
02:36:49 AM     0       143    0.00    0.00    0.00    0.00    0.00     0      0.00      0.00       0       0   0.00  ipv6_addrconf
02:36:49 AM     0       144    0.00    0.00    0.00    0.00    0.00     6      0.00      0.00       0       0   0.00  krfcommd
02:36:49 AM     0       145    0.00    0.00    0.00    0.00    0.00     0      0.00      0.00       0       0   0.00  kstrp
02:36:49 AM     0       150    0.00    0.00    0.00    0.00    0.00     0      0.00      0.00       0       0   0.00  irq/24-tegra-pc
02:36:49 AM     0       154    0.00    0.00    0.00    0.00    0.00     0      0.00      0.00       0       0   0.00  irq/26-tegra-pc
02:36:49 AM     0       160    0.00    0.00    0.00    0.00    0.00     0      0.00      0.00       0       0   0.00  irq/26-aerdrv
02:36:49 AM     0       161    0.00    0.00    0.00    0.00    0.00     0      0.00      0.00       0       0   0.00  irq/28-tegra-pc
02:36:49 AM     0       162    0.00    0.00    0.00    0.00    0.00     0      0.00      0.00       0       0   0.00  irq/28-aerdrv
02:36:49 AM     0       163    0.00    0.00    0.00    0.00    0.00     5      0.00      0.00       0       0   0.00  host_low_prio_w
02:36:49 AM     0       164    0.00    1.00    0.00    0.00    1.00     0      0.00      0.00       0       0   0.00  irq/57-host_syn
02:36:49 AM     0       165    0.00    0.00    0.00    0.00    0.00     0      0.00      0.00       0       0   0.00  irq/58-host_sta
02:36:49 AM     0       173    0.00    0.00    0.00    0.00    0.00     5      0.00      0.00       0       0   0.00  pva_task_status
02:36:49 AM     0       174    0.00    0.00    0.00    0.00    0.00     0      0.00      0.00       0       0   0.00  irq/75-pva-isr
02:36:49 AM     0       175    0.00    0.00    0.00    0.00    0.00     0      0.00      0.00       0       0   0.00  pva_task_status
02:36:49 AM     0       176    0.00    0.00    0.00    0.00    0.00     0      0.00      0.00       0       0   0.00  irq/76-pva-isr
02:36:49 AM     0       185    0.00    0.00    0.00    0.00    0.00     0      0.00      0.00       0       0   0.00  sdhci
02:36:49 AM     0       186    0.00    0.00    0.00    0.00    0.00     0      0.00      0.00       0       0   0.00  irq/39-mmc0
02:36:49 AM     0       187    0.00    0.00    0.00    0.00    0.00     2      0.00      0.00       0       0   0.00  sdhci
02:36:49 AM     0       189    0.00    0.00    0.00    0.00    0.00     0      0.00      0.00       0       0   0.00  irq/40-mmc1
02:36:49 AM     0       195    0.00    0.00    0.00    0.00    0.00     7      0.00      0.00       0       0   0.00  scsi_eh_0
02:36:49 AM     0       196    0.00    0.00    0.00    0.00    0.00     7      0.00      0.00       0       0   0.00  scsi_tmf_0
02:36:49 AM     0       197    0.00    0.00    0.00    0.00    0.00     0      0.00      0.00       0       0   0.00  kworker/5:2-events
02:36:49 AM     0       198    0.00    0.00    0.00    0.00    0.00     0      0.00      0.00       0       0   0.00  irq/67-15200000
02:36:49 AM     0       199    0.00    0.00    0.00    0.00    0.00     1      0.00      0.00       0       0   0.00  tegradc.0/a
02:36:49 AM     0       200    0.00    0.00    0.00    0.00    0.00     0      0.00      0.00       0       0   0.00  tegradc.0/b
02:36:49 AM     0       201    0.00    0.00    0.00    0.00    0.00     0      0.00      0.00       0       0   0.00  tegradc.0/c
02:36:49 AM     0       202    0.00    0.00    0.00    0.00    0.00     0      0.00      0.00       0       0   0.00  tegradc.0/d
02:36:49 AM     0       203    0.00    0.00    0.00    0.00    0.00     0      0.00      0.00       0       0   0.00  tegradc.0/e
02:36:49 AM     0       204    0.00    0.00    0.00    0.00    0.00     0      0.00      0.00       0       0   0.00  tegradc.0/f
02:36:49 AM     0       205    0.00    0.00    0.00    0.00    0.00     0      0.00      0.00       0       0   0.00  tegradc.0/sl
02:36:49 AM     0       206    0.00    0.00    0.00    0.00    0.00     0      0.00      0.00       0       0   0.00  irq/62-15200000
02:36:49 AM     0       207    0.00    0.00    0.00    0.00    0.00     0      0.00      0.00       0       0   0.00  irq/276-3400000
02:36:49 AM     0       208    0.00    0.00    0.00    0.00    0.00     0      0.00      0.00       0       0   0.00  ufs_eh_wq_0
02:36:49 AM     0       209    0.00    0.00    0.00    0.00    0.00     3      0.00      0.00       0       0   0.00  mmc_complete
02:36:49 AM     0       211    0.00    0.00    0.00    0.00    0.00     0      0.00      0.00       0       0   0.00  irq/278-1520000
02:36:49 AM     0       212    0.00    0.00    0.00    0.00    0.00     0      0.00      0.00       0       0   0.00  irq/203-3610000
02:36:49 AM     0       213    0.00    0.00    0.00    0.00    0.00     0      0.00      0.00       0       0   0.00  irq/221-3610000
02:36:49 AM     0       214    0.00    0.00    0.00    0.00    0.00     0      0.00      0.00       0       0   0.00  irq/30-tegra-pc
02:36:49 AM     0       216    0.00    0.00    0.00    0.00    0.00     0      0.00      0.00       0       0   0.00  kworker/4:3-events
02:36:49 AM     0       218    0.00    0.00    0.00    0.00    0.00     4      0.00      0.00       0       0   0.00  kworker/4:5-events
02:36:49 AM     0       221    0.00    0.00    0.00    0.00    0.00     0      0.00      0.00       0       0   0.00  kworker/6:12-events
02:36:49 AM     0       222    0.00    0.00    0.00    0.00    0.00     0      0.00      0.00       0       0   0.00  kworker/6:13-events
02:36:49 AM     0       225    0.00    0.00    0.00    0.00    0.00     0      0.00      0.00       0       0   0.00  irq/68-tegra_dp
02:36:49 AM     0       226    0.00    0.00    0.00    0.00    0.00     0      0.00      0.00       0       0   0.00  irq/65-15210000
02:36:49 AM     0       227    0.00    0.00    0.00    0.00    0.00     0      0.00      0.00       0       0   0.00  tegradc.1/a
02:36:49 AM     0       228    0.00    0.00    0.00    0.00    0.00     0      0.00      0.00       0       0   0.00  tegradc.1/b
02:36:49 AM     0       229    0.00    0.00    0.00    0.00    0.00     0      0.00      0.00       0       0   0.00  tegradc.1/c
02:36:49 AM     0       230    0.00    0.00    0.00    0.00    0.00     0      0.00      0.00       0       0   0.00  tegradc.1/d
02:36:49 AM     0       231    0.00    0.00    0.00    0.00    0.00     0      0.00      0.00       0       0   0.00  tegradc.1/e
02:36:49 AM     0       232    0.00    0.00    0.00    0.00    0.00     0      0.00      0.00       0       0   0.00  tegradc.1/f
02:36:49 AM     0       233    0.00    0.00    0.00    0.00    0.00     1      0.00      0.00       0       0   0.00  tegradc.1/sl
02:36:49 AM     0       234    0.00    0.00    0.00    0.00    0.00     0      0.00      0.00       0       0   0.00  irq/63-15210000
02:36:49 AM     0       249    0.00    0.00    0.00    0.00    0.00     0      0.00      0.00       0       0   0.00  irq/56-d230000.
02:36:49 AM     0       250    0.00    0.00    0.00    0.00    0.00     0      0.00      0.00       0       0   0.00  irq/69-tegra_dp
02:36:49 AM     0       251    0.00    0.00    0.00    0.00    0.00     0      0.00      0.00       0       0   0.00  irq/66-15220000
02:36:49 AM     0       252    0.00    0.00    0.00    0.00    0.00     0      0.00      0.00       0       0   0.00  tegradc.2/a
02:36:49 AM     0       253    0.00    0.00    0.00    0.00    0.00     0      0.00      0.00       0       0   0.00  tegradc.2/b
02:36:49 AM     0       254    0.00    0.00    0.00    0.00    0.00     0      0.00      0.00       0       0   0.00  tegradc.2/c
02:36:49 AM     0       255    0.00    0.00    0.00    0.00    0.00     0      0.00      0.00       0       0   0.00  tegradc.2/d
02:36:49 AM     0       256    0.00    0.00    0.00    0.00    0.00     0      0.00      0.00       0       0   0.00  tegradc.2/e
02:36:49 AM     0       257    0.00    0.00    0.00    0.00    0.00     0      0.00      0.00       0       0   0.00  tegradc.2/f
02:36:49 AM     0       258    0.00    0.00    0.00    0.00    0.00     0      0.00      0.00       0       0   0.00  tegradc.2/sl
02:36:49 AM     0       259    0.00    0.00    0.00    0.00    0.00     0      0.00      0.00       0       0   0.00  irq/64-15220000
02:36:49 AM     0       275    0.00    0.00    0.00    0.00    0.00     2      0.00      0.00       0       0   0.00  jbd2/mmcblk0p1-
02:36:49 AM     0       276    0.00    0.00    0.00    0.00    0.00     3      0.00      0.00       0       0   0.00  ext4-rsv-conver
02:36:49 AM     0       280    0.00    0.00    0.00    0.00    0.00     7      0.00      0.00       0       0   0.00  kworker/7:1H
02:36:49 AM     0       286    0.00    0.00    0.00    0.00    0.00     5      0.00      0.00       0       0   0.00  kworker/5:1H-kblockd
02:36:49 AM     0       312    0.00    0.00    0.00    0.00    0.00     2      0.00      0.00   61816   31668   0.10  systemd-journal
02:36:49 AM     0       338    0.00    4.00    0.00   17.00    4.00     0      0.00      0.00       0       0   0.00  nvmap-bz
02:36:49 AM     0       339    0.00    0.00    0.00    0.00    0.00     0      0.00      0.00       0       0   0.00  irq/204-gk20a_s
02:36:49 AM     0       340    0.00    0.00    0.00    0.00    0.00     0      0.00      0.00       0       0   0.00  irq/205-gk20a_n
02:36:49 AM     0       345    0.00    0.00    0.00    0.00    0.00     3      0.00      0.00    2776    1492   0.00  tee-supplicant
02:36:49 AM     0       347    0.00    0.00    0.00    0.00    0.00     3      0.00      0.00       0       0   0.00  optee_bus_scan
02:36:49 AM     0       358    0.00    0.00    0.00    0.00    0.00     3      0.00      0.00   22788    7532   0.02  systemd-udevd
02:36:49 AM     0       364    0.00    0.00    0.00    0.00    0.00     1      0.00      0.00    7948    4892   0.02  haveged
02:36:49 AM   126       365    0.00    0.00    0.00    0.00    0.00     3      0.00      0.00    7136    3108   0.01  rpcbind
02:36:49 AM   105       366    0.00    0.00    0.00    0.00    0.00     0      0.00      0.00   25592   13288   0.04  systemd-resolve
02:36:49 AM   103       367    0.00    0.00    0.00    0.00    0.00     1      0.00      0.00   90672    6220   0.02  systemd-timesyn
02:36:49 AM     0       407    0.00    0.00    0.00    0.00    0.00     5      0.00      0.00       0       0   0.00  cfg80211
02:36:49 AM     0       410    0.00    0.00    0.00    0.00    0.00     0      0.00      0.00       0       0   0.00  irq/42-3210000.
02:36:49 AM     0       412    0.00    0.00    0.00    0.00    0.00     2      0.00      0.00       0       0   0.00  spi0
02:36:49 AM     0       413    0.00   15.00    0.00    0.00   15.00     1      0.00      0.00       0       0   0.00  irq/282-iwlwifi
02:36:49 AM     0       416    0.00    0.00    0.00    0.00    0.00     4      0.00      0.00       0       0   0.00  ata_sff
02:36:49 AM     0       419    0.00    0.00    0.00    0.00    0.00     0      0.00      0.00       0       0   0.00  irq/43-c260000.
02:36:49 AM     0       420    0.00    0.00    0.00    0.00    0.00     6      0.00      0.00       0       0   0.00  scsi_eh_1
02:36:49 AM     0       422    0.00    0.00    0.00    0.00    0.00     6      0.00      0.00       0       0   0.00  scsi_tmf_1
02:36:49 AM     0       427    0.00    0.00    0.00    0.00    0.00     0      0.00      0.00       0       0   0.00  spi1
02:36:49 AM     0       430    0.00    0.00    0.00    0.00    0.00     3      0.00      0.00  242072    8880   0.03  accounts-daemon
02:36:49 AM   120       439    0.00    0.00    0.00    0.00    0.00     0      0.00      0.00    7084    3472   0.01  avahi-daemon
02:36:49 AM     0       441    0.00    0.00    0.00    0.00    0.00     2      0.00      0.00    9220    2516   0.01  cron
02:36:49 AM   106       443    0.00    0.00    0.00    0.00    0.00     0      0.00      0.00    9396    5264   0.02  dbus-daemon
02:36:49 AM     0       447    0.00    0.00    0.00    0.00    0.00     1      0.00      0.00  341244   20856   0.07  NetworkManager
02:36:49 AM     0       456    0.00    0.00    0.00    0.00    0.00     4      0.00      0.00   38300   19472   0.06  networkd-dispat
02:36:49 AM     0       473    0.00    0.00    0.00    0.00    0.00     2      0.00      0.00  238860   13352   0.04  polkitd
02:36:49 AM   125       483    0.00    0.00    0.00    0.00    0.00     2      0.00      0.00  220940    8288   0.03  rsyslogd
02:36:49 AM     0       503    0.00    0.00    0.00    0.00    0.00     2      0.00      0.00  235864    4364   0.01  switcheroo-cont
02:36:49 AM     0       514    0.00    0.00    0.00    0.00    0.00     0      0.00      0.00   17076    6760   0.02  systemd-logind
02:36:49 AM     0       523    0.00    0.00    0.00    0.00    0.00     2      0.00      0.00  395556   15676   0.05  udisksd
02:36:49 AM     0       528    0.00    0.00    0.00    0.00    0.00     2      0.00      0.00   12784    8052   0.03  wpa_supplicant
02:36:49 AM     0       548    0.00    0.00    0.00    0.00    0.00     0      0.00      0.00       0       0   0.00  sugov:0
02:36:49 AM   120       555    0.00    0.00    0.00    0.00    0.00     2      0.00      0.00    6896     324   0.00  avahi-daemon
02:36:49 AM     0       585    0.00    0.00    0.00    0.00    0.00     5      0.00      0.00       0       0   0.00  tmp451
02:36:49 AM     0       597    0.00    0.00    0.00    0.00    0.00     3      0.00      0.00       0       0   0.00  irq/286-1-0008
02:36:49 AM     0       600    0.00    0.00    0.00    0.00    0.00     2      0.00      0.00  321792   14480   0.05  ModemManager
02:36:49 AM     0       653    0.00    0.00    0.00    0.00    0.00     0      0.00      0.00    2476     604   0.00  nvfancontrol
02:36:49 AM     0       728    0.00    0.00    0.00    0.00    0.00     4      0.00      0.00       0       0   0.00  adspp_kthread
02:36:49 AM     0       779    0.00    0.00    0.00    0.00    0.00     6      0.00      0.00       0       0   0.00  kworker/6:2H-kblockd
02:36:49 AM     0       876    0.00    0.00    0.00    0.00    0.00     1      0.00      0.00       0       0   0.00  irq/289-2490000
02:36:49 AM     0       887    0.00    0.00    0.00    0.00    0.00     0      0.00      0.00       0       0   0.00  irq/32-eth0.com
02:36:49 AM     0       919    0.00    0.00    0.00    0.00    0.00     4      0.00      0.00       0       0   0.00  file-storage
02:36:49 AM     0       953    0.00    0.00    0.00    0.00    0.00     1      0.00      0.00       0       0   0.00  loop0
02:36:49 AM     0      1048    0.00    0.00    0.00    0.00    0.00     4      0.00      0.00       0       0   0.00  kworker/4:2H-kblockd
02:36:49 AM     0      1091    0.00    0.00    0.00    0.00    0.00     3      0.00      0.00       0       0   0.00  cryptd
02:36:49 AM     0      1147    0.00    0.00    0.00    0.00    0.00     2      0.00      0.00       0       0   0.00  sw-quiesce
02:36:49 AM     0      1148    0.00    0.00    0.00    0.00    0.00     1      0.00      0.00       0       0   0.00  nvgpu_channel_p
02:36:49 AM     0      1151    0.00    0.00    0.00    0.00    0.00     3      0.00      0.00       0       0   0.00  nvgpu_nvs_gv11b
02:36:49 AM     0      1153    0.00    0.00    0.00    0.00    0.00     0      0.00      0.00       0       0   0.00  nvgpu_pg_init_g
02:36:49 AM     0      1157    0.00    0.00    0.00    0.00    0.00     2      0.00      0.00       0       0   0.00  nvgpu_clk_arb_p
02:36:49 AM     0      1162    0.00    0.00    0.00    0.00    0.00     3      0.00      0.00       0       0   0.00  irq/288-rt5659
02:36:49 AM     0      1270    0.00    0.00    0.00    0.00    0.00     3      0.00      0.00   55688   11092   0.03  nvargus-daemon
02:36:49 AM     0      1273    0.00    0.00    0.00    0.00    0.00     3      0.00      0.00   21932    1552   0.00  nvs-service
02:36:49 AM     0      1298    0.00    0.00    0.00    0.00    0.00     1      0.00      0.00 2007972   50360   0.16  containerd
02:36:49 AM     0      1314    0.00    0.00    0.00    0.00    0.00     0      0.00      0.00  240032    7616   0.02  gdm3
02:36:49 AM   108      1326    0.00    0.00    0.00    0.00    0.00     3      0.00      0.00   11468    1896   0.01  kerneloops
02:36:49 AM     0      1327    0.00    0.00    0.00    0.00    0.00     1      0.00      0.00   12236    6576   0.02  sshd
02:36:49 AM     0      1336    0.00    0.00    0.00    0.00    0.00     0      0.00      0.00    7688    1876   0.01  agetty
02:36:49 AM     0      1337    0.00    0.00    0.00    0.00    0.00     2      0.00      0.00    7688    1904   0.01  agetty
02:36:49 AM   108      1339    0.00    0.00    0.00    0.00    0.00     1      0.00      0.00   11468    1820   0.01  kerneloops
02:36:49 AM     0      1340    0.00    0.00    0.00    0.00    0.00     3      0.00      0.00    9216    2824   0.01  nvgetty.sh
02:36:49 AM     0      1379    0.00    0.00    0.00    0.00    0.00     0      0.00      0.00    7688    1848   0.01  getty
02:36:49 AM     0      1554    0.00    0.00    0.00    0.00    0.00     2      0.00      0.00 2111796   85472   0.27  dockerd
02:36:49 AM     0      1677    0.00    0.00    0.00    0.00    0.00     2      0.00      0.00  168472    8256   0.03  gdm-session-wor
02:36:49 AM     0      1711    0.00    0.00    0.00    0.00    0.00     0      0.00      0.00    3248     808   0.00  nvphsd
02:36:49 AM     0      1716    0.00    0.00    0.00    0.00    0.00     3      0.00      0.00    3380    1788   0.01  nvphsd
02:36:49 AM   124      1789    0.00    0.00    0.00    0.00    0.00     3      0.00      0.00   19144    9224   0.03  systemd
02:36:49 AM   124      1804    0.00    0.00    0.00    0.00    0.00     3      0.00      0.00  104488    5436   0.02  (sd-pam)
02:36:49 AM   124      2014    0.00    0.00    0.00    0.00    0.00     2      0.00      0.00  961884   21984   0.07  pulseaudio
02:36:49 AM   124      2032    0.00    0.00    0.00    0.00    0.00     2      0.00      0.00  164156    5924   0.02  gdm-x-session
02:36:49 AM   124      2037    0.00    0.00    0.00    0.00    0.00     1      0.00      0.00 25330232   99256   0.31  Xorg
02:36:49 AM   118      2040    0.00    0.00    0.00    0.00    0.00     1      0.00      0.00  152516    2440   0.01  rtkit-daemon
02:36:49 AM   124      2162    0.00    0.00    0.00    0.00    0.00     2      0.00      0.00    7812    3448   0.01  dbus-daemon
02:36:49 AM   124      2428    0.00    0.00    0.00    0.00    0.00     0      0.00      0.00    4776    1164   0.00  dbus-run-sessio
02:36:49 AM   124      2429    0.00    0.00    0.00    0.00    0.00     2      0.00      0.00    8088    4104   0.01  dbus-daemon
02:36:49 AM   124      2438    0.00    0.00    0.00    0.00    0.00     3      0.00      0.00  559768   14932   0.05  gnome-session-b
02:36:49 AM     0      2457    0.00    0.00    0.00    0.00    0.00     2      0.00      0.00  101692   19628   0.06  jtop
02:36:49 AM   124      2463    0.00    0.00    0.00    0.00    0.00     3      0.00      0.00  309548   10092   0.03  at-spi-bus-laun
02:36:49 AM   124      2470    0.00    0.00    0.00    0.00    0.00     1      0.00      0.00    7676    3468   0.01  dbus-daemon
02:36:49 AM   124      2495    0.00    0.00    0.00    0.00    0.00     0      0.00      0.00 4022996  194924   0.61  gnome-shell
02:36:49 AM     0      2510    0.00    0.00    0.00    0.00    0.00     2      0.00      0.00  175424   16904   0.05  jtop
02:36:49 AM     0      2518    0.00    0.00    0.00    0.00    0.00     2      0.00      0.00  101692   17160   0.05  jtop
02:36:49 AM   124      2696    0.00    0.00    0.00    0.00    0.00     0      0.00      0.00  314420   11212   0.04  ibus-daemon
02:36:49 AM   124      2699    0.00    0.00    0.00    0.00    0.00     2      0.00      0.00  239960   11792   0.04  ibus-dconf
02:36:49 AM   124      2701    0.00    0.00    0.00    0.00    0.00     2      0.00      0.00  189920   16900   0.05  ibus-x11
02:36:49 AM   124      2704    0.00    0.00    0.00    0.00    0.00     3      0.00      0.00  239880    7776   0.02  ibus-portal
02:36:49 AM   124      2715    0.00    0.00    0.00    0.00    0.00     1      0.00      0.00  161420    6880   0.02  at-spi2-registr
02:36:49 AM   124      2719    0.00    0.00    0.00    0.00    0.00     3      0.00      0.00  235804    4672   0.01  xdg-permission-
02:36:49 AM     0      2725    0.00    0.00    0.00    0.00    0.00     2      0.00      0.00  252944    8776   0.03  upowerd
02:36:49 AM   124      2745    0.00    0.00    0.00    0.00    0.00     2      0.00      0.00 3001620   27244   0.09  gjs
02:36:49 AM   124      2764    0.00    0.00    0.00    0.00    0.00     0      0.00      0.00  469396   14236   0.04  gsd-sharing
02:36:49 AM   124      2765    0.00    0.00    0.00    0.00    0.00     1      0.00      0.00  334628   15072   0.05  gsd-wacom
02:36:49 AM   124      2768    0.00    0.00    0.00    0.00    0.00     3      0.00      0.00  571788   19844   0.06  gsd-color
02:36:49 AM   124      2772    0.00    0.00    0.00    0.00    0.00     2      0.00      0.00  338096   17824   0.06  gsd-keyboard
02:36:49 AM   124      2774    0.00    0.00    0.00    0.00    0.00     2      0.00      0.00  322508   11376   0.04  gsd-print-notif
02:36:49 AM   124      2779    0.00    0.00    0.00    0.00    0.00     3      0.00      0.00  166208    7736   0.02  ibus-engine-sim
02:36:49 AM   124      2780    0.00    0.00    0.00    0.00    0.00     1      0.00      0.00  457460    7996   0.03  gsd-rfkill
02:36:49 AM   124      2782    0.00    0.00    0.00    0.00    0.00     1      0.00      0.00  391976    9696   0.03  gsd-smartcard
02:36:49 AM   124      2784    0.00    0.00    0.00    0.00    0.00     2      0.00      0.00  374928   15372   0.05  gsd-datetime
02:36:49 AM   124      2790    0.00    0.00    0.00    0.00    0.00     2      0.00      0.00  679696   20032   0.06  gsd-media-keys
02:36:49 AM   124      2791    0.00    0.00    0.00    0.00    0.00     3      0.00      0.00  235772    5600   0.02  gsd-screensaver
02:36:49 AM   124      2793    0.00    0.00    0.00    0.00    0.00     3      0.00      0.00  320104    9452   0.03  gsd-sound
02:36:49 AM   124      2795    0.00    0.00    0.00    0.00    0.00     3      0.00      0.00  313652   10144   0.03  gsd-a11y-settin
02:36:49 AM   124      2799    0.00    0.00    0.00    0.00    0.00     2      0.00      0.00  313992   10524   0.03  gsd-housekeepin
02:36:49 AM   124      2802    0.00    0.00    0.00    0.00    0.00     0      0.00      0.00  339724   18828   0.06  gsd-power
02:36:49 AM   124      2824    0.00    0.00    0.00    0.00    0.00     2      0.00      0.00  342540   12784   0.04  gsd-printer
02:36:49 AM   119      2837    0.00    0.00    0.00    0.00    0.00     2      0.00      0.00  249328   17548   0.06  colord
02:36:49 AM     0     29120    0.00    0.00    0.00    0.00    0.00     3      0.00      0.00       0       0   0.00  kworker/u17:2
02:36:49 AM     0     33852    0.00    0.00    0.00    0.00    0.00     1      0.00      0.00       0       0   0.00  kworker/1:0H-kblockd
02:36:49 AM     0     35048    0.00    0.00    0.00    0.00    0.00     1      0.00      0.00       0       0   0.00  kworker/u17:0-thermal_fan_est
02:36:49 AM  1000     39960    0.00    0.00    0.00    0.00    0.00     2      0.00      0.00   19248    9208   0.03  systemd
02:36:49 AM  1000     39961    0.00    0.00    0.00    0.00    0.00     2      0.00      0.00  170940    6304   0.02  (sd-pam)
02:36:49 AM  1000     40037    0.00    0.00    0.00    0.00    0.00     3      0.00      0.00    7812    3952   0.01  dbus-daemon
02:36:49 AM     0     40147    0.00    0.00    0.00    0.00    0.00     1      0.00      0.00       0       0   0.00  kworker/1:0-pm
02:36:49 AM     0     40174    0.00    0.00    0.00    0.00    0.00     2      0.00      0.00       0       0   0.00  kworker/2:2H-kblockd
02:36:49 AM     0     40194    0.00    0.00    0.00    0.00    0.00     3      0.00      0.00       0       0   0.00  kworker/3:0H-kblockd
02:36:49 AM     0     41650    0.00    0.00    0.00    0.00    0.00     3      0.00      0.00       0       0   0.00  kworker/3:0-mm_percpu_wq
02:36:49 AM     0     43913    0.00    0.00    0.00    0.00    0.00     2      0.00      0.00   14768    7560   0.02  sshd
02:36:49 AM  1000     43958    0.00    0.00    0.00    0.00    0.00     0      0.00      0.00   15292    6400   0.02  sshd
02:36:49 AM  1000     43959    0.00    0.00    0.00    0.00    0.00     1      0.00      0.00   11344    5444   0.02  bash
02:36:49 AM     0     50050    0.00    0.00    0.00    0.00    0.00     2      0.00      0.00   14768    7572   0.02  sshd
02:36:49 AM  1000     50094    0.00    0.00    0.00    0.00    0.00     3      0.00      0.00   15292    6428   0.02  sshd
02:36:49 AM  1000     50095    0.00    0.00    0.00    0.00    0.00     2      0.00      0.00   11344    5448   0.02  bash
02:36:49 AM     0     81462    0.00    0.00    0.00    0.00    0.00     2      0.00      0.00       0       0   0.00  kworker/2:2-events
02:36:49 AM     0     81478    0.00    0.00    0.00    0.00    0.00     0      0.00      0.00       0       0   0.00  kworker/0:1H-kblockd
02:36:49 AM  1000     84840    0.00    0.00    0.00    0.00    0.00     3      0.00      0.00  240176   10088   0.03  gnome-keyring-d
02:36:49 AM   124     84900    0.00    0.00    0.00    0.00    0.00     1      0.00      0.00  156240    4584   0.01  dconf-service
02:36:49 AM     0     85427    0.00    0.00    0.00    0.00    0.00     0      0.00      0.00       0       0   0.00  kworker/0:2-events
02:36:49 AM     0     86310    0.00    0.00    0.00    1.00    0.00     0      0.00      0.00       0       0   0.00  kworker/u16:1-events_unbound
02:36:49 AM     0     86312    0.00    0.00    0.00    0.00    0.00     3      0.00      0.00   14768    7564   0.02  sshd
02:36:49 AM  1000     86356    0.00    0.00    0.00    0.00    0.00     3      0.00      0.00   15292    6380   0.02  sshd
02:36:49 AM  1000     86357    0.00    0.00    0.00    0.00    0.00     0      0.00      0.00   11344    5440   0.02  bash
02:36:49 AM     0     86549    0.00    0.00    0.00    0.00    0.00     2      0.00      0.00   14768    7664   0.02  sshd
02:36:49 AM  1000     86593    2.00    2.00    0.00    1.00    4.00     0      0.00      0.00   15292    6480   0.02  sshd
02:36:49 AM  1000     86594    0.00    0.00    0.00    0.00    0.00     1      0.00      0.00   11860    5896   0.02  bash
02:36:49 AM     0     86632    0.00    0.00    0.00    0.00    0.00     3      0.00      0.00       0       0   0.00  kworker/3:2
02:36:49 AM     0     86695    0.00    0.00    0.00    0.00    0.00     2      0.00      0.00   14768    7616   0.02  sshd
02:36:49 AM  1000     86739    1.00    3.00    0.00    1.00    4.00     3      0.00      0.00   16116    7520   0.02  sshd
02:36:49 AM  1000     86740    0.00    0.00    0.00    0.00    0.00     0      0.00      0.00   11344    5344   0.02  bash
02:36:49 AM  1000     86916    1.00    0.00    0.00    0.00    1.00     2      0.00      0.00  283948   42984   0.14  roslaunch
02:36:49 AM  1000     86924    0.00    0.00    0.00    0.00    0.00     0      0.00      0.00  797980   43964   0.14  rosmaster
02:36:49 AM  1000     86934    1.00    0.00    0.00    0.00    1.00     0      0.00      0.00  274964   10080   0.03  rosout
02:36:49 AM  1000     86944   71.00   83.00    0.00   18.00  154.00     0      0.00      0.00 34859196  741412   2.34  scale_truck_con
02:36:49 AM  1000     86945   27.00   59.00    0.00    0.00   86.00     0      0.00      0.00 1571432  116640   0.37  LRC
02:36:49 AM  1000     87010    9.00    5.00    0.00    0.00   14.00     0      0.00      0.00  724884  128588   0.41  python3
02:36:49 AM     0     87290    0.00    0.00    0.00    0.00    0.00     0      0.00      0.00   14768    7584   0.02  sshd
02:36:49 AM  1000     87334    0.00    0.00    0.00    0.00    0.00     0      0.00      0.00   15292    6412   0.02  sshd
02:36:49 AM  1000     87335    0.00    0.00    0.00    0.00    0.00     2      0.00      0.00   11344    5436   0.02  bash
02:36:49 AM     0     89981    0.00    0.00    0.00    0.00    0.00     1      0.00      0.00       0       0   0.00  kworker/1:1-pm
02:36:49 AM     0     95050    0.00    0.00    0.00    0.00    0.00     2      0.00      0.00       0       0   0.00  kworker/2:0-events
02:36:49 AM     0     96173    0.00    0.00    0.00    0.00    0.00     1      0.00      0.00       0       0   0.00  kworker/1:2-events
02:36:49 AM     0     99494    0.00    1.00    0.00    0.00    1.00     1      0.00      0.00       0       0   0.00  kworker/u16:3-events_unbound
02:36:49 AM     0    101032    0.00    0.00    0.00    0.00    0.00     2      0.00      0.00       0       0   0.00  kworker/2:1H
02:36:49 AM     0    102096    0.00    0.00    0.00    0.00    0.00     0      0.00      0.00       0       0   0.00  kworker/0:2H
02:36:49 AM     0    103173    0.00    0.00    0.00    0.00    0.00     3      0.00      0.00       0       0   0.00  kworker/3:1H
02:36:49 AM     0    107801    0.00    0.00    0.00    0.00    0.00     1      0.00      0.00       0       0   0.00  kworker/1:2H
02:36:49 AM     0    109830    0.00    0.00    0.00    0.00    0.00     0      0.00      0.00       0       0   0.00  kworker/0:1-events
02:36:49 AM     0    111231    0.00    0.00    0.00    0.00    0.00     1      0.00      0.00       0       0   0.00  kworker/u16:0-events_unbound
02:36:49 AM     0    111939    0.00    0.00    0.00    0.00    0.00     1      0.00      0.00       0       0   0.00  kworker/1:4-events
02:36:49 AM     0    121074    0.00    0.00    0.00    0.00    0.00     0      0.00      0.00       0       0   0.00  kworker/0:0-events
02:36:49 AM     0    122883    0.00    0.00    0.00    0.00    0.00     2      0.00      0.00       0       0   0.00  kworker/u16:2-devfreq_wq
02:36:49 AM     0    123203    0.00    0.00    0.00    0.00    0.00     3      0.00      0.00       0       0   0.00  kworker/3:2H
02:36:49 AM     0    124025    0.00    0.00    0.00    0.00    0.00     2      0.00      0.00       0       0   0.00  kworker/2:0H
02:36:49 AM     0    128328    0.00    0.00    0.00    0.00    0.00     1      0.00      0.00       0       0   0.00  kworker/1:3
02:36:49 AM  1000    128618    0.00    0.00    0.00    0.00    0.00     1      0.00      0.00    7828     540   0.00  timeout
02:36:49 AM  1000    128619    0.00    0.00    0.00    0.00    0.00     0      0.00      0.00    9208    3220   0.01  bash
02:36:49 AM  1000    128621    0.00    0.00    0.00    0.00    0.00     3      0.00      0.00   68712   42776   0.13  rosbag
02:36:49 AM  1000    128828   11.00   25.00    0.00    0.00   36.00     1     28.00      0.00 1172076   22788   0.07  record
02:36:49 AM  1000    128832    0.00    0.00    0.00    0.00    0.00     3      0.00      0.00   68692   43012   0.14  rosbag
02:36:49 AM  1000    128966    5.00   12.00    0.00   14.00   17.00     1      0.00      0.00   17764   10516   0.03  pidstat
02:36:49 AM  1000    128996    3.00    7.00    0.00    3.00   10.00     2      0.00      0.00  365380   25176   0.08  play

# Time        UID       PID    %usr %system  %guest   %wait    %CPU   CPU  minflt/s  majflt/s     VSZ     RSS   %MEM  Command
02:36:50 AM     0         1    0.00    0.00    0.00    0.00    0.00     2      0.00      0.00  169880   11540   0.04  systemd
02:36:50 AM     0         2    0.00    0.00    0.00    0.00    0.00     1      0.00      0.00       0       0   0.00  kthreadd
02:36:50 AM     0         3    0.00    0.00    0.00    0.00    0.00     0      0.00      0.00       0       0   0.00  rcu_gp
02:36:50 AM     0         4    0.00    0.00    0.00    0.00    0.00     0      0.00      0.00       0       0   0.00  rcu_par_gp
02:36:50 AM     0         8    0.00    0.00    0.00    0.00    0.00     0      0.00      0.00       0       0   0.00  mm_percpu_wq
02:36:50 AM     0         9    0.00    0.00    0.00    0.00    0.00     0      0.00      0.00       0       0   0.00  rcu_tasks_kthre
02:36:50 AM     0        10    0.00    0.00    0.00    0.00    0.00     0      0.00      0.00       0       0   0.00  rcu_tasks_rude_
02:36:50 AM     0        11    0.00    0.00    0.00    0.00    0.00     0      0.00      0.00       0       0   0.00  rcu_tasks_trace
02:36:50 AM     0        12    0.00    0.00    0.00    0.00    0.00     0      0.00      0.00       0       0   0.00  ksoftirqd/0
02:36:50 AM     0        13    0.00    0.00    0.00    1.00    0.00     0      0.00      0.00       0       0   0.00  rcu_preempt
02:36:50 AM     0        14    0.00    0.00    0.00    0.00    0.00     0      0.00      0.00       0       0   0.00  migration/0
02:36:50 AM     0        16    0.00    0.00    0.00    0.00    0.00     0      0.00      0.00       0       0   0.00  cpuhp/0
02:36:50 AM     0        17    0.00    0.00    0.00    0.00    0.00     1      0.00      0.00       0       0   0.00  cpuhp/1
02:36:50 AM     0        18    0.00    0.00    0.00    0.00    0.00     1      0.00      0.00       0       0   0.00  migration/1
02:36:50 AM     0        19    0.00    0.00    0.00    0.00    0.00     1      0.00      0.00       0       0   0.00  ksoftirqd/1
02:36:50 AM     0        22    0.00    0.00    0.00    0.00    0.00     2      0.00      0.00       0       0   0.00  cpuhp/2
02:36:50 AM     0        23    0.00    0.00    0.00    0.00    0.00     2      0.00      0.00       0       0   0.00  migration/2
02:36:50 AM     0        24    0.00    0.00    0.00    0.00    0.00     2      0.00      0.00       0       0   0.00  ksoftirqd/2
02:36:50 AM     0        27    0.00    0.00    0.00    0.00    0.00     3      0.00      0.00       0       0   0.00  cpuhp/3
02:36:50 AM     0        28    0.00    0.00    0.00    0.00    0.00     3      0.00      0.00       0       0   0.00  migration/3
02:36:50 AM     0        29    0.00    0.00    0.00    0.00    0.00     3      0.00      0.00       0       0   0.00  ksoftirqd/3
02:36:50 AM     0        32    0.00    0.00    0.00    0.00    0.00     4      0.00      0.00       0       0   0.00  cpuhp/4
02:36:50 AM     0        33    0.00    0.00    0.00    0.00    0.00     4      0.00      0.00       0       0   0.00  migration/4
02:36:50 AM     0        34    0.00    0.00    0.00    0.00    0.00     4      0.00      0.00       0       0   0.00  ksoftirqd/4
02:36:50 AM     0        36    0.00    0.00    0.00    0.00    0.00     4      0.00      0.00       0       0   0.00  kworker/4:0H-kblockd
02:36:50 AM     0        37    0.00    0.00    0.00    0.00    0.00     5      0.00      0.00       0       0   0.00  cpuhp/5
02:36:50 AM     0        38    0.00    0.00    0.00    0.00    0.00     5      0.00      0.00       0       0   0.00  migration/5
02:36:50 AM     0        39    0.00    0.00    0.00    0.00    0.00     5      0.00      0.00       0       0   0.00  ksoftirqd/5
02:36:50 AM     0        41    0.00    0.00    0.00    0.00    0.00     5      0.00      0.00       0       0   0.00  kworker/5:0H-kblockd
02:36:50 AM     0        42    0.00    0.00    0.00    0.00    0.00     6      0.00      0.00       0       0   0.00  cpuhp/6
02:36:50 AM     0        43    0.00    0.00    0.00    0.00    0.00     6      0.00      0.00       0       0   0.00  migration/6
02:36:50 AM     0        44    0.00    0.00    0.00    0.00    0.00     6      0.00      0.00       0       0   0.00  ksoftirqd/6
02:36:50 AM     0        46    0.00    0.00    0.00    0.00    0.00     6      0.00      0.00       0       0   0.00  kworker/6:0H-events_highpri
02:36:50 AM     0        47    0.00    0.00    0.00    0.00    0.00     7      0.00      0.00       0       0   0.00  cpuhp/7
02:36:50 AM     0        48    0.00    0.00    0.00    0.00    0.00     7      0.00      0.00       0       0   0.00  migration/7
02:36:50 AM     0        49    0.00    0.00    0.00    0.00    0.00     7      0.00      0.00       0       0   0.00  ksoftirqd/7
02:36:50 AM     0        50    0.00    0.00    0.00    0.00    0.00     0      0.00      0.00       0       0   0.00  kworker/7:0-rcu_gp
02:36:50 AM     0        51    0.00    0.00    0.00    0.00    0.00     7      0.00      0.00       0       0   0.00  kworker/7:0H-kblockd
02:36:50 AM     0        52    0.00    0.00    0.00    0.00    0.00     0      0.00      0.00       0       0   0.00  kdevtmpfs
02:36:50 AM     0        53    0.00    0.00    0.00    0.00    0.00     4      0.00      0.00       0       0   0.00  netns
02:36:50 AM     0        54    0.00    0.00    0.00    0.00    0.00     1      0.00      0.00       0       0   0.00  kauditd
02:36:50 AM     0        55    0.00    0.00    0.00    0.00    0.00     0      0.00      0.00       0       0   0.00  irq/87-mc_statu
02:36:50 AM     0        56    0.00    0.00    0.00    0.00    0.00     2      0.00      0.00       0       0   0.00  khungtaskd
02:36:50 AM     0        57    0.00    0.00    0.00    0.00    0.00     3      0.00      0.00       0       0   0.00  oom_reaper
02:36:50 AM     0        58    0.00    0.00    0.00    0.00    0.00     5      0.00      0.00       0       0   0.00  writeback
02:36:50 AM     0        59    0.00    0.00    0.00    0.00    0.00     2      0.00      0.00       0       0   0.00  kcompactd0
02:36:50 AM     0        60    0.00    0.00    0.00    0.00    0.00     1      0.00      0.00       0       0   0.00  ksmd
02:36:50 AM     0        61    0.00    0.00    0.00    0.00    0.00     2      0.00      0.00       0       0   0.00  khugepaged
02:36:50 AM     0        93    0.00    0.00    0.00    0.00    0.00     1      0.00      0.00       0       0   0.00  kintegrityd
02:36:50 AM     0        94    0.00    0.00    0.00    0.00    0.00     1      0.00      0.00       0       0   0.00  kblockd
02:36:50 AM     0        95    0.00    0.00    0.00    0.00    0.00     1      0.00      0.00       0       0   0.00  blkcg_punt_bio
02:36:50 AM     0        97    0.00    0.00    0.00    0.00    0.00     3      0.00      0.00       0       0   0.00  tpm_dev_wq
02:36:50 AM     0        98    0.00    0.00    0.00    0.00    0.00     0      0.00      0.00       0       0   0.00  irq/197-30c0000
02:36:50 AM     0        99    0.00    0.00    0.00    0.00    0.00     1      0.00      0.00       0       0   0.00  devfreq_wq
02:36:50 AM     0       100    0.00    0.00    0.00    0.00    0.00     1      0.00      0.00       0       0   0.00  watchdogd
02:36:50 AM     0       104    0.00    0.00    0.00    0.00    0.00     7      0.00      0.00       0       0   0.00  rpciod
02:36:50 AM     0       106    0.00    0.00    0.00    0.00    0.00     7      0.00      0.00       0       0   0.00  xprtiod
02:36:50 AM     0       108    0.00    0.00    0.00    0.00    0.00     7      0.00      0.00       0       0   0.00  kswapd0
02:36:50 AM     0       109    0.00    0.00    0.00    0.00    0.00     5      0.00      0.00       0       0   0.00  nfsiod
02:36:50 AM     0       112    0.00    0.00    0.00    0.00    0.00     1      0.00      0.00       0       0   0.00  kthrotld
02:36:50 AM     0       113    0.00    0.00    0.00    0.00    0.00     7      0.00      0.00       0       0   0.00  kpcitest
02:36:50 AM     0       116    0.00    0.00    0.00    0.00    0.00     5      0.00      0.00       0       0   0.00  kworker/5:1-events
02:36:50 AM     0       122    0.00    0.00    0.00    0.00    0.00     1      0.00      0.00       0       0   0.00  nvme-wq
02:36:50 AM     0       123    0.00    0.00    0.00    0.00    0.00     5      0.00      0.00       0       0   0.00  nvme-reset-wq
02:36:50 AM     0       124    0.00    0.00    0.00    0.00    0.00     6      0.00      0.00       0       0   0.00  nvme-delete-wq
02:36:50 AM     0       125    0.00    0.00    0.00    0.00    0.00     6      0.00      0.00       0       0   0.00  uas
02:36:50 AM     0       126    0.00    0.00    0.00    0.00    0.00     0      0.00      0.00       0       0   0.00  irq/222-tegra_r
02:36:50 AM     0       127    0.00    0.00    0.00    0.00    0.00     0      0.00      0.00       0       0   0.00  kworker/7:2-events
02:36:50 AM     0       129    0.00    0.00    0.00    0.00    0.00     0      0.00      0.00       0       0   0.00  irq/86-tegra-oc
02:36:50 AM     0       130    0.00    0.00    0.00    0.00    0.00     5      0.00      0.00       0       0   0.00  dm_bufio_cache
02:36:50 AM     0       131    0.00    0.00    0.00    0.00    0.00     0      0.00      0.00       0       0   0.00  irq/223-max7762
02:36:50 AM     0       140    0.00    0.00    0.00    0.00    0.00     0      0.00      0.00       0       0   0.00  irq/55-bc00000.
02:36:50 AM     0       143    0.00    0.00    0.00    0.00    0.00     0      0.00      0.00       0       0   0.00  ipv6_addrconf
02:36:50 AM     0       144    0.00    0.00    0.00    0.00    0.00     6      0.00      0.00       0       0   0.00  krfcommd
02:36:50 AM     0       145    0.00    0.00    0.00    0.00    0.00     0      0.00      0.00       0       0   0.00  kstrp
02:36:50 AM     0       150    0.00    0.00    0.00    0.00    0.00     0      0.00      0.00       0       0   0.00  irq/24-tegra-pc
02:36:50 AM     0       154    0.00    0.00    0.00    0.00    0.00     0      0.00      0.00       0       0   0.00  irq/26-tegra-pc
02:36:50 AM     0       160    0.00    0.00    0.00    0.00    0.00     0      0.00      0.00       0       0   0.00  irq/26-aerdrv
02:36:50 AM     0       161    0.00    0.00    0.00    0.00    0.00     0      0.00      0.00       0       0   0.00  irq/28-tegra-pc
02:36:50 AM     0       162    0.00    0.00    0.00    0.00    0.00     0      0.00      0.00       0       0   0.00  irq/28-aerdrv
02:36:50 AM     0       163    0.00    0.00    0.00    0.00    0.00     5      0.00      0.00       0       0   0.00  host_low_prio_w
02:36:50 AM     0       164    0.00    0.00    0.00    0.00    0.00     0      0.00      0.00       0       0   0.00  irq/57-host_syn
02:36:50 AM     0       165    0.00    0.00    0.00    0.00    0.00     0      0.00      0.00       0       0   0.00  irq/58-host_sta
02:36:50 AM     0       173    0.00    0.00    0.00    0.00    0.00     5      0.00      0.00       0       0   0.00  pva_task_status
02:36:50 AM     0       174    0.00    0.00    0.00    0.00    0.00     0      0.00      0.00       0       0   0.00  irq/75-pva-isr
02:36:50 AM     0       175    0.00    0.00    0.00    0.00    0.00     0      0.00      0.00       0       0   0.00  pva_task_status
02:36:50 AM     0       176    0.00    0.00    0.00    0.00    0.00     0      0.00      0.00       0       0   0.00  irq/76-pva-isr
02:36:50 AM     0       185    0.00    0.00    0.00    0.00    0.00     0      0.00      0.00       0       0   0.00  sdhci
02:36:50 AM     0       186    0.00    0.00    0.00    0.00    0.00     0      0.00      0.00       0       0   0.00  irq/39-mmc0
02:36:50 AM     0       187    0.00    0.00    0.00    0.00    0.00     2      0.00      0.00       0       0   0.00  sdhci
02:36:50 AM     0       189    0.00    0.00    0.00    0.00    0.00     0      0.00      0.00       0       0   0.00  irq/40-mmc1
02:36:50 AM     0       195    0.00    0.00    0.00    0.00    0.00     7      0.00      0.00       0       0   0.00  scsi_eh_0
02:36:50 AM     0       196    0.00    0.00    0.00    0.00    0.00     7      0.00      0.00       0       0   0.00  scsi_tmf_0
02:36:50 AM     0       197    0.00    0.00    0.00    0.00    0.00     0      0.00      0.00       0       0   0.00  kworker/5:2-events
02:36:50 AM     0       198    0.00    0.00    0.00    0.00    0.00     0      0.00      0.00       0       0   0.00  irq/67-15200000
02:36:50 AM     0       199    0.00    0.00    0.00    0.00    0.00     1      0.00      0.00       0       0   0.00  tegradc.0/a
02:36:50 AM     0       200    0.00    0.00    0.00    0.00    0.00     0      0.00      0.00       0       0   0.00  tegradc.0/b
02:36:50 AM     0       201    0.00    0.00    0.00    0.00    0.00     0      0.00      0.00       0       0   0.00  tegradc.0/c
02:36:50 AM     0       202    0.00    0.00    0.00    0.00    0.00     0      0.00      0.00       0       0   0.00  tegradc.0/d
02:36:50 AM     0       203    0.00    0.00    0.00    0.00    0.00     0      0.00      0.00       0       0   0.00  tegradc.0/e
02:36:50 AM     0       204    0.00    0.00    0.00    0.00    0.00     0      0.00      0.00       0       0   0.00  tegradc.0/f
02:36:50 AM     0       205    0.00    0.00    0.00    0.00    0.00     0      0.00      0.00       0       0   0.00  tegradc.0/sl
02:36:50 AM     0       206    0.00    0.00    0.00    0.00    0.00     0      0.00      0.00       0       0   0.00  irq/62-15200000
02:36:50 AM     0       207    0.00    0.00    0.00    0.00    0.00     0      0.00      0.00       0       0   0.00  irq/276-3400000
02:36:50 AM     0       208    0.00    0.00    0.00    0.00    0.00     0      0.00      0.00       0       0   0.00  ufs_eh_wq_0
02:36:50 AM     0       209    0.00    0.00    0.00    0.00    0.00     3      0.00      0.00       0       0   0.00  mmc_complete
02:36:50 AM     0       211    0.00    0.00    0.00    0.00    0.00     0      0.00      0.00       0       0   0.00  irq/278-1520000
02:36:50 AM     0       212    0.00    0.00    0.00    0.00    0.00     0      0.00      0.00       0       0   0.00  irq/203-3610000
02:36:50 AM     0       213    0.00    0.00    0.00    0.00    0.00     0      0.00      0.00       0       0   0.00  irq/221-3610000
02:36:50 AM     0       214    0.00    0.00    0.00    0.00    0.00     0      0.00      0.00       0       0   0.00  irq/30-tegra-pc
02:36:50 AM     0       216    0.00    0.00    0.00    0.00    0.00     0      0.00      0.00       0       0   0.00  kworker/4:3-events
02:36:50 AM     0       218    0.00    0.00    0.00    0.00    0.00     4      0.00      0.00       0       0   0.00  kworker/4:5-events
02:36:50 AM     0       221    0.00    0.00    0.00    0.00    0.00     0      0.00      0.00       0       0   0.00  kworker/6:12-events
02:36:50 AM     0       222    0.00    0.00    0.00    0.00    0.00     0      0.00      0.00       0       0   0.00  kworker/6:13-events
02:36:50 AM     0       225    0.00    0.00    0.00    0.00    0.00     0      0.00      0.00       0       0   0.00  irq/68-tegra_dp
02:36:50 AM     0       226    0.00    0.00    0.00    0.00    0.00     0      0.00      0.00       0       0   0.00  irq/65-15210000
02:36:50 AM     0       227    0.00    0.00    0.00    0.00    0.00     0      0.00      0.00       0       0   0.00  tegradc.1/a
02:36:50 AM     0       228    0.00    0.00    0.00    0.00    0.00     0      0.00      0.00       0       0   0.00  tegradc.1/b
02:36:50 AM     0       229    0.00    0.00    0.00    0.00    0.00     0      0.00      0.00       0       0   0.00  tegradc.1/c
02:36:50 AM     0       230    0.00    0.00    0.00    0.00    0.00     0      0.00      0.00       0       0   0.00  tegradc.1/d
02:36:50 AM     0       231    0.00    0.00    0.00    0.00    0.00     0      0.00      0.00       0       0   0.00  tegradc.1/e
02:36:50 AM     0       232    0.00    0.00    0.00    0.00    0.00     0      0.00      0.00       0       0   0.00  tegradc.1/f
02:36:50 AM     0       233    0.00    0.00    0.00    0.00    0.00     1      0.00      0.00       0       0   0.00  tegradc.1/sl
02:36:50 AM     0       234    0.00    0.00    0.00    0.00    0.00     0      0.00      0.00       0       0   0.00  irq/63-15210000
02:36:50 AM     0       249    0.00    0.00    0.00    0.00    0.00     0      0.00      0.00       0       0   0.00  irq/56-d230000.
02:36:50 AM     0       250    0.00    0.00    0.00    0.00    0.00     0      0.00      0.00       0       0   0.00  irq/69-tegra_dp
02:36:50 AM     0       251    0.00    0.00    0.00    0.00    0.00     0      0.00      0.00       0       0   0.00  irq/66-15220000
02:36:50 AM     0       252    0.00    0.00    0.00    0.00    0.00     0      0.00      0.00       0       0   0.00  tegradc.2/a
02:36:50 AM     0       253    0.00    0.00    0.00    0.00    0.00     0      0.00      0.00       0       0   0.00  tegradc.2/b
02:36:50 AM     0       254    0.00    0.00    0.00    0.00    0.00     0      0.00      0.00       0       0   0.00  tegradc.2/c
02:36:50 AM     0       255    0.00    0.00    0.00    0.00    0.00     0      0.00      0.00       0       0   0.00  tegradc.2/d
02:36:50 AM     0       256    0.00    0.00    0.00    0.00    0.00     0      0.00      0.00       0       0   0.00  tegradc.2/e
02:36:50 AM     0       257    0.00    0.00    0.00    0.00    0.00     0      0.00      0.00       0       0   0.00  tegradc.2/f
02:36:50 AM     0       258    0.00    0.00    0.00    0.00    0.00     0      0.00      0.00       0       0   0.00  tegradc.2/sl
02:36:50 AM     0       259    0.00    0.00    0.00    0.00    0.00     0      0.00      0.00       0       0   0.00  irq/64-15220000
02:36:50 AM     0       275    0.00    0.00    0.00    0.00    0.00     2      0.00      0.00       0       0   0.00  jbd2/mmcblk0p1-
02:36:50 AM     0       276    0.00    0.00    0.00    0.00    0.00     3      0.00      0.00       0       0   0.00  ext4-rsv-conver
02:36:50 AM     0       280    0.00    0.00    0.00    0.00    0.00     7      0.00      0.00       0       0   0.00  kworker/7:1H
02:36:50 AM     0       286    0.00    0.00    0.00    0.00    0.00     5      0.00      0.00       0       0   0.00  kworker/5:1H-kblockd
02:36:50 AM     0       312    0.00    0.00    0.00    0.00    0.00     2      0.00      0.00   61816   31668   0.10  systemd-journal
02:36:50 AM     0       338    0.00    5.00    0.00   17.00    5.00     3      0.00      0.00       0       0   0.00  nvmap-bz
02:36:50 AM     0       339    0.00    0.00    0.00    0.00    0.00     0      0.00      0.00       0       0   0.00  irq/204-gk20a_s
02:36:50 AM     0       340    0.00    0.00    0.00    0.00    0.00     0      0.00      0.00       0       0   0.00  irq/205-gk20a_n
02:36:50 AM     0       345    0.00    0.00    0.00    0.00    0.00     3      0.00      0.00    2776    1492   0.00  tee-supplicant
02:36:50 AM     0       347    0.00    0.00    0.00    0.00    0.00     3      0.00      0.00       0       0   0.00  optee_bus_scan
02:36:50 AM     0       358    0.00    0.00    0.00    0.00    0.00     3      0.00      0.00   22788    7532   0.02  systemd-udevd
02:36:50 AM     0       364    0.00    0.00    0.00    0.00    0.00     1      0.00      0.00    7948    4892   0.02  haveged
02:36:50 AM   126       365    0.00    0.00    0.00    0.00    0.00     3      0.00      0.00    7136    3108   0.01  rpcbind
02:36:50 AM   105       366    0.00    0.00    0.00    0.00    0.00     0      0.00      0.00   25592   13288   0.04  systemd-resolve
02:36:50 AM   103       367    0.00    0.00    0.00    0.00    0.00     1      0.00      0.00   90672    6220   0.02  systemd-timesyn
02:36:50 AM     0       407    0.00    0.00    0.00    0.00    0.00     5      0.00      0.00       0       0   0.00  cfg80211
02:36:50 AM     0       410    0.00    0.00    0.00    0.00    0.00     0      0.00      0.00       0       0   0.00  irq/42-3210000.
02:36:50 AM     0       412    0.00    0.00    0.00    0.00    0.00     2      0.00      0.00       0       0   0.00  spi0
02:36:50 AM     0       413    0.00   16.00    0.00    0.00   16.00     1      0.00      0.00       0       0   0.00  irq/282-iwlwifi
02:36:50 AM     0       416    0.00    0.00    0.00    0.00    0.00     4      0.00      0.00       0       0   0.00  ata_sff
02:36:50 AM     0       419    0.00    0.00    0.00    0.00    0.00     0      0.00      0.00       0       0   0.00  irq/43-c260000.
02:36:50 AM     0       420    0.00    0.00    0.00    0.00    0.00     6      0.00      0.00       0       0   0.00  scsi_eh_1
02:36:50 AM     0       422    0.00    0.00    0.00    0.00    0.00     6      0.00      0.00       0       0   0.00  scsi_tmf_1
02:36:50 AM     0       427    0.00    0.00    0.00    0.00    0.00     0      0.00      0.00       0       0   0.00  spi1
02:36:50 AM     0       430    0.00    0.00    0.00    0.00    0.00     3      0.00      0.00  242072    8880   0.03  accounts-daemon
02:36:50 AM   120       439    0.00    0.00    0.00    0.00    0.00     0      0.00      0.00    7084    3472   0.01  avahi-daemon
02:36:50 AM     0       441    0.00    0.00    0.00    0.00    0.00     2      0.00      0.00    9220    2516   0.01  cron
02:36:50 AM   106       443    0.00    0.00    0.00    0.00    0.00     0      0.00      0.00    9396    5264   0.02  dbus-daemon
02:36:50 AM     0       447    0.00    0.00    0.00    0.00    0.00     1      0.00      0.00  341244   20856   0.07  NetworkManager
02:36:50 AM     0       456    0.00    0.00    0.00    0.00    0.00     4      0.00      0.00   38300   19472   0.06  networkd-dispat
02:36:50 AM     0       473    0.00    0.00    0.00    0.00    0.00     2      0.00      0.00  238860   13352   0.04  polkitd
02:36:50 AM   125       483    0.00    0.00    0.00    0.00    0.00     2      0.00      0.00  220940    8288   0.03  rsyslogd
02:36:50 AM     0       503    0.00    0.00    0.00    0.00    0.00     2      0.00      0.00  235864    4364   0.01  switcheroo-cont
02:36:50 AM     0       514    0.00    0.00    0.00    0.00    0.00     0      0.00      0.00   17076    6760   0.02  systemd-logind
02:36:50 AM     0       523    0.00    0.00    0.00    0.00    0.00     2      0.00      0.00  395556   15676   0.05  udisksd
02:36:50 AM     0       528    0.00    0.00    0.00    0.00    0.00     2      0.00      0.00   12784    8052   0.03  wpa_supplicant
02:36:50 AM     0       548    0.00    0.00    0.00    0.00    0.00     0      0.00      0.00       0       0   0.00  sugov:0
02:36:50 AM   120       555    0.00    0.00    0.00    0.00    0.00     2      0.00      0.00    6896     324   0.00  avahi-daemon
02:36:50 AM     0       585    0.00    0.00    0.00    0.00    0.00     5      0.00      0.00       0       0   0.00  tmp451
02:36:50 AM     0       597    0.00    0.00    0.00    0.00    0.00     3      0.00      0.00       0       0   0.00  irq/286-1-0008
02:36:50 AM     0       600    0.00    0.00    0.00    0.00    0.00     2      0.00      0.00  321792   14480   0.05  ModemManager
02:36:50 AM     0       653    0.00    0.00    0.00    0.00    0.00     0      0.00      0.00    2476     604   0.00  nvfancontrol
02:36:50 AM     0       728    0.00    0.00    0.00    0.00    0.00     4      0.00      0.00       0       0   0.00  adspp_kthread
02:36:50 AM     0       779    0.00    0.00    0.00    0.00    0.00     6      0.00      0.00       0       0   0.00  kworker/6:2H-kblockd
02:36:50 AM     0       876    0.00    0.00    0.00    0.00    0.00     1      0.00      0.00       0       0   0.00  irq/289-2490000
02:36:50 AM     0       887    0.00    0.00    0.00    0.00    0.00     0      0.00      0.00       0       0   0.00  irq/32-eth0.com
02:36:50 AM     0       919    0.00    0.00    0.00    0.00    0.00     4      0.00      0.00       0       0   0.00  file-storage
02:36:50 AM     0       953    0.00    0.00    0.00    0.00    0.00     1      0.00      0.00       0       0   0.00  loop0
02:36:50 AM     0      1048    0.00    0.00    0.00    0.00    0.00     4      0.00      0.00       0       0   0.00  kworker/4:2H-kblockd
02:36:50 AM     0      1091    0.00    0.00    0.00    0.00    0.00     3      0.00      0.00       0       0   0.00  cryptd
02:36:50 AM     0      1147    0.00    0.00    0.00    0.00    0.00     2      0.00      0.00       0       0   0.00  sw-quiesce
02:36:50 AM     0      1148    0.00    0.00    0.00    0.00    0.00     1      0.00      0.00       0       0   0.00  nvgpu_channel_p
02:36:50 AM     0      1151    0.00    0.00    0.00    1.00    0.00     3      0.00      0.00       0       0   0.00  nvgpu_nvs_gv11b
02:36:50 AM     0      1153    0.00    0.00    0.00    0.00    0.00     0      0.00      0.00       0       0   0.00  nvgpu_pg_init_g
02:36:50 AM     0      1157    0.00    0.00    0.00    0.00    0.00     2      0.00      0.00       0       0   0.00  nvgpu_clk_arb_p
02:36:50 AM     0      1162    0.00    0.00    0.00    0.00    0.00     3      0.00      0.00       0       0   0.00  irq/288-rt5659
02:36:50 AM     0      1270    0.00    0.00    0.00    0.00    0.00     3      0.00      0.00   55688   11092   0.03  nvargus-daemon
02:36:50 AM     0      1273    0.00    0.00    0.00    0.00    0.00     3      0.00      0.00   21932    1552   0.00  nvs-service
02:36:50 AM     0      1298    0.00    0.00    0.00    0.00    0.00     1      0.00      0.00 2007972   50360   0.16  containerd
02:36:50 AM     0      1314    0.00    0.00    0.00    0.00    0.00     0      0.00      0.00  240032    7616   0.02  gdm3
02:36:50 AM   108      1326    0.00    0.00    0.00    0.00    0.00     3      0.00      0.00   11468    1896   0.01  kerneloops
02:36:50 AM     0      1327    0.00    0.00    0.00    0.00    0.00     1      0.00      0.00   12236    6576   0.02  sshd
02:36:50 AM     0      1336    0.00    0.00    0.00    0.00    0.00     0      0.00      0.00    7688    1876   0.01  agetty
02:36:50 AM     0      1337    0.00    0.00    0.00    0.00    0.00     2      0.00      0.00    7688    1904   0.01  agetty
02:36:50 AM   108      1339    0.00    0.00    0.00    0.00    0.00     1      0.00      0.00   11468    1820   0.01  kerneloops
02:36:50 AM     0      1340    0.00    0.00    0.00    0.00    0.00     3      0.00      0.00    9216    2824   0.01  nvgetty.sh
02:36:50 AM     0      1379    0.00    0.00    0.00    0.00    0.00     0      0.00      0.00    7688    1848   0.01  getty
02:36:50 AM     0      1554    0.00    0.00    0.00    0.00    0.00     2      0.00      0.00 2111796   85472   0.27  dockerd
02:36:50 AM     0      1677    0.00    0.00    0.00    0.00    0.00     2      0.00      0.00  168472    8256   0.03  gdm-session-wor
02:36:50 AM     0      1711    0.00    0.00    0.00    0.00    0.00     0      0.00      0.00    3248     808   0.00  nvphsd
02:36:50 AM     0      1716    0.00    0.00    0.00    0.00    0.00     3      0.00      0.00    3380    1788   0.01  nvphsd
02:36:50 AM   124      1789    0.00    0.00    0.00    0.00    0.00     3      0.00      0.00   19144    9224   0.03  systemd
02:36:50 AM   124      1804    0.00    0.00    0.00    0.00    0.00     3      0.00      0.00  104488    5436   0.02  (sd-pam)
02:36:50 AM   124      2014    0.00    0.00    0.00    0.00    0.00     2      0.00      0.00  961884   21984   0.07  pulseaudio
02:36:50 AM   124      2032    0.00    0.00    0.00    0.00    0.00     2      0.00      0.00  164156    5924   0.02  gdm-x-session
02:36:50 AM   124      2037    0.00    0.00    0.00    0.00    0.00     1      0.00      0.00 25330232   99256   0.31  Xorg
02:36:50 AM   118      2040    0.00    0.00    0.00    0.00    0.00     1      0.00      0.00  152516    2440   0.01  rtkit-daemon
02:36:50 AM   124      2162    0.00    0.00    0.00    0.00    0.00     2      0.00      0.00    7812    3448   0.01  dbus-daemon
02:36:50 AM   124      2428    0.00    0.00    0.00    0.00    0.00     0      0.00      0.00    4776    1164   0.00  dbus-run-sessio
02:36:50 AM   124      2429    0.00    0.00    0.00    0.00    0.00     2      0.00      0.00    8088    4104   0.01  dbus-daemon
02:36:50 AM   124      2438    0.00    0.00    0.00    0.00    0.00     3      0.00      0.00  559768   14932   0.05  gnome-session-b
02:36:50 AM     0      2457    0.00    0.00    0.00    0.00    0.00     2      0.00      0.00  101692   19628   0.06  jtop
02:36:50 AM   124      2463    0.00    0.00    0.00    0.00    0.00     3      0.00      0.00  309548   10092   0.03  at-spi-bus-laun
02:36:50 AM   124      2470    0.00    0.00    0.00    0.00    0.00     1      0.00      0.00    7676    3468   0.01  dbus-daemon
02:36:50 AM   124      2495    0.00    0.00    0.00    0.00    0.00     0      0.00      0.00 4022996  194924   0.61  gnome-shell
02:36:50 AM     0      2510    0.00    0.00    0.00    0.00    0.00     2      0.00      0.00  175424   16904   0.05  jtop
02:36:50 AM     0      2518    0.00    0.00    0.00    0.00    0.00     2      0.00      0.00  101692   17160   0.05  jtop
02:36:50 AM   124      2696    0.00    0.00    0.00    0.00    0.00     0      0.00      0.00  314420   11212   0.04  ibus-daemon
02:36:50 AM   124      2699    0.00    0.00    0.00    0.00    0.00     2      0.00      0.00  239960   11792   0.04  ibus-dconf
02:36:50 AM   124      2701    0.00    0.00    0.00    0.00    0.00     2      0.00      0.00  189920   16900   0.05  ibus-x11
02:36:50 AM   124      2704    0.00    0.00    0.00    0.00    0.00     3      0.00      0.00  239880    7776   0.02  ibus-portal
02:36:50 AM   124      2715    0.00    0.00    0.00    0.00    0.00     1      0.00      0.00  161420    6880   0.02  at-spi2-registr
02:36:50 AM   124      2719    0.00    0.00    0.00    0.00    0.00     3      0.00      0.00  235804    4672   0.01  xdg-permission-
02:36:50 AM     0      2725    0.00    0.00    0.00    0.00    0.00     2      0.00      0.00  252944    8776   0.03  upowerd
02:36:50 AM   124      2745    0.00    0.00    0.00    0.00    0.00     2      0.00      0.00 3001620   27244   0.09  gjs
02:36:50 AM   124      2764    0.00    0.00    0.00    0.00    0.00     0      0.00      0.00  469396   14236   0.04  gsd-sharing
02:36:50 AM   124      2765    0.00    0.00    0.00    0.00    0.00     1      0.00      0.00  334628   15072   0.05  gsd-wacom
02:36:50 AM   124      2768    0.00    0.00    0.00    0.00    0.00     3      0.00      0.00  571788   19844   0.06  gsd-color
02:36:50 AM   124      2772    0.00    0.00    0.00    0.00    0.00     2      0.00      0.00  338096   17824   0.06  gsd-keyboard
02:36:50 AM   124      2774    0.00    0.00    0.00    0.00    0.00     2      0.00      0.00  322508   11376   0.04  gsd-print-notif
02:36:50 AM   124      2779    0.00    0.00    0.00    0.00    0.00     3      0.00      0.00  166208    7736   0.02  ibus-engine-sim
02:36:50 AM   124      2780    0.00    0.00    0.00    0.00    0.00     1      0.00      0.00  457460    7996   0.03  gsd-rfkill
02:36:50 AM   124      2782    0.00    0.00    0.00    0.00    0.00     1      0.00      0.00  391976    9696   0.03  gsd-smartcard
02:36:50 AM   124      2784    0.00    0.00    0.00    0.00    0.00     2      0.00      0.00  374928   15372   0.05  gsd-datetime
02:36:50 AM   124      2790    0.00    0.00    0.00    0.00    0.00     2      0.00      0.00  679696   20032   0.06  gsd-media-keys
02:36:50 AM   124      2791    0.00    0.00    0.00    0.00    0.00     3      0.00      0.00  235772    5600   0.02  gsd-screensaver
02:36:50 AM   124      2793    0.00    0.00    0.00    0.00    0.00     3      0.00      0.00  320104    9452   0.03  gsd-sound
02:36:50 AM   124      2795    0.00    0.00    0.00    0.00    0.00     3      0.00      0.00  313652   10144   0.03  gsd-a11y-settin
02:36:50 AM   124      2799    0.00    0.00    0.00    0.00    0.00     2      0.00      0.00  313992   10524   0.03  gsd-housekeepin
02:36:50 AM   124      2802    0.00    0.00    0.00    0.00    0.00     0      0.00      0.00  339724   18828   0.06  gsd-power
02:36:50 AM   124      2824    0.00    0.00    0.00    0.00    0.00     2      0.00      0.00  342540   12784   0.04  gsd-printer
02:36:50 AM   119      2837    0.00    0.00    0.00    0.00    0.00     2      0.00      0.00  249328   17548   0.06  colord
02:36:50 AM     0     29120    0.00    0.00    0.00    0.00    0.00     3      0.00      0.00       0       0   0.00  kworker/u17:2
02:36:50 AM     0     33852    0.00    0.00    0.00    0.00    0.00     1      0.00      0.00       0       0   0.00  kworker/1:0H-kblockd
02:36:50 AM     0     35048    0.00    0.00    0.00    0.00    0.00     0      0.00      0.00       0       0   0.00  kworker/u17:0-thermal_fan_est
02:36:50 AM  1000     39960    0.00    0.00    0.00    0.00    0.00     2      0.00      0.00   19248    9208   0.03  systemd
02:36:50 AM  1000     39961    0.00    0.00    0.00    0.00    0.00     2      0.00      0.00  170940    6304   0.02  (sd-pam)
02:36:50 AM  1000     40037    0.00    0.00    0.00    0.00    0.00     3      0.00      0.00    7812    3952   0.01  dbus-daemon
02:36:50 AM     0     40147    0.00    0.00    0.00    0.00    0.00     1      0.00      0.00       0       0   0.00  kworker/1:0-pm
02:36:50 AM     0     40174    0.00    0.00    0.00    0.00    0.00     2      0.00      0.00       0       0   0.00  kworker/2:2H-kblockd
02:36:50 AM     0     40194    0.00    0.00    0.00    0.00    0.00     3      0.00      0.00       0       0   0.00  kworker/3:0H-kblockd
02:36:50 AM     0     41650    0.00    0.00    0.00    0.00    0.00     3      0.00      0.00       0       0   0.00  kworker/3:0-mm_percpu_wq
02:36:50 AM     0     43913    0.00    0.00    0.00    0.00    0.00     2      0.00      0.00   14768    7560   0.02  sshd
02:36:50 AM  1000     43958    0.00    0.00    0.00    0.00    0.00     0      0.00      0.00   15292    6400   0.02  sshd
02:36:50 AM  1000     43959    0.00    0.00    0.00    0.00    0.00     1      0.00      0.00   11344    5444   0.02  bash
02:36:50 AM     0     50050    0.00    0.00    0.00    0.00    0.00     2      0.00      0.00   14768    7572   0.02  sshd
02:36:50 AM  1000     50094    0.00    0.00    0.00    0.00    0.00     3      0.00      0.00   15292    6428   0.02  sshd
02:36:50 AM  1000     50095    0.00    0.00    0.00    0.00    0.00     2      0.00      0.00   11344    5448   0.02  bash
02:36:50 AM     0     81462    0.00    0.00    0.00    1.00    0.00     2      0.00      0.00       0       0   0.00  kworker/2:2-mm_percpu_wq
02:36:50 AM     0     81478    0.00    0.00    0.00    0.00    0.00     0      0.00      0.00       0       0   0.00  kworker/0:1H-kblockd
02:36:50 AM  1000     84840    0.00    0.00    0.00    0.00    0.00     3      0.00      0.00  240176   10088   0.03  gnome-keyring-d
02:36:50 AM   124     84900    0.00    0.00    0.00    0.00    0.00     1      0.00      0.00  156240    4584   0.01  dconf-service
02:36:50 AM     0     85427    0.00    0.00    0.00    0.00    0.00     0      0.00      0.00       0       0   0.00  kworker/0:2-events
02:36:50 AM     0     86310    0.00    1.00    0.00    0.00    1.00     2      0.00      0.00       0       0   0.00  kworker/u16:1-events_unbound
02:36:50 AM     0     86312    0.00    0.00    0.00    0.00    0.00     3      0.00      0.00   14768    7564   0.02  sshd
02:36:50 AM  1000     86356    0.00    0.00    0.00    0.00    0.00     3      0.00      0.00   15292    6380   0.02  sshd
02:36:50 AM  1000     86357    0.00    0.00    0.00    0.00    0.00     0      0.00      0.00   11344    5440   0.02  bash
02:36:50 AM     0     86549    0.00    0.00    0.00    0.00    0.00     2      0.00      0.00   14768    7664   0.02  sshd
02:36:50 AM  1000     86593    0.00    3.00    0.00    2.00    3.00     2      0.00      0.00   15292    6480   0.02  sshd
02:36:50 AM  1000     86594    0.00    0.00    0.00    0.00    0.00     1      0.00      0.00   11860    5896   0.02  bash
02:36:50 AM     0     86632    0.00    0.00    0.00    0.00    0.00     3      0.00      0.00       0       0   0.00  kworker/3:2
02:36:50 AM     0     86695    0.00    0.00    0.00    0.00    0.00     2      0.00      0.00   14768    7616   0.02  sshd
02:36:50 AM  1000     86739    1.00    1.00    0.00    1.00    2.00     2      0.00      0.00   16116    7520   0.02  sshd
02:36:50 AM  1000     86740    0.00    0.00    0.00    0.00    0.00     0      0.00      0.00   11344    5344   0.02  bash
02:36:50 AM  1000     86916    0.00    0.00    0.00    1.00    0.00     3      0.00      0.00  283948   42984   0.14  roslaunch
02:36:50 AM  1000     86924    0.00    0.00    0.00    0.00    0.00     1      0.00      0.00  797980   43964   0.14  rosmaster
02:36:50 AM  1000     86934    0.00    0.00    0.00    0.00    0.00     1      0.00      0.00  274964   10080   0.03  rosout
02:36:50 AM  1000     86944   83.00   84.00    0.00   19.00  167.00     2      0.00      0.00 34859196  745012   2.35  scale_truck_con
02:36:50 AM  1000     86945   35.00   65.00    0.00    1.00  100.00     3      0.00      0.00 1571432  116640   0.37  LRC
02:36:50 AM  1000     87010   11.00    5.00    0.00    0.00   16.00     0      0.00      0.00  724884  128588   0.41  python3
02:36:50 AM     0     87290    0.00    0.00    0.00    0.00    0.00     0      0.00      0.00   14768    7584   0.02  sshd
02:36:50 AM  1000     87334    0.00    0.00    0.00    0.00    0.00     0      0.00      0.00   15292    6412   0.02  sshd
02:36:50 AM  1000     87335    0.00    0.00    0.00    0.00    0.00     2      0.00      0.00   11344    5436   0.02  bash
02:36:50 AM     0     89981    0.00    0.00    0.00    0.00    0.00     1      0.00      0.00       0       0   0.00  kworker/1:1-pm
02:36:50 AM     0     95050    0.00    0.00    0.00    0.00    0.00     2      0.00      0.00       0       0   0.00  kworker/2:0-events
02:36:50 AM     0     96173    0.00    0.00    0.00    0.00    0.00     1      0.00      0.00       0       0   0.00  kworker/1:2-events
02:36:50 AM     0     99494    0.00    1.00    0.00    0.00    1.00     2      0.00      0.00       0       0   0.00  kworker/u16:3-events_unbound
02:36:50 AM     0    101032    0.00    0.00    0.00    0.00    0.00     2      0.00      0.00       0       0   0.00  kworker/2:1H
02:36:50 AM     0    102096    0.00    0.00    0.00    0.00    0.00     0      0.00      0.00       0       0   0.00  kworker/0:2H
02:36:50 AM     0    103173    0.00    0.00    0.00    0.00    0.00     3      0.00      0.00       0       0   0.00  kworker/3:1H
02:36:50 AM     0    107801    0.00    0.00    0.00    0.00    0.00     1      0.00      0.00       0       0   0.00  kworker/1:2H
02:36:50 AM     0    109830    0.00    0.00    0.00    0.00    0.00     0      0.00      0.00       0       0   0.00  kworker/0:1-events
02:36:50 AM     0    111231    0.00    0.00    0.00    0.00    0.00     1      0.00      0.00       0       0   0.00  kworker/u16:0-events_unbound
02:36:50 AM     0    111939    0.00    0.00    0.00    0.00    0.00     1      0.00      0.00       0       0   0.00  kworker/1:4-events
02:36:50 AM     0    121074    0.00    0.00    0.00    0.00    0.00     0      0.00      0.00       0       0   0.00  kworker/0:0-events
02:36:50 AM     0    122883    0.00    0.00    0.00    0.00    0.00     2      0.00      0.00       0       0   0.00  kworker/u16:2-devfreq_wq
02:36:50 AM     0    123203    0.00    0.00    0.00    0.00    0.00     3      0.00      0.00       0       0   0.00  kworker/3:2H
02:36:50 AM     0    124025    0.00    0.00    0.00    0.00    0.00     2      0.00      0.00       0       0   0.00  kworker/2:0H
02:36:50 AM     0    128328    0.00    0.00    0.00    0.00    0.00     1      0.00      0.00       0       0   0.00  kworker/1:3
02:36:50 AM  1000    128618    0.00    0.00    0.00    0.00    0.00     1      0.00      0.00    7828     540   0.00  timeout
02:36:50 AM  1000    128619    0.00    0.00    0.00    0.00    0.00     0      0.00      0.00    9208    3220   0.01  bash
02:36:50 AM  1000    128621    0.00    0.00    0.00    0.00    0.00     3      0.00      0.00   68712   42776   0.13  rosbag
02:36:50 AM  1000    128828   14.00   27.00    0.00    0.00   41.00     1     32.00      0.00 1172076   22788   0.07  record
02:36:50 AM  1000    128832    0.00    0.00    0.00    0.00    0.00     3      0.00      0.00   68692   43012   0.14  rosbag
02:36:50 AM  1000    128966    4.00   14.00    0.00   19.00   18.00     3      0.00      0.00   17764   10516   0.03  pidstat
02:36:50 AM  1000    128996    3.00    8.00    0.00    4.00   11.00     2      0.00      0.00  365380   25176   0.08  play

# Time        UID       PID    %usr %system  %guest   %wait    %CPU   CPU  minflt/s  majflt/s     VSZ     RSS   %MEM  Command
02:36:51 AM     0         1    0.00    0.00    0.00    0.00    0.00     2      0.00      0.00  169880   11540   0.04  systemd
02:36:51 AM     0         2    0.00    0.00    0.00    0.00    0.00     1      0.00      0.00       0       0   0.00  kthreadd
02:36:51 AM     0         3    0.00    0.00    0.00    0.00    0.00     0      0.00      0.00       0       0   0.00  rcu_gp
02:36:51 AM     0         4    0.00    0.00    0.00    0.00    0.00     0      0.00      0.00       0       0   0.00  rcu_par_gp
02:36:51 AM     0         8    0.00    0.00    0.00    0.00    0.00     0      0.00      0.00       0       0   0.00  mm_percpu_wq
02:36:51 AM     0         9    0.00    0.00    0.00    0.00    0.00     0      0.00      0.00       0       0   0.00  rcu_tasks_kthre
02:36:51 AM     0        10    0.00    0.00    0.00    0.00    0.00     0      0.00      0.00       0       0   0.00  rcu_tasks_rude_
02:36:51 AM     0        11    0.00    0.00    0.00    0.00    0.00     0      0.00      0.00       0       0   0.00  rcu_tasks_trace
02:36:51 AM     0        12    0.00    0.00    0.00    0.00    0.00     0      0.00      0.00       0       0   0.00  ksoftirqd/0
02:36:51 AM     0        13    0.00    0.00    0.00    0.00    0.00     2      0.00      0.00       0       0   0.00  rcu_preempt
02:36:51 AM     0        14    0.00    0.00    0.00    0.00    0.00     0      0.00      0.00       0       0   0.00  migration/0
02:36:51 AM     0        16    0.00    0.00    0.00    0.00    0.00     0      0.00      0.00       0       0   0.00  cpuhp/0
02:36:51 AM     0        17    0.00    0.00    0.00    0.00    0.00     1      0.00      0.00       0       0   0.00  cpuhp/1
02:36:51 AM     0        18    0.00    0.00    0.00    0.00    0.00     1      0.00      0.00       0       0   0.00  migration/1
02:36:51 AM     0        19    0.00    0.00    0.00    0.00    0.00     1      0.00      0.00       0       0   0.00  ksoftirqd/1
02:36:51 AM     0        22    0.00    0.00    0.00    0.00    0.00     2      0.00      0.00       0       0   0.00  cpuhp/2
02:36:51 AM     0        23    0.00    0.00    0.00    0.00    0.00     2      0.00      0.00       0       0   0.00  migration/2
02:36:51 AM     0        24    0.00    0.00    0.00    0.00    0.00     2      0.00      0.00       0       0   0.00  ksoftirqd/2
02:36:51 AM     0        27    0.00    0.00    0.00    0.00    0.00     3      0.00      0.00       0       0   0.00  cpuhp/3
02:36:51 AM     0        28    0.00    0.00    0.00    0.00    0.00     3      0.00      0.00       0       0   0.00  migration/3
02:36:51 AM     0        29    0.00    0.00    0.00    0.00    0.00     3      0.00      0.00       0       0   0.00  ksoftirqd/3
02:36:51 AM     0        32    0.00    0.00    0.00    0.00    0.00     4      0.00      0.00       0       0   0.00  cpuhp/4
02:36:51 AM     0        33    0.00    0.00    0.00    0.00    0.00     4      0.00      0.00       0       0   0.00  migration/4
02:36:51 AM     0        34    0.00    0.00    0.00    0.00    0.00     4      0.00      0.00       0       0   0.00  ksoftirqd/4
02:36:51 AM     0        36    0.00    0.00    0.00    0.00    0.00     4      0.00      0.00       0       0   0.00  kworker/4:0H-kblockd
02:36:51 AM     0        37    0.00    0.00    0.00    0.00    0.00     5      0.00      0.00       0       0   0.00  cpuhp/5
02:36:51 AM     0        38    0.00    0.00    0.00    0.00    0.00     5      0.00      0.00       0       0   0.00  migration/5
02:36:51 AM     0        39    0.00    0.00    0.00    0.00    0.00     5      0.00      0.00       0       0   0.00  ksoftirqd/5
02:36:51 AM     0        41    0.00    0.00    0.00    0.00    0.00     5      0.00      0.00       0       0   0.00  kworker/5:0H-kblockd
02:36:51 AM     0        42    0.00    0.00    0.00    0.00    0.00     6      0.00      0.00       0       0   0.00  cpuhp/6
02:36:51 AM     0        43    0.00    0.00    0.00    0.00    0.00     6      0.00      0.00       0       0   0.00  migration/6
02:36:51 AM     0        44    0.00    0.00    0.00    0.00    0.00     6      0.00      0.00       0       0   0.00  ksoftirqd/6
02:36:51 AM     0        46    0.00    0.00    0.00    0.00    0.00     6      0.00      0.00       0       0   0.00  kworker/6:0H-events_highpri
02:36:51 AM     0        47    0.00    0.00    0.00    0.00    0.00     7      0.00      0.00       0       0   0.00  cpuhp/7
02:36:51 AM     0        48    0.00    0.00    0.00    0.00    0.00     7      0.00      0.00       0       0   0.00  migration/7
02:36:51 AM     0        49    0.00    0.00    0.00    0.00    0.00     7      0.00      0.00       0       0   0.00  ksoftirqd/7
02:36:51 AM     0        50    0.00    0.00    0.00    0.00    0.00     0      0.00      0.00       0       0   0.00  kworker/7:0-rcu_gp
02:36:51 AM     0        51    0.00    0.00    0.00    0.00    0.00     7      0.00      0.00       0       0   0.00  kworker/7:0H-kblockd
02:36:51 AM     0        52    0.00    0.00    0.00    0.00    0.00     0      0.00      0.00       0       0   0.00  kdevtmpfs
02:36:51 AM     0        53    0.00    0.00    0.00    0.00    0.00     4      0.00      0.00       0       0   0.00  netns
02:36:51 AM     0        54    0.00    0.00    0.00    0.00    0.00     1      0.00      0.00       0       0   0.00  kauditd
02:36:51 AM     0        55    0.00    0.00    0.00    0.00    0.00     0      0.00      0.00       0       0   0.00  irq/87-mc_statu
02:36:51 AM     0        56    0.00    0.00    0.00    0.00    0.00     2      0.00      0.00       0       0   0.00  khungtaskd
02:36:51 AM     0        57    0.00    0.00    0.00    0.00    0.00     3      0.00      0.00       0       0   0.00  oom_reaper
02:36:51 AM     0        58    0.00    0.00    0.00    0.00    0.00     5      0.00      0.00       0       0   0.00  writeback
02:36:51 AM     0        59    0.00    0.00    0.00    0.00    0.00     2      0.00      0.00       0       0   0.00  kcompactd0
02:36:51 AM     0        60    0.00    0.00    0.00    0.00    0.00     1      0.00      0.00       0       0   0.00  ksmd
02:36:51 AM     0        61    0.00    0.00    0.00    0.00    0.00     2      0.00      0.00       0       0   0.00  khugepaged
02:36:51 AM     0        93    0.00    0.00    0.00    0.00    0.00     1      0.00      0.00       0       0   0.00  kintegrityd
02:36:51 AM     0        94    0.00    0.00    0.00    0.00    0.00     1      0.00      0.00       0       0   0.00  kblockd
02:36:51 AM     0        95    0.00    0.00    0.00    0.00    0.00     1      0.00      0.00       0       0   0.00  blkcg_punt_bio
02:36:51 AM     0        97    0.00    0.00    0.00    0.00    0.00     3      0.00      0.00       0       0   0.00  tpm_dev_wq
02:36:51 AM     0        98    0.00    0.00    0.00    0.00    0.00     0      0.00      0.00       0       0   0.00  irq/197-30c0000
02:36:51 AM     0        99    0.00    0.00    0.00    0.00    0.00     1      0.00      0.00       0       0   0.00  devfreq_wq
02:36:51 AM     0       100    0.00    0.00    0.00    0.00    0.00     1      0.00      0.00       0       0   0.00  watchdogd
02:36:51 AM     0       104    0.00    0.00    0.00    0.00    0.00     7      0.00      0.00       0       0   0.00  rpciod
02:36:51 AM     0       106    0.00    0.00    0.00    0.00    0.00     7      0.00      0.00       0       0   0.00  xprtiod
02:36:51 AM     0       108    0.00    0.00    0.00    0.00    0.00     7      0.00      0.00       0       0   0.00  kswapd0
02:36:51 AM     0       109    0.00    0.00    0.00    0.00    0.00     5      0.00      0.00       0       0   0.00  nfsiod
02:36:51 AM     0       112    0.00    0.00    0.00    0.00    0.00     1      0.00      0.00       0       0   0.00  kthrotld
02:36:51 AM     0       113    0.00    0.00    0.00    0.00    0.00     7      0.00      0.00       0       0   0.00  kpcitest
02:36:51 AM     0       116    0.00    0.00    0.00    0.00    0.00     5      0.00      0.00       0       0   0.00  kworker/5:1-events
02:36:51 AM     0       122    0.00    0.00    0.00    0.00    0.00     1      0.00      0.00       0       0   0.00  nvme-wq
02:36:51 AM     0       123    0.00    0.00    0.00    0.00    0.00     5      0.00      0.00       0       0   0.00  nvme-reset-wq
02:36:51 AM     0       124    0.00    0.00    0.00    0.00    0.00     6      0.00      0.00       0       0   0.00  nvme-delete-wq
02:36:51 AM     0       125    0.00    0.00    0.00    0.00    0.00     6      0.00      0.00       0       0   0.00  uas
02:36:51 AM     0       126    0.00    0.00    0.00    0.00    0.00     0      0.00      0.00       0       0   0.00  irq/222-tegra_r
02:36:51 AM     0       127    0.00    0.00    0.00    0.00    0.00     0      0.00      0.00       0       0   0.00  kworker/7:2-events
02:36:51 AM     0       129    0.00    0.00    0.00    0.00    0.00     0      0.00      0.00       0       0   0.00  irq/86-tegra-oc
02:36:51 AM     0       130    0.00    0.00    0.00    0.00    0.00     5      0.00      0.00       0       0   0.00  dm_bufio_cache
02:36:51 AM     0       131    0.00    0.00    0.00    0.00    0.00     0      0.00      0.00       0       0   0.00  irq/223-max7762
02:36:51 AM     0       140    0.00    0.00    0.00    0.00    0.00     0      0.00      0.00       0       0   0.00  irq/55-bc00000.
02:36:51 AM     0       143    0.00    0.00    0.00    0.00    0.00     0      0.00      0.00       0       0   0.00  ipv6_addrconf
02:36:51 AM     0       144    0.00    0.00    0.00    0.00    0.00     6      0.00      0.00       0       0   0.00  krfcommd
02:36:51 AM     0       145    0.00    0.00    0.00    0.00    0.00     0      0.00      0.00       0       0   0.00  kstrp
02:36:51 AM     0       150    0.00    0.00    0.00    0.00    0.00     0      0.00      0.00       0       0   0.00  irq/24-tegra-pc
02:36:51 AM     0       154    0.00    0.00    0.00    0.00    0.00     0      0.00      0.00       0       0   0.00  irq/26-tegra-pc
02:36:51 AM     0       160    0.00    0.00    0.00    0.00    0.00     0      0.00      0.00       0       0   0.00  irq/26-aerdrv
02:36:51 AM     0       161    0.00    0.00    0.00    0.00    0.00     0      0.00      0.00       0       0   0.00  irq/28-tegra-pc
02:36:51 AM     0       162    0.00    0.00    0.00    0.00    0.00     0      0.00      0.00       0       0   0.00  irq/28-aerdrv
02:36:51 AM     0       163    0.00    0.00    0.00    0.00    0.00     5      0.00      0.00       0       0   0.00  host_low_prio_w
02:36:51 AM     0       164    0.00    0.99    0.00    0.00    0.99     0      0.00      0.00       0       0   0.00  irq/57-host_syn
02:36:51 AM     0       165    0.00    0.00    0.00    0.00    0.00     0      0.00      0.00       0       0   0.00  irq/58-host_sta
02:36:51 AM     0       173    0.00    0.00    0.00    0.00    0.00     5      0.00      0.00       0       0   0.00  pva_task_status
02:36:51 AM     0       174    0.00    0.00    0.00    0.00    0.00     0      0.00      0.00       0       0   0.00  irq/75-pva-isr
02:36:51 AM     0       175    0.00    0.00    0.00    0.00    0.00     0      0.00      0.00       0       0   0.00  pva_task_status
02:36:51 AM     0       176    0.00    0.00    0.00    0.00    0.00     0      0.00      0.00       0       0   0.00  irq/76-pva-isr
02:36:51 AM     0       185    0.00    0.00    0.00    0.00    0.00     0      0.00      0.00       0       0   0.00  sdhci
02:36:51 AM     0       186    0.00    0.00    0.00    0.00    0.00     0      0.00      0.00       0       0   0.00  irq/39-mmc0
02:36:51 AM     0       187    0.00    0.00    0.00    0.00    0.00     2      0.00      0.00       0       0   0.00  sdhci
02:36:51 AM     0       189    0.00    0.00    0.00    0.00    0.00     0      0.00      0.00       0       0   0.00  irq/40-mmc1
02:36:51 AM     0       195    0.00    0.00    0.00    0.00    0.00     7      0.00      0.00       0       0   0.00  scsi_eh_0
02:36:51 AM     0       196    0.00    0.00    0.00    0.00    0.00     7      0.00      0.00       0       0   0.00  scsi_tmf_0
02:36:51 AM     0       197    0.00    0.00    0.00    0.00    0.00     0      0.00      0.00       0       0   0.00  kworker/5:2-events
02:36:51 AM     0       198    0.00    0.00    0.00    0.00    0.00     0      0.00      0.00       0       0   0.00  irq/67-15200000
02:36:51 AM     0       199    0.00    0.00    0.00    0.00    0.00     1      0.00      0.00       0       0   0.00  tegradc.0/a
02:36:51 AM     0       200    0.00    0.00    0.00    0.00    0.00     0      0.00      0.00       0       0   0.00  tegradc.0/b
02:36:51 AM     0       201    0.00    0.00    0.00    0.00    0.00     0      0.00      0.00       0       0   0.00  tegradc.0/c
02:36:51 AM     0       202    0.00    0.00    0.00    0.00    0.00     0      0.00      0.00       0       0   0.00  tegradc.0/d
02:36:51 AM     0       203    0.00    0.00    0.00    0.00    0.00     0      0.00      0.00       0       0   0.00  tegradc.0/e
02:36:51 AM     0       204    0.00    0.00    0.00    0.00    0.00     0      0.00      0.00       0       0   0.00  tegradc.0/f
02:36:51 AM     0       205    0.00    0.00    0.00    0.00    0.00     0      0.00      0.00       0       0   0.00  tegradc.0/sl
02:36:51 AM     0       206    0.00    0.00    0.00    0.00    0.00     0      0.00      0.00       0       0   0.00  irq/62-15200000
02:36:51 AM     0       207    0.00    0.00    0.00    0.00    0.00     0      0.00      0.00       0       0   0.00  irq/276-3400000
02:36:51 AM     0       208    0.00    0.00    0.00    0.00    0.00     0      0.00      0.00       0       0   0.00  ufs_eh_wq_0
02:36:51 AM     0       209    0.00    0.00    0.00    0.00    0.00     3      0.00      0.00       0       0   0.00  mmc_complete
02:36:51 AM     0       211    0.00    0.00    0.00    0.00    0.00     0      0.00      0.00       0       0   0.00  irq/278-1520000
02:36:51 AM     0       212    0.00    0.00    0.00    0.00    0.00     0      0.00      0.00       0       0   0.00  irq/203-3610000
02:36:51 AM     0       213    0.00    0.00    0.00    0.00    0.00     0      0.00      0.00       0       0   0.00  irq/221-3610000
02:36:51 AM     0       214    0.00    0.00    0.00    0.00    0.00     0      0.00      0.00       0       0   0.00  irq/30-tegra-pc
02:36:51 AM     0       216    0.00    0.00    0.00    0.00    0.00     0      0.00      0.00       0       0   0.00  kworker/4:3-events
02:36:51 AM     0       218    0.00    0.00    0.00    0.00    0.00     4      0.00      0.00       0       0   0.00  kworker/4:5-events
02:36:51 AM     0       221    0.00    0.00    0.00    0.00    0.00     0      0.00      0.00       0       0   0.00  kworker/6:12-events
02:36:51 AM     0       222    0.00    0.00    0.00    0.00    0.00     0      0.00      0.00       0       0   0.00  kworker/6:13-events
02:36:51 AM     0       225    0.00    0.00    0.00    0.00    0.00     0      0.00      0.00       0       0   0.00  irq/68-tegra_dp
02:36:51 AM     0       226    0.00    0.00    0.00    0.00    0.00     0      0.00      0.00       0       0   0.00  irq/65-15210000
02:36:51 AM     0       227    0.00    0.00    0.00    0.00    0.00     0      0.00      0.00       0       0   0.00  tegradc.1/a
02:36:51 AM     0       228    0.00    0.00    0.00    0.00    0.00     0      0.00      0.00       0       0   0.00  tegradc.1/b
02:36:51 AM     0       229    0.00    0.00    0.00    0.00    0.00     0      0.00      0.00       0       0   0.00  tegradc.1/c
02:36:51 AM     0       230    0.00    0.00    0.00    0.00    0.00     0      0.00      0.00       0       0   0.00  tegradc.1/d
02:36:51 AM     0       231    0.00    0.00    0.00    0.00    0.00     0      0.00      0.00       0       0   0.00  tegradc.1/e
02:36:51 AM     0       232    0.00    0.00    0.00    0.00    0.00     0      0.00      0.00       0       0   0.00  tegradc.1/f
02:36:51 AM     0       233    0.00    0.00    0.00    0.00    0.00     1      0.00      0.00       0       0   0.00  tegradc.1/sl
02:36:51 AM     0       234    0.00    0.00    0.00    0.00    0.00     0      0.00      0.00       0       0   0.00  irq/63-15210000
02:36:51 AM     0       249    0.00    0.00    0.00    0.00    0.00     0      0.00      0.00       0       0   0.00  irq/56-d230000.
02:36:51 AM     0       250    0.00    0.00    0.00    0.00    0.00     0      0.00      0.00       0       0   0.00  irq/69-tegra_dp
02:36:51 AM     0       251    0.00    0.00    0.00    0.00    0.00     0      0.00      0.00       0       0   0.00  irq/66-15220000
02:36:51 AM     0       252    0.00    0.00    0.00    0.00    0.00     0      0.00      0.00       0       0   0.00  tegradc.2/a
02:36:51 AM     0       253    0.00    0.00    0.00    0.00    0.00     0      0.00      0.00       0       0   0.00  tegradc.2/b
02:36:51 AM     0       254    0.00    0.00    0.00    0.00    0.00     0      0.00      0.00       0       0   0.00  tegradc.2/c
02:36:51 AM     0       255    0.00    0.00    0.00    0.00    0.00     0      0.00      0.00       0       0   0.00  tegradc.2/d
02:36:51 AM     0       256    0.00    0.00    0.00    0.00    0.00     0      0.00      0.00       0       0   0.00  tegradc.2/e
02:36:51 AM     0       257    0.00    0.00    0.00    0.00    0.00     0      0.00      0.00       0       0   0.00  tegradc.2/f
02:36:51 AM     0       258    0.00    0.00    0.00    0.00    0.00     0      0.00      0.00       0       0   0.00  tegradc.2/sl
02:36:51 AM     0       259    0.00    0.00    0.00    0.00    0.00     0      0.00      0.00       0       0   0.00  irq/64-15220000
02:36:51 AM     0       275    0.00    0.00    0.00    0.00    0.00     2      0.00      0.00       0       0   0.00  jbd2/mmcblk0p1-
02:36:51 AM     0       276    0.00    0.00    0.00    0.00    0.00     3      0.00      0.00       0       0   0.00  ext4-rsv-conver
02:36:51 AM     0       280    0.00    0.00    0.00    0.00    0.00     7      0.00      0.00       0       0   0.00  kworker/7:1H
02:36:51 AM     0       286    0.00    0.00    0.00    0.00    0.00     5      0.00      0.00       0       0   0.00  kworker/5:1H-kblockd
02:36:51 AM     0       312    0.00    0.00    0.00    0.00    0.00     2      0.00      0.00   61816   31668   0.10  systemd-journal
02:36:51 AM     0       338    0.00    3.96    0.00   16.83    3.96     3      0.00      0.00       0       0   0.00  nvmap-bz
02:36:51 AM     0       339    0.00    0.00    0.00    0.00    0.00     0      0.00      0.00       0       0   0.00  irq/204-gk20a_s
02:36:51 AM     0       340    0.00    0.00    0.00    0.00    0.00     0      0.00      0.00       0       0   0.00  irq/205-gk20a_n
02:36:51 AM     0       345    0.00    0.00    0.00    0.00    0.00     3      0.00      0.00    2776    1492   0.00  tee-supplicant
02:36:51 AM     0       347    0.00    0.00    0.00    0.00    0.00     3      0.00      0.00       0       0   0.00  optee_bus_scan
02:36:51 AM     0       358    0.00    0.00    0.00    0.00    0.00     3      0.00      0.00   22788    7532   0.02  systemd-udevd
02:36:51 AM     0       364    0.00    0.00    0.00    0.00    0.00     1      0.00      0.00    7948    4892   0.02  haveged
02:36:51 AM   126       365    0.00    0.00    0.00    0.00    0.00     3      0.00      0.00    7136    3108   0.01  rpcbind
02:36:51 AM   105       366    0.00    0.00    0.00    0.00    0.00     0      0.00      0.00   25592   13288   0.04  systemd-resolve
02:36:51 AM   103       367    0.00    0.00    0.00    0.00    0.00     1      0.00      0.00   90672    6220   0.02  systemd-timesyn
02:36:51 AM     0       407    0.00    0.00    0.00    0.00    0.00     5      0.00      0.00       0       0   0.00  cfg80211
02:36:51 AM     0       410    0.00    0.00    0.00    0.00    0.00     0      0.00      0.00       0       0   0.00  irq/42-3210000.
02:36:51 AM     0       412    0.00    0.00    0.00    0.00    0.00     2      0.00      0.00       0       0   0.00  spi0
02:36:51 AM     0       413    0.00   14.85    0.00    0.00   14.85     1      0.00      0.00       0       0   0.00  irq/282-iwlwifi
02:36:51 AM     0       416    0.00    0.00    0.00    0.00    0.00     4      0.00      0.00       0       0   0.00  ata_sff
02:36:51 AM     0       419    0.00    0.00    0.00    0.00    0.00     0      0.00      0.00       0       0   0.00  irq/43-c260000.
02:36:51 AM     0       420    0.00    0.00    0.00    0.00    0.00     6      0.00      0.00       0       0   0.00  scsi_eh_1
02:36:51 AM     0       422    0.00    0.00    0.00    0.00    0.00     6      0.00      0.00       0       0   0.00  scsi_tmf_1
02:36:51 AM     0       427    0.00    0.00    0.00    0.00    0.00     0      0.00      0.00       0       0   0.00  spi1
02:36:51 AM     0       430    0.00    0.00    0.00    0.00    0.00     3      0.00      0.00  242072    8880   0.03  accounts-daemon
02:36:51 AM   120       439    0.00    0.00    0.00    0.00    0.00     0      0.00      0.00    7084    3472   0.01  avahi-daemon
02:36:51 AM     0       441    0.00    0.00    0.00    0.00    0.00     2      0.00      0.00    9220    2516   0.01  cron
02:36:51 AM   106       443    0.00    0.00    0.00    0.00    0.00     1      0.00      0.00    9396    5264   0.02  dbus-daemon
02:36:51 AM     0       447    0.00    0.00    0.00    0.00    0.00     1      0.00      0.00  341244   20856   0.07  NetworkManager
02:36:51 AM     0       456    0.00    0.00    0.00    0.00    0.00     4      0.00      0.00   38300   19472   0.06  networkd-dispat
02:36:51 AM     0       473    0.00    0.00    0.00    0.00    0.00     2      0.00      0.00  238860   13352   0.04  polkitd
02:36:51 AM   125       483    0.00    0.00    0.00    0.00    0.00     2      0.00      0.00  220940    8288   0.03  rsyslogd
02:36:51 AM     0       503    0.00    0.00    0.00    0.00    0.00     2      0.00      0.00  235864    4364   0.01  switcheroo-cont
02:36:51 AM     0       514    0.00    0.00    0.00    0.00    0.00     0      0.00      0.00   17076    6760   0.02  systemd-logind
02:36:51 AM     0       523    0.00    0.00    0.00    0.00    0.00     2      0.00      0.00  395556   15676   0.05  udisksd
02:36:51 AM     0       528    0.00    0.00    0.00    0.00    0.00     2      0.00      0.00   12784    8052   0.03  wpa_supplicant
02:36:51 AM     0       548    0.00    0.00    0.00    0.00    0.00     0      0.00      0.00       0       0   0.00  sugov:0
02:36:51 AM   120       555    0.00    0.00    0.00    0.00    0.00     2      0.00      0.00    6896     324   0.00  avahi-daemon
02:36:51 AM     0       585    0.00    0.00    0.00    0.00    0.00     5      0.00      0.00       0       0   0.00  tmp451
02:36:51 AM     0       597    0.00    0.00    0.00    0.00    0.00     3      0.00      0.00       0       0   0.00  irq/286-1-0008
02:36:51 AM     0       600    0.00    0.00    0.00    0.00    0.00     2      0.00      0.00  321792   14480   0.05  ModemManager
02:36:51 AM     0       653    0.00    0.00    0.00    0.00    0.00     0      0.00      0.00    2476     604   0.00  nvfancontrol
02:36:51 AM     0       728    0.00    0.00    0.00    0.00    0.00     4      0.00      0.00       0       0   0.00  adspp_kthread
02:36:51 AM     0       779    0.00    0.00    0.00    0.00    0.00     6      0.00      0.00       0       0   0.00  kworker/6:2H-kblockd
02:36:51 AM     0       876    0.00    0.00    0.00    0.00    0.00     1      0.00      0.00       0       0   0.00  irq/289-2490000
02:36:51 AM     0       887    0.00    0.00    0.00    0.00    0.00     0      0.00      0.00       0       0   0.00  irq/32-eth0.com
02:36:51 AM     0       919    0.00    0.00    0.00    0.00    0.00     4      0.00      0.00       0       0   0.00  file-storage
02:36:51 AM     0       953    0.00    0.00    0.00    0.00    0.00     1      0.00      0.00       0       0   0.00  loop0
02:36:51 AM     0      1048    0.00    0.00    0.00    0.00    0.00     4      0.00      0.00       0       0   0.00  kworker/4:2H-kblockd
02:36:51 AM     0      1091    0.00    0.00    0.00    0.00    0.00     3      0.00      0.00       0       0   0.00  cryptd
02:36:51 AM     0      1147    0.00    0.00    0.00    0.00    0.00     2      0.00      0.00       0       0   0.00  sw-quiesce
02:36:51 AM     0      1148    0.00    0.00    0.00    0.00    0.00     1      0.00      0.00       0       0   0.00  nvgpu_channel_p
02:36:51 AM     0      1151    0.00    0.00    0.00    0.00    0.00     3      0.00      0.00       0       0   0.00  nvgpu_nvs_gv11b
02:36:51 AM     0      1153    0.00    0.00    0.00    0.00    0.00     0      0.00      0.00       0       0   0.00  nvgpu_pg_init_g
02:36:51 AM     0      1157    0.00    0.00    0.00    0.00    0.00     2      0.00      0.00       0       0   0.00  nvgpu_clk_arb_p
02:36:51 AM     0      1162    0.00    0.00    0.00    0.00    0.00     3      0.00      0.00       0       0   0.00  irq/288-rt5659
02:36:51 AM     0      1270    0.00    0.00    0.00    0.00    0.00     3      0.00      0.00   55688   11092   0.03  nvargus-daemon
02:36:51 AM     0      1273    0.00    0.00    0.00    0.00    0.00     3      0.00      0.00   21932    1552   0.00  nvs-service
02:36:51 AM     0      1298    0.00    0.00    0.00    0.00    0.00     1      0.00      0.00 2007972   50360   0.16  containerd
02:36:51 AM     0      1314    0.00    0.00    0.00    0.00    0.00     0      0.00      0.00  240032    7616   0.02  gdm3
02:36:51 AM   108      1326    0.00    0.00    0.00    0.00    0.00     3      0.00      0.00   11468    1896   0.01  kerneloops
02:36:51 AM     0      1327    0.00    0.00    0.00    0.00    0.00     1      0.00      0.00   12236    6576   0.02  sshd
02:36:51 AM     0      1336    0.00    0.00    0.00    0.00    0.00     0      0.00      0.00    7688    1876   0.01  agetty
02:36:51 AM     0      1337    0.00    0.00    0.00    0.00    0.00     2      0.00      0.00    7688    1904   0.01  agetty
02:36:51 AM   108      1339    0.00    0.00    0.00    0.00    0.00     1      0.00      0.00   11468    1820   0.01  kerneloops
02:36:51 AM     0      1340    0.00    0.00    0.00    0.00    0.00     3      0.00      0.00    9216    2824   0.01  nvgetty.sh
02:36:51 AM     0      1379    0.00    0.00    0.00    0.00    0.00     0      0.00      0.00    7688    1848   0.01  getty
02:36:51 AM     0      1554    0.00    0.00    0.00    0.00    0.00     2      0.00      0.00 2111796   85472   0.27  dockerd
02:36:51 AM     0      1677    0.00    0.00    0.00    0.00    0.00     2      0.00      0.00  168472    8256   0.03  gdm-session-wor
02:36:51 AM     0      1711    0.00    0.00    0.00    0.00    0.00     0      0.00      0.00    3248     808   0.00  nvphsd
02:36:51 AM     0      1716    0.00    0.00    0.00    0.00    0.00     3      0.00      0.00    3380    1788   0.01  nvphsd
02:36:51 AM   124      1789    0.00    0.00    0.00    0.00    0.00     3      0.00      0.00   19144    9224   0.03  systemd
02:36:51 AM   124      1804    0.00    0.00    0.00    0.00    0.00     3      0.00      0.00  104488    5436   0.02  (sd-pam)
02:36:51 AM   124      2014    0.00    0.00    0.00    0.00    0.00     2      0.00      0.00  961884   21984   0.07  pulseaudio
02:36:51 AM   124      2032    0.00    0.00    0.00    0.00    0.00     2      0.00      0.00  164156    5924   0.02  gdm-x-session
02:36:51 AM   124      2037    0.00    0.00    0.00    0.00    0.00     1      0.00      0.00 25330232   99256   0.31  Xorg
02:36:51 AM   118      2040    0.00    0.00    0.00    0.00    0.00     1      0.00      0.00  152516    2440   0.01  rtkit-daemon
02:36:51 AM   124      2162    0.00    0.00    0.00    0.00    0.00     2      0.00      0.00    7812    3448   0.01  dbus-daemon
02:36:51 AM   124      2428    0.00    0.00    0.00    0.00    0.00     0      0.00      0.00    4776    1164   0.00  dbus-run-sessio
02:36:51 AM   124      2429    0.00    0.00    0.00    0.00    0.00     2      0.00      0.00    8088    4104   0.01  dbus-daemon
02:36:51 AM   124      2438    0.00    0.00    0.00    0.00    0.00     3      0.00      0.00  559768   14932   0.05  gnome-session-b
02:36:51 AM     0      2457    0.00    0.00    0.00    0.00    0.00     2      0.00      0.00  101692   19628   0.06  jtop
02:36:51 AM   124      2463    0.00    0.00    0.00    0.00    0.00     3      0.00      0.00  309548   10092   0.03  at-spi-bus-laun
02:36:51 AM   124      2470    0.00    0.00    0.00    0.00    0.00     1      0.00      0.00    7676    3468   0.01  dbus-daemon
02:36:51 AM   124      2495    0.00    0.00    0.00    0.00    0.00     1      0.00      0.00 4022996  194924   0.61  gnome-shell
02:36:51 AM     0      2510    0.00    0.00    0.00    0.00    0.00     2      0.00      0.00  175424   16904   0.05  jtop
02:36:51 AM     0      2518    0.00    0.00    0.00    0.00    0.00     2      0.00      0.00  101692   17160   0.05  jtop
02:36:51 AM   124      2696    0.00    0.00    0.00    0.00    0.00     0      0.00      0.00  314420   11212   0.04  ibus-daemon
02:36:51 AM   124      2699    0.00    0.00    0.00    0.00    0.00     2      0.00      0.00  239960   11792   0.04  ibus-dconf
02:36:51 AM   124      2701    0.00    0.00    0.00    0.00    0.00     2      0.00      0.00  189920   16900   0.05  ibus-x11
02:36:51 AM   124      2704    0.00    0.00    0.00    0.00    0.00     3      0.00      0.00  239880    7776   0.02  ibus-portal
02:36:51 AM   124      2715    0.00    0.00    0.00    0.00    0.00     1      0.00      0.00  161420    6880   0.02  at-spi2-registr
02:36:51 AM   124      2719    0.00    0.00    0.00    0.00    0.00     3      0.00      0.00  235804    4672   0.01  xdg-permission-
02:36:51 AM     0      2725    0.00    0.00    0.00    0.00    0.00     2      0.00      0.00  252944    8776   0.03  upowerd
02:36:51 AM   124      2745    0.00    0.00    0.00    0.00    0.00     2      0.00      0.00 3001620   27244   0.09  gjs
02:36:51 AM   124      2764    0.00    0.00    0.00    0.00    0.00     1      0.00      0.00  469396   14236   0.04  gsd-sharing
02:36:51 AM   124      2765    0.00    0.00    0.00    0.00    0.00     1      0.00      0.00  334628   15072   0.05  gsd-wacom
02:36:51 AM   124      2768    0.00    0.00    0.00    0.00    0.00     3      0.00      0.00  571788   19844   0.06  gsd-color
02:36:51 AM   124      2772    0.00    0.00    0.00    0.00    0.00     2      0.00      0.00  338096   17824   0.06  gsd-keyboard
02:36:51 AM   124      2774    0.00    0.00    0.00    0.00    0.00     2      0.00      0.00  322508   11376   0.04  gsd-print-notif
02:36:51 AM   124      2779    0.00    0.00    0.00    0.00    0.00     3      0.00      0.00  166208    7736   0.02  ibus-engine-sim
02:36:51 AM   124      2780    0.00    0.00    0.00    0.00    0.00     1      0.00      0.00  457460    7996   0.03  gsd-rfkill
02:36:51 AM   124      2782    0.00    0.00    0.00    0.00    0.00     1      0.00      0.00  391976    9696   0.03  gsd-smartcard
02:36:51 AM   124      2784    0.00    0.00    0.00    0.00    0.00     2      0.00      0.00  374928   15372   0.05  gsd-datetime
02:36:51 AM   124      2790    0.00    0.00    0.00    0.00    0.00     2      0.00      0.00  679696   20032   0.06  gsd-media-keys
02:36:51 AM   124      2791    0.00    0.00    0.00    0.00    0.00     3      0.00      0.00  235772    5600   0.02  gsd-screensaver
02:36:51 AM   124      2793    0.00    0.00    0.00    0.00    0.00     3      0.00      0.00  320104    9452   0.03  gsd-sound
02:36:51 AM   124      2795    0.00    0.00    0.00    0.00    0.00     3      0.00      0.00  313652   10144   0.03  gsd-a11y-settin
02:36:51 AM   124      2799    0.00    0.00    0.00    0.00    0.00     2      0.00      0.00  313992   10524   0.03  gsd-housekeepin
02:36:51 AM   124      2802    0.00    0.00    0.00    0.00    0.00     0      0.00      0.00  339724   18828   0.06  gsd-power
02:36:51 AM   124      2824    0.00    0.00    0.00    0.00    0.00     2      0.00      0.00  342540   12784   0.04  gsd-printer
02:36:51 AM   119      2837    0.00    0.00    0.00    0.00    0.00     2      0.00      0.00  249328   17548   0.06  colord
02:36:51 AM     0     29120    0.00    0.00    0.00    0.00    0.00     3      0.00      0.00       0       0   0.00  kworker/u17:2
02:36:51 AM     0     33852    0.00    0.00    0.00    0.00    0.00     1      0.00      0.00       0       0   0.00  kworker/1:0H-kblockd
02:36:51 AM     0     35048    0.00    0.00    0.00    0.00    0.00     1      0.00      0.00       0       0   0.00  kworker/u17:0-rb_allocator
02:36:51 AM  1000     39960    0.00    0.00    0.00    0.00    0.00     2      0.00      0.00   19248    9208   0.03  systemd
02:36:51 AM  1000     39961    0.00    0.00    0.00    0.00    0.00     2      0.00      0.00  170940    6304   0.02  (sd-pam)
02:36:51 AM  1000     40037    0.00    0.00    0.00    0.00    0.00     3      0.00      0.00    7812    3952   0.01  dbus-daemon
02:36:51 AM     0     40147    0.00    0.00    0.00    0.00    0.00     1      0.00      0.00       0       0   0.00  kworker/1:0-pm
02:36:51 AM     0     40174    0.00    0.00    0.00    0.00    0.00     2      0.00      0.00       0       0   0.00  kworker/2:2H-kblockd
02:36:51 AM     0     40194    0.00    0.00    0.00    0.00    0.00     3      0.00      0.00       0       0   0.00  kworker/3:0H-kblockd
02:36:51 AM     0     41650    0.00    0.00    0.00    0.00    0.00     3      0.00      0.00       0       0   0.00  kworker/3:0-mm_percpu_wq
02:36:51 AM     0     43913    0.00    0.00    0.00    0.00    0.00     2      0.00      0.00   14768    7560   0.02  sshd
02:36:51 AM  1000     43958    0.00    0.00    0.00    0.00    0.00     0      0.00      0.00   15292    6400   0.02  sshd
02:36:51 AM  1000     43959    0.00    0.00    0.00    0.00    0.00     1      0.00      0.00   11344    5444   0.02  bash
02:36:51 AM     0     50050    0.00    0.00    0.00    0.00    0.00     2      0.00      0.00   14768    7572   0.02  sshd
02:36:51 AM  1000     50094    0.00    0.00    0.00    0.00    0.00     3      0.00      0.00   15292    6428   0.02  sshd
02:36:51 AM  1000     50095    0.00    0.00    0.00    0.00    0.00     2      0.00      0.00   11344    5448   0.02  bash
02:36:51 AM     0     81462    0.00    0.00    0.00    0.00    0.00     2      0.00      0.00       0       0   0.00  kworker/2:2-mm_percpu_wq
02:36:51 AM     0     81478    0.00    0.00    0.00    0.00    0.00     0      0.00      0.00       0       0   0.00  kworker/0:1H-kblockd
02:36:51 AM  1000     84840    0.00    0.00    0.00    0.00    0.00     3      0.00      0.00  240176   10088   0.03  gnome-keyring-d
02:36:51 AM   124     84900    0.00    0.00    0.00    0.00    0.00     1      0.00      0.00  156240    4584   0.01  dconf-service
02:36:51 AM     0     85427    0.00    0.00    0.00    0.00    0.00     0      0.00      0.00       0       0   0.00  kworker/0:2-events
02:36:51 AM     0     86310    0.00    0.99    0.00    0.00    0.99     1      0.00      0.00       0       0   0.00  kworker/u16:1-events_unbound
02:36:51 AM     0     86312    0.00    0.00    0.00    0.00    0.00     3      0.00      0.00   14768    7564   0.02  sshd
02:36:51 AM  1000     86356    0.00    0.00    0.00    0.00    0.00     3      0.00      0.00   15292    6380   0.02  sshd
02:36:51 AM  1000     86357    0.00    0.00    0.00    0.00    0.00     0      0.00      0.00   11344    5440   0.02  bash
02:36:51 AM     0     86549    0.00    0.00    0.00    0.00    0.00     2      0.00      0.00   14768    7664   0.02  sshd
02:36:51 AM  1000     86593    0.99    2.97    0.00    0.99    3.96     2      0.00      0.00   15292    6480   0.02  sshd
02:36:51 AM  1000     86594    0.00    0.00    0.00    0.00    0.00     1      0.00      0.00   11860    5896   0.02  bash
02:36:51 AM     0     86632    0.00    0.00    0.00    0.00    0.00     3      0.00      0.00       0       0   0.00  kworker/3:2
02:36:51 AM     0     86695    0.00    0.00    0.00    0.00    0.00     2      0.00      0.00   14768    7616   0.02  sshd
02:36:51 AM  1000     86739    0.99    1.98    0.00    0.99    2.97     2      0.00      0.00   16116    7520   0.02  sshd
02:36:51 AM  1000     86740    0.00    0.00    0.00    0.00    0.00     0      0.00      0.00   11344    5344   0.02  bash
02:36:51 AM  1000     86916    0.99    0.00    0.00    0.00    0.99     3      0.00      0.00  283948   42984   0.14  roslaunch
02:36:51 AM  1000     86924    0.99    0.00    0.00    0.00    0.99     1      0.00      0.00  797980   43964   0.14  rosmaster
02:36:51 AM  1000     86934    0.00    0.00    0.00    0.99    0.00     1      0.00      0.00  274964   10080   0.03  rosout
02:36:51 AM  1000     86944   68.32   75.25    0.00   15.84  143.56     3    853.47      0.00 34859196  745012   2.35  scale_truck_con
02:36:51 AM  1000     86945   23.76   63.37    0.00    0.00   87.13     3      0.00      0.00 1571432  116640   0.37  LRC
02:36:51 AM  1000     87010    7.92    4.95    0.00    0.00   12.87     0      0.00      0.00  724884  128588   0.41  python3
02:36:51 AM     0     87290    0.00    0.00    0.00    0.00    0.00     0      0.00      0.00   14768    7584   0.02  sshd
02:36:51 AM  1000     87334    0.00    0.00    0.00    0.00    0.00     0      0.00      0.00   15292    6412   0.02  sshd
02:36:51 AM  1000     87335    0.00    0.00    0.00    0.00    0.00     2      0.00      0.00   11344    5436   0.02  bash
02:36:51 AM     0     89981    0.00    0.00    0.00    0.00    0.00     1      0.00      0.00       0       0   0.00  kworker/1:1-pm
02:36:51 AM     0     95050    0.00    0.00    0.00    0.00    0.00     2      0.00      0.00       0       0   0.00  kworker/2:0-events
02:36:51 AM     0     96173    0.00    0.00    0.00    0.00    0.00     1      0.00      0.00       0       0   0.00  kworker/1:2-mm_percpu_wq
02:36:51 AM     0     99494    0.00    0.00    0.00    0.99    0.00     2      0.00      0.00       0       0   0.00  kworker/u16:3-events_unbound
02:36:51 AM     0    101032    0.00    0.00    0.00    0.00    0.00     2      0.00      0.00       0       0   0.00  kworker/2:1H
02:36:51 AM     0    102096    0.00    0.00    0.00    0.00    0.00     0      0.00      0.00       0       0   0.00  kworker/0:2H
02:36:51 AM     0    103173    0.00    0.00    0.00    0.00    0.00     3      0.00      0.00       0       0   0.00  kworker/3:1H
02:36:51 AM     0    107801    0.00    0.00    0.00    0.00    0.00     1      0.00      0.00       0       0   0.00  kworker/1:2H
02:36:51 AM     0    109830    0.00    0.00    0.00    0.00    0.00     0      0.00      0.00       0       0   0.00  kworker/0:1-events
02:36:51 AM     0    111231    0.00    0.00    0.00    0.00    0.00     1      0.00      0.00       0       0   0.00  kworker/u16:0-events_unbound
02:36:51 AM     0    111939    0.00    0.00    0.00    0.00    0.00     1      0.00      0.00       0       0   0.00  kworker/1:4-events
02:36:51 AM     0    121074    0.00    0.00    0.00    0.00    0.00     0      0.00      0.00       0       0   0.00  kworker/0:0-events
02:36:51 AM     0    122883    0.00    0.00    0.00    0.00    0.00     2      0.00      0.00       0       0   0.00  kworker/u16:2-devfreq_wq
02:36:51 AM     0    123203    0.00    0.00    0.00    0.00    0.00     3      0.00      0.00       0       0   0.00  kworker/3:2H
02:36:51 AM     0    124025    0.00    0.00    0.00    0.00    0.00     2      0.00      0.00       0       0   0.00  kworker/2:0H
02:36:51 AM     0    128328    0.00    0.00    0.00    0.00    0.00     1      0.00      0.00       0       0   0.00  kworker/1:3
02:36:51 AM  1000    128618    0.00    0.00    0.00    0.00    0.00     1      0.00      0.00    7828     540   0.00  timeout
02:36:51 AM  1000    128619    0.00    0.00    0.00    0.00    0.00     0      0.00      0.00    9208    3220   0.01  bash
02:36:51 AM  1000    128621    0.00    0.00    0.00    0.00    0.00     3      0.00      0.00   68712   42776   0.13  rosbag
02:36:51 AM  1000    128828   12.87   25.74    0.00    0.00   38.61     1     37.62      0.00 1172076   23052   0.07  record
02:36:51 AM  1000    128832    0.00    0.00    0.00    0.00    0.00     3      0.00      0.00   68692   43012   0.14  rosbag
02:36:51 AM  1000    128966    4.95   11.88    0.00   18.81   16.83     1      0.00      0.00   17764   10516   0.03  pidstat
02:36:51 AM  1000    128996    3.96    5.94    0.00    3.96    9.90     3      0.00      0.00  365380   25176   0.08  play

# Time        UID       PID    %usr %system  %guest   %wait    %CPU   CPU  minflt/s  majflt/s     VSZ     RSS   %MEM  Command
02:36:52 AM     0         1    0.00    0.00    0.00    0.00    0.00     2      0.00      0.00  169880   11540   0.04  systemd
02:36:52 AM     0         2    0.00    0.00    0.00    0.00    0.00     1      0.00      0.00       0       0   0.00  kthreadd
02:36:52 AM     0         3    0.00    0.00    0.00    0.00    0.00     0      0.00      0.00       0       0   0.00  rcu_gp
02:36:52 AM     0         4    0.00    0.00    0.00    0.00    0.00     0      0.00      0.00       0       0   0.00  rcu_par_gp
02:36:52 AM     0         8    0.00    0.00    0.00    0.00    0.00     0      0.00      0.00       0       0   0.00  mm_percpu_wq
02:36:52 AM     0         9    0.00    0.00    0.00    0.00    0.00     0      0.00      0.00       0       0   0.00  rcu_tasks_kthre
02:36:52 AM     0        10    0.00    0.00    0.00    0.00    0.00     0      0.00      0.00       0       0   0.00  rcu_tasks_rude_
02:36:52 AM     0        11    0.00    0.00    0.00    0.00    0.00     0      0.00      0.00       0       0   0.00  rcu_tasks_trace
02:36:52 AM     0        12    0.00    0.00    0.00    0.00    0.00     0      0.00      0.00       0       0   0.00  ksoftirqd/0
02:36:52 AM     0        13    0.00    0.00    0.00    0.00    0.00     2      0.00      0.00       0       0   0.00  rcu_preempt
02:36:52 AM     0        14    0.00    0.00    0.00    0.00    0.00     0      0.00      0.00       0       0   0.00  migration/0
02:36:52 AM     0        16    0.00    0.00    0.00    0.00    0.00     0      0.00      0.00       0       0   0.00  cpuhp/0
02:36:52 AM     0        17    0.00    0.00    0.00    0.00    0.00     1      0.00      0.00       0       0   0.00  cpuhp/1
02:36:52 AM     0        18    0.00    0.00    0.00    0.00    0.00     1      0.00      0.00       0       0   0.00  migration/1
02:36:52 AM     0        19    0.00    0.00    0.00    0.00    0.00     1      0.00      0.00       0       0   0.00  ksoftirqd/1
02:36:52 AM     0        22    0.00    0.00    0.00    0.00    0.00     2      0.00      0.00       0       0   0.00  cpuhp/2
02:36:52 AM     0        23    0.00    0.00    0.00    0.00    0.00     2      0.00      0.00       0       0   0.00  migration/2
02:36:52 AM     0        24    0.00    1.00    0.00    0.00    1.00     2      0.00      0.00       0       0   0.00  ksoftirqd/2
02:36:52 AM     0        27    0.00    0.00    0.00    0.00    0.00     3      0.00      0.00       0       0   0.00  cpuhp/3
02:36:52 AM     0        28    0.00    0.00    0.00    0.00    0.00     3      0.00      0.00       0       0   0.00  migration/3
02:36:52 AM     0        29    0.00    1.00    0.00    0.00    1.00     3      0.00      0.00       0       0   0.00  ksoftirqd/3
02:36:52 AM     0        32    0.00    0.00    0.00    0.00    0.00     4      0.00      0.00       0       0   0.00  cpuhp/4
02:36:52 AM     0        33    0.00    0.00    0.00    0.00    0.00     4      0.00      0.00       0       0   0.00  migration/4
02:36:52 AM     0        34    0.00    0.00    0.00    0.00    0.00     4      0.00      0.00       0       0   0.00  ksoftirqd/4
02:36:52 AM     0        36    0.00    0.00    0.00    0.00    0.00     4      0.00      0.00       0       0   0.00  kworker/4:0H-kblockd
02:36:52 AM     0        37    0.00    0.00    0.00    0.00    0.00     5      0.00      0.00       0       0   0.00  cpuhp/5
02:36:52 AM     0        38    0.00    0.00    0.00    0.00    0.00     5      0.00      0.00       0       0   0.00  migration/5
02:36:52 AM     0        39    0.00    0.00    0.00    0.00    0.00     5      0.00      0.00       0       0   0.00  ksoftirqd/5
02:36:52 AM     0        41    0.00    0.00    0.00    0.00    0.00     5      0.00      0.00       0       0   0.00  kworker/5:0H-kblockd
02:36:52 AM     0        42    0.00    0.00    0.00    0.00    0.00     6      0.00      0.00       0       0   0.00  cpuhp/6
02:36:52 AM     0        43    0.00    0.00    0.00    0.00    0.00     6      0.00      0.00       0       0   0.00  migration/6
02:36:52 AM     0        44    0.00    0.00    0.00    0.00    0.00     6      0.00      0.00       0       0   0.00  ksoftirqd/6
02:36:52 AM     0        46    0.00    0.00    0.00    0.00    0.00     6      0.00      0.00       0       0   0.00  kworker/6:0H-events_highpri
02:36:52 AM     0        47    0.00    0.00    0.00    0.00    0.00     7      0.00      0.00       0       0   0.00  cpuhp/7
02:36:52 AM     0        48    0.00    0.00    0.00    0.00    0.00     7      0.00      0.00       0       0   0.00  migration/7
02:36:52 AM     0        49    0.00    0.00    0.00    0.00    0.00     7      0.00      0.00       0       0   0.00  ksoftirqd/7
02:36:52 AM     0        50    0.00    0.00    0.00    0.00    0.00     0      0.00      0.00       0       0   0.00  kworker/7:0-rcu_gp
02:36:52 AM     0        51    0.00    0.00    0.00    0.00    0.00     7      0.00      0.00       0       0   0.00  kworker/7:0H-kblockd
02:36:52 AM     0        52    0.00    0.00    0.00    0.00    0.00     0      0.00      0.00       0       0   0.00  kdevtmpfs
02:36:52 AM     0        53    0.00    0.00    0.00    0.00    0.00     4      0.00      0.00       0       0   0.00  netns
02:36:52 AM     0        54    0.00    0.00    0.00    0.00    0.00     1      0.00      0.00       0       0   0.00  kauditd
02:36:52 AM     0        55    0.00    0.00    0.00    0.00    0.00     0      0.00      0.00       0       0   0.00  irq/87-mc_statu
02:36:52 AM     0        56    0.00    0.00    0.00    0.00    0.00     2      0.00      0.00       0       0   0.00  khungtaskd
02:36:52 AM     0        57    0.00    0.00    0.00    0.00    0.00     3      0.00      0.00       0       0   0.00  oom_reaper
02:36:52 AM     0        58    0.00    0.00    0.00    0.00    0.00     5      0.00      0.00       0       0   0.00  writeback
02:36:52 AM     0        59    0.00    0.00    0.00    0.00    0.00     2      0.00      0.00       0       0   0.00  kcompactd0
02:36:52 AM     0        60    0.00    0.00    0.00    0.00    0.00     1      0.00      0.00       0       0   0.00  ksmd
02:36:52 AM     0        61    0.00    0.00    0.00    0.00    0.00     2      0.00      0.00       0       0   0.00  khugepaged
02:36:52 AM     0        93    0.00    0.00    0.00    0.00    0.00     1      0.00      0.00       0       0   0.00  kintegrityd
02:36:52 AM     0        94    0.00    0.00    0.00    0.00    0.00     1      0.00      0.00       0       0   0.00  kblockd
02:36:52 AM     0        95    0.00    0.00    0.00    0.00    0.00     1      0.00      0.00       0       0   0.00  blkcg_punt_bio
02:36:52 AM     0        97    0.00    0.00    0.00    0.00    0.00     3      0.00      0.00       0       0   0.00  tpm_dev_wq
02:36:52 AM     0        98    0.00    0.00    0.00    0.00    0.00     0      0.00      0.00       0       0   0.00  irq/197-30c0000
02:36:52 AM     0        99    0.00    0.00    0.00    0.00    0.00     1      0.00      0.00       0       0   0.00  devfreq_wq
02:36:52 AM     0       100    0.00    0.00    0.00    0.00    0.00     1      0.00      0.00       0       0   0.00  watchdogd
02:36:52 AM     0       104    0.00    0.00    0.00    0.00    0.00     7      0.00      0.00       0       0   0.00  rpciod
02:36:52 AM     0       106    0.00    0.00    0.00    0.00    0.00     7      0.00      0.00       0       0   0.00  xprtiod
02:36:52 AM     0       108    0.00    0.00    0.00    0.00    0.00     7      0.00      0.00       0       0   0.00  kswapd0
02:36:52 AM     0       109    0.00    0.00    0.00    0.00    0.00     5      0.00      0.00       0       0   0.00  nfsiod
02:36:52 AM     0       112    0.00    0.00    0.00    0.00    0.00     1      0.00      0.00       0       0   0.00  kthrotld
02:36:52 AM     0       113    0.00    0.00    0.00    0.00    0.00     7      0.00      0.00       0       0   0.00  kpcitest
02:36:52 AM     0       116    0.00    0.00    0.00    0.00    0.00     5      0.00      0.00       0       0   0.00  kworker/5:1-events
02:36:52 AM     0       122    0.00    0.00    0.00    0.00    0.00     1      0.00      0.00       0       0   0.00  nvme-wq
02:36:52 AM     0       123    0.00    0.00    0.00    0.00    0.00     5      0.00      0.00       0       0   0.00  nvme-reset-wq
02:36:52 AM     0       124    0.00    0.00    0.00    0.00    0.00     6      0.00      0.00       0       0   0.00  nvme-delete-wq
02:36:52 AM     0       125    0.00    0.00    0.00    0.00    0.00     6      0.00      0.00       0       0   0.00  uas
02:36:52 AM     0       126    0.00    0.00    0.00    0.00    0.00     0      0.00      0.00       0       0   0.00  irq/222-tegra_r
02:36:52 AM     0       127    0.00    0.00    0.00    0.00    0.00     0      0.00      0.00       0       0   0.00  kworker/7:2-events
02:36:52 AM     0       129    0.00    0.00    0.00    0.00    0.00     0      0.00      0.00       0       0   0.00  irq/86-tegra-oc
02:36:52 AM     0       130    0.00    0.00    0.00    0.00    0.00     5      0.00      0.00       0       0   0.00  dm_bufio_cache
02:36:52 AM     0       131    0.00    0.00    0.00    0.00    0.00     0      0.00      0.00       0       0   0.00  irq/223-max7762
02:36:52 AM     0       140    0.00    0.00    0.00    0.00    0.00     0      0.00      0.00       0       0   0.00  irq/55-bc00000.
02:36:52 AM     0       143    0.00    0.00    0.00    0.00    0.00     0      0.00      0.00       0       0   0.00  ipv6_addrconf
02:36:52 AM     0       144    0.00    0.00    0.00    0.00    0.00     6      0.00      0.00       0       0   0.00  krfcommd
02:36:52 AM     0       145    0.00    0.00    0.00    0.00    0.00     0      0.00      0.00       0       0   0.00  kstrp
02:36:52 AM     0       150    0.00    0.00    0.00    0.00    0.00     0      0.00      0.00       0       0   0.00  irq/24-tegra-pc
02:36:52 AM     0       154    0.00    0.00    0.00    0.00    0.00     0      0.00      0.00       0       0   0.00  irq/26-tegra-pc
02:36:52 AM     0       160    0.00    0.00    0.00    0.00    0.00     0      0.00      0.00       0       0   0.00  irq/26-aerdrv
02:36:52 AM     0       161    0.00    0.00    0.00    0.00    0.00     0      0.00      0.00       0       0   0.00  irq/28-tegra-pc
02:36:52 AM     0       162    0.00    0.00    0.00    0.00    0.00     0      0.00      0.00       0       0   0.00  irq/28-aerdrv
02:36:52 AM     0       163    0.00    0.00    0.00    0.00    0.00     5      0.00      0.00       0       0   0.00  host_low_prio_w
02:36:52 AM     0       164    0.00    0.00    0.00    0.00    0.00     0      0.00      0.00       0       0   0.00  irq/57-host_syn
02:36:52 AM     0       165    0.00    0.00    0.00    0.00    0.00     0      0.00      0.00       0       0   0.00  irq/58-host_sta
02:36:52 AM     0       173    0.00    0.00    0.00    0.00    0.00     5      0.00      0.00       0       0   0.00  pva_task_status
02:36:52 AM     0       174    0.00    0.00    0.00    0.00    0.00     0      0.00      0.00       0       0   0.00  irq/75-pva-isr
02:36:52 AM     0       175    0.00    0.00    0.00    0.00    0.00     0      0.00      0.00       0       0   0.00  pva_task_status
02:36:52 AM     0       176    0.00    0.00    0.00    0.00    0.00     0      0.00      0.00       0       0   0.00  irq/76-pva-isr
02:36:52 AM     0       185    0.00    0.00    0.00    0.00    0.00     0      0.00      0.00       0       0   0.00  sdhci
02:36:52 AM     0       186    0.00    0.00    0.00    0.00    0.00     0      0.00      0.00       0       0   0.00  irq/39-mmc0
02:36:52 AM     0       187    0.00    0.00    0.00    0.00    0.00     2      0.00      0.00       0       0   0.00  sdhci
02:36:52 AM     0       189    0.00    0.00    0.00    0.00    0.00     0      0.00      0.00       0       0   0.00  irq/40-mmc1
02:36:52 AM     0       195    0.00    0.00    0.00    0.00    0.00     7      0.00      0.00       0       0   0.00  scsi_eh_0
02:36:52 AM     0       196    0.00    0.00    0.00    0.00    0.00     7      0.00      0.00       0       0   0.00  scsi_tmf_0
02:36:52 AM     0       197    0.00    0.00    0.00    0.00    0.00     0      0.00      0.00       0       0   0.00  kworker/5:2-events
02:36:52 AM     0       198    0.00    0.00    0.00    0.00    0.00     0      0.00      0.00       0       0   0.00  irq/67-15200000
02:36:52 AM     0       199    0.00    0.00    0.00    0.00    0.00     1      0.00      0.00       0       0   0.00  tegradc.0/a
02:36:52 AM     0       200    0.00    0.00    0.00    0.00    0.00     0      0.00      0.00       0       0   0.00  tegradc.0/b
02:36:52 AM     0       201    0.00    0.00    0.00    0.00    0.00     0      0.00      0.00       0       0   0.00  tegradc.0/c
02:36:52 AM     0       202    0.00    0.00    0.00    0.00    0.00     0      0.00      0.00       0       0   0.00  tegradc.0/d
02:36:52 AM     0       203    0.00    0.00    0.00    0.00    0.00     0      0.00      0.00       0       0   0.00  tegradc.0/e
02:36:52 AM     0       204    0.00    0.00    0.00    0.00    0.00     0      0.00      0.00       0       0   0.00  tegradc.0/f
02:36:52 AM     0       205    0.00    0.00    0.00    0.00    0.00     0      0.00      0.00       0       0   0.00  tegradc.0/sl
02:36:52 AM     0       206    0.00    0.00    0.00    0.00    0.00     0      0.00      0.00       0       0   0.00  irq/62-15200000
02:36:52 AM     0       207    0.00    0.00    0.00    0.00    0.00     0      0.00      0.00       0       0   0.00  irq/276-3400000
02:36:52 AM     0       208    0.00    0.00    0.00    0.00    0.00     0      0.00      0.00       0       0   0.00  ufs_eh_wq_0
02:36:52 AM     0       209    0.00    0.00    0.00    0.00    0.00     3      0.00      0.00       0       0   0.00  mmc_complete
02:36:52 AM     0       211    0.00    0.00    0.00    0.00    0.00     0      0.00      0.00       0       0   0.00  irq/278-1520000
02:36:52 AM     0       212    0.00    0.00    0.00    0.00    0.00     0      0.00      0.00       0       0   0.00  irq/203-3610000
02:36:52 AM     0       213    0.00    0.00    0.00    0.00    0.00     0      0.00      0.00       0       0   0.00  irq/221-3610000
02:36:52 AM     0       214    0.00    0.00    0.00    0.00    0.00     0      0.00      0.00       0       0   0.00  irq/30-tegra-pc
02:36:52 AM     0       216    0.00    0.00    0.00    0.00    0.00     0      0.00      0.00       0       0   0.00  kworker/4:3-events
02:36:52 AM     0       218    0.00    0.00    0.00    0.00    0.00     4      0.00      0.00       0       0   0.00  kworker/4:5-events
02:36:52 AM     0       221    0.00    0.00    0.00    0.00    0.00     0      0.00      0.00       0       0   0.00  kworker/6:12-events
02:36:52 AM     0       222    0.00    0.00    0.00    0.00    0.00     0      0.00      0.00       0       0   0.00  kworker/6:13-events
02:36:52 AM     0       225    0.00    0.00    0.00    0.00    0.00     0      0.00      0.00       0       0   0.00  irq/68-tegra_dp
02:36:52 AM     0       226    0.00    0.00    0.00    0.00    0.00     0      0.00      0.00       0       0   0.00  irq/65-15210000
02:36:52 AM     0       227    0.00    0.00    0.00    0.00    0.00     0      0.00      0.00       0       0   0.00  tegradc.1/a
02:36:52 AM     0       228    0.00    0.00    0.00    0.00    0.00     0      0.00      0.00       0       0   0.00  tegradc.1/b
02:36:52 AM     0       229    0.00    0.00    0.00    0.00    0.00     0      0.00      0.00       0       0   0.00  tegradc.1/c
02:36:52 AM     0       230    0.00    0.00    0.00    0.00    0.00     0      0.00      0.00       0       0   0.00  tegradc.1/d
02:36:52 AM     0       231    0.00    0.00    0.00    0.00    0.00     0      0.00      0.00       0       0   0.00  tegradc.1/e
02:36:52 AM     0       232    0.00    0.00    0.00    0.00    0.00     0      0.00      0.00       0       0   0.00  tegradc.1/f
02:36:52 AM     0       233    0.00    0.00    0.00    0.00    0.00     1      0.00      0.00       0       0   0.00  tegradc.1/sl
02:36:52 AM     0       234    0.00    0.00    0.00    0.00    0.00     0      0.00      0.00       0       0   0.00  irq/63-15210000
02:36:52 AM     0       249    0.00    0.00    0.00    0.00    0.00     0      0.00      0.00       0       0   0.00  irq/56-d230000.
02:36:52 AM     0       250    0.00    0.00    0.00    0.00    0.00     0      0.00      0.00       0       0   0.00  irq/69-tegra_dp
02:36:52 AM     0       251    0.00    0.00    0.00    0.00    0.00     0      0.00      0.00       0       0   0.00  irq/66-15220000
02:36:52 AM     0       252    0.00    0.00    0.00    0.00    0.00     0      0.00      0.00       0       0   0.00  tegradc.2/a
02:36:52 AM     0       253    0.00    0.00    0.00    0.00    0.00     0      0.00      0.00       0       0   0.00  tegradc.2/b
02:36:52 AM     0       254    0.00    0.00    0.00    0.00    0.00     0      0.00      0.00       0       0   0.00  tegradc.2/c
02:36:52 AM     0       255    0.00    0.00    0.00    0.00    0.00     0      0.00      0.00       0       0   0.00  tegradc.2/d
02:36:52 AM     0       256    0.00    0.00    0.00    0.00    0.00     0      0.00      0.00       0       0   0.00  tegradc.2/e
02:36:52 AM     0       257    0.00    0.00    0.00    0.00    0.00     0      0.00      0.00       0       0   0.00  tegradc.2/f
02:36:52 AM     0       258    0.00    0.00    0.00    0.00    0.00     0      0.00      0.00       0       0   0.00  tegradc.2/sl
02:36:52 AM     0       259    0.00    0.00    0.00    0.00    0.00     0      0.00      0.00       0       0   0.00  irq/64-15220000
02:36:52 AM     0       275    0.00    0.00    0.00    0.00    0.00     2      0.00      0.00       0       0   0.00  jbd2/mmcblk0p1-
02:36:52 AM     0       276    0.00    0.00    0.00    0.00    0.00     3      0.00      0.00       0       0   0.00  ext4-rsv-conver
02:36:52 AM     0       280    0.00    0.00    0.00    0.00    0.00     7      0.00      0.00       0       0   0.00  kworker/7:1H
02:36:52 AM     0       286    0.00    0.00    0.00    0.00    0.00     5      0.00      0.00       0       0   0.00  kworker/5:1H-kblockd
02:36:52 AM     0       312    0.00    0.00    0.00    0.00    0.00     2      0.00      0.00   61816   31668   0.10  systemd-journal
02:36:52 AM     0       338    0.00    3.00    0.00   17.00    3.00     0      0.00      0.00       0       0   0.00  nvmap-bz
02:36:52 AM     0       339    0.00    0.00    0.00    0.00    0.00     0      0.00      0.00       0       0   0.00  irq/204-gk20a_s
02:36:52 AM     0       340    0.00    0.00    0.00    0.00    0.00     0      0.00      0.00       0       0   0.00  irq/205-gk20a_n
02:36:52 AM     0       345    0.00    0.00    0.00    0.00    0.00     3      0.00      0.00    2776    1492   0.00  tee-supplicant
02:36:52 AM     0       347    0.00    0.00    0.00    0.00    0.00     3      0.00      0.00       0       0   0.00  optee_bus_scan
02:36:52 AM     0       358    0.00    0.00    0.00    0.00    0.00     3      0.00      0.00   22788    7532   0.02  systemd-udevd
02:36:52 AM     0       364    0.00    0.00    0.00    0.00    0.00     1      0.00      0.00    7948    4892   0.02  haveged
02:36:52 AM   126       365    0.00    0.00    0.00    0.00    0.00     3      0.00      0.00    7136    3108   0.01  rpcbind
02:36:52 AM   105       366    0.00    0.00    0.00    0.00    0.00     0      0.00      0.00   25592   13288   0.04  systemd-resolve
02:36:52 AM   103       367    0.00    0.00    0.00    0.00    0.00     1      0.00      0.00   90672    6220   0.02  systemd-timesyn
02:36:52 AM     0       407    0.00    0.00    0.00    0.00    0.00     5      0.00      0.00       0       0   0.00  cfg80211
02:36:52 AM     0       410    0.00    0.00    0.00    0.00    0.00     0      0.00      0.00       0       0   0.00  irq/42-3210000.
02:36:52 AM     0       412    0.00    0.00    0.00    0.00    0.00     2      0.00      0.00       0       0   0.00  spi0
02:36:52 AM     0       413    0.00   16.00    0.00    1.00   16.00     1      0.00      0.00       0       0   0.00  irq/282-iwlwifi
02:36:52 AM     0       416    0.00    0.00    0.00    0.00    0.00     4      0.00      0.00       0       0   0.00  ata_sff
02:36:52 AM     0       419    0.00    0.00    0.00    0.00    0.00     0      0.00      0.00       0       0   0.00  irq/43-c260000.
02:36:52 AM     0       420    0.00    0.00    0.00    0.00    0.00     6      0.00      0.00       0       0   0.00  scsi_eh_1
02:36:52 AM     0       422    0.00    0.00    0.00    0.00    0.00     6      0.00      0.00       0       0   0.00  scsi_tmf_1
02:36:52 AM     0       427    0.00    0.00    0.00    0.00    0.00     0      0.00      0.00       0       0   0.00  spi1
02:36:52 AM     0       430    0.00    0.00    0.00    0.00    0.00     3      0.00      0.00  242072    8880   0.03  accounts-daemon
02:36:52 AM   120       439    0.00    0.00    0.00    0.00    0.00     0      0.00      0.00    7084    3472   0.01  avahi-daemon
02:36:52 AM     0       441    0.00    0.00    0.00    0.00    0.00     2      0.00      0.00    9220    2516   0.01  cron
02:36:52 AM   106       443    0.00    0.00    0.00    0.00    0.00     1      0.00      0.00    9396    5264   0.02  dbus-daemon
02:36:52 AM     0       447    0.00    0.00    0.00    0.00    0.00     1      0.00      0.00  341244   20856   0.07  NetworkManager
02:36:52 AM     0       456    0.00    0.00    0.00    0.00    0.00     4      0.00      0.00   38300   19472   0.06  networkd-dispat
02:36:52 AM     0       473    0.00    0.00    0.00    0.00    0.00     2      0.00      0.00  238860   13352   0.04  polkitd
02:36:52 AM   125       483    0.00    0.00    0.00    0.00    0.00     2      0.00      0.00  220940    8288   0.03  rsyslogd
02:36:52 AM     0       503    0.00    0.00    0.00    0.00    0.00     2      0.00      0.00  235864    4364   0.01  switcheroo-cont
02:36:52 AM     0       514    0.00    0.00    0.00    0.00    0.00     0      0.00      0.00   17076    6760   0.02  systemd-logind
02:36:52 AM     0       523    0.00    0.00    0.00    0.00    0.00     2      0.00      0.00  395556   15676   0.05  udisksd
02:36:52 AM     0       528    0.00    0.00    0.00    0.00    0.00     3      0.00      0.00   12784    8052   0.03  wpa_supplicant
02:36:52 AM     0       548    0.00    0.00    0.00    0.00    0.00     0      0.00      0.00       0       0   0.00  sugov:0
02:36:52 AM   120       555    0.00    0.00    0.00    0.00    0.00     2      0.00      0.00    6896     324   0.00  avahi-daemon
02:36:52 AM     0       585    0.00    0.00    0.00    0.00    0.00     5      0.00      0.00       0       0   0.00  tmp451
02:36:52 AM     0       597    0.00    0.00    0.00    0.00    0.00     3      0.00      0.00       0       0   0.00  irq/286-1-0008
02:36:52 AM     0       600    0.00    0.00    0.00    0.00    0.00     2      0.00      0.00  321792   14480   0.05  ModemManager
02:36:52 AM     0       653    0.00    0.00    0.00    0.00    0.00     0      0.00      0.00    2476     604   0.00  nvfancontrol
02:36:52 AM     0       728    0.00    0.00    0.00    0.00    0.00     4      0.00      0.00       0       0   0.00  adspp_kthread
02:36:52 AM     0       779    0.00    0.00    0.00    0.00    0.00     6      0.00      0.00       0       0   0.00  kworker/6:2H-kblockd
02:36:52 AM     0       876    0.00    0.00    0.00    0.00    0.00     1      0.00      0.00       0       0   0.00  irq/289-2490000
02:36:52 AM     0       887    0.00    0.00    0.00    0.00    0.00     0      0.00      0.00       0       0   0.00  irq/32-eth0.com
02:36:52 AM     0       919    0.00    0.00    0.00    0.00    0.00     4      0.00      0.00       0       0   0.00  file-storage
02:36:52 AM     0       953    0.00    0.00    0.00    0.00    0.00     1      0.00      0.00       0       0   0.00  loop0
02:36:52 AM     0      1048    0.00    0.00    0.00    0.00    0.00     4      0.00      0.00       0       0   0.00  kworker/4:2H-kblockd
02:36:52 AM     0      1091    0.00    0.00    0.00    0.00    0.00     3      0.00      0.00       0       0   0.00  cryptd
02:36:52 AM     0      1147    0.00    0.00    0.00    0.00    0.00     2      0.00      0.00       0       0   0.00  sw-quiesce
02:36:52 AM     0      1148    0.00    0.00    0.00    0.00    0.00     1      0.00      0.00       0       0   0.00  nvgpu_channel_p
02:36:52 AM     0      1151    0.00    0.00    0.00    0.00    0.00     3      0.00      0.00       0       0   0.00  nvgpu_nvs_gv11b
02:36:52 AM     0      1153    0.00    0.00    0.00    0.00    0.00     0      0.00      0.00       0       0   0.00  nvgpu_pg_init_g
02:36:52 AM     0      1157    0.00    0.00    0.00    0.00    0.00     2      0.00      0.00       0       0   0.00  nvgpu_clk_arb_p
02:36:52 AM     0      1162    0.00    0.00    0.00    0.00    0.00     3      0.00      0.00       0       0   0.00  irq/288-rt5659
02:36:52 AM     0      1270    0.00    0.00    0.00    0.00    0.00     3      0.00      0.00   55688   11092   0.03  nvargus-daemon
02:36:52 AM     0      1273    0.00    0.00    0.00    0.00    0.00     3      0.00      0.00   21932    1552   0.00  nvs-service
02:36:52 AM     0      1298    0.00    0.00    0.00    0.00    0.00     1      0.00      0.00 2007972   50360   0.16  containerd
02:36:52 AM     0      1314    0.00    0.00    0.00    0.00    0.00     0      0.00      0.00  240032    7616   0.02  gdm3
02:36:52 AM   108      1326    0.00    0.00    0.00    0.00    0.00     3      0.00      0.00   11468    1896   0.01  kerneloops
02:36:52 AM     0      1327    0.00    0.00    0.00    0.00    0.00     1      0.00      0.00   12236    6576   0.02  sshd
02:36:52 AM     0      1336    0.00    0.00    0.00    0.00    0.00     0      0.00      0.00    7688    1876   0.01  agetty
02:36:52 AM     0      1337    0.00    0.00    0.00    0.00    0.00     2      0.00      0.00    7688    1904   0.01  agetty
02:36:52 AM   108      1339    0.00    0.00    0.00    0.00    0.00     1      0.00      0.00   11468    1820   0.01  kerneloops
02:36:52 AM     0      1340    0.00    0.00    0.00    0.00    0.00     3      0.00      0.00    9216    2824   0.01  nvgetty.sh
02:36:52 AM     0      1379    0.00    0.00    0.00    0.00    0.00     0      0.00      0.00    7688    1848   0.01  getty
02:36:52 AM     0      1554    0.00    0.00    0.00    0.00    0.00     2      0.00      0.00 2111796   85472   0.27  dockerd
02:36:52 AM     0      1677    0.00    0.00    0.00    0.00    0.00     2      0.00      0.00  168472    8256   0.03  gdm-session-wor
02:36:52 AM     0      1711    0.00    0.00    0.00    0.00    0.00     0      0.00      0.00    3248     808   0.00  nvphsd
02:36:52 AM     0      1716    0.00    0.00    0.00    0.00    0.00     3      0.00      0.00    3380    1788   0.01  nvphsd
02:36:52 AM   124      1789    0.00    0.00    0.00    0.00    0.00     3      0.00      0.00   19144    9224   0.03  systemd
02:36:52 AM   124      1804    0.00    0.00    0.00    0.00    0.00     3      0.00      0.00  104488    5436   0.02  (sd-pam)
02:36:52 AM   124      2014    0.00    0.00    0.00    0.00    0.00     2      0.00      0.00  961884   21984   0.07  pulseaudio
02:36:52 AM   124      2032    0.00    0.00    0.00    0.00    0.00     2      0.00      0.00  164156    5924   0.02  gdm-x-session
02:36:52 AM   124      2037    0.00    0.00    0.00    0.00    0.00     1      0.00      0.00 25330232   99256   0.31  Xorg
02:36:52 AM   118      2040    0.00    0.00    0.00    0.00    0.00     1      0.00      0.00  152516    2440   0.01  rtkit-daemon
02:36:52 AM   124      2162    0.00    0.00    0.00    0.00    0.00     2      0.00      0.00    7812    3448   0.01  dbus-daemon
02:36:52 AM   124      2428    0.00    0.00    0.00    0.00    0.00     0      0.00      0.00    4776    1164   0.00  dbus-run-sessio
02:36:52 AM   124      2429    0.00    0.00    0.00    0.00    0.00     2      0.00      0.00    8088    4104   0.01  dbus-daemon
02:36:52 AM   124      2438    0.00    0.00    0.00    0.00    0.00     3      0.00      0.00  559768   14932   0.05  gnome-session-b
02:36:52 AM     0      2457    0.00    0.00    0.00    0.00    0.00     2      0.00      0.00  101692   19628   0.06  jtop
02:36:52 AM   124      2463    0.00    0.00    0.00    0.00    0.00     3      0.00      0.00  309548   10092   0.03  at-spi-bus-laun
02:36:52 AM   124      2470    0.00    0.00    0.00    0.00    0.00     1      0.00      0.00    7676    3468   0.01  dbus-daemon
02:36:52 AM   124      2495    0.00    0.00    0.00    0.00    0.00     1      0.00      0.00 4022996  194924   0.61  gnome-shell
02:36:52 AM     0      2510    0.00    0.00    0.00    0.00    0.00     2      0.00      0.00  175424   16904   0.05  jtop
02:36:52 AM     0      2518    0.00    0.00    0.00    0.00    0.00     2      0.00      0.00  101692   17160   0.05  jtop
02:36:52 AM   124      2696    0.00    0.00    0.00    0.00    0.00     0      0.00      0.00  314420   11212   0.04  ibus-daemon
02:36:52 AM   124      2699    0.00    0.00    0.00    0.00    0.00     2      0.00      0.00  239960   11792   0.04  ibus-dconf
02:36:52 AM   124      2701    0.00    0.00    0.00    0.00    0.00     2      0.00      0.00  189920   16900   0.05  ibus-x11
02:36:52 AM   124      2704    0.00    0.00    0.00    0.00    0.00     3      0.00      0.00  239880    7776   0.02  ibus-portal
02:36:52 AM   124      2715    0.00    0.00    0.00    0.00    0.00     1      0.00      0.00  161420    6880   0.02  at-spi2-registr
02:36:52 AM   124      2719    0.00    0.00    0.00    0.00    0.00     3      0.00      0.00  235804    4672   0.01  xdg-permission-
02:36:52 AM     0      2725    0.00    0.00    0.00    0.00    0.00     2      0.00      0.00  252944    8776   0.03  upowerd
02:36:52 AM   124      2745    0.00    0.00    0.00    0.00    0.00     2      0.00      0.00 3001620   27244   0.09  gjs
02:36:52 AM   124      2764    0.00    0.00    0.00    0.00    0.00     1      0.00      0.00  469396   14236   0.04  gsd-sharing
02:36:52 AM   124      2765    0.00    0.00    0.00    0.00    0.00     1      0.00      0.00  334628   15072   0.05  gsd-wacom
02:36:52 AM   124      2768    0.00    0.00    0.00    0.00    0.00     3      0.00      0.00  571788   19844   0.06  gsd-color
02:36:52 AM   124      2772    0.00    0.00    0.00    0.00    0.00     2      0.00      0.00  338096   17824   0.06  gsd-keyboard
02:36:52 AM   124      2774    0.00    0.00    0.00    0.00    0.00     2      0.00      0.00  322508   11376   0.04  gsd-print-notif
02:36:52 AM   124      2779    0.00    0.00    0.00    0.00    0.00     3      0.00      0.00  166208    7736   0.02  ibus-engine-sim
02:36:52 AM   124      2780    0.00    0.00    0.00    0.00    0.00     1      0.00      0.00  457460    7996   0.03  gsd-rfkill
02:36:52 AM   124      2782    0.00    0.00    0.00    0.00    0.00     1      0.00      0.00  391976    9696   0.03  gsd-smartcard
02:36:52 AM   124      2784    0.00    0.00    0.00    0.00    0.00     2      0.00      0.00  374928   15372   0.05  gsd-datetime
02:36:52 AM   124      2790    0.00    0.00    0.00    0.00    0.00     2      0.00      0.00  679696   20032   0.06  gsd-media-keys
02:36:52 AM   124      2791    0.00    0.00    0.00    0.00    0.00     3      0.00      0.00  235772    5600   0.02  gsd-screensaver
02:36:52 AM   124      2793    0.00    0.00    0.00    0.00    0.00     3      0.00      0.00  320104    9452   0.03  gsd-sound
02:36:52 AM   124      2795    0.00    0.00    0.00    0.00    0.00     3      0.00      0.00  313652   10144   0.03  gsd-a11y-settin
02:36:52 AM   124      2799    1.00    1.00    0.00    0.00    2.00     2      0.00      0.00  313992   10524   0.03  gsd-housekeepin
02:36:52 AM   124      2802    0.00    0.00    0.00    0.00    0.00     0      0.00      0.00  339724   18828   0.06  gsd-power
02:36:52 AM   124      2824    0.00    0.00    0.00    0.00    0.00     2      0.00      0.00  342540   12784   0.04  gsd-printer
02:36:52 AM   119      2837    0.00    0.00    0.00    0.00    0.00     2      0.00      0.00  249328   17548   0.06  colord
02:36:52 AM     0     29120    0.00    0.00    0.00    0.00    0.00     3      0.00      0.00       0       0   0.00  kworker/u17:2
02:36:52 AM     0     33852    0.00    0.00    0.00    0.00    0.00     1      0.00      0.00       0       0   0.00  kworker/1:0H-kblockd
02:36:52 AM     0     35048    0.00    0.00    0.00    0.00    0.00     1      0.00      0.00       0       0   0.00  kworker/u17:0-thermal_fan_est
02:36:52 AM  1000     39960    0.00    0.00    0.00    0.00    0.00     2      0.00      0.00   19248    9208   0.03  systemd
02:36:52 AM  1000     39961    0.00    0.00    0.00    0.00    0.00     2      0.00      0.00  170940    6304   0.02  (sd-pam)
02:36:52 AM  1000     40037    0.00    0.00    0.00    0.00    0.00     3      0.00      0.00    7812    3952   0.01  dbus-daemon
02:36:52 AM     0     40147    0.00    0.00    0.00    0.00    0.00     1      0.00      0.00       0       0   0.00  kworker/1:0-events
02:36:52 AM     0     40174    0.00    0.00    0.00    0.00    0.00     2      0.00      0.00       0       0   0.00  kworker/2:2H-kblockd
02:36:52 AM     0     40194    0.00    0.00    0.00    0.00    0.00     3      0.00      0.00       0       0   0.00  kworker/3:0H-kblockd
02:36:52 AM     0     41650    0.00    0.00    0.00    0.00    0.00     3      0.00      0.00       0       0   0.00  kworker/3:0-mm_percpu_wq
02:36:52 AM     0     43913    0.00    0.00    0.00    0.00    0.00     2      0.00      0.00   14768    7560   0.02  sshd
02:36:52 AM  1000     43958    0.00    0.00    0.00    0.00    0.00     0      0.00      0.00   15292    6400   0.02  sshd
02:36:52 AM  1000     43959    0.00    0.00    0.00    0.00    0.00     1      0.00      0.00   11344    5444   0.02  bash
02:36:52 AM     0     50050    0.00    0.00    0.00    0.00    0.00     2      0.00      0.00   14768    7572   0.02  sshd
02:36:52 AM  1000     50094    0.00    0.00    0.00    0.00    0.00     3      0.00      0.00   15292    6428   0.02  sshd
02:36:52 AM  1000     50095    0.00    0.00    0.00    0.00    0.00     2      0.00      0.00   11344    5448   0.02  bash
02:36:52 AM     0     81462    0.00    0.00    0.00    0.00    0.00     2      0.00      0.00       0       0   0.00  kworker/2:2-mm_percpu_wq
02:36:52 AM     0     81478    0.00    0.00    0.00    0.00    0.00     0      0.00      0.00       0       0   0.00  kworker/0:1H-kblockd
02:36:52 AM  1000     84840    0.00    0.00    0.00    0.00    0.00     3      0.00      0.00  240176   10088   0.03  gnome-keyring-d
02:36:52 AM   124     84900    0.00    0.00    0.00    0.00    0.00     1      0.00      0.00  156240    4584   0.01  dconf-service
02:36:52 AM     0     85427    0.00    0.00    0.00    0.00    0.00     0      0.00      0.00       0       0   0.00  kworker/0:2-mm_percpu_wq
02:36:52 AM     0     86310    0.00    1.00    0.00    0.00    1.00     0      0.00      0.00       0       0   0.00  kworker/u16:1-events_unbound
02:36:52 AM     0     86312    0.00    0.00    0.00    0.00    0.00     3      0.00      0.00   14768    7564   0.02  sshd
02:36:52 AM  1000     86356    0.00    0.00    0.00    0.00    0.00     3      0.00      0.00   15292    6380   0.02  sshd
02:36:52 AM  1000     86357    0.00    0.00    0.00    0.00    0.00     0      0.00      0.00   11344    5440   0.02  bash
02:36:52 AM     0     86549    0.00    0.00    0.00    0.00    0.00     2      0.00      0.00   14768    7664   0.02  sshd
02:36:52 AM  1000     86593    1.00    2.00    0.00    3.00    3.00     2      0.00      0.00   15292    6480   0.02  sshd
02:36:52 AM  1000     86594    0.00    0.00    0.00    0.00    0.00     1      0.00      0.00   11860    5896   0.02  bash
02:36:52 AM     0     86632    0.00    0.00    0.00    0.00    0.00     3      0.00      0.00       0       0   0.00  kworker/3:2
02:36:52 AM     0     86695    0.00    0.00    0.00    0.00    0.00     2      0.00      0.00   14768    7616   0.02  sshd
02:36:52 AM  1000     86739    1.00    3.00    0.00    1.00    4.00     2      0.00      0.00   16116    7520   0.02  sshd
02:36:52 AM  1000     86740    0.00    0.00    0.00    0.00    0.00     0      0.00      0.00   11344    5344   0.02  bash
02:36:52 AM  1000     86916    0.00    0.00    0.00    0.00    0.00     2      0.00      0.00  283948   42984   0.14  roslaunch
02:36:52 AM  1000     86924    0.00    0.00    0.00    0.00    0.00     1      0.00      0.00  797980   43964   0.14  rosmaster
02:36:52 AM  1000     86934    0.00    1.00    0.00    0.00    1.00     1      0.00      0.00  274964   10080   0.03  rosout
02:36:52 AM  1000     86944   68.00   74.00    0.00   16.00  142.00     3      0.00      0.00 34859196  722904   2.28  scale_truck_con
02:36:52 AM  1000     86945   33.00   60.00    0.00    0.00   93.00     3      0.00      0.00 1571432  116640   0.37  LRC
02:36:52 AM  1000     87010    7.00    7.00    0.00    0.00   14.00     0      0.00      0.00  724884  128588   0.41  python3
02:36:52 AM     0     87290    0.00    0.00    0.00    0.00    0.00     0      0.00      0.00   14768    7584   0.02  sshd
02:36:52 AM  1000     87334    0.00    0.00    0.00    0.00    0.00     0      0.00      0.00   15292    6412   0.02  sshd
02:36:52 AM  1000     87335    0.00    0.00    0.00    0.00    0.00     2      0.00      0.00   11344    5436   0.02  bash
02:36:52 AM     0     89981    0.00    0.00    0.00    0.00    0.00     1      0.00      0.00       0       0   0.00  kworker/1:1-mm_percpu_wq
02:36:52 AM     0     95050    0.00    0.00    0.00    0.00    0.00     2      0.00      0.00       0       0   0.00  kworker/2:0-events
02:36:52 AM     0     96173    0.00    0.00    0.00    0.00    0.00     1      0.00      0.00       0       0   0.00  kworker/1:2-events
02:36:52 AM     0     99494    0.00    1.00    0.00    0.00    1.00     2      0.00      0.00       0       0   0.00  kworker/u16:3-events_unbound
02:36:52 AM     0    101032    0.00    0.00    0.00    0.00    0.00     2      0.00      0.00       0       0   0.00  kworker/2:1H
02:36:52 AM     0    102096    0.00    0.00    0.00    0.00    0.00     0      0.00      0.00       0       0   0.00  kworker/0:2H
02:36:52 AM     0    103173    0.00    0.00    0.00    0.00    0.00     3      0.00      0.00       0       0   0.00  kworker/3:1H
02:36:52 AM     0    107801    0.00    0.00    0.00    0.00    0.00     1      0.00      0.00       0       0   0.00  kworker/1:2H
02:36:52 AM     0    109830    0.00    0.00    0.00    0.00    0.00     0      0.00      0.00       0       0   0.00  kworker/0:1-events
02:36:52 AM     0    111231    0.00    0.00    0.00    0.00    0.00     1      0.00      0.00       0       0   0.00  kworker/u16:0-events_unbound
02:36:52 AM     0    111939    0.00    0.00    0.00    0.00    0.00     1      0.00      0.00       0       0   0.00  kworker/1:4-events
02:36:52 AM     0    121074    0.00    0.00    0.00    0.00    0.00     0      0.00      0.00       0       0   0.00  kworker/0:0-events
02:36:52 AM     0    122883    0.00    0.00    0.00    0.00    0.00     2      0.00      0.00       0       0   0.00  kworker/u16:2-devfreq_wq
02:36:52 AM     0    123203    0.00    0.00    0.00    0.00    0.00     3      0.00      0.00       0       0   0.00  kworker/3:2H
02:36:52 AM     0    124025    0.00    0.00    0.00    0.00    0.00     2      0.00      0.00       0       0   0.00  kworker/2:0H
02:36:52 AM     0    128328    0.00    0.00    0.00    0.00    0.00     1      0.00      0.00       0       0   0.00  kworker/1:3
02:36:52 AM  1000    128618    0.00    0.00    0.00    0.00    0.00     1      0.00      0.00    7828     540   0.00  timeout
02:36:52 AM  1000    128619    0.00    0.00    0.00    0.00    0.00     0      0.00      0.00    9208    3220   0.01  bash
02:36:52 AM  1000    128621    0.00    0.00    0.00    0.00    0.00     3      0.00      0.00   68712   42776   0.13  rosbag
02:36:52 AM  1000    128828   12.00   29.00    0.00    0.00   41.00     1     37.00      0.00 1172076   23312   0.07  record
02:36:52 AM  1000    128832    0.00    0.00    0.00    0.00    0.00     3      0.00      0.00   68692   43012   0.14  rosbag
02:36:52 AM  1000    128966    6.00   12.00    0.00   19.00   18.00     1      0.00      0.00   17764   10516   0.03  pidstat
02:36:52 AM  1000    128996    1.00    7.00    0.00    2.00    8.00     3      0.00      0.00  365380   25176   0.08  play

# Time        UID       PID    %usr %system  %guest   %wait    %CPU   CPU  minflt/s  majflt/s     VSZ     RSS   %MEM  Command
02:36:53 AM     0         1    0.00    0.00    0.00    0.00    0.00     2      0.00      0.00  169880   11540   0.04  systemd
02:36:53 AM     0         2    0.00    0.00    0.00    0.00    0.00     1      0.00      0.00       0       0   0.00  kthreadd
02:36:53 AM     0         3    0.00    0.00    0.00    0.00    0.00     0      0.00      0.00       0       0   0.00  rcu_gp
02:36:53 AM     0         4    0.00    0.00    0.00    0.00    0.00     0      0.00      0.00       0       0   0.00  rcu_par_gp
02:36:53 AM     0         8    0.00    0.00    0.00    0.00    0.00     0      0.00      0.00       0       0   0.00  mm_percpu_wq
02:36:53 AM     0         9    0.00    0.00    0.00    0.00    0.00     0      0.00      0.00       0       0   0.00  rcu_tasks_kthre
02:36:53 AM     0        10    0.00    0.00    0.00    0.00    0.00     0      0.00      0.00       0       0   0.00  rcu_tasks_rude_
02:36:53 AM     0        11    0.00    0.00    0.00    0.00    0.00     0      0.00      0.00       0       0   0.00  rcu_tasks_trace
02:36:53 AM     0        12    0.00    0.00    0.00    0.00    0.00     0      0.00      0.00       0       0   0.00  ksoftirqd/0
02:36:53 AM     0        13    0.00    0.00    0.00    0.00    0.00     0      0.00      0.00       0       0   0.00  rcu_preempt
02:36:53 AM     0        14    0.00    0.00    0.00    0.00    0.00     0      0.00      0.00       0       0   0.00  migration/0
02:36:53 AM     0        16    0.00    0.00    0.00    0.00    0.00     0      0.00      0.00       0       0   0.00  cpuhp/0
02:36:53 AM     0        17    0.00    0.00    0.00    0.00    0.00     1      0.00      0.00       0       0   0.00  cpuhp/1
02:36:53 AM     0        18    0.00    0.00    0.00    0.00    0.00     1      0.00      0.00       0       0   0.00  migration/1
02:36:53 AM     0        19    0.00    0.00    0.00    0.00    0.00     1      0.00      0.00       0       0   0.00  ksoftirqd/1
02:36:53 AM     0        22    0.00    0.00    0.00    0.00    0.00     2      0.00      0.00       0       0   0.00  cpuhp/2
02:36:53 AM     0        23    0.00    0.00    0.00    0.00    0.00     2      0.00      0.00       0       0   0.00  migration/2
02:36:53 AM     0        24    0.00    0.00    0.00    0.00    0.00     2      0.00      0.00       0       0   0.00  ksoftirqd/2
02:36:53 AM     0        27    0.00    0.00    0.00    0.00    0.00     3      0.00      0.00       0       0   0.00  cpuhp/3
02:36:53 AM     0        28    0.00    0.00    0.00    0.00    0.00     3      0.00      0.00       0       0   0.00  migration/3
02:36:53 AM     0        29    0.00    0.00    0.00    0.00    0.00     3      0.00      0.00       0       0   0.00  ksoftirqd/3
02:36:53 AM     0        32    0.00    0.00    0.00    0.00    0.00     4      0.00      0.00       0       0   0.00  cpuhp/4
02:36:53 AM     0        33    0.00    0.00    0.00    0.00    0.00     4      0.00      0.00       0       0   0.00  migration/4
02:36:53 AM     0        34    0.00    0.00    0.00    0.00    0.00     4      0.00      0.00       0       0   0.00  ksoftirqd/4
02:36:53 AM     0        36    0.00    0.00    0.00    0.00    0.00     4      0.00      0.00       0       0   0.00  kworker/4:0H-kblockd
02:36:53 AM     0        37    0.00    0.00    0.00    0.00    0.00     5      0.00      0.00       0       0   0.00  cpuhp/5
02:36:53 AM     0        38    0.00    0.00    0.00    0.00    0.00     5      0.00      0.00       0       0   0.00  migration/5
02:36:53 AM     0        39    0.00    0.00    0.00    0.00    0.00     5      0.00      0.00       0       0   0.00  ksoftirqd/5
02:36:53 AM     0        41    0.00    0.00    0.00    0.00    0.00     5      0.00      0.00       0       0   0.00  kworker/5:0H-kblockd
02:36:53 AM     0        42    0.00    0.00    0.00    0.00    0.00     6      0.00      0.00       0       0   0.00  cpuhp/6
02:36:53 AM     0        43    0.00    0.00    0.00    0.00    0.00     6      0.00      0.00       0       0   0.00  migration/6
02:36:53 AM     0        44    0.00    0.00    0.00    0.00    0.00     6      0.00      0.00       0       0   0.00  ksoftirqd/6
02:36:53 AM     0        46    0.00    0.00    0.00    0.00    0.00     6      0.00      0.00       0       0   0.00  kworker/6:0H-events_highpri
02:36:53 AM     0        47    0.00    0.00    0.00    0.00    0.00     7      0.00      0.00       0       0   0.00  cpuhp/7
02:36:53 AM     0        48    0.00    0.00    0.00    0.00    0.00     7      0.00      0.00       0       0   0.00  migration/7
02:36:53 AM     0        49    0.00    0.00    0.00    0.00    0.00     7      0.00      0.00       0       0   0.00  ksoftirqd/7
02:36:53 AM     0        50    0.00    0.00    0.00    0.00    0.00     0      0.00      0.00       0       0   0.00  kworker/7:0-rcu_gp
02:36:53 AM     0        51    0.00    0.00    0.00    0.00    0.00     7      0.00      0.00       0       0   0.00  kworker/7:0H-kblockd
02:36:53 AM     0        52    0.00    0.00    0.00    0.00    0.00     0      0.00      0.00       0       0   0.00  kdevtmpfs
02:36:53 AM     0        53    0.00    0.00    0.00    0.00    0.00     4      0.00      0.00       0       0   0.00  netns
02:36:53 AM     0        54    0.00    0.00    0.00    0.00    0.00     1      0.00      0.00       0       0   0.00  kauditd
02:36:53 AM     0        55    0.00    0.00    0.00    0.00    0.00     0      0.00      0.00       0       0   0.00  irq/87-mc_statu
02:36:53 AM     0        56    0.00    0.00    0.00    0.00    0.00     2      0.00      0.00       0       0   0.00  khungtaskd
02:36:53 AM     0        57    0.00    0.00    0.00    0.00    0.00     3      0.00      0.00       0       0   0.00  oom_reaper
02:36:53 AM     0        58    0.00    0.00    0.00    0.00    0.00     5      0.00      0.00       0       0   0.00  writeback
02:36:53 AM     0        59    0.00    0.00    0.00    0.00    0.00     2      0.00      0.00       0       0   0.00  kcompactd0
02:36:53 AM     0        60    0.00    0.00    0.00    0.00    0.00     1      0.00      0.00       0       0   0.00  ksmd
02:36:53 AM     0        61    0.00    0.00    0.00    0.00    0.00     2      0.00      0.00       0       0   0.00  khugepaged
02:36:53 AM     0        93    0.00    0.00    0.00    0.00    0.00     1      0.00      0.00       0       0   0.00  kintegrityd
02:36:53 AM     0        94    0.00    0.00    0.00    0.00    0.00     1      0.00      0.00       0       0   0.00  kblockd
02:36:53 AM     0        95    0.00    0.00    0.00    0.00    0.00     1      0.00      0.00       0       0   0.00  blkcg_punt_bio
02:36:53 AM     0        97    0.00    0.00    0.00    0.00    0.00     3      0.00      0.00       0       0   0.00  tpm_dev_wq
02:36:53 AM     0        98    0.00    0.00    0.00    0.00    0.00     0      0.00      0.00       0       0   0.00  irq/197-30c0000
02:36:53 AM     0        99    0.00    0.00    0.00    0.00    0.00     1      0.00      0.00       0       0   0.00  devfreq_wq
02:36:53 AM     0       100    0.00    0.00    0.00    0.00    0.00     1      0.00      0.00       0       0   0.00  watchdogd
02:36:53 AM     0       104    0.00    0.00    0.00    0.00    0.00     7      0.00      0.00       0       0   0.00  rpciod
02:36:53 AM     0       106    0.00    0.00    0.00    0.00    0.00     7      0.00      0.00       0       0   0.00  xprtiod
02:36:53 AM     0       108    0.00    0.00    0.00    0.00    0.00     7      0.00      0.00       0       0   0.00  kswapd0
02:36:53 AM     0       109    0.00    0.00    0.00    0.00    0.00     5      0.00      0.00       0       0   0.00  nfsiod
02:36:53 AM     0       112    0.00    0.00    0.00    0.00    0.00     1      0.00      0.00       0       0   0.00  kthrotld
02:36:53 AM     0       113    0.00    0.00    0.00    0.00    0.00     7      0.00      0.00       0       0   0.00  kpcitest
02:36:53 AM     0       116    0.00    0.00    0.00    0.00    0.00     5      0.00      0.00       0       0   0.00  kworker/5:1-events
02:36:53 AM     0       122    0.00    0.00    0.00    0.00    0.00     1      0.00      0.00       0       0   0.00  nvme-wq
02:36:53 AM     0       123    0.00    0.00    0.00    0.00    0.00     5      0.00      0.00       0       0   0.00  nvme-reset-wq
02:36:53 AM     0       124    0.00    0.00    0.00    0.00    0.00     6      0.00      0.00       0       0   0.00  nvme-delete-wq
02:36:53 AM     0       125    0.00    0.00    0.00    0.00    0.00     6      0.00      0.00       0       0   0.00  uas
02:36:53 AM     0       126    0.00    0.00    0.00    0.00    0.00     0      0.00      0.00       0       0   0.00  irq/222-tegra_r
02:36:53 AM     0       127    0.00    0.00    0.00    0.00    0.00     0      0.00      0.00       0       0   0.00  kworker/7:2-events
02:36:53 AM     0       129    0.00    0.00    0.00    0.00    0.00     0      0.00      0.00       0       0   0.00  irq/86-tegra-oc
02:36:53 AM     0       130    0.00    0.00    0.00    0.00    0.00     5      0.00      0.00       0       0   0.00  dm_bufio_cache
02:36:53 AM     0       131    0.00    0.00    0.00    0.00    0.00     0      0.00      0.00       0       0   0.00  irq/223-max7762
02:36:53 AM     0       140    0.00    0.00    0.00    0.00    0.00     0      0.00      0.00       0       0   0.00  irq/55-bc00000.
02:36:53 AM     0       143    0.00    0.00    0.00    0.00    0.00     0      0.00      0.00       0       0   0.00  ipv6_addrconf
02:36:53 AM     0       144    0.00    0.00    0.00    0.00    0.00     6      0.00      0.00       0       0   0.00  krfcommd
02:36:53 AM     0       145    0.00    0.00    0.00    0.00    0.00     0      0.00      0.00       0       0   0.00  kstrp
02:36:53 AM     0       150    0.00    0.00    0.00    0.00    0.00     0      0.00      0.00       0       0   0.00  irq/24-tegra-pc
02:36:53 AM     0       154    0.00    0.00    0.00    0.00    0.00     0      0.00      0.00       0       0   0.00  irq/26-tegra-pc
02:36:53 AM     0       160    0.00    0.00    0.00    0.00    0.00     0      0.00      0.00       0       0   0.00  irq/26-aerdrv
02:36:53 AM     0       161    0.00    0.00    0.00    0.00    0.00     0      0.00      0.00       0       0   0.00  irq/28-tegra-pc
02:36:53 AM     0       162    0.00    0.00    0.00    0.00    0.00     0      0.00      0.00       0       0   0.00  irq/28-aerdrv
02:36:53 AM     0       163    0.00    0.00    0.00    0.00    0.00     5      0.00      0.00       0       0   0.00  host_low_prio_w
02:36:53 AM     0       164    0.00    0.00    0.00    0.00    0.00     0      0.00      0.00       0       0   0.00  irq/57-host_syn
02:36:53 AM     0       165    0.00    0.00    0.00    0.00    0.00     0      0.00      0.00       0       0   0.00  irq/58-host_sta
02:36:53 AM     0       173    0.00    0.00    0.00    0.00    0.00     5      0.00      0.00       0       0   0.00  pva_task_status
02:36:53 AM     0       174    0.00    0.00    0.00    0.00    0.00     0      0.00      0.00       0       0   0.00  irq/75-pva-isr
02:36:53 AM     0       175    0.00    0.00    0.00    0.00    0.00     0      0.00      0.00       0       0   0.00  pva_task_status
02:36:53 AM     0       176    0.00    0.00    0.00    0.00    0.00     0      0.00      0.00       0       0   0.00  irq/76-pva-isr
02:36:53 AM     0       185    0.00    0.00    0.00    0.00    0.00     0      0.00      0.00       0       0   0.00  sdhci
02:36:53 AM     0       186    0.00    0.00    0.00    0.00    0.00     0      0.00      0.00       0       0   0.00  irq/39-mmc0
02:36:53 AM     0       187    0.00    0.00    0.00    0.00    0.00     2      0.00      0.00       0       0   0.00  sdhci
02:36:53 AM     0       189    0.00    0.00    0.00    0.00    0.00     0      0.00      0.00       0       0   0.00  irq/40-mmc1
02:36:53 AM     0       195    0.00    0.00    0.00    0.00    0.00     7      0.00      0.00       0       0   0.00  scsi_eh_0
02:36:53 AM     0       196    0.00    0.00    0.00    0.00    0.00     7      0.00      0.00       0       0   0.00  scsi_tmf_0
02:36:53 AM     0       197    0.00    0.00    0.00    0.00    0.00     0      0.00      0.00       0       0   0.00  kworker/5:2-events
02:36:53 AM     0       198    0.00    0.00    0.00    0.00    0.00     0      0.00      0.00       0       0   0.00  irq/67-15200000
02:36:53 AM     0       199    0.00    0.00    0.00    0.00    0.00     1      0.00      0.00       0       0   0.00  tegradc.0/a
02:36:53 AM     0       200    0.00    0.00    0.00    0.00    0.00     0      0.00      0.00       0       0   0.00  tegradc.0/b
02:36:53 AM     0       201    0.00    0.00    0.00    0.00    0.00     0      0.00      0.00       0       0   0.00  tegradc.0/c
02:36:53 AM     0       202    0.00    0.00    0.00    0.00    0.00     0      0.00      0.00       0       0   0.00  tegradc.0/d
02:36:53 AM     0       203    0.00    0.00    0.00    0.00    0.00     0      0.00      0.00       0       0   0.00  tegradc.0/e
02:36:53 AM     0       204    0.00    0.00    0.00    0.00    0.00     0      0.00      0.00       0       0   0.00  tegradc.0/f
02:36:53 AM     0       205    0.00    0.00    0.00    0.00    0.00     0      0.00      0.00       0       0   0.00  tegradc.0/sl
02:36:53 AM     0       206    0.00    0.00    0.00    0.00    0.00     0      0.00      0.00       0       0   0.00  irq/62-15200000
02:36:53 AM     0       207    0.00    0.00    0.00    0.00    0.00     0      0.00      0.00       0       0   0.00  irq/276-3400000
02:36:53 AM     0       208    0.00    0.00    0.00    0.00    0.00     0      0.00      0.00       0       0   0.00  ufs_eh_wq_0
02:36:53 AM     0       209    0.00    0.00    0.00    0.00    0.00     3      0.00      0.00       0       0   0.00  mmc_complete
02:36:53 AM     0       211    0.00    0.00    0.00    0.00    0.00     0      0.00      0.00       0       0   0.00  irq/278-1520000
02:36:53 AM     0       212    0.00    0.00    0.00    0.00    0.00     0      0.00      0.00       0       0   0.00  irq/203-3610000
02:36:53 AM     0       213    0.00    0.00    0.00    0.00    0.00     0      0.00      0.00       0       0   0.00  irq/221-3610000
02:36:53 AM     0       214    0.00    0.00    0.00    0.00    0.00     0      0.00      0.00       0       0   0.00  irq/30-tegra-pc
02:36:53 AM     0       216    0.00    0.00    0.00    0.00    0.00     0      0.00      0.00       0       0   0.00  kworker/4:3-events
02:36:53 AM     0       218    0.00    0.00    0.00    0.00    0.00     4      0.00      0.00       0       0   0.00  kworker/4:5-events
02:36:53 AM     0       221    0.00    0.00    0.00    0.00    0.00     0      0.00      0.00       0       0   0.00  kworker/6:12-events
02:36:53 AM     0       222    0.00    0.00    0.00    0.00    0.00     0      0.00      0.00       0       0   0.00  kworker/6:13-events
02:36:53 AM     0       225    0.00    0.00    0.00    0.00    0.00     0      0.00      0.00       0       0   0.00  irq/68-tegra_dp
02:36:53 AM     0       226    0.00    0.00    0.00    0.00    0.00     0      0.00      0.00       0       0   0.00  irq/65-15210000
02:36:53 AM     0       227    0.00    0.00    0.00    0.00    0.00     0      0.00      0.00       0       0   0.00  tegradc.1/a
02:36:53 AM     0       228    0.00    0.00    0.00    0.00    0.00     0      0.00      0.00       0       0   0.00  tegradc.1/b
02:36:53 AM     0       229    0.00    0.00    0.00    0.00    0.00     0      0.00      0.00       0       0   0.00  tegradc.1/c
02:36:53 AM     0       230    0.00    0.00    0.00    0.00    0.00     0      0.00      0.00       0       0   0.00  tegradc.1/d
02:36:53 AM     0       231    0.00    0.00    0.00    0.00    0.00     0      0.00      0.00       0       0   0.00  tegradc.1/e
02:36:53 AM     0       232    0.00    0.00    0.00    0.00    0.00     0      0.00      0.00       0       0   0.00  tegradc.1/f
02:36:53 AM     0       233    0.00    0.00    0.00    0.00    0.00     1      0.00      0.00       0       0   0.00  tegradc.1/sl
02:36:53 AM     0       234    0.00    0.00    0.00    0.00    0.00     0      0.00      0.00       0       0   0.00  irq/63-15210000
02:36:53 AM     0       249    0.00    0.00    0.00    0.00    0.00     0      0.00      0.00       0       0   0.00  irq/56-d230000.
02:36:53 AM     0       250    0.00    0.00    0.00    0.00    0.00     0      0.00      0.00       0       0   0.00  irq/69-tegra_dp
02:36:53 AM     0       251    0.00    0.00    0.00    0.00    0.00     0      0.00      0.00       0       0   0.00  irq/66-15220000
02:36:53 AM     0       252    0.00    0.00    0.00    0.00    0.00     0      0.00      0.00       0       0   0.00  tegradc.2/a
02:36:53 AM     0       253    0.00    0.00    0.00    0.00    0.00     0      0.00      0.00       0       0   0.00  tegradc.2/b
02:36:53 AM     0       254    0.00    0.00    0.00    0.00    0.00     0      0.00      0.00       0       0   0.00  tegradc.2/c
02:36:53 AM     0       255    0.00    0.00    0.00    0.00    0.00     0      0.00      0.00       0       0   0.00  tegradc.2/d
02:36:53 AM     0       256    0.00    0.00    0.00    0.00    0.00     0      0.00      0.00       0       0   0.00  tegradc.2/e
02:36:53 AM     0       257    0.00    0.00    0.00    0.00    0.00     0      0.00      0.00       0       0   0.00  tegradc.2/f
02:36:53 AM     0       258    0.00    0.00    0.00    0.00    0.00     0      0.00      0.00       0       0   0.00  tegradc.2/sl
02:36:53 AM     0       259    0.00    0.00    0.00    0.00    0.00     0      0.00      0.00       0       0   0.00  irq/64-15220000
02:36:53 AM     0       275    0.00    0.00    0.00    0.00    0.00     2      0.00      0.00       0       0   0.00  jbd2/mmcblk0p1-
02:36:53 AM     0       276    0.00    0.00    0.00    0.00    0.00     3      0.00      0.00       0       0   0.00  ext4-rsv-conver
02:36:53 AM     0       280    0.00    0.00    0.00    0.00    0.00     7      0.00      0.00       0       0   0.00  kworker/7:1H
02:36:53 AM     0       286    0.00    0.00    0.00    0.00    0.00     5      0.00      0.00       0       0   0.00  kworker/5:1H-kblockd
02:36:53 AM     0       312    0.00    0.00    0.00    0.00    0.00     2      0.00      0.00   61816   31668   0.10  systemd-journal
02:36:53 AM     0       338    0.00    4.00    0.00   24.00    4.00     2      0.00      0.00       0       0   0.00  nvmap-bz
02:36:53 AM     0       339    0.00    0.00    0.00    0.00    0.00     0      0.00      0.00       0       0   0.00  irq/204-gk20a_s
02:36:53 AM     0       340    0.00    0.00    0.00    0.00    0.00     0      0.00      0.00       0       0   0.00  irq/205-gk20a_n
02:36:53 AM     0       345    0.00    0.00    0.00    0.00    0.00     3      0.00      0.00    2776    1492   0.00  tee-supplicant
02:36:53 AM     0       347    0.00    0.00    0.00    0.00    0.00     3      0.00      0.00       0       0   0.00  optee_bus_scan
02:36:53 AM     0       358    0.00    0.00    0.00    0.00    0.00     3      0.00      0.00   22788    7532   0.02  systemd-udevd
02:36:53 AM     0       364    0.00    0.00    0.00    0.00    0.00     1      0.00      0.00    7948    4892   0.02  haveged
02:36:53 AM   126       365    0.00    0.00    0.00    0.00    0.00     3      0.00      0.00    7136    3108   0.01  rpcbind
02:36:53 AM   105       366    0.00    0.00    0.00    0.00    0.00     0      0.00      0.00   25592   13288   0.04  systemd-resolve
02:36:53 AM   103       367    0.00    0.00    0.00    0.00    0.00     1      0.00      0.00   90672    6220   0.02  systemd-timesyn
02:36:53 AM     0       407    0.00    0.00    0.00    0.00    0.00     5      0.00      0.00       0       0   0.00  cfg80211
02:36:53 AM     0       410    0.00    0.00    0.00    0.00    0.00     0      0.00      0.00       0       0   0.00  irq/42-3210000.
02:36:53 AM     0       412    0.00    0.00    0.00    0.00    0.00     2      0.00      0.00       0       0   0.00  spi0
02:36:53 AM     0       413    0.00   15.00    0.00    0.00   15.00     1      0.00      0.00       0       0   0.00  irq/282-iwlwifi
02:36:53 AM     0       416    0.00    0.00    0.00    0.00    0.00     4      0.00      0.00       0       0   0.00  ata_sff
02:36:53 AM     0       419    0.00    0.00    0.00    0.00    0.00     0      0.00      0.00       0       0   0.00  irq/43-c260000.
02:36:53 AM     0       420    0.00    0.00    0.00    0.00    0.00     6      0.00      0.00       0       0   0.00  scsi_eh_1
02:36:53 AM     0       422    0.00    0.00    0.00    0.00    0.00     6      0.00      0.00       0       0   0.00  scsi_tmf_1
02:36:53 AM     0       427    0.00    0.00    0.00    0.00    0.00     0      0.00      0.00       0       0   0.00  spi1
02:36:53 AM     0       430    0.00    0.00    0.00    0.00    0.00     3      0.00      0.00  242072    8880   0.03  accounts-daemon
02:36:53 AM   120       439    0.00    0.00    0.00    0.00    0.00     0      0.00      0.00    7084    3472   0.01  avahi-daemon
02:36:53 AM     0       441    0.00    0.00    0.00    0.00    0.00     2      0.00      0.00    9220    2516   0.01  cron
02:36:53 AM   106       443    0.00    0.00    0.00    0.00    0.00     1      0.00      0.00    9396    5264   0.02  dbus-daemon
02:36:53 AM     0       447    0.00    0.00    0.00    0.00    0.00     1      0.00      0.00  341244   20856   0.07  NetworkManager
02:36:53 AM     0       456    0.00    0.00    0.00    0.00    0.00     4      0.00      0.00   38300   19472   0.06  networkd-dispat
02:36:53 AM     0       473    0.00    0.00    0.00    0.00    0.00     2      0.00      0.00  238860   13352   0.04  polkitd
02:36:53 AM   125       483    0.00    0.00    0.00    0.00    0.00     2      0.00      0.00  220940    8288   0.03  rsyslogd
02:36:53 AM     0       503    0.00    0.00    0.00    0.00    0.00     2      0.00      0.00  235864    4364   0.01  switcheroo-cont
02:36:53 AM     0       514    0.00    0.00    0.00    0.00    0.00     0      0.00      0.00   17076    6760   0.02  systemd-logind
02:36:53 AM     0       523    0.00    0.00    0.00    0.00    0.00     2      0.00      0.00  395556   15676   0.05  udisksd
02:36:53 AM     0       528    0.00    0.00    0.00    0.00    0.00     3      0.00      0.00   12784    8052   0.03  wpa_supplicant
02:36:53 AM     0       548    0.00    0.00    0.00    0.00    0.00     0      0.00      0.00       0       0   0.00  sugov:0
02:36:53 AM   120       555    0.00    0.00    0.00    0.00    0.00     2      0.00      0.00    6896     324   0.00  avahi-daemon
02:36:53 AM     0       585    0.00    0.00    0.00    0.00    0.00     5      0.00      0.00       0       0   0.00  tmp451
02:36:53 AM     0       597    0.00    0.00    0.00    0.00    0.00     3      0.00      0.00       0       0   0.00  irq/286-1-0008
02:36:53 AM     0       600    0.00    0.00    0.00    0.00    0.00     2      0.00      0.00  321792   14480   0.05  ModemManager
02:36:53 AM     0       653    0.00    0.00    0.00    0.00    0.00     0      0.00      0.00    2476     604   0.00  nvfancontrol
02:36:53 AM     0       728    0.00    0.00    0.00    0.00    0.00     4      0.00      0.00       0       0   0.00  adspp_kthread
02:36:53 AM     0       779    0.00    0.00    0.00    0.00    0.00     6      0.00      0.00       0       0   0.00  kworker/6:2H-kblockd
02:36:53 AM     0       876    0.00    0.00    0.00    0.00    0.00     1      0.00      0.00       0       0   0.00  irq/289-2490000
02:36:53 AM     0       887    0.00    0.00    0.00    0.00    0.00     0      0.00      0.00       0       0   0.00  irq/32-eth0.com
02:36:53 AM     0       919    0.00    0.00    0.00    0.00    0.00     4      0.00      0.00       0       0   0.00  file-storage
02:36:53 AM     0       953    0.00    0.00    0.00    0.00    0.00     1      0.00      0.00       0       0   0.00  loop0
02:36:53 AM     0      1048    0.00    0.00    0.00    0.00    0.00     4      0.00      0.00       0       0   0.00  kworker/4:2H-kblockd
02:36:53 AM     0      1091    0.00    0.00    0.00    0.00    0.00     3      0.00      0.00       0       0   0.00  cryptd
02:36:53 AM     0      1147    0.00    0.00    0.00    0.00    0.00     2      0.00      0.00       0       0   0.00  sw-quiesce
02:36:53 AM     0      1148    0.00    0.00    0.00    0.00    0.00     1      0.00      0.00       0       0   0.00  nvgpu_channel_p
02:36:53 AM     0      1151    0.00    0.00    0.00    0.00    0.00     3      0.00      0.00       0       0   0.00  nvgpu_nvs_gv11b
02:36:53 AM     0      1153    0.00    0.00    0.00    0.00    0.00     0      0.00      0.00       0       0   0.00  nvgpu_pg_init_g
02:36:53 AM     0      1157    0.00    0.00    0.00    0.00    0.00     2      0.00      0.00       0       0   0.00  nvgpu_clk_arb_p
02:36:53 AM     0      1162    0.00    0.00    0.00    0.00    0.00     3      0.00      0.00       0       0   0.00  irq/288-rt5659
02:36:53 AM     0      1270    0.00    0.00    0.00    0.00    0.00     3      0.00      0.00   55688   11092   0.03  nvargus-daemon
02:36:53 AM     0      1273    0.00    0.00    0.00    0.00    0.00     3      0.00      0.00   21932    1552   0.00  nvs-service
02:36:53 AM     0      1298    0.00    0.00    0.00    0.00    0.00     1      0.00      0.00 2007972   50360   0.16  containerd
02:36:53 AM     0      1314    0.00    0.00    0.00    0.00    0.00     0      0.00      0.00  240032    7616   0.02  gdm3
02:36:53 AM   108      1326    0.00    0.00    0.00    0.00    0.00     3      0.00      0.00   11468    1896   0.01  kerneloops
02:36:53 AM     0      1327    0.00    0.00    0.00    0.00    0.00     1      0.00      0.00   12236    6576   0.02  sshd
02:36:53 AM     0      1336    0.00    0.00    0.00    0.00    0.00     0      0.00      0.00    7688    1876   0.01  agetty
02:36:53 AM     0      1337    0.00    0.00    0.00    0.00    0.00     2      0.00      0.00    7688    1904   0.01  agetty
02:36:53 AM   108      1339    0.00    0.00    0.00    0.00    0.00     1      0.00      0.00   11468    1820   0.01  kerneloops
02:36:53 AM     0      1340    0.00    0.00    0.00    0.00    0.00     3      0.00      0.00    9216    2824   0.01  nvgetty.sh
02:36:53 AM     0      1379    0.00    0.00    0.00    0.00    0.00     0      0.00      0.00    7688    1848   0.01  getty
02:36:53 AM     0      1554    0.00    0.00    0.00    0.00    0.00     2      0.00      0.00 2111796   85472   0.27  dockerd
02:36:53 AM     0      1677    0.00    0.00    0.00    0.00    0.00     2      0.00      0.00  168472    8256   0.03  gdm-session-wor
02:36:53 AM     0      1711    0.00    0.00    0.00    0.00    0.00     0      0.00      0.00    3248     808   0.00  nvphsd
02:36:53 AM     0      1716    0.00    0.00    0.00    0.00    0.00     3      0.00      0.00    3380    1788   0.01  nvphsd
02:36:53 AM   124      1789    0.00    0.00    0.00    0.00    0.00     3      0.00      0.00   19144    9224   0.03  systemd
02:36:53 AM   124      1804    0.00    0.00    0.00    0.00    0.00     3      0.00      0.00  104488    5436   0.02  (sd-pam)
02:36:53 AM   124      2014    0.00    0.00    0.00    0.00    0.00     2      0.00      0.00  961884   21984   0.07  pulseaudio
02:36:53 AM   124      2032    0.00    0.00    0.00    0.00    0.00     2      0.00      0.00  164156    5924   0.02  gdm-x-session
02:36:53 AM   124      2037    0.00    0.00    0.00    0.00    0.00     1      0.00      0.00 25330232   99256   0.31  Xorg
02:36:53 AM   118      2040    0.00    0.00    0.00    0.00    0.00     1      0.00      0.00  152516    2440   0.01  rtkit-daemon
02:36:53 AM   124      2162    0.00    0.00    0.00    0.00    0.00     2      0.00      0.00    7812    3448   0.01  dbus-daemon
02:36:53 AM   124      2428    0.00    0.00    0.00    0.00    0.00     0      0.00      0.00    4776    1164   0.00  dbus-run-sessio
02:36:53 AM   124      2429    0.00    0.00    0.00    0.00    0.00     2      0.00      0.00    8088    4104   0.01  dbus-daemon
02:36:53 AM   124      2438    0.00    0.00    0.00    0.00    0.00     3      0.00      0.00  559768   14932   0.05  gnome-session-b
02:36:53 AM     0      2457    0.00    0.00    0.00    0.00    0.00     2      0.00      0.00  101692   19628   0.06  jtop
02:36:53 AM   124      2463    0.00    0.00    0.00    0.00    0.00     3      0.00      0.00  309548   10092   0.03  at-spi-bus-laun
02:36:53 AM   124      2470    0.00    0.00    0.00    0.00    0.00     1      0.00      0.00    7676    3468   0.01  dbus-daemon
02:36:53 AM   124      2495    0.00    0.00    0.00    0.00    0.00     1      0.00      0.00 4022996  194924   0.61  gnome-shell
02:36:53 AM     0      2510    0.00    0.00    0.00    0.00    0.00     2      0.00      0.00  175424   16904   0.05  jtop
02:36:53 AM     0      2518    0.00    0.00    0.00    0.00    0.00     2      0.00      0.00  101692   17160   0.05  jtop
02:36:53 AM   124      2696    0.00    0.00    0.00    0.00    0.00     0      0.00      0.00  314420   11212   0.04  ibus-daemon
02:36:53 AM   124      2699    0.00    0.00    0.00    0.00    0.00     2      0.00      0.00  239960   11792   0.04  ibus-dconf
02:36:53 AM   124      2701    0.00    0.00    0.00    0.00    0.00     2      0.00      0.00  189920   16900   0.05  ibus-x11
02:36:53 AM   124      2704    0.00    0.00    0.00    0.00    0.00     3      0.00      0.00  239880    7776   0.02  ibus-portal
02:36:53 AM   124      2715    0.00    0.00    0.00    0.00    0.00     1      0.00      0.00  161420    6880   0.02  at-spi2-registr
02:36:53 AM   124      2719    0.00    0.00    0.00    0.00    0.00     3      0.00      0.00  235804    4672   0.01  xdg-permission-
02:36:53 AM     0      2725    0.00    0.00    0.00    0.00    0.00     2      0.00      0.00  252944    8776   0.03  upowerd
02:36:53 AM   124      2745    0.00    0.00    0.00    0.00    0.00     2      0.00      0.00 3001620   27244   0.09  gjs
02:36:53 AM   124      2764    0.00    0.00    0.00    0.00    0.00     1      0.00      0.00  469396   14236   0.04  gsd-sharing
02:36:53 AM   124      2765    0.00    0.00    0.00    0.00    0.00     1      0.00      0.00  334628   15072   0.05  gsd-wacom
02:36:53 AM   124      2768    0.00    0.00    0.00    0.00    0.00     3      0.00      0.00  571788   19844   0.06  gsd-color
02:36:53 AM   124      2772    0.00    0.00    0.00    0.00    0.00     2      0.00      0.00  338096   17824   0.06  gsd-keyboard
02:36:53 AM   124      2774    0.00    0.00    0.00    0.00    0.00     2      0.00      0.00  322508   11376   0.04  gsd-print-notif
02:36:53 AM   124      2779    0.00    0.00    0.00    0.00    0.00     3      0.00      0.00  166208    7736   0.02  ibus-engine-sim
02:36:53 AM   124      2780    0.00    0.00    0.00    0.00    0.00     1      0.00      0.00  457460    7996   0.03  gsd-rfkill
02:36:53 AM   124      2782    0.00    0.00    0.00    0.00    0.00     1      0.00      0.00  391976    9696   0.03  gsd-smartcard
02:36:53 AM   124      2784    0.00    0.00    0.00    0.00    0.00     2      0.00      0.00  374928   15372   0.05  gsd-datetime
02:36:53 AM   124      2790    0.00    0.00    0.00    0.00    0.00     2      0.00      0.00  679696   20032   0.06  gsd-media-keys
02:36:53 AM   124      2791    0.00    0.00    0.00    0.00    0.00     3      0.00      0.00  235772    5600   0.02  gsd-screensaver
02:36:53 AM   124      2793    0.00    0.00    0.00    0.00    0.00     3      0.00      0.00  320104    9452   0.03  gsd-sound
02:36:53 AM   124      2795    0.00    0.00    0.00    0.00    0.00     3      0.00      0.00  313652   10144   0.03  gsd-a11y-settin
02:36:53 AM   124      2799    0.00    0.00    0.00    0.00    0.00     2      0.00      0.00  313992   10524   0.03  gsd-housekeepin
02:36:53 AM   124      2802    0.00    0.00    0.00    0.00    0.00     0      0.00      0.00  339724   18828   0.06  gsd-power
02:36:53 AM   124      2824    0.00    0.00    0.00    0.00    0.00     2      0.00      0.00  342540   12784   0.04  gsd-printer
02:36:53 AM   119      2837    0.00    0.00    0.00    0.00    0.00     2      0.00      0.00  249328   17548   0.06  colord
02:36:53 AM     0     29120    0.00    0.00    0.00    0.00    0.00     3      0.00      0.00       0       0   0.00  kworker/u17:2
02:36:53 AM     0     33852    0.00    0.00    0.00    0.00    0.00     1      0.00      0.00       0       0   0.00  kworker/1:0H-kblockd
02:36:53 AM     0     35048    0.00    0.00    0.00    0.00    0.00     0      0.00      0.00       0       0   0.00  kworker/u17:0-rb_allocator
02:36:53 AM  1000     39960    0.00    0.00    0.00    0.00    0.00     2      0.00      0.00   19248    9208   0.03  systemd
02:36:53 AM  1000     39961    0.00    0.00    0.00    0.00    0.00     2      0.00      0.00  170940    6304   0.02  (sd-pam)
02:36:53 AM  1000     40037    0.00    0.00    0.00    0.00    0.00     3      0.00      0.00    7812    3952   0.01  dbus-daemon
02:36:53 AM     0     40147    0.00    0.00    0.00    0.00    0.00     1      0.00      0.00       0       0   0.00  kworker/1:0-events
02:36:53 AM     0     40174    0.00    0.00    0.00    0.00    0.00     2      0.00      0.00       0       0   0.00  kworker/2:2H-kblockd
02:36:53 AM     0     40194    0.00    0.00    0.00    0.00    0.00     3      0.00      0.00       0       0   0.00  kworker/3:0H-kblockd
02:36:53 AM     0     41650    0.00    0.00    0.00    0.00    0.00     3      0.00      0.00       0       0   0.00  kworker/3:0-mm_percpu_wq
02:36:53 AM     0     43913    0.00    0.00    0.00    0.00    0.00     2      0.00      0.00   14768    7560   0.02  sshd
02:36:53 AM  1000     43958    0.00    0.00    0.00    0.00    0.00     0      0.00      0.00   15292    6400   0.02  sshd
02:36:53 AM  1000     43959    0.00    0.00    0.00    0.00    0.00     1      0.00      0.00   11344    5444   0.02  bash
02:36:53 AM     0     50050    0.00    0.00    0.00    0.00    0.00     2      0.00      0.00   14768    7572   0.02  sshd
02:36:53 AM  1000     50094    0.00    0.00    0.00    0.00    0.00     3      0.00      0.00   15292    6428   0.02  sshd
02:36:53 AM  1000     50095    0.00    0.00    0.00    0.00    0.00     2      0.00      0.00   11344    5448   0.02  bash
02:36:53 AM     0     81462    0.00    0.00    0.00    0.00    0.00     2      0.00      0.00       0       0   0.00  kworker/2:2-mm_percpu_wq
02:36:53 AM     0     81478    0.00    0.00    0.00    0.00    0.00     0      0.00      0.00       0       0   0.00  kworker/0:1H-kblockd
02:36:53 AM  1000     84840    0.00    0.00    0.00    0.00    0.00     3      0.00      0.00  240176   10088   0.03  gnome-keyring-d
02:36:53 AM   124     84900    0.00    0.00    0.00    0.00    0.00     1      0.00      0.00  156240    4584   0.01  dconf-service
02:36:53 AM     0     85427    0.00    0.00    0.00    0.00    0.00     0      0.00      0.00       0       0   0.00  kworker/0:2-events
02:36:53 AM     0     86310    0.00    0.00    0.00    0.00    0.00     3      0.00      0.00       0       0   0.00  kworker/u16:1-events_unbound
02:36:53 AM     0     86312    0.00    0.00    0.00    0.00    0.00     3      0.00      0.00   14768    7564   0.02  sshd
02:36:53 AM  1000     86356    0.00    0.00    0.00    0.00    0.00     3      0.00      0.00   15292    6380   0.02  sshd
02:36:53 AM  1000     86357    0.00    0.00    0.00    0.00    0.00     0      0.00      0.00   11344    5440   0.02  bash
02:36:53 AM     0     86549    0.00    0.00    0.00    0.00    0.00     2      0.00      0.00   14768    7664   0.02  sshd
02:36:53 AM  1000     86593    0.00    4.00    0.00    0.00    4.00     3      0.00      0.00   15292    6480   0.02  sshd
02:36:53 AM  1000     86594    0.00    0.00    0.00    0.00    0.00     1      0.00      0.00   11860    5896   0.02  bash
02:36:53 AM     0     86632    0.00    0.00    0.00    0.00    0.00     3      0.00      0.00       0       0   0.00  kworker/3:2
02:36:53 AM     0     86695    0.00    0.00    0.00    0.00    0.00     2      0.00      0.00   14768    7616   0.02  sshd
02:36:53 AM  1000     86739    0.00    2.00    0.00    1.00    2.00     2      0.00      0.00   16116    7520   0.02  sshd
02:36:53 AM  1000     86740    0.00    0.00    0.00    0.00    0.00     0      0.00      0.00   11344    5344   0.02  bash
02:36:53 AM  1000     86916    1.00    0.00    0.00    0.00    1.00     3      0.00      0.00  283948   42984   0.14  roslaunch
02:36:53 AM  1000     86924    0.00    1.00    0.00    1.00    1.00     1      0.00      0.00  797980   43964   0.14  rosmaster
02:36:53 AM  1000     86934    0.00    0.00    0.00    0.00    0.00     0      0.00      0.00  274964   10080   0.03  rosout
02:36:53 AM  1000     86944   77.00   82.00    0.00   13.00  159.00     2      0.00      0.00 34859196  722904   2.28  scale_truck_con
02:36:53 AM  1000     86945   24.00   61.00    0.00    0.00   85.00     2      0.00      0.00 1571432  116640   0.37  LRC
02:36:53 AM  1000     87010    7.00    7.00    0.00    0.00   14.00     0      0.00      0.00  724884  128588   0.41  python3
02:36:53 AM     0     87290    0.00    0.00    0.00    0.00    0.00     0      0.00      0.00   14768    7584   0.02  sshd
02:36:53 AM  1000     87334    0.00    0.00    0.00    0.00    0.00     0      0.00      0.00   15292    6412   0.02  sshd
02:36:53 AM  1000     87335    0.00    0.00    0.00    0.00    0.00     2      0.00      0.00   11344    5436   0.02  bash
02:36:53 AM     0     89981    0.00    0.00    0.00    0.00    0.00     1      0.00      0.00       0       0   0.00  kworker/1:1-mm_percpu_wq
02:36:53 AM     0     95050    0.00    0.00    0.00    0.00    0.00     2      0.00      0.00       0       0   0.00  kworker/2:0-events
02:36:53 AM     0     96173    0.00    0.00    0.00    0.00    0.00     1      0.00      0.00       0       0   0.00  kworker/1:2-events
02:36:53 AM     0     99494    0.00    1.00    0.00    0.00    1.00     3      0.00      0.00       0       0   0.00  kworker/u16:3-events_unbound
02:36:53 AM     0    101032    0.00    0.00    0.00    0.00    0.00     2      0.00      0.00       0       0   0.00  kworker/2:1H
02:36:53 AM     0    102096    0.00    0.00    0.00    0.00    0.00     0      0.00      0.00       0       0   0.00  kworker/0:2H
02:36:53 AM     0    103173    0.00    0.00    0.00    0.00    0.00     3      0.00      0.00       0       0   0.00  kworker/3:1H
02:36:53 AM     0    107801    0.00    0.00    0.00    0.00    0.00     1      0.00      0.00       0       0   0.00  kworker/1:2H
02:36:53 AM     0    109830    0.00    0.00    0.00    0.00    0.00     0      0.00      0.00       0       0   0.00  kworker/0:1-events
02:36:53 AM     0    111231    0.00    0.00    0.00    0.00    0.00     1      0.00      0.00       0       0   0.00  kworker/u16:0-events_unbound
02:36:53 AM     0    111939    0.00    0.00    0.00    0.00    0.00     1      0.00      0.00       0       0   0.00  kworker/1:4-events
02:36:53 AM     0    121074    0.00    0.00    0.00    0.00    0.00     0      0.00      0.00       0       0   0.00  kworker/0:0-events
02:36:53 AM     0    122883    0.00    0.00    0.00    0.00    0.00     2      0.00      0.00       0       0   0.00  kworker/u16:2-devfreq_wq
02:36:53 AM     0    123203    0.00    0.00    0.00    0.00    0.00     3      0.00      0.00       0       0   0.00  kworker/3:2H
02:36:53 AM     0    124025    0.00    0.00    0.00    0.00    0.00     2      0.00      0.00       0       0   0.00  kworker/2:0H
02:36:53 AM     0    128328    0.00    0.00    0.00    0.00    0.00     1      0.00      0.00       0       0   0.00  kworker/1:3
02:36:53 AM  1000    128618    0.00    0.00    0.00    0.00    0.00     1      0.00      0.00    7828     540   0.00  timeout
02:36:53 AM  1000    128619    0.00    0.00    0.00    0.00    0.00     0      0.00      0.00    9208    3220   0.01  bash
02:36:53 AM  1000    128621    0.00    0.00    0.00    0.00    0.00     3      0.00      0.00   68712   42776   0.13  rosbag
02:36:53 AM  1000    128828   12.00   23.00    0.00    0.00   35.00     1     22.00      0.00 1172828   23428   0.07  record
02:36:53 AM  1000    128832    0.00    0.00    0.00    0.00    0.00     3      0.00      0.00   68692   43012   0.14  rosbag
02:36:53 AM  1000    128966    5.00   14.00    0.00   16.00   19.00     0      0.00      0.00   17764   10516   0.03  pidstat
02:36:53 AM  1000    128996    4.00    7.00    0.00    3.00   11.00     2      0.00      0.00  365380   25176   0.08  play

# Time        UID       PID    %usr %system  %guest   %wait    %CPU   CPU  minflt/s  majflt/s     VSZ     RSS   %MEM  Command
02:36:54 AM     0         1    0.00    0.00    0.00    0.00    0.00     2      0.00      0.00  169880   11540   0.04  systemd
02:36:54 AM     0         2    0.00    0.00    0.00    0.00    0.00     1      0.00      0.00       0       0   0.00  kthreadd
02:36:54 AM     0         3    0.00    0.00    0.00    0.00    0.00     0      0.00      0.00       0       0   0.00  rcu_gp
02:36:54 AM     0         4    0.00    0.00    0.00    0.00    0.00     0      0.00      0.00       0       0   0.00  rcu_par_gp
02:36:54 AM     0         8    0.00    0.00    0.00    0.00    0.00     0      0.00      0.00       0       0   0.00  mm_percpu_wq
02:36:54 AM     0         9    0.00    0.00    0.00    0.00    0.00     0      0.00      0.00       0       0   0.00  rcu_tasks_kthre
02:36:54 AM     0        10    0.00    0.00    0.00    0.00    0.00     0      0.00      0.00       0       0   0.00  rcu_tasks_rude_
02:36:54 AM     0        11    0.00    0.00    0.00    0.00    0.00     0      0.00      0.00       0       0   0.00  rcu_tasks_trace
02:36:54 AM     0        12    0.00    0.00    0.00    0.00    0.00     0      0.00      0.00       0       0   0.00  ksoftirqd/0
02:36:54 AM     0        13    0.00    1.00    0.00    0.00    1.00     2      0.00      0.00       0       0   0.00  rcu_preempt
02:36:54 AM     0        14    0.00    0.00    0.00    0.00    0.00     0      0.00      0.00       0       0   0.00  migration/0
02:36:54 AM     0        16    0.00    0.00    0.00    0.00    0.00     0      0.00      0.00       0       0   0.00  cpuhp/0
02:36:54 AM     0        17    0.00    0.00    0.00    0.00    0.00     1      0.00      0.00       0       0   0.00  cpuhp/1
02:36:54 AM     0        18    0.00    0.00    0.00    0.00    0.00     1      0.00      0.00       0       0   0.00  migration/1
02:36:54 AM     0        19    0.00    0.00    0.00    0.00    0.00     1      0.00      0.00       0       0   0.00  ksoftirqd/1
02:36:54 AM     0        22    0.00    0.00    0.00    0.00    0.00     2      0.00      0.00       0       0   0.00  cpuhp/2
02:36:54 AM     0        23    0.00    0.00    0.00    0.00    0.00     2      0.00      0.00       0       0   0.00  migration/2
02:36:54 AM     0        24    0.00    0.00    0.00    0.00    0.00     2      0.00      0.00       0       0   0.00  ksoftirqd/2
02:36:54 AM     0        27    0.00    0.00    0.00    0.00    0.00     3      0.00      0.00       0       0   0.00  cpuhp/3
02:36:54 AM     0        28    0.00    0.00    0.00    0.00    0.00     3      0.00      0.00       0       0   0.00  migration/3
02:36:54 AM     0        29    0.00    0.00    0.00    0.00    0.00     3      0.00      0.00       0       0   0.00  ksoftirqd/3
02:36:54 AM     0        32    0.00    0.00    0.00    0.00    0.00     4      0.00      0.00       0       0   0.00  cpuhp/4
02:36:54 AM     0        33    0.00    0.00    0.00    0.00    0.00     4      0.00      0.00       0       0   0.00  migration/4
02:36:54 AM     0        34    0.00    0.00    0.00    0.00    0.00     4      0.00      0.00       0       0   0.00  ksoftirqd/4
02:36:54 AM     0        36    0.00    0.00    0.00    0.00    0.00     4      0.00      0.00       0       0   0.00  kworker/4:0H-kblockd
02:36:54 AM     0        37    0.00    0.00    0.00    0.00    0.00     5      0.00      0.00       0       0   0.00  cpuhp/5
02:36:54 AM     0        38    0.00    0.00    0.00    0.00    0.00     5      0.00      0.00       0       0   0.00  migration/5
02:36:54 AM     0        39    0.00    0.00    0.00    0.00    0.00     5      0.00      0.00       0       0   0.00  ksoftirqd/5
02:36:54 AM     0        41    0.00    0.00    0.00    0.00    0.00     5      0.00      0.00       0       0   0.00  kworker/5:0H-kblockd
02:36:54 AM     0        42    0.00    0.00    0.00    0.00    0.00     6      0.00      0.00       0       0   0.00  cpuhp/6
02:36:54 AM     0        43    0.00    0.00    0.00    0.00    0.00     6      0.00      0.00       0       0   0.00  migration/6
02:36:54 AM     0        44    0.00    0.00    0.00    0.00    0.00     6      0.00      0.00       0       0   0.00  ksoftirqd/6
02:36:54 AM     0        46    0.00    0.00    0.00    0.00    0.00     6      0.00      0.00       0       0   0.00  kworker/6:0H-events_highpri
02:36:54 AM     0        47    0.00    0.00    0.00    0.00    0.00     7      0.00      0.00       0       0   0.00  cpuhp/7
02:36:54 AM     0        48    0.00    0.00    0.00    0.00    0.00     7      0.00      0.00       0       0   0.00  migration/7
02:36:54 AM     0        49    0.00    0.00    0.00    0.00    0.00     7      0.00      0.00       0       0   0.00  ksoftirqd/7
02:36:54 AM     0        50    0.00    0.00    0.00    0.00    0.00     0      0.00      0.00       0       0   0.00  kworker/7:0-rcu_gp
02:36:54 AM     0        51    0.00    0.00    0.00    0.00    0.00     7      0.00      0.00       0       0   0.00  kworker/7:0H-kblockd
02:36:54 AM     0        52    0.00    0.00    0.00    0.00    0.00     0      0.00      0.00       0       0   0.00  kdevtmpfs
02:36:54 AM     0        53    0.00    0.00    0.00    0.00    0.00     4      0.00      0.00       0       0   0.00  netns
02:36:54 AM     0        54    0.00    0.00    0.00    0.00    0.00     1      0.00      0.00       0       0   0.00  kauditd
02:36:54 AM     0        55    0.00    0.00    0.00    0.00    0.00     0      0.00      0.00       0       0   0.00  irq/87-mc_statu
02:36:54 AM     0        56    0.00    0.00    0.00    0.00    0.00     2      0.00      0.00       0       0   0.00  khungtaskd
02:36:54 AM     0        57    0.00    0.00    0.00    0.00    0.00     3      0.00      0.00       0       0   0.00  oom_reaper
02:36:54 AM     0        58    0.00    0.00    0.00    0.00    0.00     5      0.00      0.00       0       0   0.00  writeback
02:36:54 AM     0        59    0.00    0.00    0.00    0.00    0.00     2      0.00      0.00       0       0   0.00  kcompactd0
02:36:54 AM     0        60    0.00    0.00    0.00    0.00    0.00     1      0.00      0.00       0       0   0.00  ksmd
02:36:54 AM     0        61    0.00    0.00    0.00    0.00    0.00     2      0.00      0.00       0       0   0.00  khugepaged
02:36:54 AM     0        93    0.00    0.00    0.00    0.00    0.00     1      0.00      0.00       0       0   0.00  kintegrityd
02:36:54 AM     0        94    0.00    0.00    0.00    0.00    0.00     1      0.00      0.00       0       0   0.00  kblockd
02:36:54 AM     0        95    0.00    0.00    0.00    0.00    0.00     1      0.00      0.00       0       0   0.00  blkcg_punt_bio
02:36:54 AM     0        97    0.00    0.00    0.00    0.00    0.00     3      0.00      0.00       0       0   0.00  tpm_dev_wq
02:36:54 AM     0        98    0.00    0.00    0.00    0.00    0.00     0      0.00      0.00       0       0   0.00  irq/197-30c0000
02:36:54 AM     0        99    0.00    0.00    0.00    0.00    0.00     1      0.00      0.00       0       0   0.00  devfreq_wq
02:36:54 AM     0       100    0.00    0.00    0.00    0.00    0.00     1      0.00      0.00       0       0   0.00  watchdogd
02:36:54 AM     0       104    0.00    0.00    0.00    0.00    0.00     7      0.00      0.00       0       0   0.00  rpciod
02:36:54 AM     0       106    0.00    0.00    0.00    0.00    0.00     7      0.00      0.00       0       0   0.00  xprtiod
02:36:54 AM     0       108    0.00    0.00    0.00    0.00    0.00     7      0.00      0.00       0       0   0.00  kswapd0
02:36:54 AM     0       109    0.00    0.00    0.00    0.00    0.00     5      0.00      0.00       0       0   0.00  nfsiod
02:36:54 AM     0       112    0.00    0.00    0.00    0.00    0.00     1      0.00      0.00       0       0   0.00  kthrotld
02:36:54 AM     0       113    0.00    0.00    0.00    0.00    0.00     7      0.00      0.00       0       0   0.00  kpcitest
02:36:54 AM     0       116    0.00    0.00    0.00    0.00    0.00     5      0.00      0.00       0       0   0.00  kworker/5:1-events
02:36:54 AM     0       122    0.00    0.00    0.00    0.00    0.00     1      0.00      0.00       0       0   0.00  nvme-wq
02:36:54 AM     0       123    0.00    0.00    0.00    0.00    0.00     5      0.00      0.00       0       0   0.00  nvme-reset-wq
02:36:54 AM     0       124    0.00    0.00    0.00    0.00    0.00     6      0.00      0.00       0       0   0.00  nvme-delete-wq
02:36:54 AM     0       125    0.00    0.00    0.00    0.00    0.00     6      0.00      0.00       0       0   0.00  uas
02:36:54 AM     0       126    0.00    0.00    0.00    0.00    0.00     0      0.00      0.00       0       0   0.00  irq/222-tegra_r
02:36:54 AM     0       127    0.00    0.00    0.00    0.00    0.00     0      0.00      0.00       0       0   0.00  kworker/7:2-events
02:36:54 AM     0       129    0.00    0.00    0.00    0.00    0.00     0      0.00      0.00       0       0   0.00  irq/86-tegra-oc
02:36:54 AM     0       130    0.00    0.00    0.00    0.00    0.00     5      0.00      0.00       0       0   0.00  dm_bufio_cache
02:36:54 AM     0       131    0.00    0.00    0.00    0.00    0.00     0      0.00      0.00       0       0   0.00  irq/223-max7762
02:36:54 AM     0       140    0.00    0.00    0.00    0.00    0.00     0      0.00      0.00       0       0   0.00  irq/55-bc00000.
02:36:54 AM     0       143    0.00    0.00    0.00    0.00    0.00     0      0.00      0.00       0       0   0.00  ipv6_addrconf
02:36:54 AM     0       144    0.00    0.00    0.00    0.00    0.00     6      0.00      0.00       0       0   0.00  krfcommd
02:36:54 AM     0       145    0.00    0.00    0.00    0.00    0.00     0      0.00      0.00       0       0   0.00  kstrp
02:36:54 AM     0       150    0.00    0.00    0.00    0.00    0.00     0      0.00      0.00       0       0   0.00  irq/24-tegra-pc
02:36:54 AM     0       154    0.00    0.00    0.00    0.00    0.00     0      0.00      0.00       0       0   0.00  irq/26-tegra-pc
02:36:54 AM     0       160    0.00    0.00    0.00    0.00    0.00     0      0.00      0.00       0       0   0.00  irq/26-aerdrv
02:36:54 AM     0       161    0.00    0.00    0.00    0.00    0.00     0      0.00      0.00       0       0   0.00  irq/28-tegra-pc
02:36:54 AM     0       162    0.00    0.00    0.00    0.00    0.00     0      0.00      0.00       0       0   0.00  irq/28-aerdrv
02:36:54 AM     0       163    0.00    0.00    0.00    0.00    0.00     5      0.00      0.00       0       0   0.00  host_low_prio_w
02:36:54 AM     0       164    0.00    1.00    0.00    0.00    1.00     0      0.00      0.00       0       0   0.00  irq/57-host_syn
02:36:54 AM     0       165    0.00    0.00    0.00    0.00    0.00     0      0.00      0.00       0       0   0.00  irq/58-host_sta
02:36:54 AM     0       173    0.00    0.00    0.00    0.00    0.00     5      0.00      0.00       0       0   0.00  pva_task_status
02:36:54 AM     0       174    0.00    0.00    0.00    0.00    0.00     0      0.00      0.00       0       0   0.00  irq/75-pva-isr
02:36:54 AM     0       175    0.00    0.00    0.00    0.00    0.00     0      0.00      0.00       0       0   0.00  pva_task_status
02:36:54 AM     0       176    0.00    0.00    0.00    0.00    0.00     0      0.00      0.00       0       0   0.00  irq/76-pva-isr
02:36:54 AM     0       185    0.00    0.00    0.00    0.00    0.00     0      0.00      0.00       0       0   0.00  sdhci
02:36:54 AM     0       186    0.00    0.00    0.00    0.00    0.00     0      0.00      0.00       0       0   0.00  irq/39-mmc0
02:36:54 AM     0       187    0.00    0.00    0.00    0.00    0.00     2      0.00      0.00       0       0   0.00  sdhci
02:36:54 AM     0       189    0.00    0.00    0.00    0.00    0.00     0      0.00      0.00       0       0   0.00  irq/40-mmc1
02:36:54 AM     0       195    0.00    0.00    0.00    0.00    0.00     7      0.00      0.00       0       0   0.00  scsi_eh_0
02:36:54 AM     0       196    0.00    0.00    0.00    0.00    0.00     7      0.00      0.00       0       0   0.00  scsi_tmf_0
02:36:54 AM     0       197    0.00    0.00    0.00    0.00    0.00     0      0.00      0.00       0       0   0.00  kworker/5:2-events
02:36:54 AM     0       198    0.00    0.00    0.00    0.00    0.00     0      0.00      0.00       0       0   0.00  irq/67-15200000
02:36:54 AM     0       199    0.00    0.00    0.00    0.00    0.00     1      0.00      0.00       0       0   0.00  tegradc.0/a
02:36:54 AM     0       200    0.00    0.00    0.00    0.00    0.00     0      0.00      0.00       0       0   0.00  tegradc.0/b
02:36:54 AM     0       201    0.00    0.00    0.00    0.00    0.00     0      0.00      0.00       0       0   0.00  tegradc.0/c
02:36:54 AM     0       202    0.00    0.00    0.00    0.00    0.00     0      0.00      0.00       0       0   0.00  tegradc.0/d
02:36:54 AM     0       203    0.00    0.00    0.00    0.00    0.00     0      0.00      0.00       0       0   0.00  tegradc.0/e
02:36:54 AM     0       204    0.00    0.00    0.00    0.00    0.00     0      0.00      0.00       0       0   0.00  tegradc.0/f
02:36:54 AM     0       205    0.00    0.00    0.00    0.00    0.00     0      0.00      0.00       0       0   0.00  tegradc.0/sl
02:36:54 AM     0       206    0.00    0.00    0.00    0.00    0.00     0      0.00      0.00       0       0   0.00  irq/62-15200000
02:36:54 AM     0       207    0.00    0.00    0.00    0.00    0.00     0      0.00      0.00       0       0   0.00  irq/276-3400000
02:36:54 AM     0       208    0.00    0.00    0.00    0.00    0.00     0      0.00      0.00       0       0   0.00  ufs_eh_wq_0
02:36:54 AM     0       209    0.00    0.00    0.00    0.00    0.00     3      0.00      0.00       0       0   0.00  mmc_complete
02:36:54 AM     0       211    0.00    0.00    0.00    0.00    0.00     0      0.00      0.00       0       0   0.00  irq/278-1520000
02:36:54 AM     0       212    0.00    0.00    0.00    0.00    0.00     0      0.00      0.00       0       0   0.00  irq/203-3610000
02:36:54 AM     0       213    0.00    0.00    0.00    0.00    0.00     0      0.00      0.00       0       0   0.00  irq/221-3610000
02:36:54 AM     0       214    0.00    0.00    0.00    0.00    0.00     0      0.00      0.00       0       0   0.00  irq/30-tegra-pc
02:36:54 AM     0       216    0.00    0.00    0.00    0.00    0.00     0      0.00      0.00       0       0   0.00  kworker/4:3-events
02:36:54 AM     0       218    0.00    0.00    0.00    0.00    0.00     4      0.00      0.00       0       0   0.00  kworker/4:5-events
02:36:54 AM     0       221    0.00    0.00    0.00    0.00    0.00     0      0.00      0.00       0       0   0.00  kworker/6:12-events
02:36:54 AM     0       222    0.00    0.00    0.00    0.00    0.00     0      0.00      0.00       0       0   0.00  kworker/6:13-events
02:36:54 AM     0       225    0.00    0.00    0.00    0.00    0.00     0      0.00      0.00       0       0   0.00  irq/68-tegra_dp
02:36:54 AM     0       226    0.00    0.00    0.00    0.00    0.00     0      0.00      0.00       0       0   0.00  irq/65-15210000
02:36:54 AM     0       227    0.00    0.00    0.00    0.00    0.00     0      0.00      0.00       0       0   0.00  tegradc.1/a
02:36:54 AM     0       228    0.00    0.00    0.00    0.00    0.00     0      0.00      0.00       0       0   0.00  tegradc.1/b
02:36:54 AM     0       229    0.00    0.00    0.00    0.00    0.00     0      0.00      0.00       0       0   0.00  tegradc.1/c
02:36:54 AM     0       230    0.00    0.00    0.00    0.00    0.00     0      0.00      0.00       0       0   0.00  tegradc.1/d
02:36:54 AM     0       231    0.00    0.00    0.00    0.00    0.00     0      0.00      0.00       0       0   0.00  tegradc.1/e
02:36:54 AM     0       232    0.00    0.00    0.00    0.00    0.00     0      0.00      0.00       0       0   0.00  tegradc.1/f
02:36:54 AM     0       233    0.00    0.00    0.00    0.00    0.00     1      0.00      0.00       0       0   0.00  tegradc.1/sl
02:36:54 AM     0       234    0.00    0.00    0.00    0.00    0.00     0      0.00      0.00       0       0   0.00  irq/63-15210000
02:36:54 AM     0       249    0.00    0.00    0.00    0.00    0.00     0      0.00      0.00       0       0   0.00  irq/56-d230000.
02:36:54 AM     0       250    0.00    0.00    0.00    0.00    0.00     0      0.00      0.00       0       0   0.00  irq/69-tegra_dp
02:36:54 AM     0       251    0.00    0.00    0.00    0.00    0.00     0      0.00      0.00       0       0   0.00  irq/66-15220000
02:36:54 AM     0       252    0.00    0.00    0.00    0.00    0.00     0      0.00      0.00       0       0   0.00  tegradc.2/a
02:36:54 AM     0       253    0.00    0.00    0.00    0.00    0.00     0      0.00      0.00       0       0   0.00  tegradc.2/b
02:36:54 AM     0       254    0.00    0.00    0.00    0.00    0.00     0      0.00      0.00       0       0   0.00  tegradc.2/c
02:36:54 AM     0       255    0.00    0.00    0.00    0.00    0.00     0      0.00      0.00       0       0   0.00  tegradc.2/d
02:36:54 AM     0       256    0.00    0.00    0.00    0.00    0.00     0      0.00      0.00       0       0   0.00  tegradc.2/e
02:36:54 AM     0       257    0.00    0.00    0.00    0.00    0.00     0      0.00      0.00       0       0   0.00  tegradc.2/f
02:36:54 AM     0       258    0.00    0.00    0.00    0.00    0.00     0      0.00      0.00       0       0   0.00  tegradc.2/sl
02:36:54 AM     0       259    0.00    0.00    0.00    0.00    0.00     0      0.00      0.00       0       0   0.00  irq/64-15220000
02:36:54 AM     0       275    0.00    0.00    0.00    0.00    0.00     2      0.00      0.00       0       0   0.00  jbd2/mmcblk0p1-
02:36:54 AM     0       276    0.00    0.00    0.00    0.00    0.00     3      0.00      0.00       0       0   0.00  ext4-rsv-conver
02:36:54 AM     0       280    0.00    0.00    0.00    0.00    0.00     7      0.00      0.00       0       0   0.00  kworker/7:1H
02:36:54 AM     0       286    0.00    0.00    0.00    0.00    0.00     5      0.00      0.00       0       0   0.00  kworker/5:1H-kblockd
02:36:54 AM     0       312    0.00    0.00    0.00    0.00    0.00     2      0.00      0.00   61816   31668   0.10  systemd-journal
02:36:54 AM     0       338    0.00    4.00    0.00   19.00    4.00     1      0.00      0.00       0       0   0.00  nvmap-bz
02:36:54 AM     0       339    0.00    0.00    0.00    0.00    0.00     0      0.00      0.00       0       0   0.00  irq/204-gk20a_s
02:36:54 AM     0       340    0.00    0.00    0.00    0.00    0.00     0      0.00      0.00       0       0   0.00  irq/205-gk20a_n
02:36:54 AM     0       345    0.00    0.00    0.00    0.00    0.00     3      0.00      0.00    2776    1492   0.00  tee-supplicant
02:36:54 AM     0       347    0.00    0.00    0.00    0.00    0.00     3      0.00      0.00       0       0   0.00  optee_bus_scan
02:36:54 AM     0       358    0.00    0.00    0.00    0.00    0.00     3      0.00      0.00   22788    7532   0.02  systemd-udevd
02:36:54 AM     0       364    0.00    0.00    0.00    0.00    0.00     1      0.00      0.00    7948    4892   0.02  haveged
02:36:54 AM   126       365    0.00    0.00    0.00    0.00    0.00     3      0.00      0.00    7136    3108   0.01  rpcbind
02:36:54 AM   105       366    0.00    0.00    0.00    0.00    0.00     0      0.00      0.00   25592   13288   0.04  systemd-resolve
02:36:54 AM   103       367    0.00    0.00    0.00    0.00    0.00     1      0.00      0.00   90672    6220   0.02  systemd-timesyn
02:36:54 AM     0       407    0.00    0.00    0.00    0.00    0.00     5      0.00      0.00       0       0   0.00  cfg80211
02:36:54 AM     0       410    0.00    0.00    0.00    0.00    0.00     0      0.00      0.00       0       0   0.00  irq/42-3210000.
02:36:54 AM     0       412    0.00    0.00    0.00    0.00    0.00     2      0.00      0.00       0       0   0.00  spi0
02:36:54 AM     0       413    0.00   15.00    0.00    0.00   15.00     1      0.00      0.00       0       0   0.00  irq/282-iwlwifi
02:36:54 AM     0       416    0.00    0.00    0.00    0.00    0.00     4      0.00      0.00       0       0   0.00  ata_sff
02:36:54 AM     0       419    0.00    0.00    0.00    0.00    0.00     0      0.00      0.00       0       0   0.00  irq/43-c260000.
02:36:54 AM     0       420    0.00    0.00    0.00    0.00    0.00     6      0.00      0.00       0       0   0.00  scsi_eh_1
02:36:54 AM     0       422    0.00    0.00    0.00    0.00    0.00     6      0.00      0.00       0       0   0.00  scsi_tmf_1
02:36:54 AM     0       427    0.00    0.00    0.00    0.00    0.00     0      0.00      0.00       0       0   0.00  spi1
02:36:54 AM     0       430    0.00    0.00    0.00    0.00    0.00     3      0.00      0.00  242072    8880   0.03  accounts-daemon
02:36:54 AM   120       439    0.00    0.00    0.00    0.00    0.00     0      0.00      0.00    7084    3472   0.01  avahi-daemon
02:36:54 AM     0       441    0.00    0.00    0.00    0.00    0.00     2      0.00      0.00    9220    2516   0.01  cron
02:36:54 AM   106       443    0.00    0.00    0.00    0.00    0.00     1      0.00      0.00    9396    5264   0.02  dbus-daemon
02:36:54 AM     0       447    0.00    0.00    0.00    0.00    0.00     1      0.00      0.00  341244   20856   0.07  NetworkManager
02:36:54 AM     0       456    0.00    0.00    0.00    0.00    0.00     4      0.00      0.00   38300   19472   0.06  networkd-dispat
02:36:54 AM     0       473    0.00    0.00    0.00    0.00    0.00     2      0.00      0.00  238860   13352   0.04  polkitd
02:36:54 AM   125       483    0.00    0.00    0.00    0.00    0.00     2      0.00      0.00  220940    8288   0.03  rsyslogd
02:36:54 AM     0       503    0.00    0.00    0.00    0.00    0.00     2      0.00      0.00  235864    4364   0.01  switcheroo-cont
02:36:54 AM     0       514    0.00    0.00    0.00    0.00    0.00     0      0.00      0.00   17076    6760   0.02  systemd-logind
02:36:54 AM     0       523    0.00    0.00    0.00    0.00    0.00     2      0.00      0.00  395556   15676   0.05  udisksd
02:36:54 AM     0       528    0.00    0.00    0.00    0.00    0.00     3      0.00      0.00   12784    8052   0.03  wpa_supplicant
02:36:54 AM     0       548    0.00    0.00    0.00    0.00    0.00     0      0.00      0.00       0       0   0.00  sugov:0
02:36:54 AM   120       555    0.00    0.00    0.00    0.00    0.00     2      0.00      0.00    6896     324   0.00  avahi-daemon
02:36:54 AM     0       585    0.00    0.00    0.00    0.00    0.00     5      0.00      0.00       0       0   0.00  tmp451
02:36:54 AM     0       597    0.00    0.00    0.00    0.00    0.00     3      0.00      0.00       0       0   0.00  irq/286-1-0008
02:36:54 AM     0       600    0.00    0.00    0.00    0.00    0.00     2      0.00      0.00  321792   14480   0.05  ModemManager
02:36:54 AM     0       653    0.00    0.00    0.00    0.00    0.00     0      0.00      0.00    2476     604   0.00  nvfancontrol
02:36:54 AM     0       728    0.00    0.00    0.00    0.00    0.00     4      0.00      0.00       0       0   0.00  adspp_kthread
02:36:54 AM     0       779    0.00    0.00    0.00    0.00    0.00     6      0.00      0.00       0       0   0.00  kworker/6:2H-kblockd
02:36:54 AM     0       876    0.00    0.00    0.00    0.00    0.00     1      0.00      0.00       0       0   0.00  irq/289-2490000
02:36:54 AM     0       887    0.00    0.00    0.00    0.00    0.00     0      0.00      0.00       0       0   0.00  irq/32-eth0.com
02:36:54 AM     0       919    0.00    0.00    0.00    0.00    0.00     4      0.00      0.00       0       0   0.00  file-storage
02:36:54 AM     0       953    0.00    0.00    0.00    0.00    0.00     1      0.00      0.00       0       0   0.00  loop0
02:36:54 AM     0      1048    0.00    0.00    0.00    0.00    0.00     4      0.00      0.00       0       0   0.00  kworker/4:2H-kblockd
02:36:54 AM     0      1091    0.00    0.00    0.00    0.00    0.00     3      0.00      0.00       0       0   0.00  cryptd
02:36:54 AM     0      1147    0.00    0.00    0.00    0.00    0.00     2      0.00      0.00       0       0   0.00  sw-quiesce
02:36:54 AM     0      1148    0.00    0.00    0.00    0.00    0.00     1      0.00      0.00       0       0   0.00  nvgpu_channel_p
02:36:54 AM     0      1151    0.00    0.00    0.00    0.00    0.00     3      0.00      0.00       0       0   0.00  nvgpu_nvs_gv11b
02:36:54 AM     0      1153    0.00    0.00    0.00    0.00    0.00     0      0.00      0.00       0       0   0.00  nvgpu_pg_init_g
02:36:54 AM     0      1157    0.00    0.00    0.00    0.00    0.00     2      0.00      0.00       0       0   0.00  nvgpu_clk_arb_p
02:36:54 AM     0      1162    0.00    0.00    0.00    0.00    0.00     3      0.00      0.00       0       0   0.00  irq/288-rt5659
02:36:54 AM     0      1270    0.00    0.00    0.00    0.00    0.00     3      0.00      0.00   55688   11092   0.03  nvargus-daemon
02:36:54 AM     0      1273    0.00    0.00    0.00    0.00    0.00     3      0.00      0.00   21932    1552   0.00  nvs-service
02:36:54 AM     0      1298    0.00    0.00    0.00    0.00    0.00     1      0.00      0.00 2007972   50360   0.16  containerd
02:36:54 AM     0      1314    0.00    0.00    0.00    0.00    0.00     0      0.00      0.00  240032    7616   0.02  gdm3
02:36:54 AM   108      1326    0.00    0.00    0.00    0.00    0.00     3      0.00      0.00   11468    1896   0.01  kerneloops
02:36:54 AM     0      1327    0.00    0.00    0.00    0.00    0.00     1      0.00      0.00   12236    6576   0.02  sshd
02:36:54 AM     0      1336    0.00    0.00    0.00    0.00    0.00     0      0.00      0.00    7688    1876   0.01  agetty
02:36:54 AM     0      1337    0.00    0.00    0.00    0.00    0.00     2      0.00      0.00    7688    1904   0.01  agetty
02:36:54 AM   108      1339    0.00    0.00    0.00    0.00    0.00     1      0.00      0.00   11468    1820   0.01  kerneloops
02:36:54 AM     0      1340    0.00    0.00    0.00    0.00    0.00     3      0.00      0.00    9216    2824   0.01  nvgetty.sh
02:36:54 AM     0      1379    0.00    0.00    0.00    0.00    0.00     0      0.00      0.00    7688    1848   0.01  getty
02:36:54 AM     0      1554    0.00    0.00    0.00    0.00    0.00     2      0.00      0.00 2111796   85472   0.27  dockerd
02:36:54 AM     0      1677    0.00    0.00    0.00    0.00    0.00     2      0.00      0.00  168472    8256   0.03  gdm-session-wor
02:36:54 AM     0      1711    0.00    0.00    0.00    0.00    0.00     0      0.00      0.00    3248     808   0.00  nvphsd
02:36:54 AM     0      1716    0.00    0.00    0.00    0.00    0.00     3      0.00      0.00    3380    1788   0.01  nvphsd
02:36:54 AM   124      1789    0.00    0.00    0.00    0.00    0.00     3      0.00      0.00   19144    9224   0.03  systemd
02:36:54 AM   124      1804    0.00    0.00    0.00    0.00    0.00     3      0.00      0.00  104488    5436   0.02  (sd-pam)
02:36:54 AM   124      2014    0.00    0.00    0.00    0.00    0.00     2      0.00      0.00  961884   21984   0.07  pulseaudio
02:36:54 AM   124      2032    0.00    0.00    0.00    0.00    0.00     2      0.00      0.00  164156    5924   0.02  gdm-x-session
02:36:54 AM   124      2037    0.00    0.00    0.00    0.00    0.00     1      0.00      0.00 25330232   99256   0.31  Xorg
02:36:54 AM   118      2040    0.00    0.00    0.00    0.00    0.00     1      0.00      0.00  152516    2440   0.01  rtkit-daemon
02:36:54 AM   124      2162    0.00    0.00    0.00    0.00    0.00     2      0.00      0.00    7812    3448   0.01  dbus-daemon
02:36:54 AM   124      2428    0.00    0.00    0.00    0.00    0.00     0      0.00      0.00    4776    1164   0.00  dbus-run-sessio
02:36:54 AM   124      2429    0.00    0.00    0.00    0.00    0.00     2      0.00      0.00    8088    4104   0.01  dbus-daemon
02:36:54 AM   124      2438    0.00    0.00    0.00    0.00    0.00     3      0.00      0.00  559768   14932   0.05  gnome-session-b
02:36:54 AM     0      2457    0.00    0.00    0.00    0.00    0.00     2      0.00      0.00  101692   19628   0.06  jtop
02:36:54 AM   124      2463    0.00    0.00    0.00    0.00    0.00     3      0.00      0.00  309548   10092   0.03  at-spi-bus-laun
02:36:54 AM   124      2470    0.00    0.00    0.00    0.00    0.00     1      0.00      0.00    7676    3468   0.01  dbus-daemon
02:36:54 AM   124      2495    0.00    0.00    0.00    0.00    0.00     1      0.00      0.00 4022996  194924   0.61  gnome-shell
02:36:54 AM     0      2510    0.00    0.00    0.00    0.00    0.00     3      0.00      0.00  175424   16904   0.05  jtop
02:36:54 AM     0      2518    0.00    0.00    0.00    0.00    0.00     2      0.00      0.00  101692   17160   0.05  jtop
02:36:54 AM   124      2696    0.00    0.00    0.00    0.00    0.00     0      0.00      0.00  314420   11212   0.04  ibus-daemon
02:36:54 AM   124      2699    0.00    0.00    0.00    0.00    0.00     2      0.00      0.00  239960   11792   0.04  ibus-dconf
02:36:54 AM   124      2701    0.00    0.00    0.00    0.00    0.00     2      0.00      0.00  189920   16900   0.05  ibus-x11
02:36:54 AM   124      2704    0.00    0.00    0.00    0.00    0.00     3      0.00      0.00  239880    7776   0.02  ibus-portal
02:36:54 AM   124      2715    0.00    0.00    0.00    0.00    0.00     1      0.00      0.00  161420    6880   0.02  at-spi2-registr
02:36:54 AM   124      2719    0.00    0.00    0.00    0.00    0.00     3      0.00      0.00  235804    4672   0.01  xdg-permission-
02:36:54 AM     0      2725    0.00    0.00    0.00    0.00    0.00     2      0.00      0.00  252944    8776   0.03  upowerd
02:36:54 AM   124      2745    0.00    0.00    0.00    0.00    0.00     2      0.00      0.00 3001620   27244   0.09  gjs
02:36:54 AM   124      2764    0.00    0.00    0.00    0.00    0.00     1      0.00      0.00  469396   14236   0.04  gsd-sharing
02:36:54 AM   124      2765    0.00    0.00    0.00    0.00    0.00     1      0.00      0.00  334628   15072   0.05  gsd-wacom
02:36:54 AM   124      2768    0.00    0.00    0.00    0.00    0.00     3      0.00      0.00  571788   19844   0.06  gsd-color
02:36:54 AM   124      2772    0.00    0.00    0.00    0.00    0.00     2      0.00      0.00  338096   17824   0.06  gsd-keyboard
02:36:54 AM   124      2774    0.00    0.00    0.00    0.00    0.00     2      0.00      0.00  322508   11376   0.04  gsd-print-notif
02:36:54 AM   124      2779    0.00    0.00    0.00    0.00    0.00     3      0.00      0.00  166208    7736   0.02  ibus-engine-sim
02:36:54 AM   124      2780    0.00    0.00    0.00    0.00    0.00     1      0.00      0.00  457460    7996   0.03  gsd-rfkill
02:36:54 AM   124      2782    0.00    0.00    0.00    0.00    0.00     1      0.00      0.00  391976    9696   0.03  gsd-smartcard
02:36:54 AM   124      2784    0.00    0.00    0.00    0.00    0.00     2      0.00      0.00  374928   15372   0.05  gsd-datetime
02:36:54 AM   124      2790    0.00    0.00    0.00    0.00    0.00     2      0.00      0.00  679696   20032   0.06  gsd-media-keys
02:36:54 AM   124      2791    0.00    0.00    0.00    0.00    0.00     3      0.00      0.00  235772    5600   0.02  gsd-screensaver
02:36:54 AM   124      2793    0.00    0.00    0.00    0.00    0.00     3      0.00      0.00  320104    9452   0.03  gsd-sound
02:36:54 AM   124      2795    0.00    0.00    0.00    0.00    0.00     3      0.00      0.00  313652   10144   0.03  gsd-a11y-settin
02:36:54 AM   124      2799    0.00    0.00    0.00    0.00    0.00     2      0.00      0.00  313992   10524   0.03  gsd-housekeepin
02:36:54 AM   124      2802    0.00    0.00    0.00    0.00    0.00     0      0.00      0.00  339724   18828   0.06  gsd-power
02:36:54 AM   124      2824    0.00    0.00    0.00    0.00    0.00     2      0.00      0.00  342540   12784   0.04  gsd-printer
02:36:54 AM   119      2837    0.00    0.00    0.00    0.00    0.00     2      0.00      0.00  249328   17548   0.06  colord
02:36:54 AM     0     29120    0.00    0.00    0.00    0.00    0.00     3      0.00      0.00       0       0   0.00  kworker/u17:2
02:36:54 AM     0     33852    0.00    0.00    0.00    0.00    0.00     1      0.00      0.00       0       0   0.00  kworker/1:0H-kblockd
02:36:54 AM     0     35048    0.00    0.00    0.00    0.00    0.00     0      0.00      0.00       0       0   0.00  kworker/u17:0-rb_allocator
02:36:54 AM  1000     39960    0.00    0.00    0.00    0.00    0.00     2      0.00      0.00   19248    9208   0.03  systemd
02:36:54 AM  1000     39961    0.00    0.00    0.00    0.00    0.00     2      0.00      0.00  170940    6304   0.02  (sd-pam)
02:36:54 AM  1000     40037    0.00    0.00    0.00    0.00    0.00     3      0.00      0.00    7812    3952   0.01  dbus-daemon
02:36:54 AM     0     40147    0.00    0.00    0.00    0.00    0.00     1      0.00      0.00       0       0   0.00  kworker/1:0-mm_percpu_wq
02:36:54 AM     0     40174    0.00    0.00    0.00    0.00    0.00     2      0.00      0.00       0       0   0.00  kworker/2:2H-kblockd
02:36:54 AM     0     40194    0.00    0.00    0.00    0.00    0.00     3      0.00      0.00       0       0   0.00  kworker/3:0H-kblockd
02:36:54 AM     0     41650    0.00    0.00    0.00    0.00    0.00     3      0.00      0.00       0       0   0.00  kworker/3:0-mm_percpu_wq
02:36:54 AM     0     43913    0.00    0.00    0.00    0.00    0.00     2      0.00      0.00   14768    7560   0.02  sshd
02:36:54 AM  1000     43958    0.00    0.00    0.00    0.00    0.00     0      0.00      0.00   15292    6400   0.02  sshd
02:36:54 AM  1000     43959    0.00    0.00    0.00    0.00    0.00     1      0.00      0.00   11344    5444   0.02  bash
02:36:54 AM     0     50050    0.00    0.00    0.00    0.00    0.00     2      0.00      0.00   14768    7572   0.02  sshd
02:36:54 AM  1000     50094    0.00    0.00    0.00    0.00    0.00     3      0.00      0.00   15292    6428   0.02  sshd
02:36:54 AM  1000     50095    0.00    0.00    0.00    0.00    0.00     2      0.00      0.00   11344    5448   0.02  bash
02:36:54 AM     0     81462    0.00    0.00    0.00    0.00    0.00     2      0.00      0.00       0       0   0.00  kworker/2:2-events
02:36:54 AM     0     81478    0.00    0.00    0.00    0.00    0.00     0      0.00      0.00       0       0   0.00  kworker/0:1H-kblockd
02:36:54 AM  1000     84840    0.00    0.00    0.00    0.00    0.00     3      0.00      0.00  240176   10088   0.03  gnome-keyring-d
02:36:54 AM   124     84900    0.00    0.00    0.00    0.00    0.00     1      0.00      0.00  156240    4584   0.01  dconf-service
02:36:54 AM     0     85427    0.00    0.00    0.00    0.00    0.00     0      0.00      0.00       0       0   0.00  kworker/0:2-events
02:36:54 AM     0     86310    0.00    1.00    0.00    1.00    1.00     0      0.00      0.00       0       0   0.00  kworker/u16:1-events_unbound
02:36:54 AM     0     86312    0.00    0.00    0.00    0.00    0.00     3      0.00      0.00   14768    7564   0.02  sshd
02:36:54 AM  1000     86356    0.00    0.00    0.00    0.00    0.00     3      0.00      0.00   15292    6380   0.02  sshd
02:36:54 AM  1000     86357    0.00    0.00    0.00    0.00    0.00     0      0.00      0.00   11344    5440   0.02  bash
02:36:54 AM     0     86549    0.00    0.00    0.00    0.00    0.00     2      0.00      0.00   14768    7664   0.02  sshd
02:36:54 AM  1000     86593    1.00    2.00    0.00    2.00    3.00     3      0.00      0.00   15292    6480   0.02  sshd
02:36:54 AM  1000     86594    0.00    0.00    0.00    0.00    0.00     1      0.00      0.00   11860    5896   0.02  bash
02:36:54 AM     0     86632    0.00    0.00    0.00    0.00    0.00     3      0.00      0.00       0       0   0.00  kworker/3:2
02:36:54 AM     0     86695    0.00    0.00    0.00    0.00    0.00     2      0.00      0.00   14768    7616   0.02  sshd
02:36:54 AM  1000     86739    1.00    2.00    0.00    1.00    3.00     2      0.00      0.00   16116    7520   0.02  sshd
02:36:54 AM  1000     86740    0.00    0.00    0.00    0.00    0.00     0      0.00      0.00   11344    5344   0.02  bash
02:36:54 AM  1000     86916    0.00    0.00    0.00    0.00    0.00     3      0.00      0.00  283948   42984   0.14  roslaunch
02:36:54 AM  1000     86924    0.00    0.00    0.00    0.00    0.00     0      0.00      0.00  797980   43964   0.14  rosmaster
02:36:54 AM  1000     86934    0.00    0.00    0.00    0.00    0.00     1      0.00      0.00  274964   10080   0.03  rosout
02:36:54 AM  1000     86944   78.00   80.00    0.00   14.00  158.00     2      0.00      0.00 34859196  729048   2.30  scale_truck_con
02:36:54 AM  1000     86945   23.00   55.00    0.00    0.00   78.00     2      0.00      0.00 1571432  116640   0.37  LRC
02:36:54 AM  1000     87010    9.00    5.00    0.00    0.00   14.00     0      0.00      0.00  724884  128588   0.41  python3
02:36:54 AM     0     87290    0.00    0.00    0.00    0.00    0.00     0      0.00      0.00   14768    7584   0.02  sshd
02:36:54 AM  1000     87334    0.00    0.00    0.00    0.00    0.00     0      0.00      0.00   15292    6412   0.02  sshd
02:36:54 AM  1000     87335    0.00    0.00    0.00    0.00    0.00     2      0.00      0.00   11344    5436   0.02  bash
02:36:54 AM     0     89981    0.00    0.00    0.00    0.00    0.00     1      0.00      0.00       0       0   0.00  kworker/1:1-pm
02:36:54 AM     0     95050    0.00    0.00    0.00    0.00    0.00     2      0.00      0.00       0       0   0.00  kworker/2:0-events
02:36:54 AM     0     96173    0.00    0.00    0.00    0.00    0.00     1      0.00      0.00       0       0   0.00  kworker/1:2-pm
02:36:54 AM     0     99494    0.00    0.00    0.00    0.00    0.00     2      0.00      0.00       0       0   0.00  kworker/u16:3-events_unbound
02:36:54 AM     0    101032    0.00    0.00    0.00    0.00    0.00     2      0.00      0.00       0       0   0.00  kworker/2:1H
02:36:54 AM     0    102096    0.00    0.00    0.00    0.00    0.00     0      0.00      0.00       0       0   0.00  kworker/0:2H
02:36:54 AM     0    103173    0.00    0.00    0.00    0.00    0.00     3      0.00      0.00       0       0   0.00  kworker/3:1H
02:36:54 AM     0    107801    0.00    0.00    0.00    0.00    0.00     1      0.00      0.00       0       0   0.00  kworker/1:2H
02:36:54 AM     0    109830    0.00    0.00    0.00    0.00    0.00     0      0.00      0.00       0       0   0.00  kworker/0:1-events
02:36:54 AM     0    111231    0.00    0.00    0.00    0.00    0.00     1      0.00      0.00       0       0   0.00  kworker/u16:0-events_unbound
02:36:54 AM     0    111939    0.00    0.00    0.00    0.00    0.00     1      0.00      0.00       0       0   0.00  kworker/1:4-events
02:36:54 AM     0    121074    0.00    0.00    0.00    0.00    0.00     0      0.00      0.00       0       0   0.00  kworker/0:0-events
02:36:54 AM     0    122883    0.00    0.00    0.00    0.00    0.00     2      0.00      0.00       0       0   0.00  kworker/u16:2-devfreq_wq
02:36:54 AM     0    123203    0.00    0.00    0.00    0.00    0.00     3      0.00      0.00       0       0   0.00  kworker/3:2H
02:36:54 AM     0    124025    0.00    0.00    0.00    0.00    0.00     2      0.00      0.00       0       0   0.00  kworker/2:0H
02:36:54 AM     0    128328    0.00    0.00    0.00    0.00    0.00     1      0.00      0.00       0       0   0.00  kworker/1:3
02:36:54 AM  1000    128618    0.00    0.00    0.00    0.00    0.00     1      0.00      0.00    7828     540   0.00  timeout
02:36:54 AM  1000    128619    0.00    0.00    0.00    0.00    0.00     0      0.00      0.00    9208    3220   0.01  bash
02:36:54 AM  1000    128621    0.00    0.00    0.00    0.00    0.00     3      0.00      0.00   68712   42776   0.13  rosbag
02:36:54 AM  1000    128828    8.00   20.00    0.00    0.00   28.00     1      0.00      0.00 1172828   23428   0.07  record
02:36:54 AM  1000    128832    0.00    0.00    0.00    0.00    0.00     3      0.00      0.00   68692   43012   0.14  rosbag
02:36:54 AM  1000    128966    7.00   11.00    0.00   10.00   18.00     0      0.00      0.00   17764   10516   0.03  pidstat
02:36:54 AM  1000    128996    4.00    4.00    0.00    3.00    8.00     3      0.00      0.00  365380   25176   0.08  play

# Time        UID       PID    %usr %system  %guest   %wait    %CPU   CPU  minflt/s  majflt/s     VSZ     RSS   %MEM  Command
02:36:55 AM     0         1    0.00    0.00    0.00    0.00    0.00     2      0.00      0.00  169880   11540   0.04  systemd
02:36:55 AM     0         2    0.00    0.00    0.00    0.00    0.00     1      0.00      0.00       0       0   0.00  kthreadd
02:36:55 AM     0         3    0.00    0.00    0.00    0.00    0.00     0      0.00      0.00       0       0   0.00  rcu_gp
02:36:55 AM     0         4    0.00    0.00    0.00    0.00    0.00     0      0.00      0.00       0       0   0.00  rcu_par_gp
02:36:55 AM     0         8    0.00    0.00    0.00    0.00    0.00     0      0.00      0.00       0       0   0.00  mm_percpu_wq
02:36:55 AM     0         9    0.00    0.00    0.00    0.00    0.00     0      0.00      0.00       0       0   0.00  rcu_tasks_kthre
02:36:55 AM     0        10    0.00    0.00    0.00    0.00    0.00     0      0.00      0.00       0       0   0.00  rcu_tasks_rude_
02:36:55 AM     0        11    0.00    0.00    0.00    0.00    0.00     0      0.00      0.00       0       0   0.00  rcu_tasks_trace
02:36:55 AM     0        12    0.00    0.00    0.00    0.00    0.00     0      0.00      0.00       0       0   0.00  ksoftirqd/0
02:36:55 AM     0        13    0.00    0.00    0.00    1.00    0.00     2      0.00      0.00       0       0   0.00  rcu_preempt
02:36:55 AM     0        14    0.00    0.00    0.00    0.00    0.00     0      0.00      0.00       0       0   0.00  migration/0
02:36:55 AM     0        16    0.00    0.00    0.00    0.00    0.00     0      0.00      0.00       0       0   0.00  cpuhp/0
02:36:55 AM     0        17    0.00    0.00    0.00    0.00    0.00     1      0.00      0.00       0       0   0.00  cpuhp/1
02:36:55 AM     0        18    0.00    0.00    0.00    0.00    0.00     1      0.00      0.00       0       0   0.00  migration/1
02:36:55 AM     0        19    0.00    0.00    0.00    1.00    0.00     1      0.00      0.00       0       0   0.00  ksoftirqd/1
02:36:55 AM     0        22    0.00    0.00    0.00    0.00    0.00     2      0.00      0.00       0       0   0.00  cpuhp/2
02:36:55 AM     0        23    0.00    0.00    0.00    0.00    0.00     2      0.00      0.00       0       0   0.00  migration/2
02:36:55 AM     0        24    0.00    0.00    0.00    0.00    0.00     2      0.00      0.00       0       0   0.00  ksoftirqd/2
02:36:55 AM     0        27    0.00    0.00    0.00    0.00    0.00     3      0.00      0.00       0       0   0.00  cpuhp/3
02:36:55 AM     0        28    0.00    0.00    0.00    0.00    0.00     3      0.00      0.00       0       0   0.00  migration/3
02:36:55 AM     0        29    0.00    0.00    0.00    0.00    0.00     3      0.00      0.00       0       0   0.00  ksoftirqd/3
02:36:55 AM     0        32    0.00    0.00    0.00    0.00    0.00     4      0.00      0.00       0       0   0.00  cpuhp/4
02:36:55 AM     0        33    0.00    0.00    0.00    0.00    0.00     4      0.00      0.00       0       0   0.00  migration/4
02:36:55 AM     0        34    0.00    0.00    0.00    0.00    0.00     4      0.00      0.00       0       0   0.00  ksoftirqd/4
02:36:55 AM     0        36    0.00    0.00    0.00    0.00    0.00     4      0.00      0.00       0       0   0.00  kworker/4:0H-kblockd
02:36:55 AM     0        37    0.00    0.00    0.00    0.00    0.00     5      0.00      0.00       0       0   0.00  cpuhp/5
02:36:55 AM     0        38    0.00    0.00    0.00    0.00    0.00     5      0.00      0.00       0       0   0.00  migration/5
02:36:55 AM     0        39    0.00    0.00    0.00    0.00    0.00     5      0.00      0.00       0       0   0.00  ksoftirqd/5
02:36:55 AM     0        41    0.00    0.00    0.00    0.00    0.00     5      0.00      0.00       0       0   0.00  kworker/5:0H-kblockd
02:36:55 AM     0        42    0.00    0.00    0.00    0.00    0.00     6      0.00      0.00       0       0   0.00  cpuhp/6
02:36:55 AM     0        43    0.00    0.00    0.00    0.00    0.00     6      0.00      0.00       0       0   0.00  migration/6
02:36:55 AM     0        44    0.00    0.00    0.00    0.00    0.00     6      0.00      0.00       0       0   0.00  ksoftirqd/6
02:36:55 AM     0        46    0.00    0.00    0.00    0.00    0.00     6      0.00      0.00       0       0   0.00  kworker/6:0H-events_highpri
02:36:55 AM     0        47    0.00    0.00    0.00    0.00    0.00     7      0.00      0.00       0       0   0.00  cpuhp/7
02:36:55 AM     0        48    0.00    0.00    0.00    0.00    0.00     7      0.00      0.00       0       0   0.00  migration/7
02:36:55 AM     0        49    0.00    0.00    0.00    0.00    0.00     7      0.00      0.00       0       0   0.00  ksoftirqd/7
02:36:55 AM     0        50    0.00    0.00    0.00    0.00    0.00     0      0.00      0.00       0       0   0.00  kworker/7:0-rcu_gp
02:36:55 AM     0        51    0.00    0.00    0.00    0.00    0.00     7      0.00      0.00       0       0   0.00  kworker/7:0H-kblockd
02:36:55 AM     0        52    0.00    0.00    0.00    0.00    0.00     0      0.00      0.00       0       0   0.00  kdevtmpfs
02:36:55 AM     0        53    0.00    0.00    0.00    0.00    0.00     4      0.00      0.00       0       0   0.00  netns
02:36:55 AM     0        54    0.00    0.00    0.00    0.00    0.00     1      0.00      0.00       0       0   0.00  kauditd
02:36:55 AM     0        55    0.00    0.00    0.00    0.00    0.00     0      0.00      0.00       0       0   0.00  irq/87-mc_statu
02:36:55 AM     0        56    0.00    0.00    0.00    0.00    0.00     2      0.00      0.00       0       0   0.00  khungtaskd
02:36:55 AM     0        57    0.00    0.00    0.00    0.00    0.00     3      0.00      0.00       0       0   0.00  oom_reaper
02:36:55 AM     0        58    0.00    0.00    0.00    0.00    0.00     5      0.00      0.00       0       0   0.00  writeback
02:36:55 AM     0        59    0.00    0.00    0.00    0.00    0.00     2      0.00      0.00       0       0   0.00  kcompactd0
02:36:55 AM     0        60    0.00    0.00    0.00    0.00    0.00     1      0.00      0.00       0       0   0.00  ksmd
02:36:55 AM     0        61    0.00    0.00    0.00    0.00    0.00     2      0.00      0.00       0       0   0.00  khugepaged
02:36:55 AM     0        93    0.00    0.00    0.00    0.00    0.00     1      0.00      0.00       0       0   0.00  kintegrityd
02:36:55 AM     0        94    0.00    0.00    0.00    0.00    0.00     1      0.00      0.00       0       0   0.00  kblockd
02:36:55 AM     0        95    0.00    0.00    0.00    0.00    0.00     1      0.00      0.00       0       0   0.00  blkcg_punt_bio
02:36:55 AM     0        97    0.00    0.00    0.00    0.00    0.00     3      0.00      0.00       0       0   0.00  tpm_dev_wq
02:36:55 AM     0        98    0.00    0.00    0.00    0.00    0.00     0      0.00      0.00       0       0   0.00  irq/197-30c0000
02:36:55 AM     0        99    0.00    0.00    0.00    0.00    0.00     1      0.00      0.00       0       0   0.00  devfreq_wq
02:36:55 AM     0       100    0.00    0.00    0.00    0.00    0.00     1      0.00      0.00       0       0   0.00  watchdogd
02:36:55 AM     0       104    0.00    0.00    0.00    0.00    0.00     7      0.00      0.00       0       0   0.00  rpciod
02:36:55 AM     0       106    0.00    0.00    0.00    0.00    0.00     7      0.00      0.00       0       0   0.00  xprtiod
02:36:55 AM     0       108    0.00    0.00    0.00    0.00    0.00     7      0.00      0.00       0       0   0.00  kswapd0
02:36:55 AM     0       109    0.00    0.00    0.00    0.00    0.00     5      0.00      0.00       0       0   0.00  nfsiod
02:36:55 AM     0       112    0.00    0.00    0.00    0.00    0.00     1      0.00      0.00       0       0   0.00  kthrotld
02:36:55 AM     0       113    0.00    0.00    0.00    0.00    0.00     7      0.00      0.00       0       0   0.00  kpcitest
02:36:55 AM     0       116    0.00    0.00    0.00    0.00    0.00     5      0.00      0.00       0       0   0.00  kworker/5:1-events
02:36:55 AM     0       122    0.00    0.00    0.00    0.00    0.00     1      0.00      0.00       0       0   0.00  nvme-wq
02:36:55 AM     0       123    0.00    0.00    0.00    0.00    0.00     5      0.00      0.00       0       0   0.00  nvme-reset-wq
02:36:55 AM     0       124    0.00    0.00    0.00    0.00    0.00     6      0.00      0.00       0       0   0.00  nvme-delete-wq
02:36:55 AM     0       125    0.00    0.00    0.00    0.00    0.00     6      0.00      0.00       0       0   0.00  uas
02:36:55 AM     0       126    0.00    0.00    0.00    0.00    0.00     0      0.00      0.00       0       0   0.00  irq/222-tegra_r
02:36:55 AM     0       127    0.00    0.00    0.00    0.00    0.00     0      0.00      0.00       0       0   0.00  kworker/7:2-events
02:36:55 AM     0       129    0.00    0.00    0.00    0.00    0.00     0      0.00      0.00       0       0   0.00  irq/86-tegra-oc
02:36:55 AM     0       130    0.00    0.00    0.00    0.00    0.00     5      0.00      0.00       0       0   0.00  dm_bufio_cache
02:36:55 AM     0       131    0.00    0.00    0.00    0.00    0.00     0      0.00      0.00       0       0   0.00  irq/223-max7762
02:36:55 AM     0       140    0.00    0.00    0.00    0.00    0.00     0      0.00      0.00       0       0   0.00  irq/55-bc00000.
02:36:55 AM     0       143    0.00    0.00    0.00    0.00    0.00     0      0.00      0.00       0       0   0.00  ipv6_addrconf
02:36:55 AM     0       144    0.00    0.00    0.00    0.00    0.00     6      0.00      0.00       0       0   0.00  krfcommd
02:36:55 AM     0       145    0.00    0.00    0.00    0.00    0.00     0      0.00      0.00       0       0   0.00  kstrp
02:36:55 AM     0       150    0.00    0.00    0.00    0.00    0.00     0      0.00      0.00       0       0   0.00  irq/24-tegra-pc
02:36:55 AM     0       154    0.00    0.00    0.00    0.00    0.00     0      0.00      0.00       0       0   0.00  irq/26-tegra-pc
02:36:55 AM     0       160    0.00    0.00    0.00    0.00    0.00     0      0.00      0.00       0       0   0.00  irq/26-aerdrv
02:36:55 AM     0       161    0.00    0.00    0.00    0.00    0.00     0      0.00      0.00       0       0   0.00  irq/28-tegra-pc
02:36:55 AM     0       162    0.00    0.00    0.00    0.00    0.00     0      0.00      0.00       0       0   0.00  irq/28-aerdrv
02:36:55 AM     0       163    0.00    0.00    0.00    0.00    0.00     5      0.00      0.00       0       0   0.00  host_low_prio_w
02:36:55 AM     0       164    0.00    0.00    0.00    0.00    0.00     0      0.00      0.00       0       0   0.00  irq/57-host_syn
02:36:55 AM     0       165    0.00    0.00    0.00    0.00    0.00     0      0.00      0.00       0       0   0.00  irq/58-host_sta
02:36:55 AM     0       173    0.00    0.00    0.00    0.00    0.00     5      0.00      0.00       0       0   0.00  pva_task_status
02:36:55 AM     0       174    0.00    0.00    0.00    0.00    0.00     0      0.00      0.00       0       0   0.00  irq/75-pva-isr
02:36:55 AM     0       175    0.00    0.00    0.00    0.00    0.00     0      0.00      0.00       0       0   0.00  pva_task_status
02:36:55 AM     0       176    0.00    0.00    0.00    0.00    0.00     0      0.00      0.00       0       0   0.00  irq/76-pva-isr
02:36:55 AM     0       185    0.00    0.00    0.00    0.00    0.00     0      0.00      0.00       0       0   0.00  sdhci
02:36:55 AM     0       186    0.00    0.00    0.00    0.00    0.00     0      0.00      0.00       0       0   0.00  irq/39-mmc0
02:36:55 AM     0       187    0.00    0.00    0.00    0.00    0.00     2      0.00      0.00       0       0   0.00  sdhci
02:36:55 AM     0       189    0.00    0.00    0.00    0.00    0.00     0      0.00      0.00       0       0   0.00  irq/40-mmc1
02:36:55 AM     0       195    0.00    0.00    0.00    0.00    0.00     7      0.00      0.00       0       0   0.00  scsi_eh_0
02:36:55 AM     0       196    0.00    0.00    0.00    0.00    0.00     7      0.00      0.00       0       0   0.00  scsi_tmf_0
02:36:55 AM     0       197    0.00    0.00    0.00    0.00    0.00     0      0.00      0.00       0       0   0.00  kworker/5:2-events
02:36:55 AM     0       198    0.00    0.00    0.00    0.00    0.00     0      0.00      0.00       0       0   0.00  irq/67-15200000
02:36:55 AM     0       199    0.00    0.00    0.00    0.00    0.00     1      0.00      0.00       0       0   0.00  tegradc.0/a
02:36:55 AM     0       200    0.00    0.00    0.00    0.00    0.00     0      0.00      0.00       0       0   0.00  tegradc.0/b
02:36:55 AM     0       201    0.00    0.00    0.00    0.00    0.00     0      0.00      0.00       0       0   0.00  tegradc.0/c
02:36:55 AM     0       202    0.00    0.00    0.00    0.00    0.00     0      0.00      0.00       0       0   0.00  tegradc.0/d
02:36:55 AM     0       203    0.00    0.00    0.00    0.00    0.00     0      0.00      0.00       0       0   0.00  tegradc.0/e
02:36:55 AM     0       204    0.00    0.00    0.00    0.00    0.00     0      0.00      0.00       0       0   0.00  tegradc.0/f
02:36:55 AM     0       205    0.00    0.00    0.00    0.00    0.00     0      0.00      0.00       0       0   0.00  tegradc.0/sl
02:36:55 AM     0       206    0.00    0.00    0.00    0.00    0.00     0      0.00      0.00       0       0   0.00  irq/62-15200000
02:36:55 AM     0       207    0.00    0.00    0.00    0.00    0.00     0      0.00      0.00       0       0   0.00  irq/276-3400000
02:36:55 AM     0       208    0.00    0.00    0.00    0.00    0.00     0      0.00      0.00       0       0   0.00  ufs_eh_wq_0
02:36:55 AM     0       209    0.00    0.00    0.00    0.00    0.00     3      0.00      0.00       0       0   0.00  mmc_complete
02:36:55 AM     0       211    0.00    0.00    0.00    0.00    0.00     0      0.00      0.00       0       0   0.00  irq/278-1520000
02:36:55 AM     0       212    0.00    0.00    0.00    0.00    0.00     0      0.00      0.00       0       0   0.00  irq/203-3610000
02:36:55 AM     0       213    0.00    0.00    0.00    0.00    0.00     0      0.00      0.00       0       0   0.00  irq/221-3610000
02:36:55 AM     0       214    0.00    0.00    0.00    0.00    0.00     0      0.00      0.00       0       0   0.00  irq/30-tegra-pc
02:36:55 AM     0       216    0.00    0.00    0.00    0.00    0.00     0      0.00      0.00       0       0   0.00  kworker/4:3-events
02:36:55 AM     0       218    0.00    0.00    0.00    0.00    0.00     4      0.00      0.00       0       0   0.00  kworker/4:5-events
02:36:55 AM     0       221    0.00    0.00    0.00    0.00    0.00     0      0.00      0.00       0       0   0.00  kworker/6:12-events
02:36:55 AM     0       222    0.00    0.00    0.00    0.00    0.00     0      0.00      0.00       0       0   0.00  kworker/6:13-events
02:36:55 AM     0       225    0.00    0.00    0.00    0.00    0.00     0      0.00      0.00       0       0   0.00  irq/68-tegra_dp
02:36:55 AM     0       226    0.00    0.00    0.00    0.00    0.00     0      0.00      0.00       0       0   0.00  irq/65-15210000
02:36:55 AM     0       227    0.00    0.00    0.00    0.00    0.00     0      0.00      0.00       0       0   0.00  tegradc.1/a
02:36:55 AM     0       228    0.00    0.00    0.00    0.00    0.00     0      0.00      0.00       0       0   0.00  tegradc.1/b
02:36:55 AM     0       229    0.00    0.00    0.00    0.00    0.00     0      0.00      0.00       0       0   0.00  tegradc.1/c
02:36:55 AM     0       230    0.00    0.00    0.00    0.00    0.00     0      0.00      0.00       0       0   0.00  tegradc.1/d
02:36:55 AM     0       231    0.00    0.00    0.00    0.00    0.00     0      0.00      0.00       0       0   0.00  tegradc.1/e
02:36:55 AM     0       232    0.00    0.00    0.00    0.00    0.00     0      0.00      0.00       0       0   0.00  tegradc.1/f
02:36:55 AM     0       233    0.00    0.00    0.00    0.00    0.00     1      0.00      0.00       0       0   0.00  tegradc.1/sl
02:36:55 AM     0       234    0.00    0.00    0.00    0.00    0.00     0      0.00      0.00       0       0   0.00  irq/63-15210000
02:36:55 AM     0       249    0.00    0.00    0.00    0.00    0.00     0      0.00      0.00       0       0   0.00  irq/56-d230000.
02:36:55 AM     0       250    0.00    0.00    0.00    0.00    0.00     0      0.00      0.00       0       0   0.00  irq/69-tegra_dp
02:36:55 AM     0       251    0.00    0.00    0.00    0.00    0.00     0      0.00      0.00       0       0   0.00  irq/66-15220000
02:36:55 AM     0       252    0.00    0.00    0.00    0.00    0.00     0      0.00      0.00       0       0   0.00  tegradc.2/a
02:36:55 AM     0       253    0.00    0.00    0.00    0.00    0.00     0      0.00      0.00       0       0   0.00  tegradc.2/b
02:36:55 AM     0       254    0.00    0.00    0.00    0.00    0.00     0      0.00      0.00       0       0   0.00  tegradc.2/c
02:36:55 AM     0       255    0.00    0.00    0.00    0.00    0.00     0      0.00      0.00       0       0   0.00  tegradc.2/d
02:36:55 AM     0       256    0.00    0.00    0.00    0.00    0.00     0      0.00      0.00       0       0   0.00  tegradc.2/e
02:36:55 AM     0       257    0.00    0.00    0.00    0.00    0.00     0      0.00      0.00       0       0   0.00  tegradc.2/f
02:36:55 AM     0       258    0.00    0.00    0.00    0.00    0.00     0      0.00      0.00       0       0   0.00  tegradc.2/sl
02:36:55 AM     0       259    0.00    0.00    0.00    0.00    0.00     0      0.00      0.00       0       0   0.00  irq/64-15220000
02:36:55 AM     0       275    0.00    0.00    0.00    0.00    0.00     2      0.00      0.00       0       0   0.00  jbd2/mmcblk0p1-
02:36:55 AM     0       276    0.00    0.00    0.00    0.00    0.00     3      0.00      0.00       0       0   0.00  ext4-rsv-conver
02:36:55 AM     0       280    0.00    0.00    0.00    0.00    0.00     7      0.00      0.00       0       0   0.00  kworker/7:1H
02:36:55 AM     0       286    0.00    0.00    0.00    0.00    0.00     5      0.00      0.00       0       0   0.00  kworker/5:1H-kblockd
02:36:55 AM     0       312    0.00    0.00    0.00    0.00    0.00     2      0.00      0.00   61816   31668   0.10  systemd-journal
02:36:55 AM     0       338    0.00    4.00    0.00   15.00    4.00     2      0.00      0.00       0       0   0.00  nvmap-bz
02:36:55 AM     0       339    0.00    0.00    0.00    0.00    0.00     0      0.00      0.00       0       0   0.00  irq/204-gk20a_s
02:36:55 AM     0       340    0.00    0.00    0.00    0.00    0.00     0      0.00      0.00       0       0   0.00  irq/205-gk20a_n
02:36:55 AM     0       345    0.00    0.00    0.00    0.00    0.00     3      0.00      0.00    2776    1492   0.00  tee-supplicant
02:36:55 AM     0       347    0.00    0.00    0.00    0.00    0.00     3      0.00      0.00       0       0   0.00  optee_bus_scan
02:36:55 AM     0       358    0.00    0.00    0.00    0.00    0.00     3      0.00      0.00   22788    7532   0.02  systemd-udevd
02:36:55 AM     0       364    0.00    0.00    0.00    0.00    0.00     1      0.00      0.00    7948    4892   0.02  haveged
02:36:55 AM   126       365    0.00    0.00    0.00    0.00    0.00     3      0.00      0.00    7136    3108   0.01  rpcbind
02:36:55 AM   105       366    0.00    0.00    0.00    0.00    0.00     0      0.00      0.00   25592   13288   0.04  systemd-resolve
02:36:55 AM   103       367    0.00    0.00    0.00    0.00    0.00     1      0.00      0.00   90672    6220   0.02  systemd-timesyn
02:36:55 AM     0       407    0.00    0.00    0.00    0.00    0.00     5      0.00      0.00       0       0   0.00  cfg80211
02:36:55 AM     0       410    0.00    0.00    0.00    0.00    0.00     0      0.00      0.00       0       0   0.00  irq/42-3210000.
02:36:55 AM     0       412    0.00    0.00    0.00    0.00    0.00     2      0.00      0.00       0       0   0.00  spi0
02:36:55 AM     0       413    0.00   14.00    0.00    0.00   14.00     1      0.00      0.00       0       0   0.00  irq/282-iwlwifi
02:36:55 AM     0       416    0.00    0.00    0.00    0.00    0.00     4      0.00      0.00       0       0   0.00  ata_sff
02:36:55 AM     0       419    0.00    0.00    0.00    0.00    0.00     0      0.00      0.00       0       0   0.00  irq/43-c260000.
02:36:55 AM     0       420    0.00    0.00    0.00    0.00    0.00     6      0.00      0.00       0       0   0.00  scsi_eh_1
02:36:55 AM     0       422    0.00    0.00    0.00    0.00    0.00     6      0.00      0.00       0       0   0.00  scsi_tmf_1
02:36:55 AM     0       427    0.00    0.00    0.00    0.00    0.00     0      0.00      0.00       0       0   0.00  spi1
02:36:55 AM     0       430    0.00    0.00    0.00    0.00    0.00     3      0.00      0.00  242072    8880   0.03  accounts-daemon
02:36:55 AM   120       439    0.00    0.00    0.00    0.00    0.00     0      0.00      0.00    7084    3472   0.01  avahi-daemon
02:36:55 AM     0       441    0.00    0.00    0.00    0.00    0.00     2      0.00      0.00    9220    2516   0.01  cron
02:36:55 AM   106       443    0.00    0.00    0.00    0.00    0.00     1      0.00      0.00    9396    5264   0.02  dbus-daemon
02:36:55 AM     0       447    0.00    0.00    0.00    0.00    0.00     1      0.00      0.00  341244   20856   0.07  NetworkManager
02:36:55 AM     0       456    0.00    0.00    0.00    0.00    0.00     4      0.00      0.00   38300   19472   0.06  networkd-dispat
02:36:55 AM     0       473    0.00    0.00    0.00    0.00    0.00     2      0.00      0.00  238860   13352   0.04  polkitd
02:36:55 AM   125       483    0.00    0.00    0.00    0.00    0.00     2      0.00      0.00  220940    8288   0.03  rsyslogd
02:36:55 AM     0       503    0.00    0.00    0.00    0.00    0.00     2      0.00      0.00  235864    4364   0.01  switcheroo-cont
02:36:55 AM     0       514    0.00    0.00    0.00    0.00    0.00     0      0.00      0.00   17076    6760   0.02  systemd-logind
02:36:55 AM     0       523    0.00    0.00    0.00    0.00    0.00     2      0.00      0.00  395556   15676   0.05  udisksd
02:36:55 AM     0       528    0.00    0.00    0.00    0.00    0.00     3      0.00      0.00   12784    8052   0.03  wpa_supplicant
02:36:55 AM     0       548    0.00    0.00    0.00    0.00    0.00     0      0.00      0.00       0       0   0.00  sugov:0
02:36:55 AM   120       555    0.00    0.00    0.00    0.00    0.00     2      0.00      0.00    6896     324   0.00  avahi-daemon
02:36:55 AM     0       585    0.00    0.00    0.00    0.00    0.00     5      0.00      0.00       0       0   0.00  tmp451
02:36:55 AM     0       597    0.00    0.00    0.00    0.00    0.00     3      0.00      0.00       0       0   0.00  irq/286-1-0008
02:36:55 AM     0       600    0.00    0.00    0.00    0.00    0.00     2      0.00      0.00  321792   14480   0.05  ModemManager
02:36:55 AM     0       653    0.00    0.00    0.00    0.00    0.00     0      0.00      0.00    2476     604   0.00  nvfancontrol
02:36:55 AM     0       728    0.00    0.00    0.00    0.00    0.00     4      0.00      0.00       0       0   0.00  adspp_kthread
02:36:55 AM     0       779    0.00    0.00    0.00    0.00    0.00     6      0.00      0.00       0       0   0.00  kworker/6:2H-kblockd
02:36:55 AM     0       876    0.00    0.00    0.00    0.00    0.00     1      0.00      0.00       0       0   0.00  irq/289-2490000
02:36:55 AM     0       887    0.00    0.00    0.00    0.00    0.00     0      0.00      0.00       0       0   0.00  irq/32-eth0.com
02:36:55 AM     0       919    0.00    0.00    0.00    0.00    0.00     4      0.00      0.00       0       0   0.00  file-storage
02:36:55 AM     0       953    0.00    0.00    0.00    0.00    0.00     1      0.00      0.00       0       0   0.00  loop0
02:36:55 AM     0      1048    0.00    0.00    0.00    0.00    0.00     4      0.00      0.00       0       0   0.00  kworker/4:2H-kblockd
02:36:55 AM     0      1091    0.00    0.00    0.00    0.00    0.00     3      0.00      0.00       0       0   0.00  cryptd
02:36:55 AM     0      1147    0.00    0.00    0.00    0.00    0.00     2      0.00      0.00       0       0   0.00  sw-quiesce
02:36:55 AM     0      1148    0.00    0.00    0.00    0.00    0.00     0      0.00      0.00       0       0   0.00  nvgpu_channel_p
02:36:55 AM     0      1151    0.00    0.00    0.00    0.00    0.00     2      0.00      0.00       0       0   0.00  nvgpu_nvs_gv11b
02:36:55 AM     0      1153    0.00    0.00    0.00    0.00    0.00     0      0.00      0.00       0       0   0.00  nvgpu_pg_init_g
02:36:55 AM     0      1157    0.00    0.00    0.00    0.00    0.00     2      0.00      0.00       0       0   0.00  nvgpu_clk_arb_p
02:36:55 AM     0      1162    0.00    0.00    0.00    0.00    0.00     3      0.00      0.00       0       0   0.00  irq/288-rt5659
02:36:55 AM     0      1270    0.00    0.00    0.00    0.00    0.00     3      0.00      0.00   55688   11092   0.03  nvargus-daemon
02:36:55 AM     0      1273    0.00    0.00    0.00    0.00    0.00     3      0.00      0.00   21932    1552   0.00  nvs-service
02:36:55 AM     0      1298    0.00    0.00    0.00    0.00    0.00     1      0.00      0.00 2007972   50360   0.16  containerd
02:36:55 AM     0      1314    0.00    0.00    0.00    0.00    0.00     0      0.00      0.00  240032    7616   0.02  gdm3
02:36:55 AM   108      1326    0.00    0.00    0.00    0.00    0.00     3      0.00      0.00   11468    1896   0.01  kerneloops
02:36:55 AM     0      1327    0.00    0.00    0.00    0.00    0.00     1      0.00      0.00   12236    6576   0.02  sshd
02:36:55 AM     0      1336    0.00    0.00    0.00    0.00    0.00     0      0.00      0.00    7688    1876   0.01  agetty
02:36:55 AM     0      1337    0.00    0.00    0.00    0.00    0.00     2      0.00      0.00    7688    1904   0.01  agetty
02:36:55 AM   108      1339    0.00    0.00    0.00    0.00    0.00     1      0.00      0.00   11468    1820   0.01  kerneloops
02:36:55 AM     0      1340    0.00    0.00    0.00    0.00    0.00     3      0.00      0.00    9216    2824   0.01  nvgetty.sh
02:36:55 AM     0      1379    0.00    0.00    0.00    0.00    0.00     0      0.00      0.00    7688    1848   0.01  getty
02:36:55 AM     0      1554    0.00    0.00    0.00    0.00    0.00     2      0.00      0.00 2111796   85472   0.27  dockerd
02:36:55 AM     0      1677    0.00    0.00    0.00    0.00    0.00     2      0.00      0.00  168472    8256   0.03  gdm-session-wor
02:36:55 AM     0      1711    0.00    0.00    0.00    0.00    0.00     0      0.00      0.00    3248     808   0.00  nvphsd
02:36:55 AM     0      1716    0.00    0.00    0.00    0.00    0.00     3      0.00      0.00    3380    1788   0.01  nvphsd
02:36:55 AM   124      1789    0.00    0.00    0.00    0.00    0.00     3      0.00      0.00   19144    9224   0.03  systemd
02:36:55 AM   124      1804    0.00    0.00    0.00    0.00    0.00     3      0.00      0.00  104488    5436   0.02  (sd-pam)
02:36:55 AM   124      2014    0.00    0.00    0.00    0.00    0.00     2      0.00      0.00  961884   21984   0.07  pulseaudio
02:36:55 AM   124      2032    0.00    0.00    0.00    0.00    0.00     2      0.00      0.00  164156    5924   0.02  gdm-x-session
02:36:55 AM   124      2037    0.00    0.00    0.00    0.00    0.00     1      0.00      0.00 25330232   99256   0.31  Xorg
02:36:55 AM   118      2040    0.00    0.00    0.00    0.00    0.00     1      0.00      0.00  152516    2440   0.01  rtkit-daemon
02:36:55 AM   124      2162    0.00    0.00    0.00    0.00    0.00     2      0.00      0.00    7812    3448   0.01  dbus-daemon
02:36:55 AM   124      2428    0.00    0.00    0.00    0.00    0.00     0      0.00      0.00    4776    1164   0.00  dbus-run-sessio
02:36:55 AM   124      2429    0.00    0.00    0.00    0.00    0.00     2      0.00      0.00    8088    4104   0.01  dbus-daemon
02:36:55 AM   124      2438    0.00    0.00    0.00    0.00    0.00     3      0.00      0.00  559768   14932   0.05  gnome-session-b
02:36:55 AM     0      2457    0.00    0.00    0.00    0.00    0.00     2      0.00      0.00  101692   19628   0.06  jtop
02:36:55 AM   124      2463    0.00    0.00    0.00    0.00    0.00     3      0.00      0.00  309548   10092   0.03  at-spi-bus-laun
02:36:55 AM   124      2470    0.00    0.00    0.00    0.00    0.00     1      0.00      0.00    7676    3468   0.01  dbus-daemon
02:36:55 AM   124      2495    0.00    0.00    0.00    0.00    0.00     1      0.00      0.00 4022996  194924   0.61  gnome-shell
02:36:55 AM     0      2510    0.00    0.00    0.00    0.00    0.00     3      0.00      0.00  175424   16904   0.05  jtop
02:36:55 AM     0      2518    0.00    0.00    0.00    0.00    0.00     2      0.00      0.00  101692   17160   0.05  jtop
02:36:55 AM   124      2696    0.00    0.00    0.00    0.00    0.00     0      0.00      0.00  314420   11212   0.04  ibus-daemon
02:36:55 AM   124      2699    0.00    0.00    0.00    0.00    0.00     2      0.00      0.00  239960   11792   0.04  ibus-dconf
02:36:55 AM   124      2701    0.00    0.00    0.00    0.00    0.00     2      0.00      0.00  189920   16900   0.05  ibus-x11
02:36:55 AM   124      2704    0.00    0.00    0.00    0.00    0.00     3      0.00      0.00  239880    7776   0.02  ibus-portal
02:36:55 AM   124      2715    0.00    0.00    0.00    0.00    0.00     1      0.00      0.00  161420    6880   0.02  at-spi2-registr
02:36:55 AM   124      2719    0.00    0.00    0.00    0.00    0.00     3      0.00      0.00  235804    4672   0.01  xdg-permission-
02:36:55 AM     0      2725    0.00    0.00    0.00    0.00    0.00     2      0.00      0.00  252944    8776   0.03  upowerd
02:36:55 AM   124      2745    0.00    0.00    0.00    0.00    0.00     2      0.00      0.00 3001620   27244   0.09  gjs
02:36:55 AM   124      2764    0.00    0.00    0.00    0.00    0.00     1      0.00      0.00  469396   14236   0.04  gsd-sharing
02:36:55 AM   124      2765    0.00    0.00    0.00    0.00    0.00     1      0.00      0.00  334628   15072   0.05  gsd-wacom
02:36:55 AM   124      2768    0.00    0.00    0.00    0.00    0.00     3      0.00      0.00  571788   19844   0.06  gsd-color
02:36:55 AM   124      2772    0.00    0.00    0.00    0.00    0.00     2      0.00      0.00  338096   17824   0.06  gsd-keyboard
02:36:55 AM   124      2774    0.00    0.00    0.00    0.00    0.00     2      0.00      0.00  322508   11376   0.04  gsd-print-notif
02:36:55 AM   124      2779    0.00    0.00    0.00    0.00    0.00     3      0.00      0.00  166208    7736   0.02  ibus-engine-sim
02:36:55 AM   124      2780    0.00    0.00    0.00    0.00    0.00     1      0.00      0.00  457460    7996   0.03  gsd-rfkill
02:36:55 AM   124      2782    0.00    0.00    0.00    0.00    0.00     1      0.00      0.00  391976    9696   0.03  gsd-smartcard
02:36:55 AM   124      2784    0.00    0.00    0.00    0.00    0.00     2      0.00      0.00  374928   15372   0.05  gsd-datetime
02:36:55 AM   124      2790    0.00    0.00    0.00    0.00    0.00     2      0.00      0.00  679696   20032   0.06  gsd-media-keys
02:36:55 AM   124      2791    0.00    0.00    0.00    0.00    0.00     3      0.00      0.00  235772    5600   0.02  gsd-screensaver
02:36:55 AM   124      2793    0.00    0.00    0.00    0.00    0.00     3      0.00      0.00  320104    9452   0.03  gsd-sound
02:36:55 AM   124      2795    0.00    0.00    0.00    0.00    0.00     3      0.00      0.00  313652   10144   0.03  gsd-a11y-settin
02:36:55 AM   124      2799    0.00    0.00    0.00    0.00    0.00     2      0.00      0.00  313992   10524   0.03  gsd-housekeepin
02:36:55 AM   124      2802    0.00    0.00    0.00    0.00    0.00     0      0.00      0.00  339724   18828   0.06  gsd-power
02:36:55 AM   124      2824    0.00    0.00    0.00    0.00    0.00     2      0.00      0.00  342540   12784   0.04  gsd-printer
02:36:55 AM   119      2837    0.00    0.00    0.00    0.00    0.00     2      0.00      0.00  249328   17548   0.06  colord
02:36:55 AM     0     29120    0.00    0.00    0.00    0.00    0.00     3      0.00      0.00       0       0   0.00  kworker/u17:2
02:36:55 AM     0     33852    0.00    0.00    0.00    0.00    0.00     1      0.00      0.00       0       0   0.00  kworker/1:0H-kblockd
02:36:55 AM     0     35048    0.00    0.00    0.00    0.00    0.00     0      0.00      0.00       0       0   0.00  kworker/u17:0-thermal_fan_est
02:36:55 AM  1000     39960    0.00    0.00    0.00    0.00    0.00     2      0.00      0.00   19248    9208   0.03  systemd
02:36:55 AM  1000     39961    0.00    0.00    0.00    0.00    0.00     2      0.00      0.00  170940    6304   0.02  (sd-pam)
02:36:55 AM  1000     40037    0.00    0.00    0.00    0.00    0.00     3      0.00      0.00    7812    3952   0.01  dbus-daemon
02:36:55 AM     0     40147    0.00    0.00    0.00    0.00    0.00     1      0.00      0.00       0       0   0.00  kworker/1:0-mm_percpu_wq
02:36:55 AM     0     40174    0.00    0.00    0.00    0.00    0.00     2      0.00      0.00       0       0   0.00  kworker/2:2H-kblockd
02:36:55 AM     0     40194    0.00    0.00    0.00    0.00    0.00     3      0.00      0.00       0       0   0.00  kworker/3:0H-kblockd
02:36:55 AM     0     41650    0.00    0.00    0.00    0.00    0.00     3      0.00      0.00       0       0   0.00  kworker/3:0-mm_percpu_wq
02:36:55 AM     0     43913    0.00    0.00    0.00    0.00    0.00     2      0.00      0.00   14768    7560   0.02  sshd
02:36:55 AM  1000     43958    0.00    0.00    0.00    0.00    0.00     0      0.00      0.00   15292    6400   0.02  sshd
02:36:55 AM  1000     43959    0.00    0.00    0.00    0.00    0.00     1      0.00      0.00   11344    5444   0.02  bash
02:36:55 AM     0     50050    0.00    0.00    0.00    0.00    0.00     2      0.00      0.00   14768    7572   0.02  sshd
02:36:55 AM  1000     50094    0.00    0.00    0.00    0.00    0.00     3      0.00      0.00   15292    6428   0.02  sshd
02:36:55 AM  1000     50095    0.00    0.00    0.00    0.00    0.00     2      0.00      0.00   11344    5448   0.02  bash
02:36:55 AM     0     81462    0.00    0.00    0.00    0.00    0.00     2      0.00      0.00       0       0   0.00  kworker/2:2-mm_percpu_wq
02:36:55 AM     0     81478    0.00    0.00    0.00    0.00    0.00     0      0.00      0.00       0       0   0.00  kworker/0:1H-kblockd
02:36:55 AM  1000     84840    0.00    0.00    0.00    0.00    0.00     3      0.00      0.00  240176   10088   0.03  gnome-keyring-d
02:36:55 AM   124     84900    0.00    0.00    0.00    0.00    0.00     1      0.00      0.00  156240    4584   0.01  dconf-service
02:36:55 AM     0     85427    0.00    0.00    0.00    1.00    0.00     0      0.00      0.00       0       0   0.00  kworker/0:2-events
02:36:55 AM     0     86310    0.00    0.00    0.00    0.00    0.00     3      0.00      0.00       0       0   0.00  kworker/u16:1-devfreq_wq
02:36:55 AM     0     86312    0.00    0.00    0.00    0.00    0.00     3      0.00      0.00   14768    7564   0.02  sshd
02:36:55 AM  1000     86356    0.00    0.00    0.00    0.00    0.00     3      0.00      0.00   15292    6380   0.02  sshd
02:36:55 AM  1000     86357    0.00    0.00    0.00    0.00    0.00     0      0.00      0.00   11344    5440   0.02  bash
02:36:55 AM     0     86549    0.00    0.00    0.00    0.00    0.00     2      0.00      0.00   14768    7664   0.02  sshd
02:36:55 AM  1000     86593    1.00    3.00    0.00    4.00    4.00     2      0.00      0.00   15292    6480   0.02  sshd
02:36:55 AM  1000     86594    0.00    0.00    0.00    0.00    0.00     1      0.00      0.00   11860    5896   0.02  bash
02:36:55 AM     0     86632    0.00    0.00    0.00    0.00    0.00     3      0.00      0.00       0       0   0.00  kworker/3:2
02:36:55 AM     0     86695    0.00    0.00    0.00    0.00    0.00     2      0.00      0.00   14768    7616   0.02  sshd
02:36:55 AM  1000     86739    1.00    1.00    0.00    1.00    2.00     3      0.00      0.00   16116    7520   0.02  sshd
02:36:55 AM  1000     86740    0.00    0.00    0.00    0.00    0.00     0      0.00      0.00   11344    5344   0.02  bash
02:36:55 AM  1000     86916    1.00    0.00    0.00    0.00    1.00     3      0.00      0.00  283948   42984   0.14  roslaunch
02:36:55 AM  1000     86924    1.00    0.00    0.00    0.00    1.00     0      0.00      0.00  797980   43964   0.14  rosmaster
02:36:55 AM  1000     86934    0.00    0.00    0.00    0.00    0.00     1      0.00      0.00  274964   10080   0.03  rosout
02:36:55 AM  1000     86944   64.00   77.00    0.00   15.00  141.00     0    861.00      0.00 34859196  742712   2.34  scale_truck_con
02:36:55 AM  1000     86945   20.00   66.00    0.00    0.00   86.00     2      0.00      0.00 1571432  116640   0.37  LRC
02:36:55 AM  1000     87010    8.00    5.00    0.00    0.00   13.00     0      0.00      0.00  724884  128588   0.41  python3
02:36:55 AM     0     87290    0.00    0.00    0.00    0.00    0.00     0      0.00      0.00   14768    7584   0.02  sshd
02:36:55 AM  1000     87334    0.00    0.00    0.00    0.00    0.00     0      0.00      0.00   15292    6412   0.02  sshd
02:36:55 AM  1000     87335    0.00    0.00    0.00    0.00    0.00     2      0.00      0.00   11344    5436   0.02  bash
02:36:55 AM     0     89981    0.00    0.00    0.00    0.00    0.00     1      0.00      0.00       0       0   0.00  kworker/1:1-pm
02:36:55 AM     0     95050    0.00    0.00    0.00    0.00    0.00     2      0.00      0.00       0       0   0.00  kworker/2:0-events
02:36:55 AM     0     96173    0.00    0.00    0.00    0.00    0.00     1      0.00      0.00       0       0   0.00  kworker/1:2-pm
02:36:55 AM     0     99494    0.00    1.00    0.00    1.00    1.00     3      0.00      0.00       0       0   0.00  kworker/u16:3-events_unbound
02:36:55 AM     0    101032    0.00    0.00    0.00    0.00    0.00     2      0.00      0.00       0       0   0.00  kworker/2:1H
02:36:55 AM     0    102096    0.00    0.00    0.00    0.00    0.00     0      0.00      0.00       0       0   0.00  kworker/0:2H
02:36:55 AM     0    103173    0.00    0.00    0.00    0.00    0.00     3      0.00      0.00       0       0   0.00  kworker/3:1H
02:36:55 AM     0    107801    0.00    0.00    0.00    0.00    0.00     1      0.00      0.00       0       0   0.00  kworker/1:2H
02:36:55 AM     0    109830    0.00    0.00    0.00    0.00    0.00     0      0.00      0.00       0       0   0.00  kworker/0:1-events
02:36:55 AM     0    111231    0.00    0.00    0.00    0.00    0.00     1      0.00      0.00       0       0   0.00  kworker/u16:0-events_unbound
02:36:55 AM     0    111939    0.00    0.00    0.00    0.00    0.00     1      0.00      0.00       0       0   0.00  kworker/1:4-events
02:36:55 AM     0    121074    0.00    0.00    0.00    0.00    0.00     0      0.00      0.00       0       0   0.00  kworker/0:0-events
02:36:55 AM     0    122883    0.00    0.00    0.00    0.00    0.00     2      0.00      0.00       0       0   0.00  kworker/u16:2-devfreq_wq
02:36:55 AM     0    123203    0.00    0.00    0.00    0.00    0.00     3      0.00      0.00       0       0   0.00  kworker/3:2H
02:36:55 AM     0    124025    0.00    0.00    0.00    0.00    0.00     2      0.00      0.00       0       0   0.00  kworker/2:0H
02:36:55 AM     0    128328    0.00    0.00    0.00    0.00    0.00     1      0.00      0.00       0       0   0.00  kworker/1:3
02:36:55 AM  1000    128618    0.00    0.00    0.00    0.00    0.00     1      0.00      0.00    7828     540   0.00  timeout
02:36:55 AM  1000    128619    0.00    0.00    0.00    0.00    0.00     0      0.00      0.00    9208    3220   0.01  bash
02:36:55 AM  1000    128621    0.00    0.00    0.00    0.00    0.00     3      0.00      0.00   68712   42776   0.13  rosbag
02:36:55 AM  1000    128828   16.00   35.00    0.00    0.00   51.00     1      3.00      0.00 1172828   23428   0.07  record
02:36:55 AM  1000    128832    0.00    0.00    0.00    0.00    0.00     3      0.00      0.00   68692   43012   0.14  rosbag
02:36:55 AM  1000    128966    4.00   13.00    0.00   17.00   17.00     0      0.00      0.00   17764   10516   0.03  pidstat
02:36:55 AM  1000    128996    4.00    6.00    0.00    8.00   10.00     1      0.00      0.00  365380   25176   0.08  play

# Time        UID       PID    %usr %system  %guest   %wait    %CPU   CPU  minflt/s  majflt/s     VSZ     RSS   %MEM  Command
02:36:56 AM     0         1    0.00    0.00    0.00    0.00    0.00     2      0.00      0.00  169880   11540   0.04  systemd
02:36:56 AM     0         2    0.00    0.00    0.00    0.00    0.00     1      0.00      0.00       0       0   0.00  kthreadd
02:36:56 AM     0         3    0.00    0.00    0.00    0.00    0.00     0      0.00      0.00       0       0   0.00  rcu_gp
02:36:56 AM     0         4    0.00    0.00    0.00    0.00    0.00     0      0.00      0.00       0       0   0.00  rcu_par_gp
02:36:56 AM     0         8    0.00    0.00    0.00    0.00    0.00     0      0.00      0.00       0       0   0.00  mm_percpu_wq
02:36:56 AM     0         9    0.00    0.00    0.00    0.00    0.00     0      0.00      0.00       0       0   0.00  rcu_tasks_kthre
02:36:56 AM     0        10    0.00    0.00    0.00    0.00    0.00     0      0.00      0.00       0       0   0.00  rcu_tasks_rude_
02:36:56 AM     0        11    0.00    0.00    0.00    0.00    0.00     0      0.00      0.00       0       0   0.00  rcu_tasks_trace
02:36:56 AM     0        12    0.00    1.00    0.00    0.00    1.00     0      0.00      0.00       0       0   0.00  ksoftirqd/0
02:36:56 AM     0        13    0.00    0.00    0.00    0.00    0.00     1      0.00      0.00       0       0   0.00  rcu_preempt
02:36:56 AM     0        14    0.00    0.00    0.00    0.00    0.00     0      0.00      0.00       0       0   0.00  migration/0
02:36:56 AM     0        16    0.00    0.00    0.00    0.00    0.00     0      0.00      0.00       0       0   0.00  cpuhp/0
02:36:56 AM     0        17    0.00    0.00    0.00    0.00    0.00     1      0.00      0.00       0       0   0.00  cpuhp/1
02:36:56 AM     0        18    0.00    0.00    0.00    0.00    0.00     1      0.00      0.00       0       0   0.00  migration/1
02:36:56 AM     0        19    0.00    1.00    0.00    0.00    1.00     1      0.00      0.00       0       0   0.00  ksoftirqd/1
02:36:56 AM     0        22    0.00    0.00    0.00    0.00    0.00     2      0.00      0.00       0       0   0.00  cpuhp/2
02:36:56 AM     0        23    0.00    0.00    0.00    0.00    0.00     2      0.00      0.00       0       0   0.00  migration/2
02:36:56 AM     0        24    0.00    0.00    0.00    0.00    0.00     2      0.00      0.00       0       0   0.00  ksoftirqd/2
02:36:56 AM     0        27    0.00    0.00    0.00    0.00    0.00     3      0.00      0.00       0       0   0.00  cpuhp/3
02:36:56 AM     0        28    0.00    0.00    0.00    0.00    0.00     3      0.00      0.00       0       0   0.00  migration/3
02:36:56 AM     0        29    0.00    0.00    0.00    0.00    0.00     3      0.00      0.00       0       0   0.00  ksoftirqd/3
02:36:56 AM     0        32    0.00    0.00    0.00    0.00    0.00     4      0.00      0.00       0       0   0.00  cpuhp/4
02:36:56 AM     0        33    0.00    0.00    0.00    0.00    0.00     4      0.00      0.00       0       0   0.00  migration/4
02:36:56 AM     0        34    0.00    0.00    0.00    0.00    0.00     4      0.00      0.00       0       0   0.00  ksoftirqd/4
02:36:56 AM     0        36    0.00    0.00    0.00    0.00    0.00     4      0.00      0.00       0       0   0.00  kworker/4:0H-kblockd
02:36:56 AM     0        37    0.00    0.00    0.00    0.00    0.00     5      0.00      0.00       0       0   0.00  cpuhp/5
02:36:56 AM     0        38    0.00    0.00    0.00    0.00    0.00     5      0.00      0.00       0       0   0.00  migration/5
02:36:56 AM     0        39    0.00    0.00    0.00    0.00    0.00     5      0.00      0.00       0       0   0.00  ksoftirqd/5
02:36:56 AM     0        41    0.00    0.00    0.00    0.00    0.00     5      0.00      0.00       0       0   0.00  kworker/5:0H-kblockd
02:36:56 AM     0        42    0.00    0.00    0.00    0.00    0.00     6      0.00      0.00       0       0   0.00  cpuhp/6
02:36:56 AM     0        43    0.00    0.00    0.00    0.00    0.00     6      0.00      0.00       0       0   0.00  migration/6
02:36:56 AM     0        44    0.00    0.00    0.00    0.00    0.00     6      0.00      0.00       0       0   0.00  ksoftirqd/6
02:36:56 AM     0        46    0.00    0.00    0.00    0.00    0.00     6      0.00      0.00       0       0   0.00  kworker/6:0H-events_highpri
02:36:56 AM     0        47    0.00    0.00    0.00    0.00    0.00     7      0.00      0.00       0       0   0.00  cpuhp/7
02:36:56 AM     0        48    0.00    0.00    0.00    0.00    0.00     7      0.00      0.00       0       0   0.00  migration/7
02:36:56 AM     0        49    0.00    0.00    0.00    0.00    0.00     7      0.00      0.00       0       0   0.00  ksoftirqd/7
02:36:56 AM     0        50    0.00    0.00    0.00    0.00    0.00     0      0.00      0.00       0       0   0.00  kworker/7:0-rcu_gp
02:36:56 AM     0        51    0.00    0.00    0.00    0.00    0.00     7      0.00      0.00       0       0   0.00  kworker/7:0H-kblockd
02:36:56 AM     0        52    0.00    0.00    0.00    0.00    0.00     0      0.00      0.00       0       0   0.00  kdevtmpfs
02:36:56 AM     0        53    0.00    0.00    0.00    0.00    0.00     4      0.00      0.00       0       0   0.00  netns
02:36:56 AM     0        54    0.00    0.00    0.00    0.00    0.00     1      0.00      0.00       0       0   0.00  kauditd
02:36:56 AM     0        55    0.00    0.00    0.00    0.00    0.00     0      0.00      0.00       0       0   0.00  irq/87-mc_statu
02:36:56 AM     0        56    0.00    0.00    0.00    0.00    0.00     2      0.00      0.00       0       0   0.00  khungtaskd
02:36:56 AM     0        57    0.00    0.00    0.00    0.00    0.00     3      0.00      0.00       0       0   0.00  oom_reaper
02:36:56 AM     0        58    0.00    0.00    0.00    0.00    0.00     5      0.00      0.00       0       0   0.00  writeback
02:36:56 AM     0        59    0.00    0.00    0.00    0.00    0.00     2      0.00      0.00       0       0   0.00  kcompactd0
02:36:56 AM     0        60    0.00    0.00    0.00    0.00    0.00     1      0.00      0.00       0       0   0.00  ksmd
02:36:56 AM     0        61    0.00    0.00    0.00    0.00    0.00     2      0.00      0.00       0       0   0.00  khugepaged
02:36:56 AM     0        93    0.00    0.00    0.00    0.00    0.00     1      0.00      0.00       0       0   0.00  kintegrityd
02:36:56 AM     0        94    0.00    0.00    0.00    0.00    0.00     1      0.00      0.00       0       0   0.00  kblockd
02:36:56 AM     0        95    0.00    0.00    0.00    0.00    0.00     1      0.00      0.00       0       0   0.00  blkcg_punt_bio
02:36:56 AM     0        97    0.00    0.00    0.00    0.00    0.00     3      0.00      0.00       0       0   0.00  tpm_dev_wq
02:36:56 AM     0        98    0.00    0.00    0.00    0.00    0.00     0      0.00      0.00       0       0   0.00  irq/197-30c0000
02:36:56 AM     0        99    0.00    0.00    0.00    0.00    0.00     1      0.00      0.00       0       0   0.00  devfreq_wq
02:36:56 AM     0       100    0.00    0.00    0.00    0.00    0.00     1      0.00      0.00       0       0   0.00  watchdogd
02:36:56 AM     0       104    0.00    0.00    0.00    0.00    0.00     7      0.00      0.00       0       0   0.00  rpciod
02:36:56 AM     0       106    0.00    0.00    0.00    0.00    0.00     7      0.00      0.00       0       0   0.00  xprtiod
02:36:56 AM     0       108    0.00    0.00    0.00    0.00    0.00     7      0.00      0.00       0       0   0.00  kswapd0
02:36:56 AM     0       109    0.00    0.00    0.00    0.00    0.00     5      0.00      0.00       0       0   0.00  nfsiod
02:36:56 AM     0       112    0.00    0.00    0.00    0.00    0.00     1      0.00      0.00       0       0   0.00  kthrotld
02:36:56 AM     0       113    0.00    0.00    0.00    0.00    0.00     7      0.00      0.00       0       0   0.00  kpcitest
02:36:56 AM     0       116    0.00    0.00    0.00    0.00    0.00     5      0.00      0.00       0       0   0.00  kworker/5:1-events
02:36:56 AM     0       122    0.00    0.00    0.00    0.00    0.00     1      0.00      0.00       0       0   0.00  nvme-wq
02:36:56 AM     0       123    0.00    0.00    0.00    0.00    0.00     5      0.00      0.00       0       0   0.00  nvme-reset-wq
02:36:56 AM     0       124    0.00    0.00    0.00    0.00    0.00     6      0.00      0.00       0       0   0.00  nvme-delete-wq
02:36:56 AM     0       125    0.00    0.00    0.00    0.00    0.00     6      0.00      0.00       0       0   0.00  uas
02:36:56 AM     0       126    0.00    0.00    0.00    0.00    0.00     0      0.00      0.00       0       0   0.00  irq/222-tegra_r
02:36:56 AM     0       127    0.00    0.00    0.00    0.00    0.00     0      0.00      0.00       0       0   0.00  kworker/7:2-events
02:36:56 AM     0       129    0.00    0.00    0.00    0.00    0.00     0      0.00      0.00       0       0   0.00  irq/86-tegra-oc
02:36:56 AM     0       130    0.00    0.00    0.00    0.00    0.00     5      0.00      0.00       0       0   0.00  dm_bufio_cache
02:36:56 AM     0       131    0.00    0.00    0.00    0.00    0.00     0      0.00      0.00       0       0   0.00  irq/223-max7762
02:36:56 AM     0       140    0.00    0.00    0.00    0.00    0.00     0      0.00      0.00       0       0   0.00  irq/55-bc00000.
02:36:56 AM     0       143    0.00    0.00    0.00    0.00    0.00     0      0.00      0.00       0       0   0.00  ipv6_addrconf
02:36:56 AM     0       144    0.00    0.00    0.00    0.00    0.00     6      0.00      0.00       0       0   0.00  krfcommd
02:36:56 AM     0       145    0.00    0.00    0.00    0.00    0.00     0      0.00      0.00       0       0   0.00  kstrp
02:36:56 AM     0       150    0.00    0.00    0.00    0.00    0.00     0      0.00      0.00       0       0   0.00  irq/24-tegra-pc
02:36:56 AM     0       154    0.00    0.00    0.00    0.00    0.00     0      0.00      0.00       0       0   0.00  irq/26-tegra-pc
02:36:56 AM     0       160    0.00    0.00    0.00    0.00    0.00     0      0.00      0.00       0       0   0.00  irq/26-aerdrv
02:36:56 AM     0       161    0.00    0.00    0.00    0.00    0.00     0      0.00      0.00       0       0   0.00  irq/28-tegra-pc
02:36:56 AM     0       162    0.00    0.00    0.00    0.00    0.00     0      0.00      0.00       0       0   0.00  irq/28-aerdrv
02:36:56 AM     0       163    0.00    0.00    0.00    0.00    0.00     5      0.00      0.00       0       0   0.00  host_low_prio_w
02:36:56 AM     0       164    0.00    1.00    0.00    0.00    1.00     0      0.00      0.00       0       0   0.00  irq/57-host_syn
02:36:56 AM     0       165    0.00    0.00    0.00    0.00    0.00     0      0.00      0.00       0       0   0.00  irq/58-host_sta
02:36:56 AM     0       173    0.00    0.00    0.00    0.00    0.00     5      0.00      0.00       0       0   0.00  pva_task_status
02:36:56 AM     0       174    0.00    0.00    0.00    0.00    0.00     0      0.00      0.00       0       0   0.00  irq/75-pva-isr
02:36:56 AM     0       175    0.00    0.00    0.00    0.00    0.00     0      0.00      0.00       0       0   0.00  pva_task_status
02:36:56 AM     0       176    0.00    0.00    0.00    0.00    0.00     0      0.00      0.00       0       0   0.00  irq/76-pva-isr
02:36:56 AM     0       185    0.00    0.00    0.00    0.00    0.00     0      0.00      0.00       0       0   0.00  sdhci
02:36:56 AM     0       186    0.00    0.00    0.00    0.00    0.00     0      0.00      0.00       0       0   0.00  irq/39-mmc0
02:36:56 AM     0       187    0.00    0.00    0.00    0.00    0.00     2      0.00      0.00       0       0   0.00  sdhci
02:36:56 AM     0       189    0.00    0.00    0.00    0.00    0.00     0      0.00      0.00       0       0   0.00  irq/40-mmc1
02:36:56 AM     0       195    0.00    0.00    0.00    0.00    0.00     7      0.00      0.00       0       0   0.00  scsi_eh_0
02:36:56 AM     0       196    0.00    0.00    0.00    0.00    0.00     7      0.00      0.00       0       0   0.00  scsi_tmf_0
02:36:56 AM     0       197    0.00    0.00    0.00    0.00    0.00     0      0.00      0.00       0       0   0.00  kworker/5:2-events
02:36:56 AM     0       198    0.00    0.00    0.00    0.00    0.00     0      0.00      0.00       0       0   0.00  irq/67-15200000
02:36:56 AM     0       199    0.00    0.00    0.00    0.00    0.00     1      0.00      0.00       0       0   0.00  tegradc.0/a
02:36:56 AM     0       200    0.00    0.00    0.00    0.00    0.00     0      0.00      0.00       0       0   0.00  tegradc.0/b
02:36:56 AM     0       201    0.00    0.00    0.00    0.00    0.00     0      0.00      0.00       0       0   0.00  tegradc.0/c
02:36:56 AM     0       202    0.00    0.00    0.00    0.00    0.00     0      0.00      0.00       0       0   0.00  tegradc.0/d
02:36:56 AM     0       203    0.00    0.00    0.00    0.00    0.00     0      0.00      0.00       0       0   0.00  tegradc.0/e
02:36:56 AM     0       204    0.00    0.00    0.00    0.00    0.00     0      0.00      0.00       0       0   0.00  tegradc.0/f
02:36:56 AM     0       205    0.00    0.00    0.00    0.00    0.00     0      0.00      0.00       0       0   0.00  tegradc.0/sl
02:36:56 AM     0       206    0.00    0.00    0.00    0.00    0.00     0      0.00      0.00       0       0   0.00  irq/62-15200000
02:36:56 AM     0       207    0.00    0.00    0.00    0.00    0.00     0      0.00      0.00       0       0   0.00  irq/276-3400000
02:36:56 AM     0       208    0.00    0.00    0.00    0.00    0.00     0      0.00      0.00       0       0   0.00  ufs_eh_wq_0
02:36:56 AM     0       209    0.00    0.00    0.00    0.00    0.00     3      0.00      0.00       0       0   0.00  mmc_complete
02:36:56 AM     0       211    0.00    0.00    0.00    0.00    0.00     0      0.00      0.00       0       0   0.00  irq/278-1520000
02:36:56 AM     0       212    0.00    0.00    0.00    0.00    0.00     0      0.00      0.00       0       0   0.00  irq/203-3610000
02:36:56 AM     0       213    0.00    0.00    0.00    0.00    0.00     0      0.00      0.00       0       0   0.00  irq/221-3610000
02:36:56 AM     0       214    0.00    0.00    0.00    0.00    0.00     0      0.00      0.00       0       0   0.00  irq/30-tegra-pc
02:36:56 AM     0       216    0.00    0.00    0.00    0.00    0.00     0      0.00      0.00       0       0   0.00  kworker/4:3-events
02:36:56 AM     0       218    0.00    0.00    0.00    0.00    0.00     4      0.00      0.00       0       0   0.00  kworker/4:5-events
02:36:56 AM     0       221    0.00    0.00    0.00    0.00    0.00     0      0.00      0.00       0       0   0.00  kworker/6:12-events
02:36:56 AM     0       222    0.00    0.00    0.00    0.00    0.00     0      0.00      0.00       0       0   0.00  kworker/6:13-events
02:36:56 AM     0       225    0.00    0.00    0.00    0.00    0.00     0      0.00      0.00       0       0   0.00  irq/68-tegra_dp
02:36:56 AM     0       226    0.00    0.00    0.00    0.00    0.00     0      0.00      0.00       0       0   0.00  irq/65-15210000
02:36:56 AM     0       227    0.00    0.00    0.00    0.00    0.00     0      0.00      0.00       0       0   0.00  tegradc.1/a
02:36:56 AM     0       228    0.00    0.00    0.00    0.00    0.00     0      0.00      0.00       0       0   0.00  tegradc.1/b
02:36:56 AM     0       229    0.00    0.00    0.00    0.00    0.00     0      0.00      0.00       0       0   0.00  tegradc.1/c
02:36:56 AM     0       230    0.00    0.00    0.00    0.00    0.00     0      0.00      0.00       0       0   0.00  tegradc.1/d
02:36:56 AM     0       231    0.00    0.00    0.00    0.00    0.00     0      0.00      0.00       0       0   0.00  tegradc.1/e
02:36:56 AM     0       232    0.00    0.00    0.00    0.00    0.00     0      0.00      0.00       0       0   0.00  tegradc.1/f
02:36:56 AM     0       233    0.00    0.00    0.00    0.00    0.00     1      0.00      0.00       0       0   0.00  tegradc.1/sl
02:36:56 AM     0       234    0.00    0.00    0.00    0.00    0.00     0      0.00      0.00       0       0   0.00  irq/63-15210000
02:36:56 AM     0       249    0.00    0.00    0.00    0.00    0.00     0      0.00      0.00       0       0   0.00  irq/56-d230000.
02:36:56 AM     0       250    0.00    0.00    0.00    0.00    0.00     0      0.00      0.00       0       0   0.00  irq/69-tegra_dp
02:36:56 AM     0       251    0.00    0.00    0.00    0.00    0.00     0      0.00      0.00       0       0   0.00  irq/66-15220000
02:36:56 AM     0       252    0.00    0.00    0.00    0.00    0.00     0      0.00      0.00       0       0   0.00  tegradc.2/a
02:36:56 AM     0       253    0.00    0.00    0.00    0.00    0.00     0      0.00      0.00       0       0   0.00  tegradc.2/b
02:36:56 AM     0       254    0.00    0.00    0.00    0.00    0.00     0      0.00      0.00       0       0   0.00  tegradc.2/c
02:36:56 AM     0       255    0.00    0.00    0.00    0.00    0.00     0      0.00      0.00       0       0   0.00  tegradc.2/d
02:36:56 AM     0       256    0.00    0.00    0.00    0.00    0.00     0      0.00      0.00       0       0   0.00  tegradc.2/e
02:36:56 AM     0       257    0.00    0.00    0.00    0.00    0.00     0      0.00      0.00       0       0   0.00  tegradc.2/f
02:36:56 AM     0       258    0.00    0.00    0.00    0.00    0.00     0      0.00      0.00       0       0   0.00  tegradc.2/sl
02:36:56 AM     0       259    0.00    0.00    0.00    0.00    0.00     0      0.00      0.00       0       0   0.00  irq/64-15220000
02:36:56 AM     0       275    0.00    0.00    0.00    0.00    0.00     2      0.00      0.00       0       0   0.00  jbd2/mmcblk0p1-
02:36:56 AM     0       276    0.00    0.00    0.00    0.00    0.00     3      0.00      0.00       0       0   0.00  ext4-rsv-conver
02:36:56 AM     0       280    0.00    0.00    0.00    0.00    0.00     7      0.00      0.00       0       0   0.00  kworker/7:1H
02:36:56 AM     0       286    0.00    0.00    0.00    0.00    0.00     5      0.00      0.00       0       0   0.00  kworker/5:1H-kblockd
02:36:56 AM     0       312    0.00    0.00    0.00    0.00    0.00     2      0.00      0.00   61816   31668   0.10  systemd-journal
02:36:56 AM     0       338    0.00    4.00    0.00   18.00    4.00     3      0.00      0.00       0       0   0.00  nvmap-bz
02:36:56 AM     0       339    0.00    0.00    0.00    0.00    0.00     0      0.00      0.00       0       0   0.00  irq/204-gk20a_s
02:36:56 AM     0       340    0.00    0.00    0.00    0.00    0.00     0      0.00      0.00       0       0   0.00  irq/205-gk20a_n
02:36:56 AM     0       345    0.00    0.00    0.00    0.00    0.00     3      0.00      0.00    2776    1492   0.00  tee-supplicant
02:36:56 AM     0       347    0.00    0.00    0.00    0.00    0.00     3      0.00      0.00       0       0   0.00  optee_bus_scan
02:36:56 AM     0       358    0.00    0.00    0.00    0.00    0.00     3      0.00      0.00   22788    7532   0.02  systemd-udevd
02:36:56 AM     0       364    0.00    0.00    0.00    0.00    0.00     1      0.00      0.00    7948    4892   0.02  haveged
02:36:56 AM   126       365    0.00    0.00    0.00    0.00    0.00     3      0.00      0.00    7136    3108   0.01  rpcbind
02:36:56 AM   105       366    0.00    0.00    0.00    0.00    0.00     0      0.00      0.00   25592   13288   0.04  systemd-resolve
02:36:56 AM   103       367    0.00    0.00    0.00    0.00    0.00     1      0.00      0.00   90672    6220   0.02  systemd-timesyn
02:36:56 AM     0       407    0.00    0.00    0.00    0.00    0.00     5      0.00      0.00       0       0   0.00  cfg80211
02:36:56 AM     0       410    0.00    0.00    0.00    0.00    0.00     0      0.00      0.00       0       0   0.00  irq/42-3210000.
02:36:56 AM     0       412    0.00    0.00    0.00    0.00    0.00     2      0.00      0.00       0       0   0.00  spi0
02:36:56 AM     0       413    0.00   14.00    0.00    0.00   14.00     1      0.00      0.00       0       0   0.00  irq/282-iwlwifi
02:36:56 AM     0       416    0.00    0.00    0.00    0.00    0.00     4      0.00      0.00       0       0   0.00  ata_sff
02:36:56 AM     0       419    0.00    0.00    0.00    0.00    0.00     0      0.00      0.00       0       0   0.00  irq/43-c260000.
02:36:56 AM     0       420    0.00    0.00    0.00    0.00    0.00     6      0.00      0.00       0       0   0.00  scsi_eh_1
02:36:56 AM     0       422    0.00    0.00    0.00    0.00    0.00     6      0.00      0.00       0       0   0.00  scsi_tmf_1
02:36:56 AM     0       427    0.00    0.00    0.00    0.00    0.00     0      0.00      0.00       0       0   0.00  spi1
02:36:56 AM     0       430    0.00    0.00    0.00    0.00    0.00     3      0.00      0.00  242072    8880   0.03  accounts-daemon
02:36:56 AM   120       439    0.00    0.00    0.00    0.00    0.00     0      0.00      0.00    7084    3472   0.01  avahi-daemon
02:36:56 AM     0       441    0.00    0.00    0.00    0.00    0.00     2      0.00      0.00    9220    2516   0.01  cron
02:36:56 AM   106       443    0.00    0.00    0.00    0.00    0.00     1      0.00      0.00    9396    5264   0.02  dbus-daemon
02:36:56 AM     0       447    0.00    0.00    0.00    0.00    0.00     1      0.00      0.00  341244   20856   0.07  NetworkManager
02:36:56 AM     0       456    0.00    0.00    0.00    0.00    0.00     4      0.00      0.00   38300   19472   0.06  networkd-dispat
02:36:56 AM     0       473    0.00    0.00    0.00    0.00    0.00     2      0.00      0.00  238860   13352   0.04  polkitd
02:36:56 AM   125       483    0.00    0.00    0.00    0.00    0.00     2      0.00      0.00  220940    8288   0.03  rsyslogd
02:36:56 AM     0       503    0.00    0.00    0.00    0.00    0.00     2      0.00      0.00  235864    4364   0.01  switcheroo-cont
02:36:56 AM     0       514    0.00    0.00    0.00    0.00    0.00     0      0.00      0.00   17076    6760   0.02  systemd-logind
02:36:56 AM     0       523    0.00    0.00    0.00    0.00    0.00     2      0.00      0.00  395556   15676   0.05  udisksd
02:36:56 AM     0       528    0.00    0.00    0.00    0.00    0.00     3      0.00      0.00   12784    8052   0.03  wpa_supplicant
02:36:56 AM     0       548    0.00    0.00    0.00    0.00    0.00     0      0.00      0.00       0       0   0.00  sugov:0
02:36:56 AM   120       555    0.00    0.00    0.00    0.00    0.00     2      0.00      0.00    6896     324   0.00  avahi-daemon
02:36:56 AM     0       585    0.00    0.00    0.00    0.00    0.00     5      0.00      0.00       0       0   0.00  tmp451
02:36:56 AM     0       597    0.00    0.00    0.00    0.00    0.00     3      0.00      0.00       0       0   0.00  irq/286-1-0008
02:36:56 AM     0       600    0.00    0.00    0.00    0.00    0.00     2      0.00      0.00  321792   14480   0.05  ModemManager
02:36:56 AM     0       653    0.00    0.00    0.00    0.00    0.00     0      0.00      0.00    2476     604   0.00  nvfancontrol
02:36:56 AM     0       728    0.00    0.00    0.00    0.00    0.00     4      0.00      0.00       0       0   0.00  adspp_kthread
02:36:56 AM     0       779    0.00    0.00    0.00    0.00    0.00     6      0.00      0.00       0       0   0.00  kworker/6:2H-kblockd
02:36:56 AM     0       876    0.00    0.00    0.00    0.00    0.00     1      0.00      0.00       0       0   0.00  irq/289-2490000
02:36:56 AM     0       887    0.00    0.00    0.00    0.00    0.00     0      0.00      0.00       0       0   0.00  irq/32-eth0.com
02:36:56 AM     0       919    0.00    0.00    0.00    0.00    0.00     4      0.00      0.00       0       0   0.00  file-storage
02:36:56 AM     0       953    0.00    0.00    0.00    0.00    0.00     1      0.00      0.00       0       0   0.00  loop0
02:36:56 AM     0      1048    0.00    0.00    0.00    0.00    0.00     4      0.00      0.00       0       0   0.00  kworker/4:2H-kblockd
02:36:56 AM     0      1091    0.00    0.00    0.00    0.00    0.00     3      0.00      0.00       0       0   0.00  cryptd
02:36:56 AM     0      1147    0.00    0.00    0.00    0.00    0.00     2      0.00      0.00       0       0   0.00  sw-quiesce
02:36:56 AM     0      1148    0.00    0.00    0.00    0.00    0.00     0      0.00      0.00       0       0   0.00  nvgpu_channel_p
02:36:56 AM     0      1151    0.00    0.00    0.00    0.00    0.00     2      0.00      0.00       0       0   0.00  nvgpu_nvs_gv11b
02:36:56 AM     0      1153    0.00    0.00    0.00    0.00    0.00     0      0.00      0.00       0       0   0.00  nvgpu_pg_init_g
02:36:56 AM     0      1157    0.00    0.00    0.00    0.00    0.00     2      0.00      0.00       0       0   0.00  nvgpu_clk_arb_p
02:36:56 AM     0      1162    0.00    0.00    0.00    0.00    0.00     3      0.00      0.00       0       0   0.00  irq/288-rt5659
02:36:56 AM     0      1270    0.00    0.00    0.00    0.00    0.00     3      0.00      0.00   55688   11092   0.03  nvargus-daemon
02:36:56 AM     0      1273    0.00    0.00    0.00    0.00    0.00     3      0.00      0.00   21932    1552   0.00  nvs-service
02:36:56 AM     0      1298    0.00    1.00    0.00    0.00    1.00     1      0.00      0.00 2007972   50360   0.16  containerd
02:36:56 AM     0      1314    0.00    0.00    0.00    0.00    0.00     0      0.00      0.00  240032    7616   0.02  gdm3
02:36:56 AM   108      1326    0.00    0.00    0.00    0.00    0.00     3      0.00      0.00   11468    1896   0.01  kerneloops
02:36:56 AM     0      1327    0.00    0.00    0.00    0.00    0.00     1      0.00      0.00   12236    6576   0.02  sshd
02:36:56 AM     0      1336    0.00    0.00    0.00    0.00    0.00     0      0.00      0.00    7688    1876   0.01  agetty
02:36:56 AM     0      1337    0.00    0.00    0.00    0.00    0.00     2      0.00      0.00    7688    1904   0.01  agetty
02:36:56 AM   108      1339    0.00    0.00    0.00    0.00    0.00     1      0.00      0.00   11468    1820   0.01  kerneloops
02:36:56 AM     0      1340    0.00    0.00    0.00    0.00    0.00     3      0.00      0.00    9216    2824   0.01  nvgetty.sh
02:36:56 AM     0      1379    0.00    0.00    0.00    0.00    0.00     0      0.00      0.00    7688    1848   0.01  getty
02:36:56 AM     0      1554    0.00    0.00    0.00    0.00    0.00     2      0.00      0.00 2111796   85472   0.27  dockerd
02:36:56 AM     0      1677    0.00    0.00    0.00    0.00    0.00     2      0.00      0.00  168472    8256   0.03  gdm-session-wor
02:36:56 AM     0      1711    0.00    0.00    0.00    0.00    0.00     0      0.00      0.00    3248     808   0.00  nvphsd
02:36:56 AM     0      1716    0.00    0.00    0.00    0.00    0.00     3      0.00      0.00    3380    1788   0.01  nvphsd
02:36:56 AM   124      1789    0.00    0.00    0.00    0.00    0.00     3      0.00      0.00   19144    9224   0.03  systemd
02:36:56 AM   124      1804    0.00    0.00    0.00    0.00    0.00     3      0.00      0.00  104488    5436   0.02  (sd-pam)
02:36:56 AM   124      2014    0.00    0.00    0.00    0.00    0.00     2      0.00      0.00  961884   21984   0.07  pulseaudio
02:36:56 AM   124      2032    0.00    0.00    0.00    0.00    0.00     2      0.00      0.00  164156    5924   0.02  gdm-x-session
02:36:56 AM   124      2037    0.00    0.00    0.00    0.00    0.00     1      0.00      0.00 25330232   99256   0.31  Xorg
02:36:56 AM   118      2040    0.00    0.00    0.00    0.00    0.00     1      0.00      0.00  152516    2440   0.01  rtkit-daemon
02:36:56 AM   124      2162    0.00    0.00    0.00    0.00    0.00     2      0.00      0.00    7812    3448   0.01  dbus-daemon
02:36:56 AM   124      2428    0.00    0.00    0.00    0.00    0.00     0      0.00      0.00    4776    1164   0.00  dbus-run-sessio
02:36:56 AM   124      2429    0.00    0.00    0.00    0.00    0.00     2      0.00      0.00    8088    4104   0.01  dbus-daemon
02:36:56 AM   124      2438    0.00    0.00    0.00    0.00    0.00     3      0.00      0.00  559768   14932   0.05  gnome-session-b
02:36:56 AM     0      2457    0.00    0.00    0.00    0.00    0.00     2      0.00      0.00  101692   19628   0.06  jtop
02:36:56 AM   124      2463    0.00    0.00    0.00    0.00    0.00     3      0.00      0.00  309548   10092   0.03  at-spi-bus-laun
02:36:56 AM   124      2470    0.00    0.00    0.00    0.00    0.00     1      0.00      0.00    7676    3468   0.01  dbus-daemon
02:36:56 AM   124      2495    0.00    0.00    0.00    0.00    0.00     1      0.00      0.00 4022996  194924   0.61  gnome-shell
02:36:56 AM     0      2510    0.00    0.00    0.00    0.00    0.00     3      0.00      0.00  175424   16904   0.05  jtop
02:36:56 AM     0      2518    0.00    0.00    0.00    0.00    0.00     2      0.00      0.00  101692   17160   0.05  jtop
02:36:56 AM   124      2696    0.00    0.00    0.00    0.00    0.00     0      0.00      0.00  314420   11212   0.04  ibus-daemon
02:36:56 AM   124      2699    0.00    0.00    0.00    0.00    0.00     2      0.00      0.00  239960   11792   0.04  ibus-dconf
02:36:56 AM   124      2701    0.00    0.00    0.00    0.00    0.00     2      0.00      0.00  189920   16900   0.05  ibus-x11
02:36:56 AM   124      2704    0.00    0.00    0.00    0.00    0.00     3      0.00      0.00  239880    7776   0.02  ibus-portal
02:36:56 AM   124      2715    0.00    0.00    0.00    0.00    0.00     1      0.00      0.00  161420    6880   0.02  at-spi2-registr
02:36:56 AM   124      2719    0.00    0.00    0.00    0.00    0.00     3      0.00      0.00  235804    4672   0.01  xdg-permission-
02:36:56 AM     0      2725    0.00    0.00    0.00    0.00    0.00     2      0.00      0.00  252944    8776   0.03  upowerd
02:36:56 AM   124      2745    0.00    0.00    0.00    0.00    0.00     2      0.00      0.00 3001620   27244   0.09  gjs
02:36:56 AM   124      2764    0.00    0.00    0.00    0.00    0.00     1      0.00      0.00  469396   14236   0.04  gsd-sharing
02:36:56 AM   124      2765    0.00    0.00    0.00    0.00    0.00     1      0.00      0.00  334628   15072   0.05  gsd-wacom
02:36:56 AM   124      2768    0.00    0.00    0.00    0.00    0.00     3      0.00      0.00  571788   19844   0.06  gsd-color
02:36:56 AM   124      2772    0.00    0.00    0.00    0.00    0.00     2      0.00      0.00  338096   17824   0.06  gsd-keyboard
02:36:56 AM   124      2774    0.00    0.00    0.00    0.00    0.00     2      0.00      0.00  322508   11376   0.04  gsd-print-notif
02:36:56 AM   124      2779    0.00    0.00    0.00    0.00    0.00     3      0.00      0.00  166208    7736   0.02  ibus-engine-sim
02:36:56 AM   124      2780    0.00    0.00    0.00    0.00    0.00     1      0.00      0.00  457460    7996   0.03  gsd-rfkill
02:36:56 AM   124      2782    0.00    0.00    0.00    0.00    0.00     1      0.00      0.00  391976    9696   0.03  gsd-smartcard
02:36:56 AM   124      2784    0.00    0.00    0.00    0.00    0.00     2      0.00      0.00  374928   15372   0.05  gsd-datetime
02:36:56 AM   124      2790    0.00    0.00    0.00    0.00    0.00     2      0.00      0.00  679696   20032   0.06  gsd-media-keys
02:36:56 AM   124      2791    0.00    0.00    0.00    0.00    0.00     3      0.00      0.00  235772    5600   0.02  gsd-screensaver
02:36:56 AM   124      2793    0.00    0.00    0.00    0.00    0.00     3      0.00      0.00  320104    9452   0.03  gsd-sound
02:36:56 AM   124      2795    0.00    0.00    0.00    0.00    0.00     3      0.00      0.00  313652   10144   0.03  gsd-a11y-settin
02:36:56 AM   124      2799    0.00    0.00    0.00    0.00    0.00     2      0.00      0.00  313992   10524   0.03  gsd-housekeepin
02:36:56 AM   124      2802    0.00    0.00    0.00    0.00    0.00     0      0.00      0.00  339724   18828   0.06  gsd-power
02:36:56 AM   124      2824    0.00    0.00    0.00    0.00    0.00     2      0.00      0.00  342540   12784   0.04  gsd-printer
02:36:56 AM   119      2837    0.00    0.00    0.00    0.00    0.00     2      0.00      0.00  249328   17548   0.06  colord
02:36:56 AM     0     29120    0.00    0.00    0.00    0.00    0.00     3      0.00      0.00       0       0   0.00  kworker/u17:2
02:36:56 AM     0     33852    0.00    0.00    0.00    0.00    0.00     1      0.00      0.00       0       0   0.00  kworker/1:0H-kblockd
02:36:56 AM     0     35048    0.00    0.00    0.00    0.00    0.00     0      0.00      0.00       0       0   0.00  kworker/u17:0-thermal_fan_est
02:36:56 AM  1000     39960    0.00    0.00    0.00    0.00    0.00     2      0.00      0.00   19248    9208   0.03  systemd
02:36:56 AM  1000     39961    0.00    0.00    0.00    0.00    0.00     2      0.00      0.00  170940    6304   0.02  (sd-pam)
02:36:56 AM  1000     40037    0.00    0.00    0.00    0.00    0.00     3      0.00      0.00    7812    3952   0.01  dbus-daemon
02:36:56 AM     0     40147    0.00    1.00    0.00    0.00    1.00     1      0.00      0.00       0       0   0.00  kworker/1:0-events
02:36:56 AM     0     40174    0.00    0.00    0.00    0.00    0.00     2      0.00      0.00       0       0   0.00  kworker/2:2H-kblockd
02:36:56 AM     0     40194    0.00    0.00    0.00    0.00    0.00     3      0.00      0.00       0       0   0.00  kworker/3:0H-kblockd
02:36:56 AM     0     41650    0.00    0.00    0.00    0.00    0.00     3      0.00      0.00       0       0   0.00  kworker/3:0-mm_percpu_wq
02:36:56 AM     0     43913    0.00    0.00    0.00    0.00    0.00     2      0.00      0.00   14768    7560   0.02  sshd
02:36:56 AM  1000     43958    0.00    0.00    0.00    0.00    0.00     0      0.00      0.00   15292    6400   0.02  sshd
02:36:56 AM  1000     43959    0.00    0.00    0.00    0.00    0.00     1      0.00      0.00   11344    5444   0.02  bash
02:36:56 AM     0     50050    0.00    0.00    0.00    0.00    0.00     2      0.00      0.00   14768    7572   0.02  sshd
02:36:56 AM  1000     50094    0.00    0.00    0.00    0.00    0.00     3      0.00      0.00   15292    6428   0.02  sshd
02:36:56 AM  1000     50095    0.00    0.00    0.00    0.00    0.00     2      0.00      0.00   11344    5448   0.02  bash
02:36:56 AM     0     81462    0.00    0.00    0.00    0.00    0.00     2      0.00      0.00       0       0   0.00  kworker/2:2-mm_percpu_wq
02:36:56 AM     0     81478    0.00    0.00    0.00    0.00    0.00     0      0.00      0.00       0       0   0.00  kworker/0:1H-kblockd
02:36:56 AM  1000     84840    0.00    0.00    0.00    0.00    0.00     3      0.00      0.00  240176   10088   0.03  gnome-keyring-d
02:36:56 AM   124     84900    0.00    0.00    0.00    0.00    0.00     1      0.00      0.00  156240    4584   0.01  dconf-service
02:36:56 AM     0     85427    0.00    0.00    0.00    0.00    0.00     0      0.00      0.00       0       0   0.00  kworker/0:2-events
02:36:56 AM     0     86310    0.00    1.00    0.00    0.00    1.00     2      0.00      0.00       0       0   0.00  kworker/u16:1-devfreq_wq
02:36:56 AM     0     86312    0.00    0.00    0.00    0.00    0.00     3      0.00      0.00   14768    7564   0.02  sshd
02:36:56 AM  1000     86356    0.00    0.00    0.00    0.00    0.00     3      0.00      0.00   15292    6380   0.02  sshd
02:36:56 AM  1000     86357    0.00    0.00    0.00    0.00    0.00     0      0.00      0.00   11344    5440   0.02  bash
02:36:56 AM     0     86549    0.00    0.00    0.00    0.00    0.00     2      0.00      0.00   14768    7664   0.02  sshd
02:36:56 AM  1000     86593    1.00    1.00    0.00    1.00    2.00     3      0.00      0.00   15292    6480   0.02  sshd
02:36:56 AM  1000     86594    0.00    0.00    0.00    0.00    0.00     1      0.00      0.00   11860    5896   0.02  bash
02:36:56 AM     0     86632    0.00    0.00    0.00    0.00    0.00     3      0.00      0.00       0       0   0.00  kworker/3:2
02:36:56 AM     0     86695    0.00    0.00    0.00    0.00    0.00     2      0.00      0.00   14768    7616   0.02  sshd
02:36:56 AM  1000     86739    2.00    1.00    0.00    2.00    3.00     1      0.00      0.00   16116    7520   0.02  sshd
02:36:56 AM  1000     86740    0.00    0.00    0.00    0.00    0.00     0      0.00      0.00   11344    5344   0.02  bash
02:36:56 AM  1000     86916    0.00    0.00    0.00    0.00    0.00     3      0.00      0.00  283948   42984   0.14  roslaunch
02:36:56 AM  1000     86924    1.00    0.00    0.00    1.00    1.00     3      0.00      0.00  797980   43964   0.14  rosmaster
02:36:56 AM  1000     86934    0.00    1.00    0.00    0.00    1.00     1      0.00      0.00  274964   10080   0.03  rosout
02:36:56 AM  1000     86944   68.00   79.00    0.00   14.00  147.00     2      0.00      0.00 34859196  742712   2.34  scale_truck_con
02:36:56 AM  1000     86945   26.00   62.00    0.00    0.00   88.00     2      0.00      0.00 1571432  116640   0.37  LRC
02:36:56 AM  1000     87010    6.00    3.00    0.00    0.00    9.00     0      0.00      0.00  724884  126676   0.40  python3
02:36:56 AM     0     87290    0.00    0.00    0.00    0.00    0.00     0      0.00      0.00   14768    7584   0.02  sshd
02:36:56 AM  1000     87334    0.00    0.00    0.00    0.00    0.00     0      0.00      0.00   15292    6412   0.02  sshd
02:36:56 AM  1000     87335    0.00    0.00    0.00    0.00    0.00     2      0.00      0.00   11344    5436   0.02  bash
02:36:56 AM     0     89981    0.00    0.00    0.00    0.00    0.00     1      0.00      0.00       0       0   0.00  kworker/1:1-pm
02:36:56 AM     0     95050    0.00    0.00    0.00    0.00    0.00     2      0.00      0.00       0       0   0.00  kworker/2:0-events
02:36:56 AM     0     96173    0.00    0.00    0.00    0.00    0.00     1      0.00      0.00       0       0   0.00  kworker/1:2-pm
02:36:56 AM     0     99494    0.00    1.00    0.00    0.00    1.00     0      0.00      0.00       0       0   0.00  kworker/u16:3-events_unbound
02:36:56 AM     0    101032    0.00    0.00    0.00    0.00    0.00     2      0.00      0.00       0       0   0.00  kworker/2:1H
02:36:56 AM     0    102096    0.00    0.00    0.00    0.00    0.00     0      0.00      0.00       0       0   0.00  kworker/0:2H
02:36:56 AM     0    103173    0.00    0.00    0.00    0.00    0.00     3      0.00      0.00       0       0   0.00  kworker/3:1H
02:36:56 AM     0    107801    0.00    0.00    0.00    0.00    0.00     1      0.00      0.00       0       0   0.00  kworker/1:2H
02:36:56 AM     0    109830    0.00    0.00    0.00    0.00    0.00     0      0.00      0.00       0       0   0.00  kworker/0:1-events
02:36:56 AM     0    111231    0.00    0.00    0.00    0.00    0.00     1      0.00      0.00       0       0   0.00  kworker/u16:0-events_unbound
02:36:56 AM     0    111939    0.00    0.00    0.00    0.00    0.00     1      0.00      0.00       0       0   0.00  kworker/1:4-events
02:36:56 AM     0    121074    0.00    0.00    0.00    0.00    0.00     0      0.00      0.00       0       0   0.00  kworker/0:0-events
02:36:56 AM     0    122883    0.00    0.00    0.00    0.00    0.00     1      0.00      0.00       0       0   0.00  kworker/u16:2-events_unbound
02:36:56 AM     0    123203    0.00    0.00    0.00    0.00    0.00     3      0.00      0.00       0       0   0.00  kworker/3:2H
02:36:56 AM     0    124025    0.00    0.00    0.00    0.00    0.00     2      0.00      0.00       0       0   0.00  kworker/2:0H
02:36:56 AM     0    128328    0.00    0.00    0.00    0.00    0.00     1      0.00      0.00       0       0   0.00  kworker/1:3
02:36:56 AM  1000    128618    0.00    0.00    0.00    0.00    0.00     1      0.00      0.00    7828     540   0.00  timeout
02:36:56 AM  1000    128619    0.00    0.00    0.00    0.00    0.00     0      0.00      0.00    9208    3220   0.01  bash
02:36:56 AM  1000    128621    0.00    0.00    0.00    0.00    0.00     3      0.00      0.00   68712   42776   0.13  rosbag
02:36:56 AM  1000    128828   11.00   25.00    0.00    0.00   36.00     1      0.00      0.00 1172828   23428   0.07  record
02:36:56 AM  1000    128832    3.00    2.00    0.00    4.00    5.00     3   2913.00      0.00   68692   43012   0.14  rosbag
02:36:56 AM  1000    128966    5.00   14.00    0.00   17.00   19.00     1      0.00      0.00   17764   10516   0.03  pidstat

# Time        UID       PID    %usr %system  %guest   %wait    %CPU   CPU  minflt/s  majflt/s     VSZ     RSS   %MEM  Command
02:36:57 AM     0         1    0.00    0.00    0.00    0.00    0.00     2      0.00      0.00  169880   11540   0.04  systemd
02:36:57 AM     0         2    0.00    0.00    0.00    0.00    0.00     1      0.00      0.00       0       0   0.00  kthreadd
02:36:57 AM     0         3    0.00    0.00    0.00    0.00    0.00     0      0.00      0.00       0       0   0.00  rcu_gp
02:36:57 AM     0         4    0.00    0.00    0.00    0.00    0.00     0      0.00      0.00       0       0   0.00  rcu_par_gp
02:36:57 AM     0         8    0.00    0.00    0.00    0.00    0.00     0      0.00      0.00       0       0   0.00  mm_percpu_wq
02:36:57 AM     0         9    0.00    0.00    0.00    0.00    0.00     0      0.00      0.00       0       0   0.00  rcu_tasks_kthre
02:36:57 AM     0        10    0.00    0.00    0.00    0.00    0.00     0      0.00      0.00       0       0   0.00  rcu_tasks_rude_
02:36:57 AM     0        11    0.00    0.00    0.00    0.00    0.00     0      0.00      0.00       0       0   0.00  rcu_tasks_trace
02:36:57 AM     0        12    0.00    0.00    0.00    1.00    0.00     0      0.00      0.00       0       0   0.00  ksoftirqd/0
02:36:57 AM     0        13    0.00    0.00    0.00    1.00    0.00     0      0.00      0.00       0       0   0.00  rcu_preempt
02:36:57 AM     0        14    0.00    0.00    0.00    0.00    0.00     0      0.00      0.00       0       0   0.00  migration/0
02:36:57 AM     0        16    0.00    0.00    0.00    0.00    0.00     0      0.00      0.00       0       0   0.00  cpuhp/0
02:36:57 AM     0        17    0.00    0.00    0.00    0.00    0.00     1      0.00      0.00       0       0   0.00  cpuhp/1
02:36:57 AM     0        18    0.00    0.00    0.00    0.00    0.00     1      0.00      0.00       0       0   0.00  migration/1
02:36:57 AM     0        19    0.00    0.00    0.00    0.00    0.00     1      0.00      0.00       0       0   0.00  ksoftirqd/1
02:36:57 AM     0        22    0.00    0.00    0.00    0.00    0.00     2      0.00      0.00       0       0   0.00  cpuhp/2
02:36:57 AM     0        23    0.00    0.00    0.00    0.00    0.00     2      0.00      0.00       0       0   0.00  migration/2
02:36:57 AM     0        24    0.00    0.00    0.00    0.00    0.00     2      0.00      0.00       0       0   0.00  ksoftirqd/2
02:36:57 AM     0        27    0.00    0.00    0.00    0.00    0.00     3      0.00      0.00       0       0   0.00  cpuhp/3
02:36:57 AM     0        28    0.00    0.00    0.00    0.00    0.00     3      0.00      0.00       0       0   0.00  migration/3
02:36:57 AM     0        29    0.00    0.00    0.00    1.00    0.00     3      0.00      0.00       0       0   0.00  ksoftirqd/3
02:36:57 AM     0        32    0.00    0.00    0.00    0.00    0.00     4      0.00      0.00       0       0   0.00  cpuhp/4
02:36:57 AM     0        33    0.00    0.00    0.00    0.00    0.00     4      0.00      0.00       0       0   0.00  migration/4
02:36:57 AM     0        34    0.00    0.00    0.00    0.00    0.00     4      0.00      0.00       0       0   0.00  ksoftirqd/4
02:36:57 AM     0        36    0.00    0.00    0.00    0.00    0.00     4      0.00      0.00       0       0   0.00  kworker/4:0H-kblockd
02:36:57 AM     0        37    0.00    0.00    0.00    0.00    0.00     5      0.00      0.00       0       0   0.00  cpuhp/5
02:36:57 AM     0        38    0.00    0.00    0.00    0.00    0.00     5      0.00      0.00       0       0   0.00  migration/5
02:36:57 AM     0        39    0.00    0.00    0.00    0.00    0.00     5      0.00      0.00       0       0   0.00  ksoftirqd/5
02:36:57 AM     0        41    0.00    0.00    0.00    0.00    0.00     5      0.00      0.00       0       0   0.00  kworker/5:0H-kblockd
02:36:57 AM     0        42    0.00    0.00    0.00    0.00    0.00     6      0.00      0.00       0       0   0.00  cpuhp/6
02:36:57 AM     0        43    0.00    0.00    0.00    0.00    0.00     6      0.00      0.00       0       0   0.00  migration/6
02:36:57 AM     0        44    0.00    0.00    0.00    0.00    0.00     6      0.00      0.00       0       0   0.00  ksoftirqd/6
02:36:57 AM     0        46    0.00    0.00    0.00    0.00    0.00     6      0.00      0.00       0       0   0.00  kworker/6:0H-events_highpri
02:36:57 AM     0        47    0.00    0.00    0.00    0.00    0.00     7      0.00      0.00       0       0   0.00  cpuhp/7
02:36:57 AM     0        48    0.00    0.00    0.00    0.00    0.00     7      0.00      0.00       0       0   0.00  migration/7
02:36:57 AM     0        49    0.00    0.00    0.00    0.00    0.00     7      0.00      0.00       0       0   0.00  ksoftirqd/7
02:36:57 AM     0        50    0.00    0.00    0.00    0.00    0.00     0      0.00      0.00       0       0   0.00  kworker/7:0-rcu_gp
02:36:57 AM     0        51    0.00    0.00    0.00    0.00    0.00     7      0.00      0.00       0       0   0.00  kworker/7:0H-kblockd
02:36:57 AM     0        52    0.00    0.00    0.00    0.00    0.00     0      0.00      0.00       0       0   0.00  kdevtmpfs
02:36:57 AM     0        53    0.00    0.00    0.00    0.00    0.00     4      0.00      0.00       0       0   0.00  netns
02:36:57 AM     0        54    0.00    0.00    0.00    0.00    0.00     1      0.00      0.00       0       0   0.00  kauditd
02:36:57 AM     0        55    0.00    0.00    0.00    0.00    0.00     0      0.00      0.00       0       0   0.00  irq/87-mc_statu
02:36:57 AM     0        56    0.00    0.00    0.00    0.00    0.00     2      0.00      0.00       0       0   0.00  khungtaskd
02:36:57 AM     0        57    0.00    0.00    0.00    0.00    0.00     3      0.00      0.00       0       0   0.00  oom_reaper
02:36:57 AM     0        58    0.00    0.00    0.00    0.00    0.00     5      0.00      0.00       0       0   0.00  writeback
02:36:57 AM     0        59    0.00    0.00    0.00    0.00    0.00     2      0.00      0.00       0       0   0.00  kcompactd0
02:36:57 AM     0        60    0.00    0.00    0.00    0.00    0.00     1      0.00      0.00       0       0   0.00  ksmd
02:36:57 AM     0        61    0.00    0.00    0.00    0.00    0.00     2      0.00      0.00       0       0   0.00  khugepaged
02:36:57 AM     0        93    0.00    0.00    0.00    0.00    0.00     1      0.00      0.00       0       0   0.00  kintegrityd
02:36:57 AM     0        94    0.00    0.00    0.00    0.00    0.00     1      0.00      0.00       0       0   0.00  kblockd
02:36:57 AM     0        95    0.00    0.00    0.00    0.00    0.00     1      0.00      0.00       0       0   0.00  blkcg_punt_bio
02:36:57 AM     0        97    0.00    0.00    0.00    0.00    0.00     3      0.00      0.00       0       0   0.00  tpm_dev_wq
02:36:57 AM     0        98    0.00    0.00    0.00    0.00    0.00     0      0.00      0.00       0       0   0.00  irq/197-30c0000
02:36:57 AM     0        99    0.00    0.00    0.00    0.00    0.00     1      0.00      0.00       0       0   0.00  devfreq_wq
02:36:57 AM     0       100    0.00    0.00    0.00    0.00    0.00     1      0.00      0.00       0       0   0.00  watchdogd
02:36:57 AM     0       104    0.00    0.00    0.00    0.00    0.00     7      0.00      0.00       0       0   0.00  rpciod
02:36:57 AM     0       106    0.00    0.00    0.00    0.00    0.00     7      0.00      0.00       0       0   0.00  xprtiod
02:36:57 AM     0       108    0.00    0.00    0.00    0.00    0.00     7      0.00      0.00       0       0   0.00  kswapd0
02:36:57 AM     0       109    0.00    0.00    0.00    0.00    0.00     5      0.00      0.00       0       0   0.00  nfsiod
02:36:57 AM     0       112    0.00    0.00    0.00    0.00    0.00     1      0.00      0.00       0       0   0.00  kthrotld
02:36:57 AM     0       113    0.00    0.00    0.00    0.00    0.00     7      0.00      0.00       0       0   0.00  kpcitest
02:36:57 AM     0       116    0.00    0.00    0.00    0.00    0.00     5      0.00      0.00       0       0   0.00  kworker/5:1-events
02:36:57 AM     0       122    0.00    0.00    0.00    0.00    0.00     1      0.00      0.00       0       0   0.00  nvme-wq
02:36:57 AM     0       123    0.00    0.00    0.00    0.00    0.00     5      0.00      0.00       0       0   0.00  nvme-reset-wq
02:36:57 AM     0       124    0.00    0.00    0.00    0.00    0.00     6      0.00      0.00       0       0   0.00  nvme-delete-wq
02:36:57 AM     0       125    0.00    0.00    0.00    0.00    0.00     6      0.00      0.00       0       0   0.00  uas
02:36:57 AM     0       126    0.00    0.00    0.00    0.00    0.00     0      0.00      0.00       0       0   0.00  irq/222-tegra_r
02:36:57 AM     0       127    0.00    0.00    0.00    0.00    0.00     0      0.00      0.00       0       0   0.00  kworker/7:2-events
02:36:57 AM     0       129    0.00    0.00    0.00    0.00    0.00     0      0.00      0.00       0       0   0.00  irq/86-tegra-oc
02:36:57 AM     0       130    0.00    0.00    0.00    0.00    0.00     5      0.00      0.00       0       0   0.00  dm_bufio_cache
02:36:57 AM     0       131    0.00    0.00    0.00    0.00    0.00     0      0.00      0.00       0       0   0.00  irq/223-max7762
02:36:57 AM     0       140    0.00    0.00    0.00    0.00    0.00     0      0.00      0.00       0       0   0.00  irq/55-bc00000.
02:36:57 AM     0       143    0.00    0.00    0.00    0.00    0.00     0      0.00      0.00       0       0   0.00  ipv6_addrconf
02:36:57 AM     0       144    0.00    0.00    0.00    0.00    0.00     6      0.00      0.00       0       0   0.00  krfcommd
02:36:57 AM     0       145    0.00    0.00    0.00    0.00    0.00     0      0.00      0.00       0       0   0.00  kstrp
02:36:57 AM     0       150    0.00    0.00    0.00    0.00    0.00     0      0.00      0.00       0       0   0.00  irq/24-tegra-pc
02:36:57 AM     0       154    0.00    0.00    0.00    0.00    0.00     0      0.00      0.00       0       0   0.00  irq/26-tegra-pc
02:36:57 AM     0       160    0.00    0.00    0.00    0.00    0.00     0      0.00      0.00       0       0   0.00  irq/26-aerdrv
02:36:57 AM     0       161    0.00    0.00    0.00    0.00    0.00     0      0.00      0.00       0       0   0.00  irq/28-tegra-pc
02:36:57 AM     0       162    0.00    0.00    0.00    0.00    0.00     0      0.00      0.00       0       0   0.00  irq/28-aerdrv
02:36:57 AM     0       163    0.00    0.00    0.00    0.00    0.00     5      0.00      0.00       0       0   0.00  host_low_prio_w
02:36:57 AM     0       164    0.00    0.00    0.00    0.00    0.00     0      0.00      0.00       0       0   0.00  irq/57-host_syn
02:36:57 AM     0       165    0.00    0.00    0.00    0.00    0.00     0      0.00      0.00       0       0   0.00  irq/58-host_sta
02:36:57 AM     0       173    0.00    0.00    0.00    0.00    0.00     5      0.00      0.00       0       0   0.00  pva_task_status
02:36:57 AM     0       174    0.00    0.00    0.00    0.00    0.00     0      0.00      0.00       0       0   0.00  irq/75-pva-isr
02:36:57 AM     0       175    0.00    0.00    0.00    0.00    0.00     0      0.00      0.00       0       0   0.00  pva_task_status
02:36:57 AM     0       176    0.00    0.00    0.00    0.00    0.00     0      0.00      0.00       0       0   0.00  irq/76-pva-isr
02:36:57 AM     0       185    0.00    0.00    0.00    0.00    0.00     0      0.00      0.00       0       0   0.00  sdhci
02:36:57 AM     0       186    0.00    0.00    0.00    0.00    0.00     0      0.00      0.00       0       0   0.00  irq/39-mmc0
02:36:57 AM     0       187    0.00    0.00    0.00    0.00    0.00     2      0.00      0.00       0       0   0.00  sdhci
02:36:57 AM     0       189    0.00    0.00    0.00    0.00    0.00     0      0.00      0.00       0       0   0.00  irq/40-mmc1
02:36:57 AM     0       195    0.00    0.00    0.00    0.00    0.00     7      0.00      0.00       0       0   0.00  scsi_eh_0
02:36:57 AM     0       196    0.00    0.00    0.00    0.00    0.00     7      0.00      0.00       0       0   0.00  scsi_tmf_0
02:36:57 AM     0       197    0.00    0.00    0.00    0.00    0.00     0      0.00      0.00       0       0   0.00  kworker/5:2-events
02:36:57 AM     0       198    0.00    0.00    0.00    0.00    0.00     0      0.00      0.00       0       0   0.00  irq/67-15200000
02:36:57 AM     0       199    0.00    0.00    0.00    0.00    0.00     1      0.00      0.00       0       0   0.00  tegradc.0/a
02:36:57 AM     0       200    0.00    0.00    0.00    0.00    0.00     0      0.00      0.00       0       0   0.00  tegradc.0/b
02:36:57 AM     0       201    0.00    0.00    0.00    0.00    0.00     0      0.00      0.00       0       0   0.00  tegradc.0/c
02:36:57 AM     0       202    0.00    0.00    0.00    0.00    0.00     0      0.00      0.00       0       0   0.00  tegradc.0/d
02:36:57 AM     0       203    0.00    0.00    0.00    0.00    0.00     0      0.00      0.00       0       0   0.00  tegradc.0/e
02:36:57 AM     0       204    0.00    0.00    0.00    0.00    0.00     0      0.00      0.00       0       0   0.00  tegradc.0/f
02:36:57 AM     0       205    0.00    0.00    0.00    0.00    0.00     0      0.00      0.00       0       0   0.00  tegradc.0/sl
02:36:57 AM     0       206    0.00    0.00    0.00    0.00    0.00     0      0.00      0.00       0       0   0.00  irq/62-15200000
02:36:57 AM     0       207    0.00    0.00    0.00    0.00    0.00     0      0.00      0.00       0       0   0.00  irq/276-3400000
02:36:57 AM     0       208    0.00    0.00    0.00    0.00    0.00     0      0.00      0.00       0       0   0.00  ufs_eh_wq_0
02:36:57 AM     0       209    0.00    0.00    0.00    0.00    0.00     3      0.00      0.00       0       0   0.00  mmc_complete
02:36:57 AM     0       211    0.00    0.00    0.00    0.00    0.00     0      0.00      0.00       0       0   0.00  irq/278-1520000
02:36:57 AM     0       212    0.00    0.00    0.00    0.00    0.00     0      0.00      0.00       0       0   0.00  irq/203-3610000
02:36:57 AM     0       213    0.00    0.00    0.00    0.00    0.00     0      0.00      0.00       0       0   0.00  irq/221-3610000
02:36:57 AM     0       214    0.00    0.00    0.00    0.00    0.00     0      0.00      0.00       0       0   0.00  irq/30-tegra-pc
02:36:57 AM     0       216    0.00    0.00    0.00    0.00    0.00     0      0.00      0.00       0       0   0.00  kworker/4:3-events
02:36:57 AM     0       218    0.00    0.00    0.00    0.00    0.00     4      0.00      0.00       0       0   0.00  kworker/4:5-events
02:36:57 AM     0       221    0.00    0.00    0.00    0.00    0.00     0      0.00      0.00       0       0   0.00  kworker/6:12-events
02:36:57 AM     0       222    0.00    0.00    0.00    0.00    0.00     0      0.00      0.00       0       0   0.00  kworker/6:13-events
02:36:57 AM     0       225    0.00    0.00    0.00    0.00    0.00     0      0.00      0.00       0       0   0.00  irq/68-tegra_dp
02:36:57 AM     0       226    0.00    0.00    0.00    0.00    0.00     0      0.00      0.00       0       0   0.00  irq/65-15210000
02:36:57 AM     0       227    0.00    0.00    0.00    0.00    0.00     0      0.00      0.00       0       0   0.00  tegradc.1/a
02:36:57 AM     0       228    0.00    0.00    0.00    0.00    0.00     0      0.00      0.00       0       0   0.00  tegradc.1/b
02:36:57 AM     0       229    0.00    0.00    0.00    0.00    0.00     0      0.00      0.00       0       0   0.00  tegradc.1/c
02:36:57 AM     0       230    0.00    0.00    0.00    0.00    0.00     0      0.00      0.00       0       0   0.00  tegradc.1/d
02:36:57 AM     0       231    0.00    0.00    0.00    0.00    0.00     0      0.00      0.00       0       0   0.00  tegradc.1/e
02:36:57 AM     0       232    0.00    0.00    0.00    0.00    0.00     0      0.00      0.00       0       0   0.00  tegradc.1/f
02:36:57 AM     0       233    0.00    0.00    0.00    0.00    0.00     1      0.00      0.00       0       0   0.00  tegradc.1/sl
02:36:57 AM     0       234    0.00    0.00    0.00    0.00    0.00     0      0.00      0.00       0       0   0.00  irq/63-15210000
02:36:57 AM     0       249    0.00    0.00    0.00    0.00    0.00     0      0.00      0.00       0       0   0.00  irq/56-d230000.
02:36:57 AM     0       250    0.00    0.00    0.00    0.00    0.00     0      0.00      0.00       0       0   0.00  irq/69-tegra_dp
02:36:57 AM     0       251    0.00    0.00    0.00    0.00    0.00     0      0.00      0.00       0       0   0.00  irq/66-15220000
02:36:57 AM     0       252    0.00    0.00    0.00    0.00    0.00     0      0.00      0.00       0       0   0.00  tegradc.2/a
02:36:57 AM     0       253    0.00    0.00    0.00    0.00    0.00     0      0.00      0.00       0       0   0.00  tegradc.2/b
02:36:57 AM     0       254    0.00    0.00    0.00    0.00    0.00     0      0.00      0.00       0       0   0.00  tegradc.2/c
02:36:57 AM     0       255    0.00    0.00    0.00    0.00    0.00     0      0.00      0.00       0       0   0.00  tegradc.2/d
02:36:57 AM     0       256    0.00    0.00    0.00    0.00    0.00     0      0.00      0.00       0       0   0.00  tegradc.2/e
02:36:57 AM     0       257    0.00    0.00    0.00    0.00    0.00     0      0.00      0.00       0       0   0.00  tegradc.2/f
02:36:57 AM     0       258    0.00    0.00    0.00    0.00    0.00     0      0.00      0.00       0       0   0.00  tegradc.2/sl
02:36:57 AM     0       259    0.00    0.00    0.00    0.00    0.00     0      0.00      0.00       0       0   0.00  irq/64-15220000
02:36:57 AM     0       275    0.00    0.00    0.00    0.00    0.00     2      0.00      0.00       0       0   0.00  jbd2/mmcblk0p1-
02:36:57 AM     0       276    0.00    0.00    0.00    0.00    0.00     3      0.00      0.00       0       0   0.00  ext4-rsv-conver
02:36:57 AM     0       280    0.00    0.00    0.00    0.00    0.00     7      0.00      0.00       0       0   0.00  kworker/7:1H
02:36:57 AM     0       286    0.00    0.00    0.00    0.00    0.00     5      0.00      0.00       0       0   0.00  kworker/5:1H-kblockd
02:36:57 AM     0       312    0.00    0.00    0.00    0.00    0.00     2      0.00      0.00   61816   31668   0.10  systemd-journal
02:36:57 AM     0       338    0.00    4.00    0.00   18.00    4.00     2      0.00      0.00       0       0   0.00  nvmap-bz
02:36:57 AM     0       339    0.00    0.00    0.00    0.00    0.00     0      0.00      0.00       0       0   0.00  irq/204-gk20a_s
02:36:57 AM     0       340    0.00    0.00    0.00    0.00    0.00     0      0.00      0.00       0       0   0.00  irq/205-gk20a_n
02:36:57 AM     0       345    0.00    0.00    0.00    0.00    0.00     3      0.00      0.00    2776    1492   0.00  tee-supplicant
02:36:57 AM     0       347    0.00    0.00    0.00    0.00    0.00     3      0.00      0.00       0       0   0.00  optee_bus_scan
02:36:57 AM     0       358    0.00    0.00    0.00    0.00    0.00     3      0.00      0.00   22788    7532   0.02  systemd-udevd
02:36:57 AM     0       364    0.00    0.00    0.00    0.00    0.00     1      0.00      0.00    7948    4892   0.02  haveged
02:36:57 AM   126       365    0.00    0.00    0.00    0.00    0.00     3      0.00      0.00    7136    3108   0.01  rpcbind
02:36:57 AM   105       366    0.00    0.00    0.00    0.00    0.00     0      0.00      0.00   25592   13288   0.04  systemd-resolve
02:36:57 AM   103       367    0.00    0.00    0.00    0.00    0.00     1      0.00      0.00   90672    6220   0.02  systemd-timesyn
02:36:57 AM     0       407    0.00    0.00    0.00    0.00    0.00     5      0.00      0.00       0       0   0.00  cfg80211
02:36:57 AM     0       410    0.00    0.00    0.00    0.00    0.00     0      0.00      0.00       0       0   0.00  irq/42-3210000.
02:36:57 AM     0       412    0.00    0.00    0.00    0.00    0.00     2      0.00      0.00       0       0   0.00  spi0
02:36:57 AM     0       413    0.00   14.00    0.00    1.00   14.00     1      0.00      0.00       0       0   0.00  irq/282-iwlwifi
02:36:57 AM     0       416    0.00    0.00    0.00    0.00    0.00     4      0.00      0.00       0       0   0.00  ata_sff
02:36:57 AM     0       419    0.00    0.00    0.00    0.00    0.00     0      0.00      0.00       0       0   0.00  irq/43-c260000.
02:36:57 AM     0       420    0.00    0.00    0.00    0.00    0.00     6      0.00      0.00       0       0   0.00  scsi_eh_1
02:36:57 AM     0       422    0.00    0.00    0.00    0.00    0.00     6      0.00      0.00       0       0   0.00  scsi_tmf_1
02:36:57 AM     0       427    0.00    0.00    0.00    0.00    0.00     0      0.00      0.00       0       0   0.00  spi1
02:36:57 AM     0       430    0.00    0.00    0.00    0.00    0.00     3      0.00      0.00  242072    8880   0.03  accounts-daemon
02:36:57 AM   120       439    0.00    0.00    0.00    0.00    0.00     0      0.00      0.00    7084    3472   0.01  avahi-daemon
02:36:57 AM     0       441    0.00    0.00    0.00    0.00    0.00     2      0.00      0.00    9220    2516   0.01  cron
02:36:57 AM   106       443    0.00    0.00    0.00    0.00    0.00     1      0.00      0.00    9396    5264   0.02  dbus-daemon
02:36:57 AM     0       447    1.00    0.00    0.00    1.00    1.00     1      0.00      0.00  341244   20856   0.07  NetworkManager
02:36:57 AM     0       456    0.00    0.00    0.00    0.00    0.00     4      0.00      0.00   38300   19472   0.06  networkd-dispat
02:36:57 AM     0       473    0.00    0.00    0.00    0.00    0.00     2      0.00      0.00  238860   13352   0.04  polkitd
02:36:57 AM   125       483    0.00    0.00    0.00    0.00    0.00     2      0.00      0.00  220940    8288   0.03  rsyslogd
02:36:57 AM     0       503    0.00    0.00    0.00    0.00    0.00     2      0.00      0.00  235864    4364   0.01  switcheroo-cont
02:36:57 AM     0       514    0.00    0.00    0.00    0.00    0.00     0      0.00      0.00   17076    6760   0.02  systemd-logind
02:36:57 AM     0       523    0.00    0.00    0.00    0.00    0.00     2      0.00      0.00  395556   15676   0.05  udisksd
02:36:57 AM     0       528    0.00    0.00    0.00    0.00    0.00     3      0.00      0.00   12784    8052   0.03  wpa_supplicant
02:36:57 AM     0       548    0.00    0.00    0.00    0.00    0.00     0      0.00      0.00       0       0   0.00  sugov:0
02:36:57 AM   120       555    0.00    0.00    0.00    0.00    0.00     2      0.00      0.00    6896     324   0.00  avahi-daemon
02:36:57 AM     0       585    0.00    0.00    0.00    0.00    0.00     5      0.00      0.00       0       0   0.00  tmp451
02:36:57 AM     0       597    0.00    0.00    0.00    0.00    0.00     3      0.00      0.00       0       0   0.00  irq/286-1-0008
02:36:57 AM     0       600    0.00    0.00    0.00    0.00    0.00     2      0.00      0.00  321792   14480   0.05  ModemManager
02:36:57 AM     0       653    0.00    0.00    0.00    0.00    0.00     0      0.00      0.00    2476     604   0.00  nvfancontrol
02:36:57 AM     0       728    0.00    0.00    0.00    0.00    0.00     4      0.00      0.00       0       0   0.00  adspp_kthread
02:36:57 AM     0       779    0.00    0.00    0.00    0.00    0.00     6      0.00      0.00       0       0   0.00  kworker/6:2H-kblockd
02:36:57 AM     0       876    0.00    0.00    0.00    0.00    0.00     1      0.00      0.00       0       0   0.00  irq/289-2490000
02:36:57 AM     0       887    0.00    0.00    0.00    0.00    0.00     0      0.00      0.00       0       0   0.00  irq/32-eth0.com
02:36:57 AM     0       919    0.00    0.00    0.00    0.00    0.00     4      0.00      0.00       0       0   0.00  file-storage
02:36:57 AM     0       953    0.00    0.00    0.00    0.00    0.00     1      0.00      0.00       0       0   0.00  loop0
02:36:57 AM     0      1048    0.00    0.00    0.00    0.00    0.00     4      0.00      0.00       0       0   0.00  kworker/4:2H-kblockd
02:36:57 AM     0      1091    0.00    0.00    0.00    0.00    0.00     3      0.00      0.00       0       0   0.00  cryptd
02:36:57 AM     0      1147    0.00    0.00    0.00    0.00    0.00     2      0.00      0.00       0       0   0.00  sw-quiesce
02:36:57 AM     0      1148    0.00    0.00    0.00    0.00    0.00     0      0.00      0.00       0       0   0.00  nvgpu_channel_p
02:36:57 AM     0      1151    0.00    0.00    0.00    0.00    0.00     2      0.00      0.00       0       0   0.00  nvgpu_nvs_gv11b
02:36:57 AM     0      1153    0.00    0.00    0.00    0.00    0.00     0      0.00      0.00       0       0   0.00  nvgpu_pg_init_g
02:36:57 AM     0      1157    0.00    0.00    0.00    0.00    0.00     2      0.00      0.00       0       0   0.00  nvgpu_clk_arb_p
02:36:57 AM     0      1162    0.00    0.00    0.00    0.00    0.00     3      0.00      0.00       0       0   0.00  irq/288-rt5659
02:36:57 AM     0      1270    0.00    0.00    0.00    0.00    0.00     3      0.00      0.00   55688   11092   0.03  nvargus-daemon
02:36:57 AM     0      1273    0.00    0.00    0.00    0.00    0.00     3      0.00      0.00   21932    1552   0.00  nvs-service
02:36:57 AM     0      1298    0.00    0.00    0.00    0.00    0.00     1      0.00      0.00 2007972   50360   0.16  containerd
02:36:57 AM     0      1314    0.00    0.00    0.00    0.00    0.00     0      0.00      0.00  240032    7616   0.02  gdm3
02:36:57 AM   108      1326    0.00    0.00    0.00    0.00    0.00     3      0.00      0.00   11468    1896   0.01  kerneloops
02:36:57 AM     0      1327    0.00    0.00    0.00    0.00    0.00     1      0.00      0.00   12236    6576   0.02  sshd
02:36:57 AM     0      1336    0.00    0.00    0.00    0.00    0.00     0      0.00      0.00    7688    1876   0.01  agetty
02:36:57 AM     0      1337    0.00    0.00    0.00    0.00    0.00     2      0.00      0.00    7688    1904   0.01  agetty
02:36:57 AM   108      1339    0.00    0.00    0.00    0.00    0.00     1      0.00      0.00   11468    1820   0.01  kerneloops
02:36:57 AM     0      1340    0.00    0.00    0.00    0.00    0.00     3      0.00      0.00    9216    2824   0.01  nvgetty.sh
02:36:57 AM     0      1379    0.00    0.00    0.00    0.00    0.00     0      0.00      0.00    7688    1848   0.01  getty
02:36:57 AM     0      1554    0.00    0.00    0.00    0.00    0.00     2      0.00      0.00 2111796   85472   0.27  dockerd
02:36:57 AM     0      1677    0.00    0.00    0.00    0.00    0.00     2      0.00      0.00  168472    8256   0.03  gdm-session-wor
02:36:57 AM     0      1711    0.00    0.00    0.00    0.00    0.00     0      0.00      0.00    3248     808   0.00  nvphsd
02:36:57 AM     0      1716    0.00    0.00    0.00    0.00    0.00     3      0.00      0.00    3380    1788   0.01  nvphsd
02:36:57 AM   124      1789    0.00    0.00    0.00    0.00    0.00     3      0.00      0.00   19144    9224   0.03  systemd
02:36:57 AM   124      1804    0.00    0.00    0.00    0.00    0.00     3      0.00      0.00  104488    5436   0.02  (sd-pam)
02:36:57 AM   124      2014    0.00    0.00    0.00    0.00    0.00     2      0.00      0.00  961884   21984   0.07  pulseaudio
02:36:57 AM   124      2032    0.00    0.00    0.00    0.00    0.00     2      0.00      0.00  164156    5924   0.02  gdm-x-session
02:36:57 AM   124      2037    0.00    0.00    0.00    0.00    0.00     1      0.00      0.00 25330232   99256   0.31  Xorg
02:36:57 AM   118      2040    0.00    0.00    0.00    0.00    0.00     1      0.00      0.00  152516    2440   0.01  rtkit-daemon
02:36:57 AM   124      2162    0.00    0.00    0.00    0.00    0.00     2      0.00      0.00    7812    3448   0.01  dbus-daemon
02:36:57 AM   124      2428    0.00    0.00    0.00    0.00    0.00     0      0.00      0.00    4776    1164   0.00  dbus-run-sessio
02:36:57 AM   124      2429    0.00    0.00    0.00    0.00    0.00     2      0.00      0.00    8088    4104   0.01  dbus-daemon
02:36:57 AM   124      2438    0.00    0.00    0.00    0.00    0.00     3      0.00      0.00  559768   14932   0.05  gnome-session-b
02:36:57 AM     0      2457    0.00    0.00    0.00    0.00    0.00     2      0.00      0.00  101692   19628   0.06  jtop
02:36:57 AM   124      2463    0.00    0.00    0.00    0.00    0.00     3      0.00      0.00  309548   10092   0.03  at-spi-bus-laun
02:36:57 AM   124      2470    0.00    0.00    0.00    0.00    0.00     1      0.00      0.00    7676    3468   0.01  dbus-daemon
02:36:57 AM   124      2495    0.00    0.00    0.00    0.00    0.00     1      0.00      0.00 4022996  194924   0.61  gnome-shell
02:36:57 AM     0      2510    0.00    0.00    0.00    0.00    0.00     3      0.00      0.00  175424   16904   0.05  jtop
02:36:57 AM     0      2518    0.00    0.00    0.00    0.00    0.00     2      0.00      0.00  101692   17160   0.05  jtop
02:36:57 AM   124      2696    0.00    0.00    0.00    0.00    0.00     0      0.00      0.00  314420   11212   0.04  ibus-daemon
02:36:57 AM   124      2699    0.00    0.00    0.00    0.00    0.00     2      0.00      0.00  239960   11792   0.04  ibus-dconf
02:36:57 AM   124      2701    0.00    0.00    0.00    0.00    0.00     2      0.00      0.00  189920   16900   0.05  ibus-x11
02:36:57 AM   124      2704    0.00    0.00    0.00    0.00    0.00     3      0.00      0.00  239880    7776   0.02  ibus-portal
02:36:57 AM   124      2715    0.00    0.00    0.00    0.00    0.00     1      0.00      0.00  161420    6880   0.02  at-spi2-registr
02:36:57 AM   124      2719    0.00    0.00    0.00    0.00    0.00     3      0.00      0.00  235804    4672   0.01  xdg-permission-
02:36:57 AM     0      2725    0.00    0.00    0.00    0.00    0.00     2      0.00      0.00  252944    8776   0.03  upowerd
02:36:57 AM   124      2745    0.00    0.00    0.00    0.00    0.00     2      0.00      0.00 3001620   27244   0.09  gjs
02:36:57 AM   124      2764    0.00    0.00    0.00    0.00    0.00     1      0.00      0.00  469396   14236   0.04  gsd-sharing
02:36:57 AM   124      2765    0.00    0.00    0.00    0.00    0.00     1      0.00      0.00  334628   15072   0.05  gsd-wacom
02:36:57 AM   124      2768    0.00    0.00    0.00    0.00    0.00     3      0.00      0.00  571788   19844   0.06  gsd-color
02:36:57 AM   124      2772    0.00    0.00    0.00    0.00    0.00     2      0.00      0.00  338096   17824   0.06  gsd-keyboard
02:36:57 AM   124      2774    0.00    0.00    0.00    0.00    0.00     2      0.00      0.00  322508   11376   0.04  gsd-print-notif
02:36:57 AM   124      2779    0.00    0.00    0.00    0.00    0.00     3      0.00      0.00  166208    7736   0.02  ibus-engine-sim
02:36:57 AM   124      2780    0.00    0.00    0.00    0.00    0.00     1      0.00      0.00  457460    7996   0.03  gsd-rfkill
02:36:57 AM   124      2782    0.00    0.00    0.00    0.00    0.00     1      0.00      0.00  391976    9696   0.03  gsd-smartcard
02:36:57 AM   124      2784    0.00    0.00    0.00    0.00    0.00     2      0.00      0.00  374928   15372   0.05  gsd-datetime
02:36:57 AM   124      2790    0.00    0.00    0.00    0.00    0.00     2      0.00      0.00  679696   20032   0.06  gsd-media-keys
02:36:57 AM   124      2791    0.00    0.00    0.00    0.00    0.00     3      0.00      0.00  235772    5600   0.02  gsd-screensaver
02:36:57 AM   124      2793    0.00    0.00    0.00    0.00    0.00     3      0.00      0.00  320104    9452   0.03  gsd-sound
02:36:57 AM   124      2795    0.00    0.00    0.00    0.00    0.00     3      0.00      0.00  313652   10144   0.03  gsd-a11y-settin
02:36:57 AM   124      2799    0.00    0.00    0.00    0.00    0.00     2      0.00      0.00  313992   10524   0.03  gsd-housekeepin
02:36:57 AM   124      2802    0.00    0.00    0.00    0.00    0.00     0      0.00      0.00  339724   18828   0.06  gsd-power
02:36:57 AM   124      2824    0.00    0.00    0.00    0.00    0.00     2      0.00      0.00  342540   12784   0.04  gsd-printer
02:36:57 AM   119      2837    0.00    0.00    0.00    0.00    0.00     2      0.00      0.00  249328   17548   0.06  colord
02:36:57 AM     0     29120    0.00    0.00    0.00    0.00    0.00     3      0.00      0.00       0       0   0.00  kworker/u17:2
02:36:57 AM     0     33852    0.00    0.00    0.00    0.00    0.00     1      0.00      0.00       0       0   0.00  kworker/1:0H-kblockd
02:36:57 AM     0     35048    0.00    0.00    0.00    0.00    0.00     0      0.00      0.00       0       0   0.00  kworker/u17:0-thermal_fan_est
02:36:57 AM  1000     39960    0.00    0.00    0.00    0.00    0.00     2      0.00      0.00   19248    9208   0.03  systemd
02:36:57 AM  1000     39961    0.00    0.00    0.00    0.00    0.00     2      0.00      0.00  170940    6304   0.02  (sd-pam)
02:36:57 AM  1000     40037    0.00    0.00    0.00    0.00    0.00     3      0.00      0.00    7812    3952   0.01  dbus-daemon
02:36:57 AM     0     40147    0.00    0.00    0.00    0.00    0.00     1      0.00      0.00       0       0   0.00  kworker/1:0-events
02:36:57 AM     0     40174    0.00    0.00    0.00    0.00    0.00     2      0.00      0.00       0       0   0.00  kworker/2:2H-kblockd
02:36:57 AM     0     40194    0.00    0.00    0.00    0.00    0.00     3      0.00      0.00       0       0   0.00  kworker/3:0H-kblockd
02:36:57 AM     0     41650    0.00    0.00    0.00    0.00    0.00     3      0.00      0.00       0       0   0.00  kworker/3:0-mm_percpu_wq
02:36:57 AM     0     43913    0.00    0.00    0.00    0.00    0.00     2      0.00      0.00   14768    7560   0.02  sshd
02:36:57 AM  1000     43958    0.00    0.00    0.00    0.00    0.00     0      0.00      0.00   15292    6400   0.02  sshd
02:36:57 AM  1000     43959    0.00    0.00    0.00    0.00    0.00     1      0.00      0.00   11344    5444   0.02  bash
02:36:57 AM     0     50050    0.00    0.00    0.00    0.00    0.00     2      0.00      0.00   14768    7572   0.02  sshd
02:36:57 AM  1000     50094    0.00    0.00    0.00    0.00    0.00     3      0.00      0.00   15292    6428   0.02  sshd
02:36:57 AM  1000     50095    0.00    0.00    0.00    0.00    0.00     2      0.00      0.00   11344    5448   0.02  bash
02:36:57 AM     0     81462    0.00    0.00    0.00    0.00    0.00     2      0.00      0.00       0       0   0.00  kworker/2:2-events
02:36:57 AM     0     81478    0.00    0.00    0.00    0.00    0.00     0      0.00      0.00       0       0   0.00  kworker/0:1H-kblockd
02:36:57 AM  1000     84840    0.00    0.00    0.00    0.00    0.00     3      0.00      0.00  240176   10088   0.03  gnome-keyring-d
02:36:57 AM   124     84900    0.00    0.00    0.00    0.00    0.00     1      0.00      0.00  156240    4584   0.01  dconf-service
02:36:57 AM     0     85427    0.00    0.00    0.00    0.00    0.00     0      0.00      0.00       0       0   0.00  kworker/0:2-events
02:36:57 AM     0     86310    0.00    0.00    0.00    0.00    0.00     2      0.00      0.00       0       0   0.00  kworker/u16:1-devfreq_wq
02:36:57 AM     0     86312    0.00    0.00    0.00    0.00    0.00     3      0.00      0.00   14768    7564   0.02  sshd
02:36:57 AM  1000     86356    0.00    0.00    0.00    0.00    0.00     3      0.00      0.00   15292    6380   0.02  sshd
02:36:57 AM  1000     86357    0.00    0.00    0.00    0.00    0.00     0      0.00      0.00   11344    5440   0.02  bash
02:36:57 AM     0     86549    0.00    0.00    0.00    0.00    0.00     2      0.00      0.00   14768    7664   0.02  sshd
02:36:57 AM  1000     86593    0.00    0.00    0.00    0.00    0.00     2      0.00      0.00   15292    6480   0.02  sshd
02:36:57 AM  1000     86594    0.00    0.00    0.00    0.00    0.00     1     52.00      0.00   11860    5896   0.02  bash
02:36:57 AM     0     86632    0.00    0.00    0.00    0.00    0.00     3      0.00      0.00       0       0   0.00  kworker/3:2
02:36:57 AM     0     86695    0.00    0.00    0.00    0.00    0.00     2      0.00      0.00   14768    7616   0.02  sshd
02:36:57 AM  1000     86739    1.00    2.00    0.00    1.00    3.00     1      0.00      0.00   16116    7520   0.02  sshd
02:36:57 AM  1000     86740    0.00    0.00    0.00    0.00    0.00     0      0.00      0.00   11344    5344   0.02  bash
02:36:57 AM  1000     86916    1.00    0.00    0.00    1.00    1.00     3      0.00      0.00  283948   42984   0.14  roslaunch
02:36:57 AM  1000     86924    1.00    0.00    0.00    0.00    1.00     3      0.00      0.00  797980   43964   0.14  rosmaster
02:36:57 AM  1000     86934    0.00    0.00    0.00    0.00    0.00     1      0.00      0.00  274964   10080   0.03  rosout
02:36:57 AM  1000     86944   64.00   71.00    0.00    5.00  135.00     1      0.00      0.00 34859196  742712   2.34  scale_truck_con
02:36:57 AM  1000     86945   27.00   70.00    0.00    0.00   97.00     3      0.00      0.00 1571432  116640   0.37  LRC
02:36:57 AM  1000     87010    0.00    0.00    0.00    0.00    0.00     0      0.00      0.00  724884  126676   0.40  python3
02:36:57 AM     0     87290    0.00    0.00    0.00    0.00    0.00     0      0.00      0.00   14768    7584   0.02  sshd
02:36:57 AM  1000     87334    0.00    0.00    0.00    0.00    0.00     0      0.00      0.00   15292    6412   0.02  sshd
02:36:57 AM  1000     87335    0.00    0.00    0.00    0.00    0.00     2      0.00      0.00   11344    5436   0.02  bash
02:36:57 AM     0     89981    0.00    0.00    0.00    0.00    0.00     1      0.00      0.00       0       0   0.00  kworker/1:1-pm
02:36:57 AM     0     95050    0.00    0.00    0.00    0.00    0.00     2      0.00      0.00       0       0   0.00  kworker/2:0-events
02:36:57 AM     0     96173    0.00    0.00    0.00    0.00    0.00     1      0.00      0.00       0       0   0.00  kworker/1:2-pm
02:36:57 AM     0     99494    0.00    0.00    0.00    0.00    0.00     3      0.00      0.00       0       0   0.00  kworker/u16:3-events_unbound
02:36:57 AM     0    101032    0.00    0.00    0.00    0.00    0.00     2      0.00      0.00       0       0   0.00  kworker/2:1H
02:36:57 AM     0    102096    0.00    0.00    0.00    0.00    0.00     0      0.00      0.00       0       0   0.00  kworker/0:2H
02:36:57 AM     0    103173    0.00    0.00    0.00    0.00    0.00     3      0.00      0.00       0       0   0.00  kworker/3:1H
02:36:57 AM     0    107801    0.00    0.00    0.00    0.00    0.00     1      0.00      0.00       0       0   0.00  kworker/1:2H
02:36:57 AM     0    109830    0.00    0.00    0.00    0.00    0.00     0      0.00      0.00       0       0   0.00  kworker/0:1-events
02:36:57 AM     0    111231    0.00    0.00    0.00    0.00    0.00     1      0.00      0.00       0       0   0.00  kworker/u16:0-events_unbound
02:36:57 AM     0    111939    0.00    0.00    0.00    0.00    0.00     1      0.00      0.00       0       0   0.00  kworker/1:4-events
02:36:57 AM     0    121074    0.00    0.00    0.00    0.00    0.00     0      0.00      0.00       0       0   0.00  kworker/0:0-events
02:36:57 AM     0    122883    0.00    1.00    0.00    1.00    1.00     0      0.00      0.00       0       0   0.00  kworker/u16:2-events_unbound
02:36:57 AM     0    123203    0.00    0.00    0.00    0.00    0.00     3      0.00      0.00       0       0   0.00  kworker/3:2H
02:36:57 AM     0    124025    0.00    0.00    0.00    0.00    0.00     2      0.00      0.00       0       0   0.00  kworker/2:0H
02:36:57 AM     0    128328    0.00    0.00    0.00    0.00    0.00     1      0.00      0.00       0       0   0.00  kworker/1:3
02:36:57 AM  1000    128618    0.00    0.00    0.00    0.00    0.00     1      3.00      0.00    7828     540   0.00  timeout
02:36:57 AM  1000    128619    0.00    0.00    0.00    0.00    0.00     0      0.00      0.00    9208    3220   0.01  bash
02:36:57 AM  1000    128621    0.00    0.00    0.00    3.00    0.00     3     33.00      0.00   68712   42776   0.13  rosbag
02:36:57 AM  1000    128828   26.00   36.00    0.00    0.00   62.00     1      1.00      0.00 1172828   23428   0.07  record
02:36:57 AM  1000    128966    5.00   12.00    0.00    7.00   17.00     1      0.00      0.00   17764   10516   0.03  pidstat

# Time        UID       PID    %usr %system  %guest   %wait    %CPU   CPU  minflt/s  majflt/s     VSZ     RSS   %MEM  Command
02:36:58 AM     0         1    0.00    0.00    0.00    0.00    0.00     2      0.00      0.00  169880   11540   0.04  systemd
02:36:58 AM     0         2    0.00    0.00    0.00    0.00    0.00     1      0.00      0.00       0       0   0.00  kthreadd
02:36:58 AM     0         3    0.00    0.00    0.00    0.00    0.00     0      0.00      0.00       0       0   0.00  rcu_gp
02:36:58 AM     0         4    0.00    0.00    0.00    0.00    0.00     0      0.00      0.00       0       0   0.00  rcu_par_gp
02:36:58 AM     0         8    0.00    0.00    0.00    0.00    0.00     0      0.00      0.00       0       0   0.00  mm_percpu_wq
02:36:58 AM     0         9    0.00    0.00    0.00    0.00    0.00     0      0.00      0.00       0       0   0.00  rcu_tasks_kthre
02:36:58 AM     0        10    0.00    0.00    0.00    0.00    0.00     0      0.00      0.00       0       0   0.00  rcu_tasks_rude_
02:36:58 AM     0        11    0.00    0.00    0.00    0.00    0.00     0      0.00      0.00       0       0   0.00  rcu_tasks_trace
02:36:58 AM     0        12    0.00    0.00    0.00    0.00    0.00     0      0.00      0.00       0       0   0.00  ksoftirqd/0
02:36:58 AM     0        13    0.00    0.00    0.00    0.00    0.00     0      0.00      0.00       0       0   0.00  rcu_preempt
02:36:58 AM     0        14    0.00    0.00    0.00    0.00    0.00     0      0.00      0.00       0       0   0.00  migration/0
02:36:58 AM     0        16    0.00    0.00    0.00    0.00    0.00     0      0.00      0.00       0       0   0.00  cpuhp/0
02:36:58 AM     0        17    0.00    0.00    0.00    0.00    0.00     1      0.00      0.00       0       0   0.00  cpuhp/1
02:36:58 AM     0        18    0.00    0.00    0.00    0.00    0.00     1      0.00      0.00       0       0   0.00  migration/1
02:36:58 AM     0        19    0.00    0.00    0.00    0.00    0.00     1      0.00      0.00       0       0   0.00  ksoftirqd/1
02:36:58 AM     0        22    0.00    0.00    0.00    0.00    0.00     2      0.00      0.00       0       0   0.00  cpuhp/2
02:36:58 AM     0        23    0.00    0.00    0.00    0.00    0.00     2      0.00      0.00       0       0   0.00  migration/2
02:36:58 AM     0        24    0.00    0.00    0.00    0.00    0.00     2      0.00      0.00       0       0   0.00  ksoftirqd/2
02:36:58 AM     0        27    0.00    0.00    0.00    0.00    0.00     3      0.00      0.00       0       0   0.00  cpuhp/3
02:36:58 AM     0        28    0.00    0.00    0.00    0.00    0.00     3      0.00      0.00       0       0   0.00  migration/3
02:36:58 AM     0        29    0.00    0.00    0.00    0.00    0.00     3      0.00      0.00       0       0   0.00  ksoftirqd/3
02:36:58 AM     0        32    0.00    0.00    0.00    0.00    0.00     4      0.00      0.00       0       0   0.00  cpuhp/4
02:36:58 AM     0        33    0.00    0.00    0.00    0.00    0.00     4      0.00      0.00       0       0   0.00  migration/4
02:36:58 AM     0        34    0.00    0.00    0.00    0.00    0.00     4      0.00      0.00       0       0   0.00  ksoftirqd/4
02:36:58 AM     0        36    0.00    0.00    0.00    0.00    0.00     4      0.00      0.00       0       0   0.00  kworker/4:0H-kblockd
02:36:58 AM     0        37    0.00    0.00    0.00    0.00    0.00     5      0.00      0.00       0       0   0.00  cpuhp/5
02:36:58 AM     0        38    0.00    0.00    0.00    0.00    0.00     5      0.00      0.00       0       0   0.00  migration/5
02:36:58 AM     0        39    0.00    0.00    0.00    0.00    0.00     5      0.00      0.00       0       0   0.00  ksoftirqd/5
02:36:58 AM     0        41    0.00    0.00    0.00    0.00    0.00     5      0.00      0.00       0       0   0.00  kworker/5:0H-kblockd
02:36:58 AM     0        42    0.00    0.00    0.00    0.00    0.00     6      0.00      0.00       0       0   0.00  cpuhp/6
02:36:58 AM     0        43    0.00    0.00    0.00    0.00    0.00     6      0.00      0.00       0       0   0.00  migration/6
02:36:58 AM     0        44    0.00    0.00    0.00    0.00    0.00     6      0.00      0.00       0       0   0.00  ksoftirqd/6
02:36:58 AM     0        46    0.00    0.00    0.00    0.00    0.00     6      0.00      0.00       0       0   0.00  kworker/6:0H-events_highpri
02:36:58 AM     0        47    0.00    0.00    0.00    0.00    0.00     7      0.00      0.00       0       0   0.00  cpuhp/7
02:36:58 AM     0        48    0.00    0.00    0.00    0.00    0.00     7      0.00      0.00       0       0   0.00  migration/7
02:36:58 AM     0        49    0.00    0.00    0.00    0.00    0.00     7      0.00      0.00       0       0   0.00  ksoftirqd/7
02:36:58 AM     0        50    0.00    0.00    0.00    0.00    0.00     0      0.00      0.00       0       0   0.00  kworker/7:0-rcu_gp
02:36:58 AM     0        51    0.00    0.00    0.00    0.00    0.00     7      0.00      0.00       0       0   0.00  kworker/7:0H-kblockd
02:36:58 AM     0        52    0.00    0.00    0.00    0.00    0.00     0      0.00      0.00       0       0   0.00  kdevtmpfs
02:36:58 AM     0        53    0.00    0.00    0.00    0.00    0.00     4      0.00      0.00       0       0   0.00  netns
02:36:58 AM     0        54    0.00    0.00    0.00    0.00    0.00     1      0.00      0.00       0       0   0.00  kauditd
02:36:58 AM     0        55    0.00    0.00    0.00    0.00    0.00     0      0.00      0.00       0       0   0.00  irq/87-mc_statu
02:36:58 AM     0        56    0.00    0.00    0.00    0.00    0.00     2      0.00      0.00       0       0   0.00  khungtaskd
02:36:58 AM     0        57    0.00    0.00    0.00    0.00    0.00     3      0.00      0.00       0       0   0.00  oom_reaper
02:36:58 AM     0        58    0.00    0.00    0.00    0.00    0.00     5      0.00      0.00       0       0   0.00  writeback
02:36:58 AM     0        59    0.00    0.00    0.00    0.00    0.00     2      0.00      0.00       0       0   0.00  kcompactd0
02:36:58 AM     0        60    0.00    0.00    0.00    0.00    0.00     1      0.00      0.00       0       0   0.00  ksmd
02:36:58 AM     0        61    0.00    0.00    0.00    0.00    0.00     2      0.00      0.00       0       0   0.00  khugepaged
02:36:58 AM     0        93    0.00    0.00    0.00    0.00    0.00     1      0.00      0.00       0       0   0.00  kintegrityd
02:36:58 AM     0        94    0.00    0.00    0.00    0.00    0.00     1      0.00      0.00       0       0   0.00  kblockd
02:36:58 AM     0        95    0.00    0.00    0.00    0.00    0.00     1      0.00      0.00       0       0   0.00  blkcg_punt_bio
02:36:58 AM     0        97    0.00    0.00    0.00    0.00    0.00     3      0.00      0.00       0       0   0.00  tpm_dev_wq
02:36:58 AM     0        98    0.00    0.00    0.00    0.00    0.00     0      0.00      0.00       0       0   0.00  irq/197-30c0000
02:36:58 AM     0        99    0.00    0.00    0.00    0.00    0.00     1      0.00      0.00       0       0   0.00  devfreq_wq
02:36:58 AM     0       100    0.00    0.00    0.00    0.00    0.00     1      0.00      0.00       0       0   0.00  watchdogd
02:36:58 AM     0       104    0.00    0.00    0.00    0.00    0.00     7      0.00      0.00       0       0   0.00  rpciod
02:36:58 AM     0       106    0.00    0.00    0.00    0.00    0.00     7      0.00      0.00       0       0   0.00  xprtiod
02:36:58 AM     0       108    0.00    0.00    0.00    0.00    0.00     7      0.00      0.00       0       0   0.00  kswapd0
02:36:58 AM     0       109    0.00    0.00    0.00    0.00    0.00     5      0.00      0.00       0       0   0.00  nfsiod
02:36:58 AM     0       112    0.00    0.00    0.00    0.00    0.00     1      0.00      0.00       0       0   0.00  kthrotld
02:36:58 AM     0       113    0.00    0.00    0.00    0.00    0.00     7      0.00      0.00       0       0   0.00  kpcitest
02:36:58 AM     0       116    0.00    0.00    0.00    0.00    0.00     5      0.00      0.00       0       0   0.00  kworker/5:1-events
02:36:58 AM     0       122    0.00    0.00    0.00    0.00    0.00     1      0.00      0.00       0       0   0.00  nvme-wq
02:36:58 AM     0       123    0.00    0.00    0.00    0.00    0.00     5      0.00      0.00       0       0   0.00  nvme-reset-wq
02:36:58 AM     0       124    0.00    0.00    0.00    0.00    0.00     6      0.00      0.00       0       0   0.00  nvme-delete-wq
02:36:58 AM     0       125    0.00    0.00    0.00    0.00    0.00     6      0.00      0.00       0       0   0.00  uas
02:36:58 AM     0       126    0.00    0.00    0.00    0.00    0.00     0      0.00      0.00       0       0   0.00  irq/222-tegra_r
02:36:58 AM     0       127    0.00    0.00    0.00    0.00    0.00     0      0.00      0.00       0       0   0.00  kworker/7:2-events
02:36:58 AM     0       129    0.00    0.00    0.00    0.00    0.00     0      0.00      0.00       0       0   0.00  irq/86-tegra-oc
02:36:58 AM     0       130    0.00    0.00    0.00    0.00    0.00     5      0.00      0.00       0       0   0.00  dm_bufio_cache
02:36:58 AM     0       131    0.00    0.00    0.00    0.00    0.00     0      0.00      0.00       0       0   0.00  irq/223-max7762
02:36:58 AM     0       140    0.00    0.00    0.00    0.00    0.00     0      0.00      0.00       0       0   0.00  irq/55-bc00000.
02:36:58 AM     0       143    0.00    0.00    0.00    0.00    0.00     0      0.00      0.00       0       0   0.00  ipv6_addrconf
02:36:58 AM     0       144    0.00    0.00    0.00    0.00    0.00     6      0.00      0.00       0       0   0.00  krfcommd
02:36:58 AM     0       145    0.00    0.00    0.00    0.00    0.00     0      0.00      0.00       0       0   0.00  kstrp
02:36:58 AM     0       150    0.00    0.00    0.00    0.00    0.00     0      0.00      0.00       0       0   0.00  irq/24-tegra-pc
02:36:58 AM     0       154    0.00    0.00    0.00    0.00    0.00     0      0.00      0.00       0       0   0.00  irq/26-tegra-pc
02:36:58 AM     0       160    0.00    0.00    0.00    0.00    0.00     0      0.00      0.00       0       0   0.00  irq/26-aerdrv
02:36:58 AM     0       161    0.00    0.00    0.00    0.00    0.00     0      0.00      0.00       0       0   0.00  irq/28-tegra-pc
02:36:58 AM     0       162    0.00    0.00    0.00    0.00    0.00     0      0.00      0.00       0       0   0.00  irq/28-aerdrv
02:36:58 AM     0       163    0.00    0.00    0.00    0.00    0.00     5      0.00      0.00       0       0   0.00  host_low_prio_w
02:36:58 AM     0       164    0.00    1.00    0.00    0.00    1.00     0      0.00      0.00       0       0   0.00  irq/57-host_syn
02:36:58 AM     0       165    0.00    0.00    0.00    0.00    0.00     0      0.00      0.00       0       0   0.00  irq/58-host_sta
02:36:58 AM     0       173    0.00    0.00    0.00    0.00    0.00     5      0.00      0.00       0       0   0.00  pva_task_status
02:36:58 AM     0       174    0.00    0.00    0.00    0.00    0.00     0      0.00      0.00       0       0   0.00  irq/75-pva-isr
02:36:58 AM     0       175    0.00    0.00    0.00    0.00    0.00     0      0.00      0.00       0       0   0.00  pva_task_status
02:36:58 AM     0       176    0.00    0.00    0.00    0.00    0.00     0      0.00      0.00       0       0   0.00  irq/76-pva-isr
02:36:58 AM     0       185    0.00    0.00    0.00    0.00    0.00     0      0.00      0.00       0       0   0.00  sdhci
02:36:58 AM     0       186    0.00    0.00    0.00    0.00    0.00     0      0.00      0.00       0       0   0.00  irq/39-mmc0
02:36:58 AM     0       187    0.00    0.00    0.00    0.00    0.00     2      0.00      0.00       0       0   0.00  sdhci
02:36:58 AM     0       189    0.00    0.00    0.00    0.00    0.00     0      0.00      0.00       0       0   0.00  irq/40-mmc1
02:36:58 AM     0       195    0.00    0.00    0.00    0.00    0.00     7      0.00      0.00       0       0   0.00  scsi_eh_0
02:36:58 AM     0       196    0.00    0.00    0.00    0.00    0.00     7      0.00      0.00       0       0   0.00  scsi_tmf_0
02:36:58 AM     0       197    0.00    0.00    0.00    0.00    0.00     0      0.00      0.00       0       0   0.00  kworker/5:2-events
02:36:58 AM     0       198    0.00    0.00    0.00    0.00    0.00     0      0.00      0.00       0       0   0.00  irq/67-15200000
02:36:58 AM     0       199    0.00    0.00    0.00    0.00    0.00     1      0.00      0.00       0       0   0.00  tegradc.0/a
02:36:58 AM     0       200    0.00    0.00    0.00    0.00    0.00     0      0.00      0.00       0       0   0.00  tegradc.0/b
02:36:58 AM     0       201    0.00    0.00    0.00    0.00    0.00     0      0.00      0.00       0       0   0.00  tegradc.0/c
02:36:58 AM     0       202    0.00    0.00    0.00    0.00    0.00     0      0.00      0.00       0       0   0.00  tegradc.0/d
02:36:58 AM     0       203    0.00    0.00    0.00    0.00    0.00     0      0.00      0.00       0       0   0.00  tegradc.0/e
02:36:58 AM     0       204    0.00    0.00    0.00    0.00    0.00     0      0.00      0.00       0       0   0.00  tegradc.0/f
02:36:58 AM     0       205    0.00    0.00    0.00    0.00    0.00     0      0.00      0.00       0       0   0.00  tegradc.0/sl
02:36:58 AM     0       206    0.00    0.00    0.00    0.00    0.00     0      0.00      0.00       0       0   0.00  irq/62-15200000
02:36:58 AM     0       207    0.00    0.00    0.00    0.00    0.00     0      0.00      0.00       0       0   0.00  irq/276-3400000
02:36:58 AM     0       208    0.00    0.00    0.00    0.00    0.00     0      0.00      0.00       0       0   0.00  ufs_eh_wq_0
02:36:58 AM     0       209    0.00    0.00    0.00    0.00    0.00     3      0.00      0.00       0       0   0.00  mmc_complete
02:36:58 AM     0       211    0.00    0.00    0.00    0.00    0.00     0      0.00      0.00       0       0   0.00  irq/278-1520000
02:36:58 AM     0       212    0.00    0.00    0.00    0.00    0.00     0      0.00      0.00       0       0   0.00  irq/203-3610000
02:36:58 AM     0       213    0.00    0.00    0.00    0.00    0.00     0      0.00      0.00       0       0   0.00  irq/221-3610000
02:36:58 AM     0       214    0.00    0.00    0.00    0.00    0.00     0      0.00      0.00       0       0   0.00  irq/30-tegra-pc
02:36:58 AM     0       216    0.00    0.00    0.00    0.00    0.00     0      0.00      0.00       0       0   0.00  kworker/4:3-events
02:36:58 AM     0       218    0.00    0.00    0.00    0.00    0.00     4      0.00      0.00       0       0   0.00  kworker/4:5-events
02:36:58 AM     0       221    0.00    0.00    0.00    0.00    0.00     0      0.00      0.00       0       0   0.00  kworker/6:12-events
02:36:58 AM     0       222    0.00    0.00    0.00    0.00    0.00     0      0.00      0.00       0       0   0.00  kworker/6:13-events
02:36:58 AM     0       225    0.00    0.00    0.00    0.00    0.00     0      0.00      0.00       0       0   0.00  irq/68-tegra_dp
02:36:58 AM     0       226    0.00    0.00    0.00    0.00    0.00     0      0.00      0.00       0       0   0.00  irq/65-15210000
02:36:58 AM     0       227    0.00    0.00    0.00    0.00    0.00     0      0.00      0.00       0       0   0.00  tegradc.1/a
02:36:58 AM     0       228    0.00    0.00    0.00    0.00    0.00     0      0.00      0.00       0       0   0.00  tegradc.1/b
02:36:58 AM     0       229    0.00    0.00    0.00    0.00    0.00     0      0.00      0.00       0       0   0.00  tegradc.1/c
02:36:58 AM     0       230    0.00    0.00    0.00    0.00    0.00     0      0.00      0.00       0       0   0.00  tegradc.1/d
02:36:58 AM     0       231    0.00    0.00    0.00    0.00    0.00     0      0.00      0.00       0       0   0.00  tegradc.1/e
02:36:58 AM     0       232    0.00    0.00    0.00    0.00    0.00     0      0.00      0.00       0       0   0.00  tegradc.1/f
02:36:58 AM     0       233    0.00    0.00    0.00    0.00    0.00     1      0.00      0.00       0       0   0.00  tegradc.1/sl
02:36:58 AM     0       234    0.00    0.00    0.00    0.00    0.00     0      0.00      0.00       0       0   0.00  irq/63-15210000
02:36:58 AM     0       249    0.00    0.00    0.00    0.00    0.00     0      0.00      0.00       0       0   0.00  irq/56-d230000.
02:36:58 AM     0       250    0.00    0.00    0.00    0.00    0.00     0      0.00      0.00       0       0   0.00  irq/69-tegra_dp
02:36:58 AM     0       251    0.00    0.00    0.00    0.00    0.00     0      0.00      0.00       0       0   0.00  irq/66-15220000
02:36:58 AM     0       252    0.00    0.00    0.00    0.00    0.00     0      0.00      0.00       0       0   0.00  tegradc.2/a
02:36:58 AM     0       253    0.00    0.00    0.00    0.00    0.00     0      0.00      0.00       0       0   0.00  tegradc.2/b
02:36:58 AM     0       254    0.00    0.00    0.00    0.00    0.00     0      0.00      0.00       0       0   0.00  tegradc.2/c
02:36:58 AM     0       255    0.00    0.00    0.00    0.00    0.00     0      0.00      0.00       0       0   0.00  tegradc.2/d
02:36:58 AM     0       256    0.00    0.00    0.00    0.00    0.00     0      0.00      0.00       0       0   0.00  tegradc.2/e
02:36:58 AM     0       257    0.00    0.00    0.00    0.00    0.00     0      0.00      0.00       0       0   0.00  tegradc.2/f
02:36:58 AM     0       258    0.00    0.00    0.00    0.00    0.00     0      0.00      0.00       0       0   0.00  tegradc.2/sl
02:36:58 AM     0       259    0.00    0.00    0.00    0.00    0.00     0      0.00      0.00       0       0   0.00  irq/64-15220000
02:36:58 AM     0       275    0.00    0.00    0.00    0.00    0.00     0      0.00      0.00       0       0   0.00  jbd2/mmcblk0p1-
02:36:58 AM     0       276    0.00    0.00    0.00    0.00    0.00     3      0.00      0.00       0       0   0.00  ext4-rsv-conver
02:36:58 AM     0       280    0.00    0.00    0.00    0.00    0.00     7      0.00      0.00       0       0   0.00  kworker/7:1H
02:36:58 AM     0       286    0.00    0.00    0.00    0.00    0.00     5      0.00      0.00       0       0   0.00  kworker/5:1H-kblockd
02:36:58 AM     0       312    0.00    0.00    0.00    0.00    0.00     2      0.00      0.00   61816   31668   0.10  systemd-journal
02:36:58 AM     0       338    0.00    4.00    0.00   12.00    4.00     2      0.00      0.00       0       0   0.00  nvmap-bz
02:36:58 AM     0       339    0.00    0.00    0.00    0.00    0.00     0      0.00      0.00       0       0   0.00  irq/204-gk20a_s
02:36:58 AM     0       340    0.00    0.00    0.00    0.00    0.00     0      0.00      0.00       0       0   0.00  irq/205-gk20a_n
02:36:58 AM     0       345    0.00    0.00    0.00    0.00    0.00     3      0.00      0.00    2776    1492   0.00  tee-supplicant
02:36:58 AM     0       347    0.00    0.00    0.00    0.00    0.00     3      0.00      0.00       0       0   0.00  optee_bus_scan
02:36:58 AM     0       358    0.00    0.00    0.00    0.00    0.00     3      0.00      0.00   22788    7532   0.02  systemd-udevd
02:36:58 AM     0       364    0.00    0.00    0.00    0.00    0.00     1      0.00      0.00    7948    4892   0.02  haveged
02:36:58 AM   126       365    0.00    0.00    0.00    0.00    0.00     3      0.00      0.00    7136    3108   0.01  rpcbind
02:36:58 AM   105       366    0.00    0.00    0.00    0.00    0.00     0      0.00      0.00   25592   13288   0.04  systemd-resolve
02:36:58 AM   103       367    0.00    0.00    0.00    0.00    0.00     1      0.00      0.00   90672    6220   0.02  systemd-timesyn
02:36:58 AM     0       407    0.00    0.00    0.00    0.00    0.00     5      0.00      0.00       0       0   0.00  cfg80211
02:36:58 AM     0       410    0.00    0.00    0.00    0.00    0.00     0      0.00      0.00       0       0   0.00  irq/42-3210000.
02:36:58 AM     0       412    0.00    0.00    0.00    0.00    0.00     2      0.00      0.00       0       0   0.00  spi0
02:36:58 AM     0       413    0.00   13.00    0.00    0.00   13.00     1      0.00      0.00       0       0   0.00  irq/282-iwlwifi
02:36:58 AM     0       416    0.00    0.00    0.00    0.00    0.00     4      0.00      0.00       0       0   0.00  ata_sff
02:36:58 AM     0       419    0.00    0.00    0.00    0.00    0.00     0      0.00      0.00       0       0   0.00  irq/43-c260000.
02:36:58 AM     0       420    0.00    0.00    0.00    0.00    0.00     6      0.00      0.00       0       0   0.00  scsi_eh_1
02:36:58 AM     0       422    0.00    0.00    0.00    0.00    0.00     6      0.00      0.00       0       0   0.00  scsi_tmf_1
02:36:58 AM     0       427    0.00    0.00    0.00    0.00    0.00     0      0.00      0.00       0       0   0.00  spi1
02:36:58 AM     0       430    0.00    0.00    0.00    0.00    0.00     3      0.00      0.00  242072    8880   0.03  accounts-daemon
02:36:58 AM   120       439    0.00    0.00    0.00    0.00    0.00     0      0.00      0.00    7084    3472   0.01  avahi-daemon
02:36:58 AM     0       441    0.00    0.00    0.00    0.00    0.00     2      0.00      0.00    9220    2516   0.01  cron
02:36:58 AM   106       443    0.00    0.00    0.00    0.00    0.00     1      0.00      0.00    9396    5264   0.02  dbus-daemon
02:36:58 AM     0       447    0.00    0.00    0.00    0.00    0.00     1      0.00      0.00  341244   20856   0.07  NetworkManager
02:36:58 AM     0       456    0.00    0.00    0.00    0.00    0.00     4      0.00      0.00   38300   19472   0.06  networkd-dispat
02:36:58 AM     0       473    0.00    0.00    0.00    0.00    0.00     2      0.00      0.00  238860   13352   0.04  polkitd
02:36:58 AM   125       483    0.00    0.00    0.00    0.00    0.00     2      0.00      0.00  220940    8288   0.03  rsyslogd
02:36:58 AM     0       503    0.00    0.00    0.00    0.00    0.00     2      0.00      0.00  235864    4364   0.01  switcheroo-cont
02:36:58 AM     0       514    0.00    0.00    0.00    0.00    0.00     0      0.00      0.00   17076    6760   0.02  systemd-logind
02:36:58 AM     0       523    0.00    0.00    0.00    0.00    0.00     2      0.00      0.00  395556   15676   0.05  udisksd
02:36:58 AM     0       528    0.00    0.00    0.00    0.00    0.00     3      0.00      0.00   12784    8052   0.03  wpa_supplicant
02:36:58 AM     0       548    0.00    0.00    0.00    0.00    0.00     0      0.00      0.00       0       0   0.00  sugov:0
02:36:58 AM   120       555    0.00    0.00    0.00    0.00    0.00     2      0.00      0.00    6896     324   0.00  avahi-daemon
02:36:58 AM     0       585    0.00    0.00    0.00    0.00    0.00     5      0.00      0.00       0       0   0.00  tmp451
02:36:58 AM     0       597    0.00    0.00    0.00    0.00    0.00     3      0.00      0.00       0       0   0.00  irq/286-1-0008
02:36:58 AM     0       600    0.00    0.00    0.00    0.00    0.00     2      0.00      0.00  321792   14480   0.05  ModemManager
02:36:58 AM     0       653    0.00    1.00    0.00    0.00    1.00     1      0.00      0.00    2476     604   0.00  nvfancontrol
02:36:58 AM     0       728    0.00    0.00    0.00    0.00    0.00     4      0.00      0.00       0       0   0.00  adspp_kthread
02:36:58 AM     0       779    0.00    0.00    0.00    0.00    0.00     6      0.00      0.00       0       0   0.00  kworker/6:2H-kblockd
02:36:58 AM     0       876    0.00    0.00    0.00    0.00    0.00     1      0.00      0.00       0       0   0.00  irq/289-2490000
02:36:58 AM     0       887    0.00    0.00    0.00    0.00    0.00     0      0.00      0.00       0       0   0.00  irq/32-eth0.com
02:36:58 AM     0       919    0.00    0.00    0.00    0.00    0.00     4      0.00      0.00       0       0   0.00  file-storage
02:36:58 AM     0       953    0.00    0.00    0.00    0.00    0.00     1      0.00      0.00       0       0   0.00  loop0
02:36:58 AM     0      1048    0.00    0.00    0.00    0.00    0.00     4      0.00      0.00       0       0   0.00  kworker/4:2H-kblockd
02:36:58 AM     0      1091    0.00    0.00    0.00    0.00    0.00     3      0.00      0.00       0       0   0.00  cryptd
02:36:58 AM     0      1147    0.00    0.00    0.00    0.00    0.00     2      0.00      0.00       0       0   0.00  sw-quiesce
02:36:58 AM     0      1148    0.00    0.00    0.00    0.00    0.00     0      0.00      0.00       0       0   0.00  nvgpu_channel_p
02:36:58 AM     0      1151    0.00    0.00    0.00    0.00    0.00     2      0.00      0.00       0       0   0.00  nvgpu_nvs_gv11b
02:36:58 AM     0      1153    0.00    0.00    0.00    0.00    0.00     0      0.00      0.00       0       0   0.00  nvgpu_pg_init_g
02:36:58 AM     0      1157    0.00    0.00    0.00    0.00    0.00     2      0.00      0.00       0       0   0.00  nvgpu_clk_arb_p
02:36:58 AM     0      1162    0.00    0.00    0.00    0.00    0.00     3      0.00      0.00       0       0   0.00  irq/288-rt5659
02:36:58 AM     0      1270    0.00    0.00    0.00    0.00    0.00     3      0.00      0.00   55688   11092   0.03  nvargus-daemon
02:36:58 AM     0      1273    0.00    0.00    0.00    0.00    0.00     3      0.00      0.00   21932    1552   0.00  nvs-service
02:36:58 AM     0      1298    0.00    0.00    0.00    0.00    0.00     1      0.00      0.00 2007972   50360   0.16  containerd
02:36:58 AM     0      1314    0.00    0.00    0.00    0.00    0.00     0      0.00      0.00  240032    7616   0.02  gdm3
02:36:58 AM   108      1326    0.00    0.00    0.00    0.00    0.00     3      0.00      0.00   11468    1896   0.01  kerneloops
02:36:58 AM     0      1327    0.00    0.00    0.00    0.00    0.00     1      0.00      0.00   12236    6576   0.02  sshd
02:36:58 AM     0      1336    0.00    0.00    0.00    0.00    0.00     0      0.00      0.00    7688    1876   0.01  agetty
02:36:58 AM     0      1337    0.00    0.00    0.00    0.00    0.00     2      0.00      0.00    7688    1904   0.01  agetty
02:36:58 AM   108      1339    0.00    0.00    0.00    0.00    0.00     1      0.00      0.00   11468    1820   0.01  kerneloops
02:36:58 AM     0      1340    0.00    0.00    0.00    0.00    0.00     3      0.00      0.00    9216    2824   0.01  nvgetty.sh
02:36:58 AM     0      1379    0.00    0.00    0.00    0.00    0.00     0      0.00      0.00    7688    1848   0.01  getty
02:36:58 AM     0      1554    0.00    0.00    0.00    0.00    0.00     2      0.00      0.00 2111796   85472   0.27  dockerd
02:36:58 AM     0      1677    0.00    0.00    0.00    0.00    0.00     2      0.00      0.00  168472    8256   0.03  gdm-session-wor
02:36:58 AM     0      1711    0.00    0.00    0.00    0.00    0.00     0      0.00      0.00    3248     808   0.00  nvphsd
02:36:58 AM     0      1716    0.00    0.00    0.00    0.00    0.00     3      0.00      0.00    3380    1788   0.01  nvphsd
02:36:58 AM   124      1789    0.00    0.00    0.00    0.00    0.00     3      0.00      0.00   19144    9224   0.03  systemd
02:36:58 AM   124      1804    0.00    0.00    0.00    0.00    0.00     3      0.00      0.00  104488    5436   0.02  (sd-pam)
02:36:58 AM   124      2014    0.00    0.00    0.00    0.00    0.00     2      0.00      0.00  961884   21984   0.07  pulseaudio
02:36:58 AM   124      2032    0.00    0.00    0.00    0.00    0.00     2      0.00      0.00  164156    5924   0.02  gdm-x-session
02:36:58 AM   124      2037    0.00    0.00    0.00    0.00    0.00     1      0.00      0.00 25330232   99256   0.31  Xorg
02:36:58 AM   118      2040    0.00    0.00    0.00    0.00    0.00     1      0.00      0.00  152516    2440   0.01  rtkit-daemon
02:36:58 AM   124      2162    0.00    0.00    0.00    0.00    0.00     2      0.00      0.00    7812    3448   0.01  dbus-daemon
02:36:58 AM   124      2428    0.00    0.00    0.00    0.00    0.00     0      0.00      0.00    4776    1164   0.00  dbus-run-sessio
02:36:58 AM   124      2429    0.00    0.00    0.00    0.00    0.00     2      0.00      0.00    8088    4104   0.01  dbus-daemon
02:36:58 AM   124      2438    0.00    0.00    0.00    0.00    0.00     3      0.00      0.00  559768   14932   0.05  gnome-session-b
02:36:58 AM     0      2457    0.00    0.00    0.00    0.00    0.00     2      0.00      0.00  101692   19628   0.06  jtop
02:36:58 AM   124      2463    0.00    0.00    0.00    0.00    0.00     3      0.00      0.00  309548   10092   0.03  at-spi-bus-laun
02:36:58 AM   124      2470    0.00    0.00    0.00    0.00    0.00     1      0.00      0.00    7676    3468   0.01  dbus-daemon
02:36:58 AM   124      2495    0.00    0.00    0.00    0.00    0.00     1      0.00      0.00 4022996  194924   0.61  gnome-shell
02:36:58 AM     0      2510    0.00    0.00    0.00    0.00    0.00     3      0.00      0.00  175424   16904   0.05  jtop
02:36:58 AM     0      2518    0.00    0.00    0.00    0.00    0.00     2      0.00      0.00  101692   17160   0.05  jtop
02:36:58 AM   124      2696    0.00    0.00    0.00    0.00    0.00     0      0.00      0.00  314420   11212   0.04  ibus-daemon
02:36:58 AM   124      2699    0.00    0.00    0.00    0.00    0.00     2      0.00      0.00  239960   11792   0.04  ibus-dconf
02:36:58 AM   124      2701    0.00    0.00    0.00    0.00    0.00     2      0.00      0.00  189920   16900   0.05  ibus-x11
02:36:58 AM   124      2704    0.00    0.00    0.00    0.00    0.00     3      0.00      0.00  239880    7776   0.02  ibus-portal
02:36:58 AM   124      2715    0.00    0.00    0.00    0.00    0.00     1      0.00      0.00  161420    6880   0.02  at-spi2-registr
02:36:58 AM   124      2719    0.00    0.00    0.00    0.00    0.00     3      0.00      0.00  235804    4672   0.01  xdg-permission-
02:36:58 AM     0      2725    0.00    0.00    0.00    0.00    0.00     2      0.00      0.00  252944    8776   0.03  upowerd
02:36:58 AM   124      2745    0.00    0.00    0.00    0.00    0.00     2      0.00      0.00 3001620   27244   0.09  gjs
02:36:58 AM   124      2764    0.00    0.00    0.00    0.00    0.00     1      0.00      0.00  469396   14236   0.04  gsd-sharing
02:36:58 AM   124      2765    0.00    0.00    0.00    0.00    0.00     1      0.00      0.00  334628   15072   0.05  gsd-wacom
02:36:58 AM   124      2768    0.00    0.00    0.00    0.00    0.00     3      0.00      0.00  571788   19844   0.06  gsd-color
02:36:58 AM   124      2772    0.00    0.00    0.00    0.00    0.00     2      0.00      0.00  338096   17824   0.06  gsd-keyboard
02:36:58 AM   124      2774    0.00    0.00    0.00    0.00    0.00     2      0.00      0.00  322508   11376   0.04  gsd-print-notif
02:36:58 AM   124      2779    0.00    0.00    0.00    0.00    0.00     3      0.00      0.00  166208    7736   0.02  ibus-engine-sim
02:36:58 AM   124      2780    0.00    0.00    0.00    0.00    0.00     1      0.00      0.00  457460    7996   0.03  gsd-rfkill
02:36:58 AM   124      2782    0.00    0.00    0.00    0.00    0.00     1      0.00      0.00  391976    9696   0.03  gsd-smartcard
02:36:58 AM   124      2784    0.00    0.00    0.00    0.00    0.00     2      0.00      0.00  374928   15372   0.05  gsd-datetime
02:36:58 AM   124      2790    0.00    0.00    0.00    0.00    0.00     2      0.00      0.00  679696   20032   0.06  gsd-media-keys
02:36:58 AM   124      2791    0.00    0.00    0.00    0.00    0.00     3      0.00      0.00  235772    5600   0.02  gsd-screensaver
02:36:58 AM   124      2793    0.00    0.00    0.00    0.00    0.00     3      0.00      0.00  320104    9452   0.03  gsd-sound
02:36:58 AM   124      2795    0.00    0.00    0.00    0.00    0.00     3      0.00      0.00  313652   10144   0.03  gsd-a11y-settin
02:36:58 AM   124      2799    0.00    0.00    0.00    0.00    0.00     2      0.00      0.00  313992   10524   0.03  gsd-housekeepin
02:36:58 AM   124      2802    0.00    0.00    0.00    0.00    0.00     0      0.00      0.00  339724   18828   0.06  gsd-power
02:36:58 AM   124      2824    0.00    0.00    0.00    0.00    0.00     2      0.00      0.00  342540   12784   0.04  gsd-printer
02:36:58 AM   119      2837    0.00    0.00    0.00    0.00    0.00     2      0.00      0.00  249328   17548   0.06  colord
02:36:58 AM     0     29120    0.00    0.00    0.00    0.00    0.00     3      0.00      0.00       0       0   0.00  kworker/u17:2
02:36:58 AM     0     33852    0.00    0.00    0.00    0.00    0.00     1      0.00      0.00       0       0   0.00  kworker/1:0H-kblockd
02:36:58 AM     0     35048    0.00    0.00    0.00    0.00    0.00     0      0.00      0.00       0       0   0.00  kworker/u17:0-thermal_fan_est
02:36:58 AM  1000     39960    0.00    0.00    0.00    0.00    0.00     2      0.00      0.00   19248    9208   0.03  systemd
02:36:58 AM  1000     39961    0.00    0.00    0.00    0.00    0.00     2      0.00      0.00  170940    6304   0.02  (sd-pam)
02:36:58 AM  1000     40037    0.00    0.00    0.00    0.00    0.00     3      0.00      0.00    7812    3952   0.01  dbus-daemon
02:36:58 AM     0     40147    0.00    0.00    0.00    0.00    0.00     1      0.00      0.00       0       0   0.00  kworker/1:0-events
02:36:58 AM     0     40174    0.00    0.00    0.00    0.00    0.00     2      0.00      0.00       0       0   0.00  kworker/2:2H-kblockd
02:36:58 AM     0     40194    0.00    0.00    0.00    0.00    0.00     3      0.00      0.00       0       0   0.00  kworker/3:0H-kblockd
02:36:58 AM     0     41650    0.00    0.00    0.00    0.00    0.00     3      0.00      0.00       0       0   0.00  kworker/3:0-events
02:36:58 AM     0     43913    0.00    0.00    0.00    0.00    0.00     2      0.00      0.00   14768    7560   0.02  sshd
02:36:58 AM  1000     43958    0.00    0.00    0.00    0.00    0.00     0      0.00      0.00   15292    6400   0.02  sshd
02:36:58 AM  1000     43959    0.00    0.00    0.00    0.00    0.00     1      0.00      0.00   11344    5444   0.02  bash
02:36:58 AM     0     50050    0.00    0.00    0.00    0.00    0.00     2      0.00      0.00   14768    7572   0.02  sshd
02:36:58 AM  1000     50094    0.00    0.00    0.00    0.00    0.00     3      0.00      0.00   15292    6428   0.02  sshd
02:36:58 AM  1000     50095    0.00    0.00    0.00    0.00    0.00     2      0.00      0.00   11344    5448   0.02  bash
02:36:58 AM     0     81462    0.00    0.00    0.00    0.00    0.00     2      0.00      0.00       0       0   0.00  kworker/2:2-events
02:36:58 AM     0     81478    0.00    0.00    0.00    0.00    0.00     0      0.00      0.00       0       0   0.00  kworker/0:1H-kblockd
02:36:58 AM  1000     84840    0.00    0.00    0.00    0.00    0.00     3      0.00      0.00  240176   10088   0.03  gnome-keyring-d
02:36:58 AM   124     84900    0.00    0.00    0.00    0.00    0.00     1      0.00      0.00  156240    4584   0.01  dconf-service
02:36:58 AM     0     85427    0.00    1.00    0.00    0.00    1.00     0      0.00      0.00       0       0   0.00  kworker/0:2-events
02:36:58 AM     0     86310    0.00    0.00    0.00    0.00    0.00     2      0.00      0.00       0       0   0.00  kworker/u16:1-devfreq_wq
02:36:58 AM     0     86312    0.00    0.00    0.00    0.00    0.00     3      0.00      0.00   14768    7564   0.02  sshd
02:36:58 AM  1000     86356    0.00    0.00    0.00    0.00    0.00     3      0.00      0.00   15292    6380   0.02  sshd
02:36:58 AM  1000     86357    0.00    0.00    0.00    0.00    0.00     0      0.00      0.00   11344    5440   0.02  bash
02:36:58 AM     0     86549    0.00    0.00    0.00    0.00    0.00     2      0.00      0.00   14768    7664   0.02  sshd
02:36:58 AM  1000     86593    0.00    0.00    0.00    0.00    0.00     2      0.00      0.00   15292    6480   0.02  sshd
02:36:58 AM  1000     86594    0.00    0.00    0.00    0.00    0.00     1      2.00      0.00   11860    5896   0.02  bash
02:36:58 AM     0     86632    0.00    0.00    0.00    0.00    0.00     3      0.00      0.00       0       0   0.00  kworker/3:2
02:36:58 AM     0     86695    0.00    0.00    0.00    0.00    0.00     2      0.00      0.00   14768    7616   0.02  sshd
02:36:58 AM  1000     86739    0.00    2.00    0.00    1.00    2.00     2      0.00      0.00   16116    7520   0.02  sshd
02:36:58 AM  1000     86740    0.00    0.00    0.00    0.00    0.00     0      0.00      0.00   11344    5344   0.02  bash
02:36:58 AM  1000     86916    0.00    0.00    0.00    0.00    0.00     1      0.00      0.00  283948   42984   0.14  roslaunch
02:36:58 AM  1000     86924    1.00    0.00    0.00    0.00    1.00     3      0.00      0.00  797980   43972   0.14  rosmaster
02:36:58 AM  1000     86934    0.00    0.00    0.00    0.00    0.00     1      0.00      0.00  274964   10080   0.03  rosout
02:36:58 AM  1000     86944   64.00   68.00    0.00    6.00  132.00     1      0.00      0.00 34859196  742712   2.34  scale_truck_con
02:36:58 AM  1000     86945   28.00   63.00    0.00    0.00   91.00     2      0.00      0.00 1571432  116640   0.37  LRC
02:36:58 AM  1000     87010    0.00    0.00    0.00    0.00    0.00     1      0.00      0.00  724884  126676   0.40  python3
02:36:58 AM     0     87290    0.00    0.00    0.00    0.00    0.00     0      0.00      0.00   14768    7584   0.02  sshd
02:36:58 AM  1000     87334    0.00    0.00    0.00    0.00    0.00     0      0.00      0.00   15292    6412   0.02  sshd
02:36:58 AM  1000     87335    0.00    0.00    0.00    0.00    0.00     2      0.00      0.00   11344    5436   0.02  bash
02:36:58 AM     0     89981    0.00    0.00    0.00    0.00    0.00     1      0.00      0.00       0       0   0.00  kworker/1:1-pm
02:36:58 AM     0     95050    0.00    0.00    0.00    0.00    0.00     2      0.00      0.00       0       0   0.00  kworker/2:0-events
02:36:58 AM     0     96173    0.00    0.00    0.00    0.00    0.00     1      0.00      0.00       0       0   0.00  kworker/1:2-pm
02:36:58 AM     0     99494    0.00    0.00    0.00    1.00    0.00     2      0.00      0.00       0       0   0.00  kworker/u16:3-devfreq_wq
02:36:58 AM     0    101032    0.00    0.00    0.00    0.00    0.00     2      0.00      0.00       0       0   0.00  kworker/2:1H
02:36:58 AM     0    102096    0.00    0.00    0.00    0.00    0.00     0      0.00      0.00       0       0   0.00  kworker/0:2H
02:36:58 AM     0    103173    0.00    0.00    0.00    0.00    0.00     3      0.00      0.00       0       0   0.00  kworker/3:1H
02:36:58 AM     0    107801    0.00    0.00    0.00    0.00    0.00     1      0.00      0.00       0       0   0.00  kworker/1:2H
02:36:58 AM     0    109830    0.00    0.00    0.00    0.00    0.00     0      0.00      0.00       0       0   0.00  kworker/0:1-events
02:36:58 AM     0    111231    0.00    0.00    0.00    0.00    0.00     1      0.00      0.00       0       0   0.00  kworker/u16:0-events_unbound
02:36:58 AM     0    111939    0.00    0.00    0.00    0.00    0.00     1      0.00      0.00       0       0   0.00  kworker/1:4-events
02:36:58 AM     0    121074    0.00    0.00    0.00    0.00    0.00     0      0.00      0.00       0       0   0.00  kworker/0:0-events
02:36:58 AM     0    122883    0.00    1.00    0.00    0.00    1.00     2      0.00      0.00       0       0   0.00  kworker/u16:2-events_unbound
02:36:58 AM     0    123203    0.00    0.00    0.00    0.00    0.00     3      0.00      0.00       0       0   0.00  kworker/3:2H
02:36:58 AM     0    124025    0.00    0.00    0.00    0.00    0.00     2      0.00      0.00       0       0   0.00  kworker/2:0H
02:36:58 AM     0    128328    0.00    0.00    0.00    0.00    0.00     1      0.00      0.00       0       0   0.00  kworker/1:3
02:36:58 AM  1000    128619    0.00    0.00    0.00    0.00    0.00     0      0.00      0.00    9208    3220   0.01  bash
02:36:58 AM  1000    128966    2.00   14.00    0.00   15.00   16.00     3      0.00      0.00   17764   10516   0.03  pidstat

# Time        UID       PID    %usr %system  %guest   %wait    %CPU   CPU  minflt/s  majflt/s     VSZ     RSS   %MEM  Command
02:36:59 AM     0         1    0.00    0.00    0.00    0.00    0.00     2      0.00      0.00  169880   11540   0.04  systemd
02:36:59 AM     0         2    0.00    0.00    0.00    0.00    0.00     1      0.00      0.00       0       0   0.00  kthreadd
02:36:59 AM     0         3    0.00    0.00    0.00    0.00    0.00     0      0.00      0.00       0       0   0.00  rcu_gp
02:36:59 AM     0         4    0.00    0.00    0.00    0.00    0.00     0      0.00      0.00       0       0   0.00  rcu_par_gp
02:36:59 AM     0         8    0.00    0.00    0.00    0.00    0.00     0      0.00      0.00       0       0   0.00  mm_percpu_wq
02:36:59 AM     0         9    0.00    0.00    0.00    0.00    0.00     0      0.00      0.00       0       0   0.00  rcu_tasks_kthre
02:36:59 AM     0        10    0.00    0.00    0.00    0.00    0.00     0      0.00      0.00       0       0   0.00  rcu_tasks_rude_
02:36:59 AM     0        11    0.00    0.00    0.00    0.00    0.00     0      0.00      0.00       0       0   0.00  rcu_tasks_trace
02:36:59 AM     0        12    0.00    0.00    0.00    0.00    0.00     0      0.00      0.00       0       0   0.00  ksoftirqd/0
02:36:59 AM     0        13    0.00    1.00    0.00    0.00    1.00     3      0.00      0.00       0       0   0.00  rcu_preempt
02:36:59 AM     0        14    0.00    0.00    0.00    0.00    0.00     0      0.00      0.00       0       0   0.00  migration/0
02:36:59 AM     0        16    0.00    0.00    0.00    0.00    0.00     0      0.00      0.00       0       0   0.00  cpuhp/0
02:36:59 AM     0        17    0.00    0.00    0.00    0.00    0.00     1      0.00      0.00       0       0   0.00  cpuhp/1
02:36:59 AM     0        18    0.00    0.00    0.00    0.00    0.00     1      0.00      0.00       0       0   0.00  migration/1
02:36:59 AM     0        19    0.00    0.00    0.00    0.00    0.00     1      0.00      0.00       0       0   0.00  ksoftirqd/1
02:36:59 AM     0        22    0.00    0.00    0.00    0.00    0.00     2      0.00      0.00       0       0   0.00  cpuhp/2
02:36:59 AM     0        23    0.00    0.00    0.00    0.00    0.00     2      0.00      0.00       0       0   0.00  migration/2
02:36:59 AM     0        24    0.00    0.00    0.00    0.00    0.00     2      0.00      0.00       0       0   0.00  ksoftirqd/2
02:36:59 AM     0        27    0.00    0.00    0.00    0.00    0.00     3      0.00      0.00       0       0   0.00  cpuhp/3
02:36:59 AM     0        28    0.00    0.00    0.00    0.00    0.00     3      0.00      0.00       0       0   0.00  migration/3
02:36:59 AM     0        29    0.00    0.00    0.00    0.00    0.00     3      0.00      0.00       0       0   0.00  ksoftirqd/3
02:36:59 AM     0        32    0.00    0.00    0.00    0.00    0.00     4      0.00      0.00       0       0   0.00  cpuhp/4
02:36:59 AM     0        33    0.00    0.00    0.00    0.00    0.00     4      0.00      0.00       0       0   0.00  migration/4
02:36:59 AM     0        34    0.00    0.00    0.00    0.00    0.00     4      0.00      0.00       0       0   0.00  ksoftirqd/4
02:36:59 AM     0        36    0.00    0.00    0.00    0.00    0.00     4      0.00      0.00       0       0   0.00  kworker/4:0H-kblockd
02:36:59 AM     0        37    0.00    0.00    0.00    0.00    0.00     5      0.00      0.00       0       0   0.00  cpuhp/5
02:36:59 AM     0        38    0.00    0.00    0.00    0.00    0.00     5      0.00      0.00       0       0   0.00  migration/5
02:36:59 AM     0        39    0.00    0.00    0.00    0.00    0.00     5      0.00      0.00       0       0   0.00  ksoftirqd/5
02:36:59 AM     0        41    0.00    0.00    0.00    0.00    0.00     5      0.00      0.00       0       0   0.00  kworker/5:0H-kblockd
02:36:59 AM     0        42    0.00    0.00    0.00    0.00    0.00     6      0.00      0.00       0       0   0.00  cpuhp/6
02:36:59 AM     0        43    0.00    0.00    0.00    0.00    0.00     6      0.00      0.00       0       0   0.00  migration/6
02:36:59 AM     0        44    0.00    0.00    0.00    0.00    0.00     6      0.00      0.00       0       0   0.00  ksoftirqd/6
02:36:59 AM     0        46    0.00    0.00    0.00    0.00    0.00     6      0.00      0.00       0       0   0.00  kworker/6:0H-events_highpri
02:36:59 AM     0        47    0.00    0.00    0.00    0.00    0.00     7      0.00      0.00       0       0   0.00  cpuhp/7
02:36:59 AM     0        48    0.00    0.00    0.00    0.00    0.00     7      0.00      0.00       0       0   0.00  migration/7
02:36:59 AM     0        49    0.00    0.00    0.00    0.00    0.00     7      0.00      0.00       0       0   0.00  ksoftirqd/7
02:36:59 AM     0        50    0.00    0.00    0.00    0.00    0.00     0      0.00      0.00       0       0   0.00  kworker/7:0-rcu_gp
02:36:59 AM     0        51    0.00    0.00    0.00    0.00    0.00     7      0.00      0.00       0       0   0.00  kworker/7:0H-kblockd
02:36:59 AM     0        52    0.00    0.00    0.00    0.00    0.00     0      0.00      0.00       0       0   0.00  kdevtmpfs
02:36:59 AM     0        53    0.00    0.00    0.00    0.00    0.00     4      0.00      0.00       0       0   0.00  netns
02:36:59 AM     0        54    0.00    0.00    0.00    0.00    0.00     1      0.00      0.00       0       0   0.00  kauditd
02:36:59 AM     0        55    0.00    0.00    0.00    0.00    0.00     0      0.00      0.00       0       0   0.00  irq/87-mc_statu
02:36:59 AM     0        56    0.00    0.00    0.00    0.00    0.00     2      0.00      0.00       0       0   0.00  khungtaskd
02:36:59 AM     0        57    0.00    0.00    0.00    0.00    0.00     3      0.00      0.00       0       0   0.00  oom_reaper
02:36:59 AM     0        58    0.00    0.00    0.00    0.00    0.00     5      0.00      0.00       0       0   0.00  writeback
02:36:59 AM     0        59    0.00    0.00    0.00    0.00    0.00     2      0.00      0.00       0       0   0.00  kcompactd0
02:36:59 AM     0        60    0.00    0.00    0.00    0.00    0.00     1      0.00      0.00       0       0   0.00  ksmd
02:36:59 AM     0        61    0.00    0.00    0.00    0.00    0.00     2      0.00      0.00       0       0   0.00  khugepaged
02:36:59 AM     0        93    0.00    0.00    0.00    0.00    0.00     1      0.00      0.00       0       0   0.00  kintegrityd
02:36:59 AM     0        94    0.00    0.00    0.00    0.00    0.00     1      0.00      0.00       0       0   0.00  kblockd
02:36:59 AM     0        95    0.00    0.00    0.00    0.00    0.00     1      0.00      0.00       0       0   0.00  blkcg_punt_bio
02:36:59 AM     0        97    0.00    0.00    0.00    0.00    0.00     3      0.00      0.00       0       0   0.00  tpm_dev_wq
02:36:59 AM     0        98    0.00    0.00    0.00    0.00    0.00     0      0.00      0.00       0       0   0.00  irq/197-30c0000
02:36:59 AM     0        99    0.00    0.00    0.00    0.00    0.00     1      0.00      0.00       0       0   0.00  devfreq_wq
02:36:59 AM     0       100    0.00    0.00    0.00    0.00    0.00     1      0.00      0.00       0       0   0.00  watchdogd
02:36:59 AM     0       104    0.00    0.00    0.00    0.00    0.00     7      0.00      0.00       0       0   0.00  rpciod
02:36:59 AM     0       106    0.00    0.00    0.00    0.00    0.00     7      0.00      0.00       0       0   0.00  xprtiod
02:36:59 AM     0       108    0.00    0.00    0.00    0.00    0.00     7      0.00      0.00       0       0   0.00  kswapd0
02:36:59 AM     0       109    0.00    0.00    0.00    0.00    0.00     5      0.00      0.00       0       0   0.00  nfsiod
02:36:59 AM     0       112    0.00    0.00    0.00    0.00    0.00     1      0.00      0.00       0       0   0.00  kthrotld
02:36:59 AM     0       113    0.00    0.00    0.00    0.00    0.00     7      0.00      0.00       0       0   0.00  kpcitest
02:36:59 AM     0       116    0.00    0.00    0.00    0.00    0.00     5      0.00      0.00       0       0   0.00  kworker/5:1-events
02:36:59 AM     0       122    0.00    0.00    0.00    0.00    0.00     1      0.00      0.00       0       0   0.00  nvme-wq
02:36:59 AM     0       123    0.00    0.00    0.00    0.00    0.00     5      0.00      0.00       0       0   0.00  nvme-reset-wq
02:36:59 AM     0       124    0.00    0.00    0.00    0.00    0.00     6      0.00      0.00       0       0   0.00  nvme-delete-wq
02:36:59 AM     0       125    0.00    0.00    0.00    0.00    0.00     6      0.00      0.00       0       0   0.00  uas
02:36:59 AM     0       126    0.00    0.00    0.00    0.00    0.00     0      0.00      0.00       0       0   0.00  irq/222-tegra_r
02:36:59 AM     0       127    0.00    0.00    0.00    0.00    0.00     0      0.00      0.00       0       0   0.00  kworker/7:2-events
02:36:59 AM     0       129    0.00    0.00    0.00    0.00    0.00     0      0.00      0.00       0       0   0.00  irq/86-tegra-oc
02:36:59 AM     0       130    0.00    0.00    0.00    0.00    0.00     5      0.00      0.00       0       0   0.00  dm_bufio_cache
02:36:59 AM     0       131    0.00    0.00    0.00    0.00    0.00     0      0.00      0.00       0       0   0.00  irq/223-max7762
02:36:59 AM     0       140    0.00    0.00    0.00    0.00    0.00     0      0.00      0.00       0       0   0.00  irq/55-bc00000.
02:36:59 AM     0       143    0.00    0.00    0.00    0.00    0.00     0      0.00      0.00       0       0   0.00  ipv6_addrconf
02:36:59 AM     0       144    0.00    0.00    0.00    0.00    0.00     6      0.00      0.00       0       0   0.00  krfcommd
02:36:59 AM     0       145    0.00    0.00    0.00    0.00    0.00     0      0.00      0.00       0       0   0.00  kstrp
02:36:59 AM     0       150    0.00    0.00    0.00    0.00    0.00     0      0.00      0.00       0       0   0.00  irq/24-tegra-pc
02:36:59 AM     0       154    0.00    0.00    0.00    0.00    0.00     0      0.00      0.00       0       0   0.00  irq/26-tegra-pc
02:36:59 AM     0       160    0.00    0.00    0.00    0.00    0.00     0      0.00      0.00       0       0   0.00  irq/26-aerdrv
02:36:59 AM     0       161    0.00    0.00    0.00    0.00    0.00     0      0.00      0.00       0       0   0.00  irq/28-tegra-pc
02:36:59 AM     0       162    0.00    0.00    0.00    0.00    0.00     0      0.00      0.00       0       0   0.00  irq/28-aerdrv
02:36:59 AM     0       163    0.00    0.00    0.00    0.00    0.00     5      0.00      0.00       0       0   0.00  host_low_prio_w
02:36:59 AM     0       164    0.00    0.00    0.00    0.00    0.00     0      0.00      0.00       0       0   0.00  irq/57-host_syn
02:36:59 AM     0       165    0.00    0.00    0.00    0.00    0.00     0      0.00      0.00       0       0   0.00  irq/58-host_sta
02:36:59 AM     0       173    0.00    0.00    0.00    0.00    0.00     5      0.00      0.00       0       0   0.00  pva_task_status
02:36:59 AM     0       174    0.00    0.00    0.00    0.00    0.00     0      0.00      0.00       0       0   0.00  irq/75-pva-isr
02:36:59 AM     0       175    0.00    0.00    0.00    0.00    0.00     0      0.00      0.00       0       0   0.00  pva_task_status
02:36:59 AM     0       176    0.00    0.00    0.00    0.00    0.00     0      0.00      0.00       0       0   0.00  irq/76-pva-isr
02:36:59 AM     0       185    0.00    0.00    0.00    0.00    0.00     0      0.00      0.00       0       0   0.00  sdhci
02:36:59 AM     0       186    0.00    0.00    0.00    0.00    0.00     0      0.00      0.00       0       0   0.00  irq/39-mmc0
02:36:59 AM     0       187    0.00    0.00    0.00    0.00    0.00     2      0.00      0.00       0       0   0.00  sdhci
02:36:59 AM     0       189    0.00    0.00    0.00    0.00    0.00     0      0.00      0.00       0       0   0.00  irq/40-mmc1
02:36:59 AM     0       195    0.00    0.00    0.00    0.00    0.00     7      0.00      0.00       0       0   0.00  scsi_eh_0
02:36:59 AM     0       196    0.00    0.00    0.00    0.00    0.00     7      0.00      0.00       0       0   0.00  scsi_tmf_0
02:36:59 AM     0       197    0.00    0.00    0.00    0.00    0.00     0      0.00      0.00       0       0   0.00  kworker/5:2-events
02:36:59 AM     0       198    0.00    0.00    0.00    0.00    0.00     0      0.00      0.00       0       0   0.00  irq/67-15200000
02:36:59 AM     0       199    0.00    0.00    0.00    0.00    0.00     1      0.00      0.00       0       0   0.00  tegradc.0/a
02:36:59 AM     0       200    0.00    0.00    0.00    0.00    0.00     0      0.00      0.00       0       0   0.00  tegradc.0/b
02:36:59 AM     0       201    0.00    0.00    0.00    0.00    0.00     0      0.00      0.00       0       0   0.00  tegradc.0/c
02:36:59 AM     0       202    0.00    0.00    0.00    0.00    0.00     0      0.00      0.00       0       0   0.00  tegradc.0/d
02:36:59 AM     0       203    0.00    0.00    0.00    0.00    0.00     0      0.00      0.00       0       0   0.00  tegradc.0/e
02:36:59 AM     0       204    0.00    0.00    0.00    0.00    0.00     0      0.00      0.00       0       0   0.00  tegradc.0/f
02:36:59 AM     0       205    0.00    0.00    0.00    0.00    0.00     0      0.00      0.00       0       0   0.00  tegradc.0/sl
02:36:59 AM     0       206    0.00    0.00    0.00    0.00    0.00     0      0.00      0.00       0       0   0.00  irq/62-15200000
02:36:59 AM     0       207    0.00    0.00    0.00    0.00    0.00     0      0.00      0.00       0       0   0.00  irq/276-3400000
02:36:59 AM     0       208    0.00    0.00    0.00    0.00    0.00     0      0.00      0.00       0       0   0.00  ufs_eh_wq_0
02:36:59 AM     0       209    0.00    0.00    0.00    0.00    0.00     3      0.00      0.00       0       0   0.00  mmc_complete
02:36:59 AM     0       211    0.00    0.00    0.00    0.00    0.00     0      0.00      0.00       0       0   0.00  irq/278-1520000
02:36:59 AM     0       212    0.00    0.00    0.00    0.00    0.00     0      0.00      0.00       0       0   0.00  irq/203-3610000
02:36:59 AM     0       213    0.00    0.00    0.00    0.00    0.00     0      0.00      0.00       0       0   0.00  irq/221-3610000
02:36:59 AM     0       214    0.00    0.00    0.00    0.00    0.00     0      0.00      0.00       0       0   0.00  irq/30-tegra-pc
02:36:59 AM     0       216    0.00    0.00    0.00    0.00    0.00     0      0.00      0.00       0       0   0.00  kworker/4:3-events
02:36:59 AM     0       218    0.00    0.00    0.00    0.00    0.00     4      0.00      0.00       0       0   0.00  kworker/4:5-events
02:36:59 AM     0       221    0.00    0.00    0.00    0.00    0.00     0      0.00      0.00       0       0   0.00  kworker/6:12-events
02:36:59 AM     0       222    0.00    0.00    0.00    0.00    0.00     0      0.00      0.00       0       0   0.00  kworker/6:13-events
02:36:59 AM     0       225    0.00    0.00    0.00    0.00    0.00     0      0.00      0.00       0       0   0.00  irq/68-tegra_dp
02:36:59 AM     0       226    0.00    0.00    0.00    0.00    0.00     0      0.00      0.00       0       0   0.00  irq/65-15210000
02:36:59 AM     0       227    0.00    0.00    0.00    0.00    0.00     0      0.00      0.00       0       0   0.00  tegradc.1/a
02:36:59 AM     0       228    0.00    0.00    0.00    0.00    0.00     0      0.00      0.00       0       0   0.00  tegradc.1/b
02:36:59 AM     0       229    0.00    0.00    0.00    0.00    0.00     0      0.00      0.00       0       0   0.00  tegradc.1/c
02:36:59 AM     0       230    0.00    0.00    0.00    0.00    0.00     0      0.00      0.00       0       0   0.00  tegradc.1/d
02:36:59 AM     0       231    0.00    0.00    0.00    0.00    0.00     0      0.00      0.00       0       0   0.00  tegradc.1/e
02:36:59 AM     0       232    0.00    0.00    0.00    0.00    0.00     0      0.00      0.00       0       0   0.00  tegradc.1/f
02:36:59 AM     0       233    0.00    0.00    0.00    0.00    0.00     1      0.00      0.00       0       0   0.00  tegradc.1/sl
02:36:59 AM     0       234    0.00    0.00    0.00    0.00    0.00     0      0.00      0.00       0       0   0.00  irq/63-15210000
02:36:59 AM     0       249    0.00    0.00    0.00    0.00    0.00     0      0.00      0.00       0       0   0.00  irq/56-d230000.
02:36:59 AM     0       250    0.00    0.00    0.00    0.00    0.00     0      0.00      0.00       0       0   0.00  irq/69-tegra_dp
02:36:59 AM     0       251    0.00    0.00    0.00    0.00    0.00     0      0.00      0.00       0       0   0.00  irq/66-15220000
02:36:59 AM     0       252    0.00    0.00    0.00    0.00    0.00     0      0.00      0.00       0       0   0.00  tegradc.2/a
02:36:59 AM     0       253    0.00    0.00    0.00    0.00    0.00     0      0.00      0.00       0       0   0.00  tegradc.2/b
02:36:59 AM     0       254    0.00    0.00    0.00    0.00    0.00     0      0.00      0.00       0       0   0.00  tegradc.2/c
02:36:59 AM     0       255    0.00    0.00    0.00    0.00    0.00     0      0.00      0.00       0       0   0.00  tegradc.2/d
02:36:59 AM     0       256    0.00    0.00    0.00    0.00    0.00     0      0.00      0.00       0       0   0.00  tegradc.2/e
02:36:59 AM     0       257    0.00    0.00    0.00    0.00    0.00     0      0.00      0.00       0       0   0.00  tegradc.2/f
02:36:59 AM     0       258    0.00    0.00    0.00    0.00    0.00     0      0.00      0.00       0       0   0.00  tegradc.2/sl
02:36:59 AM     0       259    0.00    0.00    0.00    0.00    0.00     0      0.00      0.00       0       0   0.00  irq/64-15220000
02:36:59 AM     0       275    0.00    0.00    0.00    0.00    0.00     0      0.00      0.00       0       0   0.00  jbd2/mmcblk0p1-
02:36:59 AM     0       276    0.00    0.00    0.00    0.00    0.00     3      0.00      0.00       0       0   0.00  ext4-rsv-conver
02:36:59 AM     0       280    0.00    0.00    0.00    0.00    0.00     7      0.00      0.00       0       0   0.00  kworker/7:1H
02:36:59 AM     0       286    0.00    0.00    0.00    0.00    0.00     5      0.00      0.00       0       0   0.00  kworker/5:1H-kblockd
02:36:59 AM     0       312    0.00    0.00    0.00    0.00    0.00     2      0.00      0.00   61816   31668   0.10  systemd-journal
02:36:59 AM     0       338    0.00    5.00    0.00   11.00    5.00     2      0.00      0.00       0       0   0.00  nvmap-bz
02:36:59 AM     0       339    0.00    0.00    0.00    0.00    0.00     0      0.00      0.00       0       0   0.00  irq/204-gk20a_s
02:36:59 AM     0       340    0.00    0.00    0.00    0.00    0.00     0      0.00      0.00       0       0   0.00  irq/205-gk20a_n
02:36:59 AM     0       345    0.00    0.00    0.00    0.00    0.00     3      0.00      0.00    2776    1492   0.00  tee-supplicant
02:36:59 AM     0       347    0.00    0.00    0.00    0.00    0.00     3      0.00      0.00       0       0   0.00  optee_bus_scan
02:36:59 AM     0       358    0.00    0.00    0.00    0.00    0.00     3      0.00      0.00   22788    7532   0.02  systemd-udevd
02:36:59 AM     0       364    0.00    0.00    0.00    0.00    0.00     1      0.00      0.00    7948    4892   0.02  haveged
02:36:59 AM   126       365    0.00    0.00    0.00    0.00    0.00     3      0.00      0.00    7136    3108   0.01  rpcbind
02:36:59 AM   105       366    0.00    0.00    0.00    0.00    0.00     0      0.00      0.00   25592   13288   0.04  systemd-resolve
02:36:59 AM   103       367    0.00    0.00    0.00    0.00    0.00     1      0.00      0.00   90672    6220   0.02  systemd-timesyn
02:36:59 AM     0       407    0.00    0.00    0.00    0.00    0.00     5      0.00      0.00       0       0   0.00  cfg80211
02:36:59 AM     0       410    0.00    0.00    0.00    0.00    0.00     0      0.00      0.00       0       0   0.00  irq/42-3210000.
02:36:59 AM     0       412    0.00    0.00    0.00    0.00    0.00     2      0.00      0.00       0       0   0.00  spi0
02:36:59 AM     0       413    0.00   15.00    0.00    0.00   15.00     1      0.00      0.00       0       0   0.00  irq/282-iwlwifi
02:36:59 AM     0       416    0.00    0.00    0.00    0.00    0.00     4      0.00      0.00       0       0   0.00  ata_sff
02:36:59 AM     0       419    0.00    0.00    0.00    0.00    0.00     0      0.00      0.00       0       0   0.00  irq/43-c260000.
02:36:59 AM     0       420    0.00    0.00    0.00    0.00    0.00     6      0.00      0.00       0       0   0.00  scsi_eh_1
02:36:59 AM     0       422    0.00    0.00    0.00    0.00    0.00     6      0.00      0.00       0       0   0.00  scsi_tmf_1
02:36:59 AM     0       427    0.00    0.00    0.00    0.00    0.00     0      0.00      0.00       0       0   0.00  spi1
02:36:59 AM     0       430    0.00    0.00    0.00    0.00    0.00     3      0.00      0.00  242072    8880   0.03  accounts-daemon
02:36:59 AM   120       439    0.00    0.00    0.00    0.00    0.00     0      0.00      0.00    7084    3472   0.01  avahi-daemon
02:36:59 AM     0       441    0.00    0.00    0.00    0.00    0.00     2      0.00      0.00    9220    2516   0.01  cron
02:36:59 AM   106       443    0.00    0.00    0.00    0.00    0.00     1      0.00      0.00    9396    5264   0.02  dbus-daemon
02:36:59 AM     0       447    0.00    0.00    0.00    0.00    0.00     1      0.00      0.00  341244   20856   0.07  NetworkManager
02:36:59 AM     0       456    0.00    0.00    0.00    0.00    0.00     4      0.00      0.00   38300   19472   0.06  networkd-dispat
02:36:59 AM     0       473    0.00    0.00    0.00    0.00    0.00     2      0.00      0.00  238860   13352   0.04  polkitd
02:36:59 AM   125       483    0.00    0.00    0.00    0.00    0.00     2      0.00      0.00  220940    8288   0.03  rsyslogd
02:36:59 AM     0       503    0.00    0.00    0.00    0.00    0.00     2      0.00      0.00  235864    4364   0.01  switcheroo-cont
02:36:59 AM     0       514    0.00    0.00    0.00    0.00    0.00     0      0.00      0.00   17076    6760   0.02  systemd-logind
02:36:59 AM     0       523    0.00    0.00    0.00    0.00    0.00     2      0.00      0.00  395556   15676   0.05  udisksd
02:36:59 AM     0       528    0.00    0.00    0.00    0.00    0.00     3      0.00      0.00   12784    8052   0.03  wpa_supplicant
02:36:59 AM     0       548    0.00    0.00    0.00    0.00    0.00     0      0.00      0.00       0       0   0.00  sugov:0
02:36:59 AM   120       555    0.00    0.00    0.00    0.00    0.00     2      0.00      0.00    6896     324   0.00  avahi-daemon
02:36:59 AM     0       585    0.00    0.00    0.00    0.00    0.00     5      0.00      0.00       0       0   0.00  tmp451
02:36:59 AM     0       597    0.00    0.00    0.00    0.00    0.00     3      0.00      0.00       0       0   0.00  irq/286-1-0008
02:36:59 AM     0       600    0.00    0.00    0.00    0.00    0.00     2      0.00      0.00  321792   14480   0.05  ModemManager
02:36:59 AM     0       653    0.00    0.00    0.00    0.00    0.00     1      0.00      0.00    2476     604   0.00  nvfancontrol
02:36:59 AM     0       728    0.00    0.00    0.00    0.00    0.00     4      0.00      0.00       0       0   0.00  adspp_kthread
02:36:59 AM     0       779    0.00    0.00    0.00    0.00    0.00     6      0.00      0.00       0       0   0.00  kworker/6:2H-kblockd
02:36:59 AM     0       876    0.00    0.00    0.00    0.00    0.00     1      0.00      0.00       0       0   0.00  irq/289-2490000
02:36:59 AM     0       887    0.00    0.00    0.00    0.00    0.00     0      0.00      0.00       0       0   0.00  irq/32-eth0.com
02:36:59 AM     0       919    0.00    0.00    0.00    0.00    0.00     4      0.00      0.00       0       0   0.00  file-storage
02:36:59 AM     0       953    0.00    0.00    0.00    0.00    0.00     1      0.00      0.00       0       0   0.00  loop0
02:36:59 AM     0      1048    0.00    0.00    0.00    0.00    0.00     4      0.00      0.00       0       0   0.00  kworker/4:2H-kblockd
02:36:59 AM     0      1091    0.00    0.00    0.00    0.00    0.00     3      0.00      0.00       0       0   0.00  cryptd
02:36:59 AM     0      1147    0.00    0.00    0.00    0.00    0.00     2      0.00      0.00       0       0   0.00  sw-quiesce
02:36:59 AM     0      1148    0.00    0.00    0.00    0.00    0.00     1      0.00      0.00       0       0   0.00  nvgpu_channel_p
02:36:59 AM     0      1151    0.00    0.00    0.00    0.00    0.00     2      0.00      0.00       0       0   0.00  nvgpu_nvs_gv11b
02:36:59 AM     0      1153    0.00    0.00    0.00    0.00    0.00     0      0.00      0.00       0       0   0.00  nvgpu_pg_init_g
02:36:59 AM     0      1157    0.00    0.00    0.00    0.00    0.00     2      0.00      0.00       0       0   0.00  nvgpu_clk_arb_p
02:36:59 AM     0      1162    0.00    0.00    0.00    0.00    0.00     3      0.00      0.00       0       0   0.00  irq/288-rt5659
02:36:59 AM     0      1270    0.00    0.00    0.00    0.00    0.00     3      0.00      0.00   55688   11092   0.03  nvargus-daemon
02:36:59 AM     0      1273    0.00    0.00    0.00    0.00    0.00     3      0.00      0.00   21932    1552   0.00  nvs-service
02:36:59 AM     0      1298    0.00    0.00    0.00    0.00    0.00     1      0.00      0.00 2007972   50360   0.16  containerd
02:36:59 AM     0      1314    0.00    0.00    0.00    0.00    0.00     0      0.00      0.00  240032    7616   0.02  gdm3
02:36:59 AM   108      1326    0.00    0.00    0.00    0.00    0.00     3      0.00      0.00   11468    1896   0.01  kerneloops
02:36:59 AM     0      1327    0.00    0.00    0.00    0.00    0.00     1      0.00      0.00   12236    6576   0.02  sshd
02:36:59 AM     0      1336    0.00    0.00    0.00    0.00    0.00     0      0.00      0.00    7688    1876   0.01  agetty
02:36:59 AM     0      1337    0.00    0.00    0.00    0.00    0.00     2      0.00      0.00    7688    1904   0.01  agetty
02:36:59 AM   108      1339    0.00    0.00    0.00    0.00    0.00     1      0.00      0.00   11468    1820   0.01  kerneloops
02:36:59 AM     0      1340    0.00    0.00    0.00    0.00    0.00     3      0.00      0.00    9216    2824   0.01  nvgetty.sh
02:36:59 AM     0      1379    0.00    0.00    0.00    0.00    0.00     0      0.00      0.00    7688    1848   0.01  getty
02:36:59 AM     0      1554    0.00    0.00    0.00    0.00    0.00     2      0.00      0.00 2111796   85472   0.27  dockerd
02:36:59 AM     0      1677    0.00    0.00    0.00    0.00    0.00     2      0.00      0.00  168472    8256   0.03  gdm-session-wor
02:36:59 AM     0      1711    0.00    0.00    0.00    0.00    0.00     0      0.00      0.00    3248     808   0.00  nvphsd
02:36:59 AM     0      1716    0.00    0.00    0.00    0.00    0.00     3      0.00      0.00    3380    1788   0.01  nvphsd
02:36:59 AM   124      1789    0.00    0.00    0.00    0.00    0.00     3      0.00      0.00   19144    9224   0.03  systemd
02:36:59 AM   124      1804    0.00    0.00    0.00    0.00    0.00     3      0.00      0.00  104488    5436   0.02  (sd-pam)
02:36:59 AM   124      2014    0.00    0.00    0.00    0.00    0.00     2      0.00      0.00  961884   21984   0.07  pulseaudio
02:36:59 AM   124      2032    0.00    0.00    0.00    0.00    0.00     2      0.00      0.00  164156    5924   0.02  gdm-x-session
02:36:59 AM   124      2037    0.00    0.00    0.00    0.00    0.00     1      0.00      0.00 25330232   99256   0.31  Xorg
02:36:59 AM   118      2040    0.00    0.00    0.00    0.00    0.00     1      0.00      0.00  152516    2440   0.01  rtkit-daemon
02:36:59 AM   124      2162    0.00    0.00    0.00    0.00    0.00     2      0.00      0.00    7812    3448   0.01  dbus-daemon
02:36:59 AM   124      2428    0.00    0.00    0.00    0.00    0.00     0      0.00      0.00    4776    1164   0.00  dbus-run-sessio
02:36:59 AM   124      2429    0.00    0.00    0.00    0.00    0.00     2      0.00      0.00    8088    4104   0.01  dbus-daemon
02:36:59 AM   124      2438    0.00    0.00    0.00    0.00    0.00     3      0.00      0.00  559768   14932   0.05  gnome-session-b
02:36:59 AM     0      2457    0.00    0.00    0.00    0.00    0.00     2      0.00      0.00  101692   19628   0.06  jtop
02:36:59 AM   124      2463    0.00    0.00    0.00    0.00    0.00     3      0.00      0.00  309548   10092   0.03  at-spi-bus-laun
02:36:59 AM   124      2470    0.00    0.00    0.00    0.00    0.00     1      0.00      0.00    7676    3468   0.01  dbus-daemon
02:36:59 AM   124      2495    0.00    0.00    0.00    0.00    0.00     1      0.00      0.00 4022996  194924   0.61  gnome-shell
02:36:59 AM     0      2510    0.00    0.00    0.00    0.00    0.00     3      0.00      0.00  175424   16904   0.05  jtop
02:36:59 AM     0      2518    0.00    0.00    0.00    0.00    0.00     2      0.00      0.00  101692   17160   0.05  jtop
02:36:59 AM   124      2696    0.00    0.00    0.00    0.00    0.00     0      0.00      0.00  314420   11212   0.04  ibus-daemon
02:36:59 AM   124      2699    0.00    0.00    0.00    0.00    0.00     2      0.00      0.00  239960   11792   0.04  ibus-dconf
02:36:59 AM   124      2701    0.00    0.00    0.00    0.00    0.00     2      0.00      0.00  189920   16900   0.05  ibus-x11
02:36:59 AM   124      2704    0.00    0.00    0.00    0.00    0.00     3      0.00      0.00  239880    7776   0.02  ibus-portal
02:36:59 AM   124      2715    0.00    0.00    0.00    0.00    0.00     1      0.00      0.00  161420    6880   0.02  at-spi2-registr
02:36:59 AM   124      2719    0.00    0.00    0.00    0.00    0.00     3      0.00      0.00  235804    4672   0.01  xdg-permission-
02:36:59 AM     0      2725    0.00    0.00    0.00    0.00    0.00     2      0.00      0.00  252944    8776   0.03  upowerd
02:36:59 AM   124      2745    0.00    0.00    0.00    0.00    0.00     2      0.00      0.00 3001620   27244   0.09  gjs
02:36:59 AM   124      2764    0.00    0.00    0.00    0.00    0.00     1      0.00      0.00  469396   14236   0.04  gsd-sharing
02:36:59 AM   124      2765    0.00    0.00    0.00    0.00    0.00     1      0.00      0.00  334628   15072   0.05  gsd-wacom
02:36:59 AM   124      2768    0.00    0.00    0.00    0.00    0.00     3      0.00      0.00  571788   19844   0.06  gsd-color
02:36:59 AM   124      2772    0.00    0.00    0.00    0.00    0.00     2      0.00      0.00  338096   17824   0.06  gsd-keyboard
02:36:59 AM   124      2774    0.00    0.00    0.00    0.00    0.00     2      0.00      0.00  322508   11376   0.04  gsd-print-notif
02:36:59 AM   124      2779    0.00    0.00    0.00    0.00    0.00     3      0.00      0.00  166208    7736   0.02  ibus-engine-sim
02:36:59 AM   124      2780    0.00    0.00    0.00    0.00    0.00     1      0.00      0.00  457460    7996   0.03  gsd-rfkill
02:36:59 AM   124      2782    0.00    0.00    0.00    0.00    0.00     1      0.00      0.00  391976    9696   0.03  gsd-smartcard
02:36:59 AM   124      2784    0.00    0.00    0.00    0.00    0.00     2      0.00      0.00  374928   15372   0.05  gsd-datetime
02:36:59 AM   124      2790    0.00    0.00    0.00    0.00    0.00     2      0.00      0.00  679696   20032   0.06  gsd-media-keys
02:36:59 AM   124      2791    0.00    0.00    0.00    0.00    0.00     3      0.00      0.00  235772    5600   0.02  gsd-screensaver
02:36:59 AM   124      2793    0.00    0.00    0.00    0.00    0.00     3      0.00      0.00  320104    9452   0.03  gsd-sound
02:36:59 AM   124      2795    0.00    0.00    0.00    0.00    0.00     3      0.00      0.00  313652   10144   0.03  gsd-a11y-settin
02:36:59 AM   124      2799    0.00    0.00    0.00    0.00    0.00     2      0.00      0.00  313992   10524   0.03  gsd-housekeepin
02:36:59 AM   124      2802    0.00    0.00    0.00    0.00    0.00     0      0.00      0.00  339724   18828   0.06  gsd-power
02:36:59 AM   124      2824    0.00    0.00    0.00    0.00    0.00     2      0.00      0.00  342540   12784   0.04  gsd-printer
02:36:59 AM   119      2837    0.00    0.00    0.00    0.00    0.00     2      0.00      0.00  249328   17548   0.06  colord
02:36:59 AM     0     29120    0.00    0.00    0.00    0.00    0.00     3      0.00      0.00       0       0   0.00  kworker/u17:2
02:36:59 AM     0     33852    0.00    0.00    0.00    0.00    0.00     1      0.00      0.00       0       0   0.00  kworker/1:0H-kblockd
02:36:59 AM     0     35048    0.00    0.00    0.00    0.00    0.00     0      0.00      0.00       0       0   0.00  kworker/u17:0-thermal_fan_est
02:36:59 AM  1000     39960    0.00    0.00    0.00    0.00    0.00     2      0.00      0.00   19248    9208   0.03  systemd
02:36:59 AM  1000     39961    0.00    0.00    0.00    0.00    0.00     2      0.00      0.00  170940    6304   0.02  (sd-pam)
02:36:59 AM  1000     40037    0.00    0.00    0.00    0.00    0.00     3      0.00      0.00    7812    3952   0.01  dbus-daemon
02:36:59 AM     0     40147    0.00    0.00    0.00    0.00    0.00     1      0.00      0.00       0       0   0.00  kworker/1:0-events
02:36:59 AM     0     40174    0.00    0.00    0.00    0.00    0.00     2      0.00      0.00       0       0   0.00  kworker/2:2H-kblockd
02:36:59 AM     0     40194    0.00    0.00    0.00    0.00    0.00     3      0.00      0.00       0       0   0.00  kworker/3:0H-kblockd
02:36:59 AM     0     41650    0.00    0.00    0.00    0.00    0.00     3      0.00      0.00       0       0   0.00  kworker/3:0-events
02:36:59 AM     0     43913    0.00    0.00    0.00    0.00    0.00     2      0.00      0.00   14768    7560   0.02  sshd
02:36:59 AM  1000     43958    0.00    0.00    0.00    0.00    0.00     0      0.00      0.00   15292    6400   0.02  sshd
02:36:59 AM  1000     43959    0.00    0.00    0.00    0.00    0.00     1      0.00      0.00   11344    5444   0.02  bash
02:36:59 AM     0     50050    0.00    0.00    0.00    0.00    0.00     2      0.00      0.00   14768    7572   0.02  sshd
02:36:59 AM  1000     50094    0.00    0.00    0.00    0.00    0.00     3      0.00      0.00   15292    6428   0.02  sshd
02:36:59 AM  1000     50095    0.00    0.00    0.00    0.00    0.00     2      0.00      0.00   11344    5448   0.02  bash
02:36:59 AM     0     81462    0.00    0.00    0.00    0.00    0.00     2      0.00      0.00       0       0   0.00  kworker/2:2-events
02:36:59 AM     0     81478    0.00    0.00    0.00    0.00    0.00     0      0.00      0.00       0       0   0.00  kworker/0:1H-kblockd
02:36:59 AM  1000     84840    0.00    0.00    0.00    0.00    0.00     3      0.00      0.00  240176   10088   0.03  gnome-keyring-d
02:36:59 AM   124     84900    0.00    0.00    0.00    0.00    0.00     1      0.00      0.00  156240    4584   0.01  dconf-service
02:36:59 AM     0     85427    0.00    0.00    0.00    0.00    0.00     0      0.00      0.00       0       0   0.00  kworker/0:2-events
02:36:59 AM     0     86310    0.00    0.00    0.00    0.00    0.00     2      0.00      0.00       0       0   0.00  kworker/u16:1-devfreq_wq
02:36:59 AM     0     86312    0.00    0.00    0.00    0.00    0.00     3      0.00      0.00   14768    7564   0.02  sshd
02:36:59 AM  1000     86356    0.00    0.00    0.00    0.00    0.00     3      0.00      0.00   15292    6380   0.02  sshd
02:36:59 AM  1000     86357    0.00    0.00    0.00    0.00    0.00     0      0.00      0.00   11344    5440   0.02  bash
02:36:59 AM     0     86549    0.00    0.00    0.00    0.00    0.00     2      0.00      0.00   14768    7664   0.02  sshd
02:36:59 AM  1000     86593    0.00    0.00    0.00    0.00    0.00     2      0.00      0.00   15292    6480   0.02  sshd
02:36:59 AM  1000     86594    0.00    0.00    0.00    0.00    0.00     1      0.00      0.00   11860    5896   0.02  bash
02:36:59 AM     0     86632    0.00    0.00    0.00    0.00    0.00     3      0.00      0.00       0       0   0.00  kworker/3:2
02:36:59 AM     0     86695    0.00    0.00    0.00    0.00    0.00     2      0.00      0.00   14768    7616   0.02  sshd
02:36:59 AM  1000     86739    1.00    2.00    0.00    1.00    3.00     3      0.00      0.00   16116    7520   0.02  sshd
02:36:59 AM  1000     86740    0.00    0.00    0.00    0.00    0.00     0      0.00      0.00   11344    5344   0.02  bash
02:36:59 AM  1000     86916    1.00    0.00    0.00    0.00    1.00     1      0.00      0.00  283948   42984   0.14  roslaunch
02:36:59 AM  1000     86924    0.00    1.00    0.00    0.00    1.00     3      0.00      0.00  797980   43972   0.14  rosmaster
02:36:59 AM  1000     86934    0.00    0.00    0.00    0.00    0.00     1      0.00      0.00  274964   10080   0.03  rosout
02:36:59 AM  1000     86944   78.00   91.00    0.00    7.00  169.00     1      0.00      0.00 34859196  742712   2.34  scale_truck_con
02:36:59 AM  1000     86945   37.00   78.00    0.00    0.00  115.00     1      0.00      0.00 1571432  116640   0.37  LRC
02:36:59 AM  1000     87010    0.00    0.00    0.00    0.00    0.00     1      0.00      0.00  724884  126676   0.40  python3
02:36:59 AM     0     87290    0.00    0.00    0.00    0.00    0.00     0      0.00      0.00   14768    7584   0.02  sshd
02:36:59 AM  1000     87334    0.00    0.00    0.00    0.00    0.00     0      0.00      0.00   15292    6412   0.02  sshd
02:36:59 AM  1000     87335    0.00    0.00    0.00    0.00    0.00     2      0.00      0.00   11344    5436   0.02  bash
02:36:59 AM     0     89981    0.00    0.00    0.00    0.00    0.00     1      0.00      0.00       0       0   0.00  kworker/1:1-mm_percpu_wq
02:36:59 AM     0     95050    0.00    0.00    0.00    0.00    0.00     2      0.00      0.00       0       0   0.00  kworker/2:0-events
02:36:59 AM     0     96173    0.00    0.00    0.00    0.00    0.00     1      0.00      0.00       0       0   0.00  kworker/1:2-events
02:36:59 AM     0     99494    0.00    1.00    0.00    0.00    1.00     3      0.00      0.00       0       0   0.00  kworker/u16:3-events_unbound
02:36:59 AM     0    101032    0.00    0.00    0.00    0.00    0.00     2      0.00      0.00       0       0   0.00  kworker/2:1H
02:36:59 AM     0    102096    0.00    0.00    0.00    0.00    0.00     0      0.00      0.00       0       0   0.00  kworker/0:2H
02:36:59 AM     0    103173    0.00    0.00    0.00    0.00    0.00     3      0.00      0.00       0       0   0.00  kworker/3:1H
02:36:59 AM     0    107801    0.00    0.00    0.00    0.00    0.00     1      0.00      0.00       0       0   0.00  kworker/1:2H
02:36:59 AM     0    109830    0.00    0.00    0.00    0.00    0.00     0      0.00      0.00       0       0   0.00  kworker/0:1-events
02:36:59 AM     0    111231    0.00    0.00    0.00    0.00    0.00     1      0.00      0.00       0       0   0.00  kworker/u16:0-events_unbound
02:36:59 AM     0    111939    0.00    0.00    0.00    0.00    0.00     1      0.00      0.00       0       0   0.00  kworker/1:4-events
02:36:59 AM     0    121074    0.00    0.00    0.00    0.00    0.00     0      0.00      0.00       0       0   0.00  kworker/0:0-events
02:36:59 AM     0    122883    0.00    0.00    0.00    1.00    0.00     2      0.00      0.00       0       0   0.00  kworker/u16:2-events_unbound
02:36:59 AM     0    123203    0.00    0.00    0.00    0.00    0.00     3      0.00      0.00       0       0   0.00  kworker/3:2H
02:36:59 AM     0    124025    0.00    0.00    0.00    0.00    0.00     2      0.00      0.00       0       0   0.00  kworker/2:0H
02:36:59 AM     0    128328    0.00    0.00    0.00    0.00    0.00     1      0.00      0.00       0       0   0.00  kworker/1:3
02:36:59 AM  1000    128619    0.00    0.00    0.00    0.00    0.00     0      0.00      0.00    9208    3220   0.01  bash
02:36:59 AM  1000    128966    4.00   12.00    0.00    4.00   16.00     3      0.00      0.00   17764   10516   0.03  pidstat

# Time        UID       PID    %usr %system  %guest   %wait    %CPU   CPU  minflt/s  majflt/s     VSZ     RSS   %MEM  Command
02:37:00 AM     0         1    0.00    0.00    0.00    0.00    0.00     2      0.00      0.00  169880   11540   0.04  systemd
02:37:00 AM     0         2    0.00    0.00    0.00    0.00    0.00     1      0.00      0.00       0       0   0.00  kthreadd
02:37:00 AM     0         3    0.00    0.00    0.00    0.00    0.00     0      0.00      0.00       0       0   0.00  rcu_gp
02:37:00 AM     0         4    0.00    0.00    0.00    0.00    0.00     0      0.00      0.00       0       0   0.00  rcu_par_gp
02:37:00 AM     0         8    0.00    0.00    0.00    0.00    0.00     0      0.00      0.00       0       0   0.00  mm_percpu_wq
02:37:00 AM     0         9    0.00    0.00    0.00    0.00    0.00     0      0.00      0.00       0       0   0.00  rcu_tasks_kthre
02:37:00 AM     0        10    0.00    0.00    0.00    0.00    0.00     0      0.00      0.00       0       0   0.00  rcu_tasks_rude_
02:37:00 AM     0        11    0.00    0.00    0.00    0.00    0.00     0      0.00      0.00       0       0   0.00  rcu_tasks_trace
02:37:00 AM     0        12    0.00    0.00    0.00    0.00    0.00     0      0.00      0.00       0       0   0.00  ksoftirqd/0
02:37:00 AM     0        13    0.00    0.00    0.00    0.00    0.00     3      0.00      0.00       0       0   0.00  rcu_preempt
02:37:00 AM     0        14    0.00    0.00    0.00    0.00    0.00     0      0.00      0.00       0       0   0.00  migration/0
02:37:00 AM     0        16    0.00    0.00    0.00    0.00    0.00     0      0.00      0.00       0       0   0.00  cpuhp/0
02:37:00 AM     0        17    0.00    0.00    0.00    0.00    0.00     1      0.00      0.00       0       0   0.00  cpuhp/1
02:37:00 AM     0        18    0.00    0.00    0.00    0.00    0.00     1      0.00      0.00       0       0   0.00  migration/1
02:37:00 AM     0        19    0.00    0.00    0.00    0.00    0.00     1      0.00      0.00       0       0   0.00  ksoftirqd/1
02:37:00 AM     0        22    0.00    0.00    0.00    0.00    0.00     2      0.00      0.00       0       0   0.00  cpuhp/2
02:37:00 AM     0        23    0.00    0.00    0.00    0.00    0.00     2      0.00      0.00       0       0   0.00  migration/2
02:37:00 AM     0        24    0.00    0.00    0.00    0.00    0.00     2      0.00      0.00       0       0   0.00  ksoftirqd/2
02:37:00 AM     0        27    0.00    0.00    0.00    0.00    0.00     3      0.00      0.00       0       0   0.00  cpuhp/3
02:37:00 AM     0        28    0.00    0.00    0.00    0.00    0.00     3      0.00      0.00       0       0   0.00  migration/3
02:37:00 AM     0        29    0.00    0.00    0.00    0.00    0.00     3      0.00      0.00       0       0   0.00  ksoftirqd/3
02:37:00 AM     0        32    0.00    0.00    0.00    0.00    0.00     4      0.00      0.00       0       0   0.00  cpuhp/4
02:37:00 AM     0        33    0.00    0.00    0.00    0.00    0.00     4      0.00      0.00       0       0   0.00  migration/4
02:37:00 AM     0        34    0.00    0.00    0.00    0.00    0.00     4      0.00      0.00       0       0   0.00  ksoftirqd/4
02:37:00 AM     0        36    0.00    0.00    0.00    0.00    0.00     4      0.00      0.00       0       0   0.00  kworker/4:0H-kblockd
02:37:00 AM     0        37    0.00    0.00    0.00    0.00    0.00     5      0.00      0.00       0       0   0.00  cpuhp/5
02:37:00 AM     0        38    0.00    0.00    0.00    0.00    0.00     5      0.00      0.00       0       0   0.00  migration/5
02:37:00 AM     0        39    0.00    0.00    0.00    0.00    0.00     5      0.00      0.00       0       0   0.00  ksoftirqd/5
02:37:00 AM     0        41    0.00    0.00    0.00    0.00    0.00     5      0.00      0.00       0       0   0.00  kworker/5:0H-kblockd
02:37:00 AM     0        42    0.00    0.00    0.00    0.00    0.00     6      0.00      0.00       0       0   0.00  cpuhp/6
02:37:00 AM     0        43    0.00    0.00    0.00    0.00    0.00     6      0.00      0.00       0       0   0.00  migration/6
02:37:00 AM     0        44    0.00    0.00    0.00    0.00    0.00     6      0.00      0.00       0       0   0.00  ksoftirqd/6
02:37:00 AM     0        46    0.00    0.00    0.00    0.00    0.00     6      0.00      0.00       0       0   0.00  kworker/6:0H-events_highpri
02:37:00 AM     0        47    0.00    0.00    0.00    0.00    0.00     7      0.00      0.00       0       0   0.00  cpuhp/7
02:37:00 AM     0        48    0.00    0.00    0.00    0.00    0.00     7      0.00      0.00       0       0   0.00  migration/7
02:37:00 AM     0        49    0.00    0.00    0.00    0.00    0.00     7      0.00      0.00       0       0   0.00  ksoftirqd/7
02:37:00 AM     0        50    0.00    0.00    0.00    0.00    0.00     0      0.00      0.00       0       0   0.00  kworker/7:0-rcu_gp
02:37:00 AM     0        51    0.00    0.00    0.00    0.00    0.00     7      0.00      0.00       0       0   0.00  kworker/7:0H-kblockd
02:37:00 AM     0        52    0.00    0.00    0.00    0.00    0.00     0      0.00      0.00       0       0   0.00  kdevtmpfs
02:37:00 AM     0        53    0.00    0.00    0.00    0.00    0.00     4      0.00      0.00       0       0   0.00  netns
02:37:00 AM     0        54    0.00    0.00    0.00    0.00    0.00     1      0.00      0.00       0       0   0.00  kauditd
02:37:00 AM     0        55    0.00    0.00    0.00    0.00    0.00     0      0.00      0.00       0       0   0.00  irq/87-mc_statu
02:37:00 AM     0        56    0.00    0.00    0.00    0.00    0.00     2      0.00      0.00       0       0   0.00  khungtaskd
02:37:00 AM     0        57    0.00    0.00    0.00    0.00    0.00     3      0.00      0.00       0       0   0.00  oom_reaper
02:37:00 AM     0        58    0.00    0.00    0.00    0.00    0.00     5      0.00      0.00       0       0   0.00  writeback
02:37:00 AM     0        59    0.00    0.00    0.00    0.00    0.00     2      0.00      0.00       0       0   0.00  kcompactd0
02:37:00 AM     0        60    0.00    0.00    0.00    0.00    0.00     1      0.00      0.00       0       0   0.00  ksmd
02:37:00 AM     0        61    0.00    0.00    0.00    0.00    0.00     3      0.00      0.00       0       0   0.00  khugepaged
02:37:00 AM     0        93    0.00    0.00    0.00    0.00    0.00     1      0.00      0.00       0       0   0.00  kintegrityd
02:37:00 AM     0        94    0.00    0.00    0.00    0.00    0.00     1      0.00      0.00       0       0   0.00  kblockd
02:37:00 AM     0        95    0.00    0.00    0.00    0.00    0.00     1      0.00      0.00       0       0   0.00  blkcg_punt_bio
02:37:00 AM     0        97    0.00    0.00    0.00    0.00    0.00     3      0.00      0.00       0       0   0.00  tpm_dev_wq
02:37:00 AM     0        98    0.00    0.00    0.00    0.00    0.00     0      0.00      0.00       0       0   0.00  irq/197-30c0000
02:37:00 AM     0        99    0.00    0.00    0.00    0.00    0.00     1      0.00      0.00       0       0   0.00  devfreq_wq
02:37:00 AM     0       100    0.00    0.00    0.00    0.00    0.00     1      0.00      0.00       0       0   0.00  watchdogd
02:37:00 AM     0       104    0.00    0.00    0.00    0.00    0.00     7      0.00      0.00       0       0   0.00  rpciod
02:37:00 AM     0       106    0.00    0.00    0.00    0.00    0.00     7      0.00      0.00       0       0   0.00  xprtiod
02:37:00 AM     0       108    0.00    0.00    0.00    0.00    0.00     7      0.00      0.00       0       0   0.00  kswapd0
02:37:00 AM     0       109    0.00    0.00    0.00    0.00    0.00     5      0.00      0.00       0       0   0.00  nfsiod
02:37:00 AM     0       112    0.00    0.00    0.00    0.00    0.00     1      0.00      0.00       0       0   0.00  kthrotld
02:37:00 AM     0       113    0.00    0.00    0.00    0.00    0.00     7      0.00      0.00       0       0   0.00  kpcitest
02:37:00 AM     0       116    0.00    0.00    0.00    0.00    0.00     5      0.00      0.00       0       0   0.00  kworker/5:1-events
02:37:00 AM     0       122    0.00    0.00    0.00    0.00    0.00     1      0.00      0.00       0       0   0.00  nvme-wq
02:37:00 AM     0       123    0.00    0.00    0.00    0.00    0.00     5      0.00      0.00       0       0   0.00  nvme-reset-wq
02:37:00 AM     0       124    0.00    0.00    0.00    0.00    0.00     6      0.00      0.00       0       0   0.00  nvme-delete-wq
02:37:00 AM     0       125    0.00    0.00    0.00    0.00    0.00     6      0.00      0.00       0       0   0.00  uas
02:37:00 AM     0       126    0.00    0.00    0.00    0.00    0.00     0      0.00      0.00       0       0   0.00  irq/222-tegra_r
02:37:00 AM     0       127    0.00    0.00    0.00    0.00    0.00     0      0.00      0.00       0       0   0.00  kworker/7:2-events
02:37:00 AM     0       129    0.00    0.00    0.00    0.00    0.00     0      0.00      0.00       0       0   0.00  irq/86-tegra-oc
02:37:00 AM     0       130    0.00    0.00    0.00    0.00    0.00     5      0.00      0.00       0       0   0.00  dm_bufio_cache
02:37:00 AM     0       131    0.00    0.00    0.00    0.00    0.00     0      0.00      0.00       0       0   0.00  irq/223-max7762
02:37:00 AM     0       140    0.00    0.00    0.00    0.00    0.00     0      0.00      0.00       0       0   0.00  irq/55-bc00000.
02:37:00 AM     0       143    0.00    0.00    0.00    0.00    0.00     0      0.00      0.00       0       0   0.00  ipv6_addrconf
02:37:00 AM     0       144    0.00    0.00    0.00    0.00    0.00     6      0.00      0.00       0       0   0.00  krfcommd
02:37:00 AM     0       145    0.00    0.00    0.00    0.00    0.00     0      0.00      0.00       0       0   0.00  kstrp
02:37:00 AM     0       150    0.00    0.00    0.00    0.00    0.00     0      0.00      0.00       0       0   0.00  irq/24-tegra-pc
02:37:00 AM     0       154    0.00    0.00    0.00    0.00    0.00     0      0.00      0.00       0       0   0.00  irq/26-tegra-pc
02:37:00 AM     0       160    0.00    0.00    0.00    0.00    0.00     0      0.00      0.00       0       0   0.00  irq/26-aerdrv
02:37:00 AM     0       161    0.00    0.00    0.00    0.00    0.00     0      0.00      0.00       0       0   0.00  irq/28-tegra-pc
02:37:00 AM     0       162    0.00    0.00    0.00    0.00    0.00     0      0.00      0.00       0       0   0.00  irq/28-aerdrv
02:37:00 AM     0       163    0.00    0.00    0.00    0.00    0.00     5      0.00      0.00       0       0   0.00  host_low_prio_w
02:37:00 AM     0       164    0.00    1.00    0.00    0.00    1.00     0      0.00      0.00       0       0   0.00  irq/57-host_syn
02:37:00 AM     0       165    0.00    0.00    0.00    0.00    0.00     0      0.00      0.00       0       0   0.00  irq/58-host_sta
02:37:00 AM     0       173    0.00    0.00    0.00    0.00    0.00     5      0.00      0.00       0       0   0.00  pva_task_status
02:37:00 AM     0       174    0.00    0.00    0.00    0.00    0.00     0      0.00      0.00       0       0   0.00  irq/75-pva-isr
02:37:00 AM     0       175    0.00    0.00    0.00    0.00    0.00     0      0.00      0.00       0       0   0.00  pva_task_status
02:37:00 AM     0       176    0.00    0.00    0.00    0.00    0.00     0      0.00      0.00       0       0   0.00  irq/76-pva-isr
02:37:00 AM     0       185    0.00    0.00    0.00    0.00    0.00     0      0.00      0.00       0       0   0.00  sdhci
02:37:00 AM     0       186    0.00    0.00    0.00    0.00    0.00     0      0.00      0.00       0       0   0.00  irq/39-mmc0
02:37:00 AM     0       187    0.00    0.00    0.00    0.00    0.00     2      0.00      0.00       0       0   0.00  sdhci
02:37:00 AM     0       189    0.00    0.00    0.00    0.00    0.00     0      0.00      0.00       0       0   0.00  irq/40-mmc1
02:37:00 AM     0       195    0.00    0.00    0.00    0.00    0.00     7      0.00      0.00       0       0   0.00  scsi_eh_0
02:37:00 AM     0       196    0.00    0.00    0.00    0.00    0.00     7      0.00      0.00       0       0   0.00  scsi_tmf_0
02:37:00 AM     0       197    0.00    0.00    0.00    0.00    0.00     0      0.00      0.00       0       0   0.00  kworker/5:2-events
02:37:00 AM     0       198    0.00    0.00    0.00    0.00    0.00     0      0.00      0.00       0       0   0.00  irq/67-15200000
02:37:00 AM     0       199    0.00    0.00    0.00    0.00    0.00     1      0.00      0.00       0       0   0.00  tegradc.0/a
02:37:00 AM     0       200    0.00    0.00    0.00    0.00    0.00     0      0.00      0.00       0       0   0.00  tegradc.0/b
02:37:00 AM     0       201    0.00    0.00    0.00    0.00    0.00     0      0.00      0.00       0       0   0.00  tegradc.0/c
02:37:00 AM     0       202    0.00    0.00    0.00    0.00    0.00     0      0.00      0.00       0       0   0.00  tegradc.0/d
02:37:00 AM     0       203    0.00    0.00    0.00    0.00    0.00     0      0.00      0.00       0       0   0.00  tegradc.0/e
02:37:00 AM     0       204    0.00    0.00    0.00    0.00    0.00     0      0.00      0.00       0       0   0.00  tegradc.0/f
02:37:00 AM     0       205    0.00    0.00    0.00    0.00    0.00     0      0.00      0.00       0       0   0.00  tegradc.0/sl
02:37:00 AM     0       206    0.00    0.00    0.00    0.00    0.00     0      0.00      0.00       0       0   0.00  irq/62-15200000
02:37:00 AM     0       207    0.00    0.00    0.00    0.00    0.00     0      0.00      0.00       0       0   0.00  irq/276-3400000
02:37:00 AM     0       208    0.00    0.00    0.00    0.00    0.00     0      0.00      0.00       0       0   0.00  ufs_eh_wq_0
02:37:00 AM     0       209    0.00    0.00    0.00    0.00    0.00     3      0.00      0.00       0       0   0.00  mmc_complete
02:37:00 AM     0       211    0.00    0.00    0.00    0.00    0.00     0      0.00      0.00       0       0   0.00  irq/278-1520000
02:37:00 AM     0       212    0.00    0.00    0.00    0.00    0.00     0      0.00      0.00       0       0   0.00  irq/203-3610000
02:37:00 AM     0       213    0.00    0.00    0.00    0.00    0.00     0      0.00      0.00       0       0   0.00  irq/221-3610000
02:37:00 AM     0       214    0.00    0.00    0.00    0.00    0.00     0      0.00      0.00       0       0   0.00  irq/30-tegra-pc
02:37:00 AM     0       216    0.00    0.00    0.00    0.00    0.00     0      0.00      0.00       0       0   0.00  kworker/4:3-events
02:37:00 AM     0       218    0.00    0.00    0.00    0.00    0.00     4      0.00      0.00       0       0   0.00  kworker/4:5-events
02:37:00 AM     0       221    0.00    0.00    0.00    0.00    0.00     0      0.00      0.00       0       0   0.00  kworker/6:12-events
02:37:00 AM     0       222    0.00    0.00    0.00    0.00    0.00     0      0.00      0.00       0       0   0.00  kworker/6:13-events
02:37:00 AM     0       225    0.00    0.00    0.00    0.00    0.00     0      0.00      0.00       0       0   0.00  irq/68-tegra_dp
02:37:00 AM     0       226    0.00    0.00    0.00    0.00    0.00     0      0.00      0.00       0       0   0.00  irq/65-15210000
02:37:00 AM     0       227    0.00    0.00    0.00    0.00    0.00     0      0.00      0.00       0       0   0.00  tegradc.1/a
02:37:00 AM     0       228    0.00    0.00    0.00    0.00    0.00     0      0.00      0.00       0       0   0.00  tegradc.1/b
02:37:00 AM     0       229    0.00    0.00    0.00    0.00    0.00     0      0.00      0.00       0       0   0.00  tegradc.1/c
02:37:00 AM     0       230    0.00    0.00    0.00    0.00    0.00     0      0.00      0.00       0       0   0.00  tegradc.1/d
02:37:00 AM     0       231    0.00    0.00    0.00    0.00    0.00     0      0.00      0.00       0       0   0.00  tegradc.1/e
02:37:00 AM     0       232    0.00    0.00    0.00    0.00    0.00     0      0.00      0.00       0       0   0.00  tegradc.1/f
02:37:00 AM     0       233    0.00    0.00    0.00    0.00    0.00     1      0.00      0.00       0       0   0.00  tegradc.1/sl
02:37:00 AM     0       234    0.00    0.00    0.00    0.00    0.00     0      0.00      0.00       0       0   0.00  irq/63-15210000
02:37:00 AM     0       249    0.00    0.00    0.00    0.00    0.00     0      0.00      0.00       0       0   0.00  irq/56-d230000.
02:37:00 AM     0       250    0.00    0.00    0.00    0.00    0.00     0      0.00      0.00       0       0   0.00  irq/69-tegra_dp
02:37:00 AM     0       251    0.00    0.00    0.00    0.00    0.00     0      0.00      0.00       0       0   0.00  irq/66-15220000
02:37:00 AM     0       252    0.00    0.00    0.00    0.00    0.00     0      0.00      0.00       0       0   0.00  tegradc.2/a
02:37:00 AM     0       253    0.00    0.00    0.00    0.00    0.00     0      0.00      0.00       0       0   0.00  tegradc.2/b
02:37:00 AM     0       254    0.00    0.00    0.00    0.00    0.00     0      0.00      0.00       0       0   0.00  tegradc.2/c
02:37:00 AM     0       255    0.00    0.00    0.00    0.00    0.00     0      0.00      0.00       0       0   0.00  tegradc.2/d
02:37:00 AM     0       256    0.00    0.00    0.00    0.00    0.00     0      0.00      0.00       0       0   0.00  tegradc.2/e
02:37:00 AM     0       257    0.00    0.00    0.00    0.00    0.00     0      0.00      0.00       0       0   0.00  tegradc.2/f
02:37:00 AM     0       258    0.00    0.00    0.00    0.00    0.00     0      0.00      0.00       0       0   0.00  tegradc.2/sl
02:37:00 AM     0       259    0.00    0.00    0.00    0.00    0.00     0      0.00      0.00       0       0   0.00  irq/64-15220000
02:37:00 AM     0       275    0.00    0.00    0.00    0.00    0.00     0      0.00      0.00       0       0   0.00  jbd2/mmcblk0p1-
02:37:00 AM     0       276    0.00    0.00    0.00    0.00    0.00     3      0.00      0.00       0       0   0.00  ext4-rsv-conver
02:37:00 AM     0       280    0.00    0.00    0.00    0.00    0.00     7      0.00      0.00       0       0   0.00  kworker/7:1H
02:37:00 AM     0       286    0.00    0.00    0.00    0.00    0.00     5      0.00      0.00       0       0   0.00  kworker/5:1H-kblockd
02:37:00 AM     0       312    0.00    0.00    0.00    0.00    0.00     2      0.00      0.00   61816   31668   0.10  systemd-journal
02:37:00 AM     0       338    0.00    6.00    0.00   14.00    6.00     0      0.00      0.00       0       0   0.00  nvmap-bz
02:37:00 AM     0       339    0.00    0.00    0.00    0.00    0.00     0      0.00      0.00       0       0   0.00  irq/204-gk20a_s
02:37:00 AM     0       340    0.00    0.00    0.00    0.00    0.00     0      0.00      0.00       0       0   0.00  irq/205-gk20a_n
02:37:00 AM     0       345    0.00    0.00    0.00    0.00    0.00     3      0.00      0.00    2776    1492   0.00  tee-supplicant
02:37:00 AM     0       347    0.00    0.00    0.00    0.00    0.00     3      0.00      0.00       0       0   0.00  optee_bus_scan
02:37:00 AM     0       358    0.00    0.00    0.00    0.00    0.00     3      0.00      0.00   22788    7532   0.02  systemd-udevd
02:37:00 AM     0       364    0.00    0.00    0.00    0.00    0.00     1      0.00      0.00    7948    4892   0.02  haveged
02:37:00 AM   126       365    0.00    0.00    0.00    0.00    0.00     3      0.00      0.00    7136    3108   0.01  rpcbind
02:37:00 AM   105       366    0.00    0.00    0.00    0.00    0.00     0      0.00      0.00   25592   13288   0.04  systemd-resolve
02:37:00 AM   103       367    0.00    0.00    0.00    0.00    0.00     1      0.00      0.00   90672    6220   0.02  systemd-timesyn
02:37:00 AM     0       407    0.00    0.00    0.00    0.00    0.00     5      0.00      0.00       0       0   0.00  cfg80211
02:37:00 AM     0       410    0.00    0.00    0.00    0.00    0.00     0      0.00      0.00       0       0   0.00  irq/42-3210000.
02:37:00 AM     0       412    0.00    0.00    0.00    0.00    0.00     2      0.00      0.00       0       0   0.00  spi0
02:37:00 AM     0       413    0.00   16.00    0.00    0.00   16.00     1      0.00      0.00       0       0   0.00  irq/282-iwlwifi
02:37:00 AM     0       416    0.00    0.00    0.00    0.00    0.00     4      0.00      0.00       0       0   0.00  ata_sff
02:37:00 AM     0       419    0.00    0.00    0.00    0.00    0.00     0      0.00      0.00       0       0   0.00  irq/43-c260000.
02:37:00 AM     0       420    0.00    0.00    0.00    0.00    0.00     6      0.00      0.00       0       0   0.00  scsi_eh_1
02:37:00 AM     0       422    0.00    0.00    0.00    0.00    0.00     6      0.00      0.00       0       0   0.00  scsi_tmf_1
02:37:00 AM     0       427    0.00    0.00    0.00    0.00    0.00     0      0.00      0.00       0       0   0.00  spi1
02:37:00 AM     0       430    0.00    0.00    0.00    0.00    0.00     3      0.00      0.00  242072    8880   0.03  accounts-daemon
02:37:00 AM   120       439    0.00    0.00    0.00    0.00    0.00     0      0.00      0.00    7084    3472   0.01  avahi-daemon
02:37:00 AM     0       441    0.00    0.00    0.00    0.00    0.00     2      0.00      0.00    9220    2516   0.01  cron
02:37:00 AM   106       443    0.00    0.00    0.00    0.00    0.00     1      0.00      0.00    9396    5264   0.02  dbus-daemon
02:37:00 AM     0       447    0.00    0.00    0.00    0.00    0.00     1      0.00      0.00  341244   20856   0.07  NetworkManager
02:37:00 AM     0       456    0.00    0.00    0.00    0.00    0.00     4      0.00      0.00   38300   19472   0.06  networkd-dispat
02:37:00 AM     0       473    0.00    0.00    0.00    0.00    0.00     2      0.00      0.00  238860   13352   0.04  polkitd
02:37:00 AM   125       483    0.00    0.00    0.00    0.00    0.00     2      0.00      0.00  220940    8288   0.03  rsyslogd
02:37:00 AM     0       503    0.00    0.00    0.00    0.00    0.00     2      0.00      0.00  235864    4364   0.01  switcheroo-cont
02:37:00 AM     0       514    0.00    0.00    0.00    0.00    0.00     0      0.00      0.00   17076    6760   0.02  systemd-logind
02:37:00 AM     0       523    0.00    0.00    0.00    0.00    0.00     2      0.00      0.00  395556   15676   0.05  udisksd
02:37:00 AM     0       528    0.00    0.00    0.00    0.00    0.00     3      0.00      0.00   12784    8052   0.03  wpa_supplicant
02:37:00 AM     0       548    0.00    0.00    0.00    0.00    0.00     0      0.00      0.00       0       0   0.00  sugov:0
02:37:00 AM   120       555    0.00    0.00    0.00    0.00    0.00     2      0.00      0.00    6896     324   0.00  avahi-daemon
02:37:00 AM     0       585    0.00    0.00    0.00    0.00    0.00     5      0.00      0.00       0       0   0.00  tmp451
02:37:00 AM     0       597    0.00    0.00    0.00    0.00    0.00     3      0.00      0.00       0       0   0.00  irq/286-1-0008
02:37:00 AM     0       600    0.00    0.00    0.00    0.00    0.00     2      0.00      0.00  321792   14480   0.05  ModemManager
02:37:00 AM     0       653    0.00    0.00    0.00    0.00    0.00     0      0.00      0.00    2476     604   0.00  nvfancontrol
02:37:00 AM     0       728    0.00    0.00    0.00    0.00    0.00     4      0.00      0.00       0       0   0.00  adspp_kthread
02:37:00 AM     0       779    0.00    0.00    0.00    0.00    0.00     6      0.00      0.00       0       0   0.00  kworker/6:2H-kblockd
02:37:00 AM     0       876    0.00    0.00    0.00    0.00    0.00     1      0.00      0.00       0       0   0.00  irq/289-2490000
02:37:00 AM     0       887    0.00    0.00    0.00    0.00    0.00     0      0.00      0.00       0       0   0.00  irq/32-eth0.com
02:37:00 AM     0       919    0.00    0.00    0.00    0.00    0.00     4      0.00      0.00       0       0   0.00  file-storage
02:37:00 AM     0       953    0.00    0.00    0.00    0.00    0.00     1      0.00      0.00       0       0   0.00  loop0
02:37:00 AM     0      1048    0.00    0.00    0.00    0.00    0.00     4      0.00      0.00       0       0   0.00  kworker/4:2H-kblockd
02:37:00 AM     0      1091    0.00    0.00    0.00    0.00    0.00     3      0.00      0.00       0       0   0.00  cryptd
02:37:00 AM     0      1147    0.00    0.00    0.00    0.00    0.00     2      0.00      0.00       0       0   0.00  sw-quiesce
02:37:00 AM     0      1148    0.00    0.00    0.00    0.00    0.00     1      0.00      0.00       0       0   0.00  nvgpu_channel_p
02:37:00 AM     0      1151    0.00    0.00    0.00    0.00    0.00     0      0.00      0.00       0       0   0.00  nvgpu_nvs_gv11b
02:37:00 AM     0      1153    0.00    0.00    0.00    0.00    0.00     0      0.00      0.00       0       0   0.00  nvgpu_pg_init_g
02:37:00 AM     0      1157    0.00    0.00    0.00    0.00    0.00     2      0.00      0.00       0       0   0.00  nvgpu_clk_arb_p
02:37:00 AM     0      1162    0.00    0.00    0.00    0.00    0.00     3      0.00      0.00       0       0   0.00  irq/288-rt5659
02:37:00 AM     0      1270    0.00    0.00    0.00    0.00    0.00     3      0.00      0.00   55688   11092   0.03  nvargus-daemon
02:37:00 AM     0      1273    0.00    0.00    0.00    0.00    0.00     3      0.00      0.00   21932    1552   0.00  nvs-service
02:37:00 AM     0      1298    0.00    0.00    0.00    0.00    0.00     1      0.00      0.00 2007972   50360   0.16  containerd
02:37:00 AM     0      1314    0.00    0.00    0.00    0.00    0.00     0      0.00      0.00  240032    7616   0.02  gdm3
02:37:00 AM   108      1326    0.00    0.00    0.00    0.00    0.00     3      0.00      0.00   11468    1896   0.01  kerneloops
02:37:00 AM     0      1327    0.00    0.00    0.00    0.00    0.00     1      0.00      0.00   12236    6576   0.02  sshd
02:37:00 AM     0      1336    0.00    0.00    0.00    0.00    0.00     0      0.00      0.00    7688    1876   0.01  agetty
02:37:00 AM     0      1337    0.00    0.00    0.00    0.00    0.00     2      0.00      0.00    7688    1904   0.01  agetty
02:37:00 AM   108      1339    0.00    0.00    0.00    0.00    0.00     1      0.00      0.00   11468    1820   0.01  kerneloops
02:37:00 AM     0      1340    0.00    0.00    0.00    0.00    0.00     3      0.00      0.00    9216    2824   0.01  nvgetty.sh
02:37:00 AM     0      1379    0.00    0.00    0.00    0.00    0.00     0      0.00      0.00    7688    1848   0.01  getty
02:37:00 AM     0      1554    0.00    0.00    0.00    0.00    0.00     2      0.00      0.00 2111796   85472   0.27  dockerd
02:37:00 AM     0      1677    0.00    0.00    0.00    0.00    0.00     2      0.00      0.00  168472    8256   0.03  gdm-session-wor
02:37:00 AM     0      1711    0.00    0.00    0.00    0.00    0.00     0      0.00      0.00    3248     808   0.00  nvphsd
02:37:00 AM     0      1716    0.00    0.00    0.00    0.00    0.00     3      0.00      0.00    3380    1788   0.01  nvphsd
02:37:00 AM   124      1789    0.00    0.00    0.00    0.00    0.00     3      0.00      0.00   19144    9224   0.03  systemd
02:37:00 AM   124      1804    0.00    0.00    0.00    0.00    0.00     3      0.00      0.00  104488    5436   0.02  (sd-pam)
02:37:00 AM   124      2014    0.00    0.00    0.00    0.00    0.00     2      0.00      0.00  961884   21984   0.07  pulseaudio
02:37:00 AM   124      2032    0.00    0.00    0.00    0.00    0.00     2      0.00      0.00  164156    5924   0.02  gdm-x-session
02:37:00 AM   124      2037    0.00    0.00    0.00    0.00    0.00     1      0.00      0.00 25330232   99256   0.31  Xorg
02:37:00 AM   118      2040    0.00    0.00    0.00    0.00    0.00     1      0.00      0.00  152516    2440   0.01  rtkit-daemon
02:37:00 AM   124      2162    0.00    0.00    0.00    0.00    0.00     2      0.00      0.00    7812    3448   0.01  dbus-daemon
02:37:00 AM   124      2428    0.00    0.00    0.00    0.00    0.00     0      0.00      0.00    4776    1164   0.00  dbus-run-sessio
02:37:00 AM   124      2429    0.00    0.00    0.00    0.00    0.00     2      0.00      0.00    8088    4104   0.01  dbus-daemon
02:37:00 AM   124      2438    0.00    0.00    0.00    0.00    0.00     3      0.00      0.00  559768   14932   0.05  gnome-session-b
02:37:00 AM     0      2457    0.00    0.00    0.00    0.00    0.00     2      0.00      0.00  101692   19628   0.06  jtop
02:37:00 AM   124      2463    0.00    0.00    0.00    0.00    0.00     3      0.00      0.00  309548   10092   0.03  at-spi-bus-laun
02:37:00 AM   124      2470    0.00    0.00    0.00    0.00    0.00     1      0.00      0.00    7676    3468   0.01  dbus-daemon
02:37:00 AM   124      2495    0.00    0.00    0.00    0.00    0.00     1      0.00      0.00 4022996  194924   0.61  gnome-shell
02:37:00 AM     0      2510    0.00    0.00    0.00    0.00    0.00     3      0.00      0.00  175424   16904   0.05  jtop
02:37:00 AM     0      2518    0.00    0.00    0.00    0.00    0.00     2      0.00      0.00  101692   17160   0.05  jtop
02:37:00 AM   124      2696    0.00    0.00    0.00    0.00    0.00     0      0.00      0.00  314420   11212   0.04  ibus-daemon
02:37:00 AM   124      2699    0.00    0.00    0.00    0.00    0.00     2      0.00      0.00  239960   11792   0.04  ibus-dconf
02:37:00 AM   124      2701    0.00    0.00    0.00    0.00    0.00     2      0.00      0.00  189920   16900   0.05  ibus-x11
02:37:00 AM   124      2704    0.00    0.00    0.00    0.00    0.00     3      0.00      0.00  239880    7776   0.02  ibus-portal
02:37:00 AM   124      2715    0.00    0.00    0.00    0.00    0.00     1      0.00      0.00  161420    6880   0.02  at-spi2-registr
02:37:00 AM   124      2719    0.00    0.00    0.00    0.00    0.00     3      0.00      0.00  235804    4672   0.01  xdg-permission-
02:37:00 AM     0      2725    0.00    0.00    0.00    0.00    0.00     2      0.00      0.00  252944    8776   0.03  upowerd
02:37:00 AM   124      2745    0.00    0.00    0.00    0.00    0.00     2      0.00      0.00 3001620   27244   0.09  gjs
02:37:00 AM   124      2764    0.00    0.00    0.00    0.00    0.00     1      0.00      0.00  469396   14236   0.04  gsd-sharing
02:37:00 AM   124      2765    0.00    0.00    0.00    0.00    0.00     1      0.00      0.00  334628   15072   0.05  gsd-wacom
02:37:00 AM   124      2768    0.00    0.00    0.00    0.00    0.00     3      0.00      0.00  571788   19844   0.06  gsd-color
02:37:00 AM   124      2772    0.00    0.00    0.00    0.00    0.00     2      0.00      0.00  338096   17824   0.06  gsd-keyboard
02:37:00 AM   124      2774    0.00    0.00    0.00    0.00    0.00     2      0.00      0.00  322508   11376   0.04  gsd-print-notif
02:37:00 AM   124      2779    0.00    0.00    0.00    0.00    0.00     3      0.00      0.00  166208    7736   0.02  ibus-engine-sim
02:37:00 AM   124      2780    0.00    0.00    0.00    0.00    0.00     1      0.00      0.00  457460    7996   0.03  gsd-rfkill
02:37:00 AM   124      2782    0.00    0.00    0.00    0.00    0.00     1      0.00      0.00  391976    9696   0.03  gsd-smartcard
02:37:00 AM   124      2784    0.00    0.00    0.00    0.00    0.00     2      0.00      0.00  374928   15372   0.05  gsd-datetime
02:37:00 AM   124      2790    0.00    0.00    0.00    0.00    0.00     2      0.00      0.00  679696   20032   0.06  gsd-media-keys
02:37:00 AM   124      2791    0.00    0.00    0.00    0.00    0.00     3      0.00      0.00  235772    5600   0.02  gsd-screensaver
02:37:00 AM   124      2793    0.00    0.00    0.00    0.00    0.00     3      0.00      0.00  320104    9452   0.03  gsd-sound
02:37:00 AM   124      2795    0.00    0.00    0.00    0.00    0.00     3      0.00      0.00  313652   10144   0.03  gsd-a11y-settin
02:37:00 AM   124      2799    0.00    0.00    0.00    0.00    0.00     2      0.00      0.00  313992   10524   0.03  gsd-housekeepin
02:37:00 AM   124      2802    0.00    0.00    0.00    0.00    0.00     0      0.00      0.00  339724   18828   0.06  gsd-power
02:37:00 AM   124      2824    0.00    0.00    0.00    0.00    0.00     2      0.00      0.00  342540   12784   0.04  gsd-printer
02:37:00 AM   119      2837    0.00    0.00    0.00    0.00    0.00     2      0.00      0.00  249328   17548   0.06  colord
02:37:00 AM     0     29120    0.00    0.00    0.00    0.00    0.00     3      0.00      0.00       0       0   0.00  kworker/u17:2
02:37:00 AM     0     33852    0.00    0.00    0.00    0.00    0.00     1      0.00      0.00       0       0   0.00  kworker/1:0H-kblockd
02:37:00 AM     0     35048    0.00    0.00    0.00    0.00    0.00     0      0.00      0.00       0       0   0.00  kworker/u17:0-thermal_fan_est
02:37:00 AM  1000     39960    0.00    0.00    0.00    0.00    0.00     2      0.00      0.00   19248    9208   0.03  systemd
02:37:00 AM  1000     39961    0.00    0.00    0.00    0.00    0.00     2      0.00      0.00  170940    6304   0.02  (sd-pam)
02:37:00 AM  1000     40037    0.00    0.00    0.00    0.00    0.00     3      0.00      0.00    7812    3952   0.01  dbus-daemon
02:37:00 AM     0     40147    0.00    0.00    0.00    0.00    0.00     1      0.00      0.00       0       0   0.00  kworker/1:0-events
02:37:00 AM     0     40174    0.00    0.00    0.00    0.00    0.00     2      0.00      0.00       0       0   0.00  kworker/2:2H-kblockd
02:37:00 AM     0     40194    0.00    0.00    0.00    0.00    0.00     3      0.00      0.00       0       0   0.00  kworker/3:0H-kblockd
02:37:00 AM     0     41650    0.00    0.00    0.00    0.00    0.00     3      0.00      0.00       0       0   0.00  kworker/3:0-events
02:37:00 AM     0     43913    0.00    0.00    0.00    0.00    0.00     2      0.00      0.00   14768    7560   0.02  sshd
02:37:00 AM  1000     43958    0.00    0.00    0.00    0.00    0.00     0      0.00      0.00   15292    6400   0.02  sshd
02:37:00 AM  1000     43959    0.00    0.00    0.00    0.00    0.00     1      0.00      0.00   11344    5444   0.02  bash
02:37:00 AM     0     50050    0.00    0.00    0.00    0.00    0.00     2      0.00      0.00   14768    7572   0.02  sshd
02:37:00 AM  1000     50094    0.00    0.00    0.00    0.00    0.00     3      0.00      0.00   15292    6428   0.02  sshd
02:37:00 AM  1000     50095    0.00    0.00    0.00    0.00    0.00     2      0.00      0.00   11344    5448   0.02  bash
02:37:00 AM     0     81462    0.00    0.00    0.00    0.00    0.00     2      0.00      0.00       0       0   0.00  kworker/2:2-mm_percpu_wq
02:37:00 AM     0     81478    0.00    0.00    0.00    0.00    0.00     0      0.00      0.00       0       0   0.00  kworker/0:1H-kblockd
02:37:00 AM  1000     84840    0.00    0.00    0.00    0.00    0.00     3      0.00      0.00  240176   10088   0.03  gnome-keyring-d
02:37:00 AM   124     84900    0.00    0.00    0.00    0.00    0.00     1      0.00      0.00  156240    4584   0.01  dconf-service
02:37:00 AM     0     85427    0.00    0.00    0.00    0.00    0.00     0      0.00      0.00       0       0   0.00  kworker/0:2-events
02:37:00 AM     0     86310    0.00    0.00    0.00    0.00    0.00     2      0.00      0.00       0       0   0.00  kworker/u16:1-devfreq_wq
02:37:00 AM     0     86312    0.00    0.00    0.00    0.00    0.00     3      0.00      0.00   14768    7564   0.02  sshd
02:37:00 AM  1000     86356    0.00    0.00    0.00    0.00    0.00     3      0.00      0.00   15292    6380   0.02  sshd
02:37:00 AM  1000     86357    0.00    0.00    0.00    0.00    0.00     0      0.00      0.00   11344    5440   0.02  bash
02:37:00 AM     0     86549    0.00    0.00    0.00    0.00    0.00     2      0.00      0.00   14768    7664   0.02  sshd
02:37:00 AM  1000     86593    0.00    0.00    0.00    0.00    0.00     2      0.00      0.00   15292    6480   0.02  sshd
02:37:00 AM  1000     86594    0.00    0.00    0.00    0.00    0.00     1      0.00      0.00   11860    5896   0.02  bash
02:37:00 AM     0     86632    0.00    0.00    0.00    0.00    0.00     3      0.00      0.00       0       0   0.00  kworker/3:2
02:37:00 AM     0     86695    0.00    0.00    0.00    0.00    0.00     2      0.00      0.00   14768    7616   0.02  sshd
02:37:00 AM  1000     86739    1.00    2.00    0.00    1.00    3.00     3      0.00      0.00   16116    7520   0.02  sshd
02:37:00 AM  1000     86740    0.00    0.00    0.00    0.00    0.00     0      0.00      0.00   11344    5344   0.02  bash
02:37:00 AM  1000     86916    0.00    0.00    0.00    0.00    0.00     1      0.00      0.00  283948   42984   0.14  roslaunch
02:37:00 AM  1000     86924    1.00    0.00    0.00    0.00    1.00     2      0.00      0.00  797980   43972   0.14  rosmaster
02:37:00 AM  1000     86934    1.00    0.00    0.00    0.00    1.00     1      0.00      0.00  274964   10080   0.03  rosout
02:37:00 AM  1000     86944   77.00   97.00    0.00    5.00  174.00     2      0.00      0.00 34859196  738616   2.33  scale_truck_con
02:37:00 AM  1000     86945   32.00   77.00    0.00    0.00  109.00     0      0.00      0.00 1571432  116640   0.37  LRC
02:37:00 AM  1000     87010    0.00    0.00    0.00    0.00    0.00     1      0.00      0.00  724884  126676   0.40  python3
02:37:00 AM     0     87290    0.00    0.00    0.00    0.00    0.00     0      0.00      0.00   14768    7584   0.02  sshd
02:37:00 AM  1000     87334    0.00    0.00    0.00    0.00    0.00     0      0.00      0.00   15292    6412   0.02  sshd
02:37:00 AM  1000     87335    0.00    0.00    0.00    0.00    0.00     2      0.00      0.00   11344    5436   0.02  bash
02:37:00 AM     0     89981    0.00    0.00    0.00    0.00    0.00     1      0.00      0.00       0       0   0.00  kworker/1:1-pm
02:37:00 AM     0     95050    0.00    0.00    0.00    0.00    0.00     2      0.00      0.00       0       0   0.00  kworker/2:0-events
02:37:00 AM     0     96173    0.00    0.00    0.00    0.00    0.00     1      0.00      0.00       0       0   0.00  kworker/1:2-pm
02:37:00 AM     0     99494    0.00    0.00    0.00    1.00    0.00     3      0.00      0.00       0       0   0.00  kworker/u16:3-devfreq_wq
02:37:00 AM     0    101032    0.00    0.00    0.00    0.00    0.00     2      0.00      0.00       0       0   0.00  kworker/2:1H
02:37:00 AM     0    102096    0.00    0.00    0.00    0.00    0.00     0      0.00      0.00       0       0   0.00  kworker/0:2H
02:37:00 AM     0    103173    0.00    0.00    0.00    0.00    0.00     3      0.00      0.00       0       0   0.00  kworker/3:1H
02:37:00 AM     0    107801    0.00    0.00    0.00    0.00    0.00     1      0.00      0.00       0       0   0.00  kworker/1:2H
02:37:00 AM     0    109830    0.00    0.00    0.00    0.00    0.00     0      0.00      0.00       0       0   0.00  kworker/0:1-events
02:37:00 AM     0    111231    0.00    0.00    0.00    0.00    0.00     1      0.00      0.00       0       0   0.00  kworker/u16:0-events_unbound
02:37:00 AM     0    111939    0.00    0.00    0.00    0.00    0.00     1      0.00      0.00       0       0   0.00  kworker/1:4-events
02:37:00 AM     0    121074    0.00    0.00    0.00    0.00    0.00     0      0.00      0.00       0       0   0.00  kworker/0:0-events
02:37:00 AM     0    122883    0.00    0.00    0.00    0.00    0.00     3      0.00      0.00       0       0   0.00  kworker/u16:2-events_unbound
02:37:00 AM     0    123203    0.00    0.00    0.00    0.00    0.00     3      0.00      0.00       0       0   0.00  kworker/3:2H
02:37:00 AM     0    124025    0.00    0.00    0.00    0.00    0.00     2      0.00      0.00       0       0   0.00  kworker/2:0H
02:37:00 AM     0    128328    0.00    0.00    0.00    0.00    0.00     1      0.00      0.00       0       0   0.00  kworker/1:3
02:37:00 AM  1000    128619    0.00    0.00    0.00    0.00    0.00     0      0.00      0.00    9208    3220   0.01  bash
02:37:00 AM  1000    128966    4.00   13.00    0.00    6.00   17.00     3      0.00      0.00   17764   10516   0.03  pidstat

# Time        UID       PID    %usr %system  %guest   %wait    %CPU   CPU  minflt/s  majflt/s     VSZ     RSS   %MEM  Command
02:37:01 AM     0         1    0.00    0.00    0.00    0.00    0.00     2      0.00      0.00  169880   11540   0.04  systemd
02:37:01 AM     0         2    0.00    0.00    0.00    0.00    0.00     1      0.00      0.00       0       0   0.00  kthreadd
02:37:01 AM     0         3    0.00    0.00    0.00    0.00    0.00     0      0.00      0.00       0       0   0.00  rcu_gp
02:37:01 AM     0         4    0.00    0.00    0.00    0.00    0.00     0      0.00      0.00       0       0   0.00  rcu_par_gp
02:37:01 AM     0         8    0.00    0.00    0.00    0.00    0.00     0      0.00      0.00       0       0   0.00  mm_percpu_wq
02:37:01 AM     0         9    0.00    0.00    0.00    0.00    0.00     0      0.00      0.00       0       0   0.00  rcu_tasks_kthre
02:37:01 AM     0        10    0.00    0.00    0.00    0.00    0.00     0      0.00      0.00       0       0   0.00  rcu_tasks_rude_
02:37:01 AM     0        11    0.00    0.00    0.00    0.00    0.00     0      0.00      0.00       0       0   0.00  rcu_tasks_trace
02:37:01 AM     0        12    0.00    0.00    0.00    0.00    0.00     0      0.00      0.00       0       0   0.00  ksoftirqd/0
02:37:01 AM     0        13    0.00    0.00    0.00    1.00    0.00     1      0.00      0.00       0       0   0.00  rcu_preempt
02:37:01 AM     0        14    0.00    0.00    0.00    0.00    0.00     0      0.00      0.00       0       0   0.00  migration/0
02:37:01 AM     0        16    0.00    0.00    0.00    0.00    0.00     0      0.00      0.00       0       0   0.00  cpuhp/0
02:37:01 AM     0        17    0.00    0.00    0.00    0.00    0.00     1      0.00      0.00       0       0   0.00  cpuhp/1
02:37:01 AM     0        18    0.00    0.00    0.00    0.00    0.00     1      0.00      0.00       0       0   0.00  migration/1
02:37:01 AM     0        19    0.00    0.00    0.00    0.00    0.00     1      0.00      0.00       0       0   0.00  ksoftirqd/1
02:37:01 AM     0        22    0.00    0.00    0.00    0.00    0.00     2      0.00      0.00       0       0   0.00  cpuhp/2
02:37:01 AM     0        23    0.00    0.00    0.00    0.00    0.00     2      0.00      0.00       0       0   0.00  migration/2
02:37:01 AM     0        24    0.00    0.00    0.00    0.00    0.00     2      0.00      0.00       0       0   0.00  ksoftirqd/2
02:37:01 AM     0        27    0.00    0.00    0.00    0.00    0.00     3      0.00      0.00       0       0   0.00  cpuhp/3
02:37:01 AM     0        28    0.00    0.00    0.00    0.00    0.00     3      0.00      0.00       0       0   0.00  migration/3
02:37:01 AM     0        29    0.00    0.00    0.00    0.00    0.00     3      0.00      0.00       0       0   0.00  ksoftirqd/3
02:37:01 AM     0        32    0.00    0.00    0.00    0.00    0.00     4      0.00      0.00       0       0   0.00  cpuhp/4
02:37:01 AM     0        33    0.00    0.00    0.00    0.00    0.00     4      0.00      0.00       0       0   0.00  migration/4
02:37:01 AM     0        34    0.00    0.00    0.00    0.00    0.00     4      0.00      0.00       0       0   0.00  ksoftirqd/4
02:37:01 AM     0        36    0.00    0.00    0.00    0.00    0.00     4      0.00      0.00       0       0   0.00  kworker/4:0H-kblockd
02:37:01 AM     0        37    0.00    0.00    0.00    0.00    0.00     5      0.00      0.00       0       0   0.00  cpuhp/5
02:37:01 AM     0        38    0.00    0.00    0.00    0.00    0.00     5      0.00      0.00       0       0   0.00  migration/5
02:37:01 AM     0        39    0.00    0.00    0.00    0.00    0.00     5      0.00      0.00       0       0   0.00  ksoftirqd/5
02:37:01 AM     0        41    0.00    0.00    0.00    0.00    0.00     5      0.00      0.00       0       0   0.00  kworker/5:0H-kblockd
02:37:01 AM     0        42    0.00    0.00    0.00    0.00    0.00     6      0.00      0.00       0       0   0.00  cpuhp/6
02:37:01 AM     0        43    0.00    0.00    0.00    0.00    0.00     6      0.00      0.00       0       0   0.00  migration/6
02:37:01 AM     0        44    0.00    0.00    0.00    0.00    0.00     6      0.00      0.00       0       0   0.00  ksoftirqd/6
02:37:01 AM     0        46    0.00    0.00    0.00    0.00    0.00     6      0.00      0.00       0       0   0.00  kworker/6:0H-events_highpri
02:37:01 AM     0        47    0.00    0.00    0.00    0.00    0.00     7      0.00      0.00       0       0   0.00  cpuhp/7
02:37:01 AM     0        48    0.00    0.00    0.00    0.00    0.00     7      0.00      0.00       0       0   0.00  migration/7
02:37:01 AM     0        49    0.00    0.00    0.00    0.00    0.00     7      0.00      0.00       0       0   0.00  ksoftirqd/7
02:37:01 AM     0        50    0.00    0.00    0.00    0.00    0.00     0      0.00      0.00       0       0   0.00  kworker/7:0-rcu_gp
02:37:01 AM     0        51    0.00    0.00    0.00    0.00    0.00     7      0.00      0.00       0       0   0.00  kworker/7:0H-kblockd
02:37:01 AM     0        52    0.00    0.00    0.00    0.00    0.00     0      0.00      0.00       0       0   0.00  kdevtmpfs
02:37:01 AM     0        53    0.00    0.00    0.00    0.00    0.00     4      0.00      0.00       0       0   0.00  netns
02:37:01 AM     0        54    0.00    0.00    0.00    0.00    0.00     1      0.00      0.00       0       0   0.00  kauditd
02:37:01 AM     0        55    0.00    0.00    0.00    0.00    0.00     0      0.00      0.00       0       0   0.00  irq/87-mc_statu
02:37:01 AM     0        56    0.00    0.00    0.00    0.00    0.00     2      0.00      0.00       0       0   0.00  khungtaskd
02:37:01 AM     0        57    0.00    0.00    0.00    0.00    0.00     3      0.00      0.00       0       0   0.00  oom_reaper
02:37:01 AM     0        58    0.00    0.00    0.00    0.00    0.00     5      0.00      0.00       0       0   0.00  writeback
02:37:01 AM     0        59    0.00    0.00    0.00    0.00    0.00     3      0.00      0.00       0       0   0.00  kcompactd0
02:37:01 AM     0        60    0.00    0.00    0.00    0.00    0.00     1      0.00      0.00       0       0   0.00  ksmd
02:37:01 AM     0        61    0.00    0.00    0.00    0.00    0.00     3      0.00      0.00       0       0   0.00  khugepaged
02:37:01 AM     0        93    0.00    0.00    0.00    0.00    0.00     1      0.00      0.00       0       0   0.00  kintegrityd
02:37:01 AM     0        94    0.00    0.00    0.00    0.00    0.00     1      0.00      0.00       0       0   0.00  kblockd
02:37:01 AM     0        95    0.00    0.00    0.00    0.00    0.00     1      0.00      0.00       0       0   0.00  blkcg_punt_bio
02:37:01 AM     0        97    0.00    0.00    0.00    0.00    0.00     3      0.00      0.00       0       0   0.00  tpm_dev_wq
02:37:01 AM     0        98    0.00    0.00    0.00    0.00    0.00     0      0.00      0.00       0       0   0.00  irq/197-30c0000
02:37:01 AM     0        99    0.00    0.00    0.00    0.00    0.00     1      0.00      0.00       0       0   0.00  devfreq_wq
02:37:01 AM     0       100    0.00    0.00    0.00    0.00    0.00     1      0.00      0.00       0       0   0.00  watchdogd
02:37:01 AM     0       104    0.00    0.00    0.00    0.00    0.00     7      0.00      0.00       0       0   0.00  rpciod
02:37:01 AM     0       106    0.00    0.00    0.00    0.00    0.00     7      0.00      0.00       0       0   0.00  xprtiod
02:37:01 AM     0       108    0.00    0.00    0.00    0.00    0.00     7      0.00      0.00       0       0   0.00  kswapd0
02:37:01 AM     0       109    0.00    0.00    0.00    0.00    0.00     5      0.00      0.00       0       0   0.00  nfsiod
02:37:01 AM     0       112    0.00    0.00    0.00    0.00    0.00     1      0.00      0.00       0       0   0.00  kthrotld
02:37:01 AM     0       113    0.00    0.00    0.00    0.00    0.00     7      0.00      0.00       0       0   0.00  kpcitest
02:37:01 AM     0       116    0.00    0.00    0.00    0.00    0.00     5      0.00      0.00       0       0   0.00  kworker/5:1-events
02:37:01 AM     0       122    0.00    0.00    0.00    0.00    0.00     1      0.00      0.00       0       0   0.00  nvme-wq
02:37:01 AM     0       123    0.00    0.00    0.00    0.00    0.00     5      0.00      0.00       0       0   0.00  nvme-reset-wq
02:37:01 AM     0       124    0.00    0.00    0.00    0.00    0.00     6      0.00      0.00       0       0   0.00  nvme-delete-wq
02:37:01 AM     0       125    0.00    0.00    0.00    0.00    0.00     6      0.00      0.00       0       0   0.00  uas
02:37:01 AM     0       126    0.00    0.00    0.00    0.00    0.00     0      0.00      0.00       0       0   0.00  irq/222-tegra_r
02:37:01 AM     0       127    0.00    0.00    0.00    0.00    0.00     0      0.00      0.00       0       0   0.00  kworker/7:2-events
02:37:01 AM     0       129    0.00    0.00    0.00    0.00    0.00     0      0.00      0.00       0       0   0.00  irq/86-tegra-oc
02:37:01 AM     0       130    0.00    0.00    0.00    0.00    0.00     5      0.00      0.00       0       0   0.00  dm_bufio_cache
02:37:01 AM     0       131    0.00    0.00    0.00    0.00    0.00     0      0.00      0.00       0       0   0.00  irq/223-max7762
02:37:01 AM     0       140    0.00    0.00    0.00    0.00    0.00     0      0.00      0.00       0       0   0.00  irq/55-bc00000.
02:37:01 AM     0       143    0.00    0.00    0.00    0.00    0.00     0      0.00      0.00       0       0   0.00  ipv6_addrconf
02:37:01 AM     0       144    0.00    0.00    0.00    0.00    0.00     6      0.00      0.00       0       0   0.00  krfcommd
02:37:01 AM     0       145    0.00    0.00    0.00    0.00    0.00     0      0.00      0.00       0       0   0.00  kstrp
02:37:01 AM     0       150    0.00    0.00    0.00    0.00    0.00     0      0.00      0.00       0       0   0.00  irq/24-tegra-pc
02:37:01 AM     0       154    0.00    0.00    0.00    0.00    0.00     0      0.00      0.00       0       0   0.00  irq/26-tegra-pc
02:37:01 AM     0       160    0.00    0.00    0.00    0.00    0.00     0      0.00      0.00       0       0   0.00  irq/26-aerdrv
02:37:01 AM     0       161    0.00    0.00    0.00    0.00    0.00     0      0.00      0.00       0       0   0.00  irq/28-tegra-pc
02:37:01 AM     0       162    0.00    0.00    0.00    0.00    0.00     0      0.00      0.00       0       0   0.00  irq/28-aerdrv
02:37:01 AM     0       163    0.00    0.00    0.00    0.00    0.00     5      0.00      0.00       0       0   0.00  host_low_prio_w
02:37:01 AM     0       164    0.00    1.00    0.00    0.00    1.00     0      0.00      0.00       0       0   0.00  irq/57-host_syn
02:37:01 AM     0       165    0.00    0.00    0.00    0.00    0.00     0      0.00      0.00       0       0   0.00  irq/58-host_sta
02:37:01 AM     0       173    0.00    0.00    0.00    0.00    0.00     5      0.00      0.00       0       0   0.00  pva_task_status
02:37:01 AM     0       174    0.00    0.00    0.00    0.00    0.00     0      0.00      0.00       0       0   0.00  irq/75-pva-isr
02:37:01 AM     0       175    0.00    0.00    0.00    0.00    0.00     0      0.00      0.00       0       0   0.00  pva_task_status
02:37:01 AM     0       176    0.00    0.00    0.00    0.00    0.00     0      0.00      0.00       0       0   0.00  irq/76-pva-isr
02:37:01 AM     0       185    0.00    0.00    0.00    0.00    0.00     0      0.00      0.00       0       0   0.00  sdhci
02:37:01 AM     0       186    0.00    0.00    0.00    0.00    0.00     0      0.00      0.00       0       0   0.00  irq/39-mmc0
02:37:01 AM     0       187    0.00    0.00    0.00    0.00    0.00     2      0.00      0.00       0       0   0.00  sdhci
02:37:01 AM     0       189    0.00    0.00    0.00    0.00    0.00     0      0.00      0.00       0       0   0.00  irq/40-mmc1
02:37:01 AM     0       195    0.00    0.00    0.00    0.00    0.00     7      0.00      0.00       0       0   0.00  scsi_eh_0
02:37:01 AM     0       196    0.00    0.00    0.00    0.00    0.00     7      0.00      0.00       0       0   0.00  scsi_tmf_0
02:37:01 AM     0       197    0.00    0.00    0.00    0.00    0.00     0      0.00      0.00       0       0   0.00  kworker/5:2-events
02:37:01 AM     0       198    0.00    0.00    0.00    0.00    0.00     0      0.00      0.00       0       0   0.00  irq/67-15200000
02:37:01 AM     0       199    0.00    0.00    0.00    0.00    0.00     1      0.00      0.00       0       0   0.00  tegradc.0/a
02:37:01 AM     0       200    0.00    0.00    0.00    0.00    0.00     0      0.00      0.00       0       0   0.00  tegradc.0/b
02:37:01 AM     0       201    0.00    0.00    0.00    0.00    0.00     0      0.00      0.00       0       0   0.00  tegradc.0/c
02:37:01 AM     0       202    0.00    0.00    0.00    0.00    0.00     0      0.00      0.00       0       0   0.00  tegradc.0/d
02:37:01 AM     0       203    0.00    0.00    0.00    0.00    0.00     0      0.00      0.00       0       0   0.00  tegradc.0/e
02:37:01 AM     0       204    0.00    0.00    0.00    0.00    0.00     0      0.00      0.00       0       0   0.00  tegradc.0/f
02:37:01 AM     0       205    0.00    0.00    0.00    0.00    0.00     0      0.00      0.00       0       0   0.00  tegradc.0/sl
02:37:01 AM     0       206    0.00    0.00    0.00    0.00    0.00     0      0.00      0.00       0       0   0.00  irq/62-15200000
02:37:01 AM     0       207    0.00    0.00    0.00    0.00    0.00     0      0.00      0.00       0       0   0.00  irq/276-3400000
02:37:01 AM     0       208    0.00    0.00    0.00    0.00    0.00     0      0.00      0.00       0       0   0.00  ufs_eh_wq_0
02:37:01 AM     0       209    0.00    0.00    0.00    0.00    0.00     3      0.00      0.00       0       0   0.00  mmc_complete
02:37:01 AM     0       211    0.00    0.00    0.00    0.00    0.00     0      0.00      0.00       0       0   0.00  irq/278-1520000
02:37:01 AM     0       212    0.00    0.00    0.00    0.00    0.00     0      0.00      0.00       0       0   0.00  irq/203-3610000
02:37:01 AM     0       213    0.00    0.00    0.00    0.00    0.00     0      0.00      0.00       0       0   0.00  irq/221-3610000
02:37:01 AM     0       214    0.00    0.00    0.00    0.00    0.00     0      0.00      0.00       0       0   0.00  irq/30-tegra-pc
02:37:01 AM     0       216    0.00    0.00    0.00    0.00    0.00     0      0.00      0.00       0       0   0.00  kworker/4:3-events
02:37:01 AM     0       218    0.00    0.00    0.00    0.00    0.00     4      0.00      0.00       0       0   0.00  kworker/4:5-events
02:37:01 AM     0       221    0.00    0.00    0.00    0.00    0.00     0      0.00      0.00       0       0   0.00  kworker/6:12-events
02:37:01 AM     0       222    0.00    0.00    0.00    0.00    0.00     0      0.00      0.00       0       0   0.00  kworker/6:13-events
02:37:01 AM     0       225    0.00    0.00    0.00    0.00    0.00     0      0.00      0.00       0       0   0.00  irq/68-tegra_dp
02:37:01 AM     0       226    0.00    0.00    0.00    0.00    0.00     0      0.00      0.00       0       0   0.00  irq/65-15210000
02:37:01 AM     0       227    0.00    0.00    0.00    0.00    0.00     0      0.00      0.00       0       0   0.00  tegradc.1/a
02:37:01 AM     0       228    0.00    0.00    0.00    0.00    0.00     0      0.00      0.00       0       0   0.00  tegradc.1/b
02:37:01 AM     0       229    0.00    0.00    0.00    0.00    0.00     0      0.00      0.00       0       0   0.00  tegradc.1/c
02:37:01 AM     0       230    0.00    0.00    0.00    0.00    0.00     0      0.00      0.00       0       0   0.00  tegradc.1/d
02:37:01 AM     0       231    0.00    0.00    0.00    0.00    0.00     0      0.00      0.00       0       0   0.00  tegradc.1/e
02:37:01 AM     0       232    0.00    0.00    0.00    0.00    0.00     0      0.00      0.00       0       0   0.00  tegradc.1/f
02:37:01 AM     0       233    0.00    0.00    0.00    0.00    0.00     1      0.00      0.00       0       0   0.00  tegradc.1/sl
02:37:01 AM     0       234    0.00    0.00    0.00    0.00    0.00     0      0.00      0.00       0       0   0.00  irq/63-15210000
02:37:01 AM     0       249    0.00    0.00    0.00    0.00    0.00     0      0.00      0.00       0       0   0.00  irq/56-d230000.
02:37:01 AM     0       250    0.00    0.00    0.00    0.00    0.00     0      0.00      0.00       0       0   0.00  irq/69-tegra_dp
02:37:01 AM     0       251    0.00    0.00    0.00    0.00    0.00     0      0.00      0.00       0       0   0.00  irq/66-15220000
02:37:01 AM     0       252    0.00    0.00    0.00    0.00    0.00     0      0.00      0.00       0       0   0.00  tegradc.2/a
02:37:01 AM     0       253    0.00    0.00    0.00    0.00    0.00     0      0.00      0.00       0       0   0.00  tegradc.2/b
02:37:01 AM     0       254    0.00    0.00    0.00    0.00    0.00     0      0.00      0.00       0       0   0.00  tegradc.2/c
02:37:01 AM     0       255    0.00    0.00    0.00    0.00    0.00     0      0.00      0.00       0       0   0.00  tegradc.2/d
02:37:01 AM     0       256    0.00    0.00    0.00    0.00    0.00     0      0.00      0.00       0       0   0.00  tegradc.2/e
02:37:01 AM     0       257    0.00    0.00    0.00    0.00    0.00     0      0.00      0.00       0       0   0.00  tegradc.2/f
02:37:01 AM     0       258    0.00    0.00    0.00    0.00    0.00     0      0.00      0.00       0       0   0.00  tegradc.2/sl
02:37:01 AM     0       259    0.00    0.00    0.00    0.00    0.00     0      0.00      0.00       0       0   0.00  irq/64-15220000
02:37:01 AM     0       275    0.00    0.00    0.00    0.00    0.00     0      0.00      0.00       0       0   0.00  jbd2/mmcblk0p1-
02:37:01 AM     0       276    0.00    0.00    0.00    0.00    0.00     3      0.00      0.00       0       0   0.00  ext4-rsv-conver
02:37:01 AM     0       280    0.00    0.00    0.00    0.00    0.00     7      0.00      0.00       0       0   0.00  kworker/7:1H
02:37:01 AM     0       286    0.00    0.00    0.00    0.00    0.00     5      0.00      0.00       0       0   0.00  kworker/5:1H-kblockd
02:37:01 AM     0       312    0.00    0.00    0.00    0.00    0.00     2      0.00      0.00   61816   31668   0.10  systemd-journal
02:37:01 AM     0       338    0.00    5.00    0.00   13.00    5.00     0      0.00      0.00       0       0   0.00  nvmap-bz
02:37:01 AM     0       339    0.00    0.00    0.00    0.00    0.00     0      0.00      0.00       0       0   0.00  irq/204-gk20a_s
02:37:01 AM     0       340    0.00    0.00    0.00    0.00    0.00     0      0.00      0.00       0       0   0.00  irq/205-gk20a_n
02:37:01 AM     0       345    0.00    0.00    0.00    0.00    0.00     3      0.00      0.00    2776    1492   0.00  tee-supplicant
02:37:01 AM     0       347    0.00    0.00    0.00    0.00    0.00     3      0.00      0.00       0       0   0.00  optee_bus_scan
02:37:01 AM     0       358    0.00    0.00    0.00    0.00    0.00     3      0.00      0.00   22788    7532   0.02  systemd-udevd
02:37:01 AM     0       364    0.00    0.00    0.00    0.00    0.00     1      0.00      0.00    7948    4892   0.02  haveged
02:37:01 AM   126       365    0.00    0.00    0.00    0.00    0.00     3      0.00      0.00    7136    3108   0.01  rpcbind
02:37:01 AM   105       366    0.00    0.00    0.00    0.00    0.00     0      0.00      0.00   25592   13288   0.04  systemd-resolve
02:37:01 AM   103       367    0.00    0.00    0.00    0.00    0.00     1      0.00      0.00   90672    6220   0.02  systemd-timesyn
02:37:01 AM     0       407    0.00    0.00    0.00    0.00    0.00     5      0.00      0.00       0       0   0.00  cfg80211
02:37:01 AM     0       410    0.00    0.00    0.00    0.00    0.00     0      0.00      0.00       0       0   0.00  irq/42-3210000.
02:37:01 AM     0       412    0.00    0.00    0.00    0.00    0.00     2      0.00      0.00       0       0   0.00  spi0
02:37:01 AM     0       413    0.00   14.00    0.00    0.00   14.00     1      0.00      0.00       0       0   0.00  irq/282-iwlwifi
02:37:01 AM     0       416    0.00    0.00    0.00    0.00    0.00     4      0.00      0.00       0       0   0.00  ata_sff
02:37:01 AM     0       419    0.00    0.00    0.00    0.00    0.00     0      0.00      0.00       0       0   0.00  irq/43-c260000.
02:37:01 AM     0       420    0.00    0.00    0.00    0.00    0.00     6      0.00      0.00       0       0   0.00  scsi_eh_1
02:37:01 AM     0       422    0.00    0.00    0.00    0.00    0.00     6      0.00      0.00       0       0   0.00  scsi_tmf_1
02:37:01 AM     0       427    0.00    0.00    0.00    0.00    0.00     0      0.00      0.00       0       0   0.00  spi1
02:37:01 AM     0       430    0.00    0.00    0.00    0.00    0.00     3      0.00      0.00  242072    8880   0.03  accounts-daemon
02:37:01 AM   120       439    0.00    0.00    0.00    0.00    0.00     0      0.00      0.00    7084    3472   0.01  avahi-daemon
02:37:01 AM     0       441    0.00    0.00    0.00    0.00    0.00     2      0.00      0.00    9220    2516   0.01  cron
02:37:01 AM   106       443    0.00    0.00    0.00    0.00    0.00     1      0.00      0.00    9396    5264   0.02  dbus-daemon
02:37:01 AM     0       447    0.00    0.00    0.00    0.00    0.00     1      0.00      0.00  341244   20856   0.07  NetworkManager
02:37:01 AM     0       456    0.00    0.00    0.00    0.00    0.00     4      0.00      0.00   38300   19472   0.06  networkd-dispat
02:37:01 AM     0       473    0.00    0.00    0.00    0.00    0.00     2      0.00      0.00  238860   13352   0.04  polkitd
02:37:01 AM   125       483    0.00    0.00    0.00    0.00    0.00     2      0.00      0.00  220940    8288   0.03  rsyslogd
02:37:01 AM     0       503    0.00    0.00    0.00    0.00    0.00     2      0.00      0.00  235864    4364   0.01  switcheroo-cont
02:37:01 AM     0       514    0.00    0.00    0.00    0.00    0.00     0      0.00      0.00   17076    6760   0.02  systemd-logind
02:37:01 AM     0       523    0.00    0.00    0.00    0.00    0.00     2      0.00      0.00  395556   15676   0.05  udisksd
02:37:01 AM     0       528    0.00    0.00    0.00    0.00    0.00     3      0.00      0.00   12784    8052   0.03  wpa_supplicant
02:37:01 AM     0       548    0.00    0.00    0.00    0.00    0.00     0      0.00      0.00       0       0   0.00  sugov:0
02:37:01 AM   120       555    0.00    0.00    0.00    0.00    0.00     2      0.00      0.00    6896     324   0.00  avahi-daemon
02:37:01 AM     0       585    0.00    0.00    0.00    0.00    0.00     5      0.00      0.00       0       0   0.00  tmp451
02:37:01 AM     0       597    0.00    0.00    0.00    0.00    0.00     3      0.00      0.00       0       0   0.00  irq/286-1-0008
02:37:01 AM     0       600    0.00    0.00    0.00    0.00    0.00     2      0.00      0.00  321792   14480   0.05  ModemManager
02:37:01 AM     0       653    0.00    0.00    0.00    0.00    0.00     0      0.00      0.00    2476     604   0.00  nvfancontrol
02:37:01 AM     0       728    0.00    0.00    0.00    0.00    0.00     4      0.00      0.00       0       0   0.00  adspp_kthread
02:37:01 AM     0       779    0.00    0.00    0.00    0.00    0.00     6      0.00      0.00       0       0   0.00  kworker/6:2H-kblockd
02:37:01 AM     0       876    0.00    0.00    0.00    0.00    0.00     1      0.00      0.00       0       0   0.00  irq/289-2490000
02:37:01 AM     0       887    0.00    0.00    0.00    0.00    0.00     0      0.00      0.00       0       0   0.00  irq/32-eth0.com
02:37:01 AM     0       919    0.00    0.00    0.00    0.00    0.00     4      0.00      0.00       0       0   0.00  file-storage
02:37:01 AM     0       953    0.00    0.00    0.00    0.00    0.00     1      0.00      0.00       0       0   0.00  loop0
02:37:01 AM     0      1048    0.00    0.00    0.00    0.00    0.00     4      0.00      0.00       0       0   0.00  kworker/4:2H-kblockd
02:37:01 AM     0      1091    0.00    0.00    0.00    0.00    0.00     3      0.00      0.00       0       0   0.00  cryptd
02:37:01 AM     0      1147    0.00    0.00    0.00    0.00    0.00     2      0.00      0.00       0       0   0.00  sw-quiesce
02:37:01 AM     0      1148    0.00    0.00    0.00    0.00    0.00     1      0.00      0.00       0       0   0.00  nvgpu_channel_p
02:37:01 AM     0      1151    0.00    0.00    0.00    0.00    0.00     0      0.00      0.00       0       0   0.00  nvgpu_nvs_gv11b
02:37:01 AM     0      1153    0.00    0.00    0.00    0.00    0.00     0      0.00      0.00       0       0   0.00  nvgpu_pg_init_g
02:37:01 AM     0      1157    0.00    0.00    0.00    0.00    0.00     2      0.00      0.00       0       0   0.00  nvgpu_clk_arb_p
02:37:01 AM     0      1162    0.00    0.00    0.00    0.00    0.00     3      0.00      0.00       0       0   0.00  irq/288-rt5659
02:37:01 AM     0      1270    0.00    0.00    0.00    0.00    0.00     3      0.00      0.00   55688   11092   0.03  nvargus-daemon
02:37:01 AM     0      1273    0.00    0.00    0.00    0.00    0.00     3      0.00      0.00   21932    1552   0.00  nvs-service
02:37:01 AM     0      1298    0.00    0.00    0.00    0.00    0.00     1      0.00      0.00 2007972   50360   0.16  containerd
02:37:01 AM     0      1314    0.00    0.00    0.00    0.00    0.00     0      0.00      0.00  240032    7616   0.02  gdm3
02:37:01 AM   108      1326    0.00    0.00    0.00    0.00    0.00     3      0.00      0.00   11468    1896   0.01  kerneloops
02:37:01 AM     0      1327    0.00    0.00    0.00    0.00    0.00     1      0.00      0.00   12236    6576   0.02  sshd
02:37:01 AM     0      1336    0.00    0.00    0.00    0.00    0.00     0      0.00      0.00    7688    1876   0.01  agetty
02:37:01 AM     0      1337    0.00    0.00    0.00    0.00    0.00     2      0.00      0.00    7688    1904   0.01  agetty
02:37:01 AM   108      1339    0.00    0.00    0.00    0.00    0.00     1      0.00      0.00   11468    1820   0.01  kerneloops
02:37:01 AM     0      1340    0.00    0.00    0.00    0.00    0.00     3      0.00      0.00    9216    2824   0.01  nvgetty.sh
02:37:01 AM     0      1379    0.00    0.00    0.00    0.00    0.00     0      0.00      0.00    7688    1848   0.01  getty
02:37:01 AM     0      1554    0.00    0.00    0.00    0.00    0.00     2      0.00      0.00 2111796   85472   0.27  dockerd
02:37:01 AM     0      1677    0.00    0.00    0.00    0.00    0.00     2      0.00      0.00  168472    8256   0.03  gdm-session-wor
02:37:01 AM     0      1711    0.00    0.00    0.00    0.00    0.00     0      0.00      0.00    3248     808   0.00  nvphsd
02:37:01 AM     0      1716    0.00    0.00    0.00    0.00    0.00     3      0.00      0.00    3380    1788   0.01  nvphsd
02:37:01 AM   124      1789    0.00    0.00    0.00    0.00    0.00     3      0.00      0.00   19144    9224   0.03  systemd
02:37:01 AM   124      1804    0.00    0.00    0.00    0.00    0.00     3      0.00      0.00  104488    5436   0.02  (sd-pam)
02:37:01 AM   124      2014    0.00    0.00    0.00    0.00    0.00     2      0.00      0.00  961884   21984   0.07  pulseaudio
02:37:01 AM   124      2032    0.00    0.00    0.00    0.00    0.00     2      0.00      0.00  164156    5924   0.02  gdm-x-session
02:37:01 AM   124      2037    0.00    0.00    0.00    0.00    0.00     1      0.00      0.00 25330232   99256   0.31  Xorg
02:37:01 AM   118      2040    0.00    0.00    0.00    0.00    0.00     1      0.00      0.00  152516    2440   0.01  rtkit-daemon
02:37:01 AM   124      2162    0.00    0.00    0.00    0.00    0.00     2      0.00      0.00    7812    3448   0.01  dbus-daemon
02:37:01 AM   124      2428    0.00    0.00    0.00    0.00    0.00     0      0.00      0.00    4776    1164   0.00  dbus-run-sessio
02:37:01 AM   124      2429    0.00    0.00    0.00    0.00    0.00     2      0.00      0.00    8088    4104   0.01  dbus-daemon
02:37:01 AM   124      2438    0.00    0.00    0.00    0.00    0.00     3      0.00      0.00  559768   14932   0.05  gnome-session-b
02:37:01 AM     0      2457    0.00    0.00    0.00    0.00    0.00     2      0.00      0.00  101692   19628   0.06  jtop
02:37:01 AM   124      2463    0.00    0.00    0.00    0.00    0.00     3      0.00      0.00  309548   10092   0.03  at-spi-bus-laun
02:37:01 AM   124      2470    0.00    0.00    0.00    0.00    0.00     1      0.00      0.00    7676    3468   0.01  dbus-daemon
02:37:01 AM   124      2495    0.00    0.00    0.00    0.00    0.00     1      0.00      0.00 4022996  194924   0.61  gnome-shell
02:37:01 AM     0      2510    0.00    0.00    0.00    0.00    0.00     3      0.00      0.00  175424   16904   0.05  jtop
02:37:01 AM     0      2518    0.00    0.00    0.00    0.00    0.00     2      0.00      0.00  101692   17160   0.05  jtop
02:37:01 AM   124      2696    0.00    0.00    0.00    0.00    0.00     0      0.00      0.00  314420   11212   0.04  ibus-daemon
02:37:01 AM   124      2699    0.00    0.00    0.00    0.00    0.00     2      0.00      0.00  239960   11792   0.04  ibus-dconf
02:37:01 AM   124      2701    0.00    0.00    0.00    0.00    0.00     2      0.00      0.00  189920   16900   0.05  ibus-x11
02:37:01 AM   124      2704    0.00    0.00    0.00    0.00    0.00     3      0.00      0.00  239880    7776   0.02  ibus-portal
02:37:01 AM   124      2715    0.00    0.00    0.00    0.00    0.00     1      0.00      0.00  161420    6880   0.02  at-spi2-registr
02:37:01 AM   124      2719    0.00    0.00    0.00    0.00    0.00     3      0.00      0.00  235804    4672   0.01  xdg-permission-
02:37:01 AM     0      2725    0.00    0.00    0.00    0.00    0.00     2      0.00      0.00  252944    8776   0.03  upowerd
02:37:01 AM   124      2745    0.00    0.00    0.00    0.00    0.00     2      0.00      0.00 3001620   27244   0.09  gjs
02:37:01 AM   124      2764    0.00    0.00    0.00    0.00    0.00     1      0.00      0.00  469396   14236   0.04  gsd-sharing
02:37:01 AM   124      2765    0.00    0.00    0.00    0.00    0.00     1      0.00      0.00  334628   15072   0.05  gsd-wacom
02:37:01 AM   124      2768    0.00    0.00    0.00    0.00    0.00     3      0.00      0.00  571788   19844   0.06  gsd-color
02:37:01 AM   124      2772    0.00    0.00    0.00    0.00    0.00     2      0.00      0.00  338096   17824   0.06  gsd-keyboard
02:37:01 AM   124      2774    0.00    0.00    0.00    0.00    0.00     2      0.00      0.00  322508   11376   0.04  gsd-print-notif
02:37:01 AM   124      2779    0.00    0.00    0.00    0.00    0.00     3      0.00      0.00  166208    7736   0.02  ibus-engine-sim
02:37:01 AM   124      2780    0.00    0.00    0.00    0.00    0.00     1      0.00      0.00  457460    7996   0.03  gsd-rfkill
02:37:01 AM   124      2782    0.00    0.00    0.00    0.00    0.00     1      0.00      0.00  391976    9696   0.03  gsd-smartcard
02:37:01 AM   124      2784    0.00    0.00    0.00    0.00    0.00     2      0.00      0.00  374928   15372   0.05  gsd-datetime
02:37:01 AM   124      2790    0.00    0.00    0.00    0.00    0.00     2      0.00      0.00  679696   20032   0.06  gsd-media-keys
02:37:01 AM   124      2791    0.00    0.00    0.00    0.00    0.00     3      0.00      0.00  235772    5600   0.02  gsd-screensaver
02:37:01 AM   124      2793    0.00    0.00    0.00    0.00    0.00     3      0.00      0.00  320104    9452   0.03  gsd-sound
02:37:01 AM   124      2795    0.00    0.00    0.00    0.00    0.00     3      0.00      0.00  313652   10144   0.03  gsd-a11y-settin
02:37:01 AM   124      2799    0.00    0.00    0.00    0.00    0.00     2      0.00      0.00  313992   10524   0.03  gsd-housekeepin
02:37:01 AM   124      2802    0.00    0.00    0.00    0.00    0.00     0      0.00      0.00  339724   18828   0.06  gsd-power
02:37:01 AM   124      2824    0.00    0.00    0.00    0.00    0.00     2      0.00      0.00  342540   12784   0.04  gsd-printer
02:37:01 AM   119      2837    0.00    0.00    0.00    0.00    0.00     2      0.00      0.00  249328   17548   0.06  colord
02:37:01 AM     0     29120    0.00    0.00    0.00    0.00    0.00     3      0.00      0.00       0       0   0.00  kworker/u17:2
02:37:01 AM     0     33852    0.00    0.00    0.00    0.00    0.00     1      0.00      0.00       0       0   0.00  kworker/1:0H-kblockd
02:37:01 AM     0     35048    0.00    0.00    0.00    0.00    0.00     0      0.00      0.00       0       0   0.00  kworker/u17:0-thermal_fan_est
02:37:01 AM  1000     39960    0.00    0.00    0.00    0.00    0.00     2      0.00      0.00   19248    9208   0.03  systemd
02:37:01 AM  1000     39961    0.00    0.00    0.00    0.00    0.00     2      0.00      0.00  170940    6304   0.02  (sd-pam)
02:37:01 AM  1000     40037    0.00    0.00    0.00    0.00    0.00     3      0.00      0.00    7812    3952   0.01  dbus-daemon
02:37:01 AM     0     40147    0.00    0.00    0.00    0.00    0.00     1      0.00      0.00       0       0   0.00  kworker/1:0-events
02:37:01 AM     0     40174    0.00    0.00    0.00    0.00    0.00     2      0.00      0.00       0       0   0.00  kworker/2:2H-kblockd
02:37:01 AM     0     40194    0.00    0.00    0.00    0.00    0.00     3      0.00      0.00       0       0   0.00  kworker/3:0H-kblockd
02:37:01 AM     0     41650    0.00    0.00    0.00    0.00    0.00     3      0.00      0.00       0       0   0.00  kworker/3:0-mm_percpu_wq
02:37:01 AM     0     43913    0.00    0.00    0.00    0.00    0.00     2      0.00      0.00   14768    7560   0.02  sshd
02:37:01 AM  1000     43958    0.00    0.00    0.00    0.00    0.00     0      0.00      0.00   15292    6400   0.02  sshd
02:37:01 AM  1000     43959    0.00    0.00    0.00    0.00    0.00     1      0.00      0.00   11344    5444   0.02  bash
02:37:01 AM     0     50050    0.00    0.00    0.00    0.00    0.00     2      0.00      0.00   14768    7572   0.02  sshd
02:37:01 AM  1000     50094    0.00    0.00    0.00    0.00    0.00     3      0.00      0.00   15292    6428   0.02  sshd
02:37:01 AM  1000     50095    0.00    0.00    0.00    0.00    0.00     2      0.00      0.00   11344    5448   0.02  bash
02:37:01 AM     0     81462    0.00    0.00    0.00    0.00    0.00     2      0.00      0.00       0       0   0.00  kworker/2:2-events
02:37:01 AM     0     81478    0.00    0.00    0.00    0.00    0.00     0      0.00      0.00       0       0   0.00  kworker/0:1H-kblockd
02:37:01 AM  1000     84840    0.00    0.00    0.00    0.00    0.00     3      0.00      0.00  240176   10088   0.03  gnome-keyring-d
02:37:01 AM   124     84900    0.00    0.00    0.00    0.00    0.00     1      0.00      0.00  156240    4584   0.01  dconf-service
02:37:01 AM     0     85427    0.00    0.00    0.00    0.00    0.00     0      0.00      0.00       0       0   0.00  kworker/0:2-events
02:37:01 AM     0     86310    0.00    0.00    0.00    0.00    0.00     2      0.00      0.00       0       0   0.00  kworker/u16:1-devfreq_wq
02:37:01 AM     0     86312    0.00    0.00    0.00    0.00    0.00     3      0.00      0.00   14768    7564   0.02  sshd
02:37:01 AM  1000     86356    0.00    0.00    0.00    0.00    0.00     3      0.00      0.00   15292    6380   0.02  sshd
02:37:01 AM  1000     86357    0.00    0.00    0.00    0.00    0.00     0      0.00      0.00   11344    5440   0.02  bash
02:37:01 AM     0     86549    0.00    0.00    0.00    0.00    0.00     2      0.00      0.00   14768    7664   0.02  sshd
02:37:01 AM  1000     86593    0.00    0.00    0.00    0.00    0.00     2      0.00      0.00   15292    6480   0.02  sshd
02:37:01 AM  1000     86594    0.00    0.00    0.00    0.00    0.00     1      0.00      0.00   11860    5896   0.02  bash
02:37:01 AM     0     86632    0.00    0.00    0.00    0.00    0.00     3      0.00      0.00       0       0   0.00  kworker/3:2
02:37:01 AM     0     86695    0.00    0.00    0.00    0.00    0.00     2      0.00      0.00   14768    7616   0.02  sshd
02:37:01 AM  1000     86739    0.00    3.00    0.00    1.00    3.00     3      0.00      0.00   16116    7520   0.02  sshd
02:37:01 AM  1000     86740    0.00    0.00    0.00    0.00    0.00     0      0.00      0.00   11344    5344   0.02  bash
02:37:01 AM  1000     86916    0.00    1.00    0.00    0.00    1.00     1      0.00      0.00  283948   42984   0.14  roslaunch
02:37:01 AM  1000     86924    0.00    0.00    0.00    0.00    0.00     2      0.00      0.00  797980   43972   0.14  rosmaster
02:37:01 AM  1000     86934    0.00    1.00    0.00    0.00    1.00     1      0.00      0.00  274964   10080   0.03  rosout
02:37:01 AM  1000     86944   76.00   88.00    0.00    4.00  164.00     1      0.00      0.00 34859196  742712   2.34  scale_truck_con
02:37:01 AM  1000     86945   31.00   76.00    0.00    0.00  107.00     1      0.00      0.00 1571432  116640   0.37  LRC
02:37:01 AM  1000     87010    0.00    0.00    0.00    0.00    0.00     1      0.00      0.00  724884  126676   0.40  python3
02:37:01 AM     0     87290    0.00    0.00    0.00    0.00    0.00     0      0.00      0.00   14768    7584   0.02  sshd
02:37:01 AM  1000     87334    0.00    0.00    0.00    0.00    0.00     0      0.00      0.00   15292    6412   0.02  sshd
02:37:01 AM  1000     87335    0.00    0.00    0.00    0.00    0.00     2      0.00      0.00   11344    5436   0.02  bash
02:37:01 AM     0     89981    0.00    0.00    0.00    0.00    0.00     1      0.00      0.00       0       0   0.00  kworker/1:1-pm
02:37:01 AM     0     95050    0.00    0.00    0.00    0.00    0.00     2      0.00      0.00       0       0   0.00  kworker/2:0-events
02:37:01 AM     0     96173    0.00    0.00    0.00    0.00    0.00     1      0.00      0.00       0       0   0.00  kworker/1:2-pm
02:37:01 AM     0     99494    0.00    1.00    0.00    0.00    1.00     1      0.00      0.00       0       0   0.00  kworker/u16:3-events_unbound
02:37:01 AM     0    101032    0.00    0.00    0.00    0.00    0.00     2      0.00      0.00       0       0   0.00  kworker/2:1H
02:37:01 AM     0    102096    0.00    0.00    0.00    0.00    0.00     0      0.00      0.00       0       0   0.00  kworker/0:2H
02:37:01 AM     0    103173    0.00    0.00    0.00    0.00    0.00     3      0.00      0.00       0       0   0.00  kworker/3:1H
02:37:01 AM     0    107801    0.00    0.00    0.00    0.00    0.00     1      0.00      0.00       0       0   0.00  kworker/1:2H
02:37:01 AM     0    109830    0.00    0.00    0.00    0.00    0.00     0      0.00      0.00       0       0   0.00  kworker/0:1-events
02:37:01 AM     0    111231    0.00    0.00    0.00    0.00    0.00     1      0.00      0.00       0       0   0.00  kworker/u16:0-events_unbound
02:37:01 AM     0    111939    0.00    0.00    0.00    0.00    0.00     1      0.00      0.00       0       0   0.00  kworker/1:4-events
02:37:01 AM     0    121074    0.00    0.00    0.00    0.00    0.00     0      0.00      0.00       0       0   0.00  kworker/0:0-events
02:37:01 AM     0    122883    0.00    1.00    0.00    1.00    1.00     2      0.00      0.00       0       0   0.00  kworker/u16:2-events_unbound
02:37:01 AM     0    123203    0.00    0.00    0.00    0.00    0.00     3      0.00      0.00       0       0   0.00  kworker/3:2H
02:37:01 AM     0    124025    0.00    0.00    0.00    0.00    0.00     2      0.00      0.00       0       0   0.00  kworker/2:0H
02:37:01 AM     0    128328    0.00    0.00    0.00    0.00    0.00     1      0.00      0.00       0       0   0.00  kworker/1:3
02:37:01 AM  1000    128619    0.00    0.00    0.00    0.00    0.00     0      0.00      0.00    9208    3220   0.01  bash
02:37:01 AM  1000    128966    2.00   14.00    0.00    2.00   16.00     3      0.00      0.00   17764   10516   0.03  pidstat

# Time        UID       PID    %usr %system  %guest   %wait    %CPU   CPU  minflt/s  majflt/s     VSZ     RSS   %MEM  Command
02:37:02 AM     0         1    0.00    0.00    0.00    0.00    0.00     2      0.00      0.00  169880   11540   0.04  systemd
02:37:02 AM     0         2    0.00    0.00    0.00    0.00    0.00     1      0.00      0.00       0       0   0.00  kthreadd
02:37:02 AM     0         3    0.00    0.00    0.00    0.00    0.00     0      0.00      0.00       0       0   0.00  rcu_gp
02:37:02 AM     0         4    0.00    0.00    0.00    0.00    0.00     0      0.00      0.00       0       0   0.00  rcu_par_gp
02:37:02 AM     0         8    0.00    0.00    0.00    0.00    0.00     0      0.00      0.00       0       0   0.00  mm_percpu_wq
02:37:02 AM     0         9    0.00    0.00    0.00    0.00    0.00     0      0.00      0.00       0       0   0.00  rcu_tasks_kthre
02:37:02 AM     0        10    0.00    0.00    0.00    0.00    0.00     0      0.00      0.00       0       0   0.00  rcu_tasks_rude_
02:37:02 AM     0        11    0.00    0.00    0.00    0.00    0.00     0      0.00      0.00       0       0   0.00  rcu_tasks_trace
02:37:02 AM     0        12    0.00    0.00    0.00    0.00    0.00     0      0.00      0.00       0       0   0.00  ksoftirqd/0
02:37:02 AM     0        13    0.00    0.00    0.00    0.00    0.00     2      0.00      0.00       0       0   0.00  rcu_preempt
02:37:02 AM     0        14    0.00    0.00    0.00    0.00    0.00     0      0.00      0.00       0       0   0.00  migration/0
02:37:02 AM     0        16    0.00    0.00    0.00    0.00    0.00     0      0.00      0.00       0       0   0.00  cpuhp/0
02:37:02 AM     0        17    0.00    0.00    0.00    0.00    0.00     1      0.00      0.00       0       0   0.00  cpuhp/1
02:37:02 AM     0        18    0.00    0.00    0.00    0.00    0.00     1      0.00      0.00       0       0   0.00  migration/1
02:37:02 AM     0        19    0.00    0.00    0.00    0.00    0.00     1      0.00      0.00       0       0   0.00  ksoftirqd/1
02:37:02 AM     0        22    0.00    0.00    0.00    0.00    0.00     2      0.00      0.00       0       0   0.00  cpuhp/2
02:37:02 AM     0        23    0.00    0.00    0.00    0.00    0.00     2      0.00      0.00       0       0   0.00  migration/2
02:37:02 AM     0        24    0.00    0.00    0.00    0.00    0.00     2      0.00      0.00       0       0   0.00  ksoftirqd/2
02:37:02 AM     0        27    0.00    0.00    0.00    0.00    0.00     3      0.00      0.00       0       0   0.00  cpuhp/3
02:37:02 AM     0        28    0.00    0.00    0.00    0.00    0.00     3      0.00      0.00       0       0   0.00  migration/3
02:37:02 AM     0        29    0.00    0.00    0.00    0.00    0.00     3      0.00      0.00       0       0   0.00  ksoftirqd/3
02:37:02 AM     0        32    0.00    0.00    0.00    0.00    0.00     4      0.00      0.00       0       0   0.00  cpuhp/4
02:37:02 AM     0        33    0.00    0.00    0.00    0.00    0.00     4      0.00      0.00       0       0   0.00  migration/4
02:37:02 AM     0        34    0.00    0.00    0.00    0.00    0.00     4      0.00      0.00       0       0   0.00  ksoftirqd/4
02:37:02 AM     0        36    0.00    0.00    0.00    0.00    0.00     4      0.00      0.00       0       0   0.00  kworker/4:0H-kblockd
02:37:02 AM     0        37    0.00    0.00    0.00    0.00    0.00     5      0.00      0.00       0       0   0.00  cpuhp/5
02:37:02 AM     0        38    0.00    0.00    0.00    0.00    0.00     5      0.00      0.00       0       0   0.00  migration/5
02:37:02 AM     0        39    0.00    0.00    0.00    0.00    0.00     5      0.00      0.00       0       0   0.00  ksoftirqd/5
02:37:02 AM     0        41    0.00    0.00    0.00    0.00    0.00     5      0.00      0.00       0       0   0.00  kworker/5:0H-kblockd
02:37:02 AM     0        42    0.00    0.00    0.00    0.00    0.00     6      0.00      0.00       0       0   0.00  cpuhp/6
02:37:02 AM     0        43    0.00    0.00    0.00    0.00    0.00     6      0.00      0.00       0       0   0.00  migration/6
02:37:02 AM     0        44    0.00    0.00    0.00    0.00    0.00     6      0.00      0.00       0       0   0.00  ksoftirqd/6
02:37:02 AM     0        46    0.00    0.00    0.00    0.00    0.00     6      0.00      0.00       0       0   0.00  kworker/6:0H-events_highpri
02:37:02 AM     0        47    0.00    0.00    0.00    0.00    0.00     7      0.00      0.00       0       0   0.00  cpuhp/7
02:37:02 AM     0        48    0.00    0.00    0.00    0.00    0.00     7      0.00      0.00       0       0   0.00  migration/7
02:37:02 AM     0        49    0.00    0.00    0.00    0.00    0.00     7      0.00      0.00       0       0   0.00  ksoftirqd/7
02:37:02 AM     0        50    0.00    0.00    0.00    0.00    0.00     0      0.00      0.00       0       0   0.00  kworker/7:0-rcu_gp
02:37:02 AM     0        51    0.00    0.00    0.00    0.00    0.00     7      0.00      0.00       0       0   0.00  kworker/7:0H-kblockd
02:37:02 AM     0        52    0.00    0.00    0.00    0.00    0.00     0      0.00      0.00       0       0   0.00  kdevtmpfs
02:37:02 AM     0        53    0.00    0.00    0.00    0.00    0.00     4      0.00      0.00       0       0   0.00  netns
02:37:02 AM     0        54    0.00    0.00    0.00    0.00    0.00     1      0.00      0.00       0       0   0.00  kauditd
02:37:02 AM     0        55    0.00    0.00    0.00    0.00    0.00     0      0.00      0.00       0       0   0.00  irq/87-mc_statu
02:37:02 AM     0        56    0.00    0.00    0.00    0.00    0.00     2      0.00      0.00       0       0   0.00  khungtaskd
02:37:02 AM     0        57    0.00    0.00    0.00    0.00    0.00     3      0.00      0.00       0       0   0.00  oom_reaper
02:37:02 AM     0        58    0.00    0.00    0.00    0.00    0.00     5      0.00      0.00       0       0   0.00  writeback
02:37:02 AM     0        59    0.00    0.00    0.00    0.00    0.00     3      0.00      0.00       0       0   0.00  kcompactd0
02:37:02 AM     0        60    0.00    0.00    0.00    0.00    0.00     1      0.00      0.00       0       0   0.00  ksmd
02:37:02 AM     0        61    0.00    0.00    0.00    0.00    0.00     3      0.00      0.00       0       0   0.00  khugepaged
02:37:02 AM     0        93    0.00    0.00    0.00    0.00    0.00     1      0.00      0.00       0       0   0.00  kintegrityd
02:37:02 AM     0        94    0.00    0.00    0.00    0.00    0.00     1      0.00      0.00       0       0   0.00  kblockd
02:37:02 AM     0        95    0.00    0.00    0.00    0.00    0.00     1      0.00      0.00       0       0   0.00  blkcg_punt_bio
02:37:02 AM     0        97    0.00    0.00    0.00    0.00    0.00     3      0.00      0.00       0       0   0.00  tpm_dev_wq
02:37:02 AM     0        98    0.00    0.00    0.00    0.00    0.00     0      0.00      0.00       0       0   0.00  irq/197-30c0000
02:37:02 AM     0        99    0.00    0.00    0.00    0.00    0.00     1      0.00      0.00       0       0   0.00  devfreq_wq
02:37:02 AM     0       100    0.00    0.00    0.00    0.00    0.00     1      0.00      0.00       0       0   0.00  watchdogd
02:37:02 AM     0       104    0.00    0.00    0.00    0.00    0.00     7      0.00      0.00       0       0   0.00  rpciod
02:37:02 AM     0       106    0.00    0.00    0.00    0.00    0.00     7      0.00      0.00       0       0   0.00  xprtiod
02:37:02 AM     0       108    0.00    0.00    0.00    0.00    0.00     7      0.00      0.00       0       0   0.00  kswapd0
02:37:02 AM     0       109    0.00    0.00    0.00    0.00    0.00     5      0.00      0.00       0       0   0.00  nfsiod
02:37:02 AM     0       112    0.00    0.00    0.00    0.00    0.00     1      0.00      0.00       0       0   0.00  kthrotld
02:37:02 AM     0       113    0.00    0.00    0.00    0.00    0.00     7      0.00      0.00       0       0   0.00  kpcitest
02:37:02 AM     0       116    0.00    0.00    0.00    0.00    0.00     5      0.00      0.00       0       0   0.00  kworker/5:1-events
02:37:02 AM     0       122    0.00    0.00    0.00    0.00    0.00     1      0.00      0.00       0       0   0.00  nvme-wq
02:37:02 AM     0       123    0.00    0.00    0.00    0.00    0.00     5      0.00      0.00       0       0   0.00  nvme-reset-wq
02:37:02 AM     0       124    0.00    0.00    0.00    0.00    0.00     6      0.00      0.00       0       0   0.00  nvme-delete-wq
02:37:02 AM     0       125    0.00    0.00    0.00    0.00    0.00     6      0.00      0.00       0       0   0.00  uas
02:37:02 AM     0       126    0.00    0.00    0.00    0.00    0.00     0      0.00      0.00       0       0   0.00  irq/222-tegra_r
02:37:02 AM     0       127    0.00    0.00    0.00    0.00    0.00     0      0.00      0.00       0       0   0.00  kworker/7:2-events
02:37:02 AM     0       129    0.00    0.00    0.00    0.00    0.00     0      0.00      0.00       0       0   0.00  irq/86-tegra-oc
02:37:02 AM     0       130    0.00    0.00    0.00    0.00    0.00     5      0.00      0.00       0       0   0.00  dm_bufio_cache
02:37:02 AM     0       131    0.00    0.00    0.00    0.00    0.00     0      0.00      0.00       0       0   0.00  irq/223-max7762
02:37:02 AM     0       140    0.00    0.00    0.00    0.00    0.00     0      0.00      0.00       0       0   0.00  irq/55-bc00000.
02:37:02 AM     0       143    0.00    0.00    0.00    0.00    0.00     0      0.00      0.00       0       0   0.00  ipv6_addrconf
02:37:02 AM     0       144    0.00    0.00    0.00    0.00    0.00     6      0.00      0.00       0       0   0.00  krfcommd
02:37:02 AM     0       145    0.00    0.00    0.00    0.00    0.00     0      0.00      0.00       0       0   0.00  kstrp
02:37:02 AM     0       150    0.00    0.00    0.00    0.00    0.00     0      0.00      0.00       0       0   0.00  irq/24-tegra-pc
02:37:02 AM     0       154    0.00    0.00    0.00    0.00    0.00     0      0.00      0.00       0       0   0.00  irq/26-tegra-pc
02:37:02 AM     0       160    0.00    0.00    0.00    0.00    0.00     0      0.00      0.00       0       0   0.00  irq/26-aerdrv
02:37:02 AM     0       161    0.00    0.00    0.00    0.00    0.00     0      0.00      0.00       0       0   0.00  irq/28-tegra-pc
02:37:02 AM     0       162    0.00    0.00    0.00    0.00    0.00     0      0.00      0.00       0       0   0.00  irq/28-aerdrv
02:37:02 AM     0       163    0.00    0.00    0.00    0.00    0.00     5      0.00      0.00       0       0   0.00  host_low_prio_w
02:37:02 AM     0       164    0.00    0.00    0.00    0.00    0.00     0      0.00      0.00       0       0   0.00  irq/57-host_syn
02:37:02 AM     0       165    0.00    0.00    0.00    0.00    0.00     0      0.00      0.00       0       0   0.00  irq/58-host_sta
02:37:02 AM     0       173    0.00    0.00    0.00    0.00    0.00     5      0.00      0.00       0       0   0.00  pva_task_status
02:37:02 AM     0       174    0.00    0.00    0.00    0.00    0.00     0      0.00      0.00       0       0   0.00  irq/75-pva-isr
02:37:02 AM     0       175    0.00    0.00    0.00    0.00    0.00     0      0.00      0.00       0       0   0.00  pva_task_status
02:37:02 AM     0       176    0.00    0.00    0.00    0.00    0.00     0      0.00      0.00       0       0   0.00  irq/76-pva-isr
02:37:02 AM     0       185    0.00    0.00    0.00    0.00    0.00     0      0.00      0.00       0       0   0.00  sdhci
02:37:02 AM     0       186    0.00    0.00    0.00    0.00    0.00     0      0.00      0.00       0       0   0.00  irq/39-mmc0
02:37:02 AM     0       187    0.00    0.00    0.00    0.00    0.00     2      0.00      0.00       0       0   0.00  sdhci
02:37:02 AM     0       189    0.00    0.00    0.00    0.00    0.00     0      0.00      0.00       0       0   0.00  irq/40-mmc1
02:37:02 AM     0       195    0.00    0.00    0.00    0.00    0.00     7      0.00      0.00       0       0   0.00  scsi_eh_0
02:37:02 AM     0       196    0.00    0.00    0.00    0.00    0.00     7      0.00      0.00       0       0   0.00  scsi_tmf_0
02:37:02 AM     0       197    0.00    0.00    0.00    0.00    0.00     0      0.00      0.00       0       0   0.00  kworker/5:2-events
02:37:02 AM     0       198    0.00    0.00    0.00    0.00    0.00     0      0.00      0.00       0       0   0.00  irq/67-15200000
02:37:02 AM     0       199    0.00    0.00    0.00    0.00    0.00     1      0.00      0.00       0       0   0.00  tegradc.0/a
02:37:02 AM     0       200    0.00    0.00    0.00    0.00    0.00     0      0.00      0.00       0       0   0.00  tegradc.0/b
02:37:02 AM     0       201    0.00    0.00    0.00    0.00    0.00     0      0.00      0.00       0       0   0.00  tegradc.0/c
02:37:02 AM     0       202    0.00    0.00    0.00    0.00    0.00     0      0.00      0.00       0       0   0.00  tegradc.0/d
02:37:02 AM     0       203    0.00    0.00    0.00    0.00    0.00     0      0.00      0.00       0       0   0.00  tegradc.0/e
02:37:02 AM     0       204    0.00    0.00    0.00    0.00    0.00     0      0.00      0.00       0       0   0.00  tegradc.0/f
02:37:02 AM     0       205    0.00    0.00    0.00    0.00    0.00     0      0.00      0.00       0       0   0.00  tegradc.0/sl
02:37:02 AM     0       206    0.00    0.00    0.00    0.00    0.00     0      0.00      0.00       0       0   0.00  irq/62-15200000
02:37:02 AM     0       207    0.00    0.00    0.00    0.00    0.00     0      0.00      0.00       0       0   0.00  irq/276-3400000
02:37:02 AM     0       208    0.00    0.00    0.00    0.00    0.00     0      0.00      0.00       0       0   0.00  ufs_eh_wq_0
02:37:02 AM     0       209    0.00    0.00    0.00    0.00    0.00     3      0.00      0.00       0       0   0.00  mmc_complete
02:37:02 AM     0       211    0.00    0.00    0.00    0.00    0.00     0      0.00      0.00       0       0   0.00  irq/278-1520000
02:37:02 AM     0       212    0.00    0.00    0.00    0.00    0.00     0      0.00      0.00       0       0   0.00  irq/203-3610000
02:37:02 AM     0       213    0.00    0.00    0.00    0.00    0.00     0      0.00      0.00       0       0   0.00  irq/221-3610000
02:37:02 AM     0       214    0.00    0.00    0.00    0.00    0.00     0      0.00      0.00       0       0   0.00  irq/30-tegra-pc
02:37:02 AM     0       216    0.00    0.00    0.00    0.00    0.00     0      0.00      0.00       0       0   0.00  kworker/4:3-events
02:37:02 AM     0       218    0.00    0.00    0.00    0.00    0.00     4      0.00      0.00       0       0   0.00  kworker/4:5-events
02:37:02 AM     0       221    0.00    0.00    0.00    0.00    0.00     0      0.00      0.00       0       0   0.00  kworker/6:12-events
02:37:02 AM     0       222    0.00    0.00    0.00    0.00    0.00     0      0.00      0.00       0       0   0.00  kworker/6:13-events
02:37:02 AM     0       225    0.00    0.00    0.00    0.00    0.00     0      0.00      0.00       0       0   0.00  irq/68-tegra_dp
02:37:02 AM     0       226    0.00    0.00    0.00    0.00    0.00     0      0.00      0.00       0       0   0.00  irq/65-15210000
02:37:02 AM     0       227    0.00    0.00    0.00    0.00    0.00     0      0.00      0.00       0       0   0.00  tegradc.1/a
02:37:02 AM     0       228    0.00    0.00    0.00    0.00    0.00     0      0.00      0.00       0       0   0.00  tegradc.1/b
02:37:02 AM     0       229    0.00    0.00    0.00    0.00    0.00     0      0.00      0.00       0       0   0.00  tegradc.1/c
02:37:02 AM     0       230    0.00    0.00    0.00    0.00    0.00     0      0.00      0.00       0       0   0.00  tegradc.1/d
02:37:02 AM     0       231    0.00    0.00    0.00    0.00    0.00     0      0.00      0.00       0       0   0.00  tegradc.1/e
02:37:02 AM     0       232    0.00    0.00    0.00    0.00    0.00     0      0.00      0.00       0       0   0.00  tegradc.1/f
02:37:02 AM     0       233    0.00    0.00    0.00    0.00    0.00     1      0.00      0.00       0       0   0.00  tegradc.1/sl
02:37:02 AM     0       234    0.00    0.00    0.00    0.00    0.00     0      0.00      0.00       0       0   0.00  irq/63-15210000
02:37:02 AM     0       249    0.00    0.00    0.00    0.00    0.00     0      0.00      0.00       0       0   0.00  irq/56-d230000.
02:37:02 AM     0       250    0.00    0.00    0.00    0.00    0.00     0      0.00      0.00       0       0   0.00  irq/69-tegra_dp
02:37:02 AM     0       251    0.00    0.00    0.00    0.00    0.00     0      0.00      0.00       0       0   0.00  irq/66-15220000
02:37:02 AM     0       252    0.00    0.00    0.00    0.00    0.00     0      0.00      0.00       0       0   0.00  tegradc.2/a
02:37:02 AM     0       253    0.00    0.00    0.00    0.00    0.00     0      0.00      0.00       0       0   0.00  tegradc.2/b
02:37:02 AM     0       254    0.00    0.00    0.00    0.00    0.00     0      0.00      0.00       0       0   0.00  tegradc.2/c
02:37:02 AM     0       255    0.00    0.00    0.00    0.00    0.00     0      0.00      0.00       0       0   0.00  tegradc.2/d
02:37:02 AM     0       256    0.00    0.00    0.00    0.00    0.00     0      0.00      0.00       0       0   0.00  tegradc.2/e
02:37:02 AM     0       257    0.00    0.00    0.00    0.00    0.00     0      0.00      0.00       0       0   0.00  tegradc.2/f
02:37:02 AM     0       258    0.00    0.00    0.00    0.00    0.00     0      0.00      0.00       0       0   0.00  tegradc.2/sl
02:37:02 AM     0       259    0.00    0.00    0.00    0.00    0.00     0      0.00      0.00       0       0   0.00  irq/64-15220000
02:37:02 AM     0       275    0.00    0.00    0.00    0.00    0.00     0      0.00      0.00       0       0   0.00  jbd2/mmcblk0p1-
02:37:02 AM     0       276    0.00    0.00    0.00    0.00    0.00     3      0.00      0.00       0       0   0.00  ext4-rsv-conver
02:37:02 AM     0       280    0.00    0.00    0.00    0.00    0.00     7      0.00      0.00       0       0   0.00  kworker/7:1H
02:37:02 AM     0       286    0.00    0.00    0.00    0.00    0.00     5      0.00      0.00       0       0   0.00  kworker/5:1H-kblockd
02:37:02 AM     0       312    0.00    0.00    0.00    0.00    0.00     2      0.00      0.00   61816   31668   0.10  systemd-journal
02:37:02 AM     0       338    0.00    5.00    0.00   12.00    5.00     2      0.00      0.00       0       0   0.00  nvmap-bz
02:37:02 AM     0       339    0.00    0.00    0.00    0.00    0.00     0      0.00      0.00       0       0   0.00  irq/204-gk20a_s
02:37:02 AM     0       340    0.00    0.00    0.00    0.00    0.00     0      0.00      0.00       0       0   0.00  irq/205-gk20a_n
02:37:02 AM     0       345    0.00    0.00    0.00    0.00    0.00     3      0.00      0.00    2776    1492   0.00  tee-supplicant
02:37:02 AM     0       347    0.00    0.00    0.00    0.00    0.00     3      0.00      0.00       0       0   0.00  optee_bus_scan
02:37:02 AM     0       358    0.00    0.00    0.00    0.00    0.00     3      0.00      0.00   22788    7532   0.02  systemd-udevd
02:37:02 AM     0       364    0.00    0.00    0.00    0.00    0.00     1      0.00      0.00    7948    4892   0.02  haveged
02:37:02 AM   126       365    0.00    0.00    0.00    0.00    0.00     3      0.00      0.00    7136    3108   0.01  rpcbind
02:37:02 AM   105       366    0.00    0.00    0.00    0.00    0.00     0      0.00      0.00   25592   13288   0.04  systemd-resolve
02:37:02 AM   103       367    0.00    0.00    0.00    0.00    0.00     1      0.00      0.00   90672    6220   0.02  systemd-timesyn
02:37:02 AM     0       407    0.00    0.00    0.00    0.00    0.00     5      0.00      0.00       0       0   0.00  cfg80211
02:37:02 AM     0       410    0.00    0.00    0.00    0.00    0.00     0      0.00      0.00       0       0   0.00  irq/42-3210000.
02:37:02 AM     0       412    0.00    0.00    0.00    0.00    0.00     2      0.00      0.00       0       0   0.00  spi0
02:37:02 AM     0       413    0.00   15.00    0.00    0.00   15.00     1      0.00      0.00       0       0   0.00  irq/282-iwlwifi
02:37:02 AM     0       416    0.00    0.00    0.00    0.00    0.00     4      0.00      0.00       0       0   0.00  ata_sff
02:37:02 AM     0       419    0.00    0.00    0.00    0.00    0.00     0      0.00      0.00       0       0   0.00  irq/43-c260000.
02:37:02 AM     0       420    0.00    0.00    0.00    0.00    0.00     6      0.00      0.00       0       0   0.00  scsi_eh_1
02:37:02 AM     0       422    0.00    0.00    0.00    0.00    0.00     6      0.00      0.00       0       0   0.00  scsi_tmf_1
02:37:02 AM     0       427    0.00    0.00    0.00    0.00    0.00     0      0.00      0.00       0       0   0.00  spi1
02:37:02 AM     0       430    0.00    0.00    0.00    0.00    0.00     3      0.00      0.00  242072    8880   0.03  accounts-daemon
02:37:02 AM   120       439    0.00    0.00    0.00    0.00    0.00     0      0.00      0.00    7084    3472   0.01  avahi-daemon
02:37:02 AM     0       441    0.00    0.00    0.00    0.00    0.00     2      0.00      0.00    9220    2516   0.01  cron
02:37:02 AM   106       443    0.00    0.00    0.00    0.00    0.00     1      0.00      0.00    9396    5264   0.02  dbus-daemon
02:37:02 AM     0       447    0.00    0.00    0.00    0.00    0.00     1      0.00      0.00  341244   20856   0.07  NetworkManager
02:37:02 AM     0       456    0.00    0.00    0.00    0.00    0.00     4      0.00      0.00   38300   19472   0.06  networkd-dispat
02:37:02 AM     0       473    0.00    0.00    0.00    0.00    0.00     2      0.00      0.00  238860   13352   0.04  polkitd
02:37:02 AM   125       483    0.00    0.00    0.00    0.00    0.00     2      0.00      0.00  220940    8288   0.03  rsyslogd
02:37:02 AM     0       503    0.00    0.00    0.00    0.00    0.00     2      0.00      0.00  235864    4364   0.01  switcheroo-cont
02:37:02 AM     0       514    0.00    0.00    0.00    0.00    0.00     0      0.00      0.00   17076    6760   0.02  systemd-logind
02:37:02 AM     0       523    0.00    0.00    0.00    0.00    0.00     2      0.00      0.00  395556   15676   0.05  udisksd
02:37:02 AM     0       528    0.00    0.00    0.00    0.00    0.00     3      0.00      0.00   12784    8052   0.03  wpa_supplicant
02:37:02 AM     0       548    0.00    0.00    0.00    0.00    0.00     0      0.00      0.00       0       0   0.00  sugov:0
02:37:02 AM   120       555    0.00    0.00    0.00    0.00    0.00     2      0.00      0.00    6896     324   0.00  avahi-daemon
02:37:02 AM     0       585    0.00    0.00    0.00    0.00    0.00     5      0.00      0.00       0       0   0.00  tmp451
02:37:02 AM     0       597    0.00    0.00    0.00    0.00    0.00     3      0.00      0.00       0       0   0.00  irq/286-1-0008
02:37:02 AM     0       600    0.00    0.00    0.00    0.00    0.00     2      0.00      0.00  321792   14480   0.05  ModemManager
02:37:02 AM     0       653    0.00    0.00    0.00    0.00    0.00     0      0.00      0.00    2476     604   0.00  nvfancontrol
02:37:02 AM     0       728    0.00    0.00    0.00    0.00    0.00     4      0.00      0.00       0       0   0.00  adspp_kthread
02:37:02 AM     0       779    0.00    0.00    0.00    0.00    0.00     6      0.00      0.00       0       0   0.00  kworker/6:2H-kblockd
02:37:02 AM     0       876    0.00    0.00    0.00    0.00    0.00     1      0.00      0.00       0       0   0.00  irq/289-2490000
02:37:02 AM     0       887    0.00    0.00    0.00    0.00    0.00     0      0.00      0.00       0       0   0.00  irq/32-eth0.com
02:37:02 AM     0       919    0.00    0.00    0.00    0.00    0.00     4      0.00      0.00       0       0   0.00  file-storage
02:37:02 AM     0       953    0.00    0.00    0.00    0.00    0.00     1      0.00      0.00       0       0   0.00  loop0
02:37:02 AM     0      1048    0.00    0.00    0.00    0.00    0.00     4      0.00      0.00       0       0   0.00  kworker/4:2H-kblockd
02:37:02 AM     0      1091    0.00    0.00    0.00    0.00    0.00     3      0.00      0.00       0       0   0.00  cryptd
02:37:02 AM     0      1147    0.00    0.00    0.00    0.00    0.00     2      0.00      0.00       0       0   0.00  sw-quiesce
02:37:02 AM     0      1148    0.00    0.00    0.00    0.00    0.00     0      0.00      0.00       0       0   0.00  nvgpu_channel_p
02:37:02 AM     0      1151    0.00    0.00    0.00    0.00    0.00     0      0.00      0.00       0       0   0.00  nvgpu_nvs_gv11b
02:37:02 AM     0      1153    0.00    0.00    0.00    0.00    0.00     0      0.00      0.00       0       0   0.00  nvgpu_pg_init_g
02:37:02 AM     0      1157    0.00    0.00    0.00    0.00    0.00     2      0.00      0.00       0       0   0.00  nvgpu_clk_arb_p
02:37:02 AM     0      1162    0.00    0.00    0.00    0.00    0.00     3      0.00      0.00       0       0   0.00  irq/288-rt5659
02:37:02 AM     0      1270    0.00    0.00    0.00    0.00    0.00     3      0.00      0.00   55688   11092   0.03  nvargus-daemon
02:37:02 AM     0      1273    0.00    0.00    0.00    0.00    0.00     3      0.00      0.00   21932    1552   0.00  nvs-service
02:37:02 AM     0      1298    0.00    0.00    0.00    0.00    0.00     1      0.00      0.00 2007972   50360   0.16  containerd
02:37:02 AM     0      1314    0.00    0.00    0.00    0.00    0.00     0      0.00      0.00  240032    7616   0.02  gdm3
02:37:02 AM   108      1326    0.00    0.00    0.00    0.00    0.00     3      0.00      0.00   11468    1896   0.01  kerneloops
02:37:02 AM     0      1327    0.00    0.00    0.00    0.00    0.00     1      0.00      0.00   12236    6576   0.02  sshd
02:37:02 AM     0      1336    0.00    0.00    0.00    0.00    0.00     0      0.00      0.00    7688    1876   0.01  agetty
02:37:02 AM     0      1337    0.00    0.00    0.00    0.00    0.00     2      0.00      0.00    7688    1904   0.01  agetty
02:37:02 AM   108      1339    0.00    0.00    0.00    0.00    0.00     1      0.00      0.00   11468    1820   0.01  kerneloops
02:37:02 AM     0      1340    0.00    0.00    0.00    0.00    0.00     3      0.00      0.00    9216    2824   0.01  nvgetty.sh
02:37:02 AM     0      1379    0.00    0.00    0.00    0.00    0.00     0      0.00      0.00    7688    1848   0.01  getty
02:37:02 AM     0      1554    0.00    0.00    0.00    0.00    0.00     2      0.00      0.00 2111796   85472   0.27  dockerd
02:37:02 AM     0      1677    0.00    0.00    0.00    0.00    0.00     2      0.00      0.00  168472    8256   0.03  gdm-session-wor
02:37:02 AM     0      1711    0.00    0.00    0.00    0.00    0.00     0      0.00      0.00    3248     808   0.00  nvphsd
02:37:02 AM     0      1716    0.00    0.00    0.00    0.00    0.00     3      0.00      0.00    3380    1788   0.01  nvphsd
02:37:02 AM   124      1789    0.00    0.00    0.00    0.00    0.00     3      0.00      0.00   19144    9224   0.03  systemd
02:37:02 AM   124      1804    0.00    0.00    0.00    0.00    0.00     3      0.00      0.00  104488    5436   0.02  (sd-pam)
02:37:02 AM   124      2014    0.00    0.00    0.00    0.00    0.00     2      0.00      0.00  961884   21984   0.07  pulseaudio
02:37:02 AM   124      2032    0.00    0.00    0.00    0.00    0.00     2      0.00      0.00  164156    5924   0.02  gdm-x-session
02:37:02 AM   124      2037    0.00    0.00    0.00    0.00    0.00     1      0.00      0.00 25330232   99256   0.31  Xorg
02:37:02 AM   118      2040    0.00    0.00    0.00    0.00    0.00     1      0.00      0.00  152516    2440   0.01  rtkit-daemon
02:37:02 AM   124      2162    0.00    0.00    0.00    0.00    0.00     2      0.00      0.00    7812    3448   0.01  dbus-daemon
02:37:02 AM   124      2428    0.00    0.00    0.00    0.00    0.00     0      0.00      0.00    4776    1164   0.00  dbus-run-sessio
02:37:02 AM   124      2429    0.00    0.00    0.00    0.00    0.00     2      0.00      0.00    8088    4104   0.01  dbus-daemon
02:37:02 AM   124      2438    0.00    0.00    0.00    0.00    0.00     3      0.00      0.00  559768   14932   0.05  gnome-session-b
02:37:02 AM     0      2457    0.00    0.00    0.00    0.00    0.00     2      0.00      0.00  101692   19628   0.06  jtop
02:37:02 AM   124      2463    0.00    0.00    0.00    0.00    0.00     3      0.00      0.00  309548   10092   0.03  at-spi-bus-laun
02:37:02 AM   124      2470    0.00    0.00    0.00    0.00    0.00     1      0.00      0.00    7676    3468   0.01  dbus-daemon
02:37:02 AM   124      2495    0.00    0.00    0.00    0.00    0.00     1      0.00      0.00 4022996  194924   0.61  gnome-shell
02:37:02 AM     0      2510    0.00    0.00    0.00    0.00    0.00     3      0.00      0.00  175424   16904   0.05  jtop
02:37:02 AM     0      2518    0.00    0.00    0.00    0.00    0.00     2      0.00      0.00  101692   17160   0.05  jtop
02:37:02 AM   124      2696    0.00    0.00    0.00    0.00    0.00     0      0.00      0.00  314420   11212   0.04  ibus-daemon
02:37:02 AM   124      2699    0.00    0.00    0.00    0.00    0.00     2      0.00      0.00  239960   11792   0.04  ibus-dconf
02:37:02 AM   124      2701    0.00    0.00    0.00    0.00    0.00     2      0.00      0.00  189920   16900   0.05  ibus-x11
02:37:02 AM   124      2704    0.00    0.00    0.00    0.00    0.00     3      0.00      0.00  239880    7776   0.02  ibus-portal
02:37:02 AM   124      2715    0.00    0.00    0.00    0.00    0.00     1      0.00      0.00  161420    6880   0.02  at-spi2-registr
02:37:02 AM   124      2719    0.00    0.00    0.00    0.00    0.00     3      0.00      0.00  235804    4672   0.01  xdg-permission-
02:37:02 AM     0      2725    0.00    0.00    0.00    0.00    0.00     2      0.00      0.00  252944    8776   0.03  upowerd
02:37:02 AM   124      2745    0.00    0.00    0.00    0.00    0.00     2      0.00      0.00 3001620   27244   0.09  gjs
02:37:02 AM   124      2764    0.00    0.00    0.00    0.00    0.00     1      0.00      0.00  469396   14236   0.04  gsd-sharing
02:37:02 AM   124      2765    0.00    0.00    0.00    0.00    0.00     1      0.00      0.00  334628   15072   0.05  gsd-wacom
02:37:02 AM   124      2768    0.00    0.00    0.00    0.00    0.00     3      0.00      0.00  571788   19844   0.06  gsd-color
02:37:02 AM   124      2772    0.00    0.00    0.00    0.00    0.00     2      0.00      0.00  338096   17824   0.06  gsd-keyboard
02:37:02 AM   124      2774    0.00    0.00    0.00    0.00    0.00     2      0.00      0.00  322508   11376   0.04  gsd-print-notif
02:37:02 AM   124      2779    0.00    0.00    0.00    0.00    0.00     3      0.00      0.00  166208    7736   0.02  ibus-engine-sim
02:37:02 AM   124      2780    0.00    0.00    0.00    0.00    0.00     1      0.00      0.00  457460    7996   0.03  gsd-rfkill
02:37:02 AM   124      2782    0.00    0.00    0.00    0.00    0.00     1      0.00      0.00  391976    9696   0.03  gsd-smartcard
02:37:02 AM   124      2784    0.00    0.00    0.00    0.00    0.00     2      0.00      0.00  374928   15372   0.05  gsd-datetime
02:37:02 AM   124      2790    0.00    0.00    0.00    0.00    0.00     2      0.00      0.00  679696   20032   0.06  gsd-media-keys
02:37:02 AM   124      2791    0.00    0.00    0.00    0.00    0.00     3      0.00      0.00  235772    5600   0.02  gsd-screensaver
02:37:02 AM   124      2793    0.00    0.00    0.00    0.00    0.00     3      0.00      0.00  320104    9452   0.03  gsd-sound
02:37:02 AM   124      2795    0.00    0.00    0.00    0.00    0.00     3      0.00      0.00  313652   10144   0.03  gsd-a11y-settin
02:37:02 AM   124      2799    0.00    0.00    0.00    0.00    0.00     2      0.00      0.00  313992   10524   0.03  gsd-housekeepin
02:37:02 AM   124      2802    0.00    0.00    0.00    0.00    0.00     0      0.00      0.00  339724   18828   0.06  gsd-power
02:37:02 AM   124      2824    0.00    0.00    0.00    0.00    0.00     2      0.00      0.00  342540   12784   0.04  gsd-printer
02:37:02 AM   119      2837    0.00    0.00    0.00    0.00    0.00     2      0.00      0.00  249328   17548   0.06  colord
02:37:02 AM     0     29120    0.00    0.00    0.00    0.00    0.00     3      0.00      0.00       0       0   0.00  kworker/u17:2
02:37:02 AM     0     33852    0.00    0.00    0.00    0.00    0.00     1      0.00      0.00       0       0   0.00  kworker/1:0H-kblockd
02:37:02 AM     0     35048    0.00    0.00    0.00    0.00    0.00     0      0.00      0.00       0       0   0.00  kworker/u17:0-thermal_fan_est
02:37:02 AM  1000     39960    0.00    0.00    0.00    0.00    0.00     2      0.00      0.00   19248    9208   0.03  systemd
02:37:02 AM  1000     39961    0.00    0.00    0.00    0.00    0.00     2      0.00      0.00  170940    6304   0.02  (sd-pam)
02:37:02 AM  1000     40037    0.00    0.00    0.00    0.00    0.00     3      0.00      0.00    7812    3952   0.01  dbus-daemon
02:37:02 AM     0     40147    0.00    0.00    0.00    0.00    0.00     1      0.00      0.00       0       0   0.00  kworker/1:0-events
02:37:02 AM     0     40174    0.00    0.00    0.00    0.00    0.00     2      0.00      0.00       0       0   0.00  kworker/2:2H-kblockd
02:37:02 AM     0     40194    0.00    0.00    0.00    0.00    0.00     3      0.00      0.00       0       0   0.00  kworker/3:0H-kblockd
02:37:02 AM     0     41650    0.00    0.00    0.00    0.00    0.00     3      0.00      0.00       0       0   0.00  kworker/3:0-mm_percpu_wq
02:37:02 AM     0     43913    0.00    0.00    0.00    0.00    0.00     2      0.00      0.00   14768    7560   0.02  sshd
02:37:02 AM  1000     43958    0.00    0.00    0.00    0.00    0.00     0      0.00      0.00   15292    6400   0.02  sshd
02:37:02 AM  1000     43959    0.00    0.00    0.00    0.00    0.00     1      0.00      0.00   11344    5444   0.02  bash
02:37:02 AM     0     50050    0.00    0.00    0.00    0.00    0.00     2      0.00      0.00   14768    7572   0.02  sshd
02:37:02 AM  1000     50094    0.00    0.00    0.00    0.00    0.00     3      0.00      0.00   15292    6428   0.02  sshd
02:37:02 AM  1000     50095    0.00    0.00    0.00    0.00    0.00     2      0.00      0.00   11344    5448   0.02  bash
02:37:02 AM     0     81462    0.00    0.00    0.00    0.00    0.00     2      0.00      0.00       0       0   0.00  kworker/2:2-events
02:37:02 AM     0     81478    0.00    0.00    0.00    0.00    0.00     0      0.00      0.00       0       0   0.00  kworker/0:1H-kblockd
02:37:02 AM  1000     84840    0.00    0.00    0.00    0.00    0.00     3      0.00      0.00  240176   10088   0.03  gnome-keyring-d
02:37:02 AM   124     84900    0.00    0.00    0.00    0.00    0.00     1      0.00      0.00  156240    4584   0.01  dconf-service
02:37:02 AM     0     85427    0.00    0.00    0.00    0.00    0.00     0      0.00      0.00       0       0   0.00  kworker/0:2-events
02:37:02 AM     0     86310    0.00    0.00    0.00    0.00    0.00     2      0.00      0.00       0       0   0.00  kworker/u16:1-devfreq_wq
02:37:02 AM     0     86312    0.00    0.00    0.00    0.00    0.00     3      0.00      0.00   14768    7564   0.02  sshd
02:37:02 AM  1000     86356    0.00    0.00    0.00    0.00    0.00     3      0.00      0.00   15292    6380   0.02  sshd
02:37:02 AM  1000     86357    0.00    0.00    0.00    0.00    0.00     0      0.00      0.00   11344    5440   0.02  bash
02:37:02 AM     0     86549    0.00    0.00    0.00    0.00    0.00     2      0.00      0.00   14768    7664   0.02  sshd
02:37:02 AM  1000     86593    0.00    0.00    0.00    0.00    0.00     2      0.00      0.00   15292    6480   0.02  sshd
02:37:02 AM  1000     86594    0.00    0.00    0.00    0.00    0.00     1      0.00      0.00   11860    5896   0.02  bash
02:37:02 AM     0     86632    0.00    0.00    0.00    0.00    0.00     3      0.00      0.00       0       0   0.00  kworker/3:2
02:37:02 AM     0     86695    0.00    0.00    0.00    0.00    0.00     2      0.00      0.00   14768    7616   0.02  sshd
02:37:02 AM  1000     86739    1.00    3.00    0.00    1.00    4.00     0      0.00      0.00   16116    7520   0.02  sshd
02:37:02 AM  1000     86740    0.00    0.00    0.00    0.00    0.00     0      0.00      0.00   11344    5344   0.02  bash
02:37:02 AM  1000     86916    1.00    0.00    0.00    0.00    1.00     0      0.00      0.00  283948   42984   0.14  roslaunch
02:37:02 AM  1000     86924    0.00    0.00    0.00    0.00    0.00     2      0.00      0.00  797980   43972   0.14  rosmaster
02:37:02 AM  1000     86934    0.00    0.00    0.00    0.00    0.00     2      0.00      0.00  274964   10080   0.03  rosout
02:37:02 AM  1000     86944   84.00   77.00    0.00   17.00  161.00     1      0.00      0.00 34859196  736568   2.32  scale_truck_con
02:37:02 AM  1000     86945   34.00   76.00    0.00    0.00  110.00     1      0.00      0.00 1571432  116640   0.37  LRC
02:37:02 AM  1000     87010    1.00    0.00    0.00    0.00    1.00     1      0.00      0.00  724884  126676   0.40  python3
02:37:02 AM     0     87290    0.00    0.00    0.00    0.00    0.00     0      0.00      0.00   14768    7584   0.02  sshd
02:37:02 AM  1000     87334    0.00    0.00    0.00    0.00    0.00     0      0.00      0.00   15292    6412   0.02  sshd
02:37:02 AM  1000     87335    0.00    0.00    0.00    0.00    0.00     2      0.00      0.00   11344    5436   0.02  bash
02:37:02 AM     0     89981    0.00    0.00    0.00    0.00    0.00     1      0.00      0.00       0       0   0.00  kworker/1:1-pm
02:37:02 AM     0     95050    0.00    0.00    0.00    0.00    0.00     2      0.00      0.00       0       0   0.00  kworker/2:0-events
02:37:02 AM     0     96173    0.00    0.00    0.00    0.00    0.00     1      0.00      0.00       0       0   0.00  kworker/1:2-pm
02:37:02 AM     0     99494    0.00    0.00    0.00    0.00    0.00     1      0.00      0.00       0       0   0.00  kworker/u16:3-events_unbound
02:37:02 AM     0    101032    0.00    0.00    0.00    0.00    0.00     2      0.00      0.00       0       0   0.00  kworker/2:1H
02:37:02 AM     0    102096    0.00    0.00    0.00    0.00    0.00     0      0.00      0.00       0       0   0.00  kworker/0:2H
02:37:02 AM     0    103173    0.00    0.00    0.00    0.00    0.00     3      0.00      0.00       0       0   0.00  kworker/3:1H
02:37:02 AM     0    107801    0.00    0.00    0.00    0.00    0.00     1      0.00      0.00       0       0   0.00  kworker/1:2H
02:37:02 AM     0    109830    0.00    0.00    0.00    0.00    0.00     0      0.00      0.00       0       0   0.00  kworker/0:1-events
02:37:02 AM     0    111231    0.00    0.00    0.00    0.00    0.00     1      0.00      0.00       0       0   0.00  kworker/u16:0-events_unbound
02:37:02 AM     0    111939    0.00    0.00    0.00    0.00    0.00     1      0.00      0.00       0       0   0.00  kworker/1:4-events
02:37:02 AM     0    121074    0.00    0.00    0.00    0.00    0.00     0      0.00      0.00       0       0   0.00  kworker/0:0-events
02:37:02 AM     0    122883    0.00    1.00    0.00    0.00    1.00     0      0.00      0.00       0       0   0.00  kworker/u16:2-events_unbound
02:37:02 AM     0    123203    0.00    0.00    0.00    0.00    0.00     3      0.00      0.00       0       0   0.00  kworker/3:2H
02:37:02 AM     0    124025    0.00    0.00    0.00    0.00    0.00     2      0.00      0.00       0       0   0.00  kworker/2:0H
02:37:02 AM     0    128328    0.00    0.00    0.00    0.00    0.00     1      0.00      0.00       0       0   0.00  kworker/1:3
02:37:02 AM  1000    128619    0.00    0.00    0.00    0.00    0.00     0      0.00      0.00    9208    3220   0.01  bash
02:37:02 AM  1000    128966    5.00   11.00    0.00    6.00   16.00     2      0.00      0.00   17764   10516   0.03  pidstat
