Linux 5.10.216-tegra (ubuntu) 	08/06/2026 	_aarch64_	(8 CPU)

# Time        UID       PID    %usr %system  %guest   %wait    %CPU   CPU  minflt/s  majflt/s     VSZ     RSS   %MEM  Command
02:48:08 AM     0         1    0.00    0.00    0.00    0.00    0.00     1      0.00      0.00  169880   11540   0.04  systemd
02:48:08 AM     0         2    0.00    0.00    0.00    0.00    0.00     1      0.00      0.00       0       0   0.00  kthreadd
02:48:08 AM     0         3    0.00    0.00    0.00    0.00    0.00     0      0.00      0.00       0       0   0.00  rcu_gp
02:48:08 AM     0         4    0.00    0.00    0.00    0.00    0.00     0      0.00      0.00       0       0   0.00  rcu_par_gp
02:48:08 AM     0         8    0.00    0.00    0.00    0.00    0.00     0      0.00      0.00       0       0   0.00  mm_percpu_wq
02:48:08 AM     0         9    0.00    0.00    0.00    0.00    0.00     0      0.00      0.00       0       0   0.00  rcu_tasks_kthre
02:48:08 AM     0        10    0.00    0.00    0.00    0.00    0.00     0      0.00      0.00       0       0   0.00  rcu_tasks_rude_
02:48:08 AM     0        11    0.00    0.00    0.00    0.00    0.00     0      0.00      0.00       0       0   0.00  rcu_tasks_trace
02:48:08 AM     0        12    0.00    0.00    0.00    0.00    0.00     0      0.00      0.00       0       0   0.00  ksoftirqd/0
02:48:08 AM     0        13    0.00    0.00    0.00    0.00    0.00     2      0.00      0.00       0       0   0.00  rcu_preempt
02:48:08 AM     0        14    0.00    0.00    0.00    0.00    0.00     0      0.00      0.00       0       0   0.00  migration/0
02:48:08 AM     0        16    0.00    0.00    0.00    0.00    0.00     0      0.00      0.00       0       0   0.00  cpuhp/0
02:48:08 AM     0        17    0.00    0.00    0.00    0.00    0.00     1      0.00      0.00       0       0   0.00  cpuhp/1
02:48:08 AM     0        18    0.00    0.00    0.00    0.00    0.00     1      0.00      0.00       0       0   0.00  migration/1
02:48:08 AM     0        19    0.00    0.00    0.00    0.00    0.00     1      0.00      0.00       0       0   0.00  ksoftirqd/1
02:48:08 AM     0        22    0.00    0.00    0.00    0.00    0.00     2      0.00      0.00       0       0   0.00  cpuhp/2
02:48:08 AM     0        23    0.00    0.00    0.00    0.00    0.00     2      0.00      0.00       0       0   0.00  migration/2
02:48:08 AM     0        24    0.00    0.00    0.00    0.00    0.00     2      0.00      0.00       0       0   0.00  ksoftirqd/2
02:48:08 AM     0        27    0.00    0.00    0.00    0.00    0.00     3      0.00      0.00       0       0   0.00  cpuhp/3
02:48:08 AM     0        28    0.00    0.00    0.00    0.00    0.00     3      0.00      0.00       0       0   0.00  migration/3
02:48:08 AM     0        29    0.00    0.00    0.00    0.00    0.00     3      0.00      0.00       0       0   0.00  ksoftirqd/3
02:48:08 AM     0        32    0.00    0.00    0.00    0.00    0.00     4      0.00      0.00       0       0   0.00  cpuhp/4
02:48:08 AM     0        33    0.00    0.00    0.00    0.00    0.00     4      0.00      0.00       0       0   0.00  migration/4
02:48:08 AM     0        34    0.00    0.00    0.00    0.00    0.00     4      0.00      0.00       0       0   0.00  ksoftirqd/4
02:48:08 AM     0        36    0.00    0.00    0.00    0.00    0.00     4      0.00      0.00       0       0   0.00  kworker/4:0H-kblockd
02:48:08 AM     0        37    0.00    0.00    0.00    0.00    0.00     5      0.00      0.00       0       0   0.00  cpuhp/5
02:48:08 AM     0        38    0.00    0.00    0.00    0.00    0.00     5      0.00      0.00       0       0   0.00  migration/5
02:48:08 AM     0        39    0.00    0.00    0.00    0.00    0.00     5      0.00      0.00       0       0   0.00  ksoftirqd/5
02:48:08 AM     0        41    0.00    0.00    0.00    0.00    0.00     5      0.00      0.00       0       0   0.00  kworker/5:0H-kblockd
02:48:08 AM     0        42    0.00    0.00    0.00    0.00    0.00     6      0.00      0.00       0       0   0.00  cpuhp/6
02:48:08 AM     0        43    0.00    0.00    0.00    0.00    0.00     6      0.00      0.00       0       0   0.00  migration/6
02:48:08 AM     0        44    0.00    0.00    0.00    0.00    0.00     6      0.00      0.00       0       0   0.00  ksoftirqd/6
02:48:08 AM     0        46    0.00    0.00    0.00    0.00    0.00     6      0.00      0.00       0       0   0.00  kworker/6:0H-events_highpri
02:48:08 AM     0        47    0.00    0.00    0.00    0.00    0.00     7      0.00      0.00       0       0   0.00  cpuhp/7
02:48:08 AM     0        48    0.00    0.00    0.00    0.00    0.00     7      0.00      0.00       0       0   0.00  migration/7
02:48:08 AM     0        49    0.00    0.00    0.00    0.00    0.00     7      0.00      0.00       0       0   0.00  ksoftirqd/7
02:48:08 AM     0        50    0.00    0.00    0.00    0.00    0.00     0      0.00      0.00       0       0   0.00  kworker/7:0-rcu_gp
02:48:08 AM     0        51    0.00    0.00    0.00    0.00    0.00     7      0.00      0.00       0       0   0.00  kworker/7:0H-kblockd
02:48:08 AM     0        52    0.00    0.00    0.00    0.00    0.00     0      0.00      0.00       0       0   0.00  kdevtmpfs
02:48:08 AM     0        53    0.00    0.00    0.00    0.00    0.00     4      0.00      0.00       0       0   0.00  netns
02:48:08 AM     0        54    0.00    0.00    0.00    0.00    0.00     1      0.00      0.00       0       0   0.00  kauditd
02:48:08 AM     0        55    0.00    0.00    0.00    0.00    0.00     0      0.00      0.00       0       0   0.00  irq/87-mc_statu
02:48:08 AM     0        56    0.00    0.00    0.00    0.00    0.00     2      0.00      0.00       0       0   0.00  khungtaskd
02:48:08 AM     0        57    0.00    0.00    0.00    0.00    0.00     3      0.00      0.00       0       0   0.00  oom_reaper
02:48:08 AM     0        58    0.00    0.00    0.00    0.00    0.00     5      0.00      0.00       0       0   0.00  writeback
02:48:08 AM     0        59    0.00    0.00    0.00    0.00    0.00     2      0.00      0.00       0       0   0.00  kcompactd0
02:48:08 AM     0        60    0.00    0.00    0.00    0.00    0.00     1      0.00      0.00       0       0   0.00  ksmd
02:48:08 AM     0        61    0.00    0.00    0.00    0.00    0.00     2      0.00      0.00       0       0   0.00  khugepaged
02:48:08 AM     0        93    0.00    0.00    0.00    0.00    0.00     1      0.00      0.00       0       0   0.00  kintegrityd
02:48:08 AM     0        94    0.00    0.00    0.00    0.00    0.00     1      0.00      0.00       0       0   0.00  kblockd
02:48:08 AM     0        95    0.00    0.00    0.00    0.00    0.00     1      0.00      0.00       0       0   0.00  blkcg_punt_bio
02:48:08 AM     0        97    0.00    0.00    0.00    0.00    0.00     3      0.00      0.00       0       0   0.00  tpm_dev_wq
02:48:08 AM     0        98    0.00    0.00    0.00    0.00    0.00     0      0.00      0.00       0       0   0.00  irq/197-30c0000
02:48:08 AM     0        99    0.00    0.00    0.00    0.00    0.00     1      0.00      0.00       0       0   0.00  devfreq_wq
02:48:08 AM     0       100    0.00    0.00    0.00    0.00    0.00     1      0.00      0.00       0       0   0.00  watchdogd
02:48:08 AM     0       104    0.00    0.00    0.00    0.00    0.00     7      0.00      0.00       0       0   0.00  rpciod
02:48:08 AM     0       106    0.00    0.00    0.00    0.00    0.00     7      0.00      0.00       0       0   0.00  xprtiod
02:48:08 AM     0       108    0.00    0.00    0.00    0.00    0.00     7      0.00      0.00       0       0   0.00  kswapd0
02:48:08 AM     0       109    0.00    0.00    0.00    0.00    0.00     5      0.00      0.00       0       0   0.00  nfsiod
02:48:08 AM     0       112    0.00    0.00    0.00    0.00    0.00     1      0.00      0.00       0       0   0.00  kthrotld
02:48:08 AM     0       113    0.00    0.00    0.00    0.00    0.00     7      0.00      0.00       0       0   0.00  kpcitest
02:48:08 AM     0       116    0.00    0.00    0.00    0.00    0.00     5      0.00      0.00       0       0   0.00  kworker/5:1-events
02:48:08 AM     0       122    0.00    0.00    0.00    0.00    0.00     1      0.00      0.00       0       0   0.00  nvme-wq
02:48:08 AM     0       123    0.00    0.00    0.00    0.00    0.00     5      0.00      0.00       0       0   0.00  nvme-reset-wq
02:48:08 AM     0       124    0.00    0.00    0.00    0.00    0.00     6      0.00      0.00       0       0   0.00  nvme-delete-wq
02:48:08 AM     0       125    0.00    0.00    0.00    0.00    0.00     6      0.00      0.00       0       0   0.00  uas
02:48:08 AM     0       126    0.00    0.00    0.00    0.00    0.00     0      0.00      0.00       0       0   0.00  irq/222-tegra_r
02:48:08 AM     0       127    0.00    0.00    0.00    0.00    0.00     0      0.00      0.00       0       0   0.00  kworker/7:2-events
02:48:08 AM     0       129    0.00    0.00    0.00    0.00    0.00     0      0.00      0.00       0       0   0.00  irq/86-tegra-oc
02:48:08 AM     0       130    0.00    0.00    0.00    0.00    0.00     5      0.00      0.00       0       0   0.00  dm_bufio_cache
02:48:08 AM     0       131    0.00    0.00    0.00    0.00    0.00     0      0.00      0.00       0       0   0.00  irq/223-max7762
02:48:08 AM     0       140    0.00    0.00    0.00    0.00    0.00     0      0.00      0.00       0       0   0.00  irq/55-bc00000.
02:48:08 AM     0       143    0.00    0.00    0.00    0.00    0.00     0      0.00      0.00       0       0   0.00  ipv6_addrconf
02:48:08 AM     0       144    0.00    0.00    0.00    0.00    0.00     6      0.00      0.00       0       0   0.00  krfcommd
02:48:08 AM     0       145    0.00    0.00    0.00    0.00    0.00     0      0.00      0.00       0       0   0.00  kstrp
02:48:08 AM     0       150    0.00    0.00    0.00    0.00    0.00     0      0.00      0.00       0       0   0.00  irq/24-tegra-pc
02:48:08 AM     0       154    0.00    0.00    0.00    0.00    0.00     0      0.00      0.00       0       0   0.00  irq/26-tegra-pc
02:48:08 AM     0       160    0.00    0.00    0.00    0.00    0.00     0      0.00      0.00       0       0   0.00  irq/26-aerdrv
02:48:08 AM     0       161    0.00    0.00    0.00    0.00    0.00     0      0.00      0.00       0       0   0.00  irq/28-tegra-pc
02:48:08 AM     0       162    0.00    0.00    0.00    0.00    0.00     0      0.00      0.00       0       0   0.00  irq/28-aerdrv
02:48:08 AM     0       163    0.00    0.00    0.00    0.00    0.00     5      0.00      0.00       0       0   0.00  host_low_prio_w
02:48:08 AM     0       164    0.00    0.88    0.00    0.00    0.88     0      0.00      0.00       0       0   0.00  irq/57-host_syn
02:48:08 AM     0       165    0.00    0.00    0.00    0.00    0.00     0      0.00      0.00       0       0   0.00  irq/58-host_sta
02:48:08 AM     0       173    0.00    0.00    0.00    0.00    0.00     5      0.00      0.00       0       0   0.00  pva_task_status
02:48:08 AM     0       174    0.00    0.00    0.00    0.00    0.00     0      0.00      0.00       0       0   0.00  irq/75-pva-isr
02:48:08 AM     0       175    0.00    0.00    0.00    0.00    0.00     0      0.00      0.00       0       0   0.00  pva_task_status
02:48:08 AM     0       176    0.00    0.00    0.00    0.00    0.00     0      0.00      0.00       0       0   0.00  irq/76-pva-isr
02:48:08 AM     0       185    0.00    0.00    0.00    0.00    0.00     0      0.00      0.00       0       0   0.00  sdhci
02:48:08 AM     0       186    0.00    0.00    0.00    0.00    0.00     0      0.00      0.00       0       0   0.00  irq/39-mmc0
02:48:08 AM     0       187    0.00    0.00    0.00    0.00    0.00     2      0.00      0.00       0       0   0.00  sdhci
02:48:08 AM     0       189    0.00    0.00    0.00    0.00    0.00     0      0.00      0.00       0       0   0.00  irq/40-mmc1
02:48:08 AM     0       195    0.00    0.00    0.00    0.00    0.00     7      0.00      0.00       0       0   0.00  scsi_eh_0
02:48:08 AM     0       196    0.00    0.00    0.00    0.00    0.00     7      0.00      0.00       0       0   0.00  scsi_tmf_0
02:48:08 AM     0       197    0.00    0.00    0.00    0.00    0.00     0      0.00      0.00       0       0   0.00  kworker/5:2-events
02:48:08 AM     0       198    0.00    0.00    0.00    0.00    0.00     0      0.00      0.00       0       0   0.00  irq/67-15200000
02:48:08 AM     0       199    0.00    0.00    0.00    0.00    0.00     1      0.00      0.00       0       0   0.00  tegradc.0/a
02:48:08 AM     0       200    0.00    0.00    0.00    0.00    0.00     0      0.00      0.00       0       0   0.00  tegradc.0/b
02:48:08 AM     0       201    0.00    0.00    0.00    0.00    0.00     0      0.00      0.00       0       0   0.00  tegradc.0/c
02:48:08 AM     0       202    0.00    0.00    0.00    0.00    0.00     0      0.00      0.00       0       0   0.00  tegradc.0/d
02:48:08 AM     0       203    0.00    0.00    0.00    0.00    0.00     0      0.00      0.00       0       0   0.00  tegradc.0/e
02:48:08 AM     0       204    0.00    0.00    0.00    0.00    0.00     0      0.00      0.00       0       0   0.00  tegradc.0/f
02:48:08 AM     0       205    0.00    0.00    0.00    0.00    0.00     0      0.00      0.00       0       0   0.00  tegradc.0/sl
02:48:08 AM     0       206    0.00    0.00    0.00    0.00    0.00     0      0.00      0.00       0       0   0.00  irq/62-15200000
02:48:08 AM     0       207    0.00    0.00    0.00    0.00    0.00     0      0.00      0.00       0       0   0.00  irq/276-3400000
02:48:08 AM     0       208    0.00    0.00    0.00    0.00    0.00     0      0.00      0.00       0       0   0.00  ufs_eh_wq_0
02:48:08 AM     0       209    0.00    0.00    0.00    0.00    0.00     3      0.00      0.00       0       0   0.00  mmc_complete
02:48:08 AM     0       211    0.00    0.00    0.00    0.00    0.00     0      0.00      0.00       0       0   0.00  irq/278-1520000
02:48:08 AM     0       212    0.00    0.00    0.00    0.00    0.00     0      0.00      0.00       0       0   0.00  irq/203-3610000
02:48:08 AM     0       213    0.00    0.00    0.00    0.00    0.00     0      0.00      0.00       0       0   0.00  irq/221-3610000
02:48:08 AM     0       214    0.00    0.00    0.00    0.00    0.00     0      0.00      0.00       0       0   0.00  irq/30-tegra-pc
02:48:08 AM     0       216    0.00    0.00    0.00    0.00    0.00     0      0.00      0.00       0       0   0.00  kworker/4:3-events
02:48:08 AM     0       218    0.00    0.00    0.00    0.00    0.00     4      0.00      0.00       0       0   0.00  kworker/4:5-events
02:48:08 AM     0       221    0.00    0.00    0.00    0.00    0.00     0      0.00      0.00       0       0   0.00  kworker/6:12-events
02:48:08 AM     0       222    0.00    0.00    0.00    0.00    0.00     0      0.00      0.00       0       0   0.00  kworker/6:13-events
02:48:08 AM     0       225    0.00    0.00    0.00    0.00    0.00     0      0.00      0.00       0       0   0.00  irq/68-tegra_dp
02:48:08 AM     0       226    0.00    0.00    0.00    0.00    0.00     0      0.00      0.00       0       0   0.00  irq/65-15210000
02:48:08 AM     0       227    0.00    0.00    0.00    0.00    0.00     0      0.00      0.00       0       0   0.00  tegradc.1/a
02:48:08 AM     0       228    0.00    0.00    0.00    0.00    0.00     0      0.00      0.00       0       0   0.00  tegradc.1/b
02:48:08 AM     0       229    0.00    0.00    0.00    0.00    0.00     0      0.00      0.00       0       0   0.00  tegradc.1/c
02:48:08 AM     0       230    0.00    0.00    0.00    0.00    0.00     0      0.00      0.00       0       0   0.00  tegradc.1/d
02:48:08 AM     0       231    0.00    0.00    0.00    0.00    0.00     0      0.00      0.00       0       0   0.00  tegradc.1/e
02:48:08 AM     0       232    0.00    0.00    0.00    0.00    0.00     0      0.00      0.00       0       0   0.00  tegradc.1/f
02:48:08 AM     0       233    0.00    0.00    0.00    0.00    0.00     1      0.00      0.00       0       0   0.00  tegradc.1/sl
02:48:08 AM     0       234    0.00    0.00    0.00    0.00    0.00     0      0.00      0.00       0       0   0.00  irq/63-15210000
02:48:08 AM     0       249    0.00    0.00    0.00    0.00    0.00     0      0.00      0.00       0       0   0.00  irq/56-d230000.
02:48:08 AM     0       250    0.00    0.00    0.00    0.00    0.00     0      0.00      0.00       0       0   0.00  irq/69-tegra_dp
02:48:08 AM     0       251    0.00    0.00    0.00    0.00    0.00     0      0.00      0.00       0       0   0.00  irq/66-15220000
02:48:08 AM     0       252    0.00    0.00    0.00    0.00    0.00     0      0.00      0.00       0       0   0.00  tegradc.2/a
02:48:08 AM     0       253    0.00    0.00    0.00    0.00    0.00     0      0.00      0.00       0       0   0.00  tegradc.2/b
02:48:08 AM     0       254    0.00    0.00    0.00    0.00    0.00     0      0.00      0.00       0       0   0.00  tegradc.2/c
02:48:08 AM     0       255    0.00    0.00    0.00    0.00    0.00     0      0.00      0.00       0       0   0.00  tegradc.2/d
02:48:08 AM     0       256    0.00    0.00    0.00    0.00    0.00     0      0.00      0.00       0       0   0.00  tegradc.2/e
02:48:08 AM     0       257    0.00    0.00    0.00    0.00    0.00     0      0.00      0.00       0       0   0.00  tegradc.2/f
02:48:08 AM     0       258    0.00    0.00    0.00    0.00    0.00     0      0.00      0.00       0       0   0.00  tegradc.2/sl
02:48:08 AM     0       259    0.00    0.00    0.00    0.00    0.00     0      0.00      0.00       0       0   0.00  irq/64-15220000
02:48:08 AM     0       275    0.00    0.00    0.00    0.00    0.00     2      0.00      0.00       0       0   0.00  jbd2/mmcblk0p1-
02:48:08 AM     0       276    0.00    0.00    0.00    0.00    0.00     3      0.00      0.00       0       0   0.00  ext4-rsv-conver
02:48:08 AM     0       280    0.00    0.00    0.00    0.00    0.00     7      0.00      0.00       0       0   0.00  kworker/7:1H
02:48:08 AM     0       286    0.00    0.00    0.00    0.00    0.00     5      0.00      0.00       0       0   0.00  kworker/5:1H-kblockd
02:48:08 AM     0       312    0.00    0.00    0.00    0.00    0.00     2      0.00      0.00   61816   31808   0.10  systemd-journal
02:48:08 AM     0       338    0.00    3.51    0.00   21.93    3.51     1      0.00      0.00       0       0   0.00  nvmap-bz
02:48:08 AM     0       339    0.00    0.00    0.00    0.00    0.00     0      0.00      0.00       0       0   0.00  irq/204-gk20a_s
02:48:08 AM     0       340    0.00    0.00    0.00    0.00    0.00     0      0.00      0.00       0       0   0.00  irq/205-gk20a_n
02:48:08 AM     0       345    0.00    0.00    0.00    0.00    0.00     3      0.00      0.00    2776    1492   0.00  tee-supplicant
02:48:08 AM     0       347    0.00    0.00    0.00    0.00    0.00     3      0.00      0.00       0       0   0.00  optee_bus_scan
02:48:08 AM     0       358    0.00    0.00    0.00    0.00    0.00     3      0.00      0.00   22788    7532   0.02  systemd-udevd
02:48:08 AM     0       364    0.00    0.00    0.00    0.00    0.00     1      0.00      0.00    7948    4892   0.02  haveged
02:48:08 AM   126       365    0.00    0.00    0.00    0.00    0.00     3      0.00      0.00    7136    3108   0.01  rpcbind
02:48:08 AM   105       366    0.00    0.00    0.00    0.00    0.00     1      0.00      0.00   25592   13288   0.04  systemd-resolve
02:48:08 AM   103       367    0.00    0.00    0.00    0.00    0.00     1      0.00      0.00   90672    6220   0.02  systemd-timesyn
02:48:08 AM     0       407    0.00    0.00    0.00    0.00    0.00     5      0.00      0.00       0       0   0.00  cfg80211
02:48:08 AM     0       410    0.00    0.00    0.00    0.00    0.00     0      0.00      0.00       0       0   0.00  irq/42-3210000.
02:48:08 AM     0       412    0.00    0.00    0.00    0.00    0.00     2      0.00      0.00       0       0   0.00  spi0
02:48:08 AM     0       413    0.00   14.04    0.00    0.00   14.04     1      0.00      0.00       0       0   0.00  irq/282-iwlwifi
02:48:08 AM     0       416    0.00    0.00    0.00    0.00    0.00     4      0.00      0.00       0       0   0.00  ata_sff
02:48:08 AM     0       419    0.00    0.00    0.00    0.00    0.00     0      0.00      0.00       0       0   0.00  irq/43-c260000.
02:48:08 AM     0       420    0.00    0.00    0.00    0.00    0.00     6      0.00      0.00       0       0   0.00  scsi_eh_1
02:48:08 AM     0       422    0.00    0.00    0.00    0.00    0.00     6      0.00      0.00       0       0   0.00  scsi_tmf_1
02:48:08 AM     0       427    0.00    0.00    0.00    0.00    0.00     0      0.00      0.00       0       0   0.00  spi1
02:48:08 AM     0       430    0.00    0.00    0.00    0.00    0.00     3      0.00      0.00  242072    8880   0.03  accounts-daemon
02:48:08 AM   120       439    0.00    0.00    0.00    0.00    0.00     1      0.00      0.00    7084    3472   0.01  avahi-daemon
02:48:08 AM     0       441    0.00    0.00    0.00    0.00    0.00     3      0.00      0.00    9220    2516   0.01  cron
02:48:08 AM   106       443    0.88    0.00    0.00    0.00    0.88     3      0.00      0.00    9396    5264   0.02  dbus-daemon
02:48:08 AM     0       447    0.00    0.00    0.00    0.00    0.00     3      0.00      0.00  341244   20856   0.07  NetworkManager
02:48:08 AM     0       456    0.00    0.00    0.00    0.00    0.00     4      0.00      0.00   38300   19472   0.06  networkd-dispat
02:48:08 AM     0       473    0.00    0.00    0.00    0.00    0.00     2      0.00      0.00  238860   13352   0.04  polkitd
02:48:08 AM   125       483    0.00    0.00    0.00    0.00    0.00     3      0.00      0.00  220940    8288   0.03  rsyslogd
02:48:08 AM     0       503    0.00    0.00    0.00    0.00    0.00     2      0.00      0.00  235864    4364   0.01  switcheroo-cont
02:48:08 AM     0       514    0.00    0.00    0.00    0.00    0.00     2      0.00      0.00   17076    6760   0.02  systemd-logind
02:48:08 AM     0       523    0.00    0.00    0.00    0.00    0.00     1      0.00      0.00  395556   15676   0.05  udisksd
02:48:08 AM     0       528    0.00    0.00    0.00    0.00    0.00     0      0.00      0.00   12784    8052   0.03  wpa_supplicant
02:48:08 AM     0       548    0.00    0.00    0.00    0.00    0.00     0      0.00      0.00       0       0   0.00  sugov:0
02:48:08 AM   120       555    0.00    0.00    0.00    0.00    0.00     2      0.00      0.00    6896     324   0.00  avahi-daemon
02:48:08 AM     0       585    0.00    0.00    0.00    0.00    0.00     5      0.00      0.00       0       0   0.00  tmp451
02:48:08 AM     0       597    0.00    0.00    0.00    0.00    0.00     3      0.00      0.00       0       0   0.00  irq/286-1-0008
02:48:08 AM     0       600    0.00    0.00    0.00    0.00    0.00     2      0.00      0.00  321792   14480   0.05  ModemManager
02:48:08 AM     0       653    0.00    0.00    0.00    0.00    0.00     0      0.00      0.00    2476     604   0.00  nvfancontrol
02:48:08 AM     0       728    0.00    0.00    0.00    0.00    0.00     4      0.00      0.00       0       0   0.00  adspp_kthread
02:48:08 AM     0       779    0.00    0.00    0.00    0.00    0.00     6      0.00      0.00       0       0   0.00  kworker/6:2H-kblockd
02:48:08 AM     0       876    0.00    0.00    0.00    0.00    0.00     1      0.00      0.00       0       0   0.00  irq/289-2490000
02:48:08 AM     0       887    0.00    0.00    0.00    0.00    0.00     0      0.00      0.00       0       0   0.00  irq/32-eth0.com
02:48:08 AM     0       919    0.00    0.00    0.00    0.00    0.00     4      0.00      0.00       0       0   0.00  file-storage
02:48:08 AM     0       953    0.00    0.00    0.00    0.00    0.00     1      0.00      0.00       0       0   0.00  loop0
02:48:08 AM     0      1048    0.00    0.00    0.00    0.00    0.00     4      0.00      0.00       0       0   0.00  kworker/4:2H-kblockd
02:48:08 AM     0      1091    0.00    0.00    0.00    0.00    0.00     3      0.00      0.00       0       0   0.00  cryptd
02:48:08 AM     0      1147    0.00    0.00    0.00    0.00    0.00     2      0.00      0.00       0       0   0.00  sw-quiesce
02:48:08 AM     0      1148    0.00    0.00    0.00    0.00    0.00     0      0.00      0.00       0       0   0.00  nvgpu_channel_p
02:48:08 AM     0      1151    0.00    0.00    0.00    0.00    0.00     0      0.00      0.00       0       0   0.00  nvgpu_nvs_gv11b
02:48:08 AM     0      1153    0.00    0.00    0.00    0.00    0.00     0      0.00      0.00       0       0   0.00  nvgpu_pg_init_g
02:48:08 AM     0      1157    0.00    0.00    0.00    0.00    0.00     2      0.00      0.00       0       0   0.00  nvgpu_clk_arb_p
02:48:08 AM     0      1162    0.00    0.00    0.00    0.00    0.00     3      0.00      0.00       0       0   0.00  irq/288-rt5659
02:48:08 AM     0      1270    0.00    0.00    0.00    0.00    0.00     3      0.00      0.00   55688   11092   0.03  nvargus-daemon
02:48:08 AM     0      1273    0.00    0.00    0.00    0.00    0.00     3      0.00      0.00   21932    1552   0.00  nvs-service
02:48:08 AM     0      1298    0.88    0.00    0.00    0.00    0.88     1      0.00      0.00 2007972   50424   0.16  containerd
02:48:08 AM     0      1314    0.00    0.00    0.00    0.00    0.00     0      0.00      0.00  240032    7616   0.02  gdm3
02:48:08 AM   108      1326    0.00    0.00    0.00    0.00    0.00     2      0.00      0.00   11468    1896   0.01  kerneloops
02:48:08 AM     0      1327    0.00    0.00    0.00    0.00    0.00     3      0.00      0.00   12236    6576   0.02  sshd
02:48:08 AM     0      1336    0.00    0.00    0.00    0.00    0.00     0      0.00      0.00    7688    1876   0.01  agetty
02:48:08 AM     0      1337    0.00    0.00    0.00    0.00    0.00     2      0.00      0.00    7688    1904   0.01  agetty
02:48:08 AM   108      1339    0.00    0.00    0.00    0.00    0.00     0      0.00      0.00   11468    1820   0.01  kerneloops
02:48:08 AM     0      1340    0.00    0.00    0.00    0.00    0.00     3      0.00      0.00    9216    2824   0.01  nvgetty.sh
02:48:08 AM     0      1379    0.00    0.00    0.00    0.00    0.00     0      0.00      0.00    7688    1848   0.01  getty
02:48:08 AM     0      1554    0.00    0.00    0.00    0.00    0.00     2      0.00      0.00 2111796   85472   0.27  dockerd
02:48:08 AM     0      1677    0.00    0.00    0.00    0.00    0.00     1      0.00      0.00  168472    8256   0.03  gdm-session-wor
02:48:08 AM     0      1711    0.00    0.00    0.00    0.00    0.00     0      0.00      0.00    3248     808   0.00  nvphsd
02:48:08 AM     0      1716    0.00    0.00    0.00    0.00    0.00     3      0.00      0.00    3380    1788   0.01  nvphsd
02:48:08 AM   124      1789    0.00    0.00    0.00    0.00    0.00     3      0.00      0.00   19144    9224   0.03  systemd
02:48:08 AM   124      1804    0.00    0.00    0.00    0.00    0.00     3      0.00      0.00  104488    5436   0.02  (sd-pam)
02:48:08 AM   124      2014    0.00    0.00    0.00    0.00    0.00     0      0.00      0.00  961884   21984   0.07  pulseaudio
02:48:08 AM   124      2032    0.00    0.00    0.00    0.00    0.00     2      0.00      0.00  164156    5924   0.02  gdm-x-session
02:48:08 AM   124      2037    0.00    0.00    0.00    0.00    0.00     1      0.00      0.00 25330232   99256   0.31  Xorg
02:48:08 AM   118      2040    0.00    0.00    0.00    0.00    0.00     1      0.00      0.00  152516    2440   0.01  rtkit-daemon
02:48:08 AM   124      2162    0.00    0.00    0.00    0.00    0.00     2      0.00      0.00    7812    3448   0.01  dbus-daemon
02:48:08 AM   124      2428    0.00    0.00    0.00    0.00    0.00     0      0.00      0.00    4776    1164   0.00  dbus-run-sessio
02:48:08 AM   124      2429    0.00    0.00    0.00    0.00    0.00     2      0.00      0.00    8088    4104   0.01  dbus-daemon
02:48:08 AM   124      2438    0.00    0.00    0.00    0.00    0.00     2      0.00      0.00  559768   14932   0.05  gnome-session-b
02:48:08 AM     0      2457    0.00    0.00    0.00    0.00    0.00     2      0.00      0.00  101692   19628   0.06  jtop
02:48:08 AM   124      2463    0.00    0.00    0.00    0.00    0.00     3      0.00      0.00  309548   10092   0.03  at-spi-bus-laun
02:48:08 AM   124      2470    0.00    0.00    0.00    0.00    0.00     1      0.00      0.00    7676    3468   0.01  dbus-daemon
02:48:08 AM   124      2495    0.00    0.00    0.00    0.00    0.00     1      0.00      0.00 4022996  194908   0.61  gnome-shell
02:48:08 AM     0      2510    0.00    0.00    0.00    0.00    0.00     0      0.00      0.00  175424   16904   0.05  jtop
02:48:08 AM     0      2518    0.00    0.00    0.00    0.00    0.00     2      0.00      0.00  101692   17160   0.05  jtop
02:48:08 AM   124      2696    0.00    0.00    0.00    0.00    0.00     0      0.00      0.00  314420   11212   0.04  ibus-daemon
02:48:08 AM   124      2699    0.00    0.00    0.00    0.00    0.00     2      0.00      0.00  239960   11792   0.04  ibus-dconf
02:48:08 AM   124      2701    0.00    0.00    0.00    0.00    0.00     2      0.00      0.00  189920   16900   0.05  ibus-x11
02:48:08 AM   124      2704    0.00    0.00    0.00    0.00    0.00     3      0.00      0.00  239880    7776   0.02  ibus-portal
02:48:08 AM   124      2715    0.00    0.00    0.00    0.00    0.00     1      0.00      0.00  161420    6880   0.02  at-spi2-registr
02:48:08 AM   124      2719    0.00    0.00    0.00    0.00    0.00     3      0.00      0.00  235804    4672   0.01  xdg-permission-
02:48:08 AM     0      2725    0.00    0.00    0.00    0.00    0.00     3      0.00      0.00  252944    8776   0.03  upowerd
02:48:08 AM   124      2745    0.00    0.00    0.00    0.00    0.00     2      0.00      0.00 3001620   27244   0.09  gjs
02:48:08 AM   124      2764    0.00    0.00    0.00    0.00    0.00     1      0.00      0.00  469396   14236   0.04  gsd-sharing
02:48:08 AM   124      2765    0.00    0.00    0.00    0.00    0.00     1      0.00      0.00  334628   15072   0.05  gsd-wacom
02:48:08 AM   124      2768    0.00    0.00    0.00    0.00    0.00     2      0.00      0.00  571788   19844   0.06  gsd-color
02:48:08 AM   124      2772    0.00    0.00    0.00    0.00    0.00     3      0.00      0.00  338096   17824   0.06  gsd-keyboard
02:48:08 AM   124      2774    0.00    0.00    0.00    0.00    0.00     2      0.00      0.00  322508   11376   0.04  gsd-print-notif
02:48:08 AM   124      2779    0.00    0.00    0.00    0.00    0.00     3      0.00      0.00  166208    7736   0.02  ibus-engine-sim
02:48:08 AM   124      2780    0.00    0.00    0.00    0.00    0.00     1      0.00      0.00  457460    7996   0.03  gsd-rfkill
02:48:08 AM   124      2782    0.00    0.00    0.00    0.00    0.00     1      0.00      0.00  391976    9696   0.03  gsd-smartcard
02:48:08 AM   124      2784    0.00    0.00    0.00    0.00    0.00     2      0.00      0.00  374928   15372   0.05  gsd-datetime
02:48:08 AM   124      2790    0.00    0.00    0.00    0.00    0.00     3      0.00      0.00  679696   20032   0.06  gsd-media-keys
02:48:08 AM   124      2791    0.00    0.00    0.00    0.00    0.00     3      0.00      0.00  235772    5600   0.02  gsd-screensaver
02:48:08 AM   124      2793    0.00    0.00    0.00    0.00    0.00     3      0.00      0.00  320104    9452   0.03  gsd-sound
02:48:08 AM   124      2795    0.00    0.00    0.00    0.00    0.00     3      0.00      0.00  313652   10144   0.03  gsd-a11y-settin
02:48:08 AM   124      2799    0.00    0.00    0.00    0.00    0.00     2      0.00      0.00  313992   10540   0.03  gsd-housekeepin
02:48:08 AM   124      2802    0.00    0.00    0.00    0.00    0.00     1      0.00      0.00  339724   18828   0.06  gsd-power
02:48:08 AM   124      2824    0.00    0.00    0.00    0.00    0.00     2      0.00      0.00  342540   12784   0.04  gsd-printer
02:48:08 AM   119      2837    0.00    0.00    0.00    0.00    0.00     2      0.00      0.00  249328   17548   0.06  colord
02:48:08 AM     0     29120    0.00    0.00    0.00    0.00    0.00     3      0.00      0.00       0       0   0.00  kworker/u17:2
02:48:08 AM     0     33852    0.00    0.00    0.00    0.00    0.00     1      0.00      0.00       0       0   0.00  kworker/1:0H-kblockd
02:48:08 AM     0     35048    0.00    0.00    0.00    0.00    0.00     0      0.00      0.00       0       0   0.00  kworker/u17:0-rb_allocator
02:48:08 AM  1000     39960    0.00    0.00    0.00    0.00    0.00     2      0.00      0.00   19248    9208   0.03  systemd
02:48:08 AM  1000     39961    0.00    0.00    0.00    0.00    0.00     2      0.00      0.00  170940    6304   0.02  (sd-pam)
02:48:08 AM  1000     40037    0.00    0.00    0.00    0.00    0.00     3      0.00      0.00    7812    3952   0.01  dbus-daemon
02:48:08 AM     0     40147    0.00    0.00    0.00    0.00    0.00     1      0.00      0.00       0       0   0.00  kworker/1:0-events
02:48:08 AM     0     40174    0.00    0.00    0.00    0.00    0.00     2      0.00      0.00       0       0   0.00  kworker/2:2H-kblockd
02:48:08 AM     0     40194    0.00    0.00    0.00    0.00    0.00     3      0.00      0.00       0       0   0.00  kworker/3:0H-kblockd
02:48:08 AM     0     41650    0.00    0.00    0.00    0.00    0.00     3      0.00      0.00       0       0   0.00  kworker/3:0-mm_percpu_wq
02:48:08 AM     0     43913    0.00    0.00    0.00    0.00    0.00     2      0.00      0.00   14768    7560   0.02  sshd
02:48:08 AM  1000     43958    0.00    0.00    0.00    0.00    0.00     0      0.00      0.00   15292    6400   0.02  sshd
02:48:08 AM  1000     43959    0.00    0.00    0.00    0.00    0.00     1      0.00      0.00   11344    5444   0.02  bash
02:48:08 AM     0     50050    0.00    0.00    0.00    0.00    0.00     2      0.00      0.00   14768    7572   0.02  sshd
02:48:08 AM  1000     50094    0.00    0.00    0.00    0.00    0.00     3      0.00      0.00   15292    6428   0.02  sshd
02:48:08 AM  1000     50095    0.00    0.00    0.00    0.00    0.00     2      0.00      0.00   11344    5448   0.02  bash
02:48:08 AM     0     81462    0.00    0.00    0.00    0.00    0.00     2      0.00      0.00       0       0   0.00  kworker/2:2-events
02:48:08 AM     0     81478    0.00    0.00    0.00    0.00    0.00     0      0.00      0.00       0       0   0.00  kworker/0:1H-kblockd
02:48:08 AM  1000     84840    0.00    0.00    0.00    0.00    0.00     3      0.00      0.00  240176   10088   0.03  gnome-keyring-d
02:48:08 AM   124     84900    0.00    0.00    0.00    0.00    0.00     1      0.00      0.00  156240    4584   0.01  dconf-service
02:48:08 AM     0     85427    0.00    0.00    0.00    0.00    0.00     0      0.00      0.00       0       0   0.00  kworker/0:2-events
02:48:08 AM     0     86310    0.00    0.00    0.00    0.00    0.00     0      0.00      0.00       0       0   0.00  kworker/u16:1-events_unbound
02:48:08 AM     0     86312    0.00    0.00    0.00    0.00    0.00     3      0.00      0.00   14768    7564   0.02  sshd
02:48:08 AM  1000     86356    0.00    0.00    0.00    0.00    0.00     0      0.00      0.00   15292    6380   0.02  sshd
02:48:08 AM  1000     86357    0.00    0.00    0.00    0.00    0.00     1      0.00      0.00   11344    5440   0.02  bash
02:48:08 AM     0     86549    0.00    0.00    0.00    0.00    0.00     2      0.00      0.00   14768    7664   0.02  sshd
02:48:08 AM  1000     86593    0.00    0.00    0.00    0.00    0.00     2      0.00      0.00   15292    6480   0.02  sshd
02:48:08 AM  1000     86594    0.00    0.00    0.00    0.00    0.00     2      0.00      0.00   11860    5896   0.02  bash
02:48:08 AM     0     86632    0.00    0.00    0.00    0.00    0.00     3      0.00      0.00       0       0   0.00  kworker/3:2
02:48:08 AM     0     87290    0.00    0.00    0.00    0.00    0.00     0      0.00      0.00   14768    7584   0.02  sshd
02:48:08 AM  1000     87334    0.00    0.00    0.00    0.00    0.00     0      0.00      0.00   15292    6412   0.02  sshd
02:48:08 AM  1000     87335    0.00    0.00    0.00    0.00    0.00     2      0.00      0.00   11344    5436   0.02  bash
02:48:08 AM     0     89981    0.00    0.00    0.00    0.00    0.00     1      0.00      0.00       0       0   0.00  kworker/1:1-events
02:48:08 AM     0     95050    0.00    0.00    0.00    0.00    0.00     2      0.00      0.00       0       0   0.00  kworker/2:0-events
02:48:08 AM     0     96173    0.00    0.00    0.00    0.00    0.00     1      0.00      0.00       0       0   0.00  kworker/1:2-events
02:48:08 AM     0     99494    0.00    0.88    0.00    0.00    0.88     0      0.00      0.00       0       0   0.00  kworker/u16:3-events_unbound
02:48:08 AM     0    107801    0.00    0.00    0.00    0.00    0.00     1      0.00      0.00       0       0   0.00  kworker/1:2H
02:48:08 AM     0    122883    0.00    0.00    0.00    0.00    0.00     2      0.00      0.00       0       0   0.00  kworker/u16:2-events_unbound
02:48:08 AM     0    123203    0.00    0.00    0.00    0.00    0.00     3      0.00      0.00       0       0   0.00  kworker/3:2H
02:48:08 AM     0    124025    0.00    0.00    0.00    0.00    0.00     2      0.00      0.00       0       0   0.00  kworker/2:0H
02:48:08 AM     0    130503    0.00    0.00    0.00    0.00    0.00     0      0.00      0.00       0       0   0.00  kworker/0:0H
02:48:08 AM     0    130577    0.00    0.00    0.00    0.00    0.00     0      0.00      0.00       0       0   0.00  kworker/0:1-events
02:48:08 AM     0    130584    0.00    0.00    0.00    0.00    0.00     2      0.00      0.00   14768    7576   0.02  sshd
02:48:08 AM  1000    130628    0.88    1.75    0.00    1.75    2.63     0      0.00      0.00   16676    7816   0.02  sshd
02:48:08 AM  1000    130629    0.00    0.00    0.00    0.00    0.00     3      0.00      0.00   11344    5436   0.02  bash
02:48:08 AM  1000    130765    0.88    0.00    0.00    0.00    0.88     3      0.00      0.00  283948   43148   0.14  roslaunch
02:48:08 AM  1000    130773    0.00    0.00    0.00    0.00    0.00     2      0.00      0.00  797980   45684   0.14  rosmaster
02:48:08 AM  1000    130783    0.00    0.00    0.00    0.00    0.00     3      0.00      0.00  274964   10152   0.03  rosout
02:48:08 AM  1000    130790   63.16   77.19    0.00    2.63  140.35     2      0.00      0.00 34790064  712500   2.25  scale_truck_con
02:48:08 AM  1000    130791   29.82   64.04    0.00    0.00   93.86     0      0.00      0.00 1571432  113560   0.36  LRC
02:48:08 AM  1000    130854    0.00    0.00    0.00    0.00    0.00     2      0.00      0.00  724884   93416   0.29  python3
02:48:08 AM     0    131985    0.00    0.00    0.00    0.00    0.00     2      0.00      0.00       0       0   0.00  kworker/2:1H
02:48:08 AM     0    132214    0.00    0.00    0.00    0.00    0.00     1      0.00      0.00       0       0   0.00  kworker/1:1H
02:48:08 AM     0    133801    0.00    0.00    0.00    0.00    0.00     0      0.00      0.00       0       0   0.00  kworker/0:0-events
02:48:08 AM     0    137289    0.00    0.00    0.00    0.00    0.00     1      0.00      0.00       0       0   0.00  kworker/1:3-events
02:48:08 AM     0    139165    0.00    0.00    0.00    0.00    0.00     0      0.00      0.00       0       0   0.00  kworker/0:2H
02:48:08 AM     0    139402    0.00    0.00    0.00    0.00    0.00     1      0.00      0.00       0       0   0.00  kworker/u16:0-events_unbound
02:48:08 AM     0    142495    0.00    0.00    0.00    0.00    0.00     1      0.00      0.00       0       0   0.00  kworker/1:4-events
02:48:08 AM  1000    144270    0.00    0.00    0.00    0.00    0.00     0      0.00      0.00    7828     552   0.00  timeout
02:48:08 AM  1000    144271    0.00    0.00    0.00    0.00    0.00     0      0.00      0.00   68712   43156   0.14  rosbag
02:48:08 AM  1000    144272    0.00    0.00    0.00    0.00    0.00     2      0.00      0.00    9208    3300   0.01  bash
02:48:08 AM  1000    144520   35.96   14.91    0.00   29.82   50.88     2   5823.68      0.00   51584   30144   0.09  rosbag
02:48:08 AM  1000    144531   11.40   24.56    0.00    0.00   35.96     2     37.72      0.00 1171404   21860   0.07  record
02:48:08 AM  1000    144614    0.88    7.89    0.00    7.02    8.77     3    825.44      0.00   17812    9032   0.03  pidstat

# Time        UID       PID    %usr %system  %guest   %wait    %CPU   CPU  minflt/s  majflt/s     VSZ     RSS   %MEM  Command
02:48:09 AM     0         1    0.00    0.00    0.00    0.00    0.00     1      0.00      0.00  169880   11540   0.04  systemd
02:48:09 AM     0         2    0.00    0.00    0.00    0.00    0.00     1      0.00      0.00       0       0   0.00  kthreadd
02:48:09 AM     0         3    0.00    0.00    0.00    0.00    0.00     0      0.00      0.00       0       0   0.00  rcu_gp
02:48:09 AM     0         4    0.00    0.00    0.00    0.00    0.00     0      0.00      0.00       0       0   0.00  rcu_par_gp
02:48:09 AM     0         8    0.00    0.00    0.00    0.00    0.00     0      0.00      0.00       0       0   0.00  mm_percpu_wq
02:48:09 AM     0         9    0.00    0.00    0.00    0.00    0.00     0      0.00      0.00       0       0   0.00  rcu_tasks_kthre
02:48:09 AM     0        10    0.00    0.00    0.00    0.00    0.00     0      0.00      0.00       0       0   0.00  rcu_tasks_rude_
02:48:09 AM     0        11    0.00    0.00    0.00    0.00    0.00     0      0.00      0.00       0       0   0.00  rcu_tasks_trace
02:48:09 AM     0        12    0.00    0.00    0.00    0.00    0.00     0      0.00      0.00       0       0   0.00  ksoftirqd/0
02:48:09 AM     0        13    0.00    0.00    0.00    0.00    0.00     0      0.00      0.00       0       0   0.00  rcu_preempt
02:48:09 AM     0        14    0.00    0.00    0.00    0.00    0.00     0      0.00      0.00       0       0   0.00  migration/0
02:48:09 AM     0        16    0.00    0.00    0.00    0.00    0.00     0      0.00      0.00       0       0   0.00  cpuhp/0
02:48:09 AM     0        17    0.00    0.00    0.00    0.00    0.00     1      0.00      0.00       0       0   0.00  cpuhp/1
02:48:09 AM     0        18    0.00    0.00    0.00    0.00    0.00     1      0.00      0.00       0       0   0.00  migration/1
02:48:09 AM     0        19    0.00    0.00    0.00    0.00    0.00     1      0.00      0.00       0       0   0.00  ksoftirqd/1
02:48:09 AM     0        22    0.00    0.00    0.00    0.00    0.00     2      0.00      0.00       0       0   0.00  cpuhp/2
02:48:09 AM     0        23    0.00    0.00    0.00    0.00    0.00     2      0.00      0.00       0       0   0.00  migration/2
02:48:09 AM     0        24    0.00    0.00    0.00    0.00    0.00     2      0.00      0.00       0       0   0.00  ksoftirqd/2
02:48:09 AM     0        27    0.00    0.00    0.00    0.00    0.00     3      0.00      0.00       0       0   0.00  cpuhp/3
02:48:09 AM     0        28    0.00    0.00    0.00    0.00    0.00     3      0.00      0.00       0       0   0.00  migration/3
02:48:09 AM     0        29    0.00    0.00    0.00    0.00    0.00     3      0.00      0.00       0       0   0.00  ksoftirqd/3
02:48:09 AM     0        32    0.00    0.00    0.00    0.00    0.00     4      0.00      0.00       0       0   0.00  cpuhp/4
02:48:09 AM     0        33    0.00    0.00    0.00    0.00    0.00     4      0.00      0.00       0       0   0.00  migration/4
02:48:09 AM     0        34    0.00    0.00    0.00    0.00    0.00     4      0.00      0.00       0       0   0.00  ksoftirqd/4
02:48:09 AM     0        36    0.00    0.00    0.00    0.00    0.00     4      0.00      0.00       0       0   0.00  kworker/4:0H-kblockd
02:48:09 AM     0        37    0.00    0.00    0.00    0.00    0.00     5      0.00      0.00       0       0   0.00  cpuhp/5
02:48:09 AM     0        38    0.00    0.00    0.00    0.00    0.00     5      0.00      0.00       0       0   0.00  migration/5
02:48:09 AM     0        39    0.00    0.00    0.00    0.00    0.00     5      0.00      0.00       0       0   0.00  ksoftirqd/5
02:48:09 AM     0        41    0.00    0.00    0.00    0.00    0.00     5      0.00      0.00       0       0   0.00  kworker/5:0H-kblockd
02:48:09 AM     0        42    0.00    0.00    0.00    0.00    0.00     6      0.00      0.00       0       0   0.00  cpuhp/6
02:48:09 AM     0        43    0.00    0.00    0.00    0.00    0.00     6      0.00      0.00       0       0   0.00  migration/6
02:48:09 AM     0        44    0.00    0.00    0.00    0.00    0.00     6      0.00      0.00       0       0   0.00  ksoftirqd/6
02:48:09 AM     0        46    0.00    0.00    0.00    0.00    0.00     6      0.00      0.00       0       0   0.00  kworker/6:0H-events_highpri
02:48:09 AM     0        47    0.00    0.00    0.00    0.00    0.00     7      0.00      0.00       0       0   0.00  cpuhp/7
02:48:09 AM     0        48    0.00    0.00    0.00    0.00    0.00     7      0.00      0.00       0       0   0.00  migration/7
02:48:09 AM     0        49    0.00    0.00    0.00    0.00    0.00     7      0.00      0.00       0       0   0.00  ksoftirqd/7
02:48:09 AM     0        50    0.00    0.00    0.00    0.00    0.00     0      0.00      0.00       0       0   0.00  kworker/7:0-rcu_gp
02:48:09 AM     0        51    0.00    0.00    0.00    0.00    0.00     7      0.00      0.00       0       0   0.00  kworker/7:0H-kblockd
02:48:09 AM     0        52    0.00    0.00    0.00    0.00    0.00     0      0.00      0.00       0       0   0.00  kdevtmpfs
02:48:09 AM     0        53    0.00    0.00    0.00    0.00    0.00     4      0.00      0.00       0       0   0.00  netns
02:48:09 AM     0        54    0.00    0.00    0.00    0.00    0.00     1      0.00      0.00       0       0   0.00  kauditd
02:48:09 AM     0        55    0.00    0.00    0.00    0.00    0.00     0      0.00      0.00       0       0   0.00  irq/87-mc_statu
02:48:09 AM     0        56    0.00    0.00    0.00    0.00    0.00     2      0.00      0.00       0       0   0.00  khungtaskd
02:48:09 AM     0        57    0.00    0.00    0.00    0.00    0.00     3      0.00      0.00       0       0   0.00  oom_reaper
02:48:09 AM     0        58    0.00    0.00    0.00    0.00    0.00     5      0.00      0.00       0       0   0.00  writeback
02:48:09 AM     0        59    0.00    0.00    0.00    0.00    0.00     2      0.00      0.00       0       0   0.00  kcompactd0
02:48:09 AM     0        60    0.00    0.00    0.00    0.00    0.00     1      0.00      0.00       0       0   0.00  ksmd
02:48:09 AM     0        61    0.00    0.00    0.00    0.00    0.00     2      0.00      0.00       0       0   0.00  khugepaged
02:48:09 AM     0        93    0.00    0.00    0.00    0.00    0.00     1      0.00      0.00       0       0   0.00  kintegrityd
02:48:09 AM     0        94    0.00    0.00    0.00    0.00    0.00     1      0.00      0.00       0       0   0.00  kblockd
02:48:09 AM     0        95    0.00    0.00    0.00    0.00    0.00     1      0.00      0.00       0       0   0.00  blkcg_punt_bio
02:48:09 AM     0        97    0.00    0.00    0.00    0.00    0.00     3      0.00      0.00       0       0   0.00  tpm_dev_wq
02:48:09 AM     0        98    0.00    0.00    0.00    0.00    0.00     0      0.00      0.00       0       0   0.00  irq/197-30c0000
02:48:09 AM     0        99    0.00    0.00    0.00    0.00    0.00     1      0.00      0.00       0       0   0.00  devfreq_wq
02:48:09 AM     0       100    0.00    0.00    0.00    0.00    0.00     1      0.00      0.00       0       0   0.00  watchdogd
02:48:09 AM     0       104    0.00    0.00    0.00    0.00    0.00     7      0.00      0.00       0       0   0.00  rpciod
02:48:09 AM     0       106    0.00    0.00    0.00    0.00    0.00     7      0.00      0.00       0       0   0.00  xprtiod
02:48:09 AM     0       108    0.00    0.00    0.00    0.00    0.00     7      0.00      0.00       0       0   0.00  kswapd0
02:48:09 AM     0       109    0.00    0.00    0.00    0.00    0.00     5      0.00      0.00       0       0   0.00  nfsiod
02:48:09 AM     0       112    0.00    0.00    0.00    0.00    0.00     1      0.00      0.00       0       0   0.00  kthrotld
02:48:09 AM     0       113    0.00    0.00    0.00    0.00    0.00     7      0.00      0.00       0       0   0.00  kpcitest
02:48:09 AM     0       116    0.00    0.00    0.00    0.00    0.00     5      0.00      0.00       0       0   0.00  kworker/5:1-events
02:48:09 AM     0       122    0.00    0.00    0.00    0.00    0.00     1      0.00      0.00       0       0   0.00  nvme-wq
02:48:09 AM     0       123    0.00    0.00    0.00    0.00    0.00     5      0.00      0.00       0       0   0.00  nvme-reset-wq
02:48:09 AM     0       124    0.00    0.00    0.00    0.00    0.00     6      0.00      0.00       0       0   0.00  nvme-delete-wq
02:48:09 AM     0       125    0.00    0.00    0.00    0.00    0.00     6      0.00      0.00       0       0   0.00  uas
02:48:09 AM     0       126    0.00    0.00    0.00    0.00    0.00     0      0.00      0.00       0       0   0.00  irq/222-tegra_r
02:48:09 AM     0       127    0.00    0.00    0.00    0.00    0.00     0      0.00      0.00       0       0   0.00  kworker/7:2-events
02:48:09 AM     0       129    0.00    0.00    0.00    0.00    0.00     0      0.00      0.00       0       0   0.00  irq/86-tegra-oc
02:48:09 AM     0       130    0.00    0.00    0.00    0.00    0.00     5      0.00      0.00       0       0   0.00  dm_bufio_cache
02:48:09 AM     0       131    0.00    0.00    0.00    0.00    0.00     0      0.00      0.00       0       0   0.00  irq/223-max7762
02:48:09 AM     0       140    0.00    0.00    0.00    0.00    0.00     0      0.00      0.00       0       0   0.00  irq/55-bc00000.
02:48:09 AM     0       143    0.00    0.00    0.00    0.00    0.00     0      0.00      0.00       0       0   0.00  ipv6_addrconf
02:48:09 AM     0       144    0.00    0.00    0.00    0.00    0.00     6      0.00      0.00       0       0   0.00  krfcommd
02:48:09 AM     0       145    0.00    0.00    0.00    0.00    0.00     0      0.00      0.00       0       0   0.00  kstrp
02:48:09 AM     0       150    0.00    0.00    0.00    0.00    0.00     0      0.00      0.00       0       0   0.00  irq/24-tegra-pc
02:48:09 AM     0       154    0.00    0.00    0.00    0.00    0.00     0      0.00      0.00       0       0   0.00  irq/26-tegra-pc
02:48:09 AM     0       160    0.00    0.00    0.00    0.00    0.00     0      0.00      0.00       0       0   0.00  irq/26-aerdrv
02:48:09 AM     0       161    0.00    0.00    0.00    0.00    0.00     0      0.00      0.00       0       0   0.00  irq/28-tegra-pc
02:48:09 AM     0       162    0.00    0.00    0.00    0.00    0.00     0      0.00      0.00       0       0   0.00  irq/28-aerdrv
02:48:09 AM     0       163    0.00    0.00    0.00    0.00    0.00     5      0.00      0.00       0       0   0.00  host_low_prio_w
02:48:09 AM     0       164    0.00    0.00    0.00    0.00    0.00     0      0.00      0.00       0       0   0.00  irq/57-host_syn
02:48:09 AM     0       165    0.00    0.00    0.00    0.00    0.00     0      0.00      0.00       0       0   0.00  irq/58-host_sta
02:48:09 AM     0       173    0.00    0.00    0.00    0.00    0.00     5      0.00      0.00       0       0   0.00  pva_task_status
02:48:09 AM     0       174    0.00    0.00    0.00    0.00    0.00     0      0.00      0.00       0       0   0.00  irq/75-pva-isr
02:48:09 AM     0       175    0.00    0.00    0.00    0.00    0.00     0      0.00      0.00       0       0   0.00  pva_task_status
02:48:09 AM     0       176    0.00    0.00    0.00    0.00    0.00     0      0.00      0.00       0       0   0.00  irq/76-pva-isr
02:48:09 AM     0       185    0.00    0.00    0.00    0.00    0.00     0      0.00      0.00       0       0   0.00  sdhci
02:48:09 AM     0       186    0.00    0.00    0.00    0.00    0.00     0      0.00      0.00       0       0   0.00  irq/39-mmc0
02:48:09 AM     0       187    0.00    0.00    0.00    0.00    0.00     2      0.00      0.00       0       0   0.00  sdhci
02:48:09 AM     0       189    0.00    0.00    0.00    0.00    0.00     0      0.00      0.00       0       0   0.00  irq/40-mmc1
02:48:09 AM     0       195    0.00    0.00    0.00    0.00    0.00     7      0.00      0.00       0       0   0.00  scsi_eh_0
02:48:09 AM     0       196    0.00    0.00    0.00    0.00    0.00     7      0.00      0.00       0       0   0.00  scsi_tmf_0
02:48:09 AM     0       197    0.00    0.00    0.00    0.00    0.00     0      0.00      0.00       0       0   0.00  kworker/5:2-events
02:48:09 AM     0       198    0.00    0.00    0.00    0.00    0.00     0      0.00      0.00       0       0   0.00  irq/67-15200000
02:48:09 AM     0       199    0.00    0.00    0.00    0.00    0.00     1      0.00      0.00       0       0   0.00  tegradc.0/a
02:48:09 AM     0       200    0.00    0.00    0.00    0.00    0.00     0      0.00      0.00       0       0   0.00  tegradc.0/b
02:48:09 AM     0       201    0.00    0.00    0.00    0.00    0.00     0      0.00      0.00       0       0   0.00  tegradc.0/c
02:48:09 AM     0       202    0.00    0.00    0.00    0.00    0.00     0      0.00      0.00       0       0   0.00  tegradc.0/d
02:48:09 AM     0       203    0.00    0.00    0.00    0.00    0.00     0      0.00      0.00       0       0   0.00  tegradc.0/e
02:48:09 AM     0       204    0.00    0.00    0.00    0.00    0.00     0      0.00      0.00       0       0   0.00  tegradc.0/f
02:48:09 AM     0       205    0.00    0.00    0.00    0.00    0.00     0      0.00      0.00       0       0   0.00  tegradc.0/sl
02:48:09 AM     0       206    0.00    0.00    0.00    0.00    0.00     0      0.00      0.00       0       0   0.00  irq/62-15200000
02:48:09 AM     0       207    0.00    0.00    0.00    0.00    0.00     0      0.00      0.00       0       0   0.00  irq/276-3400000
02:48:09 AM     0       208    0.00    0.00    0.00    0.00    0.00     0      0.00      0.00       0       0   0.00  ufs_eh_wq_0
02:48:09 AM     0       209    0.00    0.00    0.00    0.00    0.00     3      0.00      0.00       0       0   0.00  mmc_complete
02:48:09 AM     0       211    0.00    0.00    0.00    0.00    0.00     0      0.00      0.00       0       0   0.00  irq/278-1520000
02:48:09 AM     0       212    0.00    0.00    0.00    0.00    0.00     0      0.00      0.00       0       0   0.00  irq/203-3610000
02:48:09 AM     0       213    0.00    0.00    0.00    0.00    0.00     0      0.00      0.00       0       0   0.00  irq/221-3610000
02:48:09 AM     0       214    0.00    0.00    0.00    0.00    0.00     0      0.00      0.00       0       0   0.00  irq/30-tegra-pc
02:48:09 AM     0       216    0.00    0.00    0.00    0.00    0.00     0      0.00      0.00       0       0   0.00  kworker/4:3-events
02:48:09 AM     0       218    0.00    0.00    0.00    0.00    0.00     4      0.00      0.00       0       0   0.00  kworker/4:5-events
02:48:09 AM     0       221    0.00    0.00    0.00    0.00    0.00     0      0.00      0.00       0       0   0.00  kworker/6:12-events
02:48:09 AM     0       222    0.00    0.00    0.00    0.00    0.00     0      0.00      0.00       0       0   0.00  kworker/6:13-events
02:48:09 AM     0       225    0.00    0.00    0.00    0.00    0.00     0      0.00      0.00       0       0   0.00  irq/68-tegra_dp
02:48:09 AM     0       226    0.00    0.00    0.00    0.00    0.00     0      0.00      0.00       0       0   0.00  irq/65-15210000
02:48:09 AM     0       227    0.00    0.00    0.00    0.00    0.00     0      0.00      0.00       0       0   0.00  tegradc.1/a
02:48:09 AM     0       228    0.00    0.00    0.00    0.00    0.00     0      0.00      0.00       0       0   0.00  tegradc.1/b
02:48:09 AM     0       229    0.00    0.00    0.00    0.00    0.00     0      0.00      0.00       0       0   0.00  tegradc.1/c
02:48:09 AM     0       230    0.00    0.00    0.00    0.00    0.00     0      0.00      0.00       0       0   0.00  tegradc.1/d
02:48:09 AM     0       231    0.00    0.00    0.00    0.00    0.00     0      0.00      0.00       0       0   0.00  tegradc.1/e
02:48:09 AM     0       232    0.00    0.00    0.00    0.00    0.00     0      0.00      0.00       0       0   0.00  tegradc.1/f
02:48:09 AM     0       233    0.00    0.00    0.00    0.00    0.00     1      0.00      0.00       0       0   0.00  tegradc.1/sl
02:48:09 AM     0       234    0.00    0.00    0.00    0.00    0.00     0      0.00      0.00       0       0   0.00  irq/63-15210000
02:48:09 AM     0       249    0.00    0.00    0.00    0.00    0.00     0      0.00      0.00       0       0   0.00  irq/56-d230000.
02:48:09 AM     0       250    0.00    0.00    0.00    0.00    0.00     0      0.00      0.00       0       0   0.00  irq/69-tegra_dp
02:48:09 AM     0       251    0.00    0.00    0.00    0.00    0.00     0      0.00      0.00       0       0   0.00  irq/66-15220000
02:48:09 AM     0       252    0.00    0.00    0.00    0.00    0.00     0      0.00      0.00       0       0   0.00  tegradc.2/a
02:48:09 AM     0       253    0.00    0.00    0.00    0.00    0.00     0      0.00      0.00       0       0   0.00  tegradc.2/b
02:48:09 AM     0       254    0.00    0.00    0.00    0.00    0.00     0      0.00      0.00       0       0   0.00  tegradc.2/c
02:48:09 AM     0       255    0.00    0.00    0.00    0.00    0.00     0      0.00      0.00       0       0   0.00  tegradc.2/d
02:48:09 AM     0       256    0.00    0.00    0.00    0.00    0.00     0      0.00      0.00       0       0   0.00  tegradc.2/e
02:48:09 AM     0       257    0.00    0.00    0.00    0.00    0.00     0      0.00      0.00       0       0   0.00  tegradc.2/f
02:48:09 AM     0       258    0.00    0.00    0.00    0.00    0.00     0      0.00      0.00       0       0   0.00  tegradc.2/sl
02:48:09 AM     0       259    0.00    0.00    0.00    0.00    0.00     0      0.00      0.00       0       0   0.00  irq/64-15220000
02:48:09 AM     0       275    0.00    0.00    0.00    0.00    0.00     2      0.00      0.00       0       0   0.00  jbd2/mmcblk0p1-
02:48:09 AM     0       276    0.00    0.00    0.00    0.00    0.00     3      0.00      0.00       0       0   0.00  ext4-rsv-conver
02:48:09 AM     0       280    0.00    0.00    0.00    0.00    0.00     7      0.00      0.00       0       0   0.00  kworker/7:1H
02:48:09 AM     0       286    0.00    0.00    0.00    0.00    0.00     5      0.00      0.00       0       0   0.00  kworker/5:1H-kblockd
02:48:09 AM     0       312    0.00    0.00    0.00    0.00    0.00     2      0.00      0.00   61816   31808   0.10  systemd-journal
02:48:09 AM     0       338    0.00    3.00    0.00   17.00    3.00     1      0.00      0.00       0       0   0.00  nvmap-bz
02:48:09 AM     0       339    0.00    0.00    0.00    0.00    0.00     0      0.00      0.00       0       0   0.00  irq/204-gk20a_s
02:48:09 AM     0       340    0.00    0.00    0.00    0.00    0.00     0      0.00      0.00       0       0   0.00  irq/205-gk20a_n
02:48:09 AM     0       345    0.00    0.00    0.00    0.00    0.00     3      0.00      0.00    2776    1492   0.00  tee-supplicant
02:48:09 AM     0       347    0.00    0.00    0.00    0.00    0.00     3      0.00      0.00       0       0   0.00  optee_bus_scan
02:48:09 AM     0       358    0.00    0.00    0.00    0.00    0.00     3      0.00      0.00   22788    7532   0.02  systemd-udevd
02:48:09 AM     0       364    0.00    0.00    0.00    0.00    0.00     1      0.00      0.00    7948    4892   0.02  haveged
02:48:09 AM   126       365    0.00    0.00    0.00    0.00    0.00     3      0.00      0.00    7136    3108   0.01  rpcbind
02:48:09 AM   105       366    0.00    0.00    0.00    0.00    0.00     1      0.00      0.00   25592   13288   0.04  systemd-resolve
02:48:09 AM   103       367    0.00    0.00    0.00    0.00    0.00     1      0.00      0.00   90672    6220   0.02  systemd-timesyn
02:48:09 AM     0       407    0.00    0.00    0.00    0.00    0.00     5      0.00      0.00       0       0   0.00  cfg80211
02:48:09 AM     0       410    0.00    0.00    0.00    0.00    0.00     0      0.00      0.00       0       0   0.00  irq/42-3210000.
02:48:09 AM     0       412    0.00    0.00    0.00    0.00    0.00     2      0.00      0.00       0       0   0.00  spi0
02:48:09 AM     0       413    0.00   13.00    0.00    0.00   13.00     1      0.00      0.00       0       0   0.00  irq/282-iwlwifi
02:48:09 AM     0       416    0.00    0.00    0.00    0.00    0.00     4      0.00      0.00       0       0   0.00  ata_sff
02:48:09 AM     0       419    0.00    0.00    0.00    0.00    0.00     0      0.00      0.00       0       0   0.00  irq/43-c260000.
02:48:09 AM     0       420    0.00    0.00    0.00    0.00    0.00     6      0.00      0.00       0       0   0.00  scsi_eh_1
02:48:09 AM     0       422    0.00    0.00    0.00    0.00    0.00     6      0.00      0.00       0       0   0.00  scsi_tmf_1
02:48:09 AM     0       427    0.00    0.00    0.00    0.00    0.00     0      0.00      0.00       0       0   0.00  spi1
02:48:09 AM     0       430    0.00    0.00    0.00    0.00    0.00     3      0.00      0.00  242072    8880   0.03  accounts-daemon
02:48:09 AM   120       439    0.00    0.00    0.00    0.00    0.00     1      0.00      0.00    7084    3472   0.01  avahi-daemon
02:48:09 AM     0       441    0.00    0.00    0.00    0.00    0.00     3      0.00      0.00    9220    2516   0.01  cron
02:48:09 AM   106       443    0.00    0.00    0.00    0.00    0.00     3      0.00      0.00    9396    5264   0.02  dbus-daemon
02:48:09 AM     0       447    0.00    0.00    0.00    0.00    0.00     3      0.00      0.00  341244   20856   0.07  NetworkManager
02:48:09 AM     0       456    0.00    0.00    0.00    0.00    0.00     4      0.00      0.00   38300   19472   0.06  networkd-dispat
02:48:09 AM     0       473    0.00    0.00    0.00    0.00    0.00     2      0.00      0.00  238860   13352   0.04  polkitd
02:48:09 AM   125       483    0.00    0.00    0.00    0.00    0.00     3      0.00      0.00  220940    8288   0.03  rsyslogd
02:48:09 AM     0       503    0.00    0.00    0.00    0.00    0.00     2      0.00      0.00  235864    4364   0.01  switcheroo-cont
02:48:09 AM     0       514    0.00    0.00    0.00    0.00    0.00     2      0.00      0.00   17076    6760   0.02  systemd-logind
02:48:09 AM     0       523    0.00    0.00    0.00    0.00    0.00     1      0.00      0.00  395556   15676   0.05  udisksd
02:48:09 AM     0       528    0.00    0.00    0.00    0.00    0.00     0      0.00      0.00   12784    8052   0.03  wpa_supplicant
02:48:09 AM     0       548    0.00    0.00    0.00    0.00    0.00     0      0.00      0.00       0       0   0.00  sugov:0
02:48:09 AM   120       555    0.00    0.00    0.00    0.00    0.00     2      0.00      0.00    6896     324   0.00  avahi-daemon
02:48:09 AM     0       585    0.00    0.00    0.00    0.00    0.00     5      0.00      0.00       0       0   0.00  tmp451
02:48:09 AM     0       597    0.00    0.00    0.00    0.00    0.00     3      0.00      0.00       0       0   0.00  irq/286-1-0008
02:48:09 AM     0       600    0.00    0.00    0.00    0.00    0.00     2      0.00      0.00  321792   14480   0.05  ModemManager
02:48:09 AM     0       653    0.00    0.00    0.00    0.00    0.00     0      0.00      0.00    2476     604   0.00  nvfancontrol
02:48:09 AM     0       728    0.00    0.00    0.00    0.00    0.00     4      0.00      0.00       0       0   0.00  adspp_kthread
02:48:09 AM     0       779    0.00    0.00    0.00    0.00    0.00     6      0.00      0.00       0       0   0.00  kworker/6:2H-kblockd
02:48:09 AM     0       876    0.00    0.00    0.00    0.00    0.00     1      0.00      0.00       0       0   0.00  irq/289-2490000
02:48:09 AM     0       887    0.00    0.00    0.00    0.00    0.00     0      0.00      0.00       0       0   0.00  irq/32-eth0.com
02:48:09 AM     0       919    0.00    0.00    0.00    0.00    0.00     4      0.00      0.00       0       0   0.00  file-storage
02:48:09 AM     0       953    0.00    0.00    0.00    0.00    0.00     1      0.00      0.00       0       0   0.00  loop0
02:48:09 AM     0      1048    0.00    0.00    0.00    0.00    0.00     4      0.00      0.00       0       0   0.00  kworker/4:2H-kblockd
02:48:09 AM     0      1091    0.00    0.00    0.00    0.00    0.00     3      0.00      0.00       0       0   0.00  cryptd
02:48:09 AM     0      1147    0.00    0.00    0.00    0.00    0.00     2      0.00      0.00       0       0   0.00  sw-quiesce
02:48:09 AM     0      1148    0.00    1.00    0.00    0.00    1.00     0      0.00      0.00       0       0   0.00  nvgpu_channel_p
02:48:09 AM     0      1151    0.00    0.00    0.00    0.00    0.00     1      0.00      0.00       0       0   0.00  nvgpu_nvs_gv11b
02:48:09 AM     0      1153    0.00    0.00    0.00    0.00    0.00     0      0.00      0.00       0       0   0.00  nvgpu_pg_init_g
02:48:09 AM     0      1157    0.00    0.00    0.00    0.00    0.00     2      0.00      0.00       0       0   0.00  nvgpu_clk_arb_p
02:48:09 AM     0      1162    0.00    0.00    0.00    0.00    0.00     3      0.00      0.00       0       0   0.00  irq/288-rt5659
02:48:09 AM     0      1270    0.00    0.00    0.00    0.00    0.00     3      0.00      0.00   55688   11092   0.03  nvargus-daemon
02:48:09 AM     0      1273    0.00    0.00    0.00    0.00    0.00     3      0.00      0.00   21932    1552   0.00  nvs-service
02:48:09 AM     0      1298    0.00    0.00    0.00    0.00    0.00     1      0.00      0.00 2007972   50424   0.16  containerd
02:48:09 AM     0      1314    0.00    0.00    0.00    0.00    0.00     0      0.00      0.00  240032    7616   0.02  gdm3
02:48:09 AM   108      1326    0.00    0.00    0.00    0.00    0.00     2      0.00      0.00   11468    1896   0.01  kerneloops
02:48:09 AM     0      1327    0.00    0.00    0.00    0.00    0.00     3      0.00      0.00   12236    6576   0.02  sshd
02:48:09 AM     0      1336    0.00    0.00    0.00    0.00    0.00     0      0.00      0.00    7688    1876   0.01  agetty
02:48:09 AM     0      1337    0.00    0.00    0.00    0.00    0.00     2      0.00      0.00    7688    1904   0.01  agetty
02:48:09 AM   108      1339    0.00    0.00    0.00    0.00    0.00     0      0.00      0.00   11468    1820   0.01  kerneloops
02:48:09 AM     0      1340    0.00    0.00    0.00    0.00    0.00     3      0.00      0.00    9216    2824   0.01  nvgetty.sh
02:48:09 AM     0      1379    0.00    0.00    0.00    0.00    0.00     0      0.00      0.00    7688    1848   0.01  getty
02:48:09 AM     0      1554    0.00    0.00    0.00    0.00    0.00     2      0.00      0.00 2111796   85472   0.27  dockerd
02:48:09 AM     0      1677    0.00    0.00    0.00    0.00    0.00     1      0.00      0.00  168472    8256   0.03  gdm-session-wor
02:48:09 AM     0      1711    0.00    0.00    0.00    0.00    0.00     0      0.00      0.00    3248     808   0.00  nvphsd
02:48:09 AM     0      1716    0.00    0.00    0.00    0.00    0.00     3      0.00      0.00    3380    1788   0.01  nvphsd
02:48:09 AM   124      1789    0.00    0.00    0.00    0.00    0.00     3      0.00      0.00   19144    9224   0.03  systemd
02:48:09 AM   124      1804    0.00    0.00    0.00    0.00    0.00     3      0.00      0.00  104488    5436   0.02  (sd-pam)
02:48:09 AM   124      2014    0.00    0.00    0.00    0.00    0.00     0      0.00      0.00  961884   21984   0.07  pulseaudio
02:48:09 AM   124      2032    0.00    0.00    0.00    0.00    0.00     2      0.00      0.00  164156    5924   0.02  gdm-x-session
02:48:09 AM   124      2037    0.00    0.00    0.00    0.00    0.00     1      0.00      0.00 25330232   99256   0.31  Xorg
02:48:09 AM   118      2040    0.00    0.00    0.00    0.00    0.00     1      0.00      0.00  152516    2440   0.01  rtkit-daemon
02:48:09 AM   124      2162    0.00    0.00    0.00    0.00    0.00     2      0.00      0.00    7812    3448   0.01  dbus-daemon
02:48:09 AM   124      2428    0.00    0.00    0.00    0.00    0.00     0      0.00      0.00    4776    1164   0.00  dbus-run-sessio
02:48:09 AM   124      2429    0.00    0.00    0.00    0.00    0.00     2      0.00      0.00    8088    4104   0.01  dbus-daemon
02:48:09 AM   124      2438    0.00    0.00    0.00    0.00    0.00     2      0.00      0.00  559768   14932   0.05  gnome-session-b
02:48:09 AM     0      2457    0.00    0.00    0.00    0.00    0.00     2      0.00      0.00  101692   19628   0.06  jtop
02:48:09 AM   124      2463    0.00    0.00    0.00    0.00    0.00     3      0.00      0.00  309548   10092   0.03  at-spi-bus-laun
02:48:09 AM   124      2470    0.00    0.00    0.00    0.00    0.00     1      0.00      0.00    7676    3468   0.01  dbus-daemon
02:48:09 AM   124      2495    0.00    0.00    0.00    0.00    0.00     1      0.00      0.00 4022996  194908   0.61  gnome-shell
02:48:09 AM     0      2510    0.00    0.00    0.00    0.00    0.00     0      0.00      0.00  175424   16904   0.05  jtop
02:48:09 AM     0      2518    0.00    0.00    0.00    0.00    0.00     2      0.00      0.00  101692   17160   0.05  jtop
02:48:09 AM   124      2696    0.00    0.00    0.00    0.00    0.00     0      0.00      0.00  314420   11212   0.04  ibus-daemon
02:48:09 AM   124      2699    0.00    0.00    0.00    0.00    0.00     2      0.00      0.00  239960   11792   0.04  ibus-dconf
02:48:09 AM   124      2701    0.00    0.00    0.00    0.00    0.00     2      0.00      0.00  189920   16900   0.05  ibus-x11
02:48:09 AM   124      2704    0.00    0.00    0.00    0.00    0.00     3      0.00      0.00  239880    7776   0.02  ibus-portal
02:48:09 AM   124      2715    0.00    0.00    0.00    0.00    0.00     1      0.00      0.00  161420    6880   0.02  at-spi2-registr
02:48:09 AM   124      2719    0.00    0.00    0.00    0.00    0.00     3      0.00      0.00  235804    4672   0.01  xdg-permission-
02:48:09 AM     0      2725    0.00    0.00    0.00    0.00    0.00     3      0.00      0.00  252944    8776   0.03  upowerd
02:48:09 AM   124      2745    0.00    0.00    0.00    0.00    0.00     2      0.00      0.00 3001620   27244   0.09  gjs
02:48:09 AM   124      2764    0.00    0.00    0.00    0.00    0.00     1      0.00      0.00  469396   14236   0.04  gsd-sharing
02:48:09 AM   124      2765    0.00    0.00    0.00    0.00    0.00     1      0.00      0.00  334628   15072   0.05  gsd-wacom
02:48:09 AM   124      2768    0.00    0.00    0.00    0.00    0.00     2      0.00      0.00  571788   19844   0.06  gsd-color
02:48:09 AM   124      2772    0.00    0.00    0.00    0.00    0.00     3      0.00      0.00  338096   17824   0.06  gsd-keyboard
02:48:09 AM   124      2774    0.00    0.00    0.00    0.00    0.00     2      0.00      0.00  322508   11376   0.04  gsd-print-notif
02:48:09 AM   124      2779    0.00    0.00    0.00    0.00    0.00     3      0.00      0.00  166208    7736   0.02  ibus-engine-sim
02:48:09 AM   124      2780    0.00    0.00    0.00    0.00    0.00     1      0.00      0.00  457460    7996   0.03  gsd-rfkill
02:48:09 AM   124      2782    0.00    0.00    0.00    0.00    0.00     1      0.00      0.00  391976    9696   0.03  gsd-smartcard
02:48:09 AM   124      2784    0.00    0.00    0.00    0.00    0.00     2      0.00      0.00  374928   15372   0.05  gsd-datetime
02:48:09 AM   124      2790    0.00    0.00    0.00    0.00    0.00     3      0.00      0.00  679696   20032   0.06  gsd-media-keys
02:48:09 AM   124      2791    0.00    0.00    0.00    0.00    0.00     3      0.00      0.00  235772    5600   0.02  gsd-screensaver
02:48:09 AM   124      2793    0.00    0.00    0.00    0.00    0.00     3      0.00      0.00  320104    9452   0.03  gsd-sound
02:48:09 AM   124      2795    0.00    0.00    0.00    0.00    0.00     3      0.00      0.00  313652   10144   0.03  gsd-a11y-settin
02:48:09 AM   124      2799    0.00    0.00    0.00    0.00    0.00     2      0.00      0.00  313992   10540   0.03  gsd-housekeepin
02:48:09 AM   124      2802    0.00    0.00    0.00    0.00    0.00     1      0.00      0.00  339724   18828   0.06  gsd-power
02:48:09 AM   124      2824    0.00    0.00    0.00    0.00    0.00     2      0.00      0.00  342540   12784   0.04  gsd-printer
02:48:09 AM   119      2837    0.00    0.00    0.00    0.00    0.00     2      0.00      0.00  249328   17548   0.06  colord
02:48:09 AM     0     29120    0.00    0.00    0.00    0.00    0.00     3      0.00      0.00       0       0   0.00  kworker/u17:2
02:48:09 AM     0     33852    0.00    0.00    0.00    0.00    0.00     1      0.00      0.00       0       0   0.00  kworker/1:0H-kblockd
02:48:09 AM     0     35048    0.00    0.00    0.00    0.00    0.00     0      0.00      0.00       0       0   0.00  kworker/u17:0-thermal_fan_est
02:48:09 AM  1000     39960    0.00    0.00    0.00    0.00    0.00     2      0.00      0.00   19248    9208   0.03  systemd
02:48:09 AM  1000     39961    0.00    0.00    0.00    0.00    0.00     2      0.00      0.00  170940    6304   0.02  (sd-pam)
02:48:09 AM  1000     40037    0.00    0.00    0.00    0.00    0.00     3      0.00      0.00    7812    3952   0.01  dbus-daemon
02:48:09 AM     0     40147    0.00    0.00    0.00    0.00    0.00     1      0.00      0.00       0       0   0.00  kworker/1:0-pm
02:48:09 AM     0     40174    0.00    0.00    0.00    0.00    0.00     2      0.00      0.00       0       0   0.00  kworker/2:2H-kblockd
02:48:09 AM     0     40194    0.00    0.00    0.00    0.00    0.00     3      0.00      0.00       0       0   0.00  kworker/3:0H-kblockd
02:48:09 AM     0     41650    0.00    0.00    0.00    0.00    0.00     3      0.00      0.00       0       0   0.00  kworker/3:0-events
02:48:09 AM     0     43913    0.00    0.00    0.00    0.00    0.00     2      0.00      0.00   14768    7560   0.02  sshd
02:48:09 AM  1000     43958    0.00    0.00    0.00    0.00    0.00     0      0.00      0.00   15292    6400   0.02  sshd
02:48:09 AM  1000     43959    0.00    0.00    0.00    0.00    0.00     1      0.00      0.00   11344    5444   0.02  bash
02:48:09 AM     0     50050    0.00    0.00    0.00    0.00    0.00     2      0.00      0.00   14768    7572   0.02  sshd
02:48:09 AM  1000     50094    0.00    0.00    0.00    0.00    0.00     3      0.00      0.00   15292    6428   0.02  sshd
02:48:09 AM  1000     50095    0.00    0.00    0.00    0.00    0.00     2      0.00      0.00   11344    5448   0.02  bash
02:48:09 AM     0     81462    0.00    0.00    0.00    0.00    0.00     2      0.00      0.00       0       0   0.00  kworker/2:2-mm_percpu_wq
02:48:09 AM     0     81478    0.00    0.00    0.00    0.00    0.00     0      0.00      0.00       0       0   0.00  kworker/0:1H-kblockd
02:48:09 AM  1000     84840    0.00    0.00    0.00    0.00    0.00     3      0.00      0.00  240176   10088   0.03  gnome-keyring-d
02:48:09 AM   124     84900    0.00    0.00    0.00    0.00    0.00     1      0.00      0.00  156240    4584   0.01  dconf-service
02:48:09 AM     0     85427    0.00    0.00    0.00    0.00    0.00     0      0.00      0.00       0       0   0.00  kworker/0:2-events
02:48:09 AM     0     86310    0.00    0.00    0.00    0.00    0.00     1      0.00      0.00       0       0   0.00  kworker/u16:1-events_unbound
02:48:09 AM     0     86312    0.00    0.00    0.00    0.00    0.00     3      0.00      0.00   14768    7564   0.02  sshd
02:48:09 AM  1000     86356    0.00    0.00    0.00    0.00    0.00     0      0.00      0.00   15292    6380   0.02  sshd
02:48:09 AM  1000     86357    0.00    0.00    0.00    0.00    0.00     1      0.00      0.00   11344    5440   0.02  bash
02:48:09 AM     0     86549    0.00    0.00    0.00    0.00    0.00     2      0.00      0.00   14768    7664   0.02  sshd
02:48:09 AM  1000     86593    0.00    0.00    0.00    0.00    0.00     2      0.00      0.00   15292    6480   0.02  sshd
02:48:09 AM  1000     86594    0.00    0.00    0.00    0.00    0.00     2      0.00      0.00   11860    5896   0.02  bash
02:48:09 AM     0     86632    0.00    0.00    0.00    0.00    0.00     3      0.00      0.00       0       0   0.00  kworker/3:2
02:48:09 AM     0     87290    0.00    0.00    0.00    0.00    0.00     0      0.00      0.00   14768    7584   0.02  sshd
02:48:09 AM  1000     87334    0.00    0.00    0.00    0.00    0.00     0      0.00      0.00   15292    6412   0.02  sshd
02:48:09 AM  1000     87335    0.00    0.00    0.00    0.00    0.00     2      0.00      0.00   11344    5436   0.02  bash
02:48:09 AM     0     89981    0.00    0.00    0.00    0.00    0.00     1      0.00      0.00       0       0   0.00  kworker/1:1-events
02:48:09 AM     0     95050    0.00    0.00    0.00    0.00    0.00     2      0.00      0.00       0       0   0.00  kworker/2:0-events
02:48:09 AM     0     96173    0.00    0.00    0.00    0.00    0.00     1      0.00      0.00       0       0   0.00  kworker/1:2-events
02:48:09 AM     0     99494    0.00    0.00    0.00    0.00    0.00     1      0.00      0.00       0       0   0.00  kworker/u16:3-events_unbound
02:48:09 AM     0    107801    0.00    0.00    0.00    0.00    0.00     1      0.00      0.00       0       0   0.00  kworker/1:2H
02:48:09 AM     0    122883    0.00    0.00    0.00    0.00    0.00     2      0.00      0.00       0       0   0.00  kworker/u16:2-events_unbound
02:48:09 AM     0    123203    0.00    0.00    0.00    0.00    0.00     3      0.00      0.00       0       0   0.00  kworker/3:2H
02:48:09 AM     0    124025    0.00    0.00    0.00    0.00    0.00     2      0.00      0.00       0       0   0.00  kworker/2:0H
02:48:09 AM     0    130503    0.00    0.00    0.00    0.00    0.00     0      0.00      0.00       0       0   0.00  kworker/0:0H
02:48:09 AM     0    130577    0.00    0.00    0.00    0.00    0.00     0      0.00      0.00       0       0   0.00  kworker/0:1-events
02:48:09 AM     0    130584    0.00    0.00    0.00    0.00    0.00     2      0.00      0.00   14768    7576   0.02  sshd
02:48:09 AM  1000    130628    1.00    3.00    0.00    1.00    4.00     0      0.00      0.00   16676    7816   0.02  sshd
02:48:09 AM  1000    130629    0.00    0.00    0.00    0.00    0.00     3      0.00      0.00   11344    5436   0.02  bash
02:48:09 AM  1000    130765    0.00    0.00    0.00    0.00    0.00     3      0.00      0.00  283948   43148   0.14  roslaunch
02:48:09 AM  1000    130773    0.00    0.00    0.00    1.00    0.00     2      0.00      0.00  797980   45684   0.14  rosmaster
02:48:09 AM  1000    130783    1.00    0.00    0.00    0.00    1.00     3      0.00      0.00  274964   10152   0.03  rosout
02:48:09 AM  1000    130790   61.00   61.00    0.00    7.00  122.00     1      0.00      0.00 34790064  712500   2.25  scale_truck_con
02:48:09 AM  1000    130791   25.00   58.00    0.00    0.00   83.00     1      0.00      0.00 1571432  113560   0.36  LRC
02:48:09 AM  1000    130854    0.00    0.00    0.00    1.00    0.00     2      0.00      0.00  724884   93416   0.29  python3
02:48:09 AM     0    131985    0.00    0.00    0.00    0.00    0.00     2      0.00      0.00       0       0   0.00  kworker/2:1H
02:48:09 AM     0    132214    0.00    0.00    0.00    0.00    0.00     1      0.00      0.00       0       0   0.00  kworker/1:1H
02:48:09 AM     0    133801    0.00    0.00    0.00    0.00    0.00     0      0.00      0.00       0       0   0.00  kworker/0:0-events
02:48:09 AM     0    137289    0.00    0.00    0.00    0.00    0.00     1      0.00      0.00       0       0   0.00  kworker/1:3-pm
02:48:09 AM     0    139165    0.00    0.00    0.00    0.00    0.00     0      0.00      0.00       0       0   0.00  kworker/0:2H
02:48:09 AM     0    139402    0.00    0.00    0.00    0.00    0.00     1      0.00      0.00       0       0   0.00  kworker/u16:0-events_unbound
02:48:09 AM     0    142495    0.00    0.00    0.00    0.00    0.00     1      0.00      0.00       0       0   0.00  kworker/1:4-events
02:48:09 AM  1000    144270    0.00    0.00    0.00    0.00    0.00     0      0.00      0.00    7828     552   0.00  timeout
02:48:09 AM  1000    144271    0.00    0.00    0.00    0.00    0.00     0      0.00      0.00   68712   43156   0.14  rosbag
02:48:09 AM  1000    144272    0.00    0.00    0.00    0.00    0.00     2      0.00      0.00    9208    3300   0.01  bash
02:48:09 AM  1000    144520   43.00   19.00    0.00   28.00   62.00     3   5000.00      0.00   68692   42744   0.13  rosbag
02:48:09 AM  1000    144531   16.00   30.00    0.00    0.00   46.00     2     67.00      0.00 1171596   22120   0.07  record
02:48:09 AM  1000    144614    6.00   12.00    0.00   11.00   18.00     3    102.00      0.00   17812    9560   0.03  pidstat

# Time        UID       PID    %usr %system  %guest   %wait    %CPU   CPU  minflt/s  majflt/s     VSZ     RSS   %MEM  Command
02:48:10 AM     0         1    0.00    0.00    0.00    0.00    0.00     1      0.00      0.00  169880   11540   0.04  systemd
02:48:10 AM     0         2    0.00    0.00    0.00    0.00    0.00     1      0.00      0.00       0       0   0.00  kthreadd
02:48:10 AM     0         3    0.00    0.00    0.00    0.00    0.00     0      0.00      0.00       0       0   0.00  rcu_gp
02:48:10 AM     0         4    0.00    0.00    0.00    0.00    0.00     0      0.00      0.00       0       0   0.00  rcu_par_gp
02:48:10 AM     0         8    0.00    0.00    0.00    0.00    0.00     0      0.00      0.00       0       0   0.00  mm_percpu_wq
02:48:10 AM     0         9    0.00    0.00    0.00    0.00    0.00     0      0.00      0.00       0       0   0.00  rcu_tasks_kthre
02:48:10 AM     0        10    0.00    0.00    0.00    0.00    0.00     0      0.00      0.00       0       0   0.00  rcu_tasks_rude_
02:48:10 AM     0        11    0.00    0.00    0.00    0.00    0.00     0      0.00      0.00       0       0   0.00  rcu_tasks_trace
02:48:10 AM     0        12    0.00    0.00    0.00    0.00    0.00     0      0.00      0.00       0       0   0.00  ksoftirqd/0
02:48:10 AM     0        13    0.00    1.00    0.00    0.00    1.00     3      0.00      0.00       0       0   0.00  rcu_preempt
02:48:10 AM     0        14    0.00    0.00    0.00    0.00    0.00     0      0.00      0.00       0       0   0.00  migration/0
02:48:10 AM     0        16    0.00    0.00    0.00    0.00    0.00     0      0.00      0.00       0       0   0.00  cpuhp/0
02:48:10 AM     0        17    0.00    0.00    0.00    0.00    0.00     1      0.00      0.00       0       0   0.00  cpuhp/1
02:48:10 AM     0        18    0.00    0.00    0.00    0.00    0.00     1      0.00      0.00       0       0   0.00  migration/1
02:48:10 AM     0        19    0.00    0.00    0.00    0.00    0.00     1      0.00      0.00       0       0   0.00  ksoftirqd/1
02:48:10 AM     0        22    0.00    0.00    0.00    0.00    0.00     2      0.00      0.00       0       0   0.00  cpuhp/2
02:48:10 AM     0        23    0.00    0.00    0.00    0.00    0.00     2      0.00      0.00       0       0   0.00  migration/2
02:48:10 AM     0        24    0.00    0.00    0.00    0.00    0.00     2      0.00      0.00       0       0   0.00  ksoftirqd/2
02:48:10 AM     0        27    0.00    0.00    0.00    0.00    0.00     3      0.00      0.00       0       0   0.00  cpuhp/3
02:48:10 AM     0        28    0.00    0.00    0.00    0.00    0.00     3      0.00      0.00       0       0   0.00  migration/3
02:48:10 AM     0        29    0.00    0.00    0.00    0.00    0.00     3      0.00      0.00       0       0   0.00  ksoftirqd/3
02:48:10 AM     0        32    0.00    0.00    0.00    0.00    0.00     4      0.00      0.00       0       0   0.00  cpuhp/4
02:48:10 AM     0        33    0.00    0.00    0.00    0.00    0.00     4      0.00      0.00       0       0   0.00  migration/4
02:48:10 AM     0        34    0.00    0.00    0.00    0.00    0.00     4      0.00      0.00       0       0   0.00  ksoftirqd/4
02:48:10 AM     0        36    0.00    0.00    0.00    0.00    0.00     4      0.00      0.00       0       0   0.00  kworker/4:0H-kblockd
02:48:10 AM     0        37    0.00    0.00    0.00    0.00    0.00     5      0.00      0.00       0       0   0.00  cpuhp/5
02:48:10 AM     0        38    0.00    0.00    0.00    0.00    0.00     5      0.00      0.00       0       0   0.00  migration/5
02:48:10 AM     0        39    0.00    0.00    0.00    0.00    0.00     5      0.00      0.00       0       0   0.00  ksoftirqd/5
02:48:10 AM     0        41    0.00    0.00    0.00    0.00    0.00     5      0.00      0.00       0       0   0.00  kworker/5:0H-kblockd
02:48:10 AM     0        42    0.00    0.00    0.00    0.00    0.00     6      0.00      0.00       0       0   0.00  cpuhp/6
02:48:10 AM     0        43    0.00    0.00    0.00    0.00    0.00     6      0.00      0.00       0       0   0.00  migration/6
02:48:10 AM     0        44    0.00    0.00    0.00    0.00    0.00     6      0.00      0.00       0       0   0.00  ksoftirqd/6
02:48:10 AM     0        46    0.00    0.00    0.00    0.00    0.00     6      0.00      0.00       0       0   0.00  kworker/6:0H-events_highpri
02:48:10 AM     0        47    0.00    0.00    0.00    0.00    0.00     7      0.00      0.00       0       0   0.00  cpuhp/7
02:48:10 AM     0        48    0.00    0.00    0.00    0.00    0.00     7      0.00      0.00       0       0   0.00  migration/7
02:48:10 AM     0        49    0.00    0.00    0.00    0.00    0.00     7      0.00      0.00       0       0   0.00  ksoftirqd/7
02:48:10 AM     0        50    0.00    0.00    0.00    0.00    0.00     0      0.00      0.00       0       0   0.00  kworker/7:0-rcu_gp
02:48:10 AM     0        51    0.00    0.00    0.00    0.00    0.00     7      0.00      0.00       0       0   0.00  kworker/7:0H-kblockd
02:48:10 AM     0        52    0.00    0.00    0.00    0.00    0.00     0      0.00      0.00       0       0   0.00  kdevtmpfs
02:48:10 AM     0        53    0.00    0.00    0.00    0.00    0.00     4      0.00      0.00       0       0   0.00  netns
02:48:10 AM     0        54    0.00    0.00    0.00    0.00    0.00     1      0.00      0.00       0       0   0.00  kauditd
02:48:10 AM     0        55    0.00    0.00    0.00    0.00    0.00     0      0.00      0.00       0       0   0.00  irq/87-mc_statu
02:48:10 AM     0        56    0.00    0.00    0.00    0.00    0.00     2      0.00      0.00       0       0   0.00  khungtaskd
02:48:10 AM     0        57    0.00    0.00    0.00    0.00    0.00     3      0.00      0.00       0       0   0.00  oom_reaper
02:48:10 AM     0        58    0.00    0.00    0.00    0.00    0.00     5      0.00      0.00       0       0   0.00  writeback
02:48:10 AM     0        59    0.00    0.00    0.00    0.00    0.00     2      0.00      0.00       0       0   0.00  kcompactd0
02:48:10 AM     0        60    0.00    0.00    0.00    0.00    0.00     1      0.00      0.00       0       0   0.00  ksmd
02:48:10 AM     0        61    0.00    0.00    0.00    0.00    0.00     2      0.00      0.00       0       0   0.00  khugepaged
02:48:10 AM     0        93    0.00    0.00    0.00    0.00    0.00     1      0.00      0.00       0       0   0.00  kintegrityd
02:48:10 AM     0        94    0.00    0.00    0.00    0.00    0.00     1      0.00      0.00       0       0   0.00  kblockd
02:48:10 AM     0        95    0.00    0.00    0.00    0.00    0.00     1      0.00      0.00       0       0   0.00  blkcg_punt_bio
02:48:10 AM     0        97    0.00    0.00    0.00    0.00    0.00     3      0.00      0.00       0       0   0.00  tpm_dev_wq
02:48:10 AM     0        98    0.00    0.00    0.00    0.00    0.00     0      0.00      0.00       0       0   0.00  irq/197-30c0000
02:48:10 AM     0        99    0.00    0.00    0.00    0.00    0.00     1      0.00      0.00       0       0   0.00  devfreq_wq
02:48:10 AM     0       100    0.00    0.00    0.00    0.00    0.00     1      0.00      0.00       0       0   0.00  watchdogd
02:48:10 AM     0       104    0.00    0.00    0.00    0.00    0.00     7      0.00      0.00       0       0   0.00  rpciod
02:48:10 AM     0       106    0.00    0.00    0.00    0.00    0.00     7      0.00      0.00       0       0   0.00  xprtiod
02:48:10 AM     0       108    0.00    0.00    0.00    0.00    0.00     7      0.00      0.00       0       0   0.00  kswapd0
02:48:10 AM     0       109    0.00    0.00    0.00    0.00    0.00     5      0.00      0.00       0       0   0.00  nfsiod
02:48:10 AM     0       112    0.00    0.00    0.00    0.00    0.00     1      0.00      0.00       0       0   0.00  kthrotld
02:48:10 AM     0       113    0.00    0.00    0.00    0.00    0.00     7      0.00      0.00       0       0   0.00  kpcitest
02:48:10 AM     0       116    0.00    0.00    0.00    0.00    0.00     5      0.00      0.00       0       0   0.00  kworker/5:1-events
02:48:10 AM     0       122    0.00    0.00    0.00    0.00    0.00     1      0.00      0.00       0       0   0.00  nvme-wq
02:48:10 AM     0       123    0.00    0.00    0.00    0.00    0.00     5      0.00      0.00       0       0   0.00  nvme-reset-wq
02:48:10 AM     0       124    0.00    0.00    0.00    0.00    0.00     6      0.00      0.00       0       0   0.00  nvme-delete-wq
02:48:10 AM     0       125    0.00    0.00    0.00    0.00    0.00     6      0.00      0.00       0       0   0.00  uas
02:48:10 AM     0       126    0.00    0.00    0.00    0.00    0.00     0      0.00      0.00       0       0   0.00  irq/222-tegra_r
02:48:10 AM     0       127    0.00    0.00    0.00    0.00    0.00     0      0.00      0.00       0       0   0.00  kworker/7:2-events
02:48:10 AM     0       129    0.00    0.00    0.00    0.00    0.00     0      0.00      0.00       0       0   0.00  irq/86-tegra-oc
02:48:10 AM     0       130    0.00    0.00    0.00    0.00    0.00     5      0.00      0.00       0       0   0.00  dm_bufio_cache
02:48:10 AM     0       131    0.00    0.00    0.00    0.00    0.00     0      0.00      0.00       0       0   0.00  irq/223-max7762
02:48:10 AM     0       140    0.00    0.00    0.00    0.00    0.00     0      0.00      0.00       0       0   0.00  irq/55-bc00000.
02:48:10 AM     0       143    0.00    0.00    0.00    0.00    0.00     0      0.00      0.00       0       0   0.00  ipv6_addrconf
02:48:10 AM     0       144    0.00    0.00    0.00    0.00    0.00     6      0.00      0.00       0       0   0.00  krfcommd
02:48:10 AM     0       145    0.00    0.00    0.00    0.00    0.00     0      0.00      0.00       0       0   0.00  kstrp
02:48:10 AM     0       150    0.00    0.00    0.00    0.00    0.00     0      0.00      0.00       0       0   0.00  irq/24-tegra-pc
02:48:10 AM     0       154    0.00    0.00    0.00    0.00    0.00     0      0.00      0.00       0       0   0.00  irq/26-tegra-pc
02:48:10 AM     0       160    0.00    0.00    0.00    0.00    0.00     0      0.00      0.00       0       0   0.00  irq/26-aerdrv
02:48:10 AM     0       161    0.00    0.00    0.00    0.00    0.00     0      0.00      0.00       0       0   0.00  irq/28-tegra-pc
02:48:10 AM     0       162    0.00    0.00    0.00    0.00    0.00     0      0.00      0.00       0       0   0.00  irq/28-aerdrv
02:48:10 AM     0       163    0.00    0.00    0.00    0.00    0.00     5      0.00      0.00       0       0   0.00  host_low_prio_w
02:48:10 AM     0       164    0.00    1.00    0.00    0.00    1.00     0      0.00      0.00       0       0   0.00  irq/57-host_syn
02:48:10 AM     0       165    0.00    0.00    0.00    0.00    0.00     0      0.00      0.00       0       0   0.00  irq/58-host_sta
02:48:10 AM     0       173    0.00    0.00    0.00    0.00    0.00     5      0.00      0.00       0       0   0.00  pva_task_status
02:48:10 AM     0       174    0.00    0.00    0.00    0.00    0.00     0      0.00      0.00       0       0   0.00  irq/75-pva-isr
02:48:10 AM     0       175    0.00    0.00    0.00    0.00    0.00     0      0.00      0.00       0       0   0.00  pva_task_status
02:48:10 AM     0       176    0.00    0.00    0.00    0.00    0.00     0      0.00      0.00       0       0   0.00  irq/76-pva-isr
02:48:10 AM     0       185    0.00    0.00    0.00    0.00    0.00     0      0.00      0.00       0       0   0.00  sdhci
02:48:10 AM     0       186    0.00    0.00    0.00    0.00    0.00     0      0.00      0.00       0       0   0.00  irq/39-mmc0
02:48:10 AM     0       187    0.00    0.00    0.00    0.00    0.00     2      0.00      0.00       0       0   0.00  sdhci
02:48:10 AM     0       189    0.00    0.00    0.00    0.00    0.00     0      0.00      0.00       0       0   0.00  irq/40-mmc1
02:48:10 AM     0       195    0.00    0.00    0.00    0.00    0.00     7      0.00      0.00       0       0   0.00  scsi_eh_0
02:48:10 AM     0       196    0.00    0.00    0.00    0.00    0.00     7      0.00      0.00       0       0   0.00  scsi_tmf_0
02:48:10 AM     0       197    0.00    0.00    0.00    0.00    0.00     0      0.00      0.00       0       0   0.00  kworker/5:2-events
02:48:10 AM     0       198    0.00    0.00    0.00    0.00    0.00     0      0.00      0.00       0       0   0.00  irq/67-15200000
02:48:10 AM     0       199    0.00    0.00    0.00    0.00    0.00     1      0.00      0.00       0       0   0.00  tegradc.0/a
02:48:10 AM     0       200    0.00    0.00    0.00    0.00    0.00     0      0.00      0.00       0       0   0.00  tegradc.0/b
02:48:10 AM     0       201    0.00    0.00    0.00    0.00    0.00     0      0.00      0.00       0       0   0.00  tegradc.0/c
02:48:10 AM     0       202    0.00    0.00    0.00    0.00    0.00     0      0.00      0.00       0       0   0.00  tegradc.0/d
02:48:10 AM     0       203    0.00    0.00    0.00    0.00    0.00     0      0.00      0.00       0       0   0.00  tegradc.0/e
02:48:10 AM     0       204    0.00    0.00    0.00    0.00    0.00     0      0.00      0.00       0       0   0.00  tegradc.0/f
02:48:10 AM     0       205    0.00    0.00    0.00    0.00    0.00     0      0.00      0.00       0       0   0.00  tegradc.0/sl
02:48:10 AM     0       206    0.00    0.00    0.00    0.00    0.00     0      0.00      0.00       0       0   0.00  irq/62-15200000
02:48:10 AM     0       207    0.00    0.00    0.00    0.00    0.00     0      0.00      0.00       0       0   0.00  irq/276-3400000
02:48:10 AM     0       208    0.00    0.00    0.00    0.00    0.00     0      0.00      0.00       0       0   0.00  ufs_eh_wq_0
02:48:10 AM     0       209    0.00    0.00    0.00    0.00    0.00     3      0.00      0.00       0       0   0.00  mmc_complete
02:48:10 AM     0       211    0.00    0.00    0.00    0.00    0.00     0      0.00      0.00       0       0   0.00  irq/278-1520000
02:48:10 AM     0       212    0.00    0.00    0.00    0.00    0.00     0      0.00      0.00       0       0   0.00  irq/203-3610000
02:48:10 AM     0       213    0.00    0.00    0.00    0.00    0.00     0      0.00      0.00       0       0   0.00  irq/221-3610000
02:48:10 AM     0       214    0.00    0.00    0.00    0.00    0.00     0      0.00      0.00       0       0   0.00  irq/30-tegra-pc
02:48:10 AM     0       216    0.00    0.00    0.00    0.00    0.00     0      0.00      0.00       0       0   0.00  kworker/4:3-events
02:48:10 AM     0       218    0.00    0.00    0.00    0.00    0.00     4      0.00      0.00       0       0   0.00  kworker/4:5-events
02:48:10 AM     0       221    0.00    0.00    0.00    0.00    0.00     0      0.00      0.00       0       0   0.00  kworker/6:12-events
02:48:10 AM     0       222    0.00    0.00    0.00    0.00    0.00     0      0.00      0.00       0       0   0.00  kworker/6:13-events
02:48:10 AM     0       225    0.00    0.00    0.00    0.00    0.00     0      0.00      0.00       0       0   0.00  irq/68-tegra_dp
02:48:10 AM     0       226    0.00    0.00    0.00    0.00    0.00     0      0.00      0.00       0       0   0.00  irq/65-15210000
02:48:10 AM     0       227    0.00    0.00    0.00    0.00    0.00     0      0.00      0.00       0       0   0.00  tegradc.1/a
02:48:10 AM     0       228    0.00    0.00    0.00    0.00    0.00     0      0.00      0.00       0       0   0.00  tegradc.1/b
02:48:10 AM     0       229    0.00    0.00    0.00    0.00    0.00     0      0.00      0.00       0       0   0.00  tegradc.1/c
02:48:10 AM     0       230    0.00    0.00    0.00    0.00    0.00     0      0.00      0.00       0       0   0.00  tegradc.1/d
02:48:10 AM     0       231    0.00    0.00    0.00    0.00    0.00     0      0.00      0.00       0       0   0.00  tegradc.1/e
02:48:10 AM     0       232    0.00    0.00    0.00    0.00    0.00     0      0.00      0.00       0       0   0.00  tegradc.1/f
02:48:10 AM     0       233    0.00    0.00    0.00    0.00    0.00     1      0.00      0.00       0       0   0.00  tegradc.1/sl
02:48:10 AM     0       234    0.00    0.00    0.00    0.00    0.00     0      0.00      0.00       0       0   0.00  irq/63-15210000
02:48:10 AM     0       249    0.00    0.00    0.00    0.00    0.00     0      0.00      0.00       0       0   0.00  irq/56-d230000.
02:48:10 AM     0       250    0.00    0.00    0.00    0.00    0.00     0      0.00      0.00       0       0   0.00  irq/69-tegra_dp
02:48:10 AM     0       251    0.00    0.00    0.00    0.00    0.00     0      0.00      0.00       0       0   0.00  irq/66-15220000
02:48:10 AM     0       252    0.00    0.00    0.00    0.00    0.00     0      0.00      0.00       0       0   0.00  tegradc.2/a
02:48:10 AM     0       253    0.00    0.00    0.00    0.00    0.00     0      0.00      0.00       0       0   0.00  tegradc.2/b
02:48:10 AM     0       254    0.00    0.00    0.00    0.00    0.00     0      0.00      0.00       0       0   0.00  tegradc.2/c
02:48:10 AM     0       255    0.00    0.00    0.00    0.00    0.00     0      0.00      0.00       0       0   0.00  tegradc.2/d
02:48:10 AM     0       256    0.00    0.00    0.00    0.00    0.00     0      0.00      0.00       0       0   0.00  tegradc.2/e
02:48:10 AM     0       257    0.00    0.00    0.00    0.00    0.00     0      0.00      0.00       0       0   0.00  tegradc.2/f
02:48:10 AM     0       258    0.00    0.00    0.00    0.00    0.00     0      0.00      0.00       0       0   0.00  tegradc.2/sl
02:48:10 AM     0       259    0.00    0.00    0.00    0.00    0.00     0      0.00      0.00       0       0   0.00  irq/64-15220000
02:48:10 AM     0       275    0.00    0.00    0.00    0.00    0.00     2      0.00      0.00       0       0   0.00  jbd2/mmcblk0p1-
02:48:10 AM     0       276    0.00    0.00    0.00    0.00    0.00     3      0.00      0.00       0       0   0.00  ext4-rsv-conver
02:48:10 AM     0       280    0.00    0.00    0.00    0.00    0.00     7      0.00      0.00       0       0   0.00  kworker/7:1H
02:48:10 AM     0       286    0.00    0.00    0.00    0.00    0.00     5      0.00      0.00       0       0   0.00  kworker/5:1H-kblockd
02:48:10 AM     0       312    0.00    0.00    0.00    0.00    0.00     2      0.00      0.00   61816   31808   0.10  systemd-journal
02:48:10 AM     0       338    0.00    4.00    0.00   18.00    4.00     0      0.00      0.00       0       0   0.00  nvmap-bz
02:48:10 AM     0       339    0.00    0.00    0.00    0.00    0.00     0      0.00      0.00       0       0   0.00  irq/204-gk20a_s
02:48:10 AM     0       340    0.00    0.00    0.00    0.00    0.00     0      0.00      0.00       0       0   0.00  irq/205-gk20a_n
02:48:10 AM     0       345    0.00    0.00    0.00    0.00    0.00     3      0.00      0.00    2776    1492   0.00  tee-supplicant
02:48:10 AM     0       347    0.00    0.00    0.00    0.00    0.00     3      0.00      0.00       0       0   0.00  optee_bus_scan
02:48:10 AM     0       358    0.00    0.00    0.00    0.00    0.00     3      0.00      0.00   22788    7532   0.02  systemd-udevd
02:48:10 AM     0       364    0.00    0.00    0.00    0.00    0.00     1      0.00      0.00    7948    4892   0.02  haveged
02:48:10 AM   126       365    0.00    0.00    0.00    0.00    0.00     3      0.00      0.00    7136    3108   0.01  rpcbind
02:48:10 AM   105       366    0.00    0.00    0.00    0.00    0.00     1      0.00      0.00   25592   13288   0.04  systemd-resolve
02:48:10 AM   103       367    0.00    0.00    0.00    0.00    0.00     1      0.00      0.00   90672    6220   0.02  systemd-timesyn
02:48:10 AM     0       407    0.00    0.00    0.00    0.00    0.00     5      0.00      0.00       0       0   0.00  cfg80211
02:48:10 AM     0       410    0.00    0.00    0.00    0.00    0.00     0      0.00      0.00       0       0   0.00  irq/42-3210000.
02:48:10 AM     0       412    0.00    0.00    0.00    0.00    0.00     2      0.00      0.00       0       0   0.00  spi0
02:48:10 AM     0       413    0.00   13.00    0.00    1.00   13.00     1      0.00      0.00       0       0   0.00  irq/282-iwlwifi
02:48:10 AM     0       416    0.00    0.00    0.00    0.00    0.00     4      0.00      0.00       0       0   0.00  ata_sff
02:48:10 AM     0       419    0.00    0.00    0.00    0.00    0.00     0      0.00      0.00       0       0   0.00  irq/43-c260000.
02:48:10 AM     0       420    0.00    0.00    0.00    0.00    0.00     6      0.00      0.00       0       0   0.00  scsi_eh_1
02:48:10 AM     0       422    0.00    0.00    0.00    0.00    0.00     6      0.00      0.00       0       0   0.00  scsi_tmf_1
02:48:10 AM     0       427    0.00    0.00    0.00    0.00    0.00     0      0.00      0.00       0       0   0.00  spi1
02:48:10 AM     0       430    0.00    0.00    0.00    0.00    0.00     3      0.00      0.00  242072    8880   0.03  accounts-daemon
02:48:10 AM   120       439    0.00    0.00    0.00    0.00    0.00     1      0.00      0.00    7084    3472   0.01  avahi-daemon
02:48:10 AM     0       441    0.00    0.00    0.00    0.00    0.00     3      0.00      0.00    9220    2516   0.01  cron
02:48:10 AM   106       443    0.00    0.00    0.00    0.00    0.00     3      0.00      0.00    9396    5264   0.02  dbus-daemon
02:48:10 AM     0       447    0.00    0.00    0.00    0.00    0.00     3      0.00      0.00  341244   20856   0.07  NetworkManager
02:48:10 AM     0       456    0.00    0.00    0.00    0.00    0.00     4      0.00      0.00   38300   19472   0.06  networkd-dispat
02:48:10 AM     0       473    0.00    0.00    0.00    0.00    0.00     2      0.00      0.00  238860   13352   0.04  polkitd
02:48:10 AM   125       483    0.00    0.00    0.00    0.00    0.00     3      0.00      0.00  220940    8288   0.03  rsyslogd
02:48:10 AM     0       503    0.00    0.00    0.00    0.00    0.00     2      0.00      0.00  235864    4364   0.01  switcheroo-cont
02:48:10 AM     0       514    0.00    0.00    0.00    0.00    0.00     2      0.00      0.00   17076    6760   0.02  systemd-logind
02:48:10 AM     0       523    0.00    0.00    0.00    0.00    0.00     1      0.00      0.00  395556   15676   0.05  udisksd
02:48:10 AM     0       528    0.00    0.00    0.00    0.00    0.00     0      0.00      0.00   12784    8052   0.03  wpa_supplicant
02:48:10 AM     0       548    0.00    0.00    0.00    0.00    0.00     0      0.00      0.00       0       0   0.00  sugov:0
02:48:10 AM   120       555    0.00    0.00    0.00    0.00    0.00     2      0.00      0.00    6896     324   0.00  avahi-daemon
02:48:10 AM     0       585    0.00    0.00    0.00    0.00    0.00     5      0.00      0.00       0       0   0.00  tmp451
02:48:10 AM     0       597    0.00    0.00    0.00    0.00    0.00     3      0.00      0.00       0       0   0.00  irq/286-1-0008
02:48:10 AM     0       600    0.00    0.00    0.00    0.00    0.00     2      0.00      0.00  321792   14480   0.05  ModemManager
02:48:10 AM     0       653    0.00    0.00    0.00    0.00    0.00     1      0.00      0.00    2476     604   0.00  nvfancontrol
02:48:10 AM     0       728    0.00    0.00    0.00    0.00    0.00     4      0.00      0.00       0       0   0.00  adspp_kthread
02:48:10 AM     0       779    0.00    0.00    0.00    0.00    0.00     6      0.00      0.00       0       0   0.00  kworker/6:2H-kblockd
02:48:10 AM     0       876    0.00    0.00    0.00    0.00    0.00     1      0.00      0.00       0       0   0.00  irq/289-2490000
02:48:10 AM     0       887    0.00    0.00    0.00    0.00    0.00     0      0.00      0.00       0       0   0.00  irq/32-eth0.com
02:48:10 AM     0       919    0.00    0.00    0.00    0.00    0.00     4      0.00      0.00       0       0   0.00  file-storage
02:48:10 AM     0       953    0.00    0.00    0.00    0.00    0.00     1      0.00      0.00       0       0   0.00  loop0
02:48:10 AM     0      1048    0.00    0.00    0.00    0.00    0.00     4      0.00      0.00       0       0   0.00  kworker/4:2H-kblockd
02:48:10 AM     0      1091    0.00    0.00    0.00    0.00    0.00     3      0.00      0.00       0       0   0.00  cryptd
02:48:10 AM     0      1147    0.00    0.00    0.00    0.00    0.00     2      0.00      0.00       0       0   0.00  sw-quiesce
02:48:10 AM     0      1148    0.00    0.00    0.00    1.00    0.00     1      0.00      0.00       0       0   0.00  nvgpu_channel_p
02:48:10 AM     0      1151    0.00    0.00    0.00    0.00    0.00     1      0.00      0.00       0       0   0.00  nvgpu_nvs_gv11b
02:48:10 AM     0      1153    0.00    0.00    0.00    0.00    0.00     0      0.00      0.00       0       0   0.00  nvgpu_pg_init_g
02:48:10 AM     0      1157    0.00    0.00    0.00    0.00    0.00     2      0.00      0.00       0       0   0.00  nvgpu_clk_arb_p
02:48:10 AM     0      1162    0.00    0.00    0.00    0.00    0.00     3      0.00      0.00       0       0   0.00  irq/288-rt5659
02:48:10 AM     0      1270    0.00    0.00    0.00    0.00    0.00     3      0.00      0.00   55688   11092   0.03  nvargus-daemon
02:48:10 AM     0      1273    0.00    0.00    0.00    0.00    0.00     3      0.00      0.00   21932    1552   0.00  nvs-service
02:48:10 AM     0      1298    0.00    0.00    0.00    0.00    0.00     1      0.00      0.00 2007972   50424   0.16  containerd
02:48:10 AM     0      1314    0.00    0.00    0.00    0.00    0.00     0      0.00      0.00  240032    7616   0.02  gdm3
02:48:10 AM   108      1326    0.00    0.00    0.00    0.00    0.00     2      0.00      0.00   11468    1896   0.01  kerneloops
02:48:10 AM     0      1327    0.00    0.00    0.00    0.00    0.00     3      0.00      0.00   12236    6576   0.02  sshd
02:48:10 AM     0      1336    0.00    0.00    0.00    0.00    0.00     0      0.00      0.00    7688    1876   0.01  agetty
02:48:10 AM     0      1337    0.00    0.00    0.00    0.00    0.00     2      0.00      0.00    7688    1904   0.01  agetty
02:48:10 AM   108      1339    0.00    0.00    0.00    0.00    0.00     0      0.00      0.00   11468    1820   0.01  kerneloops
02:48:10 AM     0      1340    0.00    0.00    0.00    0.00    0.00     3      0.00      0.00    9216    2824   0.01  nvgetty.sh
02:48:10 AM     0      1379    0.00    0.00    0.00    0.00    0.00     0      0.00      0.00    7688    1848   0.01  getty
02:48:10 AM     0      1554    0.00    0.00    0.00    0.00    0.00     2      0.00      0.00 2111796   85472   0.27  dockerd
02:48:10 AM     0      1677    0.00    0.00    0.00    0.00    0.00     1      0.00      0.00  168472    8256   0.03  gdm-session-wor
02:48:10 AM     0      1711    0.00    0.00    0.00    0.00    0.00     0      0.00      0.00    3248     808   0.00  nvphsd
02:48:10 AM     0      1716    0.00    0.00    0.00    0.00    0.00     3      0.00      0.00    3380    1788   0.01  nvphsd
02:48:10 AM   124      1789    0.00    0.00    0.00    0.00    0.00     3      0.00      0.00   19144    9224   0.03  systemd
02:48:10 AM   124      1804    0.00    0.00    0.00    0.00    0.00     3      0.00      0.00  104488    5436   0.02  (sd-pam)
02:48:10 AM   124      2014    0.00    0.00    0.00    0.00    0.00     0      0.00      0.00  961884   21984   0.07  pulseaudio
02:48:10 AM   124      2032    0.00    0.00    0.00    0.00    0.00     2      0.00      0.00  164156    5924   0.02  gdm-x-session
02:48:10 AM   124      2037    0.00    0.00    0.00    0.00    0.00     1      0.00      0.00 25330232   99256   0.31  Xorg
02:48:10 AM   118      2040    0.00    0.00    0.00    0.00    0.00     1      0.00      0.00  152516    2440   0.01  rtkit-daemon
02:48:10 AM   124      2162    0.00    0.00    0.00    0.00    0.00     2      0.00      0.00    7812    3448   0.01  dbus-daemon
02:48:10 AM   124      2428    0.00    0.00    0.00    0.00    0.00     0      0.00      0.00    4776    1164   0.00  dbus-run-sessio
02:48:10 AM   124      2429    0.00    0.00    0.00    0.00    0.00     2      0.00      0.00    8088    4104   0.01  dbus-daemon
02:48:10 AM   124      2438    0.00    0.00    0.00    0.00    0.00     2      0.00      0.00  559768   14932   0.05  gnome-session-b
02:48:10 AM     0      2457    0.00    0.00    0.00    0.00    0.00     2      0.00      0.00  101692   19628   0.06  jtop
02:48:10 AM   124      2463    0.00    0.00    0.00    0.00    0.00     3      0.00      0.00  309548   10092   0.03  at-spi-bus-laun
02:48:10 AM   124      2470    0.00    0.00    0.00    0.00    0.00     1      0.00      0.00    7676    3468   0.01  dbus-daemon
02:48:10 AM   124      2495    3.00    0.00    0.00    0.00    3.00     1      0.00      0.00 4022996  194908   0.61  gnome-shell
02:48:10 AM     0      2510    0.00    0.00    0.00    0.00    0.00     0      0.00      0.00  175424   16904   0.05  jtop
02:48:10 AM     0      2518    0.00    0.00    0.00    0.00    0.00     2      0.00      0.00  101692   17160   0.05  jtop
02:48:10 AM   124      2696    0.00    0.00    0.00    0.00    0.00     0      0.00      0.00  314420   11212   0.04  ibus-daemon
02:48:10 AM   124      2699    0.00    0.00    0.00    0.00    0.00     2      0.00      0.00  239960   11792   0.04  ibus-dconf
02:48:10 AM   124      2701    0.00    0.00    0.00    0.00    0.00     2      0.00      0.00  189920   16900   0.05  ibus-x11
02:48:10 AM   124      2704    0.00    0.00    0.00    0.00    0.00     3      0.00      0.00  239880    7776   0.02  ibus-portal
02:48:10 AM   124      2715    0.00    0.00    0.00    0.00    0.00     1      0.00      0.00  161420    6880   0.02  at-spi2-registr
02:48:10 AM   124      2719    0.00    0.00    0.00    0.00    0.00     3      0.00      0.00  235804    4672   0.01  xdg-permission-
02:48:10 AM     0      2725    0.00    0.00    0.00    0.00    0.00     3      0.00      0.00  252944    8776   0.03  upowerd
02:48:10 AM   124      2745    0.00    0.00    0.00    0.00    0.00     2      0.00      0.00 3001620   27244   0.09  gjs
02:48:10 AM   124      2764    0.00    0.00    0.00    0.00    0.00     1      0.00      0.00  469396   14236   0.04  gsd-sharing
02:48:10 AM   124      2765    0.00    0.00    0.00    0.00    0.00     1      0.00      0.00  334628   15072   0.05  gsd-wacom
02:48:10 AM   124      2768    0.00    0.00    0.00    0.00    0.00     2      0.00      0.00  571788   19844   0.06  gsd-color
02:48:10 AM   124      2772    0.00    0.00    0.00    0.00    0.00     3      0.00      0.00  338096   17824   0.06  gsd-keyboard
02:48:10 AM   124      2774    0.00    0.00    0.00    0.00    0.00     2      0.00      0.00  322508   11376   0.04  gsd-print-notif
02:48:10 AM   124      2779    0.00    0.00    0.00    0.00    0.00     3      0.00      0.00  166208    7736   0.02  ibus-engine-sim
02:48:10 AM   124      2780    0.00    0.00    0.00    0.00    0.00     1      0.00      0.00  457460    7996   0.03  gsd-rfkill
02:48:10 AM   124      2782    0.00    0.00    0.00    0.00    0.00     1      0.00      0.00  391976    9696   0.03  gsd-smartcard
02:48:10 AM   124      2784    0.00    0.00    0.00    0.00    0.00     2      0.00      0.00  374928   15372   0.05  gsd-datetime
02:48:10 AM   124      2790    0.00    0.00    0.00    0.00    0.00     3      0.00      0.00  679696   20032   0.06  gsd-media-keys
02:48:10 AM   124      2791    0.00    0.00    0.00    0.00    0.00     3      0.00      0.00  235772    5600   0.02  gsd-screensaver
02:48:10 AM   124      2793    0.00    0.00    0.00    0.00    0.00     3      0.00      0.00  320104    9452   0.03  gsd-sound
02:48:10 AM   124      2795    0.00    0.00    0.00    0.00    0.00     3      0.00      0.00  313652   10144   0.03  gsd-a11y-settin
02:48:10 AM   124      2799    0.00    0.00    0.00    0.00    0.00     2      0.00      0.00  313992   10540   0.03  gsd-housekeepin
02:48:10 AM   124      2802    0.00    0.00    0.00    0.00    0.00     1      0.00      0.00  339724   18828   0.06  gsd-power
02:48:10 AM   124      2824    0.00    0.00    0.00    0.00    0.00     2      0.00      0.00  342540   12784   0.04  gsd-printer
02:48:10 AM   119      2837    0.00    0.00    0.00    0.00    0.00     2      0.00      0.00  249328   17548   0.06  colord
02:48:10 AM     0     29120    0.00    0.00    0.00    0.00    0.00     3      0.00      0.00       0       0   0.00  kworker/u17:2
02:48:10 AM     0     33852    0.00    0.00    0.00    0.00    0.00     1      0.00      0.00       0       0   0.00  kworker/1:0H-kblockd
02:48:10 AM     0     35048    0.00    0.00    0.00    0.00    0.00     0      0.00      0.00       0       0   0.00  kworker/u17:0-thermal_fan_est
02:48:10 AM  1000     39960    0.00    0.00    0.00    0.00    0.00     2      0.00      0.00   19248    9208   0.03  systemd
02:48:10 AM  1000     39961    0.00    0.00    0.00    0.00    0.00     2      0.00      0.00  170940    6304   0.02  (sd-pam)
02:48:10 AM  1000     40037    0.00    0.00    0.00    0.00    0.00     3      0.00      0.00    7812    3952   0.01  dbus-daemon
02:48:10 AM     0     40147    0.00    0.00    0.00    0.00    0.00     1      0.00      0.00       0       0   0.00  kworker/1:0-pm
02:48:10 AM     0     40174    0.00    0.00    0.00    0.00    0.00     2      0.00      0.00       0       0   0.00  kworker/2:2H-kblockd
02:48:10 AM     0     40194    0.00    0.00    0.00    0.00    0.00     3      0.00      0.00       0       0   0.00  kworker/3:0H-kblockd
02:48:10 AM     0     41650    0.00    0.00    0.00    0.00    0.00     3      0.00      0.00       0       0   0.00  kworker/3:0-mm_percpu_wq
02:48:10 AM     0     43913    0.00    0.00    0.00    0.00    0.00     2      0.00      0.00   14768    7560   0.02  sshd
02:48:10 AM  1000     43958    0.00    0.00    0.00    0.00    0.00     0      0.00      0.00   15292    6400   0.02  sshd
02:48:10 AM  1000     43959    0.00    0.00    0.00    0.00    0.00     1      0.00      0.00   11344    5444   0.02  bash
02:48:10 AM     0     50050    0.00    0.00    0.00    0.00    0.00     2      0.00      0.00   14768    7572   0.02  sshd
02:48:10 AM  1000     50094    0.00    0.00    0.00    0.00    0.00     3      0.00      0.00   15292    6428   0.02  sshd
02:48:10 AM  1000     50095    0.00    0.00    0.00    0.00    0.00     2      0.00      0.00   11344    5448   0.02  bash
02:48:10 AM     0     81462    0.00    0.00    0.00    0.00    0.00     2      0.00      0.00       0       0   0.00  kworker/2:2-mm_percpu_wq
02:48:10 AM     0     81478    0.00    0.00    0.00    0.00    0.00     0      0.00      0.00       0       0   0.00  kworker/0:1H-kblockd
02:48:10 AM  1000     84840    0.00    0.00    0.00    0.00    0.00     3      0.00      0.00  240176   10088   0.03  gnome-keyring-d
02:48:10 AM   124     84900    0.00    0.00    0.00    0.00    0.00     1      0.00      0.00  156240    4584   0.01  dconf-service
02:48:10 AM     0     85427    0.00    0.00    0.00    0.00    0.00     0      0.00      0.00       0       0   0.00  kworker/0:2-events
02:48:10 AM     0     86310    0.00    1.00    0.00    0.00    1.00     1      0.00      0.00       0       0   0.00  kworker/u16:1-events_unbound
02:48:10 AM     0     86312    0.00    0.00    0.00    0.00    0.00     3      0.00      0.00   14768    7564   0.02  sshd
02:48:10 AM  1000     86356    0.00    0.00    0.00    0.00    0.00     0      0.00      0.00   15292    6380   0.02  sshd
02:48:10 AM  1000     86357    0.00    0.00    0.00    0.00    0.00     1      0.00      0.00   11344    5440   0.02  bash
02:48:10 AM     0     86549    0.00    0.00    0.00    0.00    0.00     2      0.00      0.00   14768    7664   0.02  sshd
02:48:10 AM  1000     86593    1.00    0.00    0.00    0.00    1.00     1      0.00      0.00   15292    6480   0.02  sshd
02:48:10 AM  1000     86594    0.00    0.00    0.00    0.00    0.00     2      0.00      0.00   11860    5896   0.02  bash
02:48:10 AM     0     86632    0.00    0.00    0.00    0.00    0.00     3      0.00      0.00       0       0   0.00  kworker/3:2
02:48:10 AM     0     87290    0.00    0.00    0.00    0.00    0.00     0      0.00      0.00   14768    7584   0.02  sshd
02:48:10 AM  1000     87334    0.00    0.00    0.00    0.00    0.00     0      0.00      0.00   15292    6412   0.02  sshd
02:48:10 AM  1000     87335    0.00    0.00    0.00    0.00    0.00     2      0.00      0.00   11344    5436   0.02  bash
02:48:10 AM     0     89981    0.00    0.00    0.00    0.00    0.00     1      0.00      0.00       0       0   0.00  kworker/1:1-events
02:48:10 AM     0     95050    0.00    0.00    0.00    0.00    0.00     2      0.00      0.00       0       0   0.00  kworker/2:0-events
02:48:10 AM     0     96173    0.00    0.00    0.00    0.00    0.00     1      0.00      0.00       0       0   0.00  kworker/1:2-events
02:48:10 AM     0     99494    0.00    0.00    0.00    1.00    0.00     1      0.00      0.00       0       0   0.00  kworker/u16:3-events_unbound
02:48:10 AM     0    107801    0.00    0.00    0.00    0.00    0.00     1      0.00      0.00       0       0   0.00  kworker/1:2H
02:48:10 AM     0    122883    0.00    0.00    0.00    0.00    0.00     2      0.00      0.00       0       0   0.00  kworker/u16:2-events_unbound
02:48:10 AM     0    123203    0.00    0.00    0.00    0.00    0.00     3      0.00      0.00       0       0   0.00  kworker/3:2H
02:48:10 AM     0    124025    0.00    0.00    0.00    0.00    0.00     2      0.00      0.00       0       0   0.00  kworker/2:0H
02:48:10 AM     0    130503    0.00    0.00    0.00    0.00    0.00     0      0.00      0.00       0       0   0.00  kworker/0:0H
02:48:10 AM     0    130577    0.00    0.00    0.00    0.00    0.00     0      0.00      0.00       0       0   0.00  kworker/0:1-events
02:48:10 AM     0    130584    0.00    0.00    0.00    0.00    0.00     2      0.00      0.00   14768    7576   0.02  sshd
02:48:10 AM  1000    130628    0.00    1.00    0.00    0.00    1.00     1      0.00      0.00   16676    7816   0.02  sshd
02:48:10 AM  1000    130629    0.00    0.00    0.00    0.00    0.00     3      0.00      0.00   11344    5436   0.02  bash
02:48:10 AM  1000    130765    1.00    0.00    0.00    0.00    1.00     3      0.00      0.00  283948   43148   0.14  roslaunch
02:48:10 AM  1000    130773    3.00    1.00    0.00    0.00    4.00     0      1.00      0.00  797980   45684   0.14  rosmaster
02:48:10 AM  1000    130783    0.00    0.00    0.00    0.00    0.00     0      1.00      0.00  274964   10152   0.03  rosout
02:48:10 AM  1000    130790   72.00   65.00    0.00   12.00  137.00     0      0.00      0.00 34790064  712500   2.25  scale_truck_con
02:48:10 AM  1000    130791   28.00   60.00    0.00    0.00   88.00     3      0.00      0.00 1571432  113560   0.36  LRC
02:48:10 AM  1000    130854    2.00    2.00    0.00    0.00    4.00     2    136.00      0.00  724884   75168   0.24  python3
02:48:10 AM     0    131985    0.00    0.00    0.00    0.00    0.00     2      0.00      0.00       0       0   0.00  kworker/2:1H
02:48:10 AM     0    132214    0.00    0.00    0.00    0.00    0.00     1      0.00      0.00       0       0   0.00  kworker/1:1H
02:48:10 AM     0    133801    0.00    0.00    0.00    0.00    0.00     0      0.00      0.00       0       0   0.00  kworker/0:0-events
02:48:10 AM     0    137289    0.00    0.00    0.00    0.00    0.00     1      0.00      0.00       0       0   0.00  kworker/1:3-pm
02:48:10 AM     0    139165    0.00    0.00    0.00    0.00    0.00     0      0.00      0.00       0       0   0.00  kworker/0:2H
02:48:10 AM     0    139402    0.00    0.00    0.00    0.00    0.00     1      0.00      0.00       0       0   0.00  kworker/u16:0-events_unbound
02:48:10 AM     0    142495    0.00    0.00    0.00    0.00    0.00     1      0.00      0.00       0       0   0.00  kworker/1:4-events
02:48:10 AM  1000    144270    0.00    0.00    0.00    0.00    0.00     0      0.00      0.00    7828     552   0.00  timeout
02:48:10 AM  1000    144271    0.00    0.00    0.00    0.00    0.00     0      0.00      0.00   68712   43156   0.14  rosbag
02:48:10 AM  1000    144272    0.00    0.00    0.00    0.00    0.00     2      0.00      0.00    9208    3300   0.01  bash
02:48:10 AM  1000    144520    0.00    0.00    0.00    0.00    0.00     3      0.00      0.00   68692   42744   0.13  rosbag
02:48:10 AM  1000    144531   13.00   18.00    0.00    0.00   31.00     2     33.00      0.00 1171784   22528   0.07  record
02:48:10 AM  1000    144614    4.00   13.00    0.00    4.00   17.00     2      0.00      0.00   17812    9560   0.03  pidstat
02:48:10 AM  1000    144684   13.00   18.00    0.00   18.00   31.00     2   3600.00      0.00  365376   26976   0.09  play

# Time        UID       PID    %usr %system  %guest   %wait    %CPU   CPU  minflt/s  majflt/s     VSZ     RSS   %MEM  Command
02:48:11 AM     0         1    0.00    0.00    0.00    0.00    0.00     1      0.00      0.00  169880   11540   0.04  systemd
02:48:11 AM     0         2    0.00    0.00    0.00    0.00    0.00     1      0.00      0.00       0       0   0.00  kthreadd
02:48:11 AM     0         3    0.00    0.00    0.00    0.00    0.00     0      0.00      0.00       0       0   0.00  rcu_gp
02:48:11 AM     0         4    0.00    0.00    0.00    0.00    0.00     0      0.00      0.00       0       0   0.00  rcu_par_gp
02:48:11 AM     0         8    0.00    0.00    0.00    0.00    0.00     0      0.00      0.00       0       0   0.00  mm_percpu_wq
02:48:11 AM     0         9    0.00    0.00    0.00    0.00    0.00     0      0.00      0.00       0       0   0.00  rcu_tasks_kthre
02:48:11 AM     0        10    0.00    0.00    0.00    0.00    0.00     0      0.00      0.00       0       0   0.00  rcu_tasks_rude_
02:48:11 AM     0        11    0.00    0.00    0.00    0.00    0.00     0      0.00      0.00       0       0   0.00  rcu_tasks_trace
02:48:11 AM     0        12    0.00    1.00    0.00    0.00    1.00     0      0.00      0.00       0       0   0.00  ksoftirqd/0
02:48:11 AM     0        13    0.00    0.00    0.00    0.00    0.00     3      0.00      0.00       0       0   0.00  rcu_preempt
02:48:11 AM     0        14    0.00    0.00    0.00    0.00    0.00     0      0.00      0.00       0       0   0.00  migration/0
02:48:11 AM     0        16    0.00    0.00    0.00    0.00    0.00     0      0.00      0.00       0       0   0.00  cpuhp/0
02:48:11 AM     0        17    0.00    0.00    0.00    0.00    0.00     1      0.00      0.00       0       0   0.00  cpuhp/1
02:48:11 AM     0        18    0.00    0.00    0.00    0.00    0.00     1      0.00      0.00       0       0   0.00  migration/1
02:48:11 AM     0        19    0.00    0.00    0.00    0.00    0.00     1      0.00      0.00       0       0   0.00  ksoftirqd/1
02:48:11 AM     0        22    0.00    0.00    0.00    0.00    0.00     2      0.00      0.00       0       0   0.00  cpuhp/2
02:48:11 AM     0        23    0.00    0.00    0.00    0.00    0.00     2      0.00      0.00       0       0   0.00  migration/2
02:48:11 AM     0        24    0.00    0.00    0.00    0.00    0.00     2      0.00      0.00       0       0   0.00  ksoftirqd/2
02:48:11 AM     0        27    0.00    0.00    0.00    0.00    0.00     3      0.00      0.00       0       0   0.00  cpuhp/3
02:48:11 AM     0        28    0.00    0.00    0.00    0.00    0.00     3      0.00      0.00       0       0   0.00  migration/3
02:48:11 AM     0        29    0.00    0.00    0.00    0.00    0.00     3      0.00      0.00       0       0   0.00  ksoftirqd/3
02:48:11 AM     0        32    0.00    0.00    0.00    0.00    0.00     4      0.00      0.00       0       0   0.00  cpuhp/4
02:48:11 AM     0        33    0.00    0.00    0.00    0.00    0.00     4      0.00      0.00       0       0   0.00  migration/4
02:48:11 AM     0        34    0.00    0.00    0.00    0.00    0.00     4      0.00      0.00       0       0   0.00  ksoftirqd/4
02:48:11 AM     0        36    0.00    0.00    0.00    0.00    0.00     4      0.00      0.00       0       0   0.00  kworker/4:0H-kblockd
02:48:11 AM     0        37    0.00    0.00    0.00    0.00    0.00     5      0.00      0.00       0       0   0.00  cpuhp/5
02:48:11 AM     0        38    0.00    0.00    0.00    0.00    0.00     5      0.00      0.00       0       0   0.00  migration/5
02:48:11 AM     0        39    0.00    0.00    0.00    0.00    0.00     5      0.00      0.00       0       0   0.00  ksoftirqd/5
02:48:11 AM     0        41    0.00    0.00    0.00    0.00    0.00     5      0.00      0.00       0       0   0.00  kworker/5:0H-kblockd
02:48:11 AM     0        42    0.00    0.00    0.00    0.00    0.00     6      0.00      0.00       0       0   0.00  cpuhp/6
02:48:11 AM     0        43    0.00    0.00    0.00    0.00    0.00     6      0.00      0.00       0       0   0.00  migration/6
02:48:11 AM     0        44    0.00    0.00    0.00    0.00    0.00     6      0.00      0.00       0       0   0.00  ksoftirqd/6
02:48:11 AM     0        46    0.00    0.00    0.00    0.00    0.00     6      0.00      0.00       0       0   0.00  kworker/6:0H-events_highpri
02:48:11 AM     0        47    0.00    0.00    0.00    0.00    0.00     7      0.00      0.00       0       0   0.00  cpuhp/7
02:48:11 AM     0        48    0.00    0.00    0.00    0.00    0.00     7      0.00      0.00       0       0   0.00  migration/7
02:48:11 AM     0        49    0.00    0.00    0.00    0.00    0.00     7      0.00      0.00       0       0   0.00  ksoftirqd/7
02:48:11 AM     0        50    0.00    0.00    0.00    0.00    0.00     0      0.00      0.00       0       0   0.00  kworker/7:0-rcu_gp
02:48:11 AM     0        51    0.00    0.00    0.00    0.00    0.00     7      0.00      0.00       0       0   0.00  kworker/7:0H-kblockd
02:48:11 AM     0        52    0.00    0.00    0.00    0.00    0.00     0      0.00      0.00       0       0   0.00  kdevtmpfs
02:48:11 AM     0        53    0.00    0.00    0.00    0.00    0.00     4      0.00      0.00       0       0   0.00  netns
02:48:11 AM     0        54    0.00    0.00    0.00    0.00    0.00     1      0.00      0.00       0       0   0.00  kauditd
02:48:11 AM     0        55    0.00    0.00    0.00    0.00    0.00     0      0.00      0.00       0       0   0.00  irq/87-mc_statu
02:48:11 AM     0        56    0.00    0.00    0.00    0.00    0.00     2      0.00      0.00       0       0   0.00  khungtaskd
02:48:11 AM     0        57    0.00    0.00    0.00    0.00    0.00     3      0.00      0.00       0       0   0.00  oom_reaper
02:48:11 AM     0        58    0.00    0.00    0.00    0.00    0.00     5      0.00      0.00       0       0   0.00  writeback
02:48:11 AM     0        59    0.00    0.00    0.00    0.00    0.00     2      0.00      0.00       0       0   0.00  kcompactd0
02:48:11 AM     0        60    0.00    0.00    0.00    0.00    0.00     1      0.00      0.00       0       0   0.00  ksmd
02:48:11 AM     0        61    0.00    0.00    0.00    0.00    0.00     2      0.00      0.00       0       0   0.00  khugepaged
02:48:11 AM     0        93    0.00    0.00    0.00    0.00    0.00     1      0.00      0.00       0       0   0.00  kintegrityd
02:48:11 AM     0        94    0.00    0.00    0.00    0.00    0.00     1      0.00      0.00       0       0   0.00  kblockd
02:48:11 AM     0        95    0.00    0.00    0.00    0.00    0.00     1      0.00      0.00       0       0   0.00  blkcg_punt_bio
02:48:11 AM     0        97    0.00    0.00    0.00    0.00    0.00     3      0.00      0.00       0       0   0.00  tpm_dev_wq
02:48:11 AM     0        98    0.00    0.00    0.00    0.00    0.00     0      0.00      0.00       0       0   0.00  irq/197-30c0000
02:48:11 AM     0        99    0.00    0.00    0.00    0.00    0.00     1      0.00      0.00       0       0   0.00  devfreq_wq
02:48:11 AM     0       100    0.00    0.00    0.00    0.00    0.00     1      0.00      0.00       0       0   0.00  watchdogd
02:48:11 AM     0       104    0.00    0.00    0.00    0.00    0.00     7      0.00      0.00       0       0   0.00  rpciod
02:48:11 AM     0       106    0.00    0.00    0.00    0.00    0.00     7      0.00      0.00       0       0   0.00  xprtiod
02:48:11 AM     0       108    0.00    0.00    0.00    0.00    0.00     7      0.00      0.00       0       0   0.00  kswapd0
02:48:11 AM     0       109    0.00    0.00    0.00    0.00    0.00     5      0.00      0.00       0       0   0.00  nfsiod
02:48:11 AM     0       112    0.00    0.00    0.00    0.00    0.00     1      0.00      0.00       0       0   0.00  kthrotld
02:48:11 AM     0       113    0.00    0.00    0.00    0.00    0.00     7      0.00      0.00       0       0   0.00  kpcitest
02:48:11 AM     0       116    0.00    0.00    0.00    0.00    0.00     5      0.00      0.00       0       0   0.00  kworker/5:1-events
02:48:11 AM     0       122    0.00    0.00    0.00    0.00    0.00     1      0.00      0.00       0       0   0.00  nvme-wq
02:48:11 AM     0       123    0.00    0.00    0.00    0.00    0.00     5      0.00      0.00       0       0   0.00  nvme-reset-wq
02:48:11 AM     0       124    0.00    0.00    0.00    0.00    0.00     6      0.00      0.00       0       0   0.00  nvme-delete-wq
02:48:11 AM     0       125    0.00    0.00    0.00    0.00    0.00     6      0.00      0.00       0       0   0.00  uas
02:48:11 AM     0       126    0.00    0.00    0.00    0.00    0.00     0      0.00      0.00       0       0   0.00  irq/222-tegra_r
02:48:11 AM     0       127    0.00    0.00    0.00    0.00    0.00     0      0.00      0.00       0       0   0.00  kworker/7:2-events
02:48:11 AM     0       129    0.00    0.00    0.00    0.00    0.00     0      0.00      0.00       0       0   0.00  irq/86-tegra-oc
02:48:11 AM     0       130    0.00    0.00    0.00    0.00    0.00     5      0.00      0.00       0       0   0.00  dm_bufio_cache
02:48:11 AM     0       131    0.00    0.00    0.00    0.00    0.00     0      0.00      0.00       0       0   0.00  irq/223-max7762
02:48:11 AM     0       140    0.00    0.00    0.00    0.00    0.00     0      0.00      0.00       0       0   0.00  irq/55-bc00000.
02:48:11 AM     0       143    0.00    0.00    0.00    0.00    0.00     0      0.00      0.00       0       0   0.00  ipv6_addrconf
02:48:11 AM     0       144    0.00    0.00    0.00    0.00    0.00     6      0.00      0.00       0       0   0.00  krfcommd
02:48:11 AM     0       145    0.00    0.00    0.00    0.00    0.00     0      0.00      0.00       0       0   0.00  kstrp
02:48:11 AM     0       150    0.00    0.00    0.00    0.00    0.00     0      0.00      0.00       0       0   0.00  irq/24-tegra-pc
02:48:11 AM     0       154    0.00    0.00    0.00    0.00    0.00     0      0.00      0.00       0       0   0.00  irq/26-tegra-pc
02:48:11 AM     0       160    0.00    0.00    0.00    0.00    0.00     0      0.00      0.00       0       0   0.00  irq/26-aerdrv
02:48:11 AM     0       161    0.00    0.00    0.00    0.00    0.00     0      0.00      0.00       0       0   0.00  irq/28-tegra-pc
02:48:11 AM     0       162    0.00    0.00    0.00    0.00    0.00     0      0.00      0.00       0       0   0.00  irq/28-aerdrv
02:48:11 AM     0       163    0.00    0.00    0.00    0.00    0.00     5      0.00      0.00       0       0   0.00  host_low_prio_w
02:48:11 AM     0       164    0.00    0.00    0.00    0.00    0.00     0      0.00      0.00       0       0   0.00  irq/57-host_syn
02:48:11 AM     0       165    0.00    0.00    0.00    0.00    0.00     0      0.00      0.00       0       0   0.00  irq/58-host_sta
02:48:11 AM     0       173    0.00    0.00    0.00    0.00    0.00     5      0.00      0.00       0       0   0.00  pva_task_status
02:48:11 AM     0       174    0.00    0.00    0.00    0.00    0.00     0      0.00      0.00       0       0   0.00  irq/75-pva-isr
02:48:11 AM     0       175    0.00    0.00    0.00    0.00    0.00     0      0.00      0.00       0       0   0.00  pva_task_status
02:48:11 AM     0       176    0.00    0.00    0.00    0.00    0.00     0      0.00      0.00       0       0   0.00  irq/76-pva-isr
02:48:11 AM     0       185    0.00    0.00    0.00    0.00    0.00     0      0.00      0.00       0       0   0.00  sdhci
02:48:11 AM     0       186    0.00    0.00    0.00    0.00    0.00     0      0.00      0.00       0       0   0.00  irq/39-mmc0
02:48:11 AM     0       187    0.00    0.00    0.00    0.00    0.00     2      0.00      0.00       0       0   0.00  sdhci
02:48:11 AM     0       189    0.00    0.00    0.00    0.00    0.00     0      0.00      0.00       0       0   0.00  irq/40-mmc1
02:48:11 AM     0       195    0.00    0.00    0.00    0.00    0.00     7      0.00      0.00       0       0   0.00  scsi_eh_0
02:48:11 AM     0       196    0.00    0.00    0.00    0.00    0.00     7      0.00      0.00       0       0   0.00  scsi_tmf_0
02:48:11 AM     0       197    0.00    0.00    0.00    0.00    0.00     0      0.00      0.00       0       0   0.00  kworker/5:2-events
02:48:11 AM     0       198    0.00    0.00    0.00    0.00    0.00     0      0.00      0.00       0       0   0.00  irq/67-15200000
02:48:11 AM     0       199    0.00    0.00    0.00    0.00    0.00     1      0.00      0.00       0       0   0.00  tegradc.0/a
02:48:11 AM     0       200    0.00    0.00    0.00    0.00    0.00     0      0.00      0.00       0       0   0.00  tegradc.0/b
02:48:11 AM     0       201    0.00    0.00    0.00    0.00    0.00     0      0.00      0.00       0       0   0.00  tegradc.0/c
02:48:11 AM     0       202    0.00    0.00    0.00    0.00    0.00     0      0.00      0.00       0       0   0.00  tegradc.0/d
02:48:11 AM     0       203    0.00    0.00    0.00    0.00    0.00     0      0.00      0.00       0       0   0.00  tegradc.0/e
02:48:11 AM     0       204    0.00    0.00    0.00    0.00    0.00     0      0.00      0.00       0       0   0.00  tegradc.0/f
02:48:11 AM     0       205    0.00    0.00    0.00    0.00    0.00     0      0.00      0.00       0       0   0.00  tegradc.0/sl
02:48:11 AM     0       206    0.00    0.00    0.00    0.00    0.00     0      0.00      0.00       0       0   0.00  irq/62-15200000
02:48:11 AM     0       207    0.00    0.00    0.00    0.00    0.00     0      0.00      0.00       0       0   0.00  irq/276-3400000
02:48:11 AM     0       208    0.00    0.00    0.00    0.00    0.00     0      0.00      0.00       0       0   0.00  ufs_eh_wq_0
02:48:11 AM     0       209    0.00    0.00    0.00    0.00    0.00     3      0.00      0.00       0       0   0.00  mmc_complete
02:48:11 AM     0       211    0.00    0.00    0.00    0.00    0.00     0      0.00      0.00       0       0   0.00  irq/278-1520000
02:48:11 AM     0       212    0.00    0.00    0.00    0.00    0.00     0      0.00      0.00       0       0   0.00  irq/203-3610000
02:48:11 AM     0       213    0.00    0.00    0.00    0.00    0.00     0      0.00      0.00       0       0   0.00  irq/221-3610000
02:48:11 AM     0       214    0.00    0.00    0.00    0.00    0.00     0      0.00      0.00       0       0   0.00  irq/30-tegra-pc
02:48:11 AM     0       216    0.00    0.00    0.00    0.00    0.00     0      0.00      0.00       0       0   0.00  kworker/4:3-events
02:48:11 AM     0       218    0.00    0.00    0.00    0.00    0.00     4      0.00      0.00       0       0   0.00  kworker/4:5-events
02:48:11 AM     0       221    0.00    0.00    0.00    0.00    0.00     0      0.00      0.00       0       0   0.00  kworker/6:12-events
02:48:11 AM     0       222    0.00    0.00    0.00    0.00    0.00     0      0.00      0.00       0       0   0.00  kworker/6:13-events
02:48:11 AM     0       225    0.00    0.00    0.00    0.00    0.00     0      0.00      0.00       0       0   0.00  irq/68-tegra_dp
02:48:11 AM     0       226    0.00    0.00    0.00    0.00    0.00     0      0.00      0.00       0       0   0.00  irq/65-15210000
02:48:11 AM     0       227    0.00    0.00    0.00    0.00    0.00     0      0.00      0.00       0       0   0.00  tegradc.1/a
02:48:11 AM     0       228    0.00    0.00    0.00    0.00    0.00     0      0.00      0.00       0       0   0.00  tegradc.1/b
02:48:11 AM     0       229    0.00    0.00    0.00    0.00    0.00     0      0.00      0.00       0       0   0.00  tegradc.1/c
02:48:11 AM     0       230    0.00    0.00    0.00    0.00    0.00     0      0.00      0.00       0       0   0.00  tegradc.1/d
02:48:11 AM     0       231    0.00    0.00    0.00    0.00    0.00     0      0.00      0.00       0       0   0.00  tegradc.1/e
02:48:11 AM     0       232    0.00    0.00    0.00    0.00    0.00     0      0.00      0.00       0       0   0.00  tegradc.1/f
02:48:11 AM     0       233    0.00    0.00    0.00    0.00    0.00     1      0.00      0.00       0       0   0.00  tegradc.1/sl
02:48:11 AM     0       234    0.00    0.00    0.00    0.00    0.00     0      0.00      0.00       0       0   0.00  irq/63-15210000
02:48:11 AM     0       249    0.00    0.00    0.00    0.00    0.00     0      0.00      0.00       0       0   0.00  irq/56-d230000.
02:48:11 AM     0       250    0.00    0.00    0.00    0.00    0.00     0      0.00      0.00       0       0   0.00  irq/69-tegra_dp
02:48:11 AM     0       251    0.00    0.00    0.00    0.00    0.00     0      0.00      0.00       0       0   0.00  irq/66-15220000
02:48:11 AM     0       252    0.00    0.00    0.00    0.00    0.00     0      0.00      0.00       0       0   0.00  tegradc.2/a
02:48:11 AM     0       253    0.00    0.00    0.00    0.00    0.00     0      0.00      0.00       0       0   0.00  tegradc.2/b
02:48:11 AM     0       254    0.00    0.00    0.00    0.00    0.00     0      0.00      0.00       0       0   0.00  tegradc.2/c
02:48:11 AM     0       255    0.00    0.00    0.00    0.00    0.00     0      0.00      0.00       0       0   0.00  tegradc.2/d
02:48:11 AM     0       256    0.00    0.00    0.00    0.00    0.00     0      0.00      0.00       0       0   0.00  tegradc.2/e
02:48:11 AM     0       257    0.00    0.00    0.00    0.00    0.00     0      0.00      0.00       0       0   0.00  tegradc.2/f
02:48:11 AM     0       258    0.00    0.00    0.00    0.00    0.00     0      0.00      0.00       0       0   0.00  tegradc.2/sl
02:48:11 AM     0       259    0.00    0.00    0.00    0.00    0.00     0      0.00      0.00       0       0   0.00  irq/64-15220000
02:48:11 AM     0       275    0.00    0.00    0.00    0.00    0.00     2      0.00      0.00       0       0   0.00  jbd2/mmcblk0p1-
02:48:11 AM     0       276    0.00    0.00    0.00    0.00    0.00     3      0.00      0.00       0       0   0.00  ext4-rsv-conver
02:48:11 AM     0       280    0.00    0.00    0.00    0.00    0.00     7      0.00      0.00       0       0   0.00  kworker/7:1H
02:48:11 AM     0       286    0.00    0.00    0.00    0.00    0.00     5      0.00      0.00       0       0   0.00  kworker/5:1H-kblockd
02:48:11 AM     0       312    0.00    0.00    0.00    0.00    0.00     2      0.00      0.00   61816   31808   0.10  systemd-journal
02:48:11 AM     0       338    0.00    3.00    0.00   12.00    3.00     2      0.00      0.00       0       0   0.00  nvmap-bz
02:48:11 AM     0       339    0.00    0.00    0.00    0.00    0.00     0      0.00      0.00       0       0   0.00  irq/204-gk20a_s
02:48:11 AM     0       340    0.00    0.00    0.00    0.00    0.00     0      0.00      0.00       0       0   0.00  irq/205-gk20a_n
02:48:11 AM     0       345    0.00    0.00    0.00    0.00    0.00     3      0.00      0.00    2776    1492   0.00  tee-supplicant
02:48:11 AM     0       347    0.00    0.00    0.00    0.00    0.00     3      0.00      0.00       0       0   0.00  optee_bus_scan
02:48:11 AM     0       358    0.00    0.00    0.00    0.00    0.00     3      0.00      0.00   22788    7532   0.02  systemd-udevd
02:48:11 AM     0       364    0.00    0.00    0.00    0.00    0.00     1      0.00      0.00    7948    4892   0.02  haveged
02:48:11 AM   126       365    0.00    0.00    0.00    0.00    0.00     3      0.00      0.00    7136    3108   0.01  rpcbind
02:48:11 AM   105       366    0.00    0.00    0.00    0.00    0.00     1      0.00      0.00   25592   13288   0.04  systemd-resolve
02:48:11 AM   103       367    0.00    0.00    0.00    0.00    0.00     1      0.00      0.00   90672    6220   0.02  systemd-timesyn
02:48:11 AM     0       407    0.00    0.00    0.00    0.00    0.00     5      0.00      0.00       0       0   0.00  cfg80211
02:48:11 AM     0       410    0.00    0.00    0.00    0.00    0.00     0      0.00      0.00       0       0   0.00  irq/42-3210000.
02:48:11 AM     0       412    0.00    0.00    0.00    0.00    0.00     2      0.00      0.00       0       0   0.00  spi0
02:48:11 AM     0       413    0.00   15.00    0.00    0.00   15.00     1      0.00      0.00       0       0   0.00  irq/282-iwlwifi
02:48:11 AM     0       416    0.00    0.00    0.00    0.00    0.00     4      0.00      0.00       0       0   0.00  ata_sff
02:48:11 AM     0       419    0.00    0.00    0.00    0.00    0.00     0      0.00      0.00       0       0   0.00  irq/43-c260000.
02:48:11 AM     0       420    0.00    0.00    0.00    0.00    0.00     6      0.00      0.00       0       0   0.00  scsi_eh_1
02:48:11 AM     0       422    0.00    0.00    0.00    0.00    0.00     6      0.00      0.00       0       0   0.00  scsi_tmf_1
02:48:11 AM     0       427    0.00    0.00    0.00    0.00    0.00     0      0.00      0.00       0       0   0.00  spi1
02:48:11 AM     0       430    0.00    0.00    0.00    0.00    0.00     3      0.00      0.00  242072    8880   0.03  accounts-daemon
02:48:11 AM   120       439    0.00    0.00    0.00    0.00    0.00     1      0.00      0.00    7084    3472   0.01  avahi-daemon
02:48:11 AM     0       441    0.00    0.00    0.00    0.00    0.00     3      0.00      0.00    9220    2516   0.01  cron
02:48:11 AM   106       443    0.00    0.00    0.00    0.00    0.00     3      0.00      0.00    9396    5264   0.02  dbus-daemon
02:48:11 AM     0       447    0.00    0.00    0.00    0.00    0.00     3      0.00      0.00  341244   20856   0.07  NetworkManager
02:48:11 AM     0       456    0.00    0.00    0.00    0.00    0.00     4      0.00      0.00   38300   19472   0.06  networkd-dispat
02:48:11 AM     0       473    0.00    0.00    0.00    0.00    0.00     2      0.00      0.00  238860   13352   0.04  polkitd
02:48:11 AM   125       483    0.00    0.00    0.00    0.00    0.00     3      0.00      0.00  220940    8288   0.03  rsyslogd
02:48:11 AM     0       503    0.00    0.00    0.00    0.00    0.00     2      0.00      0.00  235864    4364   0.01  switcheroo-cont
02:48:11 AM     0       514    0.00    0.00    0.00    0.00    0.00     2      0.00      0.00   17076    6760   0.02  systemd-logind
02:48:11 AM     0       523    0.00    0.00    0.00    0.00    0.00     1      0.00      0.00  395556   15676   0.05  udisksd
02:48:11 AM     0       528    0.00    0.00    0.00    0.00    0.00     0      0.00      0.00   12784    8052   0.03  wpa_supplicant
02:48:11 AM     0       548    0.00    0.00    0.00    0.00    0.00     0      0.00      0.00       0       0   0.00  sugov:0
02:48:11 AM   120       555    0.00    0.00    0.00    0.00    0.00     2      0.00      0.00    6896     324   0.00  avahi-daemon
02:48:11 AM     0       585    0.00    0.00    0.00    0.00    0.00     5      0.00      0.00       0       0   0.00  tmp451
02:48:11 AM     0       597    0.00    0.00    0.00    0.00    0.00     3      0.00      0.00       0       0   0.00  irq/286-1-0008
02:48:11 AM     0       600    0.00    0.00    0.00    0.00    0.00     2      0.00      0.00  321792   14480   0.05  ModemManager
02:48:11 AM     0       653    0.00    0.00    0.00    0.00    0.00     1      0.00      0.00    2476     604   0.00  nvfancontrol
02:48:11 AM     0       728    0.00    0.00    0.00    0.00    0.00     4      0.00      0.00       0       0   0.00  adspp_kthread
02:48:11 AM     0       779    0.00    0.00    0.00    0.00    0.00     6      0.00      0.00       0       0   0.00  kworker/6:2H-kblockd
02:48:11 AM     0       876    0.00    0.00    0.00    0.00    0.00     1      0.00      0.00       0       0   0.00  irq/289-2490000
02:48:11 AM     0       887    0.00    0.00    0.00    0.00    0.00     0      0.00      0.00       0       0   0.00  irq/32-eth0.com
02:48:11 AM     0       919    0.00    0.00    0.00    0.00    0.00     4      0.00      0.00       0       0   0.00  file-storage
02:48:11 AM     0       953    0.00    0.00    0.00    0.00    0.00     1      0.00      0.00       0       0   0.00  loop0
02:48:11 AM     0      1048    0.00    0.00    0.00    0.00    0.00     4      0.00      0.00       0       0   0.00  kworker/4:2H-kblockd
02:48:11 AM     0      1091    0.00    0.00    0.00    0.00    0.00     3      0.00      0.00       0       0   0.00  cryptd
02:48:11 AM     0      1147    0.00    0.00    0.00    0.00    0.00     2      0.00      0.00       0       0   0.00  sw-quiesce
02:48:11 AM     0      1148    0.00    0.00    0.00    0.00    0.00     0      0.00      0.00       0       0   0.00  nvgpu_channel_p
02:48:11 AM     0      1151    0.00    0.00    0.00    0.00    0.00     1      0.00      0.00       0       0   0.00  nvgpu_nvs_gv11b
02:48:11 AM     0      1153    0.00    0.00    0.00    0.00    0.00     0      0.00      0.00       0       0   0.00  nvgpu_pg_init_g
02:48:11 AM     0      1157    0.00    0.00    0.00    0.00    0.00     2      0.00      0.00       0       0   0.00  nvgpu_clk_arb_p
02:48:11 AM     0      1162    0.00    0.00    0.00    0.00    0.00     3      0.00      0.00       0       0   0.00  irq/288-rt5659
02:48:11 AM     0      1270    0.00    0.00    0.00    0.00    0.00     3      0.00      0.00   55688   11092   0.03  nvargus-daemon
02:48:11 AM     0      1273    0.00    0.00    0.00    0.00    0.00     3      0.00      0.00   21932    1552   0.00  nvs-service
02:48:11 AM     0      1298    0.00    0.00    0.00    0.00    0.00     1      0.00      0.00 2007972   50424   0.16  containerd
02:48:11 AM     0      1314    0.00    0.00    0.00    0.00    0.00     0      0.00      0.00  240032    7616   0.02  gdm3
02:48:11 AM   108      1326    0.00    0.00    0.00    0.00    0.00     2      0.00      0.00   11468    1896   0.01  kerneloops
02:48:11 AM     0      1327    0.00    0.00    0.00    0.00    0.00     3      0.00      0.00   12236    6576   0.02  sshd
02:48:11 AM     0      1336    0.00    0.00    0.00    0.00    0.00     0      0.00      0.00    7688    1876   0.01  agetty
02:48:11 AM     0      1337    0.00    0.00    0.00    0.00    0.00     2      0.00      0.00    7688    1904   0.01  agetty
02:48:11 AM   108      1339    0.00    0.00    0.00    0.00    0.00     0      0.00      0.00   11468    1820   0.01  kerneloops
02:48:11 AM     0      1340    0.00    0.00    0.00    0.00    0.00     3      0.00      0.00    9216    2824   0.01  nvgetty.sh
02:48:11 AM     0      1379    0.00    0.00    0.00    0.00    0.00     0      0.00      0.00    7688    1848   0.01  getty
02:48:11 AM     0      1554    0.00    0.00    0.00    0.00    0.00     2      0.00      0.00 2111796   85472   0.27  dockerd
02:48:11 AM     0      1677    0.00    0.00    0.00    0.00    0.00     1      0.00      0.00  168472    8256   0.03  gdm-session-wor
02:48:11 AM     0      1711    0.00    0.00    0.00    0.00    0.00     0      0.00      0.00    3248     808   0.00  nvphsd
02:48:11 AM     0      1716    0.00    0.00    0.00    0.00    0.00     3      0.00      0.00    3380    1788   0.01  nvphsd
02:48:11 AM   124      1789    0.00    0.00    0.00    0.00    0.00     3      0.00      0.00   19144    9224   0.03  systemd
02:48:11 AM   124      1804    0.00    0.00    0.00    0.00    0.00     3      0.00      0.00  104488    5436   0.02  (sd-pam)
02:48:11 AM   124      2014    0.00    0.00    0.00    0.00    0.00     0      0.00      0.00  961884   21984   0.07  pulseaudio
02:48:11 AM   124      2032    0.00    0.00    0.00    0.00    0.00     2      0.00      0.00  164156    5924   0.02  gdm-x-session
02:48:11 AM   124      2037    0.00    0.00    0.00    0.00    0.00     1      0.00      0.00 25330232   99256   0.31  Xorg
02:48:11 AM   118      2040    0.00    0.00    0.00    0.00    0.00     1      0.00      0.00  152516    2440   0.01  rtkit-daemon
02:48:11 AM   124      2162    0.00    0.00    0.00    0.00    0.00     2      0.00      0.00    7812    3448   0.01  dbus-daemon
02:48:11 AM   124      2428    0.00    0.00    0.00    0.00    0.00     0      0.00      0.00    4776    1164   0.00  dbus-run-sessio
02:48:11 AM   124      2429    0.00    0.00    0.00    0.00    0.00     2      0.00      0.00    8088    4104   0.01  dbus-daemon
02:48:11 AM   124      2438    0.00    0.00    0.00    0.00    0.00     2      0.00      0.00  559768   14932   0.05  gnome-session-b
02:48:11 AM     0      2457    0.00    0.00    0.00    0.00    0.00     2      0.00      0.00  101692   19628   0.06  jtop
02:48:11 AM   124      2463    0.00    0.00    0.00    0.00    0.00     3      0.00      0.00  309548   10092   0.03  at-spi-bus-laun
02:48:11 AM   124      2470    0.00    0.00    0.00    0.00    0.00     1      0.00      0.00    7676    3468   0.01  dbus-daemon
02:48:11 AM   124      2495    0.00    0.00    0.00    0.00    0.00     1      0.00      0.00 4022996  194908   0.61  gnome-shell
02:48:11 AM     0      2510    0.00    0.00    0.00    0.00    0.00     0      0.00      0.00  175424   16904   0.05  jtop
02:48:11 AM     0      2518    0.00    0.00    0.00    0.00    0.00     2      0.00      0.00  101692   17160   0.05  jtop
02:48:11 AM   124      2696    0.00    0.00    0.00    0.00    0.00     0      0.00      0.00  314420   11212   0.04  ibus-daemon
02:48:11 AM   124      2699    0.00    0.00    0.00    0.00    0.00     2      0.00      0.00  239960   11792   0.04  ibus-dconf
02:48:11 AM   124      2701    0.00    0.00    0.00    0.00    0.00     2      0.00      0.00  189920   16900   0.05  ibus-x11
02:48:11 AM   124      2704    0.00    0.00    0.00    0.00    0.00     3      0.00      0.00  239880    7776   0.02  ibus-portal
02:48:11 AM   124      2715    0.00    0.00    0.00    0.00    0.00     1      0.00      0.00  161420    6880   0.02  at-spi2-registr
02:48:11 AM   124      2719    0.00    0.00    0.00    0.00    0.00     3      0.00      0.00  235804    4672   0.01  xdg-permission-
02:48:11 AM     0      2725    0.00    0.00    0.00    0.00    0.00     3      0.00      0.00  252944    8776   0.03  upowerd
02:48:11 AM   124      2745    0.00    0.00    0.00    0.00    0.00     2      0.00      0.00 3001620   27244   0.09  gjs
02:48:11 AM   124      2764    0.00    0.00    0.00    0.00    0.00     1      0.00      0.00  469396   14236   0.04  gsd-sharing
02:48:11 AM   124      2765    0.00    0.00    0.00    0.00    0.00     1      0.00      0.00  334628   15072   0.05  gsd-wacom
02:48:11 AM   124      2768    0.00    0.00    0.00    0.00    0.00     2      0.00      0.00  571788   19844   0.06  gsd-color
02:48:11 AM   124      2772    0.00    0.00    0.00    0.00    0.00     3      0.00      0.00  338096   17824   0.06  gsd-keyboard
02:48:11 AM   124      2774    0.00    0.00    0.00    0.00    0.00     2      0.00      0.00  322508   11376   0.04  gsd-print-notif
02:48:11 AM   124      2779    0.00    0.00    0.00    0.00    0.00     3      0.00      0.00  166208    7736   0.02  ibus-engine-sim
02:48:11 AM   124      2780    0.00    0.00    0.00    0.00    0.00     1      0.00      0.00  457460    7996   0.03  gsd-rfkill
02:48:11 AM   124      2782    0.00    0.00    0.00    0.00    0.00     1      0.00      0.00  391976    9696   0.03  gsd-smartcard
02:48:11 AM   124      2784    0.00    0.00    0.00    0.00    0.00     2      0.00      0.00  374928   15372   0.05  gsd-datetime
02:48:11 AM   124      2790    0.00    0.00    0.00    0.00    0.00     3      0.00      0.00  679696   20032   0.06  gsd-media-keys
02:48:11 AM   124      2791    0.00    0.00    0.00    0.00    0.00     3      0.00      0.00  235772    5600   0.02  gsd-screensaver
02:48:11 AM   124      2793    0.00    0.00    0.00    0.00    0.00     3      0.00      0.00  320104    9452   0.03  gsd-sound
02:48:11 AM   124      2795    0.00    0.00    0.00    0.00    0.00     3      0.00      0.00  313652   10144   0.03  gsd-a11y-settin
02:48:11 AM   124      2799    0.00    0.00    0.00    0.00    0.00     2      0.00      0.00  313992   10540   0.03  gsd-housekeepin
02:48:11 AM   124      2802    0.00    0.00    0.00    0.00    0.00     1      0.00      0.00  339724   18828   0.06  gsd-power
02:48:11 AM   124      2824    0.00    0.00    0.00    0.00    0.00     2      0.00      0.00  342540   12784   0.04  gsd-printer
02:48:11 AM   119      2837    0.00    0.00    0.00    0.00    0.00     2      0.00      0.00  249328   17548   0.06  colord
02:48:11 AM     0     29120    0.00    0.00    0.00    0.00    0.00     3      0.00      0.00       0       0   0.00  kworker/u17:2
02:48:11 AM     0     33852    0.00    0.00    0.00    0.00    0.00     1      0.00      0.00       0       0   0.00  kworker/1:0H-kblockd
02:48:11 AM     0     35048    0.00    0.00    0.00    0.00    0.00     0      0.00      0.00       0       0   0.00  kworker/u17:0-thermal_fan_est
02:48:11 AM  1000     39960    0.00    0.00    0.00    0.00    0.00     2      0.00      0.00   19248    9208   0.03  systemd
02:48:11 AM  1000     39961    0.00    0.00    0.00    0.00    0.00     2      0.00      0.00  170940    6304   0.02  (sd-pam)
02:48:11 AM  1000     40037    0.00    0.00    0.00    0.00    0.00     3      0.00      0.00    7812    3952   0.01  dbus-daemon
02:48:11 AM     0     40147    0.00    0.00    0.00    0.00    0.00     1      0.00      0.00       0       0   0.00  kworker/1:0-pm
02:48:11 AM     0     40174    0.00    0.00    0.00    0.00    0.00     2      0.00      0.00       0       0   0.00  kworker/2:2H-kblockd
02:48:11 AM     0     40194    0.00    0.00    0.00    0.00    0.00     3      0.00      0.00       0       0   0.00  kworker/3:0H-kblockd
02:48:11 AM     0     41650    0.00    0.00    0.00    0.00    0.00     3      0.00      0.00       0       0   0.00  kworker/3:0-events
02:48:11 AM     0     43913    0.00    0.00    0.00    0.00    0.00     2      0.00      0.00   14768    7560   0.02  sshd
02:48:11 AM  1000     43958    0.00    0.00    0.00    0.00    0.00     0      0.00      0.00   15292    6400   0.02  sshd
02:48:11 AM  1000     43959    0.00    0.00    0.00    0.00    0.00     1      0.00      0.00   11344    5444   0.02  bash
02:48:11 AM     0     50050    0.00    0.00    0.00    0.00    0.00     2      0.00      0.00   14768    7572   0.02  sshd
02:48:11 AM  1000     50094    0.00    0.00    0.00    0.00    0.00     3      0.00      0.00   15292    6428   0.02  sshd
02:48:11 AM  1000     50095    0.00    0.00    0.00    0.00    0.00     2      0.00      0.00   11344    5448   0.02  bash
02:48:11 AM     0     81462    0.00    0.00    0.00    0.00    0.00     2      0.00      0.00       0       0   0.00  kworker/2:2-mm_percpu_wq
02:48:11 AM     0     81478    0.00    0.00    0.00    0.00    0.00     0      0.00      0.00       0       0   0.00  kworker/0:1H-kblockd
02:48:11 AM  1000     84840    0.00    0.00    0.00    0.00    0.00     3      0.00      0.00  240176   10088   0.03  gnome-keyring-d
02:48:11 AM   124     84900    0.00    0.00    0.00    0.00    0.00     1      0.00      0.00  156240    4584   0.01  dconf-service
02:48:11 AM     0     85427    0.00    0.00    0.00    1.00    0.00     0      0.00      0.00       0       0   0.00  kworker/0:2-events
02:48:11 AM     0     86310    0.00    0.00    0.00    1.00    0.00     3      0.00      0.00       0       0   0.00  kworker/u16:1-events_unbound
02:48:11 AM     0     86312    0.00    0.00    0.00    0.00    0.00     3      0.00      0.00   14768    7564   0.02  sshd
02:48:11 AM  1000     86356    0.00    0.00    0.00    0.00    0.00     0      0.00      0.00   15292    6380   0.02  sshd
02:48:11 AM  1000     86357    0.00    0.00    0.00    0.00    0.00     1      0.00      0.00   11344    5440   0.02  bash
02:48:11 AM     0     86549    0.00    0.00    0.00    0.00    0.00     2      0.00      0.00   14768    7664   0.02  sshd
02:48:11 AM  1000     86593    1.00    3.00    0.00    3.00    4.00     2      0.00      0.00   15292    6480   0.02  sshd
02:48:11 AM  1000     86594    0.00    0.00    0.00    0.00    0.00     2      0.00      0.00   11860    5896   0.02  bash
02:48:11 AM     0     86632    0.00    0.00    0.00    0.00    0.00     3      0.00      0.00       0       0   0.00  kworker/3:2
02:48:11 AM     0     87290    0.00    0.00    0.00    0.00    0.00     0      0.00      0.00   14768    7584   0.02  sshd
02:48:11 AM  1000     87334    0.00    0.00    0.00    0.00    0.00     0      0.00      0.00   15292    6412   0.02  sshd
02:48:11 AM  1000     87335    0.00    0.00    0.00    0.00    0.00     2      0.00      0.00   11344    5436   0.02  bash
02:48:11 AM     0     89981    0.00    0.00    0.00    0.00    0.00     1      0.00      0.00       0       0   0.00  kworker/1:1-events
02:48:11 AM     0     95050    0.00    0.00    0.00    0.00    0.00     2      0.00      0.00       0       0   0.00  kworker/2:0-events
02:48:11 AM     0     96173    0.00    0.00    0.00    0.00    0.00     1      0.00      0.00       0       0   0.00  kworker/1:2-events
02:48:11 AM     0     99494    0.00    1.00    0.00    0.00    1.00     3      0.00      0.00       0       0   0.00  kworker/u16:3-events_unbound
02:48:11 AM     0    107801    0.00    0.00    0.00    0.00    0.00     1      0.00      0.00       0       0   0.00  kworker/1:2H
02:48:11 AM     0    122883    0.00    0.00    0.00    0.00    0.00     2      0.00      0.00       0       0   0.00  kworker/u16:2-events_unbound
02:48:11 AM     0    123203    0.00    0.00    0.00    0.00    0.00     3      0.00      0.00       0       0   0.00  kworker/3:2H
02:48:11 AM     0    124025    0.00    0.00    0.00    0.00    0.00     2      0.00      0.00       0       0   0.00  kworker/2:0H
02:48:11 AM     0    130503    0.00    0.00    0.00    0.00    0.00     0      0.00      0.00       0       0   0.00  kworker/0:0H
02:48:11 AM     0    130577    0.00    0.00    0.00    0.00    0.00     0      0.00      0.00       0       0   0.00  kworker/0:1-events
02:48:11 AM     0    130584    0.00    0.00    0.00    0.00    0.00     2      0.00      0.00   14768    7576   0.02  sshd
02:48:11 AM  1000    130628    1.00    2.00    0.00    1.00    3.00     0      0.00      0.00   16676    7816   0.02  sshd
02:48:11 AM  1000    130629    0.00    0.00    0.00    0.00    0.00     3      0.00      0.00   11344    5436   0.02  bash
02:48:11 AM  1000    130765    0.00    0.00    0.00    0.00    0.00     3      0.00      0.00  283948   43148   0.14  roslaunch
02:48:11 AM  1000    130773    0.00    1.00    0.00    0.00    1.00     0      0.00      0.00  797980   45684   0.14  rosmaster
02:48:11 AM  1000    130783    0.00    0.00    0.00    0.00    0.00     1      0.00      0.00  274964   10152   0.03  rosout
02:48:11 AM  1000    130790   92.00   73.00    0.00   29.00  165.00     2      0.00      0.00 34790064  706356   2.23  scale_truck_con
02:48:11 AM  1000    130791   35.00   72.00    0.00    1.00  107.00     1      0.00      0.00 1571432  113560   0.36  LRC
02:48:11 AM  1000    130854   10.00    7.00    0.00    0.00   17.00     2      0.00      0.00  724884   75168   0.24  python3
02:48:11 AM     0    131985    0.00    0.00    0.00    0.00    0.00     2      0.00      0.00       0       0   0.00  kworker/2:1H
02:48:11 AM     0    132214    0.00    0.00    0.00    0.00    0.00     1      0.00      0.00       0       0   0.00  kworker/1:1H
02:48:11 AM     0    133801    0.00    0.00    0.00    0.00    0.00     0      0.00      0.00       0       0   0.00  kworker/0:0-events
02:48:11 AM     0    137289    0.00    0.00    0.00    0.00    0.00     1      0.00      0.00       0       0   0.00  kworker/1:3-pm
02:48:11 AM     0    139165    0.00    0.00    0.00    0.00    0.00     0      0.00      0.00       0       0   0.00  kworker/0:2H
02:48:11 AM     0    139402    0.00    0.00    0.00    0.00    0.00     1      0.00      0.00       0       0   0.00  kworker/u16:0-events_unbound
02:48:11 AM     0    142495    0.00    0.00    0.00    0.00    0.00     1      0.00      0.00       0       0   0.00  kworker/1:4-events
02:48:11 AM  1000    144270    0.00    0.00    0.00    0.00    0.00     0      0.00      0.00    7828     552   0.00  timeout
02:48:11 AM  1000    144271    0.00    0.00    0.00    0.00    0.00     0      0.00      0.00   68712   43156   0.14  rosbag
02:48:11 AM  1000    144272    0.00    0.00    0.00    0.00    0.00     2      0.00      0.00    9208    3300   0.01  bash
02:48:11 AM  1000    144520    0.00    0.00    0.00    0.00    0.00     3      0.00      0.00   68692   42744   0.13  rosbag
02:48:11 AM  1000    144531   14.00   23.00    0.00    0.00   37.00     2     36.00      0.00 1171784   22528   0.07  record
02:48:11 AM  1000    144614    4.00   13.00    0.00   17.00   17.00     2      0.00      0.00   17812    9560   0.03  pidstat
02:48:11 AM  1000    144684    3.00    8.00    0.00    3.00   11.00     0      0.00      0.00  365376   26976   0.09  play

# Time        UID       PID    %usr %system  %guest   %wait    %CPU   CPU  minflt/s  majflt/s     VSZ     RSS   %MEM  Command
02:48:12 AM     0         1    0.00    0.00    0.00    0.00    0.00     1      0.00      0.00  169880   11540   0.04  systemd
02:48:12 AM     0         2    0.00    0.00    0.00    0.00    0.00     1      0.00      0.00       0       0   0.00  kthreadd
02:48:12 AM     0         3    0.00    0.00    0.00    0.00    0.00     0      0.00      0.00       0       0   0.00  rcu_gp
02:48:12 AM     0         4    0.00    0.00    0.00    0.00    0.00     0      0.00      0.00       0       0   0.00  rcu_par_gp
02:48:12 AM     0         8    0.00    0.00    0.00    0.00    0.00     0      0.00      0.00       0       0   0.00  mm_percpu_wq
02:48:12 AM     0         9    0.00    0.00    0.00    0.00    0.00     0      0.00      0.00       0       0   0.00  rcu_tasks_kthre
02:48:12 AM     0        10    0.00    0.00    0.00    0.00    0.00     0      0.00      0.00       0       0   0.00  rcu_tasks_rude_
02:48:12 AM     0        11    0.00    0.00    0.00    0.00    0.00     0      0.00      0.00       0       0   0.00  rcu_tasks_trace
02:48:12 AM     0        12    0.00    0.00    0.00    1.00    0.00     0      0.00      0.00       0       0   0.00  ksoftirqd/0
02:48:12 AM     0        13    0.00    0.00    0.00    0.00    0.00     0      0.00      0.00       0       0   0.00  rcu_preempt
02:48:12 AM     0        14    0.00    0.00    0.00    0.00    0.00     0      0.00      0.00       0       0   0.00  migration/0
02:48:12 AM     0        16    0.00    0.00    0.00    0.00    0.00     0      0.00      0.00       0       0   0.00  cpuhp/0
02:48:12 AM     0        17    0.00    0.00    0.00    0.00    0.00     1      0.00      0.00       0       0   0.00  cpuhp/1
02:48:12 AM     0        18    0.00    0.00    0.00    0.00    0.00     1      0.00      0.00       0       0   0.00  migration/1
02:48:12 AM     0        19    0.00    1.00    0.00    0.00    1.00     1      0.00      0.00       0       0   0.00  ksoftirqd/1
02:48:12 AM     0        22    0.00    0.00    0.00    0.00    0.00     2      0.00      0.00       0       0   0.00  cpuhp/2
02:48:12 AM     0        23    0.00    0.00    0.00    0.00    0.00     2      0.00      0.00       0       0   0.00  migration/2
02:48:12 AM     0        24    0.00    0.00    0.00    0.00    0.00     2      0.00      0.00       0       0   0.00  ksoftirqd/2
02:48:12 AM     0        27    0.00    0.00    0.00    0.00    0.00     3      0.00      0.00       0       0   0.00  cpuhp/3
02:48:12 AM     0        28    0.00    0.00    0.00    0.00    0.00     3      0.00      0.00       0       0   0.00  migration/3
02:48:12 AM     0        29    0.00    0.00    0.00    0.00    0.00     3      0.00      0.00       0       0   0.00  ksoftirqd/3
02:48:12 AM     0        32    0.00    0.00    0.00    0.00    0.00     4      0.00      0.00       0       0   0.00  cpuhp/4
02:48:12 AM     0        33    0.00    0.00    0.00    0.00    0.00     4      0.00      0.00       0       0   0.00  migration/4
02:48:12 AM     0        34    0.00    0.00    0.00    0.00    0.00     4      0.00      0.00       0       0   0.00  ksoftirqd/4
02:48:12 AM     0        36    0.00    0.00    0.00    0.00    0.00     4      0.00      0.00       0       0   0.00  kworker/4:0H-kblockd
02:48:12 AM     0        37    0.00    0.00    0.00    0.00    0.00     5      0.00      0.00       0       0   0.00  cpuhp/5
02:48:12 AM     0        38    0.00    0.00    0.00    0.00    0.00     5      0.00      0.00       0       0   0.00  migration/5
02:48:12 AM     0        39    0.00    0.00    0.00    0.00    0.00     5      0.00      0.00       0       0   0.00  ksoftirqd/5
02:48:12 AM     0        41    0.00    0.00    0.00    0.00    0.00     5      0.00      0.00       0       0   0.00  kworker/5:0H-kblockd
02:48:12 AM     0        42    0.00    0.00    0.00    0.00    0.00     6      0.00      0.00       0       0   0.00  cpuhp/6
02:48:12 AM     0        43    0.00    0.00    0.00    0.00    0.00     6      0.00      0.00       0       0   0.00  migration/6
02:48:12 AM     0        44    0.00    0.00    0.00    0.00    0.00     6      0.00      0.00       0       0   0.00  ksoftirqd/6
02:48:12 AM     0        46    0.00    0.00    0.00    0.00    0.00     6      0.00      0.00       0       0   0.00  kworker/6:0H-events_highpri
02:48:12 AM     0        47    0.00    0.00    0.00    0.00    0.00     7      0.00      0.00       0       0   0.00  cpuhp/7
02:48:12 AM     0        48    0.00    0.00    0.00    0.00    0.00     7      0.00      0.00       0       0   0.00  migration/7
02:48:12 AM     0        49    0.00    0.00    0.00    0.00    0.00     7      0.00      0.00       0       0   0.00  ksoftirqd/7
02:48:12 AM     0        50    0.00    0.00    0.00    0.00    0.00     0      0.00      0.00       0       0   0.00  kworker/7:0-rcu_gp
02:48:12 AM     0        51    0.00    0.00    0.00    0.00    0.00     7      0.00      0.00       0       0   0.00  kworker/7:0H-kblockd
02:48:12 AM     0        52    0.00    0.00    0.00    0.00    0.00     0      0.00      0.00       0       0   0.00  kdevtmpfs
02:48:12 AM     0        53    0.00    0.00    0.00    0.00    0.00     4      0.00      0.00       0       0   0.00  netns
02:48:12 AM     0        54    0.00    0.00    0.00    0.00    0.00     1      0.00      0.00       0       0   0.00  kauditd
02:48:12 AM     0        55    0.00    0.00    0.00    0.00    0.00     0      0.00      0.00       0       0   0.00  irq/87-mc_statu
02:48:12 AM     0        56    0.00    0.00    0.00    0.00    0.00     2      0.00      0.00       0       0   0.00  khungtaskd
02:48:12 AM     0        57    0.00    0.00    0.00    0.00    0.00     3      0.00      0.00       0       0   0.00  oom_reaper
02:48:12 AM     0        58    0.00    0.00    0.00    0.00    0.00     5      0.00      0.00       0       0   0.00  writeback
02:48:12 AM     0        59    0.00    0.00    0.00    0.00    0.00     3      0.00      0.00       0       0   0.00  kcompactd0
02:48:12 AM     0        60    0.00    0.00    0.00    0.00    0.00     1      0.00      0.00       0       0   0.00  ksmd
02:48:12 AM     0        61    0.00    0.00    0.00    0.00    0.00     2      0.00      0.00       0       0   0.00  khugepaged
02:48:12 AM     0        93    0.00    0.00    0.00    0.00    0.00     1      0.00      0.00       0       0   0.00  kintegrityd
02:48:12 AM     0        94    0.00    0.00    0.00    0.00    0.00     1      0.00      0.00       0       0   0.00  kblockd
02:48:12 AM     0        95    0.00    0.00    0.00    0.00    0.00     1      0.00      0.00       0       0   0.00  blkcg_punt_bio
02:48:12 AM     0        97    0.00    0.00    0.00    0.00    0.00     3      0.00      0.00       0       0   0.00  tpm_dev_wq
02:48:12 AM     0        98    0.00    0.00    0.00    0.00    0.00     0      0.00      0.00       0       0   0.00  irq/197-30c0000
02:48:12 AM     0        99    0.00    0.00    0.00    0.00    0.00     1      0.00      0.00       0       0   0.00  devfreq_wq
02:48:12 AM     0       100    0.00    0.00    0.00    0.00    0.00     1      0.00      0.00       0       0   0.00  watchdogd
02:48:12 AM     0       104    0.00    0.00    0.00    0.00    0.00     7      0.00      0.00       0       0   0.00  rpciod
02:48:12 AM     0       106    0.00    0.00    0.00    0.00    0.00     7      0.00      0.00       0       0   0.00  xprtiod
02:48:12 AM     0       108    0.00    0.00    0.00    0.00    0.00     7      0.00      0.00       0       0   0.00  kswapd0
02:48:12 AM     0       109    0.00    0.00    0.00    0.00    0.00     5      0.00      0.00       0       0   0.00  nfsiod
02:48:12 AM     0       112    0.00    0.00    0.00    0.00    0.00     1      0.00      0.00       0       0   0.00  kthrotld
02:48:12 AM     0       113    0.00    0.00    0.00    0.00    0.00     7      0.00      0.00       0       0   0.00  kpcitest
02:48:12 AM     0       116    0.00    0.00    0.00    0.00    0.00     5      0.00      0.00       0       0   0.00  kworker/5:1-events
02:48:12 AM     0       122    0.00    0.00    0.00    0.00    0.00     1      0.00      0.00       0       0   0.00  nvme-wq
02:48:12 AM     0       123    0.00    0.00    0.00    0.00    0.00     5      0.00      0.00       0       0   0.00  nvme-reset-wq
02:48:12 AM     0       124    0.00    0.00    0.00    0.00    0.00     6      0.00      0.00       0       0   0.00  nvme-delete-wq
02:48:12 AM     0       125    0.00    0.00    0.00    0.00    0.00     6      0.00      0.00       0       0   0.00  uas
02:48:12 AM     0       126    0.00    0.00    0.00    0.00    0.00     0      0.00      0.00       0       0   0.00  irq/222-tegra_r
02:48:12 AM     0       127    0.00    0.00    0.00    0.00    0.00     0      0.00      0.00       0       0   0.00  kworker/7:2-events
02:48:12 AM     0       129    0.00    0.00    0.00    0.00    0.00     0      0.00      0.00       0       0   0.00  irq/86-tegra-oc
02:48:12 AM     0       130    0.00    0.00    0.00    0.00    0.00     5      0.00      0.00       0       0   0.00  dm_bufio_cache
02:48:12 AM     0       131    0.00    0.00    0.00    0.00    0.00     0      0.00      0.00       0       0   0.00  irq/223-max7762
02:48:12 AM     0       140    0.00    0.00    0.00    0.00    0.00     0      0.00      0.00       0       0   0.00  irq/55-bc00000.
02:48:12 AM     0       143    0.00    0.00    0.00    0.00    0.00     0      0.00      0.00       0       0   0.00  ipv6_addrconf
02:48:12 AM     0       144    0.00    0.00    0.00    0.00    0.00     6      0.00      0.00       0       0   0.00  krfcommd
02:48:12 AM     0       145    0.00    0.00    0.00    0.00    0.00     0      0.00      0.00       0       0   0.00  kstrp
02:48:12 AM     0       150    0.00    0.00    0.00    0.00    0.00     0      0.00      0.00       0       0   0.00  irq/24-tegra-pc
02:48:12 AM     0       154    0.00    0.00    0.00    0.00    0.00     0      0.00      0.00       0       0   0.00  irq/26-tegra-pc
02:48:12 AM     0       160    0.00    0.00    0.00    0.00    0.00     0      0.00      0.00       0       0   0.00  irq/26-aerdrv
02:48:12 AM     0       161    0.00    0.00    0.00    0.00    0.00     0      0.00      0.00       0       0   0.00  irq/28-tegra-pc
02:48:12 AM     0       162    0.00    0.00    0.00    0.00    0.00     0      0.00      0.00       0       0   0.00  irq/28-aerdrv
02:48:12 AM     0       163    0.00    0.00    0.00    0.00    0.00     5      0.00      0.00       0       0   0.00  host_low_prio_w
02:48:12 AM     0       164    0.00    0.00    0.00    0.00    0.00     0      0.00      0.00       0       0   0.00  irq/57-host_syn
02:48:12 AM     0       165    0.00    0.00    0.00    0.00    0.00     0      0.00      0.00       0       0   0.00  irq/58-host_sta
02:48:12 AM     0       173    0.00    0.00    0.00    0.00    0.00     5      0.00      0.00       0       0   0.00  pva_task_status
02:48:12 AM     0       174    0.00    0.00    0.00    0.00    0.00     0      0.00      0.00       0       0   0.00  irq/75-pva-isr
02:48:12 AM     0       175    0.00    0.00    0.00    0.00    0.00     0      0.00      0.00       0       0   0.00  pva_task_status
02:48:12 AM     0       176    0.00    0.00    0.00    0.00    0.00     0      0.00      0.00       0       0   0.00  irq/76-pva-isr
02:48:12 AM     0       185    0.00    0.00    0.00    0.00    0.00     0      0.00      0.00       0       0   0.00  sdhci
02:48:12 AM     0       186    0.00    0.00    0.00    0.00    0.00     0      0.00      0.00       0       0   0.00  irq/39-mmc0
02:48:12 AM     0       187    0.00    0.00    0.00    0.00    0.00     2      0.00      0.00       0       0   0.00  sdhci
02:48:12 AM     0       189    0.00    0.00    0.00    0.00    0.00     0      0.00      0.00       0       0   0.00  irq/40-mmc1
02:48:12 AM     0       195    0.00    0.00    0.00    0.00    0.00     7      0.00      0.00       0       0   0.00  scsi_eh_0
02:48:12 AM     0       196    0.00    0.00    0.00    0.00    0.00     7      0.00      0.00       0       0   0.00  scsi_tmf_0
02:48:12 AM     0       197    0.00    0.00    0.00    0.00    0.00     0      0.00      0.00       0       0   0.00  kworker/5:2-events
02:48:12 AM     0       198    0.00    0.00    0.00    0.00    0.00     0      0.00      0.00       0       0   0.00  irq/67-15200000
02:48:12 AM     0       199    0.00    0.00    0.00    0.00    0.00     1      0.00      0.00       0       0   0.00  tegradc.0/a
02:48:12 AM     0       200    0.00    0.00    0.00    0.00    0.00     0      0.00      0.00       0       0   0.00  tegradc.0/b
02:48:12 AM     0       201    0.00    0.00    0.00    0.00    0.00     0      0.00      0.00       0       0   0.00  tegradc.0/c
02:48:12 AM     0       202    0.00    0.00    0.00    0.00    0.00     0      0.00      0.00       0       0   0.00  tegradc.0/d
02:48:12 AM     0       203    0.00    0.00    0.00    0.00    0.00     0      0.00      0.00       0       0   0.00  tegradc.0/e
02:48:12 AM     0       204    0.00    0.00    0.00    0.00    0.00     0      0.00      0.00       0       0   0.00  tegradc.0/f
02:48:12 AM     0       205    0.00    0.00    0.00    0.00    0.00     0      0.00      0.00       0       0   0.00  tegradc.0/sl
02:48:12 AM     0       206    0.00    0.00    0.00    0.00    0.00     0      0.00      0.00       0       0   0.00  irq/62-15200000
02:48:12 AM     0       207    0.00    0.00    0.00    0.00    0.00     0      0.00      0.00       0       0   0.00  irq/276-3400000
02:48:12 AM     0       208    0.00    0.00    0.00    0.00    0.00     0      0.00      0.00       0       0   0.00  ufs_eh_wq_0
02:48:12 AM     0       209    0.00    0.00    0.00    0.00    0.00     3      0.00      0.00       0       0   0.00  mmc_complete
02:48:12 AM     0       211    0.00    0.00    0.00    0.00    0.00     0      0.00      0.00       0       0   0.00  irq/278-1520000
02:48:12 AM     0       212    0.00    0.00    0.00    0.00    0.00     0      0.00      0.00       0       0   0.00  irq/203-3610000
02:48:12 AM     0       213    0.00    0.00    0.00    0.00    0.00     0      0.00      0.00       0       0   0.00  irq/221-3610000
02:48:12 AM     0       214    0.00    0.00    0.00    0.00    0.00     0      0.00      0.00       0       0   0.00  irq/30-tegra-pc
02:48:12 AM     0       216    0.00    0.00    0.00    0.00    0.00     0      0.00      0.00       0       0   0.00  kworker/4:3-events
02:48:12 AM     0       218    0.00    0.00    0.00    0.00    0.00     4      0.00      0.00       0       0   0.00  kworker/4:5-events
02:48:12 AM     0       221    0.00    0.00    0.00    0.00    0.00     0      0.00      0.00       0       0   0.00  kworker/6:12-events
02:48:12 AM     0       222    0.00    0.00    0.00    0.00    0.00     0      0.00      0.00       0       0   0.00  kworker/6:13-events
02:48:12 AM     0       225    0.00    0.00    0.00    0.00    0.00     0      0.00      0.00       0       0   0.00  irq/68-tegra_dp
02:48:12 AM     0       226    0.00    0.00    0.00    0.00    0.00     0      0.00      0.00       0       0   0.00  irq/65-15210000
02:48:12 AM     0       227    0.00    0.00    0.00    0.00    0.00     0      0.00      0.00       0       0   0.00  tegradc.1/a
02:48:12 AM     0       228    0.00    0.00    0.00    0.00    0.00     0      0.00      0.00       0       0   0.00  tegradc.1/b
02:48:12 AM     0       229    0.00    0.00    0.00    0.00    0.00     0      0.00      0.00       0       0   0.00  tegradc.1/c
02:48:12 AM     0       230    0.00    0.00    0.00    0.00    0.00     0      0.00      0.00       0       0   0.00  tegradc.1/d
02:48:12 AM     0       231    0.00    0.00    0.00    0.00    0.00     0      0.00      0.00       0       0   0.00  tegradc.1/e
02:48:12 AM     0       232    0.00    0.00    0.00    0.00    0.00     0      0.00      0.00       0       0   0.00  tegradc.1/f
02:48:12 AM     0       233    0.00    0.00    0.00    0.00    0.00     1      0.00      0.00       0       0   0.00  tegradc.1/sl
02:48:12 AM     0       234    0.00    0.00    0.00    0.00    0.00     0      0.00      0.00       0       0   0.00  irq/63-15210000
02:48:12 AM     0       249    0.00    0.00    0.00    0.00    0.00     0      0.00      0.00       0       0   0.00  irq/56-d230000.
02:48:12 AM     0       250    0.00    0.00    0.00    0.00    0.00     0      0.00      0.00       0       0   0.00  irq/69-tegra_dp
02:48:12 AM     0       251    0.00    0.00    0.00    0.00    0.00     0      0.00      0.00       0       0   0.00  irq/66-15220000
02:48:12 AM     0       252    0.00    0.00    0.00    0.00    0.00     0      0.00      0.00       0       0   0.00  tegradc.2/a
02:48:12 AM     0       253    0.00    0.00    0.00    0.00    0.00     0      0.00      0.00       0       0   0.00  tegradc.2/b
02:48:12 AM     0       254    0.00    0.00    0.00    0.00    0.00     0      0.00      0.00       0       0   0.00  tegradc.2/c
02:48:12 AM     0       255    0.00    0.00    0.00    0.00    0.00     0      0.00      0.00       0       0   0.00  tegradc.2/d
02:48:12 AM     0       256    0.00    0.00    0.00    0.00    0.00     0      0.00      0.00       0       0   0.00  tegradc.2/e
02:48:12 AM     0       257    0.00    0.00    0.00    0.00    0.00     0      0.00      0.00       0       0   0.00  tegradc.2/f
02:48:12 AM     0       258    0.00    0.00    0.00    0.00    0.00     0      0.00      0.00       0       0   0.00  tegradc.2/sl
02:48:12 AM     0       259    0.00    0.00    0.00    0.00    0.00     0      0.00      0.00       0       0   0.00  irq/64-15220000
02:48:12 AM     0       275    0.00    0.00    0.00    0.00    0.00     2      0.00      0.00       0       0   0.00  jbd2/mmcblk0p1-
02:48:12 AM     0       276    0.00    0.00    0.00    0.00    0.00     3      0.00      0.00       0       0   0.00  ext4-rsv-conver
02:48:12 AM     0       280    0.00    0.00    0.00    0.00    0.00     7      0.00      0.00       0       0   0.00  kworker/7:1H
02:48:12 AM     0       286    0.00    0.00    0.00    0.00    0.00     5      0.00      0.00       0       0   0.00  kworker/5:1H-kblockd
02:48:12 AM     0       312    0.00    0.00    0.00    0.00    0.00     2      0.00      0.00   61816   31808   0.10  systemd-journal
02:48:12 AM     0       338    0.00    4.00    0.00   20.00    4.00     2      0.00      0.00       0       0   0.00  nvmap-bz
02:48:12 AM     0       339    0.00    0.00    0.00    0.00    0.00     0      0.00      0.00       0       0   0.00  irq/204-gk20a_s
02:48:12 AM     0       340    0.00    0.00    0.00    0.00    0.00     0      0.00      0.00       0       0   0.00  irq/205-gk20a_n
02:48:12 AM     0       345    0.00    0.00    0.00    0.00    0.00     3      0.00      0.00    2776    1492   0.00  tee-supplicant
02:48:12 AM     0       347    0.00    0.00    0.00    0.00    0.00     3      0.00      0.00       0       0   0.00  optee_bus_scan
02:48:12 AM     0       358    0.00    0.00    0.00    0.00    0.00     3      0.00      0.00   22788    7532   0.02  systemd-udevd
02:48:12 AM     0       364    0.00    0.00    0.00    0.00    0.00     1      0.00      0.00    7948    4892   0.02  haveged
02:48:12 AM   126       365    0.00    0.00    0.00    0.00    0.00     3      0.00      0.00    7136    3108   0.01  rpcbind
02:48:12 AM   105       366    0.00    0.00    0.00    0.00    0.00     1      0.00      0.00   25592   13288   0.04  systemd-resolve
02:48:12 AM   103       367    0.00    0.00    0.00    0.00    0.00     1      0.00      0.00   90672    6220   0.02  systemd-timesyn
02:48:12 AM     0       407    0.00    0.00    0.00    0.00    0.00     5      0.00      0.00       0       0   0.00  cfg80211
02:48:12 AM     0       410    0.00    0.00    0.00    0.00    0.00     0      0.00      0.00       0       0   0.00  irq/42-3210000.
02:48:12 AM     0       412    0.00    0.00    0.00    0.00    0.00     2      0.00      0.00       0       0   0.00  spi0
02:48:12 AM     0       413    0.00   16.00    0.00    0.00   16.00     1      0.00      0.00       0       0   0.00  irq/282-iwlwifi
02:48:12 AM     0       416    0.00    0.00    0.00    0.00    0.00     4      0.00      0.00       0       0   0.00  ata_sff
02:48:12 AM     0       419    0.00    0.00    0.00    0.00    0.00     0      0.00      0.00       0       0   0.00  irq/43-c260000.
02:48:12 AM     0       420    0.00    0.00    0.00    0.00    0.00     6      0.00      0.00       0       0   0.00  scsi_eh_1
02:48:12 AM     0       422    0.00    0.00    0.00    0.00    0.00     6      0.00      0.00       0       0   0.00  scsi_tmf_1
02:48:12 AM     0       427    0.00    0.00    0.00    0.00    0.00     0      0.00      0.00       0       0   0.00  spi1
02:48:12 AM     0       430    0.00    0.00    0.00    0.00    0.00     3      0.00      0.00  242072    8880   0.03  accounts-daemon
02:48:12 AM   120       439    0.00    0.00    0.00    0.00    0.00     1      0.00      0.00    7084    3472   0.01  avahi-daemon
02:48:12 AM     0       441    0.00    0.00    0.00    0.00    0.00     3      0.00      0.00    9220    2516   0.01  cron
02:48:12 AM   106       443    0.00    0.00    0.00    0.00    0.00     3      0.00      0.00    9396    5264   0.02  dbus-daemon
02:48:12 AM     0       447    0.00    0.00    0.00    0.00    0.00     3      0.00      0.00  341244   20856   0.07  NetworkManager
02:48:12 AM     0       456    0.00    0.00    0.00    0.00    0.00     4      0.00      0.00   38300   19472   0.06  networkd-dispat
02:48:12 AM     0       473    0.00    0.00    0.00    0.00    0.00     2      0.00      0.00  238860   13352   0.04  polkitd
02:48:12 AM   125       483    0.00    0.00    0.00    0.00    0.00     3      0.00      0.00  220940    8288   0.03  rsyslogd
02:48:12 AM     0       503    0.00    0.00    0.00    0.00    0.00     2      0.00      0.00  235864    4364   0.01  switcheroo-cont
02:48:12 AM     0       514    0.00    0.00    0.00    0.00    0.00     2      0.00      0.00   17076    6760   0.02  systemd-logind
02:48:12 AM     0       523    0.00    0.00    0.00    0.00    0.00     1      0.00      0.00  395556   15676   0.05  udisksd
02:48:12 AM     0       528    0.00    0.00    0.00    0.00    0.00     0      0.00      0.00   12784    8052   0.03  wpa_supplicant
02:48:12 AM     0       548    0.00    0.00    0.00    0.00    0.00     0      0.00      0.00       0       0   0.00  sugov:0
02:48:12 AM   120       555    0.00    0.00    0.00    0.00    0.00     2      0.00      0.00    6896     324   0.00  avahi-daemon
02:48:12 AM     0       585    0.00    0.00    0.00    0.00    0.00     5      0.00      0.00       0       0   0.00  tmp451
02:48:12 AM     0       597    0.00    0.00    0.00    0.00    0.00     3      0.00      0.00       0       0   0.00  irq/286-1-0008
02:48:12 AM     0       600    0.00    0.00    0.00    0.00    0.00     2      0.00      0.00  321792   14480   0.05  ModemManager
02:48:12 AM     0       653    0.00    0.00    0.00    0.00    0.00     0      0.00      0.00    2476     604   0.00  nvfancontrol
02:48:12 AM     0       728    0.00    0.00    0.00    0.00    0.00     4      0.00      0.00       0       0   0.00  adspp_kthread
02:48:12 AM     0       779    0.00    0.00    0.00    0.00    0.00     6      0.00      0.00       0       0   0.00  kworker/6:2H-kblockd
02:48:12 AM     0       876    0.00    0.00    0.00    0.00    0.00     1      0.00      0.00       0       0   0.00  irq/289-2490000
02:48:12 AM     0       887    0.00    0.00    0.00    0.00    0.00     0      0.00      0.00       0       0   0.00  irq/32-eth0.com
02:48:12 AM     0       919    0.00    0.00    0.00    0.00    0.00     4      0.00      0.00       0       0   0.00  file-storage
02:48:12 AM     0       953    0.00    0.00    0.00    0.00    0.00     1      0.00      0.00       0       0   0.00  loop0
02:48:12 AM     0      1048    0.00    0.00    0.00    0.00    0.00     4      0.00      0.00       0       0   0.00  kworker/4:2H-kblockd
02:48:12 AM     0      1091    0.00    0.00    0.00    0.00    0.00     3      0.00      0.00       0       0   0.00  cryptd
02:48:12 AM     0      1147    0.00    0.00    0.00    0.00    0.00     2      0.00      0.00       0       0   0.00  sw-quiesce
02:48:12 AM     0      1148    0.00    0.00    0.00    0.00    0.00     2      0.00      0.00       0       0   0.00  nvgpu_channel_p
02:48:12 AM     0      1151    0.00    1.00    0.00    0.00    1.00     1      0.00      0.00       0       0   0.00  nvgpu_nvs_gv11b
02:48:12 AM     0      1153    0.00    0.00    0.00    0.00    0.00     0      0.00      0.00       0       0   0.00  nvgpu_pg_init_g
02:48:12 AM     0      1157    0.00    0.00    0.00    0.00    0.00     2      0.00      0.00       0       0   0.00  nvgpu_clk_arb_p
02:48:12 AM     0      1162    0.00    0.00    0.00    0.00    0.00     3      0.00      0.00       0       0   0.00  irq/288-rt5659
02:48:12 AM     0      1270    0.00    0.00    0.00    0.00    0.00     3      0.00      0.00   55688   11092   0.03  nvargus-daemon
02:48:12 AM     0      1273    0.00    0.00    0.00    0.00    0.00     3      0.00      0.00   21932    1552   0.00  nvs-service
02:48:12 AM     0      1298    2.00    0.00    0.00    0.00    2.00     1      0.00      0.00 2007972   50424   0.16  containerd
02:48:12 AM     0      1314    0.00    0.00    0.00    0.00    0.00     0      0.00      0.00  240032    7616   0.02  gdm3
02:48:12 AM   108      1326    0.00    0.00    0.00    0.00    0.00     2      0.00      0.00   11468    1896   0.01  kerneloops
02:48:12 AM     0      1327    0.00    0.00    0.00    0.00    0.00     3      0.00      0.00   12236    6576   0.02  sshd
02:48:12 AM     0      1336    0.00    0.00    0.00    0.00    0.00     0      0.00      0.00    7688    1876   0.01  agetty
02:48:12 AM     0      1337    0.00    0.00    0.00    0.00    0.00     2      0.00      0.00    7688    1904   0.01  agetty
02:48:12 AM   108      1339    0.00    0.00    0.00    0.00    0.00     0      0.00      0.00   11468    1820   0.01  kerneloops
02:48:12 AM     0      1340    0.00    0.00    0.00    0.00    0.00     3      0.00      0.00    9216    2824   0.01  nvgetty.sh
02:48:12 AM     0      1379    0.00    0.00    0.00    0.00    0.00     0      0.00      0.00    7688    1848   0.01  getty
02:48:12 AM     0      1554    0.00    0.00    0.00    0.00    0.00     2      0.00      0.00 2111796   85472   0.27  dockerd
02:48:12 AM     0      1677    0.00    0.00    0.00    0.00    0.00     1      0.00      0.00  168472    8256   0.03  gdm-session-wor
02:48:12 AM     0      1711    0.00    0.00    0.00    0.00    0.00     0      0.00      0.00    3248     808   0.00  nvphsd
02:48:12 AM     0      1716    0.00    0.00    0.00    0.00    0.00     3      0.00      0.00    3380    1788   0.01  nvphsd
02:48:12 AM   124      1789    0.00    0.00    0.00    0.00    0.00     3      0.00      0.00   19144    9224   0.03  systemd
02:48:12 AM   124      1804    0.00    0.00    0.00    0.00    0.00     3      0.00      0.00  104488    5436   0.02  (sd-pam)
02:48:12 AM   124      2014    0.00    0.00    0.00    0.00    0.00     0      0.00      0.00  961884   21984   0.07  pulseaudio
02:48:12 AM   124      2032    0.00    0.00    0.00    0.00    0.00     2      0.00      0.00  164156    5924   0.02  gdm-x-session
02:48:12 AM   124      2037    0.00    0.00    0.00    0.00    0.00     1      0.00      0.00 25330232   99256   0.31  Xorg
02:48:12 AM   118      2040    0.00    0.00    0.00    0.00    0.00     1      0.00      0.00  152516    2440   0.01  rtkit-daemon
02:48:12 AM   124      2162    0.00    0.00    0.00    0.00    0.00     2      0.00      0.00    7812    3448   0.01  dbus-daemon
02:48:12 AM   124      2428    0.00    0.00    0.00    0.00    0.00     0      0.00      0.00    4776    1164   0.00  dbus-run-sessio
02:48:12 AM   124      2429    0.00    0.00    0.00    0.00    0.00     2      0.00      0.00    8088    4104   0.01  dbus-daemon
02:48:12 AM   124      2438    0.00    0.00    0.00    0.00    0.00     2      0.00      0.00  559768   14932   0.05  gnome-session-b
02:48:12 AM     0      2457    0.00    0.00    0.00    0.00    0.00     2      0.00      0.00  101692   19628   0.06  jtop
02:48:12 AM   124      2463    0.00    0.00    0.00    0.00    0.00     3      0.00      0.00  309548   10092   0.03  at-spi-bus-laun
02:48:12 AM   124      2470    0.00    0.00    0.00    0.00    0.00     1      0.00      0.00    7676    3468   0.01  dbus-daemon
02:48:12 AM   124      2495    0.00    0.00    0.00    0.00    0.00     1      0.00      0.00 4022996  194908   0.61  gnome-shell
02:48:12 AM     0      2510    0.00    0.00    0.00    0.00    0.00     0      0.00      0.00  175424   16904   0.05  jtop
02:48:12 AM     0      2518    0.00    0.00    0.00    0.00    0.00     2      0.00      0.00  101692   17160   0.05  jtop
02:48:12 AM   124      2696    0.00    0.00    0.00    0.00    0.00     0      0.00      0.00  314420   11212   0.04  ibus-daemon
02:48:12 AM   124      2699    0.00    0.00    0.00    0.00    0.00     2      0.00      0.00  239960   11792   0.04  ibus-dconf
02:48:12 AM   124      2701    0.00    0.00    0.00    0.00    0.00     2      0.00      0.00  189920   16900   0.05  ibus-x11
02:48:12 AM   124      2704    0.00    0.00    0.00    0.00    0.00     3      0.00      0.00  239880    7776   0.02  ibus-portal
02:48:12 AM   124      2715    0.00    0.00    0.00    0.00    0.00     1      0.00      0.00  161420    6880   0.02  at-spi2-registr
02:48:12 AM   124      2719    0.00    0.00    0.00    0.00    0.00     3      0.00      0.00  235804    4672   0.01  xdg-permission-
02:48:12 AM     0      2725    0.00    0.00    0.00    0.00    0.00     3      0.00      0.00  252944    8776   0.03  upowerd
02:48:12 AM   124      2745    0.00    0.00    0.00    0.00    0.00     2      0.00      0.00 3001620   27244   0.09  gjs
02:48:12 AM   124      2764    0.00    0.00    0.00    0.00    0.00     1      0.00      0.00  469396   14236   0.04  gsd-sharing
02:48:12 AM   124      2765    0.00    0.00    0.00    0.00    0.00     1      0.00      0.00  334628   15072   0.05  gsd-wacom
02:48:12 AM   124      2768    0.00    0.00    0.00    0.00    0.00     2      0.00      0.00  571788   19844   0.06  gsd-color
02:48:12 AM   124      2772    0.00    0.00    0.00    0.00    0.00     3      0.00      0.00  338096   17824   0.06  gsd-keyboard
02:48:12 AM   124      2774    0.00    0.00    0.00    0.00    0.00     2      0.00      0.00  322508   11376   0.04  gsd-print-notif
02:48:12 AM   124      2779    0.00    0.00    0.00    0.00    0.00     3      0.00      0.00  166208    7736   0.02  ibus-engine-sim
02:48:12 AM   124      2780    0.00    0.00    0.00    0.00    0.00     1      0.00      0.00  457460    7996   0.03  gsd-rfkill
02:48:12 AM   124      2782    0.00    0.00    0.00    0.00    0.00     1      0.00      0.00  391976    9696   0.03  gsd-smartcard
02:48:12 AM   124      2784    0.00    0.00    0.00    0.00    0.00     2      0.00      0.00  374928   15372   0.05  gsd-datetime
02:48:12 AM   124      2790    0.00    0.00    0.00    0.00    0.00     3      0.00      0.00  679696   20032   0.06  gsd-media-keys
02:48:12 AM   124      2791    0.00    0.00    0.00    0.00    0.00     3      0.00      0.00  235772    5600   0.02  gsd-screensaver
02:48:12 AM   124      2793    0.00    0.00    0.00    0.00    0.00     3      0.00      0.00  320104    9452   0.03  gsd-sound
02:48:12 AM   124      2795    0.00    0.00    0.00    0.00    0.00     3      0.00      0.00  313652   10144   0.03  gsd-a11y-settin
02:48:12 AM   124      2799    0.00    0.00    0.00    0.00    0.00     2      0.00      0.00  313992   10540   0.03  gsd-housekeepin
02:48:12 AM   124      2802    0.00    0.00    0.00    0.00    0.00     1      0.00      0.00  339724   18828   0.06  gsd-power
02:48:12 AM   124      2824    0.00    0.00    0.00    0.00    0.00     2      0.00      0.00  342540   12784   0.04  gsd-printer
02:48:12 AM   119      2837    0.00    0.00    0.00    0.00    0.00     2      0.00      0.00  249328   17548   0.06  colord
02:48:12 AM     0     29120    0.00    0.00    0.00    0.00    0.00     3      0.00      0.00       0       0   0.00  kworker/u17:2
02:48:12 AM     0     33852    0.00    0.00    0.00    0.00    0.00     1      0.00      0.00       0       0   0.00  kworker/1:0H-kblockd
02:48:12 AM     0     35048    0.00    0.00    0.00    0.00    0.00     0      0.00      0.00       0       0   0.00  kworker/u17:0-thermal_fan_est
02:48:12 AM  1000     39960    0.00    0.00    0.00    0.00    0.00     2      0.00      0.00   19248    9208   0.03  systemd
02:48:12 AM  1000     39961    0.00    0.00    0.00    0.00    0.00     2      0.00      0.00  170940    6304   0.02  (sd-pam)
02:48:12 AM  1000     40037    0.00    0.00    0.00    0.00    0.00     3      0.00      0.00    7812    3952   0.01  dbus-daemon
02:48:12 AM     0     40147    0.00    0.00    0.00    0.00    0.00     1      0.00      0.00       0       0   0.00  kworker/1:0-pm
02:48:12 AM     0     40174    0.00    0.00    0.00    0.00    0.00     2      0.00      0.00       0       0   0.00  kworker/2:2H-kblockd
02:48:12 AM     0     40194    0.00    0.00    0.00    0.00    0.00     3      0.00      0.00       0       0   0.00  kworker/3:0H-kblockd
02:48:12 AM     0     41650    0.00    0.00    0.00    0.00    0.00     3      0.00      0.00       0       0   0.00  kworker/3:0-events
02:48:12 AM     0     43913    0.00    0.00    0.00    0.00    0.00     2      0.00      0.00   14768    7560   0.02  sshd
02:48:12 AM  1000     43958    0.00    0.00    0.00    0.00    0.00     0      0.00      0.00   15292    6400   0.02  sshd
02:48:12 AM  1000     43959    0.00    0.00    0.00    0.00    0.00     1      0.00      0.00   11344    5444   0.02  bash
02:48:12 AM     0     50050    0.00    0.00    0.00    0.00    0.00     2      0.00      0.00   14768    7572   0.02  sshd
02:48:12 AM  1000     50094    0.00    0.00    0.00    0.00    0.00     3      0.00      0.00   15292    6428   0.02  sshd
02:48:12 AM  1000     50095    0.00    0.00    0.00    0.00    0.00     2      0.00      0.00   11344    5448   0.02  bash
02:48:12 AM     0     81462    0.00    0.00    0.00    0.00    0.00     2      0.00      0.00       0       0   0.00  kworker/2:2-mm_percpu_wq
02:48:12 AM     0     81478    0.00    0.00    0.00    0.00    0.00     0      0.00      0.00       0       0   0.00  kworker/0:1H-kblockd
02:48:12 AM  1000     84840    0.00    0.00    0.00    0.00    0.00     3      0.00      0.00  240176   10088   0.03  gnome-keyring-d
02:48:12 AM   124     84900    0.00    0.00    0.00    0.00    0.00     1      0.00      0.00  156240    4584   0.01  dconf-service
02:48:12 AM     0     85427    0.00    0.00    0.00    0.00    0.00     0      0.00      0.00       0       0   0.00  kworker/0:2-events
02:48:12 AM     0     86310    0.00    1.00    0.00    0.00    1.00     0      0.00      0.00       0       0   0.00  kworker/u16:1-events_unbound
02:48:12 AM     0     86312    0.00    0.00    0.00    0.00    0.00     3      0.00      0.00   14768    7564   0.02  sshd
02:48:12 AM  1000     86356    0.00    0.00    0.00    0.00    0.00     0      0.00      0.00   15292    6380   0.02  sshd
02:48:12 AM  1000     86357    0.00    0.00    0.00    0.00    0.00     1      0.00      0.00   11344    5440   0.02  bash
02:48:12 AM     0     86549    0.00    0.00    0.00    0.00    0.00     2      0.00      0.00   14768    7664   0.02  sshd
02:48:12 AM  1000     86593    1.00    3.00    0.00    4.00    4.00     2      0.00      0.00   15292    6480   0.02  sshd
02:48:12 AM  1000     86594    0.00    0.00    0.00    0.00    0.00     2      0.00      0.00   11860    5896   0.02  bash
02:48:12 AM     0     86632    0.00    0.00    0.00    0.00    0.00     3      0.00      0.00       0       0   0.00  kworker/3:2
02:48:12 AM     0     87290    0.00    0.00    0.00    0.00    0.00     0      0.00      0.00   14768    7584   0.02  sshd
02:48:12 AM  1000     87334    0.00    0.00    0.00    0.00    0.00     0      0.00      0.00   15292    6412   0.02  sshd
02:48:12 AM  1000     87335    0.00    0.00    0.00    0.00    0.00     2      0.00      0.00   11344    5436   0.02  bash
02:48:12 AM     0     89981    0.00    0.00    0.00    0.00    0.00     1      0.00      0.00       0       0   0.00  kworker/1:1-events
02:48:12 AM     0     95050    0.00    0.00    0.00    0.00    0.00     2      0.00      0.00       0       0   0.00  kworker/2:0-events
02:48:12 AM     0     96173    0.00    0.00    0.00    0.00    0.00     1      0.00      0.00       0       0   0.00  kworker/1:2-events
02:48:12 AM     0     99494    0.00    1.00    0.00    0.00    1.00     0      0.00      0.00       0       0   0.00  kworker/u16:3-events_unbound
02:48:12 AM     0    107801    0.00    0.00    0.00    0.00    0.00     1      0.00      0.00       0       0   0.00  kworker/1:2H
02:48:12 AM     0    122883    0.00    0.00    0.00    0.00    0.00     2      0.00      0.00       0       0   0.00  kworker/u16:2-events_unbound
02:48:12 AM     0    123203    0.00    0.00    0.00    0.00    0.00     3      0.00      0.00       0       0   0.00  kworker/3:2H
02:48:12 AM     0    124025    0.00    0.00    0.00    0.00    0.00     2      0.00      0.00       0       0   0.00  kworker/2:0H
02:48:12 AM     0    130503    0.00    0.00    0.00    0.00    0.00     0      0.00      0.00       0       0   0.00  kworker/0:0H
02:48:12 AM     0    130577    0.00    0.00    0.00    0.00    0.00     0      0.00      0.00       0       0   0.00  kworker/0:1-events
02:48:12 AM     0    130584    0.00    0.00    0.00    0.00    0.00     2      0.00      0.00   14768    7576   0.02  sshd
02:48:12 AM  1000    130628    1.00    2.00    0.00    1.00    3.00     2      0.00      0.00   16676    7816   0.02  sshd
02:48:12 AM  1000    130629    0.00    0.00    0.00    0.00    0.00     3      0.00      0.00   11344    5436   0.02  bash
02:48:12 AM  1000    130765    1.00    0.00    0.00    0.00    1.00     3      0.00      0.00  283948   43148   0.14  roslaunch
02:48:12 AM  1000    130773    0.00    0.00    0.00    0.00    0.00     0      0.00      0.00  797980   45684   0.14  rosmaster
02:48:12 AM  1000    130783    1.00    0.00    0.00    0.00    1.00     1      0.00      0.00  274964   10152   0.03  rosout
02:48:12 AM  1000    130790   66.00   82.00    0.00   26.00  148.00     3      0.00      0.00 34790064  708404   2.23  scale_truck_con
02:48:12 AM  1000    130791   35.00   66.00    0.00    0.00  101.00     0      0.00      0.00 1571432  113560   0.36  LRC
02:48:12 AM  1000    130854   10.00    4.00    0.00    0.00   14.00     2      0.00      0.00  724884   75168   0.24  python3
02:48:12 AM     0    131985    0.00    0.00    0.00    0.00    0.00     2      0.00      0.00       0       0   0.00  kworker/2:1H
02:48:12 AM     0    132214    0.00    0.00    0.00    0.00    0.00     1      0.00      0.00       0       0   0.00  kworker/1:1H
02:48:12 AM     0    133801    0.00    0.00    0.00    0.00    0.00     0      0.00      0.00       0       0   0.00  kworker/0:0-events
02:48:12 AM     0    137289    0.00    0.00    0.00    0.00    0.00     1      0.00      0.00       0       0   0.00  kworker/1:3-pm
02:48:12 AM     0    139165    0.00    0.00    0.00    0.00    0.00     0      0.00      0.00       0       0   0.00  kworker/0:2H
02:48:12 AM     0    139402    0.00    0.00    0.00    0.00    0.00     1      0.00      0.00       0       0   0.00  kworker/u16:0-events_unbound
02:48:12 AM     0    142495    0.00    0.00    0.00    0.00    0.00     1      0.00      0.00       0       0   0.00  kworker/1:4-events
02:48:12 AM  1000    144270    0.00    0.00    0.00    0.00    0.00     0      0.00      0.00    7828     552   0.00  timeout
02:48:12 AM  1000    144271    0.00    0.00    0.00    0.00    0.00     0      0.00      0.00   68712   43156   0.14  rosbag
02:48:12 AM  1000    144272    0.00    0.00    0.00    0.00    0.00     2      0.00      0.00    9208    3300   0.01  bash
02:48:12 AM  1000    144520    0.00    0.00    0.00    0.00    0.00     3      0.00      0.00   68692   42744   0.13  rosbag
02:48:12 AM  1000    144531   23.00   31.00    0.00    0.00   54.00     2     46.00      0.00 1172160   22720   0.07  record
02:48:12 AM  1000    144614    5.00   14.00    0.00   28.00   19.00     0      0.00      0.00   17812    9560   0.03  pidstat
02:48:12 AM  1000    144684    3.00    7.00    0.00    2.00   10.00     0      0.00      0.00  365376   26976   0.09  play

# Time        UID       PID    %usr %system  %guest   %wait    %CPU   CPU  minflt/s  majflt/s     VSZ     RSS   %MEM  Command
02:48:13 AM     0         1    0.00    0.00    0.00    0.00    0.00     1      0.00      0.00  169880   11540   0.04  systemd
02:48:13 AM     0         2    0.00    0.00    0.00    0.00    0.00     1      0.00      0.00       0       0   0.00  kthreadd
02:48:13 AM     0         3    0.00    0.00    0.00    0.00    0.00     0      0.00      0.00       0       0   0.00  rcu_gp
02:48:13 AM     0         4    0.00    0.00    0.00    0.00    0.00     0      0.00      0.00       0       0   0.00  rcu_par_gp
02:48:13 AM     0         8    0.00    0.00    0.00    0.00    0.00     0      0.00      0.00       0       0   0.00  mm_percpu_wq
02:48:13 AM     0         9    0.00    0.00    0.00    0.00    0.00     0      0.00      0.00       0       0   0.00  rcu_tasks_kthre
02:48:13 AM     0        10    0.00    0.00    0.00    0.00    0.00     0      0.00      0.00       0       0   0.00  rcu_tasks_rude_
02:48:13 AM     0        11    0.00    0.00    0.00    0.00    0.00     0      0.00      0.00       0       0   0.00  rcu_tasks_trace
02:48:13 AM     0        12    0.00    0.00    0.00    0.00    0.00     0      0.00      0.00       0       0   0.00  ksoftirqd/0
02:48:13 AM     0        13    0.00    0.00    0.00    1.00    0.00     1      0.00      0.00       0       0   0.00  rcu_preempt
02:48:13 AM     0        14    0.00    0.00    0.00    0.00    0.00     0      0.00      0.00       0       0   0.00  migration/0
02:48:13 AM     0        16    0.00    0.00    0.00    0.00    0.00     0      0.00      0.00       0       0   0.00  cpuhp/0
02:48:13 AM     0        17    0.00    0.00    0.00    0.00    0.00     1      0.00      0.00       0       0   0.00  cpuhp/1
02:48:13 AM     0        18    0.00    0.00    0.00    0.00    0.00     1      0.00      0.00       0       0   0.00  migration/1
02:48:13 AM     0        19    0.00    0.00    0.00    1.00    0.00     1      0.00      0.00       0       0   0.00  ksoftirqd/1
02:48:13 AM     0        22    0.00    0.00    0.00    0.00    0.00     2      0.00      0.00       0       0   0.00  cpuhp/2
02:48:13 AM     0        23    0.00    0.00    0.00    0.00    0.00     2      0.00      0.00       0       0   0.00  migration/2
02:48:13 AM     0        24    0.00    0.00    0.00    0.00    0.00     2      0.00      0.00       0       0   0.00  ksoftirqd/2
02:48:13 AM     0        27    0.00    0.00    0.00    0.00    0.00     3      0.00      0.00       0       0   0.00  cpuhp/3
02:48:13 AM     0        28    0.00    0.00    0.00    0.00    0.00     3      0.00      0.00       0       0   0.00  migration/3
02:48:13 AM     0        29    0.00    0.00    0.00    0.00    0.00     3      0.00      0.00       0       0   0.00  ksoftirqd/3
02:48:13 AM     0        32    0.00    0.00    0.00    0.00    0.00     4      0.00      0.00       0       0   0.00  cpuhp/4
02:48:13 AM     0        33    0.00    0.00    0.00    0.00    0.00     4      0.00      0.00       0       0   0.00  migration/4
02:48:13 AM     0        34    0.00    0.00    0.00    0.00    0.00     4      0.00      0.00       0       0   0.00  ksoftirqd/4
02:48:13 AM     0        36    0.00    0.00    0.00    0.00    0.00     4      0.00      0.00       0       0   0.00  kworker/4:0H-kblockd
02:48:13 AM     0        37    0.00    0.00    0.00    0.00    0.00     5      0.00      0.00       0       0   0.00  cpuhp/5
02:48:13 AM     0        38    0.00    0.00    0.00    0.00    0.00     5      0.00      0.00       0       0   0.00  migration/5
02:48:13 AM     0        39    0.00    0.00    0.00    0.00    0.00     5      0.00      0.00       0       0   0.00  ksoftirqd/5
02:48:13 AM     0        41    0.00    0.00    0.00    0.00    0.00     5      0.00      0.00       0       0   0.00  kworker/5:0H-kblockd
02:48:13 AM     0        42    0.00    0.00    0.00    0.00    0.00     6      0.00      0.00       0       0   0.00  cpuhp/6
02:48:13 AM     0        43    0.00    0.00    0.00    0.00    0.00     6      0.00      0.00       0       0   0.00  migration/6
02:48:13 AM     0        44    0.00    0.00    0.00    0.00    0.00     6      0.00      0.00       0       0   0.00  ksoftirqd/6
02:48:13 AM     0        46    0.00    0.00    0.00    0.00    0.00     6      0.00      0.00       0       0   0.00  kworker/6:0H-events_highpri
02:48:13 AM     0        47    0.00    0.00    0.00    0.00    0.00     7      0.00      0.00       0       0   0.00  cpuhp/7
02:48:13 AM     0        48    0.00    0.00    0.00    0.00    0.00     7      0.00      0.00       0       0   0.00  migration/7
02:48:13 AM     0        49    0.00    0.00    0.00    0.00    0.00     7      0.00      0.00       0       0   0.00  ksoftirqd/7
02:48:13 AM     0        50    0.00    0.00    0.00    0.00    0.00     0      0.00      0.00       0       0   0.00  kworker/7:0-rcu_gp
02:48:13 AM     0        51    0.00    0.00    0.00    0.00    0.00     7      0.00      0.00       0       0   0.00  kworker/7:0H-kblockd
02:48:13 AM     0        52    0.00    0.00    0.00    0.00    0.00     0      0.00      0.00       0       0   0.00  kdevtmpfs
02:48:13 AM     0        53    0.00    0.00    0.00    0.00    0.00     4      0.00      0.00       0       0   0.00  netns
02:48:13 AM     0        54    0.00    0.00    0.00    0.00    0.00     1      0.00      0.00       0       0   0.00  kauditd
02:48:13 AM     0        55    0.00    0.00    0.00    0.00    0.00     0      0.00      0.00       0       0   0.00  irq/87-mc_statu
02:48:13 AM     0        56    0.00    0.00    0.00    0.00    0.00     2      0.00      0.00       0       0   0.00  khungtaskd
02:48:13 AM     0        57    0.00    0.00    0.00    0.00    0.00     3      0.00      0.00       0       0   0.00  oom_reaper
02:48:13 AM     0        58    0.00    0.00    0.00    0.00    0.00     5      0.00      0.00       0       0   0.00  writeback
02:48:13 AM     0        59    0.00    0.00    0.00    0.00    0.00     3      0.00      0.00       0       0   0.00  kcompactd0
02:48:13 AM     0        60    0.00    0.00    0.00    0.00    0.00     1      0.00      0.00       0       0   0.00  ksmd
02:48:13 AM     0        61    0.00    0.00    0.00    0.00    0.00     2      0.00      0.00       0       0   0.00  khugepaged
02:48:13 AM     0        93    0.00    0.00    0.00    0.00    0.00     1      0.00      0.00       0       0   0.00  kintegrityd
02:48:13 AM     0        94    0.00    0.00    0.00    0.00    0.00     1      0.00      0.00       0       0   0.00  kblockd
02:48:13 AM     0        95    0.00    0.00    0.00    0.00    0.00     1      0.00      0.00       0       0   0.00  blkcg_punt_bio
02:48:13 AM     0        97    0.00    0.00    0.00    0.00    0.00     3      0.00      0.00       0       0   0.00  tpm_dev_wq
02:48:13 AM     0        98    0.00    0.00    0.00    0.00    0.00     0      0.00      0.00       0       0   0.00  irq/197-30c0000
02:48:13 AM     0        99    0.00    0.00    0.00    0.00    0.00     1      0.00      0.00       0       0   0.00  devfreq_wq
02:48:13 AM     0       100    0.00    0.00    0.00    0.00    0.00     1      0.00      0.00       0       0   0.00  watchdogd
02:48:13 AM     0       104    0.00    0.00    0.00    0.00    0.00     7      0.00      0.00       0       0   0.00  rpciod
02:48:13 AM     0       106    0.00    0.00    0.00    0.00    0.00     7      0.00      0.00       0       0   0.00  xprtiod
02:48:13 AM     0       108    0.00    0.00    0.00    0.00    0.00     7      0.00      0.00       0       0   0.00  kswapd0
02:48:13 AM     0       109    0.00    0.00    0.00    0.00    0.00     5      0.00      0.00       0       0   0.00  nfsiod
02:48:13 AM     0       112    0.00    0.00    0.00    0.00    0.00     1      0.00      0.00       0       0   0.00  kthrotld
02:48:13 AM     0       113    0.00    0.00    0.00    0.00    0.00     7      0.00      0.00       0       0   0.00  kpcitest
02:48:13 AM     0       116    0.00    0.00    0.00    0.00    0.00     5      0.00      0.00       0       0   0.00  kworker/5:1-events
02:48:13 AM     0       122    0.00    0.00    0.00    0.00    0.00     1      0.00      0.00       0       0   0.00  nvme-wq
02:48:13 AM     0       123    0.00    0.00    0.00    0.00    0.00     5      0.00      0.00       0       0   0.00  nvme-reset-wq
02:48:13 AM     0       124    0.00    0.00    0.00    0.00    0.00     6      0.00      0.00       0       0   0.00  nvme-delete-wq
02:48:13 AM     0       125    0.00    0.00    0.00    0.00    0.00     6      0.00      0.00       0       0   0.00  uas
02:48:13 AM     0       126    0.00    0.00    0.00    0.00    0.00     0      0.00      0.00       0       0   0.00  irq/222-tegra_r
02:48:13 AM     0       127    0.00    0.00    0.00    0.00    0.00     0      0.00      0.00       0       0   0.00  kworker/7:2-events
02:48:13 AM     0       129    0.00    0.00    0.00    0.00    0.00     0      0.00      0.00       0       0   0.00  irq/86-tegra-oc
02:48:13 AM     0       130    0.00    0.00    0.00    0.00    0.00     5      0.00      0.00       0       0   0.00  dm_bufio_cache
02:48:13 AM     0       131    0.00    0.00    0.00    0.00    0.00     0      0.00      0.00       0       0   0.00  irq/223-max7762
02:48:13 AM     0       140    0.00    0.00    0.00    0.00    0.00     0      0.00      0.00       0       0   0.00  irq/55-bc00000.
02:48:13 AM     0       143    0.00    0.00    0.00    0.00    0.00     0      0.00      0.00       0       0   0.00  ipv6_addrconf
02:48:13 AM     0       144    0.00    0.00    0.00    0.00    0.00     6      0.00      0.00       0       0   0.00  krfcommd
02:48:13 AM     0       145    0.00    0.00    0.00    0.00    0.00     0      0.00      0.00       0       0   0.00  kstrp
02:48:13 AM     0       150    0.00    0.00    0.00    0.00    0.00     0      0.00      0.00       0       0   0.00  irq/24-tegra-pc
02:48:13 AM     0       154    0.00    0.00    0.00    0.00    0.00     0      0.00      0.00       0       0   0.00  irq/26-tegra-pc
02:48:13 AM     0       160    0.00    0.00    0.00    0.00    0.00     0      0.00      0.00       0       0   0.00  irq/26-aerdrv
02:48:13 AM     0       161    0.00    0.00    0.00    0.00    0.00     0      0.00      0.00       0       0   0.00  irq/28-tegra-pc
02:48:13 AM     0       162    0.00    0.00    0.00    0.00    0.00     0      0.00      0.00       0       0   0.00  irq/28-aerdrv
02:48:13 AM     0       163    0.00    0.00    0.00    0.00    0.00     5      0.00      0.00       0       0   0.00  host_low_prio_w
02:48:13 AM     0       164    0.00    1.00    0.00    0.00    1.00     0      0.00      0.00       0       0   0.00  irq/57-host_syn
02:48:13 AM     0       165    0.00    0.00    0.00    0.00    0.00     0      0.00      0.00       0       0   0.00  irq/58-host_sta
02:48:13 AM     0       173    0.00    0.00    0.00    0.00    0.00     5      0.00      0.00       0       0   0.00  pva_task_status
02:48:13 AM     0       174    0.00    0.00    0.00    0.00    0.00     0      0.00      0.00       0       0   0.00  irq/75-pva-isr
02:48:13 AM     0       175    0.00    0.00    0.00    0.00    0.00     0      0.00      0.00       0       0   0.00  pva_task_status
02:48:13 AM     0       176    0.00    0.00    0.00    0.00    0.00     0      0.00      0.00       0       0   0.00  irq/76-pva-isr
02:48:13 AM     0       185    0.00    0.00    0.00    0.00    0.00     0      0.00      0.00       0       0   0.00  sdhci
02:48:13 AM     0       186    0.00    0.00    0.00    0.00    0.00     0      0.00      0.00       0       0   0.00  irq/39-mmc0
02:48:13 AM     0       187    0.00    0.00    0.00    0.00    0.00     2      0.00      0.00       0       0   0.00  sdhci
02:48:13 AM     0       189    0.00    0.00    0.00    0.00    0.00     0      0.00      0.00       0       0   0.00  irq/40-mmc1
02:48:13 AM     0       195    0.00    0.00    0.00    0.00    0.00     7      0.00      0.00       0       0   0.00  scsi_eh_0
02:48:13 AM     0       196    0.00    0.00    0.00    0.00    0.00     7      0.00      0.00       0       0   0.00  scsi_tmf_0
02:48:13 AM     0       197    0.00    0.00    0.00    0.00    0.00     0      0.00      0.00       0       0   0.00  kworker/5:2-events
02:48:13 AM     0       198    0.00    0.00    0.00    0.00    0.00     0      0.00      0.00       0       0   0.00  irq/67-15200000
02:48:13 AM     0       199    0.00    0.00    0.00    0.00    0.00     1      0.00      0.00       0       0   0.00  tegradc.0/a
02:48:13 AM     0       200    0.00    0.00    0.00    0.00    0.00     0      0.00      0.00       0       0   0.00  tegradc.0/b
02:48:13 AM     0       201    0.00    0.00    0.00    0.00    0.00     0      0.00      0.00       0       0   0.00  tegradc.0/c
02:48:13 AM     0       202    0.00    0.00    0.00    0.00    0.00     0      0.00      0.00       0       0   0.00  tegradc.0/d
02:48:13 AM     0       203    0.00    0.00    0.00    0.00    0.00     0      0.00      0.00       0       0   0.00  tegradc.0/e
02:48:13 AM     0       204    0.00    0.00    0.00    0.00    0.00     0      0.00      0.00       0       0   0.00  tegradc.0/f
02:48:13 AM     0       205    0.00    0.00    0.00    0.00    0.00     0      0.00      0.00       0       0   0.00  tegradc.0/sl
02:48:13 AM     0       206    0.00    0.00    0.00    0.00    0.00     0      0.00      0.00       0       0   0.00  irq/62-15200000
02:48:13 AM     0       207    0.00    0.00    0.00    0.00    0.00     0      0.00      0.00       0       0   0.00  irq/276-3400000
02:48:13 AM     0       208    0.00    0.00    0.00    0.00    0.00     0      0.00      0.00       0       0   0.00  ufs_eh_wq_0
02:48:13 AM     0       209    0.00    0.00    0.00    0.00    0.00     3      0.00      0.00       0       0   0.00  mmc_complete
02:48:13 AM     0       211    0.00    0.00    0.00    0.00    0.00     0      0.00      0.00       0       0   0.00  irq/278-1520000
02:48:13 AM     0       212    0.00    0.00    0.00    0.00    0.00     0      0.00      0.00       0       0   0.00  irq/203-3610000
02:48:13 AM     0       213    0.00    0.00    0.00    0.00    0.00     0      0.00      0.00       0       0   0.00  irq/221-3610000
02:48:13 AM     0       214    0.00    0.00    0.00    0.00    0.00     0      0.00      0.00       0       0   0.00  irq/30-tegra-pc
02:48:13 AM     0       216    0.00    0.00    0.00    0.00    0.00     0      0.00      0.00       0       0   0.00  kworker/4:3-events
02:48:13 AM     0       218    0.00    0.00    0.00    0.00    0.00     4      0.00      0.00       0       0   0.00  kworker/4:5-events
02:48:13 AM     0       221    0.00    0.00    0.00    0.00    0.00     0      0.00      0.00       0       0   0.00  kworker/6:12-events
02:48:13 AM     0       222    0.00    0.00    0.00    0.00    0.00     0      0.00      0.00       0       0   0.00  kworker/6:13-events
02:48:13 AM     0       225    0.00    0.00    0.00    0.00    0.00     0      0.00      0.00       0       0   0.00  irq/68-tegra_dp
02:48:13 AM     0       226    0.00    0.00    0.00    0.00    0.00     0      0.00      0.00       0       0   0.00  irq/65-15210000
02:48:13 AM     0       227    0.00    0.00    0.00    0.00    0.00     0      0.00      0.00       0       0   0.00  tegradc.1/a
02:48:13 AM     0       228    0.00    0.00    0.00    0.00    0.00     0      0.00      0.00       0       0   0.00  tegradc.1/b
02:48:13 AM     0       229    0.00    0.00    0.00    0.00    0.00     0      0.00      0.00       0       0   0.00  tegradc.1/c
02:48:13 AM     0       230    0.00    0.00    0.00    0.00    0.00     0      0.00      0.00       0       0   0.00  tegradc.1/d
02:48:13 AM     0       231    0.00    0.00    0.00    0.00    0.00     0      0.00      0.00       0       0   0.00  tegradc.1/e
02:48:13 AM     0       232    0.00    0.00    0.00    0.00    0.00     0      0.00      0.00       0       0   0.00  tegradc.1/f
02:48:13 AM     0       233    0.00    0.00    0.00    0.00    0.00     1      0.00      0.00       0       0   0.00  tegradc.1/sl
02:48:13 AM     0       234    0.00    0.00    0.00    0.00    0.00     0      0.00      0.00       0       0   0.00  irq/63-15210000
02:48:13 AM     0       249    0.00    0.00    0.00    0.00    0.00     0      0.00      0.00       0       0   0.00  irq/56-d230000.
02:48:13 AM     0       250    0.00    0.00    0.00    0.00    0.00     0      0.00      0.00       0       0   0.00  irq/69-tegra_dp
02:48:13 AM     0       251    0.00    0.00    0.00    0.00    0.00     0      0.00      0.00       0       0   0.00  irq/66-15220000
02:48:13 AM     0       252    0.00    0.00    0.00    0.00    0.00     0      0.00      0.00       0       0   0.00  tegradc.2/a
02:48:13 AM     0       253    0.00    0.00    0.00    0.00    0.00     0      0.00      0.00       0       0   0.00  tegradc.2/b
02:48:13 AM     0       254    0.00    0.00    0.00    0.00    0.00     0      0.00      0.00       0       0   0.00  tegradc.2/c
02:48:13 AM     0       255    0.00    0.00    0.00    0.00    0.00     0      0.00      0.00       0       0   0.00  tegradc.2/d
02:48:13 AM     0       256    0.00    0.00    0.00    0.00    0.00     0      0.00      0.00       0       0   0.00  tegradc.2/e
02:48:13 AM     0       257    0.00    0.00    0.00    0.00    0.00     0      0.00      0.00       0       0   0.00  tegradc.2/f
02:48:13 AM     0       258    0.00    0.00    0.00    0.00    0.00     0      0.00      0.00       0       0   0.00  tegradc.2/sl
02:48:13 AM     0       259    0.00    0.00    0.00    0.00    0.00     0      0.00      0.00       0       0   0.00  irq/64-15220000
02:48:13 AM     0       275    0.00    0.00    0.00    0.00    0.00     3      0.00      0.00       0       0   0.00  jbd2/mmcblk0p1-
02:48:13 AM     0       276    0.00    0.00    0.00    0.00    0.00     3      0.00      0.00       0       0   0.00  ext4-rsv-conver
02:48:13 AM     0       280    0.00    0.00    0.00    0.00    0.00     7      0.00      0.00       0       0   0.00  kworker/7:1H
02:48:13 AM     0       286    0.00    0.00    0.00    0.00    0.00     5      0.00      0.00       0       0   0.00  kworker/5:1H-kblockd
02:48:13 AM     0       312    0.00    0.00    0.00    0.00    0.00     2      0.00      0.00   61816   31808   0.10  systemd-journal
02:48:13 AM     0       338    0.00    4.00    0.00   13.00    4.00     3      0.00      0.00       0       0   0.00  nvmap-bz
02:48:13 AM     0       339    0.00    0.00    0.00    0.00    0.00     0      0.00      0.00       0       0   0.00  irq/204-gk20a_s
02:48:13 AM     0       340    0.00    0.00    0.00    0.00    0.00     0      0.00      0.00       0       0   0.00  irq/205-gk20a_n
02:48:13 AM     0       345    0.00    0.00    0.00    0.00    0.00     3      0.00      0.00    2776    1492   0.00  tee-supplicant
02:48:13 AM     0       347    0.00    0.00    0.00    0.00    0.00     3      0.00      0.00       0       0   0.00  optee_bus_scan
02:48:13 AM     0       358    0.00    0.00    0.00    0.00    0.00     3      0.00      0.00   22788    7532   0.02  systemd-udevd
02:48:13 AM     0       364    0.00    0.00    0.00    0.00    0.00     1      0.00      0.00    7948    4892   0.02  haveged
02:48:13 AM   126       365    0.00    0.00    0.00    0.00    0.00     3      0.00      0.00    7136    3108   0.01  rpcbind
02:48:13 AM   105       366    0.00    0.00    0.00    0.00    0.00     1      0.00      0.00   25592   13288   0.04  systemd-resolve
02:48:13 AM   103       367    0.00    0.00    0.00    0.00    0.00     1      0.00      0.00   90672    6220   0.02  systemd-timesyn
02:48:13 AM     0       407    0.00    0.00    0.00    0.00    0.00     5      0.00      0.00       0       0   0.00  cfg80211
02:48:13 AM     0       410    0.00    0.00    0.00    0.00    0.00     0      0.00      0.00       0       0   0.00  irq/42-3210000.
02:48:13 AM     0       412    0.00    0.00    0.00    0.00    0.00     2      0.00      0.00       0       0   0.00  spi0
02:48:13 AM     0       413    0.00   13.00    0.00    0.00   13.00     1      0.00      0.00       0       0   0.00  irq/282-iwlwifi
02:48:13 AM     0       416    0.00    0.00    0.00    0.00    0.00     4      0.00      0.00       0       0   0.00  ata_sff
02:48:13 AM     0       419    0.00    0.00    0.00    0.00    0.00     0      0.00      0.00       0       0   0.00  irq/43-c260000.
02:48:13 AM     0       420    0.00    0.00    0.00    0.00    0.00     6      0.00      0.00       0       0   0.00  scsi_eh_1
02:48:13 AM     0       422    0.00    0.00    0.00    0.00    0.00     6      0.00      0.00       0       0   0.00  scsi_tmf_1
02:48:13 AM     0       427    0.00    0.00    0.00    0.00    0.00     0      0.00      0.00       0       0   0.00  spi1
02:48:13 AM     0       430    0.00    0.00    0.00    0.00    0.00     3      0.00      0.00  242072    8880   0.03  accounts-daemon
02:48:13 AM   120       439    0.00    0.00    0.00    0.00    0.00     1      0.00      0.00    7084    3472   0.01  avahi-daemon
02:48:13 AM     0       441    0.00    0.00    0.00    0.00    0.00     3      0.00      0.00    9220    2516   0.01  cron
02:48:13 AM   106       443    0.00    0.00    0.00    0.00    0.00     3      0.00      0.00    9396    5264   0.02  dbus-daemon
02:48:13 AM     0       447    0.00    0.00    0.00    0.00    0.00     3      0.00      0.00  341244   20856   0.07  NetworkManager
02:48:13 AM     0       456    0.00    0.00    0.00    0.00    0.00     4      0.00      0.00   38300   19472   0.06  networkd-dispat
02:48:13 AM     0       473    0.00    0.00    0.00    0.00    0.00     2      0.00      0.00  238860   13352   0.04  polkitd
02:48:13 AM   125       483    0.00    0.00    0.00    0.00    0.00     3      0.00      0.00  220940    8288   0.03  rsyslogd
02:48:13 AM     0       503    0.00    0.00    0.00    0.00    0.00     2      0.00      0.00  235864    4364   0.01  switcheroo-cont
02:48:13 AM     0       514    0.00    0.00    0.00    0.00    0.00     2      0.00      0.00   17076    6760   0.02  systemd-logind
02:48:13 AM     0       523    0.00    0.00    0.00    0.00    0.00     1      0.00      0.00  395556   15676   0.05  udisksd
02:48:13 AM     0       528    0.00    0.00    0.00    0.00    0.00     0      0.00      0.00   12784    8052   0.03  wpa_supplicant
02:48:13 AM     0       548    0.00    0.00    0.00    0.00    0.00     0      0.00      0.00       0       0   0.00  sugov:0
02:48:13 AM   120       555    0.00    0.00    0.00    0.00    0.00     2      0.00      0.00    6896     324   0.00  avahi-daemon
02:48:13 AM     0       585    0.00    0.00    0.00    0.00    0.00     5      0.00      0.00       0       0   0.00  tmp451
02:48:13 AM     0       597    0.00    0.00    0.00    0.00    0.00     3      0.00      0.00       0       0   0.00  irq/286-1-0008
02:48:13 AM     0       600    0.00    0.00    0.00    0.00    0.00     2      0.00      0.00  321792   14480   0.05  ModemManager
02:48:13 AM     0       653    0.00    0.00    0.00    0.00    0.00     0      0.00      0.00    2476     604   0.00  nvfancontrol
02:48:13 AM     0       728    0.00    0.00    0.00    0.00    0.00     4      0.00      0.00       0       0   0.00  adspp_kthread
02:48:13 AM     0       779    0.00    0.00    0.00    0.00    0.00     6      0.00      0.00       0       0   0.00  kworker/6:2H-kblockd
02:48:13 AM     0       876    0.00    0.00    0.00    0.00    0.00     1      0.00      0.00       0       0   0.00  irq/289-2490000
02:48:13 AM     0       887    0.00    0.00    0.00    0.00    0.00     0      0.00      0.00       0       0   0.00  irq/32-eth0.com
02:48:13 AM     0       919    0.00    0.00    0.00    0.00    0.00     4      0.00      0.00       0       0   0.00  file-storage
02:48:13 AM     0       953    0.00    0.00    0.00    0.00    0.00     1      0.00      0.00       0       0   0.00  loop0
02:48:13 AM     0      1048    0.00    0.00    0.00    0.00    0.00     4      0.00      0.00       0       0   0.00  kworker/4:2H-kblockd
02:48:13 AM     0      1091    0.00    0.00    0.00    0.00    0.00     3      0.00      0.00       0       0   0.00  cryptd
02:48:13 AM     0      1147    0.00    0.00    0.00    0.00    0.00     2      0.00      0.00       0       0   0.00  sw-quiesce
02:48:13 AM     0      1148    0.00    0.00    0.00    0.00    0.00     2      0.00      0.00       0       0   0.00  nvgpu_channel_p
02:48:13 AM     0      1151    0.00    0.00    0.00    0.00    0.00     1      0.00      0.00       0       0   0.00  nvgpu_nvs_gv11b
02:48:13 AM     0      1153    0.00    0.00    0.00    0.00    0.00     0      0.00      0.00       0       0   0.00  nvgpu_pg_init_g
02:48:13 AM     0      1157    0.00    0.00    0.00    0.00    0.00     2      0.00      0.00       0       0   0.00  nvgpu_clk_arb_p
02:48:13 AM     0      1162    0.00    0.00    0.00    0.00    0.00     3      0.00      0.00       0       0   0.00  irq/288-rt5659
02:48:13 AM     0      1270    0.00    0.00    0.00    0.00    0.00     3      0.00      0.00   55688   11092   0.03  nvargus-daemon
02:48:13 AM     0      1273    0.00    0.00    0.00    0.00    0.00     3      0.00      0.00   21932    1552   0.00  nvs-service
02:48:13 AM     0      1298    0.00    0.00    0.00    0.00    0.00     1      0.00      0.00 2007972   50424   0.16  containerd
02:48:13 AM     0      1314    0.00    0.00    0.00    0.00    0.00     0      0.00      0.00  240032    7616   0.02  gdm3
02:48:13 AM   108      1326    0.00    0.00    0.00    0.00    0.00     2      0.00      0.00   11468    1896   0.01  kerneloops
02:48:13 AM     0      1327    0.00    0.00    0.00    0.00    0.00     3      0.00      0.00   12236    6576   0.02  sshd
02:48:13 AM     0      1336    0.00    0.00    0.00    0.00    0.00     0      0.00      0.00    7688    1876   0.01  agetty
02:48:13 AM     0      1337    0.00    0.00    0.00    0.00    0.00     2      0.00      0.00    7688    1904   0.01  agetty
02:48:13 AM   108      1339    0.00    0.00    0.00    0.00    0.00     0      0.00      0.00   11468    1820   0.01  kerneloops
02:48:13 AM     0      1340    0.00    0.00    0.00    0.00    0.00     3      0.00      0.00    9216    2824   0.01  nvgetty.sh
02:48:13 AM     0      1379    0.00    0.00    0.00    0.00    0.00     0      0.00      0.00    7688    1848   0.01  getty
02:48:13 AM     0      1554    0.00    0.00    0.00    0.00    0.00     2      0.00      0.00 2111796   85472   0.27  dockerd
02:48:13 AM     0      1677    0.00    0.00    0.00    0.00    0.00     1      0.00      0.00  168472    8256   0.03  gdm-session-wor
02:48:13 AM     0      1711    0.00    0.00    0.00    0.00    0.00     0      0.00      0.00    3248     808   0.00  nvphsd
02:48:13 AM     0      1716    0.00    0.00    0.00    0.00    0.00     3      0.00      0.00    3380    1788   0.01  nvphsd
02:48:13 AM   124      1789    0.00    0.00    0.00    0.00    0.00     3      0.00      0.00   19144    9224   0.03  systemd
02:48:13 AM   124      1804    0.00    0.00    0.00    0.00    0.00     3      0.00      0.00  104488    5436   0.02  (sd-pam)
02:48:13 AM   124      2014    0.00    0.00    0.00    0.00    0.00     0      0.00      0.00  961884   21984   0.07  pulseaudio
02:48:13 AM   124      2032    0.00    0.00    0.00    0.00    0.00     2      0.00      0.00  164156    5924   0.02  gdm-x-session
02:48:13 AM   124      2037    0.00    0.00    0.00    0.00    0.00     1      0.00      0.00 25330232   99256   0.31  Xorg
02:48:13 AM   118      2040    0.00    0.00    0.00    0.00    0.00     1      0.00      0.00  152516    2440   0.01  rtkit-daemon
02:48:13 AM   124      2162    0.00    0.00    0.00    0.00    0.00     2      0.00      0.00    7812    3448   0.01  dbus-daemon
02:48:13 AM   124      2428    0.00    0.00    0.00    0.00    0.00     0      0.00      0.00    4776    1164   0.00  dbus-run-sessio
02:48:13 AM   124      2429    0.00    0.00    0.00    0.00    0.00     2      0.00      0.00    8088    4104   0.01  dbus-daemon
02:48:13 AM   124      2438    0.00    0.00    0.00    0.00    0.00     2      0.00      0.00  559768   14932   0.05  gnome-session-b
02:48:13 AM     0      2457    0.00    0.00    0.00    0.00    0.00     2      0.00      0.00  101692   19628   0.06  jtop
02:48:13 AM   124      2463    0.00    0.00    0.00    0.00    0.00     3      0.00      0.00  309548   10092   0.03  at-spi-bus-laun
02:48:13 AM   124      2470    0.00    0.00    0.00    0.00    0.00     1      0.00      0.00    7676    3468   0.01  dbus-daemon
02:48:13 AM   124      2495    0.00    0.00    0.00    0.00    0.00     1      0.00      0.00 4022996  194908   0.61  gnome-shell
02:48:13 AM     0      2510    0.00    0.00    0.00    0.00    0.00     0      0.00      0.00  175424   16904   0.05  jtop
02:48:13 AM     0      2518    0.00    0.00    0.00    0.00    0.00     2      0.00      0.00  101692   17160   0.05  jtop
02:48:13 AM   124      2696    0.00    0.00    0.00    0.00    0.00     0      0.00      0.00  314420   11212   0.04  ibus-daemon
02:48:13 AM   124      2699    0.00    0.00    0.00    0.00    0.00     2      0.00      0.00  239960   11792   0.04  ibus-dconf
02:48:13 AM   124      2701    0.00    0.00    0.00    0.00    0.00     2      0.00      0.00  189920   16900   0.05  ibus-x11
02:48:13 AM   124      2704    0.00    0.00    0.00    0.00    0.00     3      0.00      0.00  239880    7776   0.02  ibus-portal
02:48:13 AM   124      2715    0.00    0.00    0.00    0.00    0.00     1      0.00      0.00  161420    6880   0.02  at-spi2-registr
02:48:13 AM   124      2719    0.00    0.00    0.00    0.00    0.00     3      0.00      0.00  235804    4672   0.01  xdg-permission-
02:48:13 AM     0      2725    0.00    0.00    0.00    0.00    0.00     3      0.00      0.00  252944    8776   0.03  upowerd
02:48:13 AM   124      2745    0.00    0.00    0.00    0.00    0.00     2      0.00      0.00 3001620   27244   0.09  gjs
02:48:13 AM   124      2764    0.00    0.00    0.00    0.00    0.00     1      0.00      0.00  469396   14236   0.04  gsd-sharing
02:48:13 AM   124      2765    0.00    0.00    0.00    0.00    0.00     1      0.00      0.00  334628   15072   0.05  gsd-wacom
02:48:13 AM   124      2768    0.00    0.00    0.00    0.00    0.00     2      0.00      0.00  571788   19844   0.06  gsd-color
02:48:13 AM   124      2772    0.00    0.00    0.00    0.00    0.00     3      0.00      0.00  338096   17824   0.06  gsd-keyboard
02:48:13 AM   124      2774    0.00    0.00    0.00    0.00    0.00     2      0.00      0.00  322508   11376   0.04  gsd-print-notif
02:48:13 AM   124      2779    0.00    0.00    0.00    0.00    0.00     3      0.00      0.00  166208    7736   0.02  ibus-engine-sim
02:48:13 AM   124      2780    0.00    0.00    0.00    0.00    0.00     1      0.00      0.00  457460    7996   0.03  gsd-rfkill
02:48:13 AM   124      2782    0.00    0.00    0.00    0.00    0.00     1      0.00      0.00  391976    9696   0.03  gsd-smartcard
02:48:13 AM   124      2784    0.00    0.00    0.00    0.00    0.00     2      0.00      0.00  374928   15372   0.05  gsd-datetime
02:48:13 AM   124      2790    0.00    0.00    0.00    0.00    0.00     3      0.00      0.00  679696   20032   0.06  gsd-media-keys
02:48:13 AM   124      2791    0.00    0.00    0.00    0.00    0.00     3      0.00      0.00  235772    5600   0.02  gsd-screensaver
02:48:13 AM   124      2793    0.00    0.00    0.00    0.00    0.00     3      0.00      0.00  320104    9452   0.03  gsd-sound
02:48:13 AM   124      2795    0.00    0.00    0.00    0.00    0.00     3      0.00      0.00  313652   10144   0.03  gsd-a11y-settin
02:48:13 AM   124      2799    0.00    0.00    0.00    0.00    0.00     2      0.00      0.00  313992   10540   0.03  gsd-housekeepin
02:48:13 AM   124      2802    0.00    0.00    0.00    0.00    0.00     1      0.00      0.00  339724   18828   0.06  gsd-power
02:48:13 AM   124      2824    0.00    0.00    0.00    0.00    0.00     2      0.00      0.00  342540   12784   0.04  gsd-printer
02:48:13 AM   119      2837    0.00    0.00    0.00    0.00    0.00     2      0.00      0.00  249328   17548   0.06  colord
02:48:13 AM     0     29120    0.00    0.00    0.00    0.00    0.00     3      0.00      0.00       0       0   0.00  kworker/u17:2
02:48:13 AM     0     33852    0.00    0.00    0.00    0.00    0.00     1      0.00      0.00       0       0   0.00  kworker/1:0H-kblockd
02:48:13 AM     0     35048    0.00    0.00    0.00    0.00    0.00     0      0.00      0.00       0       0   0.00  kworker/u17:0-thermal_fan_est
02:48:13 AM  1000     39960    0.00    0.00    0.00    0.00    0.00     2      0.00      0.00   19248    9208   0.03  systemd
02:48:13 AM  1000     39961    0.00    0.00    0.00    0.00    0.00     2      0.00      0.00  170940    6304   0.02  (sd-pam)
02:48:13 AM  1000     40037    0.00    0.00    0.00    0.00    0.00     3      0.00      0.00    7812    3952   0.01  dbus-daemon
02:48:13 AM     0     40147    0.00    0.00    0.00    0.00    0.00     1      0.00      0.00       0       0   0.00  kworker/1:0-pm
02:48:13 AM     0     40174    0.00    1.00    0.00    0.00    1.00     2      0.00      0.00       0       0   0.00  kworker/2:2H-kblockd
02:48:13 AM     0     40194    0.00    0.00    0.00    0.00    0.00     3      0.00      0.00       0       0   0.00  kworker/3:0H-kblockd
02:48:13 AM     0     41650    0.00    0.00    0.00    0.00    0.00     3      0.00      0.00       0       0   0.00  kworker/3:0-events
02:48:13 AM     0     43913    0.00    0.00    0.00    0.00    0.00     2      0.00      0.00   14768    7560   0.02  sshd
02:48:13 AM  1000     43958    0.00    0.00    0.00    0.00    0.00     0      0.00      0.00   15292    6400   0.02  sshd
02:48:13 AM  1000     43959    0.00    0.00    0.00    0.00    0.00     1      0.00      0.00   11344    5444   0.02  bash
02:48:13 AM     0     50050    0.00    0.00    0.00    0.00    0.00     2      0.00      0.00   14768    7572   0.02  sshd
02:48:13 AM  1000     50094    0.00    0.00    0.00    0.00    0.00     3      0.00      0.00   15292    6428   0.02  sshd
02:48:13 AM  1000     50095    0.00    0.00    0.00    0.00    0.00     2      0.00      0.00   11344    5448   0.02  bash
02:48:13 AM     0     81462    0.00    0.00    0.00    0.00    0.00     2      0.00      0.00       0       0   0.00  kworker/2:2-pm
02:48:13 AM     0     81478    0.00    0.00    0.00    0.00    0.00     0      0.00      0.00       0       0   0.00  kworker/0:1H-kblockd
02:48:13 AM  1000     84840    0.00    0.00    0.00    0.00    0.00     3      0.00      0.00  240176   10088   0.03  gnome-keyring-d
02:48:13 AM   124     84900    0.00    0.00    0.00    0.00    0.00     1      0.00      0.00  156240    4584   0.01  dconf-service
02:48:13 AM     0     85427    0.00    0.00    0.00    0.00    0.00     0      0.00      0.00       0       0   0.00  kworker/0:2-events
02:48:13 AM     0     86310    0.00    1.00    0.00    0.00    1.00     0      0.00      0.00       0       0   0.00  kworker/u16:1-events_unbound
02:48:13 AM     0     86312    0.00    0.00    0.00    0.00    0.00     3      0.00      0.00   14768    7564   0.02  sshd
02:48:13 AM  1000     86356    0.00    0.00    0.00    0.00    0.00     0      0.00      0.00   15292    6380   0.02  sshd
02:48:13 AM  1000     86357    0.00    0.00    0.00    0.00    0.00     1      0.00      0.00   11344    5440   0.02  bash
02:48:13 AM     0     86549    0.00    0.00    0.00    0.00    0.00     2      0.00      0.00   14768    7664   0.02  sshd
02:48:13 AM  1000     86593    1.00    2.00    0.00    5.00    3.00     2      0.00      0.00   15292    6480   0.02  sshd
02:48:13 AM  1000     86594    0.00    0.00    0.00    0.00    0.00     2      0.00      0.00   11860    5896   0.02  bash
02:48:13 AM     0     86632    0.00    0.00    0.00    0.00    0.00     3      0.00      0.00       0       0   0.00  kworker/3:2
02:48:13 AM     0     87290    0.00    0.00    0.00    0.00    0.00     0      0.00      0.00   14768    7584   0.02  sshd
02:48:13 AM  1000     87334    0.00    0.00    0.00    0.00    0.00     0      0.00      0.00   15292    6412   0.02  sshd
02:48:13 AM  1000     87335    0.00    0.00    0.00    0.00    0.00     2      0.00      0.00   11344    5436   0.02  bash
02:48:13 AM     0     89981    0.00    0.00    0.00    0.00    0.00     1      0.00      0.00       0       0   0.00  kworker/1:1-events
02:48:13 AM     0     95050    0.00    0.00    0.00    0.00    0.00     2      0.00      0.00       0       0   0.00  kworker/2:0-events
02:48:13 AM     0     96173    0.00    0.00    0.00    0.00    0.00     1      0.00      0.00       0       0   0.00  kworker/1:2-events
02:48:13 AM     0     99494    0.00    0.00    0.00    0.00    0.00     0      0.00      0.00       0       0   0.00  kworker/u16:3-devfreq_wq
02:48:13 AM     0    107801    0.00    0.00    0.00    0.00    0.00     1      0.00      0.00       0       0   0.00  kworker/1:2H
02:48:13 AM     0    122883    0.00    0.00    0.00    0.00    0.00     2      0.00      0.00       0       0   0.00  kworker/u16:2-events_unbound
02:48:13 AM     0    123203    0.00    0.00    0.00    0.00    0.00     3      0.00      0.00       0       0   0.00  kworker/3:2H
02:48:13 AM     0    124025    0.00    0.00    0.00    0.00    0.00     2      0.00      0.00       0       0   0.00  kworker/2:0H
02:48:13 AM     0    130503    0.00    0.00    0.00    0.00    0.00     0      0.00      0.00       0       0   0.00  kworker/0:0H
02:48:13 AM     0    130577    0.00    0.00    0.00    0.00    0.00     0      0.00      0.00       0       0   0.00  kworker/0:1-events
02:48:13 AM     0    130584    0.00    0.00    0.00    0.00    0.00     2      0.00      0.00   14768    7576   0.02  sshd
02:48:13 AM  1000    130628    0.00    2.00    0.00    3.00    2.00     2      0.00      0.00   16676    7816   0.02  sshd
02:48:13 AM  1000    130629    0.00    0.00    0.00    0.00    0.00     3      0.00      0.00   11344    5436   0.02  bash
02:48:13 AM  1000    130765    0.00    0.00    0.00    0.00    0.00     3      0.00      0.00  283948   43148   0.14  roslaunch
02:48:13 AM  1000    130773    1.00    0.00    0.00    0.00    1.00     0      0.00      0.00  797980   45684   0.14  rosmaster
02:48:13 AM  1000    130783    0.00    0.00    0.00    0.00    0.00     1      0.00      0.00  274964   10152   0.03  rosout
02:48:13 AM  1000    130790   61.00   73.00    0.00   17.00  134.00     3      0.00      0.00 34790064  710452   2.24  scale_truck_con
02:48:13 AM  1000    130791   24.00   52.00    0.00    0.00   76.00     0      0.00      0.00 1571432  113560   0.36  LRC
02:48:13 AM  1000    130854    9.00    4.00    0.00    0.00   13.00     2      0.00      0.00  724884   75168   0.24  python3
02:48:13 AM     0    131985    0.00    0.00    0.00    0.00    0.00     2      0.00      0.00       0       0   0.00  kworker/2:1H
02:48:13 AM     0    132214    0.00    0.00    0.00    0.00    0.00     1      0.00      0.00       0       0   0.00  kworker/1:1H
02:48:13 AM     0    133801    0.00    0.00    0.00    0.00    0.00     0      0.00      0.00       0       0   0.00  kworker/0:0-events
02:48:13 AM     0    137289    0.00    0.00    0.00    0.00    0.00     1      0.00      0.00       0       0   0.00  kworker/1:3-pm
02:48:13 AM     0    139165    0.00    0.00    0.00    0.00    0.00     0      0.00      0.00       0       0   0.00  kworker/0:2H
02:48:13 AM     0    139402    0.00    0.00    0.00    0.00    0.00     1      0.00      0.00       0       0   0.00  kworker/u16:0-events_unbound
02:48:13 AM     0    142495    0.00    0.00    0.00    0.00    0.00     1      0.00      0.00       0       0   0.00  kworker/1:4-events
02:48:13 AM  1000    144270    0.00    0.00    0.00    0.00    0.00     0      0.00      0.00    7828     552   0.00  timeout
02:48:13 AM  1000    144271    0.00    0.00    0.00    0.00    0.00     0      0.00      0.00   68712   43156   0.14  rosbag
02:48:13 AM  1000    144272    0.00    0.00    0.00    0.00    0.00     2      0.00      0.00    9208    3300   0.01  bash
02:48:13 AM  1000    144520    0.00    0.00    0.00    0.00    0.00     3      0.00      0.00   68692   42744   0.13  rosbag
02:48:13 AM  1000    144531   15.00   24.00    0.00    0.00   39.00     2     33.00      0.00 1172160   22720   0.07  record
02:48:13 AM  1000    144614    2.00   16.00    0.00   19.00   18.00     1      0.00      0.00   17812    9560   0.03  pidstat
02:48:13 AM  1000    144684    2.00    6.00    0.00    3.00    8.00     0      0.00      0.00  365376   26976   0.09  play

# Time        UID       PID    %usr %system  %guest   %wait    %CPU   CPU  minflt/s  majflt/s     VSZ     RSS   %MEM  Command
02:48:14 AM     0         1    0.00    0.00    0.00    0.00    0.00     1      0.00      0.00  169880   11540   0.04  systemd
02:48:14 AM     0         2    0.00    0.00    0.00    0.00    0.00     1      0.00      0.00       0       0   0.00  kthreadd
02:48:14 AM     0         3    0.00    0.00    0.00    0.00    0.00     0      0.00      0.00       0       0   0.00  rcu_gp
02:48:14 AM     0         4    0.00    0.00    0.00    0.00    0.00     0      0.00      0.00       0       0   0.00  rcu_par_gp
02:48:14 AM     0         8    0.00    0.00    0.00    0.00    0.00     0      0.00      0.00       0       0   0.00  mm_percpu_wq
02:48:14 AM     0         9    0.00    0.00    0.00    0.00    0.00     0      0.00      0.00       0       0   0.00  rcu_tasks_kthre
02:48:14 AM     0        10    0.00    0.00    0.00    0.00    0.00     0      0.00      0.00       0       0   0.00  rcu_tasks_rude_
02:48:14 AM     0        11    0.00    0.00    0.00    0.00    0.00     0      0.00      0.00       0       0   0.00  rcu_tasks_trace
02:48:14 AM     0        12    0.00    0.00    0.00    0.00    0.00     0      0.00      0.00       0       0   0.00  ksoftirqd/0
02:48:14 AM     0        13    0.00    0.00    0.00    0.00    0.00     2      0.00      0.00       0       0   0.00  rcu_preempt
02:48:14 AM     0        14    0.00    0.00    0.00    0.00    0.00     0      0.00      0.00       0       0   0.00  migration/0
02:48:14 AM     0        16    0.00    0.00    0.00    0.00    0.00     0      0.00      0.00       0       0   0.00  cpuhp/0
02:48:14 AM     0        17    0.00    0.00    0.00    0.00    0.00     1      0.00      0.00       0       0   0.00  cpuhp/1
02:48:14 AM     0        18    0.00    0.00    0.00    0.00    0.00     1      0.00      0.00       0       0   0.00  migration/1
02:48:14 AM     0        19    0.00    0.00    0.00    0.00    0.00     1      0.00      0.00       0       0   0.00  ksoftirqd/1
02:48:14 AM     0        22    0.00    0.00    0.00    0.00    0.00     2      0.00      0.00       0       0   0.00  cpuhp/2
02:48:14 AM     0        23    0.00    0.00    0.00    0.00    0.00     2      0.00      0.00       0       0   0.00  migration/2
02:48:14 AM     0        24    0.00    0.00    0.00    0.00    0.00     2      0.00      0.00       0       0   0.00  ksoftirqd/2
02:48:14 AM     0        27    0.00    0.00    0.00    0.00    0.00     3      0.00      0.00       0       0   0.00  cpuhp/3
02:48:14 AM     0        28    0.00    0.00    0.00    0.00    0.00     3      0.00      0.00       0       0   0.00  migration/3
02:48:14 AM     0        29    0.00    0.00    0.00    0.00    0.00     3      0.00      0.00       0       0   0.00  ksoftirqd/3
02:48:14 AM     0        32    0.00    0.00    0.00    0.00    0.00     4      0.00      0.00       0       0   0.00  cpuhp/4
02:48:14 AM     0        33    0.00    0.00    0.00    0.00    0.00     4      0.00      0.00       0       0   0.00  migration/4
02:48:14 AM     0        34    0.00    0.00    0.00    0.00    0.00     4      0.00      0.00       0       0   0.00  ksoftirqd/4
02:48:14 AM     0        36    0.00    0.00    0.00    0.00    0.00     4      0.00      0.00       0       0   0.00  kworker/4:0H-kblockd
02:48:14 AM     0        37    0.00    0.00    0.00    0.00    0.00     5      0.00      0.00       0       0   0.00  cpuhp/5
02:48:14 AM     0        38    0.00    0.00    0.00    0.00    0.00     5      0.00      0.00       0       0   0.00  migration/5
02:48:14 AM     0        39    0.00    0.00    0.00    0.00    0.00     5      0.00      0.00       0       0   0.00  ksoftirqd/5
02:48:14 AM     0        41    0.00    0.00    0.00    0.00    0.00     5      0.00      0.00       0       0   0.00  kworker/5:0H-kblockd
02:48:14 AM     0        42    0.00    0.00    0.00    0.00    0.00     6      0.00      0.00       0       0   0.00  cpuhp/6
02:48:14 AM     0        43    0.00    0.00    0.00    0.00    0.00     6      0.00      0.00       0       0   0.00  migration/6
02:48:14 AM     0        44    0.00    0.00    0.00    0.00    0.00     6      0.00      0.00       0       0   0.00  ksoftirqd/6
02:48:14 AM     0        46    0.00    0.00    0.00    0.00    0.00     6      0.00      0.00       0       0   0.00  kworker/6:0H-events_highpri
02:48:14 AM     0        47    0.00    0.00    0.00    0.00    0.00     7      0.00      0.00       0       0   0.00  cpuhp/7
02:48:14 AM     0        48    0.00    0.00    0.00    0.00    0.00     7      0.00      0.00       0       0   0.00  migration/7
02:48:14 AM     0        49    0.00    0.00    0.00    0.00    0.00     7      0.00      0.00       0       0   0.00  ksoftirqd/7
02:48:14 AM     0        50    0.00    0.00    0.00    0.00    0.00     0      0.00      0.00       0       0   0.00  kworker/7:0-rcu_gp
02:48:14 AM     0        51    0.00    0.00    0.00    0.00    0.00     7      0.00      0.00       0       0   0.00  kworker/7:0H-kblockd
02:48:14 AM     0        52    0.00    0.00    0.00    0.00    0.00     0      0.00      0.00       0       0   0.00  kdevtmpfs
02:48:14 AM     0        53    0.00    0.00    0.00    0.00    0.00     4      0.00      0.00       0       0   0.00  netns
02:48:14 AM     0        54    0.00    0.00    0.00    0.00    0.00     1      0.00      0.00       0       0   0.00  kauditd
02:48:14 AM     0        55    0.00    0.00    0.00    0.00    0.00     0      0.00      0.00       0       0   0.00  irq/87-mc_statu
02:48:14 AM     0        56    0.00    0.00    0.00    0.00    0.00     2      0.00      0.00       0       0   0.00  khungtaskd
02:48:14 AM     0        57    0.00    0.00    0.00    0.00    0.00     3      0.00      0.00       0       0   0.00  oom_reaper
02:48:14 AM     0        58    0.00    0.00    0.00    0.00    0.00     5      0.00      0.00       0       0   0.00  writeback
02:48:14 AM     0        59    0.00    0.00    0.00    0.00    0.00     3      0.00      0.00       0       0   0.00  kcompactd0
02:48:14 AM     0        60    0.00    0.00    0.00    0.00    0.00     1      0.00      0.00       0       0   0.00  ksmd
02:48:14 AM     0        61    0.00    0.00    0.00    0.00    0.00     2      0.00      0.00       0       0   0.00  khugepaged
02:48:14 AM     0        93    0.00    0.00    0.00    0.00    0.00     1      0.00      0.00       0       0   0.00  kintegrityd
02:48:14 AM     0        94    0.00    0.00    0.00    0.00    0.00     1      0.00      0.00       0       0   0.00  kblockd
02:48:14 AM     0        95    0.00    0.00    0.00    0.00    0.00     1      0.00      0.00       0       0   0.00  blkcg_punt_bio
02:48:14 AM     0        97    0.00    0.00    0.00    0.00    0.00     3      0.00      0.00       0       0   0.00  tpm_dev_wq
02:48:14 AM     0        98    0.00    0.00    0.00    0.00    0.00     0      0.00      0.00       0       0   0.00  irq/197-30c0000
02:48:14 AM     0        99    0.00    0.00    0.00    0.00    0.00     1      0.00      0.00       0       0   0.00  devfreq_wq
02:48:14 AM     0       100    0.00    0.00    0.00    0.00    0.00     1      0.00      0.00       0       0   0.00  watchdogd
02:48:14 AM     0       104    0.00    0.00    0.00    0.00    0.00     7      0.00      0.00       0       0   0.00  rpciod
02:48:14 AM     0       106    0.00    0.00    0.00    0.00    0.00     7      0.00      0.00       0       0   0.00  xprtiod
02:48:14 AM     0       108    0.00    0.00    0.00    0.00    0.00     7      0.00      0.00       0       0   0.00  kswapd0
02:48:14 AM     0       109    0.00    0.00    0.00    0.00    0.00     5      0.00      0.00       0       0   0.00  nfsiod
02:48:14 AM     0       112    0.00    0.00    0.00    0.00    0.00     1      0.00      0.00       0       0   0.00  kthrotld
02:48:14 AM     0       113    0.00    0.00    0.00    0.00    0.00     7      0.00      0.00       0       0   0.00  kpcitest
02:48:14 AM     0       116    0.00    0.00    0.00    0.00    0.00     5      0.00      0.00       0       0   0.00  kworker/5:1-events
02:48:14 AM     0       122    0.00    0.00    0.00    0.00    0.00     1      0.00      0.00       0       0   0.00  nvme-wq
02:48:14 AM     0       123    0.00    0.00    0.00    0.00    0.00     5      0.00      0.00       0       0   0.00  nvme-reset-wq
02:48:14 AM     0       124    0.00    0.00    0.00    0.00    0.00     6      0.00      0.00       0       0   0.00  nvme-delete-wq
02:48:14 AM     0       125    0.00    0.00    0.00    0.00    0.00     6      0.00      0.00       0       0   0.00  uas
02:48:14 AM     0       126    0.00    0.00    0.00    0.00    0.00     0      0.00      0.00       0       0   0.00  irq/222-tegra_r
02:48:14 AM     0       127    0.00    0.00    0.00    0.00    0.00     0      0.00      0.00       0       0   0.00  kworker/7:2-events
02:48:14 AM     0       129    0.00    0.00    0.00    0.00    0.00     0      0.00      0.00       0       0   0.00  irq/86-tegra-oc
02:48:14 AM     0       130    0.00    0.00    0.00    0.00    0.00     5      0.00      0.00       0       0   0.00  dm_bufio_cache
02:48:14 AM     0       131    0.00    0.00    0.00    0.00    0.00     0      0.00      0.00       0       0   0.00  irq/223-max7762
02:48:14 AM     0       140    0.00    0.00    0.00    0.00    0.00     0      0.00      0.00       0       0   0.00  irq/55-bc00000.
02:48:14 AM     0       143    0.00    0.00    0.00    0.00    0.00     0      0.00      0.00       0       0   0.00  ipv6_addrconf
02:48:14 AM     0       144    0.00    0.00    0.00    0.00    0.00     6      0.00      0.00       0       0   0.00  krfcommd
02:48:14 AM     0       145    0.00    0.00    0.00    0.00    0.00     0      0.00      0.00       0       0   0.00  kstrp
02:48:14 AM     0       150    0.00    0.00    0.00    0.00    0.00     0      0.00      0.00       0       0   0.00  irq/24-tegra-pc
02:48:14 AM     0       154    0.00    0.00    0.00    0.00    0.00     0      0.00      0.00       0       0   0.00  irq/26-tegra-pc
02:48:14 AM     0       160    0.00    0.00    0.00    0.00    0.00     0      0.00      0.00       0       0   0.00  irq/26-aerdrv
02:48:14 AM     0       161    0.00    0.00    0.00    0.00    0.00     0      0.00      0.00       0       0   0.00  irq/28-tegra-pc
02:48:14 AM     0       162    0.00    0.00    0.00    0.00    0.00     0      0.00      0.00       0       0   0.00  irq/28-aerdrv
02:48:14 AM     0       163    0.00    0.00    0.00    0.00    0.00     5      0.00      0.00       0       0   0.00  host_low_prio_w
02:48:14 AM     0       164    0.00    0.00    0.00    1.00    0.00     0      0.00      0.00       0       0   0.00  irq/57-host_syn
02:48:14 AM     0       165    0.00    0.00    0.00    0.00    0.00     0      0.00      0.00       0       0   0.00  irq/58-host_sta
02:48:14 AM     0       173    0.00    0.00    0.00    0.00    0.00     5      0.00      0.00       0       0   0.00  pva_task_status
02:48:14 AM     0       174    0.00    0.00    0.00    0.00    0.00     0      0.00      0.00       0       0   0.00  irq/75-pva-isr
02:48:14 AM     0       175    0.00    0.00    0.00    0.00    0.00     0      0.00      0.00       0       0   0.00  pva_task_status
02:48:14 AM     0       176    0.00    0.00    0.00    0.00    0.00     0      0.00      0.00       0       0   0.00  irq/76-pva-isr
02:48:14 AM     0       185    0.00    0.00    0.00    0.00    0.00     0      0.00      0.00       0       0   0.00  sdhci
02:48:14 AM     0       186    0.00    0.00    0.00    0.00    0.00     0      0.00      0.00       0       0   0.00  irq/39-mmc0
02:48:14 AM     0       187    0.00    0.00    0.00    0.00    0.00     2      0.00      0.00       0       0   0.00  sdhci
02:48:14 AM     0       189    0.00    0.00    0.00    0.00    0.00     0      0.00      0.00       0       0   0.00  irq/40-mmc1
02:48:14 AM     0       195    0.00    0.00    0.00    0.00    0.00     7      0.00      0.00       0       0   0.00  scsi_eh_0
02:48:14 AM     0       196    0.00    0.00    0.00    0.00    0.00     7      0.00      0.00       0       0   0.00  scsi_tmf_0
02:48:14 AM     0       197    0.00    0.00    0.00    0.00    0.00     0      0.00      0.00       0       0   0.00  kworker/5:2-events
02:48:14 AM     0       198    0.00    0.00    0.00    0.00    0.00     0      0.00      0.00       0       0   0.00  irq/67-15200000
02:48:14 AM     0       199    0.00    0.00    0.00    0.00    0.00     1      0.00      0.00       0       0   0.00  tegradc.0/a
02:48:14 AM     0       200    0.00    0.00    0.00    0.00    0.00     0      0.00      0.00       0       0   0.00  tegradc.0/b
02:48:14 AM     0       201    0.00    0.00    0.00    0.00    0.00     0      0.00      0.00       0       0   0.00  tegradc.0/c
02:48:14 AM     0       202    0.00    0.00    0.00    0.00    0.00     0      0.00      0.00       0       0   0.00  tegradc.0/d
02:48:14 AM     0       203    0.00    0.00    0.00    0.00    0.00     0      0.00      0.00       0       0   0.00  tegradc.0/e
02:48:14 AM     0       204    0.00    0.00    0.00    0.00    0.00     0      0.00      0.00       0       0   0.00  tegradc.0/f
02:48:14 AM     0       205    0.00    0.00    0.00    0.00    0.00     0      0.00      0.00       0       0   0.00  tegradc.0/sl
02:48:14 AM     0       206    0.00    0.00    0.00    0.00    0.00     0      0.00      0.00       0       0   0.00  irq/62-15200000
02:48:14 AM     0       207    0.00    0.00    0.00    0.00    0.00     0      0.00      0.00       0       0   0.00  irq/276-3400000
02:48:14 AM     0       208    0.00    0.00    0.00    0.00    0.00     0      0.00      0.00       0       0   0.00  ufs_eh_wq_0
02:48:14 AM     0       209    0.00    0.00    0.00    0.00    0.00     3      0.00      0.00       0       0   0.00  mmc_complete
02:48:14 AM     0       211    0.00    0.00    0.00    0.00    0.00     0      0.00      0.00       0       0   0.00  irq/278-1520000
02:48:14 AM     0       212    0.00    0.00    0.00    0.00    0.00     0      0.00      0.00       0       0   0.00  irq/203-3610000
02:48:14 AM     0       213    0.00    0.00    0.00    0.00    0.00     0      0.00      0.00       0       0   0.00  irq/221-3610000
02:48:14 AM     0       214    0.00    0.00    0.00    0.00    0.00     0      0.00      0.00       0       0   0.00  irq/30-tegra-pc
02:48:14 AM     0       216    0.00    0.00    0.00    0.00    0.00     0      0.00      0.00       0       0   0.00  kworker/4:3-events
02:48:14 AM     0       218    0.00    0.00    0.00    0.00    0.00     4      0.00      0.00       0       0   0.00  kworker/4:5-events
02:48:14 AM     0       221    0.00    0.00    0.00    0.00    0.00     0      0.00      0.00       0       0   0.00  kworker/6:12-events
02:48:14 AM     0       222    0.00    0.00    0.00    0.00    0.00     0      0.00      0.00       0       0   0.00  kworker/6:13-events
02:48:14 AM     0       225    0.00    0.00    0.00    0.00    0.00     0      0.00      0.00       0       0   0.00  irq/68-tegra_dp
02:48:14 AM     0       226    0.00    0.00    0.00    0.00    0.00     0      0.00      0.00       0       0   0.00  irq/65-15210000
02:48:14 AM     0       227    0.00    0.00    0.00    0.00    0.00     0      0.00      0.00       0       0   0.00  tegradc.1/a
02:48:14 AM     0       228    0.00    0.00    0.00    0.00    0.00     0      0.00      0.00       0       0   0.00  tegradc.1/b
02:48:14 AM     0       229    0.00    0.00    0.00    0.00    0.00     0      0.00      0.00       0       0   0.00  tegradc.1/c
02:48:14 AM     0       230    0.00    0.00    0.00    0.00    0.00     0      0.00      0.00       0       0   0.00  tegradc.1/d
02:48:14 AM     0       231    0.00    0.00    0.00    0.00    0.00     0      0.00      0.00       0       0   0.00  tegradc.1/e
02:48:14 AM     0       232    0.00    0.00    0.00    0.00    0.00     0      0.00      0.00       0       0   0.00  tegradc.1/f
02:48:14 AM     0       233    0.00    0.00    0.00    0.00    0.00     1      0.00      0.00       0       0   0.00  tegradc.1/sl
02:48:14 AM     0       234    0.00    0.00    0.00    0.00    0.00     0      0.00      0.00       0       0   0.00  irq/63-15210000
02:48:14 AM     0       249    0.00    0.00    0.00    0.00    0.00     0      0.00      0.00       0       0   0.00  irq/56-d230000.
02:48:14 AM     0       250    0.00    0.00    0.00    0.00    0.00     0      0.00      0.00       0       0   0.00  irq/69-tegra_dp
02:48:14 AM     0       251    0.00    0.00    0.00    0.00    0.00     0      0.00      0.00       0       0   0.00  irq/66-15220000
02:48:14 AM     0       252    0.00    0.00    0.00    0.00    0.00     0      0.00      0.00       0       0   0.00  tegradc.2/a
02:48:14 AM     0       253    0.00    0.00    0.00    0.00    0.00     0      0.00      0.00       0       0   0.00  tegradc.2/b
02:48:14 AM     0       254    0.00    0.00    0.00    0.00    0.00     0      0.00      0.00       0       0   0.00  tegradc.2/c
02:48:14 AM     0       255    0.00    0.00    0.00    0.00    0.00     0      0.00      0.00       0       0   0.00  tegradc.2/d
02:48:14 AM     0       256    0.00    0.00    0.00    0.00    0.00     0      0.00      0.00       0       0   0.00  tegradc.2/e
02:48:14 AM     0       257    0.00    0.00    0.00    0.00    0.00     0      0.00      0.00       0       0   0.00  tegradc.2/f
02:48:14 AM     0       258    0.00    0.00    0.00    0.00    0.00     0      0.00      0.00       0       0   0.00  tegradc.2/sl
02:48:14 AM     0       259    0.00    0.00    0.00    0.00    0.00     0      0.00      0.00       0       0   0.00  irq/64-15220000
02:48:14 AM     0       275    0.00    0.00    0.00    0.00    0.00     3      0.00      0.00       0       0   0.00  jbd2/mmcblk0p1-
02:48:14 AM     0       276    0.00    0.00    0.00    0.00    0.00     3      0.00      0.00       0       0   0.00  ext4-rsv-conver
02:48:14 AM     0       280    0.00    0.00    0.00    0.00    0.00     7      0.00      0.00       0       0   0.00  kworker/7:1H
02:48:14 AM     0       286    0.00    0.00    0.00    0.00    0.00     5      0.00      0.00       0       0   0.00  kworker/5:1H-kblockd
02:48:14 AM     0       312    0.00    0.00    0.00    0.00    0.00     2      0.00      0.00   61816   31808   0.10  systemd-journal
02:48:14 AM     0       338    0.00    4.00    0.00   22.00    4.00     2      0.00      0.00       0       0   0.00  nvmap-bz
02:48:14 AM     0       339    0.00    0.00    0.00    0.00    0.00     0      0.00      0.00       0       0   0.00  irq/204-gk20a_s
02:48:14 AM     0       340    0.00    0.00    0.00    0.00    0.00     0      0.00      0.00       0       0   0.00  irq/205-gk20a_n
02:48:14 AM     0       345    0.00    0.00    0.00    0.00    0.00     3      0.00      0.00    2776    1492   0.00  tee-supplicant
02:48:14 AM     0       347    0.00    0.00    0.00    0.00    0.00     3      0.00      0.00       0       0   0.00  optee_bus_scan
02:48:14 AM     0       358    0.00    0.00    0.00    0.00    0.00     3      0.00      0.00   22788    7532   0.02  systemd-udevd
02:48:14 AM     0       364    0.00    0.00    0.00    0.00    0.00     1      0.00      0.00    7948    4892   0.02  haveged
02:48:14 AM   126       365    0.00    0.00    0.00    0.00    0.00     3      0.00      0.00    7136    3108   0.01  rpcbind
02:48:14 AM   105       366    0.00    0.00    0.00    0.00    0.00     1      0.00      0.00   25592   13288   0.04  systemd-resolve
02:48:14 AM   103       367    0.00    0.00    0.00    0.00    0.00     1      0.00      0.00   90672    6220   0.02  systemd-timesyn
02:48:14 AM     0       407    0.00    0.00    0.00    0.00    0.00     5      0.00      0.00       0       0   0.00  cfg80211
02:48:14 AM     0       410    0.00    0.00    0.00    0.00    0.00     0      0.00      0.00       0       0   0.00  irq/42-3210000.
02:48:14 AM     0       412    0.00    0.00    0.00    0.00    0.00     2      0.00      0.00       0       0   0.00  spi0
02:48:14 AM     0       413    0.00   14.00    0.00    0.00   14.00     1      0.00      0.00       0       0   0.00  irq/282-iwlwifi
02:48:14 AM     0       416    0.00    0.00    0.00    0.00    0.00     4      0.00      0.00       0       0   0.00  ata_sff
02:48:14 AM     0       419    0.00    0.00    0.00    0.00    0.00     0      0.00      0.00       0       0   0.00  irq/43-c260000.
02:48:14 AM     0       420    0.00    0.00    0.00    0.00    0.00     6      0.00      0.00       0       0   0.00  scsi_eh_1
02:48:14 AM     0       422    0.00    0.00    0.00    0.00    0.00     6      0.00      0.00       0       0   0.00  scsi_tmf_1
02:48:14 AM     0       427    0.00    0.00    0.00    0.00    0.00     0      0.00      0.00       0       0   0.00  spi1
02:48:14 AM     0       430    0.00    0.00    0.00    0.00    0.00     3      0.00      0.00  242072    8880   0.03  accounts-daemon
02:48:14 AM   120       439    0.00    0.00    0.00    0.00    0.00     1      0.00      0.00    7084    3472   0.01  avahi-daemon
02:48:14 AM     0       441    0.00    0.00    0.00    0.00    0.00     3      0.00      0.00    9220    2516   0.01  cron
02:48:14 AM   106       443    0.00    0.00    0.00    0.00    0.00     2      0.00      0.00    9396    5264   0.02  dbus-daemon
02:48:14 AM     0       447    0.00    0.00    0.00    0.00    0.00     1      0.00      0.00  341244   20856   0.07  NetworkManager
02:48:14 AM     0       456    0.00    0.00    0.00    0.00    0.00     4      0.00      0.00   38300   19472   0.06  networkd-dispat
02:48:14 AM     0       473    0.00    0.00    0.00    0.00    0.00     2      0.00      0.00  238860   13352   0.04  polkitd
02:48:14 AM   125       483    0.00    0.00    0.00    0.00    0.00     3      0.00      0.00  220940    8288   0.03  rsyslogd
02:48:14 AM     0       503    0.00    0.00    0.00    0.00    0.00     2      0.00      0.00  235864    4364   0.01  switcheroo-cont
02:48:14 AM     0       514    0.00    0.00    0.00    0.00    0.00     2      0.00      0.00   17076    6760   0.02  systemd-logind
02:48:14 AM     0       523    0.00    0.00    0.00    0.00    0.00     1      0.00      0.00  395556   15676   0.05  udisksd
02:48:14 AM     0       528    0.00    0.00    0.00    0.00    0.00     0      0.00      0.00   12784    8052   0.03  wpa_supplicant
02:48:14 AM     0       548    0.00    0.00    0.00    0.00    0.00     0      0.00      0.00       0       0   0.00  sugov:0
02:48:14 AM   120       555    0.00    0.00    0.00    0.00    0.00     2      0.00      0.00    6896     324   0.00  avahi-daemon
02:48:14 AM     0       585    0.00    0.00    0.00    0.00    0.00     5      0.00      0.00       0       0   0.00  tmp451
02:48:14 AM     0       597    0.00    0.00    0.00    0.00    0.00     3      0.00      0.00       0       0   0.00  irq/286-1-0008
02:48:14 AM     0       600    0.00    0.00    0.00    0.00    0.00     2      0.00      0.00  321792   14480   0.05  ModemManager
02:48:14 AM     0       653    0.00    0.00    0.00    0.00    0.00     0      0.00      0.00    2476     604   0.00  nvfancontrol
02:48:14 AM     0       728    0.00    0.00    0.00    0.00    0.00     4      0.00      0.00       0       0   0.00  adspp_kthread
02:48:14 AM     0       779    0.00    0.00    0.00    0.00    0.00     6      0.00      0.00       0       0   0.00  kworker/6:2H-kblockd
02:48:14 AM     0       876    0.00    0.00    0.00    0.00    0.00     1      0.00      0.00       0       0   0.00  irq/289-2490000
02:48:14 AM     0       887    0.00    0.00    0.00    0.00    0.00     0      0.00      0.00       0       0   0.00  irq/32-eth0.com
02:48:14 AM     0       919    0.00    0.00    0.00    0.00    0.00     4      0.00      0.00       0       0   0.00  file-storage
02:48:14 AM     0       953    0.00    0.00    0.00    0.00    0.00     1      0.00      0.00       0       0   0.00  loop0
02:48:14 AM     0      1048    0.00    0.00    0.00    0.00    0.00     4      0.00      0.00       0       0   0.00  kworker/4:2H-kblockd
02:48:14 AM     0      1091    0.00    0.00    0.00    0.00    0.00     3      0.00      0.00       0       0   0.00  cryptd
02:48:14 AM     0      1147    0.00    0.00    0.00    0.00    0.00     2      0.00      0.00       0       0   0.00  sw-quiesce
02:48:14 AM     0      1148    0.00    0.00    0.00    0.00    0.00     2      0.00      0.00       0       0   0.00  nvgpu_channel_p
02:48:14 AM     0      1151    0.00    0.00    0.00    0.00    0.00     1      0.00      0.00       0       0   0.00  nvgpu_nvs_gv11b
02:48:14 AM     0      1153    0.00    0.00    0.00    0.00    0.00     0      0.00      0.00       0       0   0.00  nvgpu_pg_init_g
02:48:14 AM     0      1157    0.00    0.00    0.00    0.00    0.00     2      0.00      0.00       0       0   0.00  nvgpu_clk_arb_p
02:48:14 AM     0      1162    0.00    0.00    0.00    0.00    0.00     3      0.00      0.00       0       0   0.00  irq/288-rt5659
02:48:14 AM     0      1270    0.00    0.00    0.00    0.00    0.00     3      0.00      0.00   55688   11092   0.03  nvargus-daemon
02:48:14 AM     0      1273    0.00    0.00    0.00    0.00    0.00     3      0.00      0.00   21932    1552   0.00  nvs-service
02:48:14 AM     0      1298    0.00    0.00    0.00    0.00    0.00     1      0.00      0.00 2007972   50424   0.16  containerd
02:48:14 AM     0      1314    0.00    0.00    0.00    0.00    0.00     0      0.00      0.00  240032    7616   0.02  gdm3
02:48:14 AM   108      1326    0.00    0.00    0.00    0.00    0.00     2      0.00      0.00   11468    1896   0.01  kerneloops
02:48:14 AM     0      1327    0.00    0.00    0.00    0.00    0.00     3      0.00      0.00   12236    6576   0.02  sshd
02:48:14 AM     0      1336    0.00    0.00    0.00    0.00    0.00     0      0.00      0.00    7688    1876   0.01  agetty
02:48:14 AM     0      1337    0.00    0.00    0.00    0.00    0.00     2      0.00      0.00    7688    1904   0.01  agetty
02:48:14 AM   108      1339    0.00    0.00    0.00    0.00    0.00     0      0.00      0.00   11468    1820   0.01  kerneloops
02:48:14 AM     0      1340    0.00    0.00    0.00    0.00    0.00     3      0.00      0.00    9216    2824   0.01  nvgetty.sh
02:48:14 AM     0      1379    0.00    0.00    0.00    0.00    0.00     0      0.00      0.00    7688    1848   0.01  getty
02:48:14 AM     0      1554    0.00    0.00    0.00    0.00    0.00     2      0.00      0.00 2111796   85472   0.27  dockerd
02:48:14 AM     0      1677    0.00    0.00    0.00    0.00    0.00     1      0.00      0.00  168472    8256   0.03  gdm-session-wor
02:48:14 AM     0      1711    0.00    0.00    0.00    0.00    0.00     0      0.00      0.00    3248     808   0.00  nvphsd
02:48:14 AM     0      1716    0.00    0.00    0.00    0.00    0.00     3      0.00      0.00    3380    1788   0.01  nvphsd
02:48:14 AM   124      1789    0.00    0.00    0.00    0.00    0.00     3      0.00      0.00   19144    9224   0.03  systemd
02:48:14 AM   124      1804    0.00    0.00    0.00    0.00    0.00     3      0.00      0.00  104488    5436   0.02  (sd-pam)
02:48:14 AM   124      2014    0.00    0.00    0.00    0.00    0.00     0      0.00      0.00  961884   21984   0.07  pulseaudio
02:48:14 AM   124      2032    0.00    0.00    0.00    0.00    0.00     2      0.00      0.00  164156    5924   0.02  gdm-x-session
02:48:14 AM   124      2037    0.00    0.00    0.00    0.00    0.00     1      0.00      0.00 25330232   99256   0.31  Xorg
02:48:14 AM   118      2040    0.00    0.00    0.00    0.00    0.00     1      0.00      0.00  152516    2440   0.01  rtkit-daemon
02:48:14 AM   124      2162    0.00    0.00    0.00    0.00    0.00     2      0.00      0.00    7812    3448   0.01  dbus-daemon
02:48:14 AM   124      2428    0.00    0.00    0.00    0.00    0.00     0      0.00      0.00    4776    1164   0.00  dbus-run-sessio
02:48:14 AM   124      2429    0.00    0.00    0.00    0.00    0.00     2      0.00      0.00    8088    4104   0.01  dbus-daemon
02:48:14 AM   124      2438    0.00    0.00    0.00    0.00    0.00     2      0.00      0.00  559768   14932   0.05  gnome-session-b
02:48:14 AM     0      2457    0.00    0.00    0.00    0.00    0.00     2      0.00      0.00  101692   19628   0.06  jtop
02:48:14 AM   124      2463    0.00    0.00    0.00    0.00    0.00     3      0.00      0.00  309548   10092   0.03  at-spi-bus-laun
02:48:14 AM   124      2470    0.00    0.00    0.00    0.00    0.00     1      0.00      0.00    7676    3468   0.01  dbus-daemon
02:48:14 AM   124      2495    0.00    0.00    0.00    0.00    0.00     1      0.00      0.00 4022996  194908   0.61  gnome-shell
02:48:14 AM     0      2510    0.00    0.00    0.00    0.00    0.00     0      0.00      0.00  175424   16904   0.05  jtop
02:48:14 AM     0      2518    0.00    0.00    0.00    0.00    0.00     2      0.00      0.00  101692   17160   0.05  jtop
02:48:14 AM   124      2696    0.00    0.00    0.00    0.00    0.00     0      0.00      0.00  314420   11212   0.04  ibus-daemon
02:48:14 AM   124      2699    0.00    0.00    0.00    0.00    0.00     2      0.00      0.00  239960   11792   0.04  ibus-dconf
02:48:14 AM   124      2701    0.00    0.00    0.00    0.00    0.00     2      0.00      0.00  189920   16900   0.05  ibus-x11
02:48:14 AM   124      2704    0.00    0.00    0.00    0.00    0.00     3      0.00      0.00  239880    7776   0.02  ibus-portal
02:48:14 AM   124      2715    0.00    0.00    0.00    0.00    0.00     1      0.00      0.00  161420    6880   0.02  at-spi2-registr
02:48:14 AM   124      2719    0.00    0.00    0.00    0.00    0.00     3      0.00      0.00  235804    4672   0.01  xdg-permission-
02:48:14 AM     0      2725    0.00    0.00    0.00    0.00    0.00     3      0.00      0.00  252944    8776   0.03  upowerd
02:48:14 AM   124      2745    0.00    0.00    0.00    0.00    0.00     2      0.00      0.00 3001620   27244   0.09  gjs
02:48:14 AM   124      2764    0.00    0.00    0.00    0.00    0.00     3      0.00      0.00  469396   14236   0.04  gsd-sharing
02:48:14 AM   124      2765    0.00    0.00    0.00    0.00    0.00     1      0.00      0.00  334628   15072   0.05  gsd-wacom
02:48:14 AM   124      2768    0.00    0.00    0.00    0.00    0.00     2      0.00      0.00  571788   19844   0.06  gsd-color
02:48:14 AM   124      2772    0.00    0.00    0.00    0.00    0.00     3      0.00      0.00  338096   17824   0.06  gsd-keyboard
02:48:14 AM   124      2774    0.00    0.00    0.00    0.00    0.00     2      0.00      0.00  322508   11376   0.04  gsd-print-notif
02:48:14 AM   124      2779    0.00    0.00    0.00    0.00    0.00     3      0.00      0.00  166208    7736   0.02  ibus-engine-sim
02:48:14 AM   124      2780    0.00    0.00    0.00    0.00    0.00     1      0.00      0.00  457460    7996   0.03  gsd-rfkill
02:48:14 AM   124      2782    0.00    0.00    0.00    0.00    0.00     1      0.00      0.00  391976    9696   0.03  gsd-smartcard
02:48:14 AM   124      2784    0.00    0.00    0.00    0.00    0.00     2      0.00      0.00  374928   15372   0.05  gsd-datetime
02:48:14 AM   124      2790    0.00    0.00    0.00    0.00    0.00     3      0.00      0.00  679696   20032   0.06  gsd-media-keys
02:48:14 AM   124      2791    0.00    0.00    0.00    0.00    0.00     3      0.00      0.00  235772    5600   0.02  gsd-screensaver
02:48:14 AM   124      2793    0.00    0.00    0.00    0.00    0.00     3      0.00      0.00  320104    9452   0.03  gsd-sound
02:48:14 AM   124      2795    0.00    0.00    0.00    0.00    0.00     3      0.00      0.00  313652   10144   0.03  gsd-a11y-settin
02:48:14 AM   124      2799    0.00    0.00    0.00    0.00    0.00     2      0.00      0.00  313992   10540   0.03  gsd-housekeepin
02:48:14 AM   124      2802    0.00    0.00    0.00    0.00    0.00     1      0.00      0.00  339724   18828   0.06  gsd-power
02:48:14 AM   124      2824    0.00    0.00    0.00    0.00    0.00     2      0.00      0.00  342540   12784   0.04  gsd-printer
02:48:14 AM   119      2837    0.00    0.00    0.00    0.00    0.00     2      0.00      0.00  249328   17548   0.06  colord
02:48:14 AM     0     29120    0.00    0.00    0.00    0.00    0.00     3      0.00      0.00       0       0   0.00  kworker/u17:2
02:48:14 AM     0     33852    0.00    0.00    0.00    0.00    0.00     1      0.00      0.00       0       0   0.00  kworker/1:0H-kblockd
02:48:14 AM     0     35048    0.00    0.00    0.00    0.00    0.00     1      0.00      0.00       0       0   0.00  kworker/u17:0-thermal_fan_est
02:48:14 AM  1000     39960    0.00    0.00    0.00    0.00    0.00     2      0.00      0.00   19248    9208   0.03  systemd
02:48:14 AM  1000     39961    0.00    0.00    0.00    0.00    0.00     2      0.00      0.00  170940    6304   0.02  (sd-pam)
02:48:14 AM  1000     40037    0.00    0.00    0.00    0.00    0.00     3      0.00      0.00    7812    3952   0.01  dbus-daemon
02:48:14 AM     0     40147    0.00    0.00    0.00    0.00    0.00     1      0.00      0.00       0       0   0.00  kworker/1:0-events
02:48:14 AM     0     40174    0.00    0.00    0.00    0.00    0.00     2      0.00      0.00       0       0   0.00  kworker/2:2H-kblockd
02:48:14 AM     0     40194    0.00    0.00    0.00    0.00    0.00     3      0.00      0.00       0       0   0.00  kworker/3:0H-kblockd
02:48:14 AM     0     41650    0.00    0.00    0.00    0.00    0.00     3      0.00      0.00       0       0   0.00  kworker/3:0-events
02:48:14 AM     0     43913    0.00    0.00    0.00    0.00    0.00     2      0.00      0.00   14768    7560   0.02  sshd
02:48:14 AM  1000     43958    0.00    0.00    0.00    0.00    0.00     0      0.00      0.00   15292    6400   0.02  sshd
02:48:14 AM  1000     43959    0.00    0.00    0.00    0.00    0.00     1      0.00      0.00   11344    5444   0.02  bash
02:48:14 AM     0     50050    0.00    0.00    0.00    0.00    0.00     2      0.00      0.00   14768    7572   0.02  sshd
02:48:14 AM  1000     50094    0.00    0.00    0.00    0.00    0.00     3      0.00      0.00   15292    6428   0.02  sshd
02:48:14 AM  1000     50095    0.00    0.00    0.00    0.00    0.00     2      0.00      0.00   11344    5448   0.02  bash
02:48:14 AM     0     81462    0.00    0.00    0.00    0.00    0.00     2      0.00      0.00       0       0   0.00  kworker/2:2-events
02:48:14 AM     0     81478    0.00    0.00    0.00    0.00    0.00     0      0.00      0.00       0       0   0.00  kworker/0:1H-kblockd
02:48:14 AM  1000     84840    0.00    0.00    0.00    0.00    0.00     3      0.00      0.00  240176   10088   0.03  gnome-keyring-d
02:48:14 AM   124     84900    0.00    0.00    0.00    0.00    0.00     1      0.00      0.00  156240    4584   0.01  dconf-service
02:48:14 AM     0     85427    0.00    0.00    0.00    0.00    0.00     0      0.00      0.00       0       0   0.00  kworker/0:2-events
02:48:14 AM     0     86310    0.00    0.00    0.00    0.00    0.00     2      0.00      0.00       0       0   0.00  kworker/u16:1-events_unbound
02:48:14 AM     0     86312    0.00    0.00    0.00    0.00    0.00     3      0.00      0.00   14768    7564   0.02  sshd
02:48:14 AM  1000     86356    0.00    0.00    0.00    0.00    0.00     0      0.00      0.00   15292    6380   0.02  sshd
02:48:14 AM  1000     86357    0.00    0.00    0.00    0.00    0.00     1      0.00      0.00   11344    5440   0.02  bash
02:48:14 AM     0     86549    0.00    0.00    0.00    0.00    0.00     2      0.00      0.00   14768    7664   0.02  sshd
02:48:14 AM  1000     86593    0.00    4.00    0.00    4.00    4.00     0      0.00      0.00   15292    6480   0.02  sshd
02:48:14 AM  1000     86594    0.00    0.00    0.00    0.00    0.00     2      0.00      0.00   11860    5896   0.02  bash
02:48:14 AM     0     86632    0.00    0.00    0.00    0.00    0.00     3      0.00      0.00       0       0   0.00  kworker/3:2
02:48:14 AM     0     87290    0.00    0.00    0.00    0.00    0.00     0      0.00      0.00   14768    7584   0.02  sshd
02:48:14 AM  1000     87334    0.00    0.00    0.00    0.00    0.00     0      0.00      0.00   15292    6412   0.02  sshd
02:48:14 AM  1000     87335    0.00    0.00    0.00    0.00    0.00     2      0.00      0.00   11344    5436   0.02  bash
02:48:14 AM     0     89981    0.00    0.00    0.00    0.00    0.00     1      0.00      0.00       0       0   0.00  kworker/1:1-events
02:48:14 AM     0     95050    0.00    0.00    0.00    0.00    0.00     2      0.00      0.00       0       0   0.00  kworker/2:0-events
02:48:14 AM     0     96173    0.00    0.00    0.00    0.00    0.00     1      0.00      0.00       0       0   0.00  kworker/1:2-events
02:48:14 AM     0     99494    0.00    1.00    0.00    0.00    1.00     2      0.00      0.00       0       0   0.00  kworker/u16:3-events_unbound
02:48:14 AM     0    107801    0.00    0.00    0.00    0.00    0.00     1      0.00      0.00       0       0   0.00  kworker/1:2H
02:48:14 AM     0    122883    0.00    0.00    0.00    0.00    0.00     2      0.00      0.00       0       0   0.00  kworker/u16:2-events_unbound
02:48:14 AM     0    123203    0.00    0.00    0.00    0.00    0.00     3      0.00      0.00       0       0   0.00  kworker/3:2H
02:48:14 AM     0    124025    0.00    0.00    0.00    0.00    0.00     2      0.00      0.00       0       0   0.00  kworker/2:0H
02:48:14 AM     0    130503    0.00    0.00    0.00    0.00    0.00     0      0.00      0.00       0       0   0.00  kworker/0:0H
02:48:14 AM     0    130577    0.00    0.00    0.00    0.00    0.00     0      0.00      0.00       0       0   0.00  kworker/0:1-events
02:48:14 AM     0    130584    0.00    0.00    0.00    0.00    0.00     2      0.00      0.00   14768    7576   0.02  sshd
02:48:14 AM  1000    130628    1.00    2.00    0.00    2.00    3.00     3      0.00      0.00   16676    7816   0.02  sshd
02:48:14 AM  1000    130629    0.00    0.00    0.00    0.00    0.00     3      0.00      0.00   11344    5436   0.02  bash
02:48:14 AM  1000    130765    1.00    0.00    0.00    0.00    1.00     3      0.00      0.00  283948   43148   0.14  roslaunch
02:48:14 AM  1000    130773    0.00    0.00    0.00    0.00    0.00     0      0.00      0.00  797980   45684   0.14  rosmaster
02:48:14 AM  1000    130783    0.00    0.00    0.00    1.00    0.00     1      0.00      0.00  274964   10152   0.03  rosout
02:48:14 AM  1000    130790   75.00   71.00    0.00   15.00  146.00     3      0.00      0.00 34790064  712500   2.25  scale_truck_con
02:48:14 AM  1000    130791   28.00   59.00    0.00    0.00   87.00     0      0.00      0.00 1571432  113560   0.36  LRC
02:48:14 AM  1000    130854    8.00    5.00    0.00    0.00   13.00     2      0.00      0.00  724884   75168   0.24  python3
02:48:14 AM     0    131985    0.00    0.00    0.00    0.00    0.00     2      0.00      0.00       0       0   0.00  kworker/2:1H
02:48:14 AM     0    132214    0.00    0.00    0.00    0.00    0.00     1      0.00      0.00       0       0   0.00  kworker/1:1H
02:48:14 AM     0    133801    0.00    0.00    0.00    0.00    0.00     0      0.00      0.00       0       0   0.00  kworker/0:0-events
02:48:14 AM     0    137289    0.00    0.00    0.00    0.00    0.00     1      0.00      0.00       0       0   0.00  kworker/1:3-events
02:48:14 AM     0    139165    0.00    0.00    0.00    0.00    0.00     0      0.00      0.00       0       0   0.00  kworker/0:2H
02:48:14 AM     0    139402    0.00    0.00    0.00    0.00    0.00     1      0.00      0.00       0       0   0.00  kworker/u16:0-events_unbound
02:48:14 AM     0    142495    0.00    0.00    0.00    0.00    0.00     1      0.00      0.00       0       0   0.00  kworker/1:4-events
02:48:14 AM  1000    144270    0.00    0.00    0.00    0.00    0.00     0      0.00      0.00    7828     552   0.00  timeout
02:48:14 AM  1000    144271    0.00    0.00    0.00    0.00    0.00     0      0.00      0.00   68712   43156   0.14  rosbag
02:48:14 AM  1000    144272    0.00    0.00    0.00    0.00    0.00     2      0.00      0.00    9208    3300   0.01  bash
02:48:14 AM  1000    144520    0.00    0.00    0.00    0.00    0.00     3      0.00      0.00   68692   42744   0.13  rosbag
02:48:14 AM  1000    144531   12.00   25.00    0.00    0.00   37.00     2     33.00      0.00 1172160   22720   0.07  record
02:48:14 AM  1000    144614    5.00   12.00    0.00   14.00   17.00     0      0.00      0.00   17812    9560   0.03  pidstat
02:48:14 AM  1000    144684    3.00    6.00    0.00    4.00    9.00     1      0.00      0.00  365376   26976   0.09  play

# Time        UID       PID    %usr %system  %guest   %wait    %CPU   CPU  minflt/s  majflt/s     VSZ     RSS   %MEM  Command
02:48:15 AM     0         1    0.00    0.00    0.00    0.00    0.00     1      0.00      0.00  169880   11540   0.04  systemd
02:48:15 AM     0         2    0.00    0.00    0.00    0.00    0.00     1      0.00      0.00       0       0   0.00  kthreadd
02:48:15 AM     0         3    0.00    0.00    0.00    0.00    0.00     0      0.00      0.00       0       0   0.00  rcu_gp
02:48:15 AM     0         4    0.00    0.00    0.00    0.00    0.00     0      0.00      0.00       0       0   0.00  rcu_par_gp
02:48:15 AM     0         8    0.00    0.00    0.00    0.00    0.00     0      0.00      0.00       0       0   0.00  mm_percpu_wq
02:48:15 AM     0         9    0.00    0.00    0.00    0.00    0.00     0      0.00      0.00       0       0   0.00  rcu_tasks_kthre
02:48:15 AM     0        10    0.00    0.00    0.00    0.00    0.00     0      0.00      0.00       0       0   0.00  rcu_tasks_rude_
02:48:15 AM     0        11    0.00    0.00    0.00    0.00    0.00     0      0.00      0.00       0       0   0.00  rcu_tasks_trace
02:48:15 AM     0        12    0.00    0.00    0.00    0.00    0.00     0      0.00      0.00       0       0   0.00  ksoftirqd/0
02:48:15 AM     0        13    0.00    1.00    0.00    0.00    1.00     3      0.00      0.00       0       0   0.00  rcu_preempt
02:48:15 AM     0        14    0.00    0.00    0.00    0.00    0.00     0      0.00      0.00       0       0   0.00  migration/0
02:48:15 AM     0        16    0.00    0.00    0.00    0.00    0.00     0      0.00      0.00       0       0   0.00  cpuhp/0
02:48:15 AM     0        17    0.00    0.00    0.00    0.00    0.00     1      0.00      0.00       0       0   0.00  cpuhp/1
02:48:15 AM     0        18    0.00    0.00    0.00    0.00    0.00     1      0.00      0.00       0       0   0.00  migration/1
02:48:15 AM     0        19    0.00    0.00    0.00    0.00    0.00     1      0.00      0.00       0       0   0.00  ksoftirqd/1
02:48:15 AM     0        22    0.00    0.00    0.00    0.00    0.00     2      0.00      0.00       0       0   0.00  cpuhp/2
02:48:15 AM     0        23    0.00    0.00    0.00    0.00    0.00     2      0.00      0.00       0       0   0.00  migration/2
02:48:15 AM     0        24    0.00    0.00    0.00    0.00    0.00     2      0.00      0.00       0       0   0.00  ksoftirqd/2
02:48:15 AM     0        27    0.00    0.00    0.00    0.00    0.00     3      0.00      0.00       0       0   0.00  cpuhp/3
02:48:15 AM     0        28    0.00    0.00    0.00    0.00    0.00     3      0.00      0.00       0       0   0.00  migration/3
02:48:15 AM     0        29    0.00    0.00    0.00    0.00    0.00     3      0.00      0.00       0       0   0.00  ksoftirqd/3
02:48:15 AM     0        32    0.00    0.00    0.00    0.00    0.00     4      0.00      0.00       0       0   0.00  cpuhp/4
02:48:15 AM     0        33    0.00    0.00    0.00    0.00    0.00     4      0.00      0.00       0       0   0.00  migration/4
02:48:15 AM     0        34    0.00    0.00    0.00    0.00    0.00     4      0.00      0.00       0       0   0.00  ksoftirqd/4
02:48:15 AM     0        36    0.00    0.00    0.00    0.00    0.00     4      0.00      0.00       0       0   0.00  kworker/4:0H-kblockd
02:48:15 AM     0        37    0.00    0.00    0.00    0.00    0.00     5      0.00      0.00       0       0   0.00  cpuhp/5
02:48:15 AM     0        38    0.00    0.00    0.00    0.00    0.00     5      0.00      0.00       0       0   0.00  migration/5
02:48:15 AM     0        39    0.00    0.00    0.00    0.00    0.00     5      0.00      0.00       0       0   0.00  ksoftirqd/5
02:48:15 AM     0        41    0.00    0.00    0.00    0.00    0.00     5      0.00      0.00       0       0   0.00  kworker/5:0H-kblockd
02:48:15 AM     0        42    0.00    0.00    0.00    0.00    0.00     6      0.00      0.00       0       0   0.00  cpuhp/6
02:48:15 AM     0        43    0.00    0.00    0.00    0.00    0.00     6      0.00      0.00       0       0   0.00  migration/6
02:48:15 AM     0        44    0.00    0.00    0.00    0.00    0.00     6      0.00      0.00       0       0   0.00  ksoftirqd/6
02:48:15 AM     0        46    0.00    0.00    0.00    0.00    0.00     6      0.00      0.00       0       0   0.00  kworker/6:0H-events_highpri
02:48:15 AM     0        47    0.00    0.00    0.00    0.00    0.00     7      0.00      0.00       0       0   0.00  cpuhp/7
02:48:15 AM     0        48    0.00    0.00    0.00    0.00    0.00     7      0.00      0.00       0       0   0.00  migration/7
02:48:15 AM     0        49    0.00    0.00    0.00    0.00    0.00     7      0.00      0.00       0       0   0.00  ksoftirqd/7
02:48:15 AM     0        50    0.00    0.00    0.00    0.00    0.00     0      0.00      0.00       0       0   0.00  kworker/7:0-rcu_gp
02:48:15 AM     0        51    0.00    0.00    0.00    0.00    0.00     7      0.00      0.00       0       0   0.00  kworker/7:0H-kblockd
02:48:15 AM     0        52    0.00    0.00    0.00    0.00    0.00     0      0.00      0.00       0       0   0.00  kdevtmpfs
02:48:15 AM     0        53    0.00    0.00    0.00    0.00    0.00     4      0.00      0.00       0       0   0.00  netns
02:48:15 AM     0        54    0.00    0.00    0.00    0.00    0.00     1      0.00      0.00       0       0   0.00  kauditd
02:48:15 AM     0        55    0.00    0.00    0.00    0.00    0.00     0      0.00      0.00       0       0   0.00  irq/87-mc_statu
02:48:15 AM     0        56    0.00    0.00    0.00    0.00    0.00     2      0.00      0.00       0       0   0.00  khungtaskd
02:48:15 AM     0        57    0.00    0.00    0.00    0.00    0.00     3      0.00      0.00       0       0   0.00  oom_reaper
02:48:15 AM     0        58    0.00    0.00    0.00    0.00    0.00     5      0.00      0.00       0       0   0.00  writeback
02:48:15 AM     0        59    0.00    0.00    0.00    0.00    0.00     3      0.00      0.00       0       0   0.00  kcompactd0
02:48:15 AM     0        60    0.00    0.00    0.00    0.00    0.00     1      0.00      0.00       0       0   0.00  ksmd
02:48:15 AM     0        61    0.00    1.00    0.00    3.00    1.00     1      0.00      0.00       0       0   0.00  khugepaged
02:48:15 AM     0        93    0.00    0.00    0.00    0.00    0.00     1      0.00      0.00       0       0   0.00  kintegrityd
02:48:15 AM     0        94    0.00    0.00    0.00    0.00    0.00     1      0.00      0.00       0       0   0.00  kblockd
02:48:15 AM     0        95    0.00    0.00    0.00    0.00    0.00     1      0.00      0.00       0       0   0.00  blkcg_punt_bio
02:48:15 AM     0        97    0.00    0.00    0.00    0.00    0.00     3      0.00      0.00       0       0   0.00  tpm_dev_wq
02:48:15 AM     0        98    0.00    0.00    0.00    0.00    0.00     0      0.00      0.00       0       0   0.00  irq/197-30c0000
02:48:15 AM     0        99    0.00    0.00    0.00    0.00    0.00     1      0.00      0.00       0       0   0.00  devfreq_wq
02:48:15 AM     0       100    0.00    0.00    0.00    0.00    0.00     1      0.00      0.00       0       0   0.00  watchdogd
02:48:15 AM     0       104    0.00    0.00    0.00    0.00    0.00     7      0.00      0.00       0       0   0.00  rpciod
02:48:15 AM     0       106    0.00    0.00    0.00    0.00    0.00     7      0.00      0.00       0       0   0.00  xprtiod
02:48:15 AM     0       108    0.00    0.00    0.00    0.00    0.00     7      0.00      0.00       0       0   0.00  kswapd0
02:48:15 AM     0       109    0.00    0.00    0.00    0.00    0.00     5      0.00      0.00       0       0   0.00  nfsiod
02:48:15 AM     0       112    0.00    0.00    0.00    0.00    0.00     1      0.00      0.00       0       0   0.00  kthrotld
02:48:15 AM     0       113    0.00    0.00    0.00    0.00    0.00     7      0.00      0.00       0       0   0.00  kpcitest
02:48:15 AM     0       116    0.00    0.00    0.00    0.00    0.00     5      0.00      0.00       0       0   0.00  kworker/5:1-events
02:48:15 AM     0       122    0.00    0.00    0.00    0.00    0.00     1      0.00      0.00       0       0   0.00  nvme-wq
02:48:15 AM     0       123    0.00    0.00    0.00    0.00    0.00     5      0.00      0.00       0       0   0.00  nvme-reset-wq
02:48:15 AM     0       124    0.00    0.00    0.00    0.00    0.00     6      0.00      0.00       0       0   0.00  nvme-delete-wq
02:48:15 AM     0       125    0.00    0.00    0.00    0.00    0.00     6      0.00      0.00       0       0   0.00  uas
02:48:15 AM     0       126    0.00    0.00    0.00    0.00    0.00     0      0.00      0.00       0       0   0.00  irq/222-tegra_r
02:48:15 AM     0       127    0.00    0.00    0.00    0.00    0.00     0      0.00      0.00       0       0   0.00  kworker/7:2-events
02:48:15 AM     0       129    0.00    0.00    0.00    0.00    0.00     0      0.00      0.00       0       0   0.00  irq/86-tegra-oc
02:48:15 AM     0       130    0.00    0.00    0.00    0.00    0.00     5      0.00      0.00       0       0   0.00  dm_bufio_cache
02:48:15 AM     0       131    0.00    0.00    0.00    0.00    0.00     0      0.00      0.00       0       0   0.00  irq/223-max7762
02:48:15 AM     0       140    0.00    0.00    0.00    0.00    0.00     0      0.00      0.00       0       0   0.00  irq/55-bc00000.
02:48:15 AM     0       143    0.00    0.00    0.00    0.00    0.00     0      0.00      0.00       0       0   0.00  ipv6_addrconf
02:48:15 AM     0       144    0.00    0.00    0.00    0.00    0.00     6      0.00      0.00       0       0   0.00  krfcommd
02:48:15 AM     0       145    0.00    0.00    0.00    0.00    0.00     0      0.00      0.00       0       0   0.00  kstrp
02:48:15 AM     0       150    0.00    0.00    0.00    0.00    0.00     0      0.00      0.00       0       0   0.00  irq/24-tegra-pc
02:48:15 AM     0       154    0.00    0.00    0.00    0.00    0.00     0      0.00      0.00       0       0   0.00  irq/26-tegra-pc
02:48:15 AM     0       160    0.00    0.00    0.00    0.00    0.00     0      0.00      0.00       0       0   0.00  irq/26-aerdrv
02:48:15 AM     0       161    0.00    0.00    0.00    0.00    0.00     0      0.00      0.00       0       0   0.00  irq/28-tegra-pc
02:48:15 AM     0       162    0.00    0.00    0.00    0.00    0.00     0      0.00      0.00       0       0   0.00  irq/28-aerdrv
02:48:15 AM     0       163    0.00    0.00    0.00    0.00    0.00     5      0.00      0.00       0       0   0.00  host_low_prio_w
02:48:15 AM     0       164    0.00    1.00    0.00    0.00    1.00     0      0.00      0.00       0       0   0.00  irq/57-host_syn
02:48:15 AM     0       165    0.00    0.00    0.00    0.00    0.00     0      0.00      0.00       0       0   0.00  irq/58-host_sta
02:48:15 AM     0       173    0.00    0.00    0.00    0.00    0.00     5      0.00      0.00       0       0   0.00  pva_task_status
02:48:15 AM     0       174    0.00    0.00    0.00    0.00    0.00     0      0.00      0.00       0       0   0.00  irq/75-pva-isr
02:48:15 AM     0       175    0.00    0.00    0.00    0.00    0.00     0      0.00      0.00       0       0   0.00  pva_task_status
02:48:15 AM     0       176    0.00    0.00    0.00    0.00    0.00     0      0.00      0.00       0       0   0.00  irq/76-pva-isr
02:48:15 AM     0       185    0.00    0.00    0.00    0.00    0.00     0      0.00      0.00       0       0   0.00  sdhci
02:48:15 AM     0       186    0.00    0.00    0.00    0.00    0.00     0      0.00      0.00       0       0   0.00  irq/39-mmc0
02:48:15 AM     0       187    0.00    0.00    0.00    0.00    0.00     2      0.00      0.00       0       0   0.00  sdhci
02:48:15 AM     0       189    0.00    0.00    0.00    0.00    0.00     0      0.00      0.00       0       0   0.00  irq/40-mmc1
02:48:15 AM     0       195    0.00    0.00    0.00    0.00    0.00     7      0.00      0.00       0       0   0.00  scsi_eh_0
02:48:15 AM     0       196    0.00    0.00    0.00    0.00    0.00     7      0.00      0.00       0       0   0.00  scsi_tmf_0
02:48:15 AM     0       197    0.00    0.00    0.00    0.00    0.00     0      0.00      0.00       0       0   0.00  kworker/5:2-events
02:48:15 AM     0       198    0.00    0.00    0.00    0.00    0.00     0      0.00      0.00       0       0   0.00  irq/67-15200000
02:48:15 AM     0       199    0.00    0.00    0.00    0.00    0.00     1      0.00      0.00       0       0   0.00  tegradc.0/a
02:48:15 AM     0       200    0.00    0.00    0.00    0.00    0.00     0      0.00      0.00       0       0   0.00  tegradc.0/b
02:48:15 AM     0       201    0.00    0.00    0.00    0.00    0.00     0      0.00      0.00       0       0   0.00  tegradc.0/c
02:48:15 AM     0       202    0.00    0.00    0.00    0.00    0.00     0      0.00      0.00       0       0   0.00  tegradc.0/d
02:48:15 AM     0       203    0.00    0.00    0.00    0.00    0.00     0      0.00      0.00       0       0   0.00  tegradc.0/e
02:48:15 AM     0       204    0.00    0.00    0.00    0.00    0.00     0      0.00      0.00       0       0   0.00  tegradc.0/f
02:48:15 AM     0       205    0.00    0.00    0.00    0.00    0.00     0      0.00      0.00       0       0   0.00  tegradc.0/sl
02:48:15 AM     0       206    0.00    0.00    0.00    0.00    0.00     0      0.00      0.00       0       0   0.00  irq/62-15200000
02:48:15 AM     0       207    0.00    0.00    0.00    0.00    0.00     0      0.00      0.00       0       0   0.00  irq/276-3400000
02:48:15 AM     0       208    0.00    0.00    0.00    0.00    0.00     0      0.00      0.00       0       0   0.00  ufs_eh_wq_0
02:48:15 AM     0       209    0.00    0.00    0.00    0.00    0.00     3      0.00      0.00       0       0   0.00  mmc_complete
02:48:15 AM     0       211    0.00    0.00    0.00    0.00    0.00     0      0.00      0.00       0       0   0.00  irq/278-1520000
02:48:15 AM     0       212    0.00    0.00    0.00    0.00    0.00     0      0.00      0.00       0       0   0.00  irq/203-3610000
02:48:15 AM     0       213    0.00    0.00    0.00    0.00    0.00     0      0.00      0.00       0       0   0.00  irq/221-3610000
02:48:15 AM     0       214    0.00    0.00    0.00    0.00    0.00     0      0.00      0.00       0       0   0.00  irq/30-tegra-pc
02:48:15 AM     0       216    0.00    0.00    0.00    0.00    0.00     0      0.00      0.00       0       0   0.00  kworker/4:3-events
02:48:15 AM     0       218    0.00    0.00    0.00    0.00    0.00     4      0.00      0.00       0       0   0.00  kworker/4:5-events
02:48:15 AM     0       221    0.00    0.00    0.00    0.00    0.00     0      0.00      0.00       0       0   0.00  kworker/6:12-events
02:48:15 AM     0       222    0.00    0.00    0.00    0.00    0.00     0      0.00      0.00       0       0   0.00  kworker/6:13-events
02:48:15 AM     0       225    0.00    0.00    0.00    0.00    0.00     0      0.00      0.00       0       0   0.00  irq/68-tegra_dp
02:48:15 AM     0       226    0.00    0.00    0.00    0.00    0.00     0      0.00      0.00       0       0   0.00  irq/65-15210000
02:48:15 AM     0       227    0.00    0.00    0.00    0.00    0.00     0      0.00      0.00       0       0   0.00  tegradc.1/a
02:48:15 AM     0       228    0.00    0.00    0.00    0.00    0.00     0      0.00      0.00       0       0   0.00  tegradc.1/b
02:48:15 AM     0       229    0.00    0.00    0.00    0.00    0.00     0      0.00      0.00       0       0   0.00  tegradc.1/c
02:48:15 AM     0       230    0.00    0.00    0.00    0.00    0.00     0      0.00      0.00       0       0   0.00  tegradc.1/d
02:48:15 AM     0       231    0.00    0.00    0.00    0.00    0.00     0      0.00      0.00       0       0   0.00  tegradc.1/e
02:48:15 AM     0       232    0.00    0.00    0.00    0.00    0.00     0      0.00      0.00       0       0   0.00  tegradc.1/f
02:48:15 AM     0       233    0.00    0.00    0.00    0.00    0.00     1      0.00      0.00       0       0   0.00  tegradc.1/sl
02:48:15 AM     0       234    0.00    0.00    0.00    0.00    0.00     0      0.00      0.00       0       0   0.00  irq/63-15210000
02:48:15 AM     0       249    0.00    0.00    0.00    0.00    0.00     0      0.00      0.00       0       0   0.00  irq/56-d230000.
02:48:15 AM     0       250    0.00    0.00    0.00    0.00    0.00     0      0.00      0.00       0       0   0.00  irq/69-tegra_dp
02:48:15 AM     0       251    0.00    0.00    0.00    0.00    0.00     0      0.00      0.00       0       0   0.00  irq/66-15220000
02:48:15 AM     0       252    0.00    0.00    0.00    0.00    0.00     0      0.00      0.00       0       0   0.00  tegradc.2/a
02:48:15 AM     0       253    0.00    0.00    0.00    0.00    0.00     0      0.00      0.00       0       0   0.00  tegradc.2/b
02:48:15 AM     0       254    0.00    0.00    0.00    0.00    0.00     0      0.00      0.00       0       0   0.00  tegradc.2/c
02:48:15 AM     0       255    0.00    0.00    0.00    0.00    0.00     0      0.00      0.00       0       0   0.00  tegradc.2/d
02:48:15 AM     0       256    0.00    0.00    0.00    0.00    0.00     0      0.00      0.00       0       0   0.00  tegradc.2/e
02:48:15 AM     0       257    0.00    0.00    0.00    0.00    0.00     0      0.00      0.00       0       0   0.00  tegradc.2/f
02:48:15 AM     0       258    0.00    0.00    0.00    0.00    0.00     0      0.00      0.00       0       0   0.00  tegradc.2/sl
02:48:15 AM     0       259    0.00    0.00    0.00    0.00    0.00     0      0.00      0.00       0       0   0.00  irq/64-15220000
02:48:15 AM     0       275    0.00    0.00    0.00    0.00    0.00     3      0.00      0.00       0       0   0.00  jbd2/mmcblk0p1-
02:48:15 AM     0       276    0.00    0.00    0.00    0.00    0.00     3      0.00      0.00       0       0   0.00  ext4-rsv-conver
02:48:15 AM     0       280    0.00    0.00    0.00    0.00    0.00     7      0.00      0.00       0       0   0.00  kworker/7:1H
02:48:15 AM     0       286    0.00    0.00    0.00    0.00    0.00     5      0.00      0.00       0       0   0.00  kworker/5:1H-kblockd
02:48:15 AM     0       312    0.00    0.00    0.00    0.00    0.00     2      0.00      0.00   61816   31808   0.10  systemd-journal
02:48:15 AM     0       338    0.00    5.00    0.00   22.00    5.00     0      0.00      0.00       0       0   0.00  nvmap-bz
02:48:15 AM     0       339    0.00    0.00    0.00    0.00    0.00     0      0.00      0.00       0       0   0.00  irq/204-gk20a_s
02:48:15 AM     0       340    0.00    0.00    0.00    0.00    0.00     0      0.00      0.00       0       0   0.00  irq/205-gk20a_n
02:48:15 AM     0       345    0.00    0.00    0.00    0.00    0.00     3      0.00      0.00    2776    1492   0.00  tee-supplicant
02:48:15 AM     0       347    0.00    0.00    0.00    0.00    0.00     3      0.00      0.00       0       0   0.00  optee_bus_scan
02:48:15 AM     0       358    0.00    0.00    0.00    0.00    0.00     3      0.00      0.00   22788    7532   0.02  systemd-udevd
02:48:15 AM     0       364    0.00    0.00    0.00    0.00    0.00     1      0.00      0.00    7948    4892   0.02  haveged
02:48:15 AM   126       365    0.00    0.00    0.00    0.00    0.00     3      0.00      0.00    7136    3108   0.01  rpcbind
02:48:15 AM   105       366    0.00    0.00    0.00    0.00    0.00     1      0.00      0.00   25592   13288   0.04  systemd-resolve
02:48:15 AM   103       367    0.00    0.00    0.00    0.00    0.00     1      0.00      0.00   90672    6220   0.02  systemd-timesyn
02:48:15 AM     0       407    0.00    0.00    0.00    0.00    0.00     5      0.00      0.00       0       0   0.00  cfg80211
02:48:15 AM     0       410    0.00    0.00    0.00    0.00    0.00     0      0.00      0.00       0       0   0.00  irq/42-3210000.
02:48:15 AM     0       412    0.00    0.00    0.00    0.00    0.00     2      0.00      0.00       0       0   0.00  spi0
02:48:15 AM     0       413    0.00   15.00    0.00    1.00   15.00     1      0.00      0.00       0       0   0.00  irq/282-iwlwifi
02:48:15 AM     0       416    0.00    0.00    0.00    0.00    0.00     4      0.00      0.00       0       0   0.00  ata_sff
02:48:15 AM     0       419    0.00    0.00    0.00    0.00    0.00     0      0.00      0.00       0       0   0.00  irq/43-c260000.
02:48:15 AM     0       420    0.00    0.00    0.00    0.00    0.00     6      0.00      0.00       0       0   0.00  scsi_eh_1
02:48:15 AM     0       422    0.00    0.00    0.00    0.00    0.00     6      0.00      0.00       0       0   0.00  scsi_tmf_1
02:48:15 AM     0       427    0.00    0.00    0.00    0.00    0.00     0      0.00      0.00       0       0   0.00  spi1
02:48:15 AM     0       430    0.00    0.00    0.00    0.00    0.00     3      0.00      0.00  242072    8880   0.03  accounts-daemon
02:48:15 AM   120       439    0.00    0.00    0.00    0.00    0.00     1      0.00      0.00    7084    3472   0.01  avahi-daemon
02:48:15 AM     0       441    0.00    0.00    0.00    0.00    0.00     3      0.00      0.00    9220    2516   0.01  cron
02:48:15 AM   106       443    0.00    0.00    0.00    0.00    0.00     2      0.00      0.00    9396    5264   0.02  dbus-daemon
02:48:15 AM     0       447    0.00    0.00    0.00    0.00    0.00     1      0.00      0.00  341244   20856   0.07  NetworkManager
02:48:15 AM     0       456    0.00    0.00    0.00    0.00    0.00     4      0.00      0.00   38300   19472   0.06  networkd-dispat
02:48:15 AM     0       473    0.00    0.00    0.00    0.00    0.00     2      0.00      0.00  238860   13352   0.04  polkitd
02:48:15 AM   125       483    0.00    0.00    0.00    0.00    0.00     3      0.00      0.00  220940    8288   0.03  rsyslogd
02:48:15 AM     0       503    0.00    0.00    0.00    0.00    0.00     2      0.00      0.00  235864    4364   0.01  switcheroo-cont
02:48:15 AM     0       514    0.00    0.00    0.00    0.00    0.00     2      0.00      0.00   17076    6760   0.02  systemd-logind
02:48:15 AM     0       523    0.00    0.00    0.00    0.00    0.00     1      0.00      0.00  395556   15676   0.05  udisksd
02:48:15 AM     0       528    0.00    0.00    0.00    0.00    0.00     0      0.00      0.00   12784    8052   0.03  wpa_supplicant
02:48:15 AM     0       548    0.00    0.00    0.00    0.00    0.00     0      0.00      0.00       0       0   0.00  sugov:0
02:48:15 AM   120       555    0.00    0.00    0.00    0.00    0.00     2      0.00      0.00    6896     324   0.00  avahi-daemon
02:48:15 AM     0       585    0.00    0.00    0.00    0.00    0.00     5      0.00      0.00       0       0   0.00  tmp451
02:48:15 AM     0       597    0.00    0.00    0.00    0.00    0.00     3      0.00      0.00       0       0   0.00  irq/286-1-0008
02:48:15 AM     0       600    0.00    0.00    0.00    0.00    0.00     2      0.00      0.00  321792   14480   0.05  ModemManager
02:48:15 AM     0       653    0.00    0.00    0.00    0.00    0.00     0      0.00      0.00    2476     604   0.00  nvfancontrol
02:48:15 AM     0       728    0.00    0.00    0.00    0.00    0.00     4      0.00      0.00       0       0   0.00  adspp_kthread
02:48:15 AM     0       779    0.00    0.00    0.00    0.00    0.00     6      0.00      0.00       0       0   0.00  kworker/6:2H-kblockd
02:48:15 AM     0       876    0.00    0.00    0.00    0.00    0.00     1      0.00      0.00       0       0   0.00  irq/289-2490000
02:48:15 AM     0       887    0.00    0.00    0.00    0.00    0.00     0      0.00      0.00       0       0   0.00  irq/32-eth0.com
02:48:15 AM     0       919    0.00    0.00    0.00    0.00    0.00     4      0.00      0.00       0       0   0.00  file-storage
02:48:15 AM     0       953    0.00    0.00    0.00    0.00    0.00     1      0.00      0.00       0       0   0.00  loop0
02:48:15 AM     0      1048    0.00    0.00    0.00    0.00    0.00     4      0.00      0.00       0       0   0.00  kworker/4:2H-kblockd
02:48:15 AM     0      1091    0.00    0.00    0.00    0.00    0.00     3      0.00      0.00       0       0   0.00  cryptd
02:48:15 AM     0      1147    0.00    0.00    0.00    0.00    0.00     2      0.00      0.00       0       0   0.00  sw-quiesce
02:48:15 AM     0      1148    0.00    0.00    0.00    0.00    0.00     2      0.00      0.00       0       0   0.00  nvgpu_channel_p
02:48:15 AM     0      1151    0.00    0.00    0.00    0.00    0.00     1      0.00      0.00       0       0   0.00  nvgpu_nvs_gv11b
02:48:15 AM     0      1153    0.00    0.00    0.00    0.00    0.00     0      0.00      0.00       0       0   0.00  nvgpu_pg_init_g
02:48:15 AM     0      1157    0.00    0.00    0.00    0.00    0.00     2      0.00      0.00       0       0   0.00  nvgpu_clk_arb_p
02:48:15 AM     0      1162    0.00    0.00    0.00    0.00    0.00     3      0.00      0.00       0       0   0.00  irq/288-rt5659
02:48:15 AM     0      1270    0.00    0.00    0.00    0.00    0.00     3      0.00      0.00   55688   11092   0.03  nvargus-daemon
02:48:15 AM     0      1273    0.00    0.00    0.00    0.00    0.00     3      0.00      0.00   21932    1552   0.00  nvs-service
02:48:15 AM     0      1298    0.00    0.00    0.00    0.00    0.00     1      0.00      0.00 2007972   50424   0.16  containerd
02:48:15 AM     0      1314    0.00    0.00    0.00    0.00    0.00     0      0.00      0.00  240032    7616   0.02  gdm3
02:48:15 AM   108      1326    0.00    0.00    0.00    0.00    0.00     2      0.00      0.00   11468    1896   0.01  kerneloops
02:48:15 AM     0      1327    0.00    0.00    0.00    0.00    0.00     3      0.00      0.00   12236    6576   0.02  sshd
02:48:15 AM     0      1336    0.00    0.00    0.00    0.00    0.00     0      0.00      0.00    7688    1876   0.01  agetty
02:48:15 AM     0      1337    0.00    0.00    0.00    0.00    0.00     2      0.00      0.00    7688    1904   0.01  agetty
02:48:15 AM   108      1339    0.00    0.00    0.00    0.00    0.00     0      0.00      0.00   11468    1820   0.01  kerneloops
02:48:15 AM     0      1340    0.00    0.00    0.00    0.00    0.00     3      0.00      0.00    9216    2824   0.01  nvgetty.sh
02:48:15 AM     0      1379    0.00    0.00    0.00    0.00    0.00     0      0.00      0.00    7688    1848   0.01  getty
02:48:15 AM     0      1554    0.00    0.00    0.00    0.00    0.00     2      0.00      0.00 2111796   85472   0.27  dockerd
02:48:15 AM     0      1677    0.00    0.00    0.00    0.00    0.00     1      0.00      0.00  168472    8256   0.03  gdm-session-wor
02:48:15 AM     0      1711    0.00    0.00    0.00    0.00    0.00     0      0.00      0.00    3248     808   0.00  nvphsd
02:48:15 AM     0      1716    0.00    0.00    0.00    0.00    0.00     3      0.00      0.00    3380    1788   0.01  nvphsd
02:48:15 AM   124      1789    0.00    0.00    0.00    0.00    0.00     3      0.00      0.00   19144    9224   0.03  systemd
02:48:15 AM   124      1804    0.00    0.00    0.00    0.00    0.00     3      0.00      0.00  104488    5436   0.02  (sd-pam)
02:48:15 AM   124      2014    0.00    0.00    0.00    0.00    0.00     0      0.00      0.00  961884   21984   0.07  pulseaudio
02:48:15 AM   124      2032    0.00    0.00    0.00    0.00    0.00     2      0.00      0.00  164156    5924   0.02  gdm-x-session
02:48:15 AM   124      2037    0.00    0.00    0.00    0.00    0.00     1      0.00      0.00 25330232   99256   0.31  Xorg
02:48:15 AM   118      2040    0.00    0.00    0.00    0.00    0.00     1      0.00      0.00  152516    2440   0.01  rtkit-daemon
02:48:15 AM   124      2162    0.00    0.00    0.00    0.00    0.00     2      0.00      0.00    7812    3448   0.01  dbus-daemon
02:48:15 AM   124      2428    0.00    0.00    0.00    0.00    0.00     0      0.00      0.00    4776    1164   0.00  dbus-run-sessio
02:48:15 AM   124      2429    0.00    0.00    0.00    0.00    0.00     2      0.00      0.00    8088    4104   0.01  dbus-daemon
02:48:15 AM   124      2438    0.00    0.00    0.00    0.00    0.00     2      0.00      0.00  559768   14932   0.05  gnome-session-b
02:48:15 AM     0      2457    0.00    0.00    0.00    0.00    0.00     2      0.00      0.00  101692   19628   0.06  jtop
02:48:15 AM   124      2463    0.00    0.00    0.00    0.00    0.00     3      0.00      0.00  309548   10092   0.03  at-spi-bus-laun
02:48:15 AM   124      2470    0.00    0.00    0.00    0.00    0.00     1      0.00      0.00    7676    3468   0.01  dbus-daemon
02:48:15 AM   124      2495    0.00    0.00    0.00    0.00    0.00     1      0.00      0.00 4022996  194908   0.61  gnome-shell
02:48:15 AM     0      2510    0.00    0.00    0.00    0.00    0.00     0      0.00      0.00  175424   16904   0.05  jtop
02:48:15 AM     0      2518    0.00    0.00    0.00    0.00    0.00     2      0.00      0.00  101692   17160   0.05  jtop
02:48:15 AM   124      2696    0.00    0.00    0.00    0.00    0.00     0      0.00      0.00  314420   11212   0.04  ibus-daemon
02:48:15 AM   124      2699    0.00    0.00    0.00    0.00    0.00     2      0.00      0.00  239960   11792   0.04  ibus-dconf
02:48:15 AM   124      2701    0.00    0.00    0.00    0.00    0.00     2      0.00      0.00  189920   16900   0.05  ibus-x11
02:48:15 AM   124      2704    0.00    0.00    0.00    0.00    0.00     3      0.00      0.00  239880    7776   0.02  ibus-portal
02:48:15 AM   124      2715    0.00    0.00    0.00    0.00    0.00     1      0.00      0.00  161420    6880   0.02  at-spi2-registr
02:48:15 AM   124      2719    0.00    0.00    0.00    0.00    0.00     3      0.00      0.00  235804    4672   0.01  xdg-permission-
02:48:15 AM     0      2725    0.00    0.00    0.00    0.00    0.00     3      0.00      0.00  252944    8776   0.03  upowerd
02:48:15 AM   124      2745    0.00    0.00    0.00    0.00    0.00     2      0.00      0.00 3001620   27244   0.09  gjs
02:48:15 AM   124      2764    0.00    0.00    0.00    0.00    0.00     3      0.00      0.00  469396   14236   0.04  gsd-sharing
02:48:15 AM   124      2765    0.00    0.00    0.00    0.00    0.00     1      0.00      0.00  334628   15072   0.05  gsd-wacom
02:48:15 AM   124      2768    0.00    0.00    0.00    0.00    0.00     2      0.00      0.00  571788   19844   0.06  gsd-color
02:48:15 AM   124      2772    0.00    0.00    0.00    0.00    0.00     3      0.00      0.00  338096   17824   0.06  gsd-keyboard
02:48:15 AM   124      2774    0.00    0.00    0.00    0.00    0.00     2      0.00      0.00  322508   11376   0.04  gsd-print-notif
02:48:15 AM   124      2779    0.00    0.00    0.00    0.00    0.00     3      0.00      0.00  166208    7736   0.02  ibus-engine-sim
02:48:15 AM   124      2780    0.00    0.00    0.00    0.00    0.00     1      0.00      0.00  457460    7996   0.03  gsd-rfkill
02:48:15 AM   124      2782    0.00    0.00    0.00    0.00    0.00     1      0.00      0.00  391976    9696   0.03  gsd-smartcard
02:48:15 AM   124      2784    0.00    0.00    0.00    0.00    0.00     2      0.00      0.00  374928   15372   0.05  gsd-datetime
02:48:15 AM   124      2790    0.00    0.00    0.00    0.00    0.00     3      0.00      0.00  679696   20032   0.06  gsd-media-keys
02:48:15 AM   124      2791    0.00    0.00    0.00    0.00    0.00     3      0.00      0.00  235772    5600   0.02  gsd-screensaver
02:48:15 AM   124      2793    0.00    0.00    0.00    0.00    0.00     3      0.00      0.00  320104    9452   0.03  gsd-sound
02:48:15 AM   124      2795    0.00    0.00    0.00    0.00    0.00     3      0.00      0.00  313652   10144   0.03  gsd-a11y-settin
02:48:15 AM   124      2799    0.00    0.00    0.00    0.00    0.00     2      0.00      0.00  313992   10540   0.03  gsd-housekeepin
02:48:15 AM   124      2802    0.00    0.00    0.00    0.00    0.00     1      0.00      0.00  339724   18828   0.06  gsd-power
02:48:15 AM   124      2824    0.00    0.00    0.00    0.00    0.00     2      0.00      0.00  342540   12784   0.04  gsd-printer
02:48:15 AM   119      2837    0.00    0.00    0.00    0.00    0.00     2      0.00      0.00  249328   17548   0.06  colord
02:48:15 AM     0     29120    0.00    0.00    0.00    0.00    0.00     3      0.00      0.00       0       0   0.00  kworker/u17:2
02:48:15 AM     0     33852    0.00    0.00    0.00    0.00    0.00     1      0.00      0.00       0       0   0.00  kworker/1:0H-kblockd
02:48:15 AM     0     35048    0.00    0.00    0.00    0.00    0.00     0      0.00      0.00       0       0   0.00  kworker/u17:0-thermal_fan_est
02:48:15 AM  1000     39960    0.00    0.00    0.00    0.00    0.00     2      0.00      0.00   19248    9208   0.03  systemd
02:48:15 AM  1000     39961    0.00    0.00    0.00    0.00    0.00     2      0.00      0.00  170940    6304   0.02  (sd-pam)
02:48:15 AM  1000     40037    0.00    0.00    0.00    0.00    0.00     3      0.00      0.00    7812    3952   0.01  dbus-daemon
02:48:15 AM     0     40147    0.00    0.00    0.00    0.00    0.00     1      0.00      0.00       0       0   0.00  kworker/1:0-events
02:48:15 AM     0     40174    0.00    0.00    0.00    0.00    0.00     2      0.00      0.00       0       0   0.00  kworker/2:2H-kblockd
02:48:15 AM     0     40194    0.00    0.00    0.00    0.00    0.00     3      0.00      0.00       0       0   0.00  kworker/3:0H-kblockd
02:48:15 AM     0     41650    0.00    0.00    0.00    0.00    0.00     3      0.00      0.00       0       0   0.00  kworker/3:0-events
02:48:15 AM     0     43913    0.00    0.00    0.00    0.00    0.00     2      0.00      0.00   14768    7560   0.02  sshd
02:48:15 AM  1000     43958    0.00    0.00    0.00    0.00    0.00     0      0.00      0.00   15292    6400   0.02  sshd
02:48:15 AM  1000     43959    0.00    0.00    0.00    0.00    0.00     1      0.00      0.00   11344    5444   0.02  bash
02:48:15 AM     0     50050    0.00    0.00    0.00    0.00    0.00     2      0.00      0.00   14768    7572   0.02  sshd
02:48:15 AM  1000     50094    0.00    0.00    0.00    0.00    0.00     3      0.00      0.00   15292    6428   0.02  sshd
02:48:15 AM  1000     50095    0.00    0.00    0.00    0.00    0.00     2      0.00      0.00   11344    5448   0.02  bash
02:48:15 AM     0     81462    0.00    0.00    0.00    0.00    0.00     2      0.00      0.00       0       0   0.00  kworker/2:2-events
02:48:15 AM     0     81478    0.00    0.00    0.00    0.00    0.00     0      0.00      0.00       0       0   0.00  kworker/0:1H-kblockd
02:48:15 AM  1000     84840    0.00    0.00    0.00    0.00    0.00     3      0.00      0.00  240176   10088   0.03  gnome-keyring-d
02:48:15 AM   124     84900    0.00    0.00    0.00    0.00    0.00     1      0.00      0.00  156240    4584   0.01  dconf-service
02:48:15 AM     0     85427    0.00    0.00    0.00    0.00    0.00     0      0.00      0.00       0       0   0.00  kworker/0:2-events
02:48:15 AM     0     86310    0.00    1.00    0.00    1.00    1.00     2      0.00      0.00       0       0   0.00  kworker/u16:1-events_unbound
02:48:15 AM     0     86312    0.00    0.00    0.00    0.00    0.00     3      0.00      0.00   14768    7564   0.02  sshd
02:48:15 AM  1000     86356    0.00    0.00    0.00    0.00    0.00     0      0.00      0.00   15292    6380   0.02  sshd
02:48:15 AM  1000     86357    0.00    0.00    0.00    0.00    0.00     1      0.00      0.00   11344    5440   0.02  bash
02:48:15 AM     0     86549    0.00    0.00    0.00    0.00    0.00     2      0.00      0.00   14768    7664   0.02  sshd
02:48:15 AM  1000     86593    1.00    3.00    0.00    3.00    4.00     3      0.00      0.00   15292    6480   0.02  sshd
02:48:15 AM  1000     86594    0.00    0.00    0.00    0.00    0.00     2      0.00      0.00   11860    5896   0.02  bash
02:48:15 AM     0     86632    0.00    0.00    0.00    0.00    0.00     3      0.00      0.00       0       0   0.00  kworker/3:2
02:48:15 AM     0     87290    0.00    0.00    0.00    0.00    0.00     0      0.00      0.00   14768    7584   0.02  sshd
02:48:15 AM  1000     87334    0.00    0.00    0.00    0.00    0.00     0      0.00      0.00   15292    6412   0.02  sshd
02:48:15 AM  1000     87335    0.00    0.00    0.00    0.00    0.00     2      0.00      0.00   11344    5436   0.02  bash
02:48:15 AM     0     89981    0.00    0.00    0.00    0.00    0.00     1      0.00      0.00       0       0   0.00  kworker/1:1-events
02:48:15 AM     0     95050    0.00    0.00    0.00    0.00    0.00     2      0.00      0.00       0       0   0.00  kworker/2:0-events
02:48:15 AM     0     96173    0.00    0.00    0.00    0.00    0.00     1      0.00      0.00       0       0   0.00  kworker/1:2-events
02:48:15 AM     0     99494    0.00    1.00    0.00    1.00    1.00     2      0.00      0.00       0       0   0.00  kworker/u16:3-events_unbound
02:48:15 AM     0    107801    0.00    0.00    0.00    0.00    0.00     1      0.00      0.00       0       0   0.00  kworker/1:2H
02:48:15 AM     0    122883    0.00    0.00    0.00    0.00    0.00     2      0.00      0.00       0       0   0.00  kworker/u16:2-events_unbound
02:48:15 AM     0    123203    0.00    0.00    0.00    0.00    0.00     3      0.00      0.00       0       0   0.00  kworker/3:2H
02:48:15 AM     0    124025    0.00    0.00    0.00    0.00    0.00     2      0.00      0.00       0       0   0.00  kworker/2:0H
02:48:15 AM     0    130503    0.00    0.00    0.00    0.00    0.00     0      0.00      0.00       0       0   0.00  kworker/0:0H
02:48:15 AM     0    130577    0.00    0.00    0.00    0.00    0.00     0      0.00      0.00       0       0   0.00  kworker/0:1-events
02:48:15 AM     0    130584    0.00    0.00    0.00    0.00    0.00     2      0.00      0.00   14768    7576   0.02  sshd
02:48:15 AM  1000    130628    0.00    3.00    0.00    1.00    3.00     3      0.00      0.00   16676    7816   0.02  sshd
02:48:15 AM  1000    130629    0.00    0.00    0.00    0.00    0.00     3      0.00      0.00   11344    5436   0.02  bash
02:48:15 AM  1000    130765    1.00    0.00    0.00    1.00    1.00     3      0.00      0.00  283948   43148   0.14  roslaunch
02:48:15 AM  1000    130773    0.00    0.00    0.00    0.00    0.00     1      0.00      0.00  797980   45684   0.14  rosmaster
02:48:15 AM  1000    130783    0.00    0.00    0.00    0.00    0.00     1      0.00      0.00  274964   10152   0.03  rosout
02:48:15 AM  1000    130790   81.00   90.00    0.00    9.00  171.00     2      2.00      0.00 34790064  706376   2.23  scale_truck_con
02:48:15 AM  1000    130791   25.00   66.00    0.00    0.00   91.00     2      0.00      0.00 1571432  113560   0.36  LRC
02:48:15 AM  1000    130854    8.00    8.00    0.00    0.00   16.00     3      0.00      0.00  724884   75168   0.24  python3
02:48:15 AM     0    131985    0.00    0.00    0.00    0.00    0.00     2      0.00      0.00       0       0   0.00  kworker/2:1H
02:48:15 AM     0    132214    0.00    0.00    0.00    0.00    0.00     1      0.00      0.00       0       0   0.00  kworker/1:1H
02:48:15 AM     0    133801    0.00    0.00    0.00    0.00    0.00     0      0.00      0.00       0       0   0.00  kworker/0:0-events
02:48:15 AM     0    137289    0.00    0.00    0.00    0.00    0.00     1      0.00      0.00       0       0   0.00  kworker/1:3-pm
02:48:15 AM     0    139165    0.00    0.00    0.00    0.00    0.00     0      0.00      0.00       0       0   0.00  kworker/0:2H
02:48:15 AM     0    139402    0.00    0.00    0.00    0.00    0.00     1      0.00      0.00       0       0   0.00  kworker/u16:0-events_unbound
02:48:15 AM     0    142495    0.00    0.00    0.00    0.00    0.00     1      0.00      0.00       0       0   0.00  kworker/1:4-pm
02:48:15 AM  1000    144270    0.00    0.00    0.00    0.00    0.00     0      0.00      0.00    7828     552   0.00  timeout
02:48:15 AM  1000    144271    0.00    0.00    0.00    0.00    0.00     0      0.00      0.00   68712   43156   0.14  rosbag
02:48:15 AM  1000    144272    0.00    0.00    0.00    0.00    0.00     2      0.00      0.00    9208    3300   0.01  bash
02:48:15 AM  1000    144520    0.00    0.00    0.00    0.00    0.00     3      0.00      0.00   68692   42744   0.13  rosbag
02:48:15 AM  1000    144531   11.00   25.00    0.00    0.00   36.00     2     29.00      0.00 1172160   23244   0.07  record
02:48:15 AM  1000    144614    3.00   16.00    0.00   22.00   19.00     1      0.00      0.00   17812    9560   0.03  pidstat
02:48:15 AM  1000    144684    3.00    7.00    0.00    9.00   10.00     2      0.00      0.00  365376   26976   0.09  play

# Time        UID       PID    %usr %system  %guest   %wait    %CPU   CPU  minflt/s  majflt/s     VSZ     RSS   %MEM  Command
02:48:16 AM     0         1    0.00    0.00    0.00    0.00    0.00     1      0.00      0.00  169880   11540   0.04  systemd
02:48:16 AM     0         2    0.00    0.00    0.00    0.00    0.00     1      0.00      0.00       0       0   0.00  kthreadd
02:48:16 AM     0         3    0.00    0.00    0.00    0.00    0.00     0      0.00      0.00       0       0   0.00  rcu_gp
02:48:16 AM     0         4    0.00    0.00    0.00    0.00    0.00     0      0.00      0.00       0       0   0.00  rcu_par_gp
02:48:16 AM     0         8    0.00    0.00    0.00    0.00    0.00     0      0.00      0.00       0       0   0.00  mm_percpu_wq
02:48:16 AM     0         9    0.00    0.00    0.00    0.00    0.00     0      0.00      0.00       0       0   0.00  rcu_tasks_kthre
02:48:16 AM     0        10    0.00    0.00    0.00    0.00    0.00     0      0.00      0.00       0       0   0.00  rcu_tasks_rude_
02:48:16 AM     0        11    0.00    0.00    0.00    0.00    0.00     0      0.00      0.00       0       0   0.00  rcu_tasks_trace
02:48:16 AM     0        12    0.00    0.00    0.00    0.00    0.00     0      0.00      0.00       0       0   0.00  ksoftirqd/0
02:48:16 AM     0        13    0.00    0.00    0.00    0.00    0.00     3      0.00      0.00       0       0   0.00  rcu_preempt
02:48:16 AM     0        14    0.00    0.00    0.00    0.00    0.00     0      0.00      0.00       0       0   0.00  migration/0
02:48:16 AM     0        16    0.00    0.00    0.00    0.00    0.00     0      0.00      0.00       0       0   0.00  cpuhp/0
02:48:16 AM     0        17    0.00    0.00    0.00    0.00    0.00     1      0.00      0.00       0       0   0.00  cpuhp/1
02:48:16 AM     0        18    0.00    0.00    0.00    0.00    0.00     1      0.00      0.00       0       0   0.00  migration/1
02:48:16 AM     0        19    0.00    0.00    0.00    0.00    0.00     1      0.00      0.00       0       0   0.00  ksoftirqd/1
02:48:16 AM     0        22    0.00    0.00    0.00    0.00    0.00     2      0.00      0.00       0       0   0.00  cpuhp/2
02:48:16 AM     0        23    0.00    0.00    0.00    0.00    0.00     2      0.00      0.00       0       0   0.00  migration/2
02:48:16 AM     0        24    0.00    0.00    0.00    0.00    0.00     2      0.00      0.00       0       0   0.00  ksoftirqd/2
02:48:16 AM     0        27    0.00    0.00    0.00    0.00    0.00     3      0.00      0.00       0       0   0.00  cpuhp/3
02:48:16 AM     0        28    0.00    0.00    0.00    0.00    0.00     3      0.00      0.00       0       0   0.00  migration/3
02:48:16 AM     0        29    0.00    0.00    0.00    0.00    0.00     3      0.00      0.00       0       0   0.00  ksoftirqd/3
02:48:16 AM     0        32    0.00    0.00    0.00    0.00    0.00     4      0.00      0.00       0       0   0.00  cpuhp/4
02:48:16 AM     0        33    0.00    0.00    0.00    0.00    0.00     4      0.00      0.00       0       0   0.00  migration/4
02:48:16 AM     0        34    0.00    0.00    0.00    0.00    0.00     4      0.00      0.00       0       0   0.00  ksoftirqd/4
02:48:16 AM     0        36    0.00    0.00    0.00    0.00    0.00     4      0.00      0.00       0       0   0.00  kworker/4:0H-kblockd
02:48:16 AM     0        37    0.00    0.00    0.00    0.00    0.00     5      0.00      0.00       0       0   0.00  cpuhp/5
02:48:16 AM     0        38    0.00    0.00    0.00    0.00    0.00     5      0.00      0.00       0       0   0.00  migration/5
02:48:16 AM     0        39    0.00    0.00    0.00    0.00    0.00     5      0.00      0.00       0       0   0.00  ksoftirqd/5
02:48:16 AM     0        41    0.00    0.00    0.00    0.00    0.00     5      0.00      0.00       0       0   0.00  kworker/5:0H-kblockd
02:48:16 AM     0        42    0.00    0.00    0.00    0.00    0.00     6      0.00      0.00       0       0   0.00  cpuhp/6
02:48:16 AM     0        43    0.00    0.00    0.00    0.00    0.00     6      0.00      0.00       0       0   0.00  migration/6
02:48:16 AM     0        44    0.00    0.00    0.00    0.00    0.00     6      0.00      0.00       0       0   0.00  ksoftirqd/6
02:48:16 AM     0        46    0.00    0.00    0.00    0.00    0.00     6      0.00      0.00       0       0   0.00  kworker/6:0H-events_highpri
02:48:16 AM     0        47    0.00    0.00    0.00    0.00    0.00     7      0.00      0.00       0       0   0.00  cpuhp/7
02:48:16 AM     0        48    0.00    0.00    0.00    0.00    0.00     7      0.00      0.00       0       0   0.00  migration/7
02:48:16 AM     0        49    0.00    0.00    0.00    0.00    0.00     7      0.00      0.00       0       0   0.00  ksoftirqd/7
02:48:16 AM     0        50    0.00    0.00    0.00    0.00    0.00     0      0.00      0.00       0       0   0.00  kworker/7:0-rcu_gp
02:48:16 AM     0        51    0.00    0.00    0.00    0.00    0.00     7      0.00      0.00       0       0   0.00  kworker/7:0H-kblockd
02:48:16 AM     0        52    0.00    0.00    0.00    0.00    0.00     0      0.00      0.00       0       0   0.00  kdevtmpfs
02:48:16 AM     0        53    0.00    0.00    0.00    0.00    0.00     4      0.00      0.00       0       0   0.00  netns
02:48:16 AM     0        54    0.00    0.00    0.00    0.00    0.00     1      0.00      0.00       0       0   0.00  kauditd
02:48:16 AM     0        55    0.00    0.00    0.00    0.00    0.00     0      0.00      0.00       0       0   0.00  irq/87-mc_statu
02:48:16 AM     0        56    0.00    0.00    0.00    0.00    0.00     2      0.00      0.00       0       0   0.00  khungtaskd
02:48:16 AM     0        57    0.00    0.00    0.00    0.00    0.00     3      0.00      0.00       0       0   0.00  oom_reaper
02:48:16 AM     0        58    0.00    0.00    0.00    0.00    0.00     5      0.00      0.00       0       0   0.00  writeback
02:48:16 AM     0        59    0.00    0.00    0.00    0.00    0.00     3      0.00      0.00       0       0   0.00  kcompactd0
02:48:16 AM     0        60    0.00    0.00    0.00    0.00    0.00     1      0.00      0.00       0       0   0.00  ksmd
02:48:16 AM     0        61    0.00    0.00    0.00    0.00    0.00     1      0.00      0.00       0       0   0.00  khugepaged
02:48:16 AM     0        93    0.00    0.00    0.00    0.00    0.00     1      0.00      0.00       0       0   0.00  kintegrityd
02:48:16 AM     0        94    0.00    0.00    0.00    0.00    0.00     1      0.00      0.00       0       0   0.00  kblockd
02:48:16 AM     0        95    0.00    0.00    0.00    0.00    0.00     1      0.00      0.00       0       0   0.00  blkcg_punt_bio
02:48:16 AM     0        97    0.00    0.00    0.00    0.00    0.00     3      0.00      0.00       0       0   0.00  tpm_dev_wq
02:48:16 AM     0        98    0.00    0.00    0.00    0.00    0.00     0      0.00      0.00       0       0   0.00  irq/197-30c0000
02:48:16 AM     0        99    0.00    0.00    0.00    0.00    0.00     1      0.00      0.00       0       0   0.00  devfreq_wq
02:48:16 AM     0       100    0.00    0.00    0.00    0.00    0.00     1      0.00      0.00       0       0   0.00  watchdogd
02:48:16 AM     0       104    0.00    0.00    0.00    0.00    0.00     7      0.00      0.00       0       0   0.00  rpciod
02:48:16 AM     0       106    0.00    0.00    0.00    0.00    0.00     7      0.00      0.00       0       0   0.00  xprtiod
02:48:16 AM     0       108    0.00    0.00    0.00    0.00    0.00     7      0.00      0.00       0       0   0.00  kswapd0
02:48:16 AM     0       109    0.00    0.00    0.00    0.00    0.00     5      0.00      0.00       0       0   0.00  nfsiod
02:48:16 AM     0       112    0.00    0.00    0.00    0.00    0.00     1      0.00      0.00       0       0   0.00  kthrotld
02:48:16 AM     0       113    0.00    0.00    0.00    0.00    0.00     7      0.00      0.00       0       0   0.00  kpcitest
02:48:16 AM     0       116    0.00    0.00    0.00    0.00    0.00     5      0.00      0.00       0       0   0.00  kworker/5:1-events
02:48:16 AM     0       122    0.00    0.00    0.00    0.00    0.00     1      0.00      0.00       0       0   0.00  nvme-wq
02:48:16 AM     0       123    0.00    0.00    0.00    0.00    0.00     5      0.00      0.00       0       0   0.00  nvme-reset-wq
02:48:16 AM     0       124    0.00    0.00    0.00    0.00    0.00     6      0.00      0.00       0       0   0.00  nvme-delete-wq
02:48:16 AM     0       125    0.00    0.00    0.00    0.00    0.00     6      0.00      0.00       0       0   0.00  uas
02:48:16 AM     0       126    0.00    0.00    0.00    0.00    0.00     0      0.00      0.00       0       0   0.00  irq/222-tegra_r
02:48:16 AM     0       127    0.00    0.00    0.00    0.00    0.00     0      0.00      0.00       0       0   0.00  kworker/7:2-events
02:48:16 AM     0       129    0.00    0.00    0.00    0.00    0.00     0      0.00      0.00       0       0   0.00  irq/86-tegra-oc
02:48:16 AM     0       130    0.00    0.00    0.00    0.00    0.00     5      0.00      0.00       0       0   0.00  dm_bufio_cache
02:48:16 AM     0       131    0.00    0.00    0.00    0.00    0.00     0      0.00      0.00       0       0   0.00  irq/223-max7762
02:48:16 AM     0       140    0.00    0.00    0.00    0.00    0.00     0      0.00      0.00       0       0   0.00  irq/55-bc00000.
02:48:16 AM     0       143    0.00    0.00    0.00    0.00    0.00     0      0.00      0.00       0       0   0.00  ipv6_addrconf
02:48:16 AM     0       144    0.00    0.00    0.00    0.00    0.00     6      0.00      0.00       0       0   0.00  krfcommd
02:48:16 AM     0       145    0.00    0.00    0.00    0.00    0.00     0      0.00      0.00       0       0   0.00  kstrp
02:48:16 AM     0       150    0.00    0.00    0.00    0.00    0.00     0      0.00      0.00       0       0   0.00  irq/24-tegra-pc
02:48:16 AM     0       154    0.00    0.00    0.00    0.00    0.00     0      0.00      0.00       0       0   0.00  irq/26-tegra-pc
02:48:16 AM     0       160    0.00    0.00    0.00    0.00    0.00     0      0.00      0.00       0       0   0.00  irq/26-aerdrv
02:48:16 AM     0       161    0.00    0.00    0.00    0.00    0.00     0      0.00      0.00       0       0   0.00  irq/28-tegra-pc
02:48:16 AM     0       162    0.00    0.00    0.00    0.00    0.00     0      0.00      0.00       0       0   0.00  irq/28-aerdrv
02:48:16 AM     0       163    0.00    0.00    0.00    0.00    0.00     5      0.00      0.00       0       0   0.00  host_low_prio_w
02:48:16 AM     0       164    0.00    0.00    0.00    0.00    0.00     0      0.00      0.00       0       0   0.00  irq/57-host_syn
02:48:16 AM     0       165    0.00    0.00    0.00    0.00    0.00     0      0.00      0.00       0       0   0.00  irq/58-host_sta
02:48:16 AM     0       173    0.00    0.00    0.00    0.00    0.00     5      0.00      0.00       0       0   0.00  pva_task_status
02:48:16 AM     0       174    0.00    0.00    0.00    0.00    0.00     0      0.00      0.00       0       0   0.00  irq/75-pva-isr
02:48:16 AM     0       175    0.00    0.00    0.00    0.00    0.00     0      0.00      0.00       0       0   0.00  pva_task_status
02:48:16 AM     0       176    0.00    0.00    0.00    0.00    0.00     0      0.00      0.00       0       0   0.00  irq/76-pva-isr
02:48:16 AM     0       185    0.00    0.00    0.00    0.00    0.00     0      0.00      0.00       0       0   0.00  sdhci
02:48:16 AM     0       186    0.00    0.00    0.00    0.00    0.00     0      0.00      0.00       0       0   0.00  irq/39-mmc0
02:48:16 AM     0       187    0.00    0.00    0.00    0.00    0.00     2      0.00      0.00       0       0   0.00  sdhci
02:48:16 AM     0       189    0.00    0.00    0.00    0.00    0.00     0      0.00      0.00       0       0   0.00  irq/40-mmc1
02:48:16 AM     0       195    0.00    0.00    0.00    0.00    0.00     7      0.00      0.00       0       0   0.00  scsi_eh_0
02:48:16 AM     0       196    0.00    0.00    0.00    0.00    0.00     7      0.00      0.00       0       0   0.00  scsi_tmf_0
02:48:16 AM     0       197    0.00    0.00    0.00    0.00    0.00     0      0.00      0.00       0       0   0.00  kworker/5:2-events
02:48:16 AM     0       198    0.00    0.00    0.00    0.00    0.00     0      0.00      0.00       0       0   0.00  irq/67-15200000
02:48:16 AM     0       199    0.00    0.00    0.00    0.00    0.00     1      0.00      0.00       0       0   0.00  tegradc.0/a
02:48:16 AM     0       200    0.00    0.00    0.00    0.00    0.00     0      0.00      0.00       0       0   0.00  tegradc.0/b
02:48:16 AM     0       201    0.00    0.00    0.00    0.00    0.00     0      0.00      0.00       0       0   0.00  tegradc.0/c
02:48:16 AM     0       202    0.00    0.00    0.00    0.00    0.00     0      0.00      0.00       0       0   0.00  tegradc.0/d
02:48:16 AM     0       203    0.00    0.00    0.00    0.00    0.00     0      0.00      0.00       0       0   0.00  tegradc.0/e
02:48:16 AM     0       204    0.00    0.00    0.00    0.00    0.00     0      0.00      0.00       0       0   0.00  tegradc.0/f
02:48:16 AM     0       205    0.00    0.00    0.00    0.00    0.00     0      0.00      0.00       0       0   0.00  tegradc.0/sl
02:48:16 AM     0       206    0.00    0.00    0.00    0.00    0.00     0      0.00      0.00       0       0   0.00  irq/62-15200000
02:48:16 AM     0       207    0.00    0.00    0.00    0.00    0.00     0      0.00      0.00       0       0   0.00  irq/276-3400000
02:48:16 AM     0       208    0.00    0.00    0.00    0.00    0.00     0      0.00      0.00       0       0   0.00  ufs_eh_wq_0
02:48:16 AM     0       209    0.00    0.00    0.00    0.00    0.00     3      0.00      0.00       0       0   0.00  mmc_complete
02:48:16 AM     0       211    0.00    0.00    0.00    0.00    0.00     0      0.00      0.00       0       0   0.00  irq/278-1520000
02:48:16 AM     0       212    0.00    0.00    0.00    0.00    0.00     0      0.00      0.00       0       0   0.00  irq/203-3610000
02:48:16 AM     0       213    0.00    0.00    0.00    0.00    0.00     0      0.00      0.00       0       0   0.00  irq/221-3610000
02:48:16 AM     0       214    0.00    0.00    0.00    0.00    0.00     0      0.00      0.00       0       0   0.00  irq/30-tegra-pc
02:48:16 AM     0       216    0.00    0.00    0.00    0.00    0.00     0      0.00      0.00       0       0   0.00  kworker/4:3-events
02:48:16 AM     0       218    0.00    0.00    0.00    0.00    0.00     4      0.00      0.00       0       0   0.00  kworker/4:5-events
02:48:16 AM     0       221    0.00    0.00    0.00    0.00    0.00     0      0.00      0.00       0       0   0.00  kworker/6:12-events
02:48:16 AM     0       222    0.00    0.00    0.00    0.00    0.00     0      0.00      0.00       0       0   0.00  kworker/6:13-events
02:48:16 AM     0       225    0.00    0.00    0.00    0.00    0.00     0      0.00      0.00       0       0   0.00  irq/68-tegra_dp
02:48:16 AM     0       226    0.00    0.00    0.00    0.00    0.00     0      0.00      0.00       0       0   0.00  irq/65-15210000
02:48:16 AM     0       227    0.00    0.00    0.00    0.00    0.00     0      0.00      0.00       0       0   0.00  tegradc.1/a
02:48:16 AM     0       228    0.00    0.00    0.00    0.00    0.00     0      0.00      0.00       0       0   0.00  tegradc.1/b
02:48:16 AM     0       229    0.00    0.00    0.00    0.00    0.00     0      0.00      0.00       0       0   0.00  tegradc.1/c
02:48:16 AM     0       230    0.00    0.00    0.00    0.00    0.00     0      0.00      0.00       0       0   0.00  tegradc.1/d
02:48:16 AM     0       231    0.00    0.00    0.00    0.00    0.00     0      0.00      0.00       0       0   0.00  tegradc.1/e
02:48:16 AM     0       232    0.00    0.00    0.00    0.00    0.00     0      0.00      0.00       0       0   0.00  tegradc.1/f
02:48:16 AM     0       233    0.00    0.00    0.00    0.00    0.00     1      0.00      0.00       0       0   0.00  tegradc.1/sl
02:48:16 AM     0       234    0.00    0.00    0.00    0.00    0.00     0      0.00      0.00       0       0   0.00  irq/63-15210000
02:48:16 AM     0       249    0.00    0.00    0.00    0.00    0.00     0      0.00      0.00       0       0   0.00  irq/56-d230000.
02:48:16 AM     0       250    0.00    0.00    0.00    0.00    0.00     0      0.00      0.00       0       0   0.00  irq/69-tegra_dp
02:48:16 AM     0       251    0.00    0.00    0.00    0.00    0.00     0      0.00      0.00       0       0   0.00  irq/66-15220000
02:48:16 AM     0       252    0.00    0.00    0.00    0.00    0.00     0      0.00      0.00       0       0   0.00  tegradc.2/a
02:48:16 AM     0       253    0.00    0.00    0.00    0.00    0.00     0      0.00      0.00       0       0   0.00  tegradc.2/b
02:48:16 AM     0       254    0.00    0.00    0.00    0.00    0.00     0      0.00      0.00       0       0   0.00  tegradc.2/c
02:48:16 AM     0       255    0.00    0.00    0.00    0.00    0.00     0      0.00      0.00       0       0   0.00  tegradc.2/d
02:48:16 AM     0       256    0.00    0.00    0.00    0.00    0.00     0      0.00      0.00       0       0   0.00  tegradc.2/e
02:48:16 AM     0       257    0.00    0.00    0.00    0.00    0.00     0      0.00      0.00       0       0   0.00  tegradc.2/f
02:48:16 AM     0       258    0.00    0.00    0.00    0.00    0.00     0      0.00      0.00       0       0   0.00  tegradc.2/sl
02:48:16 AM     0       259    0.00    0.00    0.00    0.00    0.00     0      0.00      0.00       0       0   0.00  irq/64-15220000
02:48:16 AM     0       275    0.00    0.00    0.00    0.00    0.00     3      0.00      0.00       0       0   0.00  jbd2/mmcblk0p1-
02:48:16 AM     0       276    0.00    0.00    0.00    0.00    0.00     3      0.00      0.00       0       0   0.00  ext4-rsv-conver
02:48:16 AM     0       280    0.00    0.00    0.00    0.00    0.00     7      0.00      0.00       0       0   0.00  kworker/7:1H
02:48:16 AM     0       286    0.00    0.00    0.00    0.00    0.00     5      0.00      0.00       0       0   0.00  kworker/5:1H-kblockd
02:48:16 AM     0       312    0.00    0.00    0.00    0.00    0.00     2      0.00      0.00   61816   31808   0.10  systemd-journal
02:48:16 AM     0       338    0.00    3.00    0.00   19.00    3.00     1      0.00      0.00       0       0   0.00  nvmap-bz
02:48:16 AM     0       339    0.00    0.00    0.00    0.00    0.00     0      0.00      0.00       0       0   0.00  irq/204-gk20a_s
02:48:16 AM     0       340    0.00    0.00    0.00    0.00    0.00     0      0.00      0.00       0       0   0.00  irq/205-gk20a_n
02:48:16 AM     0       345    0.00    0.00    0.00    0.00    0.00     3      0.00      0.00    2776    1492   0.00  tee-supplicant
02:48:16 AM     0       347    0.00    0.00    0.00    0.00    0.00     3      0.00      0.00       0       0   0.00  optee_bus_scan
02:48:16 AM     0       358    0.00    0.00    0.00    0.00    0.00     3      0.00      0.00   22788    7532   0.02  systemd-udevd
02:48:16 AM     0       364    0.00    0.00    0.00    0.00    0.00     1      0.00      0.00    7948    4892   0.02  haveged
02:48:16 AM   126       365    0.00    0.00    0.00    0.00    0.00     3      0.00      0.00    7136    3108   0.01  rpcbind
02:48:16 AM   105       366    0.00    0.00    0.00    0.00    0.00     1      0.00      0.00   25592   13288   0.04  systemd-resolve
02:48:16 AM   103       367    0.00    0.00    0.00    0.00    0.00     1      0.00      0.00   90672    6220   0.02  systemd-timesyn
02:48:16 AM     0       407    0.00    0.00    0.00    0.00    0.00     5      0.00      0.00       0       0   0.00  cfg80211
02:48:16 AM     0       410    0.00    0.00    0.00    0.00    0.00     0      0.00      0.00       0       0   0.00  irq/42-3210000.
02:48:16 AM     0       412    0.00    0.00    0.00    0.00    0.00     2      0.00      0.00       0       0   0.00  spi0
02:48:16 AM     0       413    0.00   13.00    0.00    0.00   13.00     1      0.00      0.00       0       0   0.00  irq/282-iwlwifi
02:48:16 AM     0       416    0.00    0.00    0.00    0.00    0.00     4      0.00      0.00       0       0   0.00  ata_sff
02:48:16 AM     0       419    0.00    0.00    0.00    0.00    0.00     0      0.00      0.00       0       0   0.00  irq/43-c260000.
02:48:16 AM     0       420    0.00    0.00    0.00    0.00    0.00     6      0.00      0.00       0       0   0.00  scsi_eh_1
02:48:16 AM     0       422    0.00    0.00    0.00    0.00    0.00     6      0.00      0.00       0       0   0.00  scsi_tmf_1
02:48:16 AM     0       427    0.00    0.00    0.00    0.00    0.00     0      0.00      0.00       0       0   0.00  spi1
02:48:16 AM     0       430    0.00    0.00    0.00    0.00    0.00     3      0.00      0.00  242072    8880   0.03  accounts-daemon
02:48:16 AM   120       439    0.00    0.00    0.00    0.00    0.00     1      0.00      0.00    7084    3472   0.01  avahi-daemon
02:48:16 AM     0       441    0.00    0.00    0.00    0.00    0.00     3      0.00      0.00    9220    2516   0.01  cron
02:48:16 AM   106       443    0.00    0.00    0.00    0.00    0.00     2      0.00      0.00    9396    5264   0.02  dbus-daemon
02:48:16 AM     0       447    0.00    0.00    0.00    0.00    0.00     1      0.00      0.00  341244   20856   0.07  NetworkManager
02:48:16 AM     0       456    0.00    0.00    0.00    0.00    0.00     4      0.00      0.00   38300   19472   0.06  networkd-dispat
02:48:16 AM     0       473    0.00    0.00    0.00    0.00    0.00     2      0.00      0.00  238860   13352   0.04  polkitd
02:48:16 AM   125       483    0.00    0.00    0.00    0.00    0.00     3      0.00      0.00  220940    8288   0.03  rsyslogd
02:48:16 AM     0       503    0.00    0.00    0.00    0.00    0.00     2      0.00      0.00  235864    4364   0.01  switcheroo-cont
02:48:16 AM     0       514    0.00    0.00    0.00    0.00    0.00     2      0.00      0.00   17076    6760   0.02  systemd-logind
02:48:16 AM     0       523    0.00    0.00    0.00    0.00    0.00     1      0.00      0.00  395556   15676   0.05  udisksd
02:48:16 AM     0       528    0.00    0.00    0.00    0.00    0.00     0      0.00      0.00   12784    8052   0.03  wpa_supplicant
02:48:16 AM     0       548    0.00    0.00    0.00    0.00    0.00     0      0.00      0.00       0       0   0.00  sugov:0
02:48:16 AM   120       555    0.00    0.00    0.00    0.00    0.00     2      0.00      0.00    6896     324   0.00  avahi-daemon
02:48:16 AM     0       585    0.00    0.00    0.00    0.00    0.00     5      0.00      0.00       0       0   0.00  tmp451
02:48:16 AM     0       597    0.00    0.00    0.00    0.00    0.00     3      0.00      0.00       0       0   0.00  irq/286-1-0008
02:48:16 AM     0       600    0.00    0.00    0.00    0.00    0.00     2      0.00      0.00  321792   14480   0.05  ModemManager
02:48:16 AM     0       653    0.00    0.00    0.00    1.00    0.00     0      0.00      0.00    2476     604   0.00  nvfancontrol
02:48:16 AM     0       728    0.00    0.00    0.00    0.00    0.00     4      0.00      0.00       0       0   0.00  adspp_kthread
02:48:16 AM     0       779    0.00    0.00    0.00    0.00    0.00     6      0.00      0.00       0       0   0.00  kworker/6:2H-kblockd
02:48:16 AM     0       876    0.00    0.00    0.00    0.00    0.00     1      0.00      0.00       0       0   0.00  irq/289-2490000
02:48:16 AM     0       887    0.00    0.00    0.00    0.00    0.00     0      0.00      0.00       0       0   0.00  irq/32-eth0.com
02:48:16 AM     0       919    0.00    0.00    0.00    0.00    0.00     4      0.00      0.00       0       0   0.00  file-storage
02:48:16 AM     0       953    0.00    0.00    0.00    0.00    0.00     1      0.00      0.00       0       0   0.00  loop0
02:48:16 AM     0      1048    0.00    0.00    0.00    0.00    0.00     4      0.00      0.00       0       0   0.00  kworker/4:2H-kblockd
02:48:16 AM     0      1091    0.00    0.00    0.00    0.00    0.00     3      0.00      0.00       0       0   0.00  cryptd
02:48:16 AM     0      1147    0.00    0.00    0.00    0.00    0.00     2      0.00      0.00       0       0   0.00  sw-quiesce
02:48:16 AM     0      1148    0.00    0.00    0.00    0.00    0.00     3      0.00      0.00       0       0   0.00  nvgpu_channel_p
02:48:16 AM     0      1151    0.00    0.00    0.00    0.00    0.00     3      0.00      0.00       0       0   0.00  nvgpu_nvs_gv11b
02:48:16 AM     0      1153    0.00    0.00    0.00    0.00    0.00     0      0.00      0.00       0       0   0.00  nvgpu_pg_init_g
02:48:16 AM     0      1157    0.00    0.00    0.00    0.00    0.00     2      0.00      0.00       0       0   0.00  nvgpu_clk_arb_p
02:48:16 AM     0      1162    0.00    0.00    0.00    0.00    0.00     3      0.00      0.00       0       0   0.00  irq/288-rt5659
02:48:16 AM     0      1270    0.00    0.00    0.00    0.00    0.00     3      0.00      0.00   55688   11092   0.03  nvargus-daemon
02:48:16 AM     0      1273    0.00    0.00    0.00    0.00    0.00     3      0.00      0.00   21932    1552   0.00  nvs-service
02:48:16 AM     0      1298    1.00    0.00    0.00    0.00    1.00     1      0.00      0.00 2007972   50424   0.16  containerd
02:48:16 AM     0      1314    0.00    0.00    0.00    0.00    0.00     0      0.00      0.00  240032    7616   0.02  gdm3
02:48:16 AM   108      1326    0.00    0.00    0.00    0.00    0.00     2      0.00      0.00   11468    1896   0.01  kerneloops
02:48:16 AM     0      1327    0.00    0.00    0.00    0.00    0.00     3      0.00      0.00   12236    6576   0.02  sshd
02:48:16 AM     0      1336    0.00    0.00    0.00    0.00    0.00     0      0.00      0.00    7688    1876   0.01  agetty
02:48:16 AM     0      1337    0.00    0.00    0.00    0.00    0.00     2      0.00      0.00    7688    1904   0.01  agetty
02:48:16 AM   108      1339    0.00    0.00    0.00    0.00    0.00     0      0.00      0.00   11468    1820   0.01  kerneloops
02:48:16 AM     0      1340    0.00    0.00    0.00    0.00    0.00     3      0.00      0.00    9216    2824   0.01  nvgetty.sh
02:48:16 AM     0      1379    0.00    0.00    0.00    0.00    0.00     0      0.00      0.00    7688    1848   0.01  getty
02:48:16 AM     0      1554    0.00    0.00    0.00    0.00    0.00     2      0.00      0.00 2111796   85472   0.27  dockerd
02:48:16 AM     0      1677    0.00    0.00    0.00    0.00    0.00     1      0.00      0.00  168472    8256   0.03  gdm-session-wor
02:48:16 AM     0      1711    0.00    0.00    0.00    0.00    0.00     0      0.00      0.00    3248     808   0.00  nvphsd
02:48:16 AM     0      1716    0.00    0.00    0.00    0.00    0.00     3      0.00      0.00    3380    1788   0.01  nvphsd
02:48:16 AM   124      1789    0.00    0.00    0.00    0.00    0.00     3      0.00      0.00   19144    9224   0.03  systemd
02:48:16 AM   124      1804    0.00    0.00    0.00    0.00    0.00     3      0.00      0.00  104488    5436   0.02  (sd-pam)
02:48:16 AM   124      2014    0.00    0.00    0.00    0.00    0.00     0      0.00      0.00  961884   21984   0.07  pulseaudio
02:48:16 AM   124      2032    0.00    0.00    0.00    0.00    0.00     2      0.00      0.00  164156    5924   0.02  gdm-x-session
02:48:16 AM   124      2037    0.00    0.00    0.00    0.00    0.00     1      0.00      0.00 25330232   99256   0.31  Xorg
02:48:16 AM   118      2040    0.00    0.00    0.00    0.00    0.00     1      0.00      0.00  152516    2440   0.01  rtkit-daemon
02:48:16 AM   124      2162    0.00    0.00    0.00    0.00    0.00     2      0.00      0.00    7812    3448   0.01  dbus-daemon
02:48:16 AM   124      2428    0.00    0.00    0.00    0.00    0.00     0      0.00      0.00    4776    1164   0.00  dbus-run-sessio
02:48:16 AM   124      2429    0.00    0.00    0.00    0.00    0.00     2      0.00      0.00    8088    4104   0.01  dbus-daemon
02:48:16 AM   124      2438    0.00    0.00    0.00    0.00    0.00     2      0.00      0.00  559768   14932   0.05  gnome-session-b
02:48:16 AM     0      2457    0.00    0.00    0.00    0.00    0.00     2      0.00      0.00  101692   19628   0.06  jtop
02:48:16 AM   124      2463    0.00    0.00    0.00    0.00    0.00     3      0.00      0.00  309548   10092   0.03  at-spi-bus-laun
02:48:16 AM   124      2470    0.00    0.00    0.00    0.00    0.00     1      0.00      0.00    7676    3468   0.01  dbus-daemon
02:48:16 AM   124      2495    0.00    0.00    0.00    0.00    0.00     1      0.00      0.00 4022996  194908   0.61  gnome-shell
02:48:16 AM     0      2510    0.00    0.00    0.00    0.00    0.00     0      0.00      0.00  175424   16904   0.05  jtop
02:48:16 AM     0      2518    0.00    0.00    0.00    0.00    0.00     2      0.00      0.00  101692   17160   0.05  jtop
02:48:16 AM   124      2696    0.00    0.00    0.00    0.00    0.00     0      0.00      0.00  314420   11212   0.04  ibus-daemon
02:48:16 AM   124      2699    0.00    0.00    0.00    0.00    0.00     2      0.00      0.00  239960   11792   0.04  ibus-dconf
02:48:16 AM   124      2701    0.00    0.00    0.00    0.00    0.00     2      0.00      0.00  189920   16900   0.05  ibus-x11
02:48:16 AM   124      2704    0.00    0.00    0.00    0.00    0.00     3      0.00      0.00  239880    7776   0.02  ibus-portal
02:48:16 AM   124      2715    0.00    0.00    0.00    0.00    0.00     1      0.00      0.00  161420    6880   0.02  at-spi2-registr
02:48:16 AM   124      2719    0.00    0.00    0.00    0.00    0.00     3      0.00      0.00  235804    4672   0.01  xdg-permission-
02:48:16 AM     0      2725    0.00    0.00    0.00    0.00    0.00     3      0.00      0.00  252944    8776   0.03  upowerd
02:48:16 AM   124      2745    0.00    0.00    0.00    0.00    0.00     2      0.00      0.00 3001620   27244   0.09  gjs
02:48:16 AM   124      2764    0.00    0.00    0.00    0.00    0.00     3      0.00      0.00  469396   14236   0.04  gsd-sharing
02:48:16 AM   124      2765    0.00    0.00    0.00    0.00    0.00     1      0.00      0.00  334628   15072   0.05  gsd-wacom
02:48:16 AM   124      2768    0.00    0.00    0.00    0.00    0.00     2      2.00      0.00  571788   19844   0.06  gsd-color
02:48:16 AM   124      2772    0.00    0.00    0.00    0.00    0.00     3      0.00      0.00  338096   17824   0.06  gsd-keyboard
02:48:16 AM   124      2774    0.00    0.00    0.00    0.00    0.00     2      0.00      0.00  322508   11376   0.04  gsd-print-notif
02:48:16 AM   124      2779    0.00    0.00    0.00    0.00    0.00     3      0.00      0.00  166208    7736   0.02  ibus-engine-sim
02:48:16 AM   124      2780    0.00    0.00    0.00    0.00    0.00     1      0.00      0.00  457460    7996   0.03  gsd-rfkill
02:48:16 AM   124      2782    0.00    0.00    0.00    0.00    0.00     1      0.00      0.00  391976    9696   0.03  gsd-smartcard
02:48:16 AM   124      2784    0.00    0.00    0.00    0.00    0.00     2      0.00      0.00  374928   15372   0.05  gsd-datetime
02:48:16 AM   124      2790    0.00    0.00    0.00    0.00    0.00     3      0.00      0.00  679696   20032   0.06  gsd-media-keys
02:48:16 AM   124      2791    0.00    0.00    0.00    0.00    0.00     3      0.00      0.00  235772    5600   0.02  gsd-screensaver
02:48:16 AM   124      2793    0.00    0.00    0.00    0.00    0.00     3      0.00      0.00  320104    9452   0.03  gsd-sound
02:48:16 AM   124      2795    0.00    0.00    0.00    0.00    0.00     3      0.00      0.00  313652   10144   0.03  gsd-a11y-settin
02:48:16 AM   124      2799    0.00    0.00    0.00    0.00    0.00     2      0.00      0.00  313992   10540   0.03  gsd-housekeepin
02:48:16 AM   124      2802    0.00    0.00    0.00    0.00    0.00     1      0.00      0.00  339724   18828   0.06  gsd-power
02:48:16 AM   124      2824    0.00    0.00    0.00    0.00    0.00     2      0.00      0.00  342540   12784   0.04  gsd-printer
02:48:16 AM   119      2837    0.00    0.00    0.00    0.00    0.00     2      0.00      0.00  249328   17548   0.06  colord
02:48:16 AM     0     29120    0.00    0.00    0.00    0.00    0.00     3      0.00      0.00       0       0   0.00  kworker/u17:2
02:48:16 AM     0     33852    0.00    0.00    0.00    0.00    0.00     1      0.00      0.00       0       0   0.00  kworker/1:0H-kblockd
02:48:16 AM     0     35048    0.00    0.00    0.00    0.00    0.00     0      0.00      0.00       0       0   0.00  kworker/u17:0-thermal_fan_est
02:48:16 AM  1000     39960    0.00    0.00    0.00    0.00    0.00     2      0.00      0.00   19248    9208   0.03  systemd
02:48:16 AM  1000     39961    0.00    0.00    0.00    0.00    0.00     2      0.00      0.00  170940    6304   0.02  (sd-pam)
02:48:16 AM  1000     40037    0.00    0.00    0.00    0.00    0.00     3      0.00      0.00    7812    3952   0.01  dbus-daemon
02:48:16 AM     0     40147    0.00    0.00    0.00    0.00    0.00     1      0.00      0.00       0       0   0.00  kworker/1:0-events
02:48:16 AM     0     40174    0.00    0.00    0.00    0.00    0.00     2      0.00      0.00       0       0   0.00  kworker/2:2H-kblockd
02:48:16 AM     0     40194    0.00    0.00    0.00    0.00    0.00     3      0.00      0.00       0       0   0.00  kworker/3:0H-kblockd
02:48:16 AM     0     41650    0.00    0.00    0.00    0.00    0.00     3      0.00      0.00       0       0   0.00  kworker/3:0-mm_percpu_wq
02:48:16 AM     0     43913    0.00    0.00    0.00    0.00    0.00     2      0.00      0.00   14768    7560   0.02  sshd
02:48:16 AM  1000     43958    0.00    0.00    0.00    0.00    0.00     0      0.00      0.00   15292    6400   0.02  sshd
02:48:16 AM  1000     43959    0.00    0.00    0.00    0.00    0.00     1      0.00      0.00   11344    5444   0.02  bash
02:48:16 AM     0     50050    0.00    0.00    0.00    0.00    0.00     2      0.00      0.00   14768    7572   0.02  sshd
02:48:16 AM  1000     50094    0.00    0.00    0.00    0.00    0.00     3      0.00      0.00   15292    6428   0.02  sshd
02:48:16 AM  1000     50095    0.00    0.00    0.00    0.00    0.00     2      0.00      0.00   11344    5448   0.02  bash
02:48:16 AM     0     81462    0.00    0.00    0.00    0.00    0.00     2      0.00      0.00       0       0   0.00  kworker/2:2-mm_percpu_wq
02:48:16 AM     0     81478    0.00    0.00    0.00    0.00    0.00     0      0.00      0.00       0       0   0.00  kworker/0:1H-kblockd
02:48:16 AM  1000     84840    0.00    0.00    0.00    0.00    0.00     3      0.00      0.00  240176   10088   0.03  gnome-keyring-d
02:48:16 AM   124     84900    0.00    0.00    0.00    0.00    0.00     1      0.00      0.00  156240    4584   0.01  dconf-service
02:48:16 AM     0     85427    0.00    0.00    0.00    0.00    0.00     0      0.00      0.00       0       0   0.00  kworker/0:2-events
02:48:16 AM     0     86310    0.00    1.00    0.00    0.00    1.00     1      0.00      0.00       0       0   0.00  kworker/u16:1-events_unbound
02:48:16 AM     0     86312    0.00    0.00    0.00    0.00    0.00     3      0.00      0.00   14768    7564   0.02  sshd
02:48:16 AM  1000     86356    0.00    0.00    0.00    0.00    0.00     0      0.00      0.00   15292    6380   0.02  sshd
02:48:16 AM  1000     86357    0.00    0.00    0.00    0.00    0.00     1      0.00      0.00   11344    5440   0.02  bash
02:48:16 AM     0     86549    0.00    0.00    0.00    0.00    0.00     2      0.00      0.00   14768    7664   0.02  sshd
02:48:16 AM  1000     86593    1.00    2.00    0.00    3.00    3.00     2      0.00      0.00   15292    6480   0.02  sshd
02:48:16 AM  1000     86594    0.00    0.00    0.00    0.00    0.00     2      0.00      0.00   11860    5896   0.02  bash
02:48:16 AM     0     86632    0.00    0.00    0.00    0.00    0.00     3      0.00      0.00       0       0   0.00  kworker/3:2
02:48:16 AM     0     87290    0.00    0.00    0.00    0.00    0.00     0      0.00      0.00   14768    7584   0.02  sshd
02:48:16 AM  1000     87334    0.00    0.00    0.00    0.00    0.00     0      0.00      0.00   15292    6412   0.02  sshd
02:48:16 AM  1000     87335    0.00    0.00    0.00    0.00    0.00     2      0.00      0.00   11344    5436   0.02  bash
02:48:16 AM     0     89981    0.00    0.00    0.00    0.00    0.00     1      0.00      0.00       0       0   0.00  kworker/1:1-events
02:48:16 AM     0     95050    0.00    0.00    0.00    0.00    0.00     2      0.00      0.00       0       0   0.00  kworker/2:0-events
02:48:16 AM     0     96173    0.00    0.00    0.00    0.00    0.00     1      0.00      0.00       0       0   0.00  kworker/1:2-events
02:48:16 AM     0     99494    0.00    1.00    0.00    0.00    1.00     1      0.00      0.00       0       0   0.00  kworker/u16:3-events_unbound
02:48:16 AM     0    107801    0.00    0.00    0.00    0.00    0.00     1      0.00      0.00       0       0   0.00  kworker/1:2H
02:48:16 AM     0    122883    0.00    0.00    0.00    0.00    0.00     2      0.00      0.00       0       0   0.00  kworker/u16:2-events_unbound
02:48:16 AM     0    123203    0.00    0.00    0.00    0.00    0.00     3      0.00      0.00       0       0   0.00  kworker/3:2H
02:48:16 AM     0    124025    0.00    0.00    0.00    0.00    0.00     2      0.00      0.00       0       0   0.00  kworker/2:0H
02:48:16 AM     0    130503    0.00    0.00    0.00    0.00    0.00     0      0.00      0.00       0       0   0.00  kworker/0:0H
02:48:16 AM     0    130577    0.00    0.00    0.00    0.00    0.00     0      0.00      0.00       0       0   0.00  kworker/0:1-events
02:48:16 AM     0    130584    0.00    0.00    0.00    0.00    0.00     2      0.00      0.00   14768    7576   0.02  sshd
02:48:16 AM  1000    130628    0.00    3.00    0.00    0.00    3.00     2      0.00      0.00   16676    7816   0.02  sshd
02:48:16 AM  1000    130629    0.00    0.00    0.00    0.00    0.00     3      0.00      0.00   11344    5436   0.02  bash
02:48:16 AM  1000    130765    0.00    0.00    0.00    0.00    0.00     3      0.00      0.00  283948   43148   0.14  roslaunch
02:48:16 AM  1000    130773    0.00    0.00    0.00    0.00    0.00     1      0.00      0.00  797980   45684   0.14  rosmaster
02:48:16 AM  1000    130783    1.00    0.00    0.00    0.00    1.00     0      0.00      0.00  274964   10152   0.03  rosout
02:48:16 AM  1000    130790   66.00   71.00    0.00   12.00  137.00     2      0.00      0.00 34790064  706376   2.23  scale_truck_con
02:48:16 AM  1000    130791   24.00   62.00    0.00    0.00   86.00     3      0.00      0.00 1571432  113560   0.36  LRC
02:48:16 AM  1000    130854   10.00    2.00    0.00    0.00   12.00     2      0.00      0.00  724884   75168   0.24  python3
02:48:16 AM     0    131985    0.00    0.00    0.00    0.00    0.00     2      0.00      0.00       0       0   0.00  kworker/2:1H
02:48:16 AM     0    132214    0.00    0.00    0.00    0.00    0.00     1      0.00      0.00       0       0   0.00  kworker/1:1H
02:48:16 AM     0    133801    0.00    0.00    0.00    0.00    0.00     0      0.00      0.00       0       0   0.00  kworker/0:0-events
02:48:16 AM     0    137289    0.00    0.00    0.00    0.00    0.00     1      0.00      0.00       0       0   0.00  kworker/1:3-pm
02:48:16 AM     0    139165    0.00    0.00    0.00    0.00    0.00     0      0.00      0.00       0       0   0.00  kworker/0:2H
02:48:16 AM     0    139402    0.00    0.00    0.00    0.00    0.00     1      0.00      0.00       0       0   0.00  kworker/u16:0-events_unbound
02:48:16 AM     0    142495    0.00    0.00    0.00    0.00    0.00     1      0.00      0.00       0       0   0.00  kworker/1:4-pm
02:48:16 AM  1000    144270    0.00    0.00    0.00    0.00    0.00     0      0.00      0.00    7828     552   0.00  timeout
02:48:16 AM  1000    144271    0.00    0.00    0.00    0.00    0.00     0      0.00      0.00   68712   43156   0.14  rosbag
02:48:16 AM  1000    144272    0.00    0.00    0.00    0.00    0.00     2      0.00      0.00    9208    3300   0.01  bash
02:48:16 AM  1000    144520    0.00    0.00    0.00    0.00    0.00     3      0.00      0.00   68692   42744   0.13  rosbag
02:48:16 AM  1000    144531   15.00   25.00    0.00    0.00   40.00     2     35.00      0.00 1172160   23244   0.07  record
02:48:16 AM  1000    144614    6.00   12.00    0.00   13.00   18.00     1      0.00      0.00   17812    9560   0.03  pidstat
02:48:16 AM  1000    144684    2.00    6.00    0.00    5.00    8.00     0      0.00      0.00  365376   26976   0.09  play

# Time        UID       PID    %usr %system  %guest   %wait    %CPU   CPU  minflt/s  majflt/s     VSZ     RSS   %MEM  Command
02:48:17 AM     0         1    0.00    0.00    0.00    0.00    0.00     1      0.00      0.00  169880   11540   0.04  systemd
02:48:17 AM     0         2    0.00    0.00    0.00    0.00    0.00     1      0.00      0.00       0       0   0.00  kthreadd
02:48:17 AM     0         3    0.00    0.00    0.00    0.00    0.00     0      0.00      0.00       0       0   0.00  rcu_gp
02:48:17 AM     0         4    0.00    0.00    0.00    0.00    0.00     0      0.00      0.00       0       0   0.00  rcu_par_gp
02:48:17 AM     0         8    0.00    0.00    0.00    0.00    0.00     0      0.00      0.00       0       0   0.00  mm_percpu_wq
02:48:17 AM     0         9    0.00    0.00    0.00    0.00    0.00     0      0.00      0.00       0       0   0.00  rcu_tasks_kthre
02:48:17 AM     0        10    0.00    0.00    0.00    0.00    0.00     0      0.00      0.00       0       0   0.00  rcu_tasks_rude_
02:48:17 AM     0        11    0.00    0.00    0.00    0.00    0.00     0      0.00      0.00       0       0   0.00  rcu_tasks_trace
02:48:17 AM     0        12    0.00    0.00    0.00    0.00    0.00     0      0.00      0.00       0       0   0.00  ksoftirqd/0
02:48:17 AM     0        13    0.00    0.00    0.00    0.00    0.00     3      0.00      0.00       0       0   0.00  rcu_preempt
02:48:17 AM     0        14    0.00    0.00    0.00    0.00    0.00     0      0.00      0.00       0       0   0.00  migration/0
02:48:17 AM     0        16    0.00    0.00    0.00    0.00    0.00     0      0.00      0.00       0       0   0.00  cpuhp/0
02:48:17 AM     0        17    0.00    0.00    0.00    0.00    0.00     1      0.00      0.00       0       0   0.00  cpuhp/1
02:48:17 AM     0        18    0.00    0.00    0.00    0.00    0.00     1      0.00      0.00       0       0   0.00  migration/1
02:48:17 AM     0        19    0.00    0.00    0.00    0.00    0.00     1      0.00      0.00       0       0   0.00  ksoftirqd/1
02:48:17 AM     0        22    0.00    0.00    0.00    0.00    0.00     2      0.00      0.00       0       0   0.00  cpuhp/2
02:48:17 AM     0        23    0.00    0.00    0.00    0.00    0.00     2      0.00      0.00       0       0   0.00  migration/2
02:48:17 AM     0        24    0.00    1.00    0.00    0.00    1.00     2      0.00      0.00       0       0   0.00  ksoftirqd/2
02:48:17 AM     0        27    0.00    0.00    0.00    0.00    0.00     3      0.00      0.00       0       0   0.00  cpuhp/3
02:48:17 AM     0        28    0.00    0.00    0.00    0.00    0.00     3      0.00      0.00       0       0   0.00  migration/3
02:48:17 AM     0        29    0.00    0.00    0.00    0.00    0.00     3      0.00      0.00       0       0   0.00  ksoftirqd/3
02:48:17 AM     0        32    0.00    0.00    0.00    0.00    0.00     4      0.00      0.00       0       0   0.00  cpuhp/4
02:48:17 AM     0        33    0.00    0.00    0.00    0.00    0.00     4      0.00      0.00       0       0   0.00  migration/4
02:48:17 AM     0        34    0.00    0.00    0.00    0.00    0.00     4      0.00      0.00       0       0   0.00  ksoftirqd/4
02:48:17 AM     0        36    0.00    0.00    0.00    0.00    0.00     4      0.00      0.00       0       0   0.00  kworker/4:0H-kblockd
02:48:17 AM     0        37    0.00    0.00    0.00    0.00    0.00     5      0.00      0.00       0       0   0.00  cpuhp/5
02:48:17 AM     0        38    0.00    0.00    0.00    0.00    0.00     5      0.00      0.00       0       0   0.00  migration/5
02:48:17 AM     0        39    0.00    0.00    0.00    0.00    0.00     5      0.00      0.00       0       0   0.00  ksoftirqd/5
02:48:17 AM     0        41    0.00    0.00    0.00    0.00    0.00     5      0.00      0.00       0       0   0.00  kworker/5:0H-kblockd
02:48:17 AM     0        42    0.00    0.00    0.00    0.00    0.00     6      0.00      0.00       0       0   0.00  cpuhp/6
02:48:17 AM     0        43    0.00    0.00    0.00    0.00    0.00     6      0.00      0.00       0       0   0.00  migration/6
02:48:17 AM     0        44    0.00    0.00    0.00    0.00    0.00     6      0.00      0.00       0       0   0.00  ksoftirqd/6
02:48:17 AM     0        46    0.00    0.00    0.00    0.00    0.00     6      0.00      0.00       0       0   0.00  kworker/6:0H-events_highpri
02:48:17 AM     0        47    0.00    0.00    0.00    0.00    0.00     7      0.00      0.00       0       0   0.00  cpuhp/7
02:48:17 AM     0        48    0.00    0.00    0.00    0.00    0.00     7      0.00      0.00       0       0   0.00  migration/7
02:48:17 AM     0        49    0.00    0.00    0.00    0.00    0.00     7      0.00      0.00       0       0   0.00  ksoftirqd/7
02:48:17 AM     0        50    0.00    0.00    0.00    0.00    0.00     0      0.00      0.00       0       0   0.00  kworker/7:0-rcu_gp
02:48:17 AM     0        51    0.00    0.00    0.00    0.00    0.00     7      0.00      0.00       0       0   0.00  kworker/7:0H-kblockd
02:48:17 AM     0        52    0.00    0.00    0.00    0.00    0.00     0      0.00      0.00       0       0   0.00  kdevtmpfs
02:48:17 AM     0        53    0.00    0.00    0.00    0.00    0.00     4      0.00      0.00       0       0   0.00  netns
02:48:17 AM     0        54    0.00    0.00    0.00    0.00    0.00     1      0.00      0.00       0       0   0.00  kauditd
02:48:17 AM     0        55    0.00    0.00    0.00    0.00    0.00     0      0.00      0.00       0       0   0.00  irq/87-mc_statu
02:48:17 AM     0        56    0.00    0.00    0.00    0.00    0.00     2      0.00      0.00       0       0   0.00  khungtaskd
02:48:17 AM     0        57    0.00    0.00    0.00    0.00    0.00     3      0.00      0.00       0       0   0.00  oom_reaper
02:48:17 AM     0        58    0.00    0.00    0.00    0.00    0.00     5      0.00      0.00       0       0   0.00  writeback
02:48:17 AM     0        59    0.00    0.00    0.00    0.00    0.00     3      0.00      0.00       0       0   0.00  kcompactd0
02:48:17 AM     0        60    0.00    0.00    0.00    0.00    0.00     1      0.00      0.00       0       0   0.00  ksmd
02:48:17 AM     0        61    0.00    0.00    0.00    0.00    0.00     1      0.00      0.00       0       0   0.00  khugepaged
02:48:17 AM     0        93    0.00    0.00    0.00    0.00    0.00     1      0.00      0.00       0       0   0.00  kintegrityd
02:48:17 AM     0        94    0.00    0.00    0.00    0.00    0.00     1      0.00      0.00       0       0   0.00  kblockd
02:48:17 AM     0        95    0.00    0.00    0.00    0.00    0.00     1      0.00      0.00       0       0   0.00  blkcg_punt_bio
02:48:17 AM     0        97    0.00    0.00    0.00    0.00    0.00     3      0.00      0.00       0       0   0.00  tpm_dev_wq
02:48:17 AM     0        98    0.00    0.00    0.00    0.00    0.00     0      0.00      0.00       0       0   0.00  irq/197-30c0000
02:48:17 AM     0        99    0.00    0.00    0.00    0.00    0.00     1      0.00      0.00       0       0   0.00  devfreq_wq
02:48:17 AM     0       100    0.00    0.00    0.00    0.00    0.00     1      0.00      0.00       0       0   0.00  watchdogd
02:48:17 AM     0       104    0.00    0.00    0.00    0.00    0.00     7      0.00      0.00       0       0   0.00  rpciod
02:48:17 AM     0       106    0.00    0.00    0.00    0.00    0.00     7      0.00      0.00       0       0   0.00  xprtiod
02:48:17 AM     0       108    0.00    0.00    0.00    0.00    0.00     7      0.00      0.00       0       0   0.00  kswapd0
02:48:17 AM     0       109    0.00    0.00    0.00    0.00    0.00     5      0.00      0.00       0       0   0.00  nfsiod
02:48:17 AM     0       112    0.00    0.00    0.00    0.00    0.00     1      0.00      0.00       0       0   0.00  kthrotld
02:48:17 AM     0       113    0.00    0.00    0.00    0.00    0.00     7      0.00      0.00       0       0   0.00  kpcitest
02:48:17 AM     0       116    0.00    0.00    0.00    0.00    0.00     5      0.00      0.00       0       0   0.00  kworker/5:1-events
02:48:17 AM     0       122    0.00    0.00    0.00    0.00    0.00     1      0.00      0.00       0       0   0.00  nvme-wq
02:48:17 AM     0       123    0.00    0.00    0.00    0.00    0.00     5      0.00      0.00       0       0   0.00  nvme-reset-wq
02:48:17 AM     0       124    0.00    0.00    0.00    0.00    0.00     6      0.00      0.00       0       0   0.00  nvme-delete-wq
02:48:17 AM     0       125    0.00    0.00    0.00    0.00    0.00     6      0.00      0.00       0       0   0.00  uas
02:48:17 AM     0       126    0.00    0.00    0.00    0.00    0.00     0      0.00      0.00       0       0   0.00  irq/222-tegra_r
02:48:17 AM     0       127    0.00    0.00    0.00    0.00    0.00     0      0.00      0.00       0       0   0.00  kworker/7:2-events
02:48:17 AM     0       129    0.00    0.00    0.00    0.00    0.00     0      0.00      0.00       0       0   0.00  irq/86-tegra-oc
02:48:17 AM     0       130    0.00    0.00    0.00    0.00    0.00     5      0.00      0.00       0       0   0.00  dm_bufio_cache
02:48:17 AM     0       131    0.00    0.00    0.00    0.00    0.00     0      0.00      0.00       0       0   0.00  irq/223-max7762
02:48:17 AM     0       140    0.00    0.00    0.00    0.00    0.00     0      0.00      0.00       0       0   0.00  irq/55-bc00000.
02:48:17 AM     0       143    0.00    0.00    0.00    0.00    0.00     0      0.00      0.00       0       0   0.00  ipv6_addrconf
02:48:17 AM     0       144    0.00    0.00    0.00    0.00    0.00     6      0.00      0.00       0       0   0.00  krfcommd
02:48:17 AM     0       145    0.00    0.00    0.00    0.00    0.00     0      0.00      0.00       0       0   0.00  kstrp
02:48:17 AM     0       150    0.00    0.00    0.00    0.00    0.00     0      0.00      0.00       0       0   0.00  irq/24-tegra-pc
02:48:17 AM     0       154    0.00    0.00    0.00    0.00    0.00     0      0.00      0.00       0       0   0.00  irq/26-tegra-pc
02:48:17 AM     0       160    0.00    0.00    0.00    0.00    0.00     0      0.00      0.00       0       0   0.00  irq/26-aerdrv
02:48:17 AM     0       161    0.00    0.00    0.00    0.00    0.00     0      0.00      0.00       0       0   0.00  irq/28-tegra-pc
02:48:17 AM     0       162    0.00    0.00    0.00    0.00    0.00     0      0.00      0.00       0       0   0.00  irq/28-aerdrv
02:48:17 AM     0       163    0.00    0.00    0.00    0.00    0.00     5      0.00      0.00       0       0   0.00  host_low_prio_w
02:48:17 AM     0       164    0.00    1.00    0.00    0.00    1.00     0      0.00      0.00       0       0   0.00  irq/57-host_syn
02:48:17 AM     0       165    0.00    0.00    0.00    0.00    0.00     0      0.00      0.00       0       0   0.00  irq/58-host_sta
02:48:17 AM     0       173    0.00    0.00    0.00    0.00    0.00     5      0.00      0.00       0       0   0.00  pva_task_status
02:48:17 AM     0       174    0.00    0.00    0.00    0.00    0.00     0      0.00      0.00       0       0   0.00  irq/75-pva-isr
02:48:17 AM     0       175    0.00    0.00    0.00    0.00    0.00     0      0.00      0.00       0       0   0.00  pva_task_status
02:48:17 AM     0       176    0.00    0.00    0.00    0.00    0.00     0      0.00      0.00       0       0   0.00  irq/76-pva-isr
02:48:17 AM     0       185    0.00    0.00    0.00    0.00    0.00     0      0.00      0.00       0       0   0.00  sdhci
02:48:17 AM     0       186    0.00    0.00    0.00    0.00    0.00     0      0.00      0.00       0       0   0.00  irq/39-mmc0
02:48:17 AM     0       187    0.00    0.00    0.00    0.00    0.00     2      0.00      0.00       0       0   0.00  sdhci
02:48:17 AM     0       189    0.00    0.00    0.00    0.00    0.00     0      0.00      0.00       0       0   0.00  irq/40-mmc1
02:48:17 AM     0       195    0.00    0.00    0.00    0.00    0.00     7      0.00      0.00       0       0   0.00  scsi_eh_0
02:48:17 AM     0       196    0.00    0.00    0.00    0.00    0.00     7      0.00      0.00       0       0   0.00  scsi_tmf_0
02:48:17 AM     0       197    0.00    0.00    0.00    0.00    0.00     0      0.00      0.00       0       0   0.00  kworker/5:2-events
02:48:17 AM     0       198    0.00    0.00    0.00    0.00    0.00     0      0.00      0.00       0       0   0.00  irq/67-15200000
02:48:17 AM     0       199    0.00    0.00    0.00    0.00    0.00     1      0.00      0.00       0       0   0.00  tegradc.0/a
02:48:17 AM     0       200    0.00    0.00    0.00    0.00    0.00     0      0.00      0.00       0       0   0.00  tegradc.0/b
02:48:17 AM     0       201    0.00    0.00    0.00    0.00    0.00     0      0.00      0.00       0       0   0.00  tegradc.0/c
02:48:17 AM     0       202    0.00    0.00    0.00    0.00    0.00     0      0.00      0.00       0       0   0.00  tegradc.0/d
02:48:17 AM     0       203    0.00    0.00    0.00    0.00    0.00     0      0.00      0.00       0       0   0.00  tegradc.0/e
02:48:17 AM     0       204    0.00    0.00    0.00    0.00    0.00     0      0.00      0.00       0       0   0.00  tegradc.0/f
02:48:17 AM     0       205    0.00    0.00    0.00    0.00    0.00     0      0.00      0.00       0       0   0.00  tegradc.0/sl
02:48:17 AM     0       206    0.00    0.00    0.00    0.00    0.00     0      0.00      0.00       0       0   0.00  irq/62-15200000
02:48:17 AM     0       207    0.00    0.00    0.00    0.00    0.00     0      0.00      0.00       0       0   0.00  irq/276-3400000
02:48:17 AM     0       208    0.00    0.00    0.00    0.00    0.00     0      0.00      0.00       0       0   0.00  ufs_eh_wq_0
02:48:17 AM     0       209    0.00    0.00    0.00    0.00    0.00     3      0.00      0.00       0       0   0.00  mmc_complete
02:48:17 AM     0       211    0.00    0.00    0.00    0.00    0.00     0      0.00      0.00       0       0   0.00  irq/278-1520000
02:48:17 AM     0       212    0.00    0.00    0.00    0.00    0.00     0      0.00      0.00       0       0   0.00  irq/203-3610000
02:48:17 AM     0       213    0.00    0.00    0.00    0.00    0.00     0      0.00      0.00       0       0   0.00  irq/221-3610000
02:48:17 AM     0       214    0.00    0.00    0.00    0.00    0.00     0      0.00      0.00       0       0   0.00  irq/30-tegra-pc
02:48:17 AM     0       216    0.00    0.00    0.00    0.00    0.00     0      0.00      0.00       0       0   0.00  kworker/4:3-events
02:48:17 AM     0       218    0.00    0.00    0.00    0.00    0.00     4      0.00      0.00       0       0   0.00  kworker/4:5-events
02:48:17 AM     0       221    0.00    0.00    0.00    0.00    0.00     0      0.00      0.00       0       0   0.00  kworker/6:12-events
02:48:17 AM     0       222    0.00    0.00    0.00    0.00    0.00     0      0.00      0.00       0       0   0.00  kworker/6:13-events
02:48:17 AM     0       225    0.00    0.00    0.00    0.00    0.00     0      0.00      0.00       0       0   0.00  irq/68-tegra_dp
02:48:17 AM     0       226    0.00    0.00    0.00    0.00    0.00     0      0.00      0.00       0       0   0.00  irq/65-15210000
02:48:17 AM     0       227    0.00    0.00    0.00    0.00    0.00     0      0.00      0.00       0       0   0.00  tegradc.1/a
02:48:17 AM     0       228    0.00    0.00    0.00    0.00    0.00     0      0.00      0.00       0       0   0.00  tegradc.1/b
02:48:17 AM     0       229    0.00    0.00    0.00    0.00    0.00     0      0.00      0.00       0       0   0.00  tegradc.1/c
02:48:17 AM     0       230    0.00    0.00    0.00    0.00    0.00     0      0.00      0.00       0       0   0.00  tegradc.1/d
02:48:17 AM     0       231    0.00    0.00    0.00    0.00    0.00     0      0.00      0.00       0       0   0.00  tegradc.1/e
02:48:17 AM     0       232    0.00    0.00    0.00    0.00    0.00     0      0.00      0.00       0       0   0.00  tegradc.1/f
02:48:17 AM     0       233    0.00    0.00    0.00    0.00    0.00     1      0.00      0.00       0       0   0.00  tegradc.1/sl
02:48:17 AM     0       234    0.00    0.00    0.00    0.00    0.00     0      0.00      0.00       0       0   0.00  irq/63-15210000
02:48:17 AM     0       249    0.00    0.00    0.00    0.00    0.00     0      0.00      0.00       0       0   0.00  irq/56-d230000.
02:48:17 AM     0       250    0.00    0.00    0.00    0.00    0.00     0      0.00      0.00       0       0   0.00  irq/69-tegra_dp
02:48:17 AM     0       251    0.00    0.00    0.00    0.00    0.00     0      0.00      0.00       0       0   0.00  irq/66-15220000
02:48:17 AM     0       252    0.00    0.00    0.00    0.00    0.00     0      0.00      0.00       0       0   0.00  tegradc.2/a
02:48:17 AM     0       253    0.00    0.00    0.00    0.00    0.00     0      0.00      0.00       0       0   0.00  tegradc.2/b
02:48:17 AM     0       254    0.00    0.00    0.00    0.00    0.00     0      0.00      0.00       0       0   0.00  tegradc.2/c
02:48:17 AM     0       255    0.00    0.00    0.00    0.00    0.00     0      0.00      0.00       0       0   0.00  tegradc.2/d
02:48:17 AM     0       256    0.00    0.00    0.00    0.00    0.00     0      0.00      0.00       0       0   0.00  tegradc.2/e
02:48:17 AM     0       257    0.00    0.00    0.00    0.00    0.00     0      0.00      0.00       0       0   0.00  tegradc.2/f
02:48:17 AM     0       258    0.00    0.00    0.00    0.00    0.00     0      0.00      0.00       0       0   0.00  tegradc.2/sl
02:48:17 AM     0       259    0.00    0.00    0.00    0.00    0.00     0      0.00      0.00       0       0   0.00  irq/64-15220000
02:48:17 AM     0       275    0.00    0.00    0.00    0.00    0.00     3      0.00      0.00       0       0   0.00  jbd2/mmcblk0p1-
02:48:17 AM     0       276    0.00    0.00    0.00    0.00    0.00     3      0.00      0.00       0       0   0.00  ext4-rsv-conver
02:48:17 AM     0       280    0.00    0.00    0.00    0.00    0.00     7      0.00      0.00       0       0   0.00  kworker/7:1H
02:48:17 AM     0       286    0.00    0.00    0.00    0.00    0.00     5      0.00      0.00       0       0   0.00  kworker/5:1H-kblockd
02:48:17 AM     0       312    0.00    0.00    0.00    0.00    0.00     2      0.00      0.00   61816   31808   0.10  systemd-journal
02:48:17 AM     0       338    0.00    4.00    0.00   19.00    4.00     2      0.00      0.00       0       0   0.00  nvmap-bz
02:48:17 AM     0       339    0.00    0.00    0.00    0.00    0.00     0      0.00      0.00       0       0   0.00  irq/204-gk20a_s
02:48:17 AM     0       340    0.00    0.00    0.00    0.00    0.00     0      0.00      0.00       0       0   0.00  irq/205-gk20a_n
02:48:17 AM     0       345    0.00    0.00    0.00    0.00    0.00     3      0.00      0.00    2776    1492   0.00  tee-supplicant
02:48:17 AM     0       347    0.00    0.00    0.00    0.00    0.00     3      0.00      0.00       0       0   0.00  optee_bus_scan
02:48:17 AM     0       358    0.00    0.00    0.00    0.00    0.00     3      0.00      0.00   22788    7532   0.02  systemd-udevd
02:48:17 AM     0       364    0.00    0.00    0.00    0.00    0.00     1      0.00      0.00    7948    4892   0.02  haveged
02:48:17 AM   126       365    0.00    0.00    0.00    0.00    0.00     3      0.00      0.00    7136    3108   0.01  rpcbind
02:48:17 AM   105       366    0.00    0.00    0.00    0.00    0.00     1      0.00      0.00   25592   13288   0.04  systemd-resolve
02:48:17 AM   103       367    0.00    0.00    0.00    0.00    0.00     1      0.00      0.00   90672    6220   0.02  systemd-timesyn
02:48:17 AM     0       407    0.00    0.00    0.00    0.00    0.00     5      0.00      0.00       0       0   0.00  cfg80211
02:48:17 AM     0       410    0.00    0.00    0.00    0.00    0.00     0      0.00      0.00       0       0   0.00  irq/42-3210000.
02:48:17 AM     0       412    0.00    0.00    0.00    0.00    0.00     2      0.00      0.00       0       0   0.00  spi0
02:48:17 AM     0       413    0.00   14.00    0.00    0.00   14.00     1      0.00      0.00       0       0   0.00  irq/282-iwlwifi
02:48:17 AM     0       416    0.00    0.00    0.00    0.00    0.00     4      0.00      0.00       0       0   0.00  ata_sff
02:48:17 AM     0       419    0.00    0.00    0.00    0.00    0.00     0      0.00      0.00       0       0   0.00  irq/43-c260000.
02:48:17 AM     0       420    0.00    0.00    0.00    0.00    0.00     6      0.00      0.00       0       0   0.00  scsi_eh_1
02:48:17 AM     0       422    0.00    0.00    0.00    0.00    0.00     6      0.00      0.00       0       0   0.00  scsi_tmf_1
02:48:17 AM     0       427    0.00    0.00    0.00    0.00    0.00     0      0.00      0.00       0       0   0.00  spi1
02:48:17 AM     0       430    0.00    0.00    0.00    0.00    0.00     3      0.00      0.00  242072    8880   0.03  accounts-daemon
02:48:17 AM   120       439    0.00    0.00    0.00    0.00    0.00     1      0.00      0.00    7084    3472   0.01  avahi-daemon
02:48:17 AM     0       441    0.00    0.00    0.00    0.00    0.00     3      0.00      0.00    9220    2516   0.01  cron
02:48:17 AM   106       443    0.00    0.00    0.00    0.00    0.00     2      0.00      0.00    9396    5264   0.02  dbus-daemon
02:48:17 AM     0       447    0.00    0.00    0.00    0.00    0.00     1      0.00      0.00  341244   20856   0.07  NetworkManager
02:48:17 AM     0       456    0.00    0.00    0.00    0.00    0.00     4      0.00      0.00   38300   19472   0.06  networkd-dispat
02:48:17 AM     0       473    0.00    0.00    0.00    0.00    0.00     2      0.00      0.00  238860   13352   0.04  polkitd
02:48:17 AM   125       483    0.00    0.00    0.00    0.00    0.00     3      0.00      0.00  220940    8288   0.03  rsyslogd
02:48:17 AM     0       503    0.00    0.00    0.00    0.00    0.00     2      0.00      0.00  235864    4364   0.01  switcheroo-cont
02:48:17 AM     0       514    0.00    0.00    0.00    0.00    0.00     2      0.00      0.00   17076    6760   0.02  systemd-logind
02:48:17 AM     0       523    0.00    0.00    0.00    0.00    0.00     1      0.00      0.00  395556   15676   0.05  udisksd
02:48:17 AM     0       528    0.00    0.00    0.00    0.00    0.00     0      0.00      0.00   12784    8052   0.03  wpa_supplicant
02:48:17 AM     0       548    0.00    0.00    0.00    0.00    0.00     0      0.00      0.00       0       0   0.00  sugov:0
02:48:17 AM   120       555    0.00    0.00    0.00    0.00    0.00     2      0.00      0.00    6896     324   0.00  avahi-daemon
02:48:17 AM     0       585    0.00    0.00    0.00    0.00    0.00     5      0.00      0.00       0       0   0.00  tmp451
02:48:17 AM     0       597    0.00    0.00    0.00    0.00    0.00     3      0.00      0.00       0       0   0.00  irq/286-1-0008
02:48:17 AM     0       600    0.00    0.00    0.00    0.00    0.00     2      0.00      0.00  321792   14480   0.05  ModemManager
02:48:17 AM     0       653    0.00    0.00    0.00    0.00    0.00     0      0.00      0.00    2476     604   0.00  nvfancontrol
02:48:17 AM     0       728    0.00    0.00    0.00    0.00    0.00     4      0.00      0.00       0       0   0.00  adspp_kthread
02:48:17 AM     0       779    0.00    0.00    0.00    0.00    0.00     6      0.00      0.00       0       0   0.00  kworker/6:2H-kblockd
02:48:17 AM     0       876    0.00    0.00    0.00    0.00    0.00     1      0.00      0.00       0       0   0.00  irq/289-2490000
02:48:17 AM     0       887    0.00    0.00    0.00    0.00    0.00     0      0.00      0.00       0       0   0.00  irq/32-eth0.com
02:48:17 AM     0       919    0.00    0.00    0.00    0.00    0.00     4      0.00      0.00       0       0   0.00  file-storage
02:48:17 AM     0       953    0.00    0.00    0.00    0.00    0.00     1      0.00      0.00       0       0   0.00  loop0
02:48:17 AM     0      1048    0.00    0.00    0.00    0.00    0.00     4      0.00      0.00       0       0   0.00  kworker/4:2H-kblockd
02:48:17 AM     0      1091    0.00    0.00    0.00    0.00    0.00     3      0.00      0.00       0       0   0.00  cryptd
02:48:17 AM     0      1147    0.00    0.00    0.00    0.00    0.00     2      0.00      0.00       0       0   0.00  sw-quiesce
02:48:17 AM     0      1148    0.00    0.00    0.00    0.00    0.00     3      0.00      0.00       0       0   0.00  nvgpu_channel_p
02:48:17 AM     0      1151    0.00    0.00    0.00    0.00    0.00     3      0.00      0.00       0       0   0.00  nvgpu_nvs_gv11b
02:48:17 AM     0      1153    0.00    0.00    0.00    0.00    0.00     0      0.00      0.00       0       0   0.00  nvgpu_pg_init_g
02:48:17 AM     0      1157    0.00    0.00    0.00    0.00    0.00     2      0.00      0.00       0       0   0.00  nvgpu_clk_arb_p
02:48:17 AM     0      1162    0.00    0.00    0.00    0.00    0.00     3      0.00      0.00       0       0   0.00  irq/288-rt5659
02:48:17 AM     0      1270    0.00    0.00    0.00    0.00    0.00     3      0.00      0.00   55688   11092   0.03  nvargus-daemon
02:48:17 AM     0      1273    0.00    0.00    0.00    0.00    0.00     3      0.00      0.00   21932    1552   0.00  nvs-service
02:48:17 AM     0      1298    0.00    0.00    0.00    0.00    0.00     1      0.00      0.00 2007972   50424   0.16  containerd
02:48:17 AM     0      1314    0.00    0.00    0.00    0.00    0.00     0      0.00      0.00  240032    7616   0.02  gdm3
02:48:17 AM   108      1326    0.00    0.00    0.00    0.00    0.00     2      0.00      0.00   11468    1896   0.01  kerneloops
02:48:17 AM     0      1327    0.00    0.00    0.00    0.00    0.00     3      0.00      0.00   12236    6576   0.02  sshd
02:48:17 AM     0      1336    0.00    0.00    0.00    0.00    0.00     0      0.00      0.00    7688    1876   0.01  agetty
02:48:17 AM     0      1337    0.00    0.00    0.00    0.00    0.00     2      0.00      0.00    7688    1904   0.01  agetty
02:48:17 AM   108      1339    0.00    0.00    0.00    0.00    0.00     0      0.00      0.00   11468    1820   0.01  kerneloops
02:48:17 AM     0      1340    0.00    0.00    0.00    0.00    0.00     3      0.00      0.00    9216    2824   0.01  nvgetty.sh
02:48:17 AM     0      1379    0.00    0.00    0.00    0.00    0.00     0      0.00      0.00    7688    1848   0.01  getty
02:48:17 AM     0      1554    0.00    0.00    0.00    0.00    0.00     2      0.00      0.00 2111796   85472   0.27  dockerd
02:48:17 AM     0      1677    0.00    0.00    0.00    0.00    0.00     1      0.00      0.00  168472    8256   0.03  gdm-session-wor
02:48:17 AM     0      1711    0.00    0.00    0.00    0.00    0.00     0      0.00      0.00    3248     808   0.00  nvphsd
02:48:17 AM     0      1716    0.00    0.00    0.00    0.00    0.00     3      0.00      0.00    3380    1788   0.01  nvphsd
02:48:17 AM   124      1789    0.00    0.00    0.00    0.00    0.00     3      0.00      0.00   19144    9224   0.03  systemd
02:48:17 AM   124      1804    0.00    0.00    0.00    0.00    0.00     3      0.00      0.00  104488    5436   0.02  (sd-pam)
02:48:17 AM   124      2014    0.00    0.00    0.00    0.00    0.00     0      0.00      0.00  961884   21984   0.07  pulseaudio
02:48:17 AM   124      2032    0.00    0.00    0.00    0.00    0.00     2      0.00      0.00  164156    5924   0.02  gdm-x-session
02:48:17 AM   124      2037    0.00    0.00    0.00    0.00    0.00     1      0.00      0.00 25330232   99256   0.31  Xorg
02:48:17 AM   118      2040    0.00    0.00    0.00    0.00    0.00     1      0.00      0.00  152516    2440   0.01  rtkit-daemon
02:48:17 AM   124      2162    0.00    0.00    0.00    0.00    0.00     2      0.00      0.00    7812    3448   0.01  dbus-daemon
02:48:17 AM   124      2428    0.00    0.00    0.00    0.00    0.00     0      0.00      0.00    4776    1164   0.00  dbus-run-sessio
02:48:17 AM   124      2429    0.00    0.00    0.00    0.00    0.00     2      0.00      0.00    8088    4104   0.01  dbus-daemon
02:48:17 AM   124      2438    0.00    0.00    0.00    0.00    0.00     2      0.00      0.00  559768   14932   0.05  gnome-session-b
02:48:17 AM     0      2457    0.00    0.00    0.00    0.00    0.00     2      0.00      0.00  101692   19628   0.06  jtop
02:48:17 AM   124      2463    0.00    0.00    0.00    0.00    0.00     3      0.00      0.00  309548   10092   0.03  at-spi-bus-laun
02:48:17 AM   124      2470    0.00    0.00    0.00    0.00    0.00     1      0.00      0.00    7676    3468   0.01  dbus-daemon
02:48:17 AM   124      2495    0.00    0.00    0.00    0.00    0.00     1      0.00      0.00 4022996  194908   0.61  gnome-shell
02:48:17 AM     0      2510    0.00    0.00    0.00    0.00    0.00     0      0.00      0.00  175424   16904   0.05  jtop
02:48:17 AM     0      2518    0.00    0.00    0.00    0.00    0.00     2      0.00      0.00  101692   17160   0.05  jtop
02:48:17 AM   124      2696    0.00    0.00    0.00    0.00    0.00     0      0.00      0.00  314420   11212   0.04  ibus-daemon
02:48:17 AM   124      2699    0.00    0.00    0.00    0.00    0.00     2      0.00      0.00  239960   11792   0.04  ibus-dconf
02:48:17 AM   124      2701    0.00    0.00    0.00    0.00    0.00     2      0.00      0.00  189920   16900   0.05  ibus-x11
02:48:17 AM   124      2704    0.00    0.00    0.00    0.00    0.00     3      0.00      0.00  239880    7776   0.02  ibus-portal
02:48:17 AM   124      2715    0.00    0.00    0.00    0.00    0.00     1      0.00      0.00  161420    6880   0.02  at-spi2-registr
02:48:17 AM   124      2719    0.00    0.00    0.00    0.00    0.00     3      0.00      0.00  235804    4672   0.01  xdg-permission-
02:48:17 AM     0      2725    0.00    0.00    0.00    0.00    0.00     3      0.00      0.00  252944    8776   0.03  upowerd
02:48:17 AM   124      2745    0.00    0.00    0.00    0.00    0.00     2      0.00      0.00 3001620   27244   0.09  gjs
02:48:17 AM   124      2764    0.00    0.00    0.00    0.00    0.00     3      0.00      0.00  469396   14236   0.04  gsd-sharing
02:48:17 AM   124      2765    0.00    0.00    0.00    0.00    0.00     1      0.00      0.00  334628   15072   0.05  gsd-wacom
02:48:17 AM   124      2768    0.00    0.00    0.00    0.00    0.00     2      0.00      0.00  571788   19844   0.06  gsd-color
02:48:17 AM   124      2772    0.00    0.00    0.00    0.00    0.00     3      0.00      0.00  338096   17824   0.06  gsd-keyboard
02:48:17 AM   124      2774    0.00    0.00    0.00    0.00    0.00     2      0.00      0.00  322508   11376   0.04  gsd-print-notif
02:48:17 AM   124      2779    0.00    0.00    0.00    0.00    0.00     3      0.00      0.00  166208    7736   0.02  ibus-engine-sim
02:48:17 AM   124      2780    0.00    0.00    0.00    0.00    0.00     1      0.00      0.00  457460    7996   0.03  gsd-rfkill
02:48:17 AM   124      2782    0.00    0.00    0.00    0.00    0.00     1      0.00      0.00  391976    9696   0.03  gsd-smartcard
02:48:17 AM   124      2784    0.00    0.00    0.00    0.00    0.00     2      0.00      0.00  374928   15372   0.05  gsd-datetime
02:48:17 AM   124      2790    0.00    0.00    0.00    0.00    0.00     3      0.00      0.00  679696   20032   0.06  gsd-media-keys
02:48:17 AM   124      2791    0.00    0.00    0.00    0.00    0.00     3      0.00      0.00  235772    5600   0.02  gsd-screensaver
02:48:17 AM   124      2793    0.00    0.00    0.00    0.00    0.00     3      0.00      0.00  320104    9452   0.03  gsd-sound
02:48:17 AM   124      2795    0.00    0.00    0.00    0.00    0.00     3      0.00      0.00  313652   10144   0.03  gsd-a11y-settin
02:48:17 AM   124      2799    0.00    0.00    0.00    0.00    0.00     2      0.00      0.00  313992   10540   0.03  gsd-housekeepin
02:48:17 AM   124      2802    0.00    0.00    0.00    0.00    0.00     1      0.00      0.00  339724   18828   0.06  gsd-power
02:48:17 AM   124      2824    0.00    0.00    0.00    0.00    0.00     2      0.00      0.00  342540   12784   0.04  gsd-printer
02:48:17 AM   119      2837    0.00    0.00    0.00    0.00    0.00     2      0.00      0.00  249328   17548   0.06  colord
02:48:17 AM     0     29120    0.00    0.00    0.00    0.00    0.00     3      0.00      0.00       0       0   0.00  kworker/u17:2
02:48:17 AM     0     33852    0.00    0.00    0.00    0.00    0.00     1      0.00      0.00       0       0   0.00  kworker/1:0H-kblockd
02:48:17 AM     0     35048    0.00    0.00    0.00    0.00    0.00     0      0.00      0.00       0       0   0.00  kworker/u17:0-thermal_fan_est
02:48:17 AM  1000     39960    0.00    0.00    0.00    0.00    0.00     2      0.00      0.00   19248    9208   0.03  systemd
02:48:17 AM  1000     39961    0.00    0.00    0.00    0.00    0.00     2      0.00      0.00  170940    6304   0.02  (sd-pam)
02:48:17 AM  1000     40037    0.00    0.00    0.00    0.00    0.00     3      0.00      0.00    7812    3952   0.01  dbus-daemon
02:48:17 AM     0     40147    0.00    0.00    0.00    0.00    0.00     1      0.00      0.00       0       0   0.00  kworker/1:0-events
02:48:17 AM     0     40174    0.00    0.00    0.00    0.00    0.00     2      0.00      0.00       0       0   0.00  kworker/2:2H-kblockd
02:48:17 AM     0     40194    0.00    0.00    0.00    0.00    0.00     3      0.00      0.00       0       0   0.00  kworker/3:0H-kblockd
02:48:17 AM     0     41650    0.00    0.00    0.00    0.00    0.00     3      0.00      0.00       0       0   0.00  kworker/3:0-events
02:48:17 AM     0     43913    0.00    0.00    0.00    0.00    0.00     2      0.00      0.00   14768    7560   0.02  sshd
02:48:17 AM  1000     43958    0.00    0.00    0.00    0.00    0.00     0      0.00      0.00   15292    6400   0.02  sshd
02:48:17 AM  1000     43959    0.00    0.00    0.00    0.00    0.00     1      0.00      0.00   11344    5444   0.02  bash
02:48:17 AM     0     50050    0.00    0.00    0.00    0.00    0.00     2      0.00      0.00   14768    7572   0.02  sshd
02:48:17 AM  1000     50094    0.00    0.00    0.00    0.00    0.00     3      0.00      0.00   15292    6428   0.02  sshd
02:48:17 AM  1000     50095    0.00    0.00    0.00    0.00    0.00     2      0.00      0.00   11344    5448   0.02  bash
02:48:17 AM     0     81462    0.00    0.00    0.00    0.00    0.00     2      0.00      0.00       0       0   0.00  kworker/2:2-mm_percpu_wq
02:48:17 AM     0     81478    0.00    0.00    0.00    0.00    0.00     0      0.00      0.00       0       0   0.00  kworker/0:1H-kblockd
02:48:17 AM  1000     84840    0.00    0.00    0.00    0.00    0.00     3      0.00      0.00  240176   10088   0.03  gnome-keyring-d
02:48:17 AM   124     84900    0.00    0.00    0.00    0.00    0.00     1      0.00      0.00  156240    4584   0.01  dconf-service
02:48:17 AM     0     85427    0.00    0.00    0.00    0.00    0.00     0      0.00      0.00       0       0   0.00  kworker/0:2-events
02:48:17 AM     0     86310    0.00    1.00    0.00    0.00    1.00     0      0.00      0.00       0       0   0.00  kworker/u16:1-events_unbound
02:48:17 AM     0     86312    0.00    0.00    0.00    0.00    0.00     3      0.00      0.00   14768    7564   0.02  sshd
02:48:17 AM  1000     86356    0.00    0.00    0.00    0.00    0.00     0      0.00      0.00   15292    6380   0.02  sshd
02:48:17 AM  1000     86357    0.00    0.00    0.00    0.00    0.00     1      0.00      0.00   11344    5440   0.02  bash
02:48:17 AM     0     86549    0.00    0.00    0.00    0.00    0.00     2      0.00      0.00   14768    7664   0.02  sshd
02:48:17 AM  1000     86593    1.00    3.00    0.00    3.00    4.00     2      0.00      0.00   15292    6480   0.02  sshd
02:48:17 AM  1000     86594    0.00    0.00    0.00    0.00    0.00     2      0.00      0.00   11860    5896   0.02  bash
02:48:17 AM     0     86632    0.00    0.00    0.00    0.00    0.00     3      0.00      0.00       0       0   0.00  kworker/3:2
02:48:17 AM     0     87290    0.00    0.00    0.00    0.00    0.00     0      0.00      0.00   14768    7584   0.02  sshd
02:48:17 AM  1000     87334    0.00    0.00    0.00    0.00    0.00     0      0.00      0.00   15292    6412   0.02  sshd
02:48:17 AM  1000     87335    0.00    0.00    0.00    0.00    0.00     2      0.00      0.00   11344    5436   0.02  bash
02:48:17 AM     0     89981    0.00    0.00    0.00    0.00    0.00     1      0.00      0.00       0       0   0.00  kworker/1:1-events
02:48:17 AM     0     95050    0.00    0.00    0.00    0.00    0.00     2      0.00      0.00       0       0   0.00  kworker/2:0-events
02:48:17 AM     0     96173    0.00    0.00    0.00    0.00    0.00     1      0.00      0.00       0       0   0.00  kworker/1:2-events
02:48:17 AM     0     99494    0.00    0.00    0.00    0.00    0.00     0      0.00      0.00       0       0   0.00  kworker/u16:3-events_unbound
02:48:17 AM     0    107801    0.00    0.00    0.00    0.00    0.00     1      0.00      0.00       0       0   0.00  kworker/1:2H
02:48:17 AM     0    122883    0.00    0.00    0.00    0.00    0.00     2      0.00      0.00       0       0   0.00  kworker/u16:2-events_unbound
02:48:17 AM     0    123203    0.00    0.00    0.00    0.00    0.00     3      0.00      0.00       0       0   0.00  kworker/3:2H
02:48:17 AM     0    124025    0.00    0.00    0.00    0.00    0.00     2      0.00      0.00       0       0   0.00  kworker/2:0H
02:48:17 AM     0    130503    0.00    0.00    0.00    0.00    0.00     0      0.00      0.00       0       0   0.00  kworker/0:0H
02:48:17 AM     0    130577    0.00    0.00    0.00    0.00    0.00     0      0.00      0.00       0       0   0.00  kworker/0:1-events
02:48:17 AM     0    130584    0.00    0.00    0.00    0.00    0.00     2      0.00      0.00   14768    7576   0.02  sshd
02:48:17 AM  1000    130628    1.00    1.00    0.00    1.00    2.00     1      0.00      0.00   16676    7816   0.02  sshd
02:48:17 AM  1000    130629    0.00    0.00    0.00    0.00    0.00     3      0.00      0.00   11344    5436   0.02  bash
02:48:17 AM  1000    130765    1.00    0.00    0.00    0.00    1.00     3      0.00      0.00  283948   43148   0.14  roslaunch
02:48:17 AM  1000    130773    0.00    1.00    0.00    0.00    1.00     0      0.00      0.00  797980   45684   0.14  rosmaster
02:48:17 AM  1000    130783    0.00    0.00    0.00    0.00    0.00     0      0.00      0.00  274964   10152   0.03  rosout
02:48:17 AM  1000    130790   68.00   82.00    0.00   15.00  150.00     3      0.00      0.00 34790064  712520   2.25  scale_truck_con
02:48:17 AM  1000    130791   27.00   61.00    0.00    0.00   88.00     1      0.00      0.00 1571432  113560   0.36  LRC
02:48:17 AM  1000    130854    7.00    7.00    0.00    0.00   14.00     2      0.00      0.00  724884   75168   0.24  python3
02:48:17 AM     0    131985    0.00    0.00    0.00    0.00    0.00     2      0.00      0.00       0       0   0.00  kworker/2:1H
02:48:17 AM     0    132214    0.00    0.00    0.00    0.00    0.00     1      0.00      0.00       0       0   0.00  kworker/1:1H
02:48:17 AM     0    133801    0.00    0.00    0.00    0.00    0.00     0      0.00      0.00       0       0   0.00  kworker/0:0-events
02:48:17 AM     0    137289    0.00    0.00    0.00    0.00    0.00     1      0.00      0.00       0       0   0.00  kworker/1:3-pm
02:48:17 AM     0    139165    0.00    0.00    0.00    0.00    0.00     0      0.00      0.00       0       0   0.00  kworker/0:2H
02:48:17 AM     0    139402    0.00    0.00    0.00    0.00    0.00     1      0.00      0.00       0       0   0.00  kworker/u16:0-events_unbound
02:48:17 AM     0    142495    0.00    0.00    0.00    0.00    0.00     1      0.00      0.00       0       0   0.00  kworker/1:4-pm
02:48:17 AM  1000    144270    0.00    0.00    0.00    0.00    0.00     0      0.00      0.00    7828     552   0.00  timeout
02:48:17 AM  1000    144271    0.00    0.00    0.00    0.00    0.00     0      0.00      0.00   68712   43156   0.14  rosbag
02:48:17 AM  1000    144272    0.00    0.00    0.00    0.00    0.00     2      0.00      0.00    9208    3300   0.01  bash
02:48:17 AM  1000    144520    0.00    0.00    0.00    0.00    0.00     3      0.00      0.00   68692   42744   0.13  rosbag
02:48:17 AM  1000    144531   13.00   27.00    0.00    0.00   40.00     2     20.00      0.00 1172912   23356   0.07  record
02:48:17 AM  1000    144614    6.00   11.00    0.00   11.00   17.00     2      0.00      0.00   17812    9560   0.03  pidstat
02:48:17 AM  1000    144684    3.00    7.00    0.00    4.00   10.00     0      0.00      0.00  365376   26976   0.09  play

# Time        UID       PID    %usr %system  %guest   %wait    %CPU   CPU  minflt/s  majflt/s     VSZ     RSS   %MEM  Command
02:48:18 AM     0         1    0.00    0.00    0.00    0.00    0.00     1      0.00      0.00  169880   11540   0.04  systemd
02:48:18 AM     0         2    0.00    0.00    0.00    0.00    0.00     1      0.00      0.00       0       0   0.00  kthreadd
02:48:18 AM     0         3    0.00    0.00    0.00    0.00    0.00     0      0.00      0.00       0       0   0.00  rcu_gp
02:48:18 AM     0         4    0.00    0.00    0.00    0.00    0.00     0      0.00      0.00       0       0   0.00  rcu_par_gp
02:48:18 AM     0         8    0.00    0.00    0.00    0.00    0.00     0      0.00      0.00       0       0   0.00  mm_percpu_wq
02:48:18 AM     0         9    0.00    0.00    0.00    0.00    0.00     0      0.00      0.00       0       0   0.00  rcu_tasks_kthre
02:48:18 AM     0        10    0.00    0.00    0.00    0.00    0.00     0      0.00      0.00       0       0   0.00  rcu_tasks_rude_
02:48:18 AM     0        11    0.00    0.00    0.00    0.00    0.00     0      0.00      0.00       0       0   0.00  rcu_tasks_trace
02:48:18 AM     0        12    0.00    0.00    0.00    0.00    0.00     0      0.00      0.00       0       0   0.00  ksoftirqd/0
02:48:18 AM     0        13    0.00    0.00    0.00    1.00    0.00     3      0.00      0.00       0       0   0.00  rcu_preempt
02:48:18 AM     0        14    0.00    0.00    0.00    0.00    0.00     0      0.00      0.00       0       0   0.00  migration/0
02:48:18 AM     0        16    0.00    0.00    0.00    0.00    0.00     0      0.00      0.00       0       0   0.00  cpuhp/0
02:48:18 AM     0        17    0.00    0.00    0.00    0.00    0.00     1      0.00      0.00       0       0   0.00  cpuhp/1
02:48:18 AM     0        18    0.00    0.00    0.00    0.00    0.00     1      0.00      0.00       0       0   0.00  migration/1
02:48:18 AM     0        19    0.00    0.00    0.00    0.00    0.00     1      0.00      0.00       0       0   0.00  ksoftirqd/1
02:48:18 AM     0        22    0.00    0.00    0.00    0.00    0.00     2      0.00      0.00       0       0   0.00  cpuhp/2
02:48:18 AM     0        23    0.00    0.00    0.00    0.00    0.00     2      0.00      0.00       0       0   0.00  migration/2
02:48:18 AM     0        24    0.00    0.00    0.00    1.00    0.00     2      0.00      0.00       0       0   0.00  ksoftirqd/2
02:48:18 AM     0        27    0.00    0.00    0.00    0.00    0.00     3      0.00      0.00       0       0   0.00  cpuhp/3
02:48:18 AM     0        28    0.00    0.00    0.00    0.00    0.00     3      0.00      0.00       0       0   0.00  migration/3
02:48:18 AM     0        29    0.00    0.00    0.00    0.00    0.00     3      0.00      0.00       0       0   0.00  ksoftirqd/3
02:48:18 AM     0        32    0.00    0.00    0.00    0.00    0.00     4      0.00      0.00       0       0   0.00  cpuhp/4
02:48:18 AM     0        33    0.00    0.00    0.00    0.00    0.00     4      0.00      0.00       0       0   0.00  migration/4
02:48:18 AM     0        34    0.00    0.00    0.00    0.00    0.00     4      0.00      0.00       0       0   0.00  ksoftirqd/4
02:48:18 AM     0        36    0.00    0.00    0.00    0.00    0.00     4      0.00      0.00       0       0   0.00  kworker/4:0H-kblockd
02:48:18 AM     0        37    0.00    0.00    0.00    0.00    0.00     5      0.00      0.00       0       0   0.00  cpuhp/5
02:48:18 AM     0        38    0.00    0.00    0.00    0.00    0.00     5      0.00      0.00       0       0   0.00  migration/5
02:48:18 AM     0        39    0.00    0.00    0.00    0.00    0.00     5      0.00      0.00       0       0   0.00  ksoftirqd/5
02:48:18 AM     0        41    0.00    0.00    0.00    0.00    0.00     5      0.00      0.00       0       0   0.00  kworker/5:0H-kblockd
02:48:18 AM     0        42    0.00    0.00    0.00    0.00    0.00     6      0.00      0.00       0       0   0.00  cpuhp/6
02:48:18 AM     0        43    0.00    0.00    0.00    0.00    0.00     6      0.00      0.00       0       0   0.00  migration/6
02:48:18 AM     0        44    0.00    0.00    0.00    0.00    0.00     6      0.00      0.00       0       0   0.00  ksoftirqd/6
02:48:18 AM     0        46    0.00    0.00    0.00    0.00    0.00     6      0.00      0.00       0       0   0.00  kworker/6:0H-events_highpri
02:48:18 AM     0        47    0.00    0.00    0.00    0.00    0.00     7      0.00      0.00       0       0   0.00  cpuhp/7
02:48:18 AM     0        48    0.00    0.00    0.00    0.00    0.00     7      0.00      0.00       0       0   0.00  migration/7
02:48:18 AM     0        49    0.00    0.00    0.00    0.00    0.00     7      0.00      0.00       0       0   0.00  ksoftirqd/7
02:48:18 AM     0        50    0.00    0.00    0.00    0.00    0.00     0      0.00      0.00       0       0   0.00  kworker/7:0-rcu_gp
02:48:18 AM     0        51    0.00    0.00    0.00    0.00    0.00     7      0.00      0.00       0       0   0.00  kworker/7:0H-kblockd
02:48:18 AM     0        52    0.00    0.00    0.00    0.00    0.00     0      0.00      0.00       0       0   0.00  kdevtmpfs
02:48:18 AM     0        53    0.00    0.00    0.00    0.00    0.00     4      0.00      0.00       0       0   0.00  netns
02:48:18 AM     0        54    0.00    0.00    0.00    0.00    0.00     1      0.00      0.00       0       0   0.00  kauditd
02:48:18 AM     0        55    0.00    0.00    0.00    0.00    0.00     0      0.00      0.00       0       0   0.00  irq/87-mc_statu
02:48:18 AM     0        56    0.00    0.00    0.00    0.00    0.00     2      0.00      0.00       0       0   0.00  khungtaskd
02:48:18 AM     0        57    0.00    0.00    0.00    0.00    0.00     3      0.00      0.00       0       0   0.00  oom_reaper
02:48:18 AM     0        58    0.00    0.00    0.00    0.00    0.00     5      0.00      0.00       0       0   0.00  writeback
02:48:18 AM     0        59    0.00    0.00    0.00    0.00    0.00     3      0.00      0.00       0       0   0.00  kcompactd0
02:48:18 AM     0        60    0.00    0.00    0.00    0.00    0.00     1      0.00      0.00       0       0   0.00  ksmd
02:48:18 AM     0        61    0.00    0.00    0.00    0.00    0.00     1      0.00      0.00       0       0   0.00  khugepaged
02:48:18 AM     0        93    0.00    0.00    0.00    0.00    0.00     1      0.00      0.00       0       0   0.00  kintegrityd
02:48:18 AM     0        94    0.00    0.00    0.00    0.00    0.00     1      0.00      0.00       0       0   0.00  kblockd
02:48:18 AM     0        95    0.00    0.00    0.00    0.00    0.00     1      0.00      0.00       0       0   0.00  blkcg_punt_bio
02:48:18 AM     0        97    0.00    0.00    0.00    0.00    0.00     3      0.00      0.00       0       0   0.00  tpm_dev_wq
02:48:18 AM     0        98    0.00    0.00    0.00    0.00    0.00     0      0.00      0.00       0       0   0.00  irq/197-30c0000
02:48:18 AM     0        99    0.00    0.00    0.00    0.00    0.00     1      0.00      0.00       0       0   0.00  devfreq_wq
02:48:18 AM     0       100    0.00    0.00    0.00    0.00    0.00     1      0.00      0.00       0       0   0.00  watchdogd
02:48:18 AM     0       104    0.00    0.00    0.00    0.00    0.00     7      0.00      0.00       0       0   0.00  rpciod
02:48:18 AM     0       106    0.00    0.00    0.00    0.00    0.00     7      0.00      0.00       0       0   0.00  xprtiod
02:48:18 AM     0       108    0.00    0.00    0.00    0.00    0.00     7      0.00      0.00       0       0   0.00  kswapd0
02:48:18 AM     0       109    0.00    0.00    0.00    0.00    0.00     5      0.00      0.00       0       0   0.00  nfsiod
02:48:18 AM     0       112    0.00    0.00    0.00    0.00    0.00     1      0.00      0.00       0       0   0.00  kthrotld
02:48:18 AM     0       113    0.00    0.00    0.00    0.00    0.00     7      0.00      0.00       0       0   0.00  kpcitest
02:48:18 AM     0       116    0.00    0.00    0.00    0.00    0.00     5      0.00      0.00       0       0   0.00  kworker/5:1-events
02:48:18 AM     0       122    0.00    0.00    0.00    0.00    0.00     1      0.00      0.00       0       0   0.00  nvme-wq
02:48:18 AM     0       123    0.00    0.00    0.00    0.00    0.00     5      0.00      0.00       0       0   0.00  nvme-reset-wq
02:48:18 AM     0       124    0.00    0.00    0.00    0.00    0.00     6      0.00      0.00       0       0   0.00  nvme-delete-wq
02:48:18 AM     0       125    0.00    0.00    0.00    0.00    0.00     6      0.00      0.00       0       0   0.00  uas
02:48:18 AM     0       126    0.00    0.00    0.00    0.00    0.00     0      0.00      0.00       0       0   0.00  irq/222-tegra_r
02:48:18 AM     0       127    0.00    0.00    0.00    0.00    0.00     0      0.00      0.00       0       0   0.00  kworker/7:2-events
02:48:18 AM     0       129    0.00    0.00    0.00    0.00    0.00     0      0.00      0.00       0       0   0.00  irq/86-tegra-oc
02:48:18 AM     0       130    0.00    0.00    0.00    0.00    0.00     5      0.00      0.00       0       0   0.00  dm_bufio_cache
02:48:18 AM     0       131    0.00    0.00    0.00    0.00    0.00     0      0.00      0.00       0       0   0.00  irq/223-max7762
02:48:18 AM     0       140    0.00    0.00    0.00    0.00    0.00     0      0.00      0.00       0       0   0.00  irq/55-bc00000.
02:48:18 AM     0       143    0.00    0.00    0.00    0.00    0.00     0      0.00      0.00       0       0   0.00  ipv6_addrconf
02:48:18 AM     0       144    0.00    0.00    0.00    0.00    0.00     6      0.00      0.00       0       0   0.00  krfcommd
02:48:18 AM     0       145    0.00    0.00    0.00    0.00    0.00     0      0.00      0.00       0       0   0.00  kstrp
02:48:18 AM     0       150    0.00    0.00    0.00    0.00    0.00     0      0.00      0.00       0       0   0.00  irq/24-tegra-pc
02:48:18 AM     0       154    0.00    0.00    0.00    0.00    0.00     0      0.00      0.00       0       0   0.00  irq/26-tegra-pc
02:48:18 AM     0       160    0.00    0.00    0.00    0.00    0.00     0      0.00      0.00       0       0   0.00  irq/26-aerdrv
02:48:18 AM     0       161    0.00    0.00    0.00    0.00    0.00     0      0.00      0.00       0       0   0.00  irq/28-tegra-pc
02:48:18 AM     0       162    0.00    0.00    0.00    0.00    0.00     0      0.00      0.00       0       0   0.00  irq/28-aerdrv
02:48:18 AM     0       163    0.00    0.00    0.00    0.00    0.00     5      0.00      0.00       0       0   0.00  host_low_prio_w
02:48:18 AM     0       164    0.00    0.00    0.00    0.00    0.00     0      0.00      0.00       0       0   0.00  irq/57-host_syn
02:48:18 AM     0       165    0.00    0.00    0.00    0.00    0.00     0      0.00      0.00       0       0   0.00  irq/58-host_sta
02:48:18 AM     0       173    0.00    0.00    0.00    0.00    0.00     5      0.00      0.00       0       0   0.00  pva_task_status
02:48:18 AM     0       174    0.00    0.00    0.00    0.00    0.00     0      0.00      0.00       0       0   0.00  irq/75-pva-isr
02:48:18 AM     0       175    0.00    0.00    0.00    0.00    0.00     0      0.00      0.00       0       0   0.00  pva_task_status
02:48:18 AM     0       176    0.00    0.00    0.00    0.00    0.00     0      0.00      0.00       0       0   0.00  irq/76-pva-isr
02:48:18 AM     0       185    0.00    0.00    0.00    0.00    0.00     0      0.00      0.00       0       0   0.00  sdhci
02:48:18 AM     0       186    0.00    0.00    0.00    0.00    0.00     0      0.00      0.00       0       0   0.00  irq/39-mmc0
02:48:18 AM     0       187    0.00    0.00    0.00    0.00    0.00     2      0.00      0.00       0       0   0.00  sdhci
02:48:18 AM     0       189    0.00    0.00    0.00    0.00    0.00     0      0.00      0.00       0       0   0.00  irq/40-mmc1
02:48:18 AM     0       195    0.00    0.00    0.00    0.00    0.00     7      0.00      0.00       0       0   0.00  scsi_eh_0
02:48:18 AM     0       196    0.00    0.00    0.00    0.00    0.00     7      0.00      0.00       0       0   0.00  scsi_tmf_0
02:48:18 AM     0       197    0.00    0.00    0.00    0.00    0.00     0      0.00      0.00       0       0   0.00  kworker/5:2-events
02:48:18 AM     0       198    0.00    0.00    0.00    0.00    0.00     0      0.00      0.00       0       0   0.00  irq/67-15200000
02:48:18 AM     0       199    0.00    0.00    0.00    0.00    0.00     1      0.00      0.00       0       0   0.00  tegradc.0/a
02:48:18 AM     0       200    0.00    0.00    0.00    0.00    0.00     0      0.00      0.00       0       0   0.00  tegradc.0/b
02:48:18 AM     0       201    0.00    0.00    0.00    0.00    0.00     0      0.00      0.00       0       0   0.00  tegradc.0/c
02:48:18 AM     0       202    0.00    0.00    0.00    0.00    0.00     0      0.00      0.00       0       0   0.00  tegradc.0/d
02:48:18 AM     0       203    0.00    0.00    0.00    0.00    0.00     0      0.00      0.00       0       0   0.00  tegradc.0/e
02:48:18 AM     0       204    0.00    0.00    0.00    0.00    0.00     0      0.00      0.00       0       0   0.00  tegradc.0/f
02:48:18 AM     0       205    0.00    0.00    0.00    0.00    0.00     0      0.00      0.00       0       0   0.00  tegradc.0/sl
02:48:18 AM     0       206    0.00    0.00    0.00    0.00    0.00     0      0.00      0.00       0       0   0.00  irq/62-15200000
02:48:18 AM     0       207    0.00    0.00    0.00    0.00    0.00     0      0.00      0.00       0       0   0.00  irq/276-3400000
02:48:18 AM     0       208    0.00    0.00    0.00    0.00    0.00     0      0.00      0.00       0       0   0.00  ufs_eh_wq_0
02:48:18 AM     0       209    0.00    0.00    0.00    0.00    0.00     3      0.00      0.00       0       0   0.00  mmc_complete
02:48:18 AM     0       211    0.00    0.00    0.00    0.00    0.00     0      0.00      0.00       0       0   0.00  irq/278-1520000
02:48:18 AM     0       212    0.00    0.00    0.00    0.00    0.00     0      0.00      0.00       0       0   0.00  irq/203-3610000
02:48:18 AM     0       213    0.00    0.00    0.00    0.00    0.00     0      0.00      0.00       0       0   0.00  irq/221-3610000
02:48:18 AM     0       214    0.00    0.00    0.00    0.00    0.00     0      0.00      0.00       0       0   0.00  irq/30-tegra-pc
02:48:18 AM     0       216    0.00    0.00    0.00    0.00    0.00     0      0.00      0.00       0       0   0.00  kworker/4:3-events
02:48:18 AM     0       218    0.00    0.00    0.00    0.00    0.00     4      0.00      0.00       0       0   0.00  kworker/4:5-events
02:48:18 AM     0       221    0.00    0.00    0.00    0.00    0.00     0      0.00      0.00       0       0   0.00  kworker/6:12-events
02:48:18 AM     0       222    0.00    0.00    0.00    0.00    0.00     0      0.00      0.00       0       0   0.00  kworker/6:13-events
02:48:18 AM     0       225    0.00    0.00    0.00    0.00    0.00     0      0.00      0.00       0       0   0.00  irq/68-tegra_dp
02:48:18 AM     0       226    0.00    0.00    0.00    0.00    0.00     0      0.00      0.00       0       0   0.00  irq/65-15210000
02:48:18 AM     0       227    0.00    0.00    0.00    0.00    0.00     0      0.00      0.00       0       0   0.00  tegradc.1/a
02:48:18 AM     0       228    0.00    0.00    0.00    0.00    0.00     0      0.00      0.00       0       0   0.00  tegradc.1/b
02:48:18 AM     0       229    0.00    0.00    0.00    0.00    0.00     0      0.00      0.00       0       0   0.00  tegradc.1/c
02:48:18 AM     0       230    0.00    0.00    0.00    0.00    0.00     0      0.00      0.00       0       0   0.00  tegradc.1/d
02:48:18 AM     0       231    0.00    0.00    0.00    0.00    0.00     0      0.00      0.00       0       0   0.00  tegradc.1/e
02:48:18 AM     0       232    0.00    0.00    0.00    0.00    0.00     0      0.00      0.00       0       0   0.00  tegradc.1/f
02:48:18 AM     0       233    0.00    0.00    0.00    0.00    0.00     1      0.00      0.00       0       0   0.00  tegradc.1/sl
02:48:18 AM     0       234    0.00    0.00    0.00    0.00    0.00     0      0.00      0.00       0       0   0.00  irq/63-15210000
02:48:18 AM     0       249    0.00    0.00    0.00    0.00    0.00     0      0.00      0.00       0       0   0.00  irq/56-d230000.
02:48:18 AM     0       250    0.00    0.00    0.00    0.00    0.00     0      0.00      0.00       0       0   0.00  irq/69-tegra_dp
02:48:18 AM     0       251    0.00    0.00    0.00    0.00    0.00     0      0.00      0.00       0       0   0.00  irq/66-15220000
02:48:18 AM     0       252    0.00    0.00    0.00    0.00    0.00     0      0.00      0.00       0       0   0.00  tegradc.2/a
02:48:18 AM     0       253    0.00    0.00    0.00    0.00    0.00     0      0.00      0.00       0       0   0.00  tegradc.2/b
02:48:18 AM     0       254    0.00    0.00    0.00    0.00    0.00     0      0.00      0.00       0       0   0.00  tegradc.2/c
02:48:18 AM     0       255    0.00    0.00    0.00    0.00    0.00     0      0.00      0.00       0       0   0.00  tegradc.2/d
02:48:18 AM     0       256    0.00    0.00    0.00    0.00    0.00     0      0.00      0.00       0       0   0.00  tegradc.2/e
02:48:18 AM     0       257    0.00    0.00    0.00    0.00    0.00     0      0.00      0.00       0       0   0.00  tegradc.2/f
02:48:18 AM     0       258    0.00    0.00    0.00    0.00    0.00     0      0.00      0.00       0       0   0.00  tegradc.2/sl
02:48:18 AM     0       259    0.00    0.00    0.00    0.00    0.00     0      0.00      0.00       0       0   0.00  irq/64-15220000
02:48:18 AM     0       275    0.00    0.00    0.00    0.00    0.00     3      0.00      0.00       0       0   0.00  jbd2/mmcblk0p1-
02:48:18 AM     0       276    0.00    0.00    0.00    0.00    0.00     3      0.00      0.00       0       0   0.00  ext4-rsv-conver
02:48:18 AM     0       280    0.00    0.00    0.00    0.00    0.00     7      0.00      0.00       0       0   0.00  kworker/7:1H
02:48:18 AM     0       286    0.00    0.00    0.00    0.00    0.00     5      0.00      0.00       0       0   0.00  kworker/5:1H-kblockd
02:48:18 AM     0       312    0.00    0.00    0.00    0.00    0.00     2      0.00      0.00   61816   31808   0.10  systemd-journal
02:48:18 AM     0       338    0.00    4.00    0.00   19.00    4.00     1      0.00      0.00       0       0   0.00  nvmap-bz
02:48:18 AM     0       339    0.00    0.00    0.00    0.00    0.00     0      0.00      0.00       0       0   0.00  irq/204-gk20a_s
02:48:18 AM     0       340    0.00    0.00    0.00    0.00    0.00     0      0.00      0.00       0       0   0.00  irq/205-gk20a_n
02:48:18 AM     0       345    0.00    0.00    0.00    0.00    0.00     3      0.00      0.00    2776    1492   0.00  tee-supplicant
02:48:18 AM     0       347    0.00    0.00    0.00    0.00    0.00     3      0.00      0.00       0       0   0.00  optee_bus_scan
02:48:18 AM     0       358    0.00    0.00    0.00    0.00    0.00     3      0.00      0.00   22788    7532   0.02  systemd-udevd
02:48:18 AM     0       364    0.00    0.00    0.00    0.00    0.00     1      0.00      0.00    7948    4892   0.02  haveged
02:48:18 AM   126       365    0.00    0.00    0.00    0.00    0.00     3      0.00      0.00    7136    3108   0.01  rpcbind
02:48:18 AM   105       366    0.00    0.00    0.00    0.00    0.00     1      0.00      0.00   25592   13288   0.04  systemd-resolve
02:48:18 AM   103       367    0.00    0.00    0.00    0.00    0.00     1      0.00      0.00   90672    6220   0.02  systemd-timesyn
02:48:18 AM     0       407    0.00    0.00    0.00    0.00    0.00     5      0.00      0.00       0       0   0.00  cfg80211
02:48:18 AM     0       410    0.00    0.00    0.00    0.00    0.00     0      0.00      0.00       0       0   0.00  irq/42-3210000.
02:48:18 AM     0       412    0.00    0.00    0.00    0.00    0.00     2      0.00      0.00       0       0   0.00  spi0
02:48:18 AM     0       413    0.00   15.00    0.00    0.00   15.00     1      0.00      0.00       0       0   0.00  irq/282-iwlwifi
02:48:18 AM     0       416    0.00    0.00    0.00    0.00    0.00     4      0.00      0.00       0       0   0.00  ata_sff
02:48:18 AM     0       419    0.00    0.00    0.00    0.00    0.00     0      0.00      0.00       0       0   0.00  irq/43-c260000.
02:48:18 AM     0       420    0.00    0.00    0.00    0.00    0.00     6      0.00      0.00       0       0   0.00  scsi_eh_1
02:48:18 AM     0       422    0.00    0.00    0.00    0.00    0.00     6      0.00      0.00       0       0   0.00  scsi_tmf_1
02:48:18 AM     0       427    0.00    0.00    0.00    0.00    0.00     0      0.00      0.00       0       0   0.00  spi1
02:48:18 AM     0       430    0.00    0.00    0.00    0.00    0.00     3      0.00      0.00  242072    8880   0.03  accounts-daemon
02:48:18 AM   120       439    0.00    1.00    0.00    0.00    1.00     1      0.00      0.00    7084    3472   0.01  avahi-daemon
02:48:18 AM     0       441    0.00    0.00    0.00    0.00    0.00     3      0.00      0.00    9220    2516   0.01  cron
02:48:18 AM   106       443    0.00    0.00    0.00    0.00    0.00     2      0.00      0.00    9396    5264   0.02  dbus-daemon
02:48:18 AM     0       447    0.00    0.00    0.00    0.00    0.00     1      0.00      0.00  341244   20856   0.07  NetworkManager
02:48:18 AM     0       456    0.00    0.00    0.00    0.00    0.00     4      0.00      0.00   38300   19472   0.06  networkd-dispat
02:48:18 AM     0       473    0.00    0.00    0.00    0.00    0.00     2      0.00      0.00  238860   13352   0.04  polkitd
02:48:18 AM   125       483    0.00    0.00    0.00    0.00    0.00     3      0.00      0.00  220940    8288   0.03  rsyslogd
02:48:18 AM     0       503    0.00    0.00    0.00    0.00    0.00     2      0.00      0.00  235864    4364   0.01  switcheroo-cont
02:48:18 AM     0       514    0.00    0.00    0.00    0.00    0.00     2      0.00      0.00   17076    6760   0.02  systemd-logind
02:48:18 AM     0       523    0.00    0.00    0.00    0.00    0.00     1      0.00      0.00  395556   15676   0.05  udisksd
02:48:18 AM     0       528    0.00    0.00    0.00    0.00    0.00     0      0.00      0.00   12784    8052   0.03  wpa_supplicant
02:48:18 AM     0       548    0.00    0.00    0.00    0.00    0.00     0      0.00      0.00       0       0   0.00  sugov:0
02:48:18 AM   120       555    0.00    0.00    0.00    0.00    0.00     2      0.00      0.00    6896     324   0.00  avahi-daemon
02:48:18 AM     0       585    0.00    0.00    0.00    0.00    0.00     5      0.00      0.00       0       0   0.00  tmp451
02:48:18 AM     0       597    0.00    0.00    0.00    0.00    0.00     3      0.00      0.00       0       0   0.00  irq/286-1-0008
02:48:18 AM     0       600    0.00    0.00    0.00    0.00    0.00     2      0.00      0.00  321792   14480   0.05  ModemManager
02:48:18 AM     0       653    0.00    1.00    0.00    0.00    1.00     0      0.00      0.00    2476     604   0.00  nvfancontrol
02:48:18 AM     0       728    0.00    0.00    0.00    0.00    0.00     4      0.00      0.00       0       0   0.00  adspp_kthread
02:48:18 AM     0       779    0.00    0.00    0.00    0.00    0.00     6      0.00      0.00       0       0   0.00  kworker/6:2H-kblockd
02:48:18 AM     0       876    0.00    0.00    0.00    0.00    0.00     1      0.00      0.00       0       0   0.00  irq/289-2490000
02:48:18 AM     0       887    0.00    0.00    0.00    0.00    0.00     0      0.00      0.00       0       0   0.00  irq/32-eth0.com
02:48:18 AM     0       919    0.00    0.00    0.00    0.00    0.00     4      0.00      0.00       0       0   0.00  file-storage
02:48:18 AM     0       953    0.00    0.00    0.00    0.00    0.00     1      0.00      0.00       0       0   0.00  loop0
02:48:18 AM     0      1048    0.00    0.00    0.00    0.00    0.00     4      0.00      0.00       0       0   0.00  kworker/4:2H-kblockd
02:48:18 AM     0      1091    0.00    0.00    0.00    0.00    0.00     3      0.00      0.00       0       0   0.00  cryptd
02:48:18 AM     0      1147    0.00    0.00    0.00    0.00    0.00     2      0.00      0.00       0       0   0.00  sw-quiesce
02:48:18 AM     0      1148    0.00    0.00    0.00    0.00    0.00     3      0.00      0.00       0       0   0.00  nvgpu_channel_p
02:48:18 AM     0      1151    0.00    0.00    0.00    0.00    0.00     2      0.00      0.00       0       0   0.00  nvgpu_nvs_gv11b
02:48:18 AM     0      1153    0.00    0.00    0.00    0.00    0.00     0      0.00      0.00       0       0   0.00  nvgpu_pg_init_g
02:48:18 AM     0      1157    0.00    0.00    0.00    0.00    0.00     2      0.00      0.00       0       0   0.00  nvgpu_clk_arb_p
02:48:18 AM     0      1162    0.00    0.00    0.00    0.00    0.00     3      0.00      0.00       0       0   0.00  irq/288-rt5659
02:48:18 AM     0      1270    0.00    0.00    0.00    0.00    0.00     3      0.00      0.00   55688   11092   0.03  nvargus-daemon
02:48:18 AM     0      1273    0.00    0.00    0.00    0.00    0.00     3      0.00      0.00   21932    1552   0.00  nvs-service
02:48:18 AM     0      1298    0.00    0.00    0.00    0.00    0.00     1      0.00      0.00 2007972   50424   0.16  containerd
02:48:18 AM     0      1314    0.00    0.00    0.00    0.00    0.00     0      0.00      0.00  240032    7616   0.02  gdm3
02:48:18 AM   108      1326    0.00    0.00    0.00    0.00    0.00     2      0.00      0.00   11468    1896   0.01  kerneloops
02:48:18 AM     0      1327    0.00    0.00    0.00    0.00    0.00     3      0.00      0.00   12236    6576   0.02  sshd
02:48:18 AM     0      1336    0.00    0.00    0.00    0.00    0.00     0      0.00      0.00    7688    1876   0.01  agetty
02:48:18 AM     0      1337    0.00    0.00    0.00    0.00    0.00     2      0.00      0.00    7688    1904   0.01  agetty
02:48:18 AM   108      1339    0.00    0.00    0.00    0.00    0.00     0      0.00      0.00   11468    1820   0.01  kerneloops
02:48:18 AM     0      1340    0.00    0.00    0.00    0.00    0.00     3      0.00      0.00    9216    2824   0.01  nvgetty.sh
02:48:18 AM     0      1379    0.00    0.00    0.00    0.00    0.00     0      0.00      0.00    7688    1848   0.01  getty
02:48:18 AM     0      1554    0.00    0.00    0.00    0.00    0.00     2      0.00      0.00 2111796   85472   0.27  dockerd
02:48:18 AM     0      1677    0.00    0.00    0.00    0.00    0.00     1      0.00      0.00  168472    8256   0.03  gdm-session-wor
02:48:18 AM     0      1711    0.00    0.00    0.00    0.00    0.00     0      0.00      0.00    3248     808   0.00  nvphsd
02:48:18 AM     0      1716    0.00    0.00    0.00    0.00    0.00     3      0.00      0.00    3380    1788   0.01  nvphsd
02:48:18 AM   124      1789    0.00    0.00    0.00    0.00    0.00     3      0.00      0.00   19144    9224   0.03  systemd
02:48:18 AM   124      1804    0.00    0.00    0.00    0.00    0.00     3      0.00      0.00  104488    5436   0.02  (sd-pam)
02:48:18 AM   124      2014    0.00    0.00    0.00    0.00    0.00     0      0.00      0.00  961884   21984   0.07  pulseaudio
02:48:18 AM   124      2032    0.00    0.00    0.00    0.00    0.00     2      0.00      0.00  164156    5924   0.02  gdm-x-session
02:48:18 AM   124      2037    0.00    0.00    0.00    0.00    0.00     1      0.00      0.00 25330232   99256   0.31  Xorg
02:48:18 AM   118      2040    0.00    0.00    0.00    0.00    0.00     1      0.00      0.00  152516    2440   0.01  rtkit-daemon
02:48:18 AM   124      2162    0.00    0.00    0.00    0.00    0.00     2      0.00      0.00    7812    3448   0.01  dbus-daemon
02:48:18 AM   124      2428    0.00    0.00    0.00    0.00    0.00     0      0.00      0.00    4776    1164   0.00  dbus-run-sessio
02:48:18 AM   124      2429    0.00    0.00    0.00    0.00    0.00     2      0.00      0.00    8088    4104   0.01  dbus-daemon
02:48:18 AM   124      2438    0.00    0.00    0.00    0.00    0.00     2      0.00      0.00  559768   14932   0.05  gnome-session-b
02:48:18 AM     0      2457    0.00    0.00    0.00    0.00    0.00     2      0.00      0.00  101692   19628   0.06  jtop
02:48:18 AM   124      2463    0.00    0.00    0.00    0.00    0.00     3      0.00      0.00  309548   10092   0.03  at-spi-bus-laun
02:48:18 AM   124      2470    0.00    0.00    0.00    0.00    0.00     1      0.00      0.00    7676    3468   0.01  dbus-daemon
02:48:18 AM   124      2495    0.00    0.00    0.00    0.00    0.00     1      0.00      0.00 4022996  194908   0.61  gnome-shell
02:48:18 AM     0      2510    0.00    0.00    0.00    0.00    0.00     1      0.00      0.00  175424   16904   0.05  jtop
02:48:18 AM     0      2518    0.00    0.00    0.00    0.00    0.00     2      0.00      0.00  101692   17160   0.05  jtop
02:48:18 AM   124      2696    0.00    0.00    0.00    0.00    0.00     0      0.00      0.00  314420   11212   0.04  ibus-daemon
02:48:18 AM   124      2699    0.00    0.00    0.00    0.00    0.00     2      0.00      0.00  239960   11792   0.04  ibus-dconf
02:48:18 AM   124      2701    0.00    0.00    0.00    0.00    0.00     2      0.00      0.00  189920   16900   0.05  ibus-x11
02:48:18 AM   124      2704    0.00    0.00    0.00    0.00    0.00     3      0.00      0.00  239880    7776   0.02  ibus-portal
02:48:18 AM   124      2715    0.00    0.00    0.00    0.00    0.00     1      0.00      0.00  161420    6880   0.02  at-spi2-registr
02:48:18 AM   124      2719    0.00    0.00    0.00    0.00    0.00     3      0.00      0.00  235804    4672   0.01  xdg-permission-
02:48:18 AM     0      2725    0.00    0.00    0.00    0.00    0.00     3      0.00      0.00  252944    8776   0.03  upowerd
02:48:18 AM   124      2745    0.00    0.00    0.00    0.00    0.00     2      0.00      0.00 3001620   27244   0.09  gjs
02:48:18 AM   124      2764    0.00    0.00    0.00    0.00    0.00     3      0.00      0.00  469396   14236   0.04  gsd-sharing
02:48:18 AM   124      2765    0.00    0.00    0.00    0.00    0.00     1      0.00      0.00  334628   15072   0.05  gsd-wacom
02:48:18 AM   124      2768    0.00    0.00    0.00    0.00    0.00     2      0.00      0.00  571788   19844   0.06  gsd-color
02:48:18 AM   124      2772    0.00    0.00    0.00    0.00    0.00     3      0.00      0.00  338096   17824   0.06  gsd-keyboard
02:48:18 AM   124      2774    0.00    0.00    0.00    0.00    0.00     2      0.00      0.00  322508   11376   0.04  gsd-print-notif
02:48:18 AM   124      2779    0.00    0.00    0.00    0.00    0.00     3      0.00      0.00  166208    7736   0.02  ibus-engine-sim
02:48:18 AM   124      2780    0.00    0.00    0.00    0.00    0.00     1      0.00      0.00  457460    7996   0.03  gsd-rfkill
02:48:18 AM   124      2782    0.00    0.00    0.00    0.00    0.00     1      0.00      0.00  391976    9696   0.03  gsd-smartcard
02:48:18 AM   124      2784    0.00    0.00    0.00    0.00    0.00     2      0.00      0.00  374928   15372   0.05  gsd-datetime
02:48:18 AM   124      2790    0.00    0.00    0.00    0.00    0.00     3      0.00      0.00  679696   20032   0.06  gsd-media-keys
02:48:18 AM   124      2791    0.00    0.00    0.00    0.00    0.00     3      0.00      0.00  235772    5600   0.02  gsd-screensaver
02:48:18 AM   124      2793    0.00    0.00    0.00    0.00    0.00     3      0.00      0.00  320104    9452   0.03  gsd-sound
02:48:18 AM   124      2795    0.00    0.00    0.00    0.00    0.00     3      0.00      0.00  313652   10144   0.03  gsd-a11y-settin
02:48:18 AM   124      2799    0.00    0.00    0.00    0.00    0.00     2      0.00      0.00  313992   10540   0.03  gsd-housekeepin
02:48:18 AM   124      2802    0.00    0.00    0.00    0.00    0.00     1      0.00      0.00  339724   18828   0.06  gsd-power
02:48:18 AM   124      2824    0.00    0.00    0.00    0.00    0.00     2      0.00      0.00  342540   12784   0.04  gsd-printer
02:48:18 AM   119      2837    0.00    0.00    0.00    0.00    0.00     2      0.00      0.00  249328   17548   0.06  colord
02:48:18 AM     0     29120    0.00    0.00    0.00    0.00    0.00     3      0.00      0.00       0       0   0.00  kworker/u17:2
02:48:18 AM     0     33852    0.00    0.00    0.00    0.00    0.00     1      0.00      0.00       0       0   0.00  kworker/1:0H-kblockd
02:48:18 AM     0     35048    0.00    0.00    0.00    0.00    0.00     0      0.00      0.00       0       0   0.00  kworker/u17:0-rb_allocator
02:48:18 AM  1000     39960    0.00    0.00    0.00    0.00    0.00     2      0.00      0.00   19248    9208   0.03  systemd
02:48:18 AM  1000     39961    0.00    0.00    0.00    0.00    0.00     2      0.00      0.00  170940    6304   0.02  (sd-pam)
02:48:18 AM  1000     40037    0.00    0.00    0.00    0.00    0.00     3      0.00      0.00    7812    3952   0.01  dbus-daemon
02:48:18 AM     0     40147    0.00    0.00    0.00    0.00    0.00     1      0.00      0.00       0       0   0.00  kworker/1:0-events
02:48:18 AM     0     40174    0.00    0.00    0.00    0.00    0.00     2      0.00      0.00       0       0   0.00  kworker/2:2H-kblockd
02:48:18 AM     0     40194    0.00    0.00    0.00    0.00    0.00     3      0.00      0.00       0       0   0.00  kworker/3:0H-kblockd
02:48:18 AM     0     41650    0.00    0.00    0.00    0.00    0.00     3      0.00      0.00       0       0   0.00  kworker/3:0-events
02:48:18 AM     0     43913    0.00    0.00    0.00    0.00    0.00     2      0.00      0.00   14768    7560   0.02  sshd
02:48:18 AM  1000     43958    0.00    0.00    0.00    0.00    0.00     0      0.00      0.00   15292    6400   0.02  sshd
02:48:18 AM  1000     43959    0.00    0.00    0.00    0.00    0.00     1      0.00      0.00   11344    5444   0.02  bash
02:48:18 AM     0     50050    0.00    0.00    0.00    0.00    0.00     2      0.00      0.00   14768    7572   0.02  sshd
02:48:18 AM  1000     50094    0.00    0.00    0.00    0.00    0.00     3      0.00      0.00   15292    6428   0.02  sshd
02:48:18 AM  1000     50095    0.00    0.00    0.00    0.00    0.00     2      0.00      0.00   11344    5448   0.02  bash
02:48:18 AM     0     81462    0.00    0.00    0.00    0.00    0.00     2      0.00      0.00       0       0   0.00  kworker/2:2-mm_percpu_wq
02:48:18 AM     0     81478    0.00    0.00    0.00    0.00    0.00     0      0.00      0.00       0       0   0.00  kworker/0:1H-kblockd
02:48:18 AM  1000     84840    0.00    0.00    0.00    0.00    0.00     3      0.00      0.00  240176   10088   0.03  gnome-keyring-d
02:48:18 AM   124     84900    0.00    0.00    0.00    0.00    0.00     1      0.00      0.00  156240    4584   0.01  dconf-service
02:48:18 AM     0     85427    0.00    0.00    0.00    0.00    0.00     0      0.00      0.00       0       0   0.00  kworker/0:2-events
02:48:18 AM     0     86310    0.00    0.00    0.00    0.00    0.00     1      0.00      0.00       0       0   0.00  kworker/u16:1-events_unbound
02:48:18 AM     0     86312    0.00    0.00    0.00    0.00    0.00     3      0.00      0.00   14768    7564   0.02  sshd
02:48:18 AM  1000     86356    0.00    0.00    0.00    0.00    0.00     0      0.00      0.00   15292    6380   0.02  sshd
02:48:18 AM  1000     86357    0.00    0.00    0.00    0.00    0.00     1      0.00      0.00   11344    5440   0.02  bash
02:48:18 AM     0     86549    0.00    0.00    0.00    0.00    0.00     2      0.00      0.00   14768    7664   0.02  sshd
02:48:18 AM  1000     86593    1.00    2.00    0.00    1.00    3.00     2      0.00      0.00   15292    6480   0.02  sshd
02:48:18 AM  1000     86594    0.00    0.00    0.00    0.00    0.00     2      0.00      0.00   11860    5896   0.02  bash
02:48:18 AM     0     86632    0.00    0.00    0.00    0.00    0.00     3      0.00      0.00       0       0   0.00  kworker/3:2
02:48:18 AM     0     87290    0.00    0.00    0.00    0.00    0.00     0      0.00      0.00   14768    7584   0.02  sshd
02:48:18 AM  1000     87334    0.00    0.00    0.00    0.00    0.00     0      0.00      0.00   15292    6412   0.02  sshd
02:48:18 AM  1000     87335    0.00    0.00    0.00    0.00    0.00     2      0.00      0.00   11344    5436   0.02  bash
02:48:18 AM     0     89981    0.00    0.00    0.00    0.00    0.00     1      0.00      0.00       0       0   0.00  kworker/1:1-events
02:48:18 AM     0     95050    0.00    0.00    0.00    0.00    0.00     2      0.00      0.00       0       0   0.00  kworker/2:0-events
02:48:18 AM     0     96173    0.00    0.00    0.00    0.00    0.00     1      0.00      0.00       0       0   0.00  kworker/1:2-events
02:48:18 AM     0     99494    0.00    1.00    0.00    0.00    1.00     1      0.00      0.00       0       0   0.00  kworker/u16:3-events_unbound
02:48:18 AM     0    107801    0.00    0.00    0.00    0.00    0.00     1      0.00      0.00       0       0   0.00  kworker/1:2H
02:48:18 AM     0    122883    0.00    0.00    0.00    0.00    0.00     2      0.00      0.00       0       0   0.00  kworker/u16:2-events_unbound
02:48:18 AM     0    123203    0.00    0.00    0.00    0.00    0.00     3      0.00      0.00       0       0   0.00  kworker/3:2H
02:48:18 AM     0    124025    0.00    0.00    0.00    0.00    0.00     2      0.00      0.00       0       0   0.00  kworker/2:0H
02:48:18 AM     0    130503    0.00    0.00    0.00    0.00    0.00     0      0.00      0.00       0       0   0.00  kworker/0:0H
02:48:18 AM     0    130577    0.00    0.00    0.00    0.00    0.00     0      0.00      0.00       0       0   0.00  kworker/0:1-events
02:48:18 AM     0    130584    0.00    0.00    0.00    0.00    0.00     2      0.00      0.00   14768    7576   0.02  sshd
02:48:18 AM  1000    130628    1.00    3.00    0.00    3.00    4.00     1      0.00      0.00   16676    7816   0.02  sshd
02:48:18 AM  1000    130629    0.00    0.00    0.00    0.00    0.00     3      0.00      0.00   11344    5436   0.02  bash
02:48:18 AM  1000    130765    0.00    0.00    0.00    0.00    0.00     2      0.00      0.00  283948   43148   0.14  roslaunch
02:48:18 AM  1000    130773    1.00    0.00    0.00    0.00    1.00     0      0.00      0.00  797980   45684   0.14  rosmaster
02:48:18 AM  1000    130783    0.00    0.00    0.00    0.00    0.00     1      0.00      0.00  274964   10152   0.03  rosout
02:48:18 AM  1000    130790   70.00   81.00    0.00    9.00  151.00     2      0.00      0.00 34790064  706376   2.23  scale_truck_con
02:48:18 AM  1000    130791   28.00   55.00    0.00    0.00   83.00     2      0.00      0.00 1571432  113560   0.36  LRC
02:48:18 AM  1000    130854    7.00    6.00    0.00    0.00   13.00     2      0.00      0.00  724884   75168   0.24  python3
02:48:18 AM     0    131985    0.00    0.00    0.00    0.00    0.00     2      0.00      0.00       0       0   0.00  kworker/2:1H
02:48:18 AM     0    132214    0.00    0.00    0.00    0.00    0.00     1      0.00      0.00       0       0   0.00  kworker/1:1H
02:48:18 AM     0    133801    0.00    0.00    0.00    0.00    0.00     0      0.00      0.00       0       0   0.00  kworker/0:0-events
02:48:18 AM     0    137289    0.00    0.00    0.00    0.00    0.00     1      0.00      0.00       0       0   0.00  kworker/1:3-pm
02:48:18 AM     0    139165    0.00    0.00    0.00    0.00    0.00     0      0.00      0.00       0       0   0.00  kworker/0:2H
02:48:18 AM     0    139402    0.00    0.00    0.00    0.00    0.00     1      0.00      0.00       0       0   0.00  kworker/u16:0-events_unbound
02:48:18 AM     0    142495    0.00    0.00    0.00    0.00    0.00     1      0.00      0.00       0       0   0.00  kworker/1:4-pm
02:48:18 AM  1000    144270    0.00    0.00    0.00    0.00    0.00     0      0.00      0.00    7828     552   0.00  timeout
02:48:18 AM  1000    144271    0.00    0.00    0.00    0.00    0.00     0      0.00      0.00   68712   43156   0.14  rosbag
02:48:18 AM  1000    144272    0.00    0.00    0.00    0.00    0.00     2      0.00      0.00    9208    3300   0.01  bash
02:48:18 AM  1000    144520    0.00    0.00    0.00    0.00    0.00     3      0.00      0.00   68692   42744   0.13  rosbag
02:48:18 AM  1000    144531   13.00   18.00    0.00    0.00   31.00     2      0.00      0.00 1172912   23356   0.07  record
02:48:18 AM  1000    144614    4.00   13.00    0.00   10.00   17.00     3      0.00      0.00   17812    9560   0.03  pidstat
02:48:18 AM  1000    144684    0.00    8.00    0.00   10.00    8.00     1      0.00      0.00  365376   26976   0.09  play

# Time        UID       PID    %usr %system  %guest   %wait    %CPU   CPU  minflt/s  majflt/s     VSZ     RSS   %MEM  Command
02:48:19 AM     0         1    0.00    0.00    0.00    0.00    0.00     1      0.00      0.00  169880   11540   0.04  systemd
02:48:19 AM     0         2    0.00    0.00    0.00    0.00    0.00     1      0.00      0.00       0       0   0.00  kthreadd
02:48:19 AM     0         3    0.00    0.00    0.00    0.00    0.00     0      0.00      0.00       0       0   0.00  rcu_gp
02:48:19 AM     0         4    0.00    0.00    0.00    0.00    0.00     0      0.00      0.00       0       0   0.00  rcu_par_gp
02:48:19 AM     0         8    0.00    0.00    0.00    0.00    0.00     0      0.00      0.00       0       0   0.00  mm_percpu_wq
02:48:19 AM     0         9    0.00    0.00    0.00    0.00    0.00     0      0.00      0.00       0       0   0.00  rcu_tasks_kthre
02:48:19 AM     0        10    0.00    0.00    0.00    0.00    0.00     0      0.00      0.00       0       0   0.00  rcu_tasks_rude_
02:48:19 AM     0        11    0.00    0.00    0.00    0.00    0.00     0      0.00      0.00       0       0   0.00  rcu_tasks_trace
02:48:19 AM     0        12    0.00    0.00    0.00    0.00    0.00     0      0.00      0.00       0       0   0.00  ksoftirqd/0
02:48:19 AM     0        13    0.00    0.00    0.00    0.00    0.00     1      0.00      0.00       0       0   0.00  rcu_preempt
02:48:19 AM     0        14    0.00    0.00    0.00    0.00    0.00     0      0.00      0.00       0       0   0.00  migration/0
02:48:19 AM     0        16    0.00    0.00    0.00    0.00    0.00     0      0.00      0.00       0       0   0.00  cpuhp/0
02:48:19 AM     0        17    0.00    0.00    0.00    0.00    0.00     1      0.00      0.00       0       0   0.00  cpuhp/1
02:48:19 AM     0        18    0.00    0.00    0.00    0.00    0.00     1      0.00      0.00       0       0   0.00  migration/1
02:48:19 AM     0        19    0.00    0.00    0.00    0.00    0.00     1      0.00      0.00       0       0   0.00  ksoftirqd/1
02:48:19 AM     0        22    0.00    0.00    0.00    0.00    0.00     2      0.00      0.00       0       0   0.00  cpuhp/2
02:48:19 AM     0        23    0.00    0.00    0.00    0.00    0.00     2      0.00      0.00       0       0   0.00  migration/2
02:48:19 AM     0        24    0.00    0.00    0.00    0.00    0.00     2      0.00      0.00       0       0   0.00  ksoftirqd/2
02:48:19 AM     0        27    0.00    0.00    0.00    0.00    0.00     3      0.00      0.00       0       0   0.00  cpuhp/3
02:48:19 AM     0        28    0.00    0.00    0.00    0.00    0.00     3      0.00      0.00       0       0   0.00  migration/3
02:48:19 AM     0        29    0.00    0.00    0.00    0.00    0.00     3      0.00      0.00       0       0   0.00  ksoftirqd/3
02:48:19 AM     0        32    0.00    0.00    0.00    0.00    0.00     4      0.00      0.00       0       0   0.00  cpuhp/4
02:48:19 AM     0        33    0.00    0.00    0.00    0.00    0.00     4      0.00      0.00       0       0   0.00  migration/4
02:48:19 AM     0        34    0.00    0.00    0.00    0.00    0.00     4      0.00      0.00       0       0   0.00  ksoftirqd/4
02:48:19 AM     0        36    0.00    0.00    0.00    0.00    0.00     4      0.00      0.00       0       0   0.00  kworker/4:0H-kblockd
02:48:19 AM     0        37    0.00    0.00    0.00    0.00    0.00     5      0.00      0.00       0       0   0.00  cpuhp/5
02:48:19 AM     0        38    0.00    0.00    0.00    0.00    0.00     5      0.00      0.00       0       0   0.00  migration/5
02:48:19 AM     0        39    0.00    0.00    0.00    0.00    0.00     5      0.00      0.00       0       0   0.00  ksoftirqd/5
02:48:19 AM     0        41    0.00    0.00    0.00    0.00    0.00     5      0.00      0.00       0       0   0.00  kworker/5:0H-kblockd
02:48:19 AM     0        42    0.00    0.00    0.00    0.00    0.00     6      0.00      0.00       0       0   0.00  cpuhp/6
02:48:19 AM     0        43    0.00    0.00    0.00    0.00    0.00     6      0.00      0.00       0       0   0.00  migration/6
02:48:19 AM     0        44    0.00    0.00    0.00    0.00    0.00     6      0.00      0.00       0       0   0.00  ksoftirqd/6
02:48:19 AM     0        46    0.00    0.00    0.00    0.00    0.00     6      0.00      0.00       0       0   0.00  kworker/6:0H-events_highpri
02:48:19 AM     0        47    0.00    0.00    0.00    0.00    0.00     7      0.00      0.00       0       0   0.00  cpuhp/7
02:48:19 AM     0        48    0.00    0.00    0.00    0.00    0.00     7      0.00      0.00       0       0   0.00  migration/7
02:48:19 AM     0        49    0.00    0.00    0.00    0.00    0.00     7      0.00      0.00       0       0   0.00  ksoftirqd/7
02:48:19 AM     0        50    0.00    0.00    0.00    0.00    0.00     0      0.00      0.00       0       0   0.00  kworker/7:0-rcu_gp
02:48:19 AM     0        51    0.00    0.00    0.00    0.00    0.00     7      0.00      0.00       0       0   0.00  kworker/7:0H-kblockd
02:48:19 AM     0        52    0.00    0.00    0.00    0.00    0.00     0      0.00      0.00       0       0   0.00  kdevtmpfs
02:48:19 AM     0        53    0.00    0.00    0.00    0.00    0.00     4      0.00      0.00       0       0   0.00  netns
02:48:19 AM     0        54    0.00    0.00    0.00    0.00    0.00     1      0.00      0.00       0       0   0.00  kauditd
02:48:19 AM     0        55    0.00    0.00    0.00    0.00    0.00     0      0.00      0.00       0       0   0.00  irq/87-mc_statu
02:48:19 AM     0        56    0.00    0.00    0.00    0.00    0.00     2      0.00      0.00       0       0   0.00  khungtaskd
02:48:19 AM     0        57    0.00    0.00    0.00    0.00    0.00     3      0.00      0.00       0       0   0.00  oom_reaper
02:48:19 AM     0        58    0.00    0.00    0.00    0.00    0.00     5      0.00      0.00       0       0   0.00  writeback
02:48:19 AM     0        59    0.00    0.00    0.00    0.00    0.00     3      0.00      0.00       0       0   0.00  kcompactd0
02:48:19 AM     0        60    0.00    0.00    0.00    0.00    0.00     1      0.00      0.00       0       0   0.00  ksmd
02:48:19 AM     0        61    0.00    0.00    0.00    0.00    0.00     1      0.00      0.00       0       0   0.00  khugepaged
02:48:19 AM     0        93    0.00    0.00    0.00    0.00    0.00     1      0.00      0.00       0       0   0.00  kintegrityd
02:48:19 AM     0        94    0.00    0.00    0.00    0.00    0.00     1      0.00      0.00       0       0   0.00  kblockd
02:48:19 AM     0        95    0.00    0.00    0.00    0.00    0.00     1      0.00      0.00       0       0   0.00  blkcg_punt_bio
02:48:19 AM     0        97    0.00    0.00    0.00    0.00    0.00     3      0.00      0.00       0       0   0.00  tpm_dev_wq
02:48:19 AM     0        98    0.00    0.00    0.00    0.00    0.00     0      0.00      0.00       0       0   0.00  irq/197-30c0000
02:48:19 AM     0        99    0.00    0.00    0.00    0.00    0.00     1      0.00      0.00       0       0   0.00  devfreq_wq
02:48:19 AM     0       100    0.00    0.00    0.00    0.00    0.00     1      0.00      0.00       0       0   0.00  watchdogd
02:48:19 AM     0       104    0.00    0.00    0.00    0.00    0.00     7      0.00      0.00       0       0   0.00  rpciod
02:48:19 AM     0       106    0.00    0.00    0.00    0.00    0.00     7      0.00      0.00       0       0   0.00  xprtiod
02:48:19 AM     0       108    0.00    0.00    0.00    0.00    0.00     7      0.00      0.00       0       0   0.00  kswapd0
02:48:19 AM     0       109    0.00    0.00    0.00    0.00    0.00     5      0.00      0.00       0       0   0.00  nfsiod
02:48:19 AM     0       112    0.00    0.00    0.00    0.00    0.00     1      0.00      0.00       0       0   0.00  kthrotld
02:48:19 AM     0       113    0.00    0.00    0.00    0.00    0.00     7      0.00      0.00       0       0   0.00  kpcitest
02:48:19 AM     0       116    0.00    0.00    0.00    0.00    0.00     5      0.00      0.00       0       0   0.00  kworker/5:1-events
02:48:19 AM     0       122    0.00    0.00    0.00    0.00    0.00     1      0.00      0.00       0       0   0.00  nvme-wq
02:48:19 AM     0       123    0.00    0.00    0.00    0.00    0.00     5      0.00      0.00       0       0   0.00  nvme-reset-wq
02:48:19 AM     0       124    0.00    0.00    0.00    0.00    0.00     6      0.00      0.00       0       0   0.00  nvme-delete-wq
02:48:19 AM     0       125    0.00    0.00    0.00    0.00    0.00     6      0.00      0.00       0       0   0.00  uas
02:48:19 AM     0       126    0.00    0.00    0.00    0.00    0.00     0      0.00      0.00       0       0   0.00  irq/222-tegra_r
02:48:19 AM     0       127    0.00    0.00    0.00    0.00    0.00     0      0.00      0.00       0       0   0.00  kworker/7:2-events
02:48:19 AM     0       129    0.00    0.00    0.00    0.00    0.00     0      0.00      0.00       0       0   0.00  irq/86-tegra-oc
02:48:19 AM     0       130    0.00    0.00    0.00    0.00    0.00     5      0.00      0.00       0       0   0.00  dm_bufio_cache
02:48:19 AM     0       131    0.00    0.00    0.00    0.00    0.00     0      0.00      0.00       0       0   0.00  irq/223-max7762
02:48:19 AM     0       140    0.00    0.00    0.00    0.00    0.00     0      0.00      0.00       0       0   0.00  irq/55-bc00000.
02:48:19 AM     0       143    0.00    0.00    0.00    0.00    0.00     0      0.00      0.00       0       0   0.00  ipv6_addrconf
02:48:19 AM     0       144    0.00    0.00    0.00    0.00    0.00     6      0.00      0.00       0       0   0.00  krfcommd
02:48:19 AM     0       145    0.00    0.00    0.00    0.00    0.00     0      0.00      0.00       0       0   0.00  kstrp
02:48:19 AM     0       150    0.00    0.00    0.00    0.00    0.00     0      0.00      0.00       0       0   0.00  irq/24-tegra-pc
02:48:19 AM     0       154    0.00    0.00    0.00    0.00    0.00     0      0.00      0.00       0       0   0.00  irq/26-tegra-pc
02:48:19 AM     0       160    0.00    0.00    0.00    0.00    0.00     0      0.00      0.00       0       0   0.00  irq/26-aerdrv
02:48:19 AM     0       161    0.00    0.00    0.00    0.00    0.00     0      0.00      0.00       0       0   0.00  irq/28-tegra-pc
02:48:19 AM     0       162    0.00    0.00    0.00    0.00    0.00     0      0.00      0.00       0       0   0.00  irq/28-aerdrv
02:48:19 AM     0       163    0.00    0.00    0.00    0.00    0.00     5      0.00      0.00       0       0   0.00  host_low_prio_w
02:48:19 AM     0       164    0.00    1.00    0.00    0.00    1.00     0      0.00      0.00       0       0   0.00  irq/57-host_syn
02:48:19 AM     0       165    0.00    0.00    0.00    0.00    0.00     0      0.00      0.00       0       0   0.00  irq/58-host_sta
02:48:19 AM     0       173    0.00    0.00    0.00    0.00    0.00     5      0.00      0.00       0       0   0.00  pva_task_status
02:48:19 AM     0       174    0.00    0.00    0.00    0.00    0.00     0      0.00      0.00       0       0   0.00  irq/75-pva-isr
02:48:19 AM     0       175    0.00    0.00    0.00    0.00    0.00     0      0.00      0.00       0       0   0.00  pva_task_status
02:48:19 AM     0       176    0.00    0.00    0.00    0.00    0.00     0      0.00      0.00       0       0   0.00  irq/76-pva-isr
02:48:19 AM     0       185    0.00    0.00    0.00    0.00    0.00     0      0.00      0.00       0       0   0.00  sdhci
02:48:19 AM     0       186    0.00    0.00    0.00    0.00    0.00     0      0.00      0.00       0       0   0.00  irq/39-mmc0
02:48:19 AM     0       187    0.00    0.00    0.00    0.00    0.00     2      0.00      0.00       0       0   0.00  sdhci
02:48:19 AM     0       189    0.00    0.00    0.00    0.00    0.00     0      0.00      0.00       0       0   0.00  irq/40-mmc1
02:48:19 AM     0       195    0.00    0.00    0.00    0.00    0.00     7      0.00      0.00       0       0   0.00  scsi_eh_0
02:48:19 AM     0       196    0.00    0.00    0.00    0.00    0.00     7      0.00      0.00       0       0   0.00  scsi_tmf_0
02:48:19 AM     0       197    0.00    0.00    0.00    0.00    0.00     0      0.00      0.00       0       0   0.00  kworker/5:2-events
02:48:19 AM     0       198    0.00    0.00    0.00    0.00    0.00     0      0.00      0.00       0       0   0.00  irq/67-15200000
02:48:19 AM     0       199    0.00    0.00    0.00    0.00    0.00     1      0.00      0.00       0       0   0.00  tegradc.0/a
02:48:19 AM     0       200    0.00    0.00    0.00    0.00    0.00     0      0.00      0.00       0       0   0.00  tegradc.0/b
02:48:19 AM     0       201    0.00    0.00    0.00    0.00    0.00     0      0.00      0.00       0       0   0.00  tegradc.0/c
02:48:19 AM     0       202    0.00    0.00    0.00    0.00    0.00     0      0.00      0.00       0       0   0.00  tegradc.0/d
02:48:19 AM     0       203    0.00    0.00    0.00    0.00    0.00     0      0.00      0.00       0       0   0.00  tegradc.0/e
02:48:19 AM     0       204    0.00    0.00    0.00    0.00    0.00     0      0.00      0.00       0       0   0.00  tegradc.0/f
02:48:19 AM     0       205    0.00    0.00    0.00    0.00    0.00     0      0.00      0.00       0       0   0.00  tegradc.0/sl
02:48:19 AM     0       206    0.00    0.00    0.00    0.00    0.00     0      0.00      0.00       0       0   0.00  irq/62-15200000
02:48:19 AM     0       207    0.00    0.00    0.00    0.00    0.00     0      0.00      0.00       0       0   0.00  irq/276-3400000
02:48:19 AM     0       208    0.00    0.00    0.00    0.00    0.00     0      0.00      0.00       0       0   0.00  ufs_eh_wq_0
02:48:19 AM     0       209    0.00    0.00    0.00    0.00    0.00     3      0.00      0.00       0       0   0.00  mmc_complete
02:48:19 AM     0       211    0.00    0.00    0.00    0.00    0.00     0      0.00      0.00       0       0   0.00  irq/278-1520000
02:48:19 AM     0       212    0.00    0.00    0.00    0.00    0.00     0      0.00      0.00       0       0   0.00  irq/203-3610000
02:48:19 AM     0       213    0.00    0.00    0.00    0.00    0.00     0      0.00      0.00       0       0   0.00  irq/221-3610000
02:48:19 AM     0       214    0.00    0.00    0.00    0.00    0.00     0      0.00      0.00       0       0   0.00  irq/30-tegra-pc
02:48:19 AM     0       216    0.00    0.00    0.00    0.00    0.00     0      0.00      0.00       0       0   0.00  kworker/4:3-events
02:48:19 AM     0       218    0.00    0.00    0.00    0.00    0.00     4      0.00      0.00       0       0   0.00  kworker/4:5-events
02:48:19 AM     0       221    0.00    0.00    0.00    0.00    0.00     0      0.00      0.00       0       0   0.00  kworker/6:12-events
02:48:19 AM     0       222    0.00    0.00    0.00    0.00    0.00     0      0.00      0.00       0       0   0.00  kworker/6:13-events
02:48:19 AM     0       225    0.00    0.00    0.00    0.00    0.00     0      0.00      0.00       0       0   0.00  irq/68-tegra_dp
02:48:19 AM     0       226    0.00    0.00    0.00    0.00    0.00     0      0.00      0.00       0       0   0.00  irq/65-15210000
02:48:19 AM     0       227    0.00    0.00    0.00    0.00    0.00     0      0.00      0.00       0       0   0.00  tegradc.1/a
02:48:19 AM     0       228    0.00    0.00    0.00    0.00    0.00     0      0.00      0.00       0       0   0.00  tegradc.1/b
02:48:19 AM     0       229    0.00    0.00    0.00    0.00    0.00     0      0.00      0.00       0       0   0.00  tegradc.1/c
02:48:19 AM     0       230    0.00    0.00    0.00    0.00    0.00     0      0.00      0.00       0       0   0.00  tegradc.1/d
02:48:19 AM     0       231    0.00    0.00    0.00    0.00    0.00     0      0.00      0.00       0       0   0.00  tegradc.1/e
02:48:19 AM     0       232    0.00    0.00    0.00    0.00    0.00     0      0.00      0.00       0       0   0.00  tegradc.1/f
02:48:19 AM     0       233    0.00    0.00    0.00    0.00    0.00     1      0.00      0.00       0       0   0.00  tegradc.1/sl
02:48:19 AM     0       234    0.00    0.00    0.00    0.00    0.00     0      0.00      0.00       0       0   0.00  irq/63-15210000
02:48:19 AM     0       249    0.00    0.00    0.00    0.00    0.00     0      0.00      0.00       0       0   0.00  irq/56-d230000.
02:48:19 AM     0       250    0.00    0.00    0.00    0.00    0.00     0      0.00      0.00       0       0   0.00  irq/69-tegra_dp
02:48:19 AM     0       251    0.00    0.00    0.00    0.00    0.00     0      0.00      0.00       0       0   0.00  irq/66-15220000
02:48:19 AM     0       252    0.00    0.00    0.00    0.00    0.00     0      0.00      0.00       0       0   0.00  tegradc.2/a
02:48:19 AM     0       253    0.00    0.00    0.00    0.00    0.00     0      0.00      0.00       0       0   0.00  tegradc.2/b
02:48:19 AM     0       254    0.00    0.00    0.00    0.00    0.00     0      0.00      0.00       0       0   0.00  tegradc.2/c
02:48:19 AM     0       255    0.00    0.00    0.00    0.00    0.00     0      0.00      0.00       0       0   0.00  tegradc.2/d
02:48:19 AM     0       256    0.00    0.00    0.00    0.00    0.00     0      0.00      0.00       0       0   0.00  tegradc.2/e
02:48:19 AM     0       257    0.00    0.00    0.00    0.00    0.00     0      0.00      0.00       0       0   0.00  tegradc.2/f
02:48:19 AM     0       258    0.00    0.00    0.00    0.00    0.00     0      0.00      0.00       0       0   0.00  tegradc.2/sl
02:48:19 AM     0       259    0.00    0.00    0.00    0.00    0.00     0      0.00      0.00       0       0   0.00  irq/64-15220000
02:48:19 AM     0       275    0.00    0.00    0.00    0.00    0.00     3      0.00      0.00       0       0   0.00  jbd2/mmcblk0p1-
02:48:19 AM     0       276    0.00    0.00    0.00    0.00    0.00     3      0.00      0.00       0       0   0.00  ext4-rsv-conver
02:48:19 AM     0       280    0.00    0.00    0.00    0.00    0.00     7      0.00      0.00       0       0   0.00  kworker/7:1H
02:48:19 AM     0       286    0.00    0.00    0.00    0.00    0.00     5      0.00      0.00       0       0   0.00  kworker/5:1H-kblockd
02:48:19 AM     0       312    0.00    0.00    0.00    0.00    0.00     2      0.00      0.00   61816   31808   0.10  systemd-journal
02:48:19 AM     0       338    0.00    4.00    0.00   17.00    4.00     1      0.00      0.00       0       0   0.00  nvmap-bz
02:48:19 AM     0       339    0.00    0.00    0.00    0.00    0.00     0      0.00      0.00       0       0   0.00  irq/204-gk20a_s
02:48:19 AM     0       340    0.00    0.00    0.00    0.00    0.00     0      0.00      0.00       0       0   0.00  irq/205-gk20a_n
02:48:19 AM     0       345    0.00    0.00    0.00    0.00    0.00     3      0.00      0.00    2776    1492   0.00  tee-supplicant
02:48:19 AM     0       347    0.00    0.00    0.00    0.00    0.00     3      0.00      0.00       0       0   0.00  optee_bus_scan
02:48:19 AM     0       358    0.00    0.00    0.00    0.00    0.00     3      0.00      0.00   22788    7532   0.02  systemd-udevd
02:48:19 AM     0       364    0.00    0.00    0.00    0.00    0.00     1      0.00      0.00    7948    4892   0.02  haveged
02:48:19 AM   126       365    0.00    0.00    0.00    0.00    0.00     3      0.00      0.00    7136    3108   0.01  rpcbind
02:48:19 AM   105       366    0.00    0.00    0.00    0.00    0.00     1      0.00      0.00   25592   13288   0.04  systemd-resolve
02:48:19 AM   103       367    0.00    0.00    0.00    0.00    0.00     1      0.00      0.00   90672    6220   0.02  systemd-timesyn
02:48:19 AM     0       407    0.00    0.00    0.00    0.00    0.00     5      0.00      0.00       0       0   0.00  cfg80211
02:48:19 AM     0       410    0.00    0.00    0.00    0.00    0.00     0      0.00      0.00       0       0   0.00  irq/42-3210000.
02:48:19 AM     0       412    0.00    0.00    0.00    0.00    0.00     2      0.00      0.00       0       0   0.00  spi0
02:48:19 AM     0       413    0.00   14.00    0.00    1.00   14.00     1      0.00      0.00       0       0   0.00  irq/282-iwlwifi
02:48:19 AM     0       416    0.00    0.00    0.00    0.00    0.00     4      0.00      0.00       0       0   0.00  ata_sff
02:48:19 AM     0       419    0.00    0.00    0.00    0.00    0.00     0      0.00      0.00       0       0   0.00  irq/43-c260000.
02:48:19 AM     0       420    0.00    0.00    0.00    0.00    0.00     6      0.00      0.00       0       0   0.00  scsi_eh_1
02:48:19 AM     0       422    0.00    0.00    0.00    0.00    0.00     6      0.00      0.00       0       0   0.00  scsi_tmf_1
02:48:19 AM     0       427    0.00    0.00    0.00    0.00    0.00     0      0.00      0.00       0       0   0.00  spi1
02:48:19 AM     0       430    0.00    0.00    0.00    0.00    0.00     3      0.00      0.00  242072    8880   0.03  accounts-daemon
02:48:19 AM   120       439    0.00    0.00    0.00    0.00    0.00     1      0.00      0.00    7084    3472   0.01  avahi-daemon
02:48:19 AM     0       441    0.00    0.00    0.00    0.00    0.00     3      0.00      0.00    9220    2516   0.01  cron
02:48:19 AM   106       443    0.00    0.00    0.00    0.00    0.00     2      0.00      0.00    9396    5264   0.02  dbus-daemon
02:48:19 AM     0       447    0.00    0.00    0.00    0.00    0.00     1      0.00      0.00  341244   20856   0.07  NetworkManager
02:48:19 AM     0       456    0.00    0.00    0.00    0.00    0.00     4      0.00      0.00   38300   19472   0.06  networkd-dispat
02:48:19 AM     0       473    0.00    0.00    0.00    0.00    0.00     2      0.00      0.00  238860   13352   0.04  polkitd
02:48:19 AM   125       483    0.00    0.00    0.00    0.00    0.00     3      0.00      0.00  220940    8288   0.03  rsyslogd
02:48:19 AM     0       503    0.00    0.00    0.00    0.00    0.00     2      0.00      0.00  235864    4364   0.01  switcheroo-cont
02:48:19 AM     0       514    0.00    0.00    0.00    0.00    0.00     2      0.00      0.00   17076    6760   0.02  systemd-logind
02:48:19 AM     0       523    0.00    0.00    0.00    0.00    0.00     1      0.00      0.00  395556   15676   0.05  udisksd
02:48:19 AM     0       528    0.00    0.00    0.00    0.00    0.00     0      0.00      0.00   12784    8052   0.03  wpa_supplicant
02:48:19 AM     0       548    0.00    0.00    0.00    0.00    0.00     0      0.00      0.00       0       0   0.00  sugov:0
02:48:19 AM   120       555    0.00    0.00    0.00    0.00    0.00     2      0.00      0.00    6896     324   0.00  avahi-daemon
02:48:19 AM     0       585    0.00    0.00    0.00    0.00    0.00     5      0.00      0.00       0       0   0.00  tmp451
02:48:19 AM     0       597    0.00    0.00    0.00    0.00    0.00     3      0.00      0.00       0       0   0.00  irq/286-1-0008
02:48:19 AM     0       600    0.00    0.00    0.00    0.00    0.00     2      0.00      0.00  321792   14480   0.05  ModemManager
02:48:19 AM     0       653    0.00    0.00    0.00    0.00    0.00     0      0.00      0.00    2476     604   0.00  nvfancontrol
02:48:19 AM     0       728    0.00    0.00    0.00    0.00    0.00     4      0.00      0.00       0       0   0.00  adspp_kthread
02:48:19 AM     0       779    0.00    0.00    0.00    0.00    0.00     6      0.00      0.00       0       0   0.00  kworker/6:2H-kblockd
02:48:19 AM     0       876    0.00    0.00    0.00    0.00    0.00     1      0.00      0.00       0       0   0.00  irq/289-2490000
02:48:19 AM     0       887    0.00    0.00    0.00    0.00    0.00     0      0.00      0.00       0       0   0.00  irq/32-eth0.com
02:48:19 AM     0       919    0.00    0.00    0.00    0.00    0.00     4      0.00      0.00       0       0   0.00  file-storage
02:48:19 AM     0       953    0.00    0.00    0.00    0.00    0.00     1      0.00      0.00       0       0   0.00  loop0
02:48:19 AM     0      1048    0.00    0.00    0.00    0.00    0.00     4      0.00      0.00       0       0   0.00  kworker/4:2H-kblockd
02:48:19 AM     0      1091    0.00    0.00    0.00    0.00    0.00     3      0.00      0.00       0       0   0.00  cryptd
02:48:19 AM     0      1147    0.00    0.00    0.00    0.00    0.00     2      0.00      0.00       0       0   0.00  sw-quiesce
02:48:19 AM     0      1148    0.00    0.00    0.00    0.00    0.00     3      0.00      0.00       0       0   0.00  nvgpu_channel_p
02:48:19 AM     0      1151    0.00    0.00    0.00    0.00    0.00     2      0.00      0.00       0       0   0.00  nvgpu_nvs_gv11b
02:48:19 AM     0      1153    0.00    0.00    0.00    0.00    0.00     0      0.00      0.00       0       0   0.00  nvgpu_pg_init_g
02:48:19 AM     0      1157    0.00    0.00    0.00    0.00    0.00     2      0.00      0.00       0       0   0.00  nvgpu_clk_arb_p
02:48:19 AM     0      1162    0.00    0.00    0.00    0.00    0.00     3      0.00      0.00       0       0   0.00  irq/288-rt5659
02:48:19 AM     0      1270    0.00    0.00    0.00    0.00    0.00     3      0.00      0.00   55688   11092   0.03  nvargus-daemon
02:48:19 AM     0      1273    0.00    0.00    0.00    0.00    0.00     3      0.00      0.00   21932    1552   0.00  nvs-service
02:48:19 AM     0      1298    0.00    0.00    0.00    0.00    0.00     1      0.00      0.00 2007972   50424   0.16  containerd
02:48:19 AM     0      1314    0.00    0.00    0.00    0.00    0.00     0      0.00      0.00  240032    7616   0.02  gdm3
02:48:19 AM   108      1326    0.00    0.00    0.00    0.00    0.00     2      0.00      0.00   11468    1896   0.01  kerneloops
02:48:19 AM     0      1327    0.00    0.00    0.00    0.00    0.00     3      0.00      0.00   12236    6576   0.02  sshd
02:48:19 AM     0      1336    0.00    0.00    0.00    0.00    0.00     0      0.00      0.00    7688    1876   0.01  agetty
02:48:19 AM     0      1337    0.00    0.00    0.00    0.00    0.00     2      0.00      0.00    7688    1904   0.01  agetty
02:48:19 AM   108      1339    0.00    0.00    0.00    0.00    0.00     0      0.00      0.00   11468    1820   0.01  kerneloops
02:48:19 AM     0      1340    0.00    0.00    0.00    0.00    0.00     3      0.00      0.00    9216    2824   0.01  nvgetty.sh
02:48:19 AM     0      1379    0.00    0.00    0.00    0.00    0.00     0      0.00      0.00    7688    1848   0.01  getty
02:48:19 AM     0      1554    0.00    0.00    0.00    0.00    0.00     2      0.00      0.00 2111796   85472   0.27  dockerd
02:48:19 AM     0      1677    0.00    0.00    0.00    0.00    0.00     1      0.00      0.00  168472    8256   0.03  gdm-session-wor
02:48:19 AM     0      1711    0.00    0.00    0.00    0.00    0.00     0      0.00      0.00    3248     808   0.00  nvphsd
02:48:19 AM     0      1716    0.00    0.00    0.00    0.00    0.00     3      0.00      0.00    3380    1788   0.01  nvphsd
02:48:19 AM   124      1789    0.00    0.00    0.00    0.00    0.00     3      0.00      0.00   19144    9224   0.03  systemd
02:48:19 AM   124      1804    0.00    0.00    0.00    0.00    0.00     3      0.00      0.00  104488    5436   0.02  (sd-pam)
02:48:19 AM   124      2014    0.00    0.00    0.00    0.00    0.00     0      0.00      0.00  961884   21984   0.07  pulseaudio
02:48:19 AM   124      2032    0.00    0.00    0.00    0.00    0.00     2      0.00      0.00  164156    5924   0.02  gdm-x-session
02:48:19 AM   124      2037    0.00    0.00    0.00    0.00    0.00     1      0.00      0.00 25330232   99256   0.31  Xorg
02:48:19 AM   118      2040    0.00    0.00    0.00    0.00    0.00     1      0.00      0.00  152516    2440   0.01  rtkit-daemon
02:48:19 AM   124      2162    0.00    0.00    0.00    0.00    0.00     2      0.00      0.00    7812    3448   0.01  dbus-daemon
02:48:19 AM   124      2428    0.00    0.00    0.00    0.00    0.00     0      0.00      0.00    4776    1164   0.00  dbus-run-sessio
02:48:19 AM   124      2429    0.00    0.00    0.00    0.00    0.00     2      0.00      0.00    8088    4104   0.01  dbus-daemon
02:48:19 AM   124      2438    0.00    0.00    0.00    0.00    0.00     2      0.00      0.00  559768   14932   0.05  gnome-session-b
02:48:19 AM     0      2457    0.00    0.00    0.00    0.00    0.00     2      0.00      0.00  101692   19628   0.06  jtop
02:48:19 AM   124      2463    0.00    0.00    0.00    0.00    0.00     3      0.00      0.00  309548   10092   0.03  at-spi-bus-laun
02:48:19 AM   124      2470    0.00    0.00    0.00    0.00    0.00     1      0.00      0.00    7676    3468   0.01  dbus-daemon
02:48:19 AM   124      2495    0.00    0.00    0.00    0.00    0.00     1      0.00      0.00 4022996  194908   0.61  gnome-shell
02:48:19 AM     0      2510    0.00    0.00    0.00    0.00    0.00     1      0.00      0.00  175424   16904   0.05  jtop
02:48:19 AM     0      2518    0.00    0.00    0.00    0.00    0.00     2      0.00      0.00  101692   17160   0.05  jtop
02:48:19 AM   124      2696    0.00    0.00    0.00    0.00    0.00     0      0.00      0.00  314420   11212   0.04  ibus-daemon
02:48:19 AM   124      2699    0.00    0.00    0.00    0.00    0.00     2      0.00      0.00  239960   11792   0.04  ibus-dconf
02:48:19 AM   124      2701    0.00    0.00    0.00    0.00    0.00     2      0.00      0.00  189920   16900   0.05  ibus-x11
02:48:19 AM   124      2704    0.00    0.00    0.00    0.00    0.00     3      0.00      0.00  239880    7776   0.02  ibus-portal
02:48:19 AM   124      2715    0.00    0.00    0.00    0.00    0.00     1      0.00      0.00  161420    6880   0.02  at-spi2-registr
02:48:19 AM   124      2719    0.00    0.00    0.00    0.00    0.00     3      0.00      0.00  235804    4672   0.01  xdg-permission-
02:48:19 AM     0      2725    0.00    0.00    0.00    0.00    0.00     3      0.00      0.00  252944    8776   0.03  upowerd
02:48:19 AM   124      2745    0.00    0.00    0.00    0.00    0.00     2      0.00      0.00 3001620   27244   0.09  gjs
02:48:19 AM   124      2764    0.00    0.00    0.00    0.00    0.00     3      0.00      0.00  469396   14236   0.04  gsd-sharing
02:48:19 AM   124      2765    0.00    0.00    0.00    0.00    0.00     1      0.00      0.00  334628   15072   0.05  gsd-wacom
02:48:19 AM   124      2768    0.00    0.00    0.00    0.00    0.00     2      0.00      0.00  571788   19844   0.06  gsd-color
02:48:19 AM   124      2772    0.00    0.00    0.00    0.00    0.00     3      0.00      0.00  338096   17824   0.06  gsd-keyboard
02:48:19 AM   124      2774    0.00    0.00    0.00    0.00    0.00     2      0.00      0.00  322508   11376   0.04  gsd-print-notif
02:48:19 AM   124      2779    0.00    0.00    0.00    0.00    0.00     3      0.00      0.00  166208    7736   0.02  ibus-engine-sim
02:48:19 AM   124      2780    0.00    0.00    0.00    0.00    0.00     1      0.00      0.00  457460    7996   0.03  gsd-rfkill
02:48:19 AM   124      2782    0.00    0.00    0.00    0.00    0.00     1      0.00      0.00  391976    9696   0.03  gsd-smartcard
02:48:19 AM   124      2784    0.00    0.00    0.00    0.00    0.00     2      0.00      0.00  374928   15372   0.05  gsd-datetime
02:48:19 AM   124      2790    0.00    0.00    0.00    0.00    0.00     3      0.00      0.00  679696   20032   0.06  gsd-media-keys
02:48:19 AM   124      2791    0.00    0.00    0.00    0.00    0.00     3      0.00      0.00  235772    5600   0.02  gsd-screensaver
02:48:19 AM   124      2793    0.00    0.00    0.00    0.00    0.00     3      0.00      0.00  320104    9452   0.03  gsd-sound
02:48:19 AM   124      2795    0.00    0.00    0.00    0.00    0.00     3      0.00      0.00  313652   10144   0.03  gsd-a11y-settin
02:48:19 AM   124      2799    0.00    0.00    0.00    0.00    0.00     2      0.00      0.00  313992   10540   0.03  gsd-housekeepin
02:48:19 AM   124      2802    0.00    0.00    0.00    0.00    0.00     1      0.00      0.00  339724   18828   0.06  gsd-power
02:48:19 AM   124      2824    0.00    0.00    0.00    0.00    0.00     2      0.00      0.00  342540   12784   0.04  gsd-printer
02:48:19 AM   119      2837    0.00    0.00    0.00    0.00    0.00     2      0.00      0.00  249328   17548   0.06  colord
02:48:19 AM     0     29120    0.00    0.00    0.00    0.00    0.00     3      0.00      0.00       0       0   0.00  kworker/u17:2
02:48:19 AM     0     33852    0.00    0.00    0.00    0.00    0.00     1      0.00      0.00       0       0   0.00  kworker/1:0H-kblockd
02:48:19 AM     0     35048    0.00    0.00    0.00    0.00    0.00     1      0.00      0.00       0       0   0.00  kworker/u17:0-thermal_fan_est
02:48:19 AM  1000     39960    0.00    0.00    0.00    0.00    0.00     2      0.00      0.00   19248    9208   0.03  systemd
02:48:19 AM  1000     39961    0.00    0.00    0.00    0.00    0.00     2      0.00      0.00  170940    6304   0.02  (sd-pam)
02:48:19 AM  1000     40037    0.00    0.00    0.00    0.00    0.00     3      0.00      0.00    7812    3952   0.01  dbus-daemon
02:48:19 AM     0     40147    0.00    0.00    0.00    0.00    0.00     1      0.00      0.00       0       0   0.00  kworker/1:0-events
02:48:19 AM     0     40174    0.00    0.00    0.00    0.00    0.00     2      0.00      0.00       0       0   0.00  kworker/2:2H-kblockd
02:48:19 AM     0     40194    0.00    0.00    0.00    0.00    0.00     3      0.00      0.00       0       0   0.00  kworker/3:0H-kblockd
02:48:19 AM     0     41650    0.00    0.00    0.00    0.00    0.00     3      0.00      0.00       0       0   0.00  kworker/3:0-events
02:48:19 AM     0     43913    0.00    0.00    0.00    0.00    0.00     2      0.00      0.00   14768    7560   0.02  sshd
02:48:19 AM  1000     43958    0.00    0.00    0.00    0.00    0.00     0      0.00      0.00   15292    6400   0.02  sshd
02:48:19 AM  1000     43959    0.00    0.00    0.00    0.00    0.00     1      0.00      0.00   11344    5444   0.02  bash
02:48:19 AM     0     50050    0.00    0.00    0.00    0.00    0.00     2      0.00      0.00   14768    7572   0.02  sshd
02:48:19 AM  1000     50094    0.00    0.00    0.00    0.00    0.00     3      0.00      0.00   15292    6428   0.02  sshd
02:48:19 AM  1000     50095    0.00    0.00    0.00    0.00    0.00     2      0.00      0.00   11344    5448   0.02  bash
02:48:19 AM     0     81462    0.00    0.00    0.00    0.00    0.00     2      0.00      0.00       0       0   0.00  kworker/2:2-mm_percpu_wq
02:48:19 AM     0     81478    0.00    0.00    0.00    0.00    0.00     0      0.00      0.00       0       0   0.00  kworker/0:1H-kblockd
02:48:19 AM  1000     84840    0.00    0.00    0.00    0.00    0.00     3      0.00      0.00  240176   10088   0.03  gnome-keyring-d
02:48:19 AM   124     84900    0.00    0.00    0.00    0.00    0.00     1      0.00      0.00  156240    4584   0.01  dconf-service
02:48:19 AM     0     85427    0.00    0.00    0.00    0.00    0.00     0      0.00      0.00       0       0   0.00  kworker/0:2-events
02:48:19 AM     0     86310    0.00    1.00    0.00    1.00    1.00     2      0.00      0.00       0       0   0.00  kworker/u16:1-events_unbound
02:48:19 AM     0     86312    0.00    0.00    0.00    0.00    0.00     3      0.00      0.00   14768    7564   0.02  sshd
02:48:19 AM  1000     86356    0.00    0.00    0.00    0.00    0.00     0      0.00      0.00   15292    6380   0.02  sshd
02:48:19 AM  1000     86357    0.00    0.00    0.00    0.00    0.00     1      0.00      0.00   11344    5440   0.02  bash
02:48:19 AM     0     86549    0.00    0.00    0.00    0.00    0.00     2      0.00      0.00   14768    7664   0.02  sshd
02:48:19 AM  1000     86593    1.00    3.00    0.00    2.00    4.00     3      0.00      0.00   15292    6480   0.02  sshd
02:48:19 AM  1000     86594    0.00    0.00    0.00    0.00    0.00     2      0.00      0.00   11860    5896   0.02  bash
02:48:19 AM     0     86632    0.00    0.00    0.00    0.00    0.00     3      0.00      0.00       0       0   0.00  kworker/3:2
02:48:19 AM     0     87290    0.00    0.00    0.00    0.00    0.00     0      0.00      0.00   14768    7584   0.02  sshd
02:48:19 AM  1000     87334    0.00    0.00    0.00    0.00    0.00     0      0.00      0.00   15292    6412   0.02  sshd
02:48:19 AM  1000     87335    0.00    0.00    0.00    0.00    0.00     2      0.00      0.00   11344    5436   0.02  bash
02:48:19 AM     0     89981    0.00    0.00    0.00    0.00    0.00     1      0.00      0.00       0       0   0.00  kworker/1:1-events
02:48:19 AM     0     95050    0.00    0.00    0.00    0.00    0.00     2      0.00      0.00       0       0   0.00  kworker/2:0-events
02:48:19 AM     0     96173    0.00    0.00    0.00    0.00    0.00     1      0.00      0.00       0       0   0.00  kworker/1:2-events
02:48:19 AM     0     99494    0.00    0.00    0.00    1.00    0.00     3      0.00      0.00       0       0   0.00  kworker/u16:3-devfreq_wq
02:48:19 AM     0    107801    0.00    0.00    0.00    0.00    0.00     1      0.00      0.00       0       0   0.00  kworker/1:2H
02:48:19 AM     0    122883    0.00    0.00    0.00    0.00    0.00     2      0.00      0.00       0       0   0.00  kworker/u16:2-events_unbound
02:48:19 AM     0    123203    0.00    0.00    0.00    0.00    0.00     3      0.00      0.00       0       0   0.00  kworker/3:2H
02:48:19 AM     0    124025    0.00    0.00    0.00    0.00    0.00     2      0.00      0.00       0       0   0.00  kworker/2:0H
02:48:19 AM     0    130503    0.00    0.00    0.00    0.00    0.00     0      0.00      0.00       0       0   0.00  kworker/0:0H
02:48:19 AM     0    130577    0.00    0.00    0.00    0.00    0.00     0      0.00      0.00       0       0   0.00  kworker/0:1-events
02:48:19 AM     0    130584    0.00    0.00    0.00    0.00    0.00     2      0.00      0.00   14768    7576   0.02  sshd
02:48:19 AM  1000    130628    0.00    3.00    0.00    0.00    3.00     0      0.00      0.00   16676    7816   0.02  sshd
02:48:19 AM  1000    130629    0.00    0.00    0.00    0.00    0.00     3      0.00      0.00   11344    5436   0.02  bash
02:48:19 AM  1000    130765    0.00    0.00    0.00    0.00    0.00     2      0.00      0.00  283948   43148   0.14  roslaunch
02:48:19 AM  1000    130773    0.00    0.00    0.00    0.00    0.00     0      0.00      0.00  797980   45684   0.14  rosmaster
02:48:19 AM  1000    130783    1.00    0.00    0.00    0.00    1.00     1      0.00      0.00  274964   10152   0.03  rosout
02:48:19 AM  1000    130790   78.00   72.00    0.00   14.00  150.00     2      0.00      0.00 34790064  712520   2.25  scale_truck_con
02:48:19 AM  1000    130791   31.00   68.00    0.00    0.00   99.00     0      0.00      0.00 1571432  113560   0.36  LRC
02:48:19 AM  1000    130854    9.00    7.00    0.00    0.00   16.00     2      0.00      0.00  724884   75168   0.24  python3
02:48:19 AM     0    131985    0.00    0.00    0.00    0.00    0.00     2      0.00      0.00       0       0   0.00  kworker/2:1H
02:48:19 AM     0    132214    0.00    0.00    0.00    0.00    0.00     1      0.00      0.00       0       0   0.00  kworker/1:1H
02:48:19 AM     0    133801    0.00    0.00    0.00    0.00    0.00     0      0.00      0.00       0       0   0.00  kworker/0:0-events
02:48:19 AM     0    137289    0.00    0.00    0.00    0.00    0.00     1      0.00      0.00       0       0   0.00  kworker/1:3-pm
02:48:19 AM     0    139165    0.00    0.00    0.00    0.00    0.00     0      0.00      0.00       0       0   0.00  kworker/0:2H
02:48:19 AM     0    139402    0.00    0.00    0.00    0.00    0.00     1      0.00      0.00       0       0   0.00  kworker/u16:0-events_unbound
02:48:19 AM     0    142495    0.00    0.00    0.00    0.00    0.00     1      0.00      0.00       0       0   0.00  kworker/1:4-pm
02:48:19 AM  1000    144270    0.00    0.00    0.00    0.00    0.00     0      0.00      0.00    7828     552   0.00  timeout
02:48:19 AM  1000    144271    0.00    0.00    0.00    0.00    0.00     0      0.00      0.00   68712   43156   0.14  rosbag
02:48:19 AM  1000    144272    0.00    0.00    0.00    0.00    0.00     2      0.00      0.00    9208    3300   0.01  bash
02:48:19 AM  1000    144520    0.00    0.00    0.00    0.00    0.00     3      0.00      0.00   68692   42744   0.13  rosbag
02:48:19 AM  1000    144531   13.00   32.00    0.00    0.00   45.00     2      0.00      0.00 1172912   23356   0.07  record
02:48:19 AM  1000    144614    5.00   13.00    0.00   17.00   18.00     1      0.00      0.00   17812    9560   0.03  pidstat
02:48:19 AM  1000    144684    2.00    9.00    0.00    8.00   11.00     2      0.00      0.00  365376   26976   0.09  play

# Time        UID       PID    %usr %system  %guest   %wait    %CPU   CPU  minflt/s  majflt/s     VSZ     RSS   %MEM  Command
02:48:20 AM     0         1    0.00    0.00    0.00    0.00    0.00     1      0.00      0.00  169880   11540   0.04  systemd
02:48:20 AM     0         2    0.00    0.00    0.00    0.00    0.00     1      0.00      0.00       0       0   0.00  kthreadd
02:48:20 AM     0         3    0.00    0.00    0.00    0.00    0.00     0      0.00      0.00       0       0   0.00  rcu_gp
02:48:20 AM     0         4    0.00    0.00    0.00    0.00    0.00     0      0.00      0.00       0       0   0.00  rcu_par_gp
02:48:20 AM     0         8    0.00    0.00    0.00    0.00    0.00     0      0.00      0.00       0       0   0.00  mm_percpu_wq
02:48:20 AM     0         9    0.00    0.00    0.00    0.00    0.00     0      0.00      0.00       0       0   0.00  rcu_tasks_kthre
02:48:20 AM     0        10    0.00    0.00    0.00    0.00    0.00     0      0.00      0.00       0       0   0.00  rcu_tasks_rude_
02:48:20 AM     0        11    0.00    0.00    0.00    0.00    0.00     0      0.00      0.00       0       0   0.00  rcu_tasks_trace
02:48:20 AM     0        12    0.00    0.00    0.00    0.00    0.00     0      0.00      0.00       0       0   0.00  ksoftirqd/0
02:48:20 AM     0        13    0.00    1.00    0.00    0.00    1.00     3      0.00      0.00       0       0   0.00  rcu_preempt
02:48:20 AM     0        14    0.00    0.00    0.00    0.00    0.00     0      0.00      0.00       0       0   0.00  migration/0
02:48:20 AM     0        16    0.00    0.00    0.00    0.00    0.00     0      0.00      0.00       0       0   0.00  cpuhp/0
02:48:20 AM     0        17    0.00    0.00    0.00    0.00    0.00     1      0.00      0.00       0       0   0.00  cpuhp/1
02:48:20 AM     0        18    0.00    0.00    0.00    0.00    0.00     1      0.00      0.00       0       0   0.00  migration/1
02:48:20 AM     0        19    0.00    0.00    0.00    0.00    0.00     1      0.00      0.00       0       0   0.00  ksoftirqd/1
02:48:20 AM     0        22    0.00    0.00    0.00    0.00    0.00     2      0.00      0.00       0       0   0.00  cpuhp/2
02:48:20 AM     0        23    0.00    0.00    0.00    0.00    0.00     2      0.00      0.00       0       0   0.00  migration/2
02:48:20 AM     0        24    0.00    0.00    0.00    0.00    0.00     2      0.00      0.00       0       0   0.00  ksoftirqd/2
02:48:20 AM     0        27    0.00    0.00    0.00    0.00    0.00     3      0.00      0.00       0       0   0.00  cpuhp/3
02:48:20 AM     0        28    0.00    0.00    0.00    0.00    0.00     3      0.00      0.00       0       0   0.00  migration/3
02:48:20 AM     0        29    0.00    0.00    0.00    0.00    0.00     3      0.00      0.00       0       0   0.00  ksoftirqd/3
02:48:20 AM     0        32    0.00    0.00    0.00    0.00    0.00     4      0.00      0.00       0       0   0.00  cpuhp/4
02:48:20 AM     0        33    0.00    0.00    0.00    0.00    0.00     4      0.00      0.00       0       0   0.00  migration/4
02:48:20 AM     0        34    0.00    0.00    0.00    0.00    0.00     4      0.00      0.00       0       0   0.00  ksoftirqd/4
02:48:20 AM     0        36    0.00    0.00    0.00    0.00    0.00     4      0.00      0.00       0       0   0.00  kworker/4:0H-kblockd
02:48:20 AM     0        37    0.00    0.00    0.00    0.00    0.00     5      0.00      0.00       0       0   0.00  cpuhp/5
02:48:20 AM     0        38    0.00    0.00    0.00    0.00    0.00     5      0.00      0.00       0       0   0.00  migration/5
02:48:20 AM     0        39    0.00    0.00    0.00    0.00    0.00     5      0.00      0.00       0       0   0.00  ksoftirqd/5
02:48:20 AM     0        41    0.00    0.00    0.00    0.00    0.00     5      0.00      0.00       0       0   0.00  kworker/5:0H-kblockd
02:48:20 AM     0        42    0.00    0.00    0.00    0.00    0.00     6      0.00      0.00       0       0   0.00  cpuhp/6
02:48:20 AM     0        43    0.00    0.00    0.00    0.00    0.00     6      0.00      0.00       0       0   0.00  migration/6
02:48:20 AM     0        44    0.00    0.00    0.00    0.00    0.00     6      0.00      0.00       0       0   0.00  ksoftirqd/6
02:48:20 AM     0        46    0.00    0.00    0.00    0.00    0.00     6      0.00      0.00       0       0   0.00  kworker/6:0H-events_highpri
02:48:20 AM     0        47    0.00    0.00    0.00    0.00    0.00     7      0.00      0.00       0       0   0.00  cpuhp/7
02:48:20 AM     0        48    0.00    0.00    0.00    0.00    0.00     7      0.00      0.00       0       0   0.00  migration/7
02:48:20 AM     0        49    0.00    0.00    0.00    0.00    0.00     7      0.00      0.00       0       0   0.00  ksoftirqd/7
02:48:20 AM     0        50    0.00    0.00    0.00    0.00    0.00     0      0.00      0.00       0       0   0.00  kworker/7:0-rcu_gp
02:48:20 AM     0        51    0.00    0.00    0.00    0.00    0.00     7      0.00      0.00       0       0   0.00  kworker/7:0H-kblockd
02:48:20 AM     0        52    0.00    0.00    0.00    0.00    0.00     0      0.00      0.00       0       0   0.00  kdevtmpfs
02:48:20 AM     0        53    0.00    0.00    0.00    0.00    0.00     4      0.00      0.00       0       0   0.00  netns
02:48:20 AM     0        54    0.00    0.00    0.00    0.00    0.00     1      0.00      0.00       0       0   0.00  kauditd
02:48:20 AM     0        55    0.00    0.00    0.00    0.00    0.00     0      0.00      0.00       0       0   0.00  irq/87-mc_statu
02:48:20 AM     0        56    0.00    0.00    0.00    0.00    0.00     2      0.00      0.00       0       0   0.00  khungtaskd
02:48:20 AM     0        57    0.00    0.00    0.00    0.00    0.00     3      0.00      0.00       0       0   0.00  oom_reaper
02:48:20 AM     0        58    0.00    0.00    0.00    0.00    0.00     5      0.00      0.00       0       0   0.00  writeback
02:48:20 AM     0        59    0.00    0.00    0.00    0.00    0.00     3      0.00      0.00       0       0   0.00  kcompactd0
02:48:20 AM     0        60    0.00    0.00    0.00    0.00    0.00     1      0.00      0.00       0       0   0.00  ksmd
02:48:20 AM     0        61    0.00    0.00    0.00    0.00    0.00     1      0.00      0.00       0       0   0.00  khugepaged
02:48:20 AM     0        93    0.00    0.00    0.00    0.00    0.00     1      0.00      0.00       0       0   0.00  kintegrityd
02:48:20 AM     0        94    0.00    0.00    0.00    0.00    0.00     1      0.00      0.00       0       0   0.00  kblockd
02:48:20 AM     0        95    0.00    0.00    0.00    0.00    0.00     1      0.00      0.00       0       0   0.00  blkcg_punt_bio
02:48:20 AM     0        97    0.00    0.00    0.00    0.00    0.00     3      0.00      0.00       0       0   0.00  tpm_dev_wq
02:48:20 AM     0        98    0.00    0.00    0.00    0.00    0.00     0      0.00      0.00       0       0   0.00  irq/197-30c0000
02:48:20 AM     0        99    0.00    0.00    0.00    0.00    0.00     1      0.00      0.00       0       0   0.00  devfreq_wq
02:48:20 AM     0       100    0.00    0.00    0.00    0.00    0.00     1      0.00      0.00       0       0   0.00  watchdogd
02:48:20 AM     0       104    0.00    0.00    0.00    0.00    0.00     7      0.00      0.00       0       0   0.00  rpciod
02:48:20 AM     0       106    0.00    0.00    0.00    0.00    0.00     7      0.00      0.00       0       0   0.00  xprtiod
02:48:20 AM     0       108    0.00    0.00    0.00    0.00    0.00     7      0.00      0.00       0       0   0.00  kswapd0
02:48:20 AM     0       109    0.00    0.00    0.00    0.00    0.00     5      0.00      0.00       0       0   0.00  nfsiod
02:48:20 AM     0       112    0.00    0.00    0.00    0.00    0.00     1      0.00      0.00       0       0   0.00  kthrotld
02:48:20 AM     0       113    0.00    0.00    0.00    0.00    0.00     7      0.00      0.00       0       0   0.00  kpcitest
02:48:20 AM     0       116    0.00    0.00    0.00    0.00    0.00     5      0.00      0.00       0       0   0.00  kworker/5:1-events
02:48:20 AM     0       122    0.00    0.00    0.00    0.00    0.00     1      0.00      0.00       0       0   0.00  nvme-wq
02:48:20 AM     0       123    0.00    0.00    0.00    0.00    0.00     5      0.00      0.00       0       0   0.00  nvme-reset-wq
02:48:20 AM     0       124    0.00    0.00    0.00    0.00    0.00     6      0.00      0.00       0       0   0.00  nvme-delete-wq
02:48:20 AM     0       125    0.00    0.00    0.00    0.00    0.00     6      0.00      0.00       0       0   0.00  uas
02:48:20 AM     0       126    0.00    0.00    0.00    0.00    0.00     0      0.00      0.00       0       0   0.00  irq/222-tegra_r
02:48:20 AM     0       127    0.00    0.00    0.00    0.00    0.00     0      0.00      0.00       0       0   0.00  kworker/7:2-events
02:48:20 AM     0       129    0.00    0.00    0.00    0.00    0.00     0      0.00      0.00       0       0   0.00  irq/86-tegra-oc
02:48:20 AM     0       130    0.00    0.00    0.00    0.00    0.00     5      0.00      0.00       0       0   0.00  dm_bufio_cache
02:48:20 AM     0       131    0.00    0.00    0.00    0.00    0.00     0      0.00      0.00       0       0   0.00  irq/223-max7762
02:48:20 AM     0       140    0.00    0.00    0.00    0.00    0.00     0      0.00      0.00       0       0   0.00  irq/55-bc00000.
02:48:20 AM     0       143    0.00    0.00    0.00    0.00    0.00     0      0.00      0.00       0       0   0.00  ipv6_addrconf
02:48:20 AM     0       144    0.00    0.00    0.00    0.00    0.00     6      0.00      0.00       0       0   0.00  krfcommd
02:48:20 AM     0       145    0.00    0.00    0.00    0.00    0.00     0      0.00      0.00       0       0   0.00  kstrp
02:48:20 AM     0       150    0.00    0.00    0.00    0.00    0.00     0      0.00      0.00       0       0   0.00  irq/24-tegra-pc
02:48:20 AM     0       154    0.00    0.00    0.00    0.00    0.00     0      0.00      0.00       0       0   0.00  irq/26-tegra-pc
02:48:20 AM     0       160    0.00    0.00    0.00    0.00    0.00     0      0.00      0.00       0       0   0.00  irq/26-aerdrv
02:48:20 AM     0       161    0.00    0.00    0.00    0.00    0.00     0      0.00      0.00       0       0   0.00  irq/28-tegra-pc
02:48:20 AM     0       162    0.00    0.00    0.00    0.00    0.00     0      0.00      0.00       0       0   0.00  irq/28-aerdrv
02:48:20 AM     0       163    0.00    0.00    0.00    0.00    0.00     5      0.00      0.00       0       0   0.00  host_low_prio_w
02:48:20 AM     0       164    0.00    0.00    0.00    0.00    0.00     0      0.00      0.00       0       0   0.00  irq/57-host_syn
02:48:20 AM     0       165    0.00    0.00    0.00    0.00    0.00     0      0.00      0.00       0       0   0.00  irq/58-host_sta
02:48:20 AM     0       173    0.00    0.00    0.00    0.00    0.00     5      0.00      0.00       0       0   0.00  pva_task_status
02:48:20 AM     0       174    0.00    0.00    0.00    0.00    0.00     0      0.00      0.00       0       0   0.00  irq/75-pva-isr
02:48:20 AM     0       175    0.00    0.00    0.00    0.00    0.00     0      0.00      0.00       0       0   0.00  pva_task_status
02:48:20 AM     0       176    0.00    0.00    0.00    0.00    0.00     0      0.00      0.00       0       0   0.00  irq/76-pva-isr
02:48:20 AM     0       185    0.00    0.00    0.00    0.00    0.00     0      0.00      0.00       0       0   0.00  sdhci
02:48:20 AM     0       186    0.00    0.00    0.00    0.00    0.00     0      0.00      0.00       0       0   0.00  irq/39-mmc0
02:48:20 AM     0       187    0.00    0.00    0.00    0.00    0.00     2      0.00      0.00       0       0   0.00  sdhci
02:48:20 AM     0       189    0.00    0.00    0.00    0.00    0.00     0      0.00      0.00       0       0   0.00  irq/40-mmc1
02:48:20 AM     0       195    0.00    0.00    0.00    0.00    0.00     7      0.00      0.00       0       0   0.00  scsi_eh_0
02:48:20 AM     0       196    0.00    0.00    0.00    0.00    0.00     7      0.00      0.00       0       0   0.00  scsi_tmf_0
02:48:20 AM     0       197    0.00    0.00    0.00    0.00    0.00     0      0.00      0.00       0       0   0.00  kworker/5:2-events
02:48:20 AM     0       198    0.00    0.00    0.00    0.00    0.00     0      0.00      0.00       0       0   0.00  irq/67-15200000
02:48:20 AM     0       199    0.00    0.00    0.00    0.00    0.00     1      0.00      0.00       0       0   0.00  tegradc.0/a
02:48:20 AM     0       200    0.00    0.00    0.00    0.00    0.00     0      0.00      0.00       0       0   0.00  tegradc.0/b
02:48:20 AM     0       201    0.00    0.00    0.00    0.00    0.00     0      0.00      0.00       0       0   0.00  tegradc.0/c
02:48:20 AM     0       202    0.00    0.00    0.00    0.00    0.00     0      0.00      0.00       0       0   0.00  tegradc.0/d
02:48:20 AM     0       203    0.00    0.00    0.00    0.00    0.00     0      0.00      0.00       0       0   0.00  tegradc.0/e
02:48:20 AM     0       204    0.00    0.00    0.00    0.00    0.00     0      0.00      0.00       0       0   0.00  tegradc.0/f
02:48:20 AM     0       205    0.00    0.00    0.00    0.00    0.00     0      0.00      0.00       0       0   0.00  tegradc.0/sl
02:48:20 AM     0       206    0.00    0.00    0.00    0.00    0.00     0      0.00      0.00       0       0   0.00  irq/62-15200000
02:48:20 AM     0       207    0.00    0.00    0.00    0.00    0.00     0      0.00      0.00       0       0   0.00  irq/276-3400000
02:48:20 AM     0       208    0.00    0.00    0.00    0.00    0.00     0      0.00      0.00       0       0   0.00  ufs_eh_wq_0
02:48:20 AM     0       209    0.00    0.00    0.00    0.00    0.00     3      0.00      0.00       0       0   0.00  mmc_complete
02:48:20 AM     0       211    0.00    0.00    0.00    0.00    0.00     0      0.00      0.00       0       0   0.00  irq/278-1520000
02:48:20 AM     0       212    0.00    0.00    0.00    0.00    0.00     0      0.00      0.00       0       0   0.00  irq/203-3610000
02:48:20 AM     0       213    0.00    0.00    0.00    0.00    0.00     0      0.00      0.00       0       0   0.00  irq/221-3610000
02:48:20 AM     0       214    0.00    0.00    0.00    0.00    0.00     0      0.00      0.00       0       0   0.00  irq/30-tegra-pc
02:48:20 AM     0       216    0.00    0.00    0.00    0.00    0.00     0      0.00      0.00       0       0   0.00  kworker/4:3-events
02:48:20 AM     0       218    0.00    0.00    0.00    0.00    0.00     4      0.00      0.00       0       0   0.00  kworker/4:5-events
02:48:20 AM     0       221    0.00    0.00    0.00    0.00    0.00     0      0.00      0.00       0       0   0.00  kworker/6:12-events
02:48:20 AM     0       222    0.00    0.00    0.00    0.00    0.00     0      0.00      0.00       0       0   0.00  kworker/6:13-events
02:48:20 AM     0       225    0.00    0.00    0.00    0.00    0.00     0      0.00      0.00       0       0   0.00  irq/68-tegra_dp
02:48:20 AM     0       226    0.00    0.00    0.00    0.00    0.00     0      0.00      0.00       0       0   0.00  irq/65-15210000
02:48:20 AM     0       227    0.00    0.00    0.00    0.00    0.00     0      0.00      0.00       0       0   0.00  tegradc.1/a
02:48:20 AM     0       228    0.00    0.00    0.00    0.00    0.00     0      0.00      0.00       0       0   0.00  tegradc.1/b
02:48:20 AM     0       229    0.00    0.00    0.00    0.00    0.00     0      0.00      0.00       0       0   0.00  tegradc.1/c
02:48:20 AM     0       230    0.00    0.00    0.00    0.00    0.00     0      0.00      0.00       0       0   0.00  tegradc.1/d
02:48:20 AM     0       231    0.00    0.00    0.00    0.00    0.00     0      0.00      0.00       0       0   0.00  tegradc.1/e
02:48:20 AM     0       232    0.00    0.00    0.00    0.00    0.00     0      0.00      0.00       0       0   0.00  tegradc.1/f
02:48:20 AM     0       233    0.00    0.00    0.00    0.00    0.00     1      0.00      0.00       0       0   0.00  tegradc.1/sl
02:48:20 AM     0       234    0.00    0.00    0.00    0.00    0.00     0      0.00      0.00       0       0   0.00  irq/63-15210000
02:48:20 AM     0       249    0.00    0.00    0.00    0.00    0.00     0      0.00      0.00       0       0   0.00  irq/56-d230000.
02:48:20 AM     0       250    0.00    0.00    0.00    0.00    0.00     0      0.00      0.00       0       0   0.00  irq/69-tegra_dp
02:48:20 AM     0       251    0.00    0.00    0.00    0.00    0.00     0      0.00      0.00       0       0   0.00  irq/66-15220000
02:48:20 AM     0       252    0.00    0.00    0.00    0.00    0.00     0      0.00      0.00       0       0   0.00  tegradc.2/a
02:48:20 AM     0       253    0.00    0.00    0.00    0.00    0.00     0      0.00      0.00       0       0   0.00  tegradc.2/b
02:48:20 AM     0       254    0.00    0.00    0.00    0.00    0.00     0      0.00      0.00       0       0   0.00  tegradc.2/c
02:48:20 AM     0       255    0.00    0.00    0.00    0.00    0.00     0      0.00      0.00       0       0   0.00  tegradc.2/d
02:48:20 AM     0       256    0.00    0.00    0.00    0.00    0.00     0      0.00      0.00       0       0   0.00  tegradc.2/e
02:48:20 AM     0       257    0.00    0.00    0.00    0.00    0.00     0      0.00      0.00       0       0   0.00  tegradc.2/f
02:48:20 AM     0       258    0.00    0.00    0.00    0.00    0.00     0      0.00      0.00       0       0   0.00  tegradc.2/sl
02:48:20 AM     0       259    0.00    0.00    0.00    0.00    0.00     0      0.00      0.00       0       0   0.00  irq/64-15220000
02:48:20 AM     0       275    0.00    0.00    0.00    0.00    0.00     3      0.00      0.00       0       0   0.00  jbd2/mmcblk0p1-
02:48:20 AM     0       276    0.00    0.00    0.00    0.00    0.00     3      0.00      0.00       0       0   0.00  ext4-rsv-conver
02:48:20 AM     0       280    0.00    0.00    0.00    0.00    0.00     7      0.00      0.00       0       0   0.00  kworker/7:1H
02:48:20 AM     0       286    0.00    0.00    0.00    0.00    0.00     5      0.00      0.00       0       0   0.00  kworker/5:1H-kblockd
02:48:20 AM     0       312    0.00    0.00    0.00    0.00    0.00     2      0.00      0.00   61816   31808   0.10  systemd-journal
02:48:20 AM     0       338    0.00    4.00    0.00   19.00    4.00     1      0.00      0.00       0       0   0.00  nvmap-bz
02:48:20 AM     0       339    0.00    0.00    0.00    0.00    0.00     0      0.00      0.00       0       0   0.00  irq/204-gk20a_s
02:48:20 AM     0       340    0.00    0.00    0.00    0.00    0.00     0      0.00      0.00       0       0   0.00  irq/205-gk20a_n
02:48:20 AM     0       345    0.00    0.00    0.00    0.00    0.00     3      0.00      0.00    2776    1492   0.00  tee-supplicant
02:48:20 AM     0       347    0.00    0.00    0.00    0.00    0.00     3      0.00      0.00       0       0   0.00  optee_bus_scan
02:48:20 AM     0       358    0.00    0.00    0.00    0.00    0.00     3      0.00      0.00   22788    7532   0.02  systemd-udevd
02:48:20 AM     0       364    0.00    0.00    0.00    0.00    0.00     1      0.00      0.00    7948    4892   0.02  haveged
02:48:20 AM   126       365    0.00    0.00    0.00    0.00    0.00     3      0.00      0.00    7136    3108   0.01  rpcbind
02:48:20 AM   105       366    0.00    0.00    0.00    0.00    0.00     1      0.00      0.00   25592   13288   0.04  systemd-resolve
02:48:20 AM   103       367    0.00    0.00    0.00    0.00    0.00     1      0.00      0.00   90672    6220   0.02  systemd-timesyn
02:48:20 AM     0       407    0.00    0.00    0.00    0.00    0.00     5      0.00      0.00       0       0   0.00  cfg80211
02:48:20 AM     0       410    0.00    0.00    0.00    0.00    0.00     0      0.00      0.00       0       0   0.00  irq/42-3210000.
02:48:20 AM     0       412    0.00    0.00    0.00    0.00    0.00     2      0.00      0.00       0       0   0.00  spi0
02:48:20 AM     0       413    0.00   15.00    0.00    0.00   15.00     1      0.00      0.00       0       0   0.00  irq/282-iwlwifi
02:48:20 AM     0       416    0.00    0.00    0.00    0.00    0.00     4      0.00      0.00       0       0   0.00  ata_sff
02:48:20 AM     0       419    0.00    0.00    0.00    0.00    0.00     0      0.00      0.00       0       0   0.00  irq/43-c260000.
02:48:20 AM     0       420    0.00    0.00    0.00    0.00    0.00     6      0.00      0.00       0       0   0.00  scsi_eh_1
02:48:20 AM     0       422    0.00    0.00    0.00    0.00    0.00     6      0.00      0.00       0       0   0.00  scsi_tmf_1
02:48:20 AM     0       427    0.00    0.00    0.00    0.00    0.00     0      0.00      0.00       0       0   0.00  spi1
02:48:20 AM     0       430    0.00    0.00    0.00    0.00    0.00     3      0.00      0.00  242072    8880   0.03  accounts-daemon
02:48:20 AM   120       439    0.00    0.00    0.00    0.00    0.00     1      0.00      0.00    7084    3472   0.01  avahi-daemon
02:48:20 AM     0       441    0.00    0.00    0.00    0.00    0.00     3      0.00      0.00    9220    2516   0.01  cron
02:48:20 AM   106       443    0.00    0.00    0.00    0.00    0.00     1      0.00      0.00    9396    5264   0.02  dbus-daemon
02:48:20 AM     0       447    0.00    0.00    0.00    0.00    0.00     0      0.00      0.00  341244   20856   0.07  NetworkManager
02:48:20 AM     0       456    0.00    0.00    0.00    0.00    0.00     4      0.00      0.00   38300   19472   0.06  networkd-dispat
02:48:20 AM     0       473    0.00    0.00    0.00    0.00    0.00     2      0.00      0.00  238860   13352   0.04  polkitd
02:48:20 AM   125       483    0.00    0.00    0.00    0.00    0.00     3      0.00      0.00  220940    8288   0.03  rsyslogd
02:48:20 AM     0       503    0.00    0.00    0.00    0.00    0.00     2      0.00      0.00  235864    4364   0.01  switcheroo-cont
02:48:20 AM     0       514    0.00    0.00    0.00    0.00    0.00     2      0.00      0.00   17076    6760   0.02  systemd-logind
02:48:20 AM     0       523    0.00    0.00    0.00    0.00    0.00     1      0.00      0.00  395556   15676   0.05  udisksd
02:48:20 AM     0       528    0.00    0.00    0.00    0.00    0.00     0      0.00      0.00   12784    8052   0.03  wpa_supplicant
02:48:20 AM     0       548    0.00    0.00    0.00    0.00    0.00     0      0.00      0.00       0       0   0.00  sugov:0
02:48:20 AM   120       555    0.00    0.00    0.00    0.00    0.00     2      0.00      0.00    6896     324   0.00  avahi-daemon
02:48:20 AM     0       585    0.00    0.00    0.00    0.00    0.00     5      0.00      0.00       0       0   0.00  tmp451
02:48:20 AM     0       597    0.00    0.00    0.00    0.00    0.00     3      0.00      0.00       0       0   0.00  irq/286-1-0008
02:48:20 AM     0       600    0.00    0.00    0.00    0.00    0.00     2      0.00      0.00  321792   14480   0.05  ModemManager
02:48:20 AM     0       653    0.00    0.00    0.00    0.00    0.00     0      0.00      0.00    2476     604   0.00  nvfancontrol
02:48:20 AM     0       728    0.00    0.00    0.00    0.00    0.00     4      0.00      0.00       0       0   0.00  adspp_kthread
02:48:20 AM     0       779    0.00    0.00    0.00    0.00    0.00     6      0.00      0.00       0       0   0.00  kworker/6:2H-kblockd
02:48:20 AM     0       876    0.00    0.00    0.00    0.00    0.00     1      0.00      0.00       0       0   0.00  irq/289-2490000
02:48:20 AM     0       887    0.00    0.00    0.00    0.00    0.00     0      0.00      0.00       0       0   0.00  irq/32-eth0.com
02:48:20 AM     0       919    0.00    0.00    0.00    0.00    0.00     4      0.00      0.00       0       0   0.00  file-storage
02:48:20 AM     0       953    0.00    0.00    0.00    0.00    0.00     1      0.00      0.00       0       0   0.00  loop0
02:48:20 AM     0      1048    0.00    0.00    0.00    0.00    0.00     4      0.00      0.00       0       0   0.00  kworker/4:2H-kblockd
02:48:20 AM     0      1091    0.00    0.00    0.00    0.00    0.00     3      0.00      0.00       0       0   0.00  cryptd
02:48:20 AM     0      1147    0.00    0.00    0.00    0.00    0.00     2      0.00      0.00       0       0   0.00  sw-quiesce
02:48:20 AM     0      1148    0.00    0.00    0.00    0.00    0.00     3      0.00      0.00       0       0   0.00  nvgpu_channel_p
02:48:20 AM     0      1151    0.00    0.00    0.00    0.00    0.00     3      0.00      0.00       0       0   0.00  nvgpu_nvs_gv11b
02:48:20 AM     0      1153    0.00    0.00    0.00    0.00    0.00     0      0.00      0.00       0       0   0.00  nvgpu_pg_init_g
02:48:20 AM     0      1157    0.00    0.00    0.00    0.00    0.00     2      0.00      0.00       0       0   0.00  nvgpu_clk_arb_p
02:48:20 AM     0      1162    0.00    0.00    0.00    0.00    0.00     3      0.00      0.00       0       0   0.00  irq/288-rt5659
02:48:20 AM     0      1270    0.00    0.00    0.00    0.00    0.00     3      0.00      0.00   55688   11092   0.03  nvargus-daemon
02:48:20 AM     0      1273    0.00    0.00    0.00    0.00    0.00     3      0.00      0.00   21932    1552   0.00  nvs-service
02:48:20 AM     0      1298    0.00    0.00    0.00    0.00    0.00     1      0.00      0.00 2007972   50424   0.16  containerd
02:48:20 AM     0      1314    0.00    0.00    0.00    0.00    0.00     0      0.00      0.00  240032    7616   0.02  gdm3
02:48:20 AM   108      1326    0.00    0.00    0.00    0.00    0.00     2      0.00      0.00   11468    1896   0.01  kerneloops
02:48:20 AM     0      1327    0.00    0.00    0.00    0.00    0.00     3      0.00      0.00   12236    6576   0.02  sshd
02:48:20 AM     0      1336    0.00    0.00    0.00    0.00    0.00     0      0.00      0.00    7688    1876   0.01  agetty
02:48:20 AM     0      1337    0.00    0.00    0.00    0.00    0.00     2      0.00      0.00    7688    1904   0.01  agetty
02:48:20 AM   108      1339    0.00    0.00    0.00    0.00    0.00     0      0.00      0.00   11468    1820   0.01  kerneloops
02:48:20 AM     0      1340    0.00    0.00    0.00    0.00    0.00     3      0.00      0.00    9216    2824   0.01  nvgetty.sh
02:48:20 AM     0      1379    0.00    0.00    0.00    0.00    0.00     0      0.00      0.00    7688    1848   0.01  getty
02:48:20 AM     0      1554    0.00    0.00    0.00    0.00    0.00     2      0.00      0.00 2111796   85472   0.27  dockerd
02:48:20 AM     0      1677    0.00    0.00    0.00    0.00    0.00     1      0.00      0.00  168472    8256   0.03  gdm-session-wor
02:48:20 AM     0      1711    0.00    0.00    0.00    0.00    0.00     0      0.00      0.00    3248     808   0.00  nvphsd
02:48:20 AM     0      1716    0.00    0.00    0.00    0.00    0.00     3      0.00      0.00    3380    1788   0.01  nvphsd
02:48:20 AM   124      1789    0.00    0.00    0.00    0.00    0.00     3      0.00      0.00   19144    9224   0.03  systemd
02:48:20 AM   124      1804    0.00    0.00    0.00    0.00    0.00     3      0.00      0.00  104488    5436   0.02  (sd-pam)
02:48:20 AM   124      2014    0.00    0.00    0.00    0.00    0.00     0      0.00      0.00  961884   21984   0.07  pulseaudio
02:48:20 AM   124      2032    0.00    0.00    0.00    0.00    0.00     2      0.00      0.00  164156    5924   0.02  gdm-x-session
02:48:20 AM   124      2037    0.00    0.00    0.00    0.00    0.00     1      0.00      0.00 25330232   99256   0.31  Xorg
02:48:20 AM   118      2040    0.00    0.00    0.00    0.00    0.00     1      0.00      0.00  152516    2440   0.01  rtkit-daemon
02:48:20 AM   124      2162    0.00    0.00    0.00    0.00    0.00     2      0.00      0.00    7812    3448   0.01  dbus-daemon
02:48:20 AM   124      2428    0.00    0.00    0.00    0.00    0.00     0      0.00      0.00    4776    1164   0.00  dbus-run-sessio
02:48:20 AM   124      2429    0.00    0.00    0.00    0.00    0.00     2      0.00      0.00    8088    4104   0.01  dbus-daemon
02:48:20 AM   124      2438    0.00    0.00    0.00    0.00    0.00     2      0.00      0.00  559768   14932   0.05  gnome-session-b
02:48:20 AM     0      2457    0.00    0.00    0.00    0.00    0.00     2      0.00      0.00  101692   19628   0.06  jtop
02:48:20 AM   124      2463    0.00    0.00    0.00    0.00    0.00     3      0.00      0.00  309548   10092   0.03  at-spi-bus-laun
02:48:20 AM   124      2470    0.00    0.00    0.00    0.00    0.00     1      0.00      0.00    7676    3468   0.01  dbus-daemon
02:48:20 AM   124      2495    0.00    0.00    0.00    0.00    0.00     1      0.00      0.00 4022996  194908   0.61  gnome-shell
02:48:20 AM     0      2510    0.00    0.00    0.00    0.00    0.00     1      0.00      0.00  175424   16904   0.05  jtop
02:48:20 AM     0      2518    0.00    0.00    0.00    0.00    0.00     2      0.00      0.00  101692   17160   0.05  jtop
02:48:20 AM   124      2696    0.00    0.00    0.00    0.00    0.00     0      0.00      0.00  314420   11212   0.04  ibus-daemon
02:48:20 AM   124      2699    0.00    0.00    0.00    0.00    0.00     2      0.00      0.00  239960   11792   0.04  ibus-dconf
02:48:20 AM   124      2701    0.00    0.00    0.00    0.00    0.00     2      0.00      0.00  189920   16900   0.05  ibus-x11
02:48:20 AM   124      2704    0.00    0.00    0.00    0.00    0.00     3      0.00      0.00  239880    7776   0.02  ibus-portal
02:48:20 AM   124      2715    0.00    0.00    0.00    0.00    0.00     1      0.00      0.00  161420    6880   0.02  at-spi2-registr
02:48:20 AM   124      2719    0.00    0.00    0.00    0.00    0.00     3      0.00      0.00  235804    4672   0.01  xdg-permission-
02:48:20 AM     0      2725    0.00    0.00    0.00    0.00    0.00     3      0.00      0.00  252944    8776   0.03  upowerd
02:48:20 AM   124      2745    0.00    0.00    0.00    0.00    0.00     2      0.00      0.00 3001620   27244   0.09  gjs
02:48:20 AM   124      2764    0.00    0.00    0.00    0.00    0.00     0      0.00      0.00  469396   14236   0.04  gsd-sharing
02:48:20 AM   124      2765    0.00    0.00    0.00    0.00    0.00     1      0.00      0.00  334628   15072   0.05  gsd-wacom
02:48:20 AM   124      2768    0.00    0.00    0.00    0.00    0.00     2      0.00      0.00  571788   19844   0.06  gsd-color
02:48:20 AM   124      2772    0.00    0.00    0.00    0.00    0.00     3      0.00      0.00  338096   17824   0.06  gsd-keyboard
02:48:20 AM   124      2774    0.00    0.00    0.00    0.00    0.00     2      0.00      0.00  322508   11376   0.04  gsd-print-notif
02:48:20 AM   124      2779    0.00    0.00    0.00    0.00    0.00     3      0.00      0.00  166208    7736   0.02  ibus-engine-sim
02:48:20 AM   124      2780    0.00    0.00    0.00    0.00    0.00     1      0.00      0.00  457460    7996   0.03  gsd-rfkill
02:48:20 AM   124      2782    0.00    0.00    0.00    0.00    0.00     1      0.00      0.00  391976    9696   0.03  gsd-smartcard
02:48:20 AM   124      2784    0.00    0.00    0.00    0.00    0.00     2      0.00      0.00  374928   15372   0.05  gsd-datetime
02:48:20 AM   124      2790    0.00    0.00    0.00    0.00    0.00     3      0.00      0.00  679696   20032   0.06  gsd-media-keys
02:48:20 AM   124      2791    0.00    0.00    0.00    0.00    0.00     3      0.00      0.00  235772    5600   0.02  gsd-screensaver
02:48:20 AM   124      2793    0.00    0.00    0.00    0.00    0.00     3      0.00      0.00  320104    9452   0.03  gsd-sound
02:48:20 AM   124      2795    0.00    0.00    0.00    0.00    0.00     3      0.00      0.00  313652   10144   0.03  gsd-a11y-settin
02:48:20 AM   124      2799    0.00    0.00    0.00    0.00    0.00     2      0.00      0.00  313992   10540   0.03  gsd-housekeepin
02:48:20 AM   124      2802    0.00    0.00    0.00    0.00    0.00     1      0.00      0.00  339724   18828   0.06  gsd-power
02:48:20 AM   124      2824    0.00    0.00    0.00    0.00    0.00     2      0.00      0.00  342540   12784   0.04  gsd-printer
02:48:20 AM   119      2837    0.00    0.00    0.00    0.00    0.00     2      0.00      0.00  249328   17548   0.06  colord
02:48:20 AM     0     29120    0.00    0.00    0.00    0.00    0.00     3      0.00      0.00       0       0   0.00  kworker/u17:2
02:48:20 AM     0     33852    0.00    0.00    0.00    0.00    0.00     1      0.00      0.00       0       0   0.00  kworker/1:0H-kblockd
02:48:20 AM     0     35048    0.00    0.00    0.00    0.00    0.00     1      0.00      0.00       0       0   0.00  kworker/u17:0-thermal_fan_est
02:48:20 AM  1000     39960    0.00    0.00    0.00    0.00    0.00     2      0.00      0.00   19248    9208   0.03  systemd
02:48:20 AM  1000     39961    0.00    0.00    0.00    0.00    0.00     2      0.00      0.00  170940    6304   0.02  (sd-pam)
02:48:20 AM  1000     40037    0.00    0.00    0.00    0.00    0.00     3      0.00      0.00    7812    3952   0.01  dbus-daemon
02:48:20 AM     0     40147    0.00    0.00    0.00    0.00    0.00     1      0.00      0.00       0       0   0.00  kworker/1:0-events
02:48:20 AM     0     40174    0.00    0.00    0.00    0.00    0.00     2      0.00      0.00       0       0   0.00  kworker/2:2H-kblockd
02:48:20 AM     0     40194    0.00    0.00    0.00    0.00    0.00     3      0.00      0.00       0       0   0.00  kworker/3:0H-kblockd
02:48:20 AM     0     41650    0.00    0.00    0.00    0.00    0.00     3      0.00      0.00       0       0   0.00  kworker/3:0-events
02:48:20 AM     0     43913    0.00    0.00    0.00    0.00    0.00     2      0.00      0.00   14768    7560   0.02  sshd
02:48:20 AM  1000     43958    0.00    0.00    0.00    0.00    0.00     0      0.00      0.00   15292    6400   0.02  sshd
02:48:20 AM  1000     43959    0.00    0.00    0.00    0.00    0.00     1      0.00      0.00   11344    5444   0.02  bash
02:48:20 AM     0     50050    0.00    0.00    0.00    0.00    0.00     2      0.00      0.00   14768    7572   0.02  sshd
02:48:20 AM  1000     50094    0.00    0.00    0.00    0.00    0.00     3      0.00      0.00   15292    6428   0.02  sshd
02:48:20 AM  1000     50095    0.00    0.00    0.00    0.00    0.00     2      0.00      0.00   11344    5448   0.02  bash
02:48:20 AM     0     81462    0.00    0.00    0.00    0.00    0.00     2      0.00      0.00       0       0   0.00  kworker/2:2-events
02:48:20 AM     0     81478    0.00    0.00    0.00    0.00    0.00     0      0.00      0.00       0       0   0.00  kworker/0:1H-kblockd
02:48:20 AM  1000     84840    0.00    0.00    0.00    0.00    0.00     3      0.00      0.00  240176   10088   0.03  gnome-keyring-d
02:48:20 AM   124     84900    0.00    0.00    0.00    0.00    0.00     1      0.00      0.00  156240    4584   0.01  dconf-service
02:48:20 AM     0     85427    0.00    0.00    0.00    0.00    0.00     0      0.00      0.00       0       0   0.00  kworker/0:2-events
02:48:20 AM     0     86310    0.00    0.00    0.00    0.00    0.00     1      0.00      0.00       0       0   0.00  kworker/u16:1-events_unbound
02:48:20 AM     0     86312    0.00    0.00    0.00    0.00    0.00     3      0.00      0.00   14768    7564   0.02  sshd
02:48:20 AM  1000     86356    0.00    0.00    0.00    0.00    0.00     0      0.00      0.00   15292    6380   0.02  sshd
02:48:20 AM  1000     86357    0.00    0.00    0.00    0.00    0.00     1      0.00      0.00   11344    5440   0.02  bash
02:48:20 AM     0     86549    0.00    0.00    0.00    0.00    0.00     2      0.00      0.00   14768    7664   0.02  sshd
02:48:20 AM  1000     86593    0.00    2.00    0.00    3.00    2.00     0      0.00      0.00   15292    6480   0.02  sshd
02:48:20 AM  1000     86594    0.00    0.00    0.00    0.00    0.00     2      0.00      0.00   11860    5896   0.02  bash
02:48:20 AM     0     86632    0.00    0.00    0.00    0.00    0.00     3      0.00      0.00       0       0   0.00  kworker/3:2
02:48:20 AM     0     87290    0.00    0.00    0.00    0.00    0.00     0      0.00      0.00   14768    7584   0.02  sshd
02:48:20 AM  1000     87334    0.00    0.00    0.00    0.00    0.00     0      0.00      0.00   15292    6412   0.02  sshd
02:48:20 AM  1000     87335    0.00    0.00    0.00    0.00    0.00     2      0.00      0.00   11344    5436   0.02  bash
02:48:20 AM     0     89981    0.00    0.00    0.00    0.00    0.00     1      0.00      0.00       0       0   0.00  kworker/1:1-events
02:48:20 AM     0     95050    0.00    0.00    0.00    0.00    0.00     2      0.00      0.00       0       0   0.00  kworker/2:0-events
02:48:20 AM     0     96173    0.00    0.00    0.00    0.00    0.00     1      0.00      0.00       0       0   0.00  kworker/1:2-events
02:48:20 AM     0     99494    0.00    1.00    0.00    0.00    1.00     0      0.00      0.00       0       0   0.00  kworker/u16:3-devfreq_wq
02:48:20 AM     0    107801    0.00    0.00    0.00    0.00    0.00     1      0.00      0.00       0       0   0.00  kworker/1:2H
02:48:20 AM     0    122883    0.00    0.00    0.00    0.00    0.00     2      0.00      0.00       0       0   0.00  kworker/u16:2-events_unbound
02:48:20 AM     0    123203    0.00    0.00    0.00    0.00    0.00     3      0.00      0.00       0       0   0.00  kworker/3:2H
02:48:20 AM     0    124025    0.00    0.00    0.00    0.00    0.00     2      0.00      0.00       0       0   0.00  kworker/2:0H
02:48:20 AM     0    130503    0.00    0.00    0.00    0.00    0.00     0      0.00      0.00       0       0   0.00  kworker/0:0H
02:48:20 AM     0    130577    0.00    0.00    0.00    0.00    0.00     0      0.00      0.00       0       0   0.00  kworker/0:1-events
02:48:20 AM     0    130584    0.00    0.00    0.00    0.00    0.00     2      0.00      0.00   14768    7576   0.02  sshd
02:48:20 AM  1000    130628    1.00    2.00    0.00    1.00    3.00     0      0.00      0.00   16676    7816   0.02  sshd
02:48:20 AM  1000    130629    0.00    0.00    0.00    0.00    0.00     3      0.00      0.00   11344    5436   0.02  bash
02:48:20 AM  1000    130765    0.00    1.00    0.00    0.00    1.00     3      0.00      0.00  283948   43148   0.14  roslaunch
02:48:20 AM  1000    130773    2.00    1.00    0.00    0.00    3.00     0      0.00      0.00  797980   45684   0.14  rosmaster
02:48:20 AM  1000    130783    0.00    1.00    0.00    0.00    1.00     1      0.00      0.00  274964   10152   0.03  rosout
02:48:20 AM  1000    130790   69.00   75.00    0.00   25.00  144.00     2      0.00      0.00 34790064  712520   2.25  scale_truck_con
02:48:20 AM  1000    130791   27.00   69.00    0.00    0.00   96.00     3      0.00      0.00 1571432  113560   0.36  LRC
02:48:20 AM  1000    130854    6.00    4.00    0.00    0.00   10.00     2      0.00      0.00  724884   75188   0.24  python3
02:48:20 AM     0    131985    0.00    0.00    0.00    0.00    0.00     2      0.00      0.00       0       0   0.00  kworker/2:1H
02:48:20 AM     0    132214    0.00    0.00    0.00    0.00    0.00     1      0.00      0.00       0       0   0.00  kworker/1:1H
02:48:20 AM     0    133801    0.00    0.00    0.00    0.00    0.00     0      0.00      0.00       0       0   0.00  kworker/0:0-events
02:48:20 AM     0    137289    0.00    0.00    0.00    0.00    0.00     1      0.00      0.00       0       0   0.00  kworker/1:3-events
02:48:20 AM     0    139165    0.00    0.00    0.00    0.00    0.00     0      0.00      0.00       0       0   0.00  kworker/0:2H
02:48:20 AM     0    139402    0.00    0.00    0.00    0.00    0.00     1      0.00      0.00       0       0   0.00  kworker/u16:0-events_unbound
02:48:20 AM     0    142495    0.00    0.00    0.00    0.00    0.00     1      0.00      0.00       0       0   0.00  kworker/1:4-events
02:48:20 AM  1000    144270    0.00    0.00    0.00    0.00    0.00     0      0.00      0.00    7828     552   0.00  timeout
02:48:20 AM  1000    144271    0.00    0.00    0.00    0.00    0.00     0      0.00      0.00   68712   43156   0.14  rosbag
02:48:20 AM  1000    144272    0.00    0.00    0.00    0.00    0.00     2      0.00      0.00    9208    3300   0.01  bash
02:48:20 AM  1000    144520    0.00    1.00    0.00    0.00    1.00     2    139.00      0.00   68692   42744   0.13  rosbag
02:48:20 AM  1000    144531   13.00   31.00    0.00    0.00   44.00     2      3.00      0.00 1172912   23356   0.07  record
02:48:20 AM  1000    144614    4.00   14.00    0.00   16.00   18.00     1      0.00      0.00   17812    9560   0.03  pidstat

# Time        UID       PID    %usr %system  %guest   %wait    %CPU   CPU  minflt/s  majflt/s     VSZ     RSS   %MEM  Command
02:48:21 AM     0         1    0.00    0.00    0.00    0.00    0.00     1      0.00      0.00  169880   11540   0.04  systemd
02:48:21 AM     0         2    0.00    0.00    0.00    0.00    0.00     1      0.00      0.00       0       0   0.00  kthreadd
02:48:21 AM     0         3    0.00    0.00    0.00    0.00    0.00     0      0.00      0.00       0       0   0.00  rcu_gp
02:48:21 AM     0         4    0.00    0.00    0.00    0.00    0.00     0      0.00      0.00       0       0   0.00  rcu_par_gp
02:48:21 AM     0         8    0.00    0.00    0.00    0.00    0.00     0      0.00      0.00       0       0   0.00  mm_percpu_wq
02:48:21 AM     0         9    0.00    0.00    0.00    0.00    0.00     0      0.00      0.00       0       0   0.00  rcu_tasks_kthre
02:48:21 AM     0        10    0.00    0.00    0.00    0.00    0.00     0      0.00      0.00       0       0   0.00  rcu_tasks_rude_
02:48:21 AM     0        11    0.00    0.00    0.00    0.00    0.00     0      0.00      0.00       0       0   0.00  rcu_tasks_trace
02:48:21 AM     0        12    0.00    0.00    0.00    0.00    0.00     0      0.00      0.00       0       0   0.00  ksoftirqd/0
02:48:21 AM     0        13    0.00    0.00    0.00    0.00    0.00     3      0.00      0.00       0       0   0.00  rcu_preempt
02:48:21 AM     0        14    0.00    0.00    0.00    0.00    0.00     0      0.00      0.00       0       0   0.00  migration/0
02:48:21 AM     0        16    0.00    0.00    0.00    0.00    0.00     0      0.00      0.00       0       0   0.00  cpuhp/0
02:48:21 AM     0        17    0.00    0.00    0.00    0.00    0.00     1      0.00      0.00       0       0   0.00  cpuhp/1
02:48:21 AM     0        18    0.00    0.00    0.00    0.00    0.00     1      0.00      0.00       0       0   0.00  migration/1
02:48:21 AM     0        19    0.00    0.00    0.00    0.00    0.00     1      0.00      0.00       0       0   0.00  ksoftirqd/1
02:48:21 AM     0        22    0.00    0.00    0.00    0.00    0.00     2      0.00      0.00       0       0   0.00  cpuhp/2
02:48:21 AM     0        23    0.00    0.00    0.00    0.00    0.00     2      0.00      0.00       0       0   0.00  migration/2
02:48:21 AM     0        24    0.00    0.00    0.00    0.00    0.00     2      0.00      0.00       0       0   0.00  ksoftirqd/2
02:48:21 AM     0        27    0.00    0.00    0.00    0.00    0.00     3      0.00      0.00       0       0   0.00  cpuhp/3
02:48:21 AM     0        28    0.00    0.00    0.00    0.00    0.00     3      0.00      0.00       0       0   0.00  migration/3
02:48:21 AM     0        29    0.00    0.00    0.00    0.00    0.00     3      0.00      0.00       0       0   0.00  ksoftirqd/3
02:48:21 AM     0        32    0.00    0.00    0.00    0.00    0.00     4      0.00      0.00       0       0   0.00  cpuhp/4
02:48:21 AM     0        33    0.00    0.00    0.00    0.00    0.00     4      0.00      0.00       0       0   0.00  migration/4
02:48:21 AM     0        34    0.00    0.00    0.00    0.00    0.00     4      0.00      0.00       0       0   0.00  ksoftirqd/4
02:48:21 AM     0        36    0.00    0.00    0.00    0.00    0.00     4      0.00      0.00       0       0   0.00  kworker/4:0H-kblockd
02:48:21 AM     0        37    0.00    0.00    0.00    0.00    0.00     5      0.00      0.00       0       0   0.00  cpuhp/5
02:48:21 AM     0        38    0.00    0.00    0.00    0.00    0.00     5      0.00      0.00       0       0   0.00  migration/5
02:48:21 AM     0        39    0.00    0.00    0.00    0.00    0.00     5      0.00      0.00       0       0   0.00  ksoftirqd/5
02:48:21 AM     0        41    0.00    0.00    0.00    0.00    0.00     5      0.00      0.00       0       0   0.00  kworker/5:0H-kblockd
02:48:21 AM     0        42    0.00    0.00    0.00    0.00    0.00     6      0.00      0.00       0       0   0.00  cpuhp/6
02:48:21 AM     0        43    0.00    0.00    0.00    0.00    0.00     6      0.00      0.00       0       0   0.00  migration/6
02:48:21 AM     0        44    0.00    0.00    0.00    0.00    0.00     6      0.00      0.00       0       0   0.00  ksoftirqd/6
02:48:21 AM     0        46    0.00    0.00    0.00    0.00    0.00     6      0.00      0.00       0       0   0.00  kworker/6:0H-events_highpri
02:48:21 AM     0        47    0.00    0.00    0.00    0.00    0.00     7      0.00      0.00       0       0   0.00  cpuhp/7
02:48:21 AM     0        48    0.00    0.00    0.00    0.00    0.00     7      0.00      0.00       0       0   0.00  migration/7
02:48:21 AM     0        49    0.00    0.00    0.00    0.00    0.00     7      0.00      0.00       0       0   0.00  ksoftirqd/7
02:48:21 AM     0        50    0.00    0.00    0.00    0.00    0.00     0      0.00      0.00       0       0   0.00  kworker/7:0-rcu_gp
02:48:21 AM     0        51    0.00    0.00    0.00    0.00    0.00     7      0.00      0.00       0       0   0.00  kworker/7:0H-kblockd
02:48:21 AM     0        52    0.00    0.00    0.00    0.00    0.00     0      0.00      0.00       0       0   0.00  kdevtmpfs
02:48:21 AM     0        53    0.00    0.00    0.00    0.00    0.00     4      0.00      0.00       0       0   0.00  netns
02:48:21 AM     0        54    0.00    0.00    0.00    0.00    0.00     1      0.00      0.00       0       0   0.00  kauditd
02:48:21 AM     0        55    0.00    0.00    0.00    0.00    0.00     0      0.00      0.00       0       0   0.00  irq/87-mc_statu
02:48:21 AM     0        56    0.00    0.00    0.00    0.00    0.00     2      0.00      0.00       0       0   0.00  khungtaskd
02:48:21 AM     0        57    0.00    0.00    0.00    0.00    0.00     3      0.00      0.00       0       0   0.00  oom_reaper
02:48:21 AM     0        58    0.00    0.00    0.00    0.00    0.00     5      0.00      0.00       0       0   0.00  writeback
02:48:21 AM     0        59    0.00    0.00    0.00    0.00    0.00     3      0.00      0.00       0       0   0.00  kcompactd0
02:48:21 AM     0        60    0.00    0.00    0.00    0.00    0.00     1      0.00      0.00       0       0   0.00  ksmd
02:48:21 AM     0        61    0.00    0.00    0.00    0.00    0.00     1      0.00      0.00       0       0   0.00  khugepaged
02:48:21 AM     0        93    0.00    0.00    0.00    0.00    0.00     1      0.00      0.00       0       0   0.00  kintegrityd
02:48:21 AM     0        94    0.00    0.00    0.00    0.00    0.00     1      0.00      0.00       0       0   0.00  kblockd
02:48:21 AM     0        95    0.00    0.00    0.00    0.00    0.00     1      0.00      0.00       0       0   0.00  blkcg_punt_bio
02:48:21 AM     0        97    0.00    0.00    0.00    0.00    0.00     3      0.00      0.00       0       0   0.00  tpm_dev_wq
02:48:21 AM     0        98    0.00    0.00    0.00    0.00    0.00     0      0.00      0.00       0       0   0.00  irq/197-30c0000
02:48:21 AM     0        99    0.00    0.00    0.00    0.00    0.00     1      0.00      0.00       0       0   0.00  devfreq_wq
02:48:21 AM     0       100    0.00    0.00    0.00    0.00    0.00     1      0.00      0.00       0       0   0.00  watchdogd
02:48:21 AM     0       104    0.00    0.00    0.00    0.00    0.00     7      0.00      0.00       0       0   0.00  rpciod
02:48:21 AM     0       106    0.00    0.00    0.00    0.00    0.00     7      0.00      0.00       0       0   0.00  xprtiod
02:48:21 AM     0       108    0.00    0.00    0.00    0.00    0.00     7      0.00      0.00       0       0   0.00  kswapd0
02:48:21 AM     0       109    0.00    0.00    0.00    0.00    0.00     5      0.00      0.00       0       0   0.00  nfsiod
02:48:21 AM     0       112    0.00    0.00    0.00    0.00    0.00     1      0.00      0.00       0       0   0.00  kthrotld
02:48:21 AM     0       113    0.00    0.00    0.00    0.00    0.00     7      0.00      0.00       0       0   0.00  kpcitest
02:48:21 AM     0       116    0.00    0.00    0.00    0.00    0.00     5      0.00      0.00       0       0   0.00  kworker/5:1-events
02:48:21 AM     0       122    0.00    0.00    0.00    0.00    0.00     1      0.00      0.00       0       0   0.00  nvme-wq
02:48:21 AM     0       123    0.00    0.00    0.00    0.00    0.00     5      0.00      0.00       0       0   0.00  nvme-reset-wq
02:48:21 AM     0       124    0.00    0.00    0.00    0.00    0.00     6      0.00      0.00       0       0   0.00  nvme-delete-wq
02:48:21 AM     0       125    0.00    0.00    0.00    0.00    0.00     6      0.00      0.00       0       0   0.00  uas
02:48:21 AM     0       126    0.00    0.00    0.00    0.00    0.00     0      0.00      0.00       0       0   0.00  irq/222-tegra_r
02:48:21 AM     0       127    0.00    0.00    0.00    0.00    0.00     0      0.00      0.00       0       0   0.00  kworker/7:2-events
02:48:21 AM     0       129    0.00    0.00    0.00    0.00    0.00     0      0.00      0.00       0       0   0.00  irq/86-tegra-oc
02:48:21 AM     0       130    0.00    0.00    0.00    0.00    0.00     5      0.00      0.00       0       0   0.00  dm_bufio_cache
02:48:21 AM     0       131    0.00    0.00    0.00    0.00    0.00     0      0.00      0.00       0       0   0.00  irq/223-max7762
02:48:21 AM     0       140    0.00    0.00    0.00    0.00    0.00     0      0.00      0.00       0       0   0.00  irq/55-bc00000.
02:48:21 AM     0       143    0.00    0.00    0.00    0.00    0.00     0      0.00      0.00       0       0   0.00  ipv6_addrconf
02:48:21 AM     0       144    0.00    0.00    0.00    0.00    0.00     6      0.00      0.00       0       0   0.00  krfcommd
02:48:21 AM     0       145    0.00    0.00    0.00    0.00    0.00     0      0.00      0.00       0       0   0.00  kstrp
02:48:21 AM     0       150    0.00    0.00    0.00    0.00    0.00     0      0.00      0.00       0       0   0.00  irq/24-tegra-pc
02:48:21 AM     0       154    0.00    0.00    0.00    0.00    0.00     0      0.00      0.00       0       0   0.00  irq/26-tegra-pc
02:48:21 AM     0       160    0.00    0.00    0.00    0.00    0.00     0      0.00      0.00       0       0   0.00  irq/26-aerdrv
02:48:21 AM     0       161    0.00    0.00    0.00    0.00    0.00     0      0.00      0.00       0       0   0.00  irq/28-tegra-pc
02:48:21 AM     0       162    0.00    0.00    0.00    0.00    0.00     0      0.00      0.00       0       0   0.00  irq/28-aerdrv
02:48:21 AM     0       163    0.00    0.00    0.00    0.00    0.00     5      0.00      0.00       0       0   0.00  host_low_prio_w
02:48:21 AM     0       164    0.00    0.00    0.00    0.00    0.00     0      0.00      0.00       0       0   0.00  irq/57-host_syn
02:48:21 AM     0       165    0.00    0.00    0.00    0.00    0.00     0      0.00      0.00       0       0   0.00  irq/58-host_sta
02:48:21 AM     0       173    0.00    0.00    0.00    0.00    0.00     5      0.00      0.00       0       0   0.00  pva_task_status
02:48:21 AM     0       174    0.00    0.00    0.00    0.00    0.00     0      0.00      0.00       0       0   0.00  irq/75-pva-isr
02:48:21 AM     0       175    0.00    0.00    0.00    0.00    0.00     0      0.00      0.00       0       0   0.00  pva_task_status
02:48:21 AM     0       176    0.00    0.00    0.00    0.00    0.00     0      0.00      0.00       0       0   0.00  irq/76-pva-isr
02:48:21 AM     0       185    0.00    0.00    0.00    0.00    0.00     0      0.00      0.00       0       0   0.00  sdhci
02:48:21 AM     0       186    0.00    0.00    0.00    0.00    0.00     0      0.00      0.00       0       0   0.00  irq/39-mmc0
02:48:21 AM     0       187    0.00    0.00    0.00    0.00    0.00     2      0.00      0.00       0       0   0.00  sdhci
02:48:21 AM     0       189    0.00    0.00    0.00    0.00    0.00     0      0.00      0.00       0       0   0.00  irq/40-mmc1
02:48:21 AM     0       195    0.00    0.00    0.00    0.00    0.00     7      0.00      0.00       0       0   0.00  scsi_eh_0
02:48:21 AM     0       196    0.00    0.00    0.00    0.00    0.00     7      0.00      0.00       0       0   0.00  scsi_tmf_0
02:48:21 AM     0       197    0.00    0.00    0.00    0.00    0.00     0      0.00      0.00       0       0   0.00  kworker/5:2-events
02:48:21 AM     0       198    0.00    0.00    0.00    0.00    0.00     0      0.00      0.00       0       0   0.00  irq/67-15200000
02:48:21 AM     0       199    0.00    0.00    0.00    0.00    0.00     1      0.00      0.00       0       0   0.00  tegradc.0/a
02:48:21 AM     0       200    0.00    0.00    0.00    0.00    0.00     0      0.00      0.00       0       0   0.00  tegradc.0/b
02:48:21 AM     0       201    0.00    0.00    0.00    0.00    0.00     0      0.00      0.00       0       0   0.00  tegradc.0/c
02:48:21 AM     0       202    0.00    0.00    0.00    0.00    0.00     0      0.00      0.00       0       0   0.00  tegradc.0/d
02:48:21 AM     0       203    0.00    0.00    0.00    0.00    0.00     0      0.00      0.00       0       0   0.00  tegradc.0/e
02:48:21 AM     0       204    0.00    0.00    0.00    0.00    0.00     0      0.00      0.00       0       0   0.00  tegradc.0/f
02:48:21 AM     0       205    0.00    0.00    0.00    0.00    0.00     0      0.00      0.00       0       0   0.00  tegradc.0/sl
02:48:21 AM     0       206    0.00    0.00    0.00    0.00    0.00     0      0.00      0.00       0       0   0.00  irq/62-15200000
02:48:21 AM     0       207    0.00    0.00    0.00    0.00    0.00     0      0.00      0.00       0       0   0.00  irq/276-3400000
02:48:21 AM     0       208    0.00    0.00    0.00    0.00    0.00     0      0.00      0.00       0       0   0.00  ufs_eh_wq_0
02:48:21 AM     0       209    0.00    0.00    0.00    0.00    0.00     3      0.00      0.00       0       0   0.00  mmc_complete
02:48:21 AM     0       211    0.00    0.00    0.00    0.00    0.00     0      0.00      0.00       0       0   0.00  irq/278-1520000
02:48:21 AM     0       212    0.00    0.00    0.00    0.00    0.00     0      0.00      0.00       0       0   0.00  irq/203-3610000
02:48:21 AM     0       213    0.00    0.00    0.00    0.00    0.00     0      0.00      0.00       0       0   0.00  irq/221-3610000
02:48:21 AM     0       214    0.00    0.00    0.00    0.00    0.00     0      0.00      0.00       0       0   0.00  irq/30-tegra-pc
02:48:21 AM     0       216    0.00    0.00    0.00    0.00    0.00     0      0.00      0.00       0       0   0.00  kworker/4:3-events
02:48:21 AM     0       218    0.00    0.00    0.00    0.00    0.00     4      0.00      0.00       0       0   0.00  kworker/4:5-events
02:48:21 AM     0       221    0.00    0.00    0.00    0.00    0.00     0      0.00      0.00       0       0   0.00  kworker/6:12-events
02:48:21 AM     0       222    0.00    0.00    0.00    0.00    0.00     0      0.00      0.00       0       0   0.00  kworker/6:13-events
02:48:21 AM     0       225    0.00    0.00    0.00    0.00    0.00     0      0.00      0.00       0       0   0.00  irq/68-tegra_dp
02:48:21 AM     0       226    0.00    0.00    0.00    0.00    0.00     0      0.00      0.00       0       0   0.00  irq/65-15210000
02:48:21 AM     0       227    0.00    0.00    0.00    0.00    0.00     0      0.00      0.00       0       0   0.00  tegradc.1/a
02:48:21 AM     0       228    0.00    0.00    0.00    0.00    0.00     0      0.00      0.00       0       0   0.00  tegradc.1/b
02:48:21 AM     0       229    0.00    0.00    0.00    0.00    0.00     0      0.00      0.00       0       0   0.00  tegradc.1/c
02:48:21 AM     0       230    0.00    0.00    0.00    0.00    0.00     0      0.00      0.00       0       0   0.00  tegradc.1/d
02:48:21 AM     0       231    0.00    0.00    0.00    0.00    0.00     0      0.00      0.00       0       0   0.00  tegradc.1/e
02:48:21 AM     0       232    0.00    0.00    0.00    0.00    0.00     0      0.00      0.00       0       0   0.00  tegradc.1/f
02:48:21 AM     0       233    0.00    0.00    0.00    0.00    0.00     1      0.00      0.00       0       0   0.00  tegradc.1/sl
02:48:21 AM     0       234    0.00    0.00    0.00    0.00    0.00     0      0.00      0.00       0       0   0.00  irq/63-15210000
02:48:21 AM     0       249    0.00    0.00    0.00    0.00    0.00     0      0.00      0.00       0       0   0.00  irq/56-d230000.
02:48:21 AM     0       250    0.00    0.00    0.00    0.00    0.00     0      0.00      0.00       0       0   0.00  irq/69-tegra_dp
02:48:21 AM     0       251    0.00    0.00    0.00    0.00    0.00     0      0.00      0.00       0       0   0.00  irq/66-15220000
02:48:21 AM     0       252    0.00    0.00    0.00    0.00    0.00     0      0.00      0.00       0       0   0.00  tegradc.2/a
02:48:21 AM     0       253    0.00    0.00    0.00    0.00    0.00     0      0.00      0.00       0       0   0.00  tegradc.2/b
02:48:21 AM     0       254    0.00    0.00    0.00    0.00    0.00     0      0.00      0.00       0       0   0.00  tegradc.2/c
02:48:21 AM     0       255    0.00    0.00    0.00    0.00    0.00     0      0.00      0.00       0       0   0.00  tegradc.2/d
02:48:21 AM     0       256    0.00    0.00    0.00    0.00    0.00     0      0.00      0.00       0       0   0.00  tegradc.2/e
02:48:21 AM     0       257    0.00    0.00    0.00    0.00    0.00     0      0.00      0.00       0       0   0.00  tegradc.2/f
02:48:21 AM     0       258    0.00    0.00    0.00    0.00    0.00     0      0.00      0.00       0       0   0.00  tegradc.2/sl
02:48:21 AM     0       259    0.00    0.00    0.00    0.00    0.00     0      0.00      0.00       0       0   0.00  irq/64-15220000
02:48:21 AM     0       275    0.00    0.00    0.00    0.00    0.00     3      0.00      0.00       0       0   0.00  jbd2/mmcblk0p1-
02:48:21 AM     0       276    0.00    0.00    0.00    0.00    0.00     3      0.00      0.00       0       0   0.00  ext4-rsv-conver
02:48:21 AM     0       280    0.00    0.00    0.00    0.00    0.00     7      0.00      0.00       0       0   0.00  kworker/7:1H
02:48:21 AM     0       286    0.00    0.00    0.00    0.00    0.00     5      0.00      0.00       0       0   0.00  kworker/5:1H-kblockd
02:48:21 AM     0       312    0.00    0.00    0.00    0.00    0.00     2      0.00      0.00   61816   31808   0.10  systemd-journal
02:48:21 AM     0       338    0.00    3.96    0.00   17.82    3.96     3      0.00      0.00       0       0   0.00  nvmap-bz
02:48:21 AM     0       339    0.00    0.00    0.00    0.00    0.00     0      0.00      0.00       0       0   0.00  irq/204-gk20a_s
02:48:21 AM     0       340    0.00    0.00    0.00    0.00    0.00     0      0.00      0.00       0       0   0.00  irq/205-gk20a_n
02:48:21 AM     0       345    0.00    0.00    0.00    0.00    0.00     3      0.00      0.00    2776    1492   0.00  tee-supplicant
02:48:21 AM     0       347    0.00    0.00    0.00    0.00    0.00     3      0.00      0.00       0       0   0.00  optee_bus_scan
02:48:21 AM     0       358    0.00    0.00    0.00    0.00    0.00     3      0.00      0.00   22788    7532   0.02  systemd-udevd
02:48:21 AM     0       364    0.00    0.00    0.00    0.00    0.00     1      0.00      0.00    7948    4892   0.02  haveged
02:48:21 AM   126       365    0.00    0.00    0.00    0.00    0.00     3      0.00      0.00    7136    3108   0.01  rpcbind
02:48:21 AM   105       366    0.00    0.00    0.00    0.00    0.00     1      0.00      0.00   25592   13288   0.04  systemd-resolve
02:48:21 AM   103       367    0.00    0.00    0.00    0.00    0.00     1      0.00      0.00   90672    6220   0.02  systemd-timesyn
02:48:21 AM     0       407    0.00    0.00    0.00    0.00    0.00     5      0.00      0.00       0       0   0.00  cfg80211
02:48:21 AM     0       410    0.00    0.00    0.00    0.00    0.00     0      0.00      0.00       0       0   0.00  irq/42-3210000.
02:48:21 AM     0       412    0.00    0.00    0.00    0.00    0.00     2      0.00      0.00       0       0   0.00  spi0
02:48:21 AM     0       413    0.00   12.87    0.00    0.00   12.87     1      0.00      0.00       0       0   0.00  irq/282-iwlwifi
02:48:21 AM     0       416    0.00    0.00    0.00    0.00    0.00     4      0.00      0.00       0       0   0.00  ata_sff
02:48:21 AM     0       419    0.00    0.00    0.00    0.00    0.00     0      0.00      0.00       0       0   0.00  irq/43-c260000.
02:48:21 AM     0       420    0.00    0.00    0.00    0.00    0.00     6      0.00      0.00       0       0   0.00  scsi_eh_1
02:48:21 AM     0       422    0.00    0.00    0.00    0.00    0.00     6      0.00      0.00       0       0   0.00  scsi_tmf_1
02:48:21 AM     0       427    0.00    0.00    0.00    0.00    0.00     0      0.00      0.00       0       0   0.00  spi1
02:48:21 AM     0       430    0.00    0.00    0.00    0.00    0.00     3      0.00      0.00  242072    8880   0.03  accounts-daemon
02:48:21 AM   120       439    0.00    0.00    0.00    0.00    0.00     1      0.00      0.00    7084    3472   0.01  avahi-daemon
02:48:21 AM     0       441    0.00    0.00    0.00    0.00    0.00     3      0.00      0.00    9220    2516   0.01  cron
02:48:21 AM   106       443    0.00    0.00    0.00    0.00    0.00     1      0.00      0.00    9396    5264   0.02  dbus-daemon
02:48:21 AM     0       447    0.00    0.00    0.00    0.00    0.00     0      0.00      0.00  341244   20856   0.07  NetworkManager
02:48:21 AM     0       456    0.00    0.00    0.00    0.00    0.00     4      0.00      0.00   38300   19472   0.06  networkd-dispat
02:48:21 AM     0       473    0.00    0.00    0.00    0.00    0.00     2      0.00      0.00  238860   13352   0.04  polkitd
02:48:21 AM   125       483    0.00    0.00    0.00    0.00    0.00     3      0.00      0.00  220940    8288   0.03  rsyslogd
02:48:21 AM     0       503    0.00    0.00    0.00    0.00    0.00     2      0.00      0.00  235864    4364   0.01  switcheroo-cont
02:48:21 AM     0       514    0.00    0.00    0.00    0.00    0.00     2      0.00      0.00   17076    6760   0.02  systemd-logind
02:48:21 AM     0       523    0.00    0.00    0.00    0.00    0.00     1      0.00      0.00  395556   15676   0.05  udisksd
02:48:21 AM     0       528    0.00    0.00    0.00    0.00    0.00     0      0.00      0.00   12784    8052   0.03  wpa_supplicant
02:48:21 AM     0       548    0.00    0.00    0.00    0.00    0.00     0      0.00      0.00       0       0   0.00  sugov:0
02:48:21 AM   120       555    0.00    0.00    0.00    0.00    0.00     2      0.00      0.00    6896     324   0.00  avahi-daemon
02:48:21 AM     0       585    0.00    0.00    0.00    0.00    0.00     5      0.00      0.00       0       0   0.00  tmp451
02:48:21 AM     0       597    0.00    0.00    0.00    0.00    0.00     3      0.00      0.00       0       0   0.00  irq/286-1-0008
02:48:21 AM     0       600    0.00    0.00    0.00    0.00    0.00     2      0.00      0.00  321792   14480   0.05  ModemManager
02:48:21 AM     0       653    0.00    0.00    0.00    0.00    0.00     0      0.00      0.00    2476     604   0.00  nvfancontrol
02:48:21 AM     0       728    0.00    0.00    0.00    0.00    0.00     4      0.00      0.00       0       0   0.00  adspp_kthread
02:48:21 AM     0       779    0.00    0.00    0.00    0.00    0.00     6      0.00      0.00       0       0   0.00  kworker/6:2H-kblockd
02:48:21 AM     0       876    0.00    0.00    0.00    0.00    0.00     1      0.00      0.00       0       0   0.00  irq/289-2490000
02:48:21 AM     0       887    0.00    0.00    0.00    0.00    0.00     0      0.00      0.00       0       0   0.00  irq/32-eth0.com
02:48:21 AM     0       919    0.00    0.00    0.00    0.00    0.00     4      0.00      0.00       0       0   0.00  file-storage
02:48:21 AM     0       953    0.00    0.00    0.00    0.00    0.00     1      0.00      0.00       0       0   0.00  loop0
02:48:21 AM     0      1048    0.00    0.00    0.00    0.00    0.00     4      0.00      0.00       0       0   0.00  kworker/4:2H-kblockd
02:48:21 AM     0      1091    0.00    0.00    0.00    0.00    0.00     3      0.00      0.00       0       0   0.00  cryptd
02:48:21 AM     0      1147    0.00    0.00    0.00    0.00    0.00     2      0.00      0.00       0       0   0.00  sw-quiesce
02:48:21 AM     0      1148    0.00    0.00    0.00    0.00    0.00     3      0.00      0.00       0       0   0.00  nvgpu_channel_p
02:48:21 AM     0      1151    0.00    0.00    0.00    0.00    0.00     2      0.00      0.00       0       0   0.00  nvgpu_nvs_gv11b
02:48:21 AM     0      1153    0.00    0.00    0.00    0.00    0.00     0      0.00      0.00       0       0   0.00  nvgpu_pg_init_g
02:48:21 AM     0      1157    0.00    0.00    0.00    0.00    0.00     2      0.00      0.00       0       0   0.00  nvgpu_clk_arb_p
02:48:21 AM     0      1162    0.00    0.00    0.00    0.00    0.00     3      0.00      0.00       0       0   0.00  irq/288-rt5659
02:48:21 AM     0      1270    0.00    0.00    0.00    0.00    0.00     3      0.00      0.00   55688   11092   0.03  nvargus-daemon
02:48:21 AM     0      1273    0.00    0.00    0.00    0.00    0.00     3      0.00      0.00   21932    1552   0.00  nvs-service
02:48:21 AM     0      1298    0.00    0.00    0.00    0.00    0.00     1      0.00      0.00 2007972   50424   0.16  containerd
02:48:21 AM     0      1314    0.00    0.00    0.00    0.00    0.00     0      0.00      0.00  240032    7616   0.02  gdm3
02:48:21 AM   108      1326    0.00    0.00    0.00    0.00    0.00     2      0.00      0.00   11468    1896   0.01  kerneloops
02:48:21 AM     0      1327    0.00    0.00    0.00    0.00    0.00     3      0.00      0.00   12236    6576   0.02  sshd
02:48:21 AM     0      1336    0.00    0.00    0.00    0.00    0.00     0      0.00      0.00    7688    1876   0.01  agetty
02:48:21 AM     0      1337    0.00    0.00    0.00    0.00    0.00     2      0.00      0.00    7688    1904   0.01  agetty
02:48:21 AM   108      1339    0.00    0.00    0.00    0.00    0.00     0      0.00      0.00   11468    1820   0.01  kerneloops
02:48:21 AM     0      1340    0.00    0.00    0.00    0.00    0.00     3      0.00      0.00    9216    2824   0.01  nvgetty.sh
02:48:21 AM     0      1379    0.00    0.00    0.00    0.00    0.00     0      0.00      0.00    7688    1848   0.01  getty
02:48:21 AM     0      1554    0.00    0.00    0.00    0.00    0.00     2      0.00      0.00 2111796   85472   0.27  dockerd
02:48:21 AM     0      1677    0.00    0.00    0.00    0.00    0.00     1      0.00      0.00  168472    8256   0.03  gdm-session-wor
02:48:21 AM     0      1711    0.00    0.00    0.00    0.00    0.00     0      0.00      0.00    3248     808   0.00  nvphsd
02:48:21 AM     0      1716    0.00    0.00    0.00    0.00    0.00     3      0.00      0.00    3380    1788   0.01  nvphsd
02:48:21 AM   124      1789    0.00    0.00    0.00    0.00    0.00     3      0.00      0.00   19144    9224   0.03  systemd
02:48:21 AM   124      1804    0.00    0.00    0.00    0.00    0.00     3      0.00      0.00  104488    5436   0.02  (sd-pam)
02:48:21 AM   124      2014    0.00    0.00    0.00    0.00    0.00     0      0.00      0.00  961884   21984   0.07  pulseaudio
02:48:21 AM   124      2032    0.00    0.00    0.00    0.00    0.00     2      0.00      0.00  164156    5924   0.02  gdm-x-session
02:48:21 AM   124      2037    0.00    0.00    0.00    0.00    0.00     1      0.00      0.00 25330232   99256   0.31  Xorg
02:48:21 AM   118      2040    0.00    0.00    0.00    0.00    0.00     1      0.00      0.00  152516    2440   0.01  rtkit-daemon
02:48:21 AM   124      2162    0.00    0.00    0.00    0.00    0.00     2      0.00      0.00    7812    3448   0.01  dbus-daemon
02:48:21 AM   124      2428    0.00    0.00    0.00    0.00    0.00     0      0.00      0.00    4776    1164   0.00  dbus-run-sessio
02:48:21 AM   124      2429    0.00    0.00    0.00    0.00    0.00     2      0.00      0.00    8088    4104   0.01  dbus-daemon
02:48:21 AM   124      2438    0.00    0.00    0.00    0.00    0.00     2      0.00      0.00  559768   14932   0.05  gnome-session-b
02:48:21 AM     0      2457    0.00    0.00    0.00    0.00    0.00     2      0.00      0.00  101692   19628   0.06  jtop
02:48:21 AM   124      2463    0.00    0.00    0.00    0.00    0.00     3      0.00      0.00  309548   10092   0.03  at-spi-bus-laun
02:48:21 AM   124      2470    0.00    0.00    0.00    0.00    0.00     1      0.00      0.00    7676    3468   0.01  dbus-daemon
02:48:21 AM   124      2495    0.00    0.00    0.00    0.00    0.00     1      0.00      0.00 4022996  194908   0.61  gnome-shell
02:48:21 AM     0      2510    0.00    0.00    0.00    0.00    0.00     1      0.00      0.00  175424   16904   0.05  jtop
02:48:21 AM     0      2518    0.00    0.00    0.00    0.00    0.00     2      0.00      0.00  101692   17160   0.05  jtop
02:48:21 AM   124      2696    0.00    0.00    0.00    0.00    0.00     0      0.00      0.00  314420   11212   0.04  ibus-daemon
02:48:21 AM   124      2699    0.00    0.00    0.00    0.00    0.00     2      0.00      0.00  239960   11792   0.04  ibus-dconf
02:48:21 AM   124      2701    0.00    0.00    0.00    0.00    0.00     2      0.00      0.00  189920   16900   0.05  ibus-x11
02:48:21 AM   124      2704    0.00    0.00    0.00    0.00    0.00     3      0.00      0.00  239880    7776   0.02  ibus-portal
02:48:21 AM   124      2715    0.00    0.00    0.00    0.00    0.00     1      0.00      0.00  161420    6880   0.02  at-spi2-registr
02:48:21 AM   124      2719    0.00    0.00    0.00    0.00    0.00     3      0.00      0.00  235804    4672   0.01  xdg-permission-
02:48:21 AM     0      2725    0.00    0.00    0.00    0.00    0.00     3      0.00      0.00  252944    8776   0.03  upowerd
02:48:21 AM   124      2745    0.00    0.00    0.00    0.00    0.00     2      0.00      0.00 3001620   27244   0.09  gjs
02:48:21 AM   124      2764    0.00    0.00    0.00    0.00    0.00     0      0.00      0.00  469396   14236   0.04  gsd-sharing
02:48:21 AM   124      2765    0.00    0.00    0.00    0.00    0.00     1      0.00      0.00  334628   15072   0.05  gsd-wacom
02:48:21 AM   124      2768    0.00    0.00    0.00    0.00    0.00     2      0.00      0.00  571788   19844   0.06  gsd-color
02:48:21 AM   124      2772    0.00    0.00    0.00    0.00    0.00     3      0.00      0.00  338096   17824   0.06  gsd-keyboard
02:48:21 AM   124      2774    0.00    0.00    0.00    0.00    0.00     2      0.00      0.00  322508   11376   0.04  gsd-print-notif
02:48:21 AM   124      2779    0.00    0.00    0.00    0.00    0.00     3      0.00      0.00  166208    7736   0.02  ibus-engine-sim
02:48:21 AM   124      2780    0.00    0.00    0.00    0.00    0.00     1      0.00      0.00  457460    7996   0.03  gsd-rfkill
02:48:21 AM   124      2782    0.00    0.00    0.00    0.00    0.00     1      0.00      0.00  391976    9696   0.03  gsd-smartcard
02:48:21 AM   124      2784    0.00    0.00    0.00    0.00    0.00     2      0.00      0.00  374928   15372   0.05  gsd-datetime
02:48:21 AM   124      2790    0.00    0.00    0.00    0.00    0.00     3      0.00      0.00  679696   20032   0.06  gsd-media-keys
02:48:21 AM   124      2791    0.00    0.00    0.00    0.00    0.00     3      0.00      0.00  235772    5600   0.02  gsd-screensaver
02:48:21 AM   124      2793    0.00    0.00    0.00    0.00    0.00     3      0.00      0.00  320104    9452   0.03  gsd-sound
02:48:21 AM   124      2795    0.00    0.00    0.00    0.00    0.00     3      0.00      0.00  313652   10144   0.03  gsd-a11y-settin
02:48:21 AM   124      2799    0.00    0.00    0.00    0.00    0.00     2      0.00      0.00  313992   10540   0.03  gsd-housekeepin
02:48:21 AM   124      2802    0.00    0.00    0.00    0.00    0.00     1      0.00      0.00  339724   18828   0.06  gsd-power
02:48:21 AM   124      2824    0.00    0.00    0.00    0.00    0.00     2      0.00      0.00  342540   12784   0.04  gsd-printer
02:48:21 AM   119      2837    0.00    0.00    0.00    0.00    0.00     2      0.00      0.00  249328   17548   0.06  colord
02:48:21 AM     0     29120    0.00    0.00    0.00    0.00    0.00     3      0.00      0.00       0       0   0.00  kworker/u17:2
02:48:21 AM     0     33852    0.00    0.00    0.00    0.00    0.00     1      0.00      0.00       0       0   0.00  kworker/1:0H-kblockd
02:48:21 AM     0     35048    0.00    0.00    0.00    0.00    0.00     1      0.00      0.00       0       0   0.00  kworker/u17:0-rb_allocator
02:48:21 AM  1000     39960    0.00    0.00    0.00    0.00    0.00     2      0.00      0.00   19248    9208   0.03  systemd
02:48:21 AM  1000     39961    0.00    0.00    0.00    0.00    0.00     2      0.00      0.00  170940    6304   0.02  (sd-pam)
02:48:21 AM  1000     40037    0.00    0.00    0.00    0.00    0.00     3      0.00      0.00    7812    3952   0.01  dbus-daemon
02:48:21 AM     0     40147    0.00    0.00    0.00    0.00    0.00     1      0.00      0.00       0       0   0.00  kworker/1:0-pm
02:48:21 AM     0     40174    0.00    0.00    0.00    0.00    0.00     2      0.00      0.00       0       0   0.00  kworker/2:2H-kblockd
02:48:21 AM     0     40194    0.00    0.00    0.00    0.00    0.00     3      0.00      0.00       0       0   0.00  kworker/3:0H-kblockd
02:48:21 AM     0     41650    0.00    0.00    0.00    0.00    0.00     3      0.00      0.00       0       0   0.00  kworker/3:0-events
02:48:21 AM     0     43913    0.00    0.00    0.00    0.00    0.00     2      0.00      0.00   14768    7560   0.02  sshd
02:48:21 AM  1000     43958    0.00    0.00    0.00    0.00    0.00     0      0.00      0.00   15292    6400   0.02  sshd
02:48:21 AM  1000     43959    0.00    0.00    0.00    0.00    0.00     1      0.00      0.00   11344    5444   0.02  bash
02:48:21 AM     0     50050    0.00    0.00    0.00    0.00    0.00     2      0.00      0.00   14768    7572   0.02  sshd
02:48:21 AM  1000     50094    0.00    0.00    0.00    0.00    0.00     3      0.00      0.00   15292    6428   0.02  sshd
02:48:21 AM  1000     50095    0.00    0.00    0.00    0.00    0.00     2      0.00      0.00   11344    5448   0.02  bash
02:48:21 AM     0     81462    0.00    0.00    0.00    0.00    0.00     2      0.00      0.00       0       0   0.00  kworker/2:2-events
02:48:21 AM     0     81478    0.00    0.00    0.00    0.00    0.00     0      0.00      0.00       0       0   0.00  kworker/0:1H-kblockd
02:48:21 AM  1000     84840    0.00    0.00    0.00    0.00    0.00     3      0.00      0.00  240176   10088   0.03  gnome-keyring-d
02:48:21 AM   124     84900    0.00    0.00    0.00    0.00    0.00     1      0.00      0.00  156240    4584   0.01  dconf-service
02:48:21 AM     0     85427    0.00    0.00    0.00    0.00    0.00     0      0.00      0.00       0       0   0.00  kworker/0:2-events
02:48:21 AM     0     86310    0.00    0.99    0.00    0.00    0.99     0      0.00      0.00       0       0   0.00  kworker/u16:1-events_unbound
02:48:21 AM     0     86312    0.00    0.00    0.00    0.00    0.00     3      0.00      0.00   14768    7564   0.02  sshd
02:48:21 AM  1000     86356    0.00    0.00    0.00    0.00    0.00     0      0.00      0.00   15292    6380   0.02  sshd
02:48:21 AM  1000     86357    0.00    0.00    0.00    0.00    0.00     1      0.00      0.00   11344    5440   0.02  bash
02:48:21 AM     0     86549    0.00    0.00    0.00    0.00    0.00     2      0.00      0.00   14768    7664   0.02  sshd
02:48:21 AM  1000     86593    0.00    0.00    0.00    0.00    0.00     0      0.00      0.00   15292    6480   0.02  sshd
02:48:21 AM  1000     86594    0.00    0.00    0.00    0.00    0.00     2     48.51      0.00   11860    5896   0.02  bash
02:48:21 AM     0     86632    0.00    0.00    0.00    0.00    0.00     3      0.00      0.00       0       0   0.00  kworker/3:2
02:48:21 AM     0     87290    0.00    0.00    0.00    0.00    0.00     0      0.00      0.00   14768    7584   0.02  sshd
02:48:21 AM  1000     87334    0.00    0.00    0.00    0.00    0.00     0      0.00      0.00   15292    6412   0.02  sshd
02:48:21 AM  1000     87335    0.00    0.00    0.00    0.00    0.00     2      0.00      0.00   11344    5436   0.02  bash
02:48:21 AM     0     89981    0.00    0.00    0.00    0.00    0.00     1      0.00      0.00       0       0   0.00  kworker/1:1-events
02:48:21 AM     0     95050    0.00    0.00    0.00    0.00    0.00     2      0.00      0.00       0       0   0.00  kworker/2:0-events
02:48:21 AM     0     96173    0.00    0.00    0.00    0.00    0.00     1      0.00      0.00       0       0   0.00  kworker/1:2-events
02:48:21 AM     0     99494    0.00    0.00    0.00    0.00    0.00     1      0.00      0.00       0       0   0.00  kworker/u16:3-events_unbound
02:48:21 AM     0    107801    0.00    0.00    0.00    0.00    0.00     1      0.00      0.00       0       0   0.00  kworker/1:2H
02:48:21 AM     0    122883    0.00    0.00    0.00    0.00    0.00     2      0.00      0.00       0       0   0.00  kworker/u16:2-events_unbound
02:48:21 AM     0    123203    0.00    0.00    0.00    0.00    0.00     3      0.00      0.00       0       0   0.00  kworker/3:2H
02:48:21 AM     0    130503    0.00    0.00    0.00    0.00    0.00     0      0.00      0.00       0       0   0.00  kworker/0:0H
02:48:21 AM     0    130577    0.00    0.00    0.00    0.00    0.00     0      0.00      0.00       0       0   0.00  kworker/0:1-events
02:48:21 AM     0    130584    0.00    0.00    0.00    0.00    0.00     2      0.00      0.00   14768    7576   0.02  sshd
02:48:21 AM  1000    130628    0.99    1.98    0.00    0.99    2.97     3      0.00      0.00   16676    7816   0.02  sshd
02:48:21 AM  1000    130629    0.00    0.00    0.00    0.00    0.00     3      0.00      0.00   11344    5436   0.02  bash
02:48:21 AM  1000    130765    0.99    0.00    0.00    0.00    0.99     3      0.00      0.00  283948   43148   0.14  roslaunch
02:48:21 AM  1000    130773    0.99    0.00    0.00    0.00    0.99     0      0.00      0.00  797980   45684   0.14  rosmaster
02:48:21 AM  1000    130783    0.00    0.00    0.00    0.00    0.00     1      0.00      0.00  274964   10152   0.03  rosout
02:48:21 AM  1000    130790   57.43   71.29    0.00    6.93  128.71     3      0.00      0.00 34790064  712520   2.25  scale_truck_con
02:48:21 AM  1000    130791   21.78   66.34    0.00    0.00   88.12     3      0.00      0.00 1571432  113560   0.36  LRC
02:48:21 AM  1000    130854    0.00    0.00    0.00    0.00    0.00     2      0.00      0.00  724884   75188   0.24  python3
02:48:21 AM     0    131985    0.00    0.00    0.00    0.00    0.00     2      0.00      0.00       0       0   0.00  kworker/2:1H
02:48:21 AM     0    132214    0.00    0.00    0.00    0.00    0.00     1      0.00      0.00       0       0   0.00  kworker/1:1H
02:48:21 AM     0    133801    0.00    0.00    0.00    0.00    0.00     0      0.00      0.00       0       0   0.00  kworker/0:0-events
02:48:21 AM     0    137289    0.00    0.00    0.00    0.00    0.00     1      0.00      0.00       0       0   0.00  kworker/1:3-pm
02:48:21 AM     0    139165    0.00    0.00    0.00    0.00    0.00     0      0.00      0.00       0       0   0.00  kworker/0:2H
02:48:21 AM     0    139402    0.00    0.00    0.00    0.00    0.00     1      0.00      0.00       0       0   0.00  kworker/u16:0-events_unbound
02:48:21 AM     0    142495    0.00    0.00    0.00    0.00    0.00     1      0.00      0.00       0       0   0.00  kworker/1:4-pm
02:48:21 AM  1000    144270    0.00    0.00    0.00    0.00    0.00     0      3.96      0.00    7828     552   0.00  timeout
02:48:21 AM  1000    144271    3.96    3.96    0.00    6.93    7.92     0   2907.92      0.00   68712   43160   0.14  rosbag
02:48:21 AM  1000    144272    0.00    0.00    0.00    0.00    0.00     2      0.00      0.00    9208    3300   0.01  bash
02:48:21 AM  1000    144614    4.95   12.87    0.00   17.82   17.82     0      0.00      0.00   17812    9560   0.03  pidstat

# Time        UID       PID    %usr %system  %guest   %wait    %CPU   CPU  minflt/s  majflt/s     VSZ     RSS   %MEM  Command
02:48:22 AM     0         1    0.00    0.00    0.00    0.00    0.00     1      0.00      0.00  169880   11540   0.04  systemd
02:48:22 AM     0         2    0.00    0.00    0.00    0.00    0.00     1      0.00      0.00       0       0   0.00  kthreadd
02:48:22 AM     0         3    0.00    0.00    0.00    0.00    0.00     0      0.00      0.00       0       0   0.00  rcu_gp
02:48:22 AM     0         4    0.00    0.00    0.00    0.00    0.00     0      0.00      0.00       0       0   0.00  rcu_par_gp
02:48:22 AM     0         8    0.00    0.00    0.00    0.00    0.00     0      0.00      0.00       0       0   0.00  mm_percpu_wq
02:48:22 AM     0         9    0.00    0.00    0.00    0.00    0.00     0      0.00      0.00       0       0   0.00  rcu_tasks_kthre
02:48:22 AM     0        10    0.00    0.00    0.00    0.00    0.00     0      0.00      0.00       0       0   0.00  rcu_tasks_rude_
02:48:22 AM     0        11    0.00    0.00    0.00    0.00    0.00     0      0.00      0.00       0       0   0.00  rcu_tasks_trace
02:48:22 AM     0        12    0.00    0.00    0.00    1.00    0.00     0      0.00      0.00       0       0   0.00  ksoftirqd/0
02:48:22 AM     0        13    0.00    0.00    0.00    0.00    0.00     3      0.00      0.00       0       0   0.00  rcu_preempt
02:48:22 AM     0        14    0.00    0.00    0.00    0.00    0.00     0      0.00      0.00       0       0   0.00  migration/0
02:48:22 AM     0        16    0.00    0.00    0.00    0.00    0.00     0      0.00      0.00       0       0   0.00  cpuhp/0
02:48:22 AM     0        17    0.00    0.00    0.00    0.00    0.00     1      0.00      0.00       0       0   0.00  cpuhp/1
02:48:22 AM     0        18    0.00    0.00    0.00    0.00    0.00     1      0.00      0.00       0       0   0.00  migration/1
02:48:22 AM     0        19    0.00    0.00    0.00    0.00    0.00     1      0.00      0.00       0       0   0.00  ksoftirqd/1
02:48:22 AM     0        22    0.00    0.00    0.00    0.00    0.00     2      0.00      0.00       0       0   0.00  cpuhp/2
02:48:22 AM     0        23    0.00    0.00    0.00    0.00    0.00     2      0.00      0.00       0       0   0.00  migration/2
02:48:22 AM     0        24    0.00    0.00    0.00    0.00    0.00     2      0.00      0.00       0       0   0.00  ksoftirqd/2
02:48:22 AM     0        27    0.00    0.00    0.00    0.00    0.00     3      0.00      0.00       0       0   0.00  cpuhp/3
02:48:22 AM     0        28    0.00    0.00    0.00    0.00    0.00     3      0.00      0.00       0       0   0.00  migration/3
02:48:22 AM     0        29    0.00    0.00    0.00    0.00    0.00     3      0.00      0.00       0       0   0.00  ksoftirqd/3
02:48:22 AM     0        32    0.00    0.00    0.00    0.00    0.00     4      0.00      0.00       0       0   0.00  cpuhp/4
02:48:22 AM     0        33    0.00    0.00    0.00    0.00    0.00     4      0.00      0.00       0       0   0.00  migration/4
02:48:22 AM     0        34    0.00    0.00    0.00    0.00    0.00     4      0.00      0.00       0       0   0.00  ksoftirqd/4
02:48:22 AM     0        36    0.00    0.00    0.00    0.00    0.00     4      0.00      0.00       0       0   0.00  kworker/4:0H-kblockd
02:48:22 AM     0        37    0.00    0.00    0.00    0.00    0.00     5      0.00      0.00       0       0   0.00  cpuhp/5
02:48:22 AM     0        38    0.00    0.00    0.00    0.00    0.00     5      0.00      0.00       0       0   0.00  migration/5
02:48:22 AM     0        39    0.00    0.00    0.00    0.00    0.00     5      0.00      0.00       0       0   0.00  ksoftirqd/5
02:48:22 AM     0        41    0.00    0.00    0.00    0.00    0.00     5      0.00      0.00       0       0   0.00  kworker/5:0H-kblockd
02:48:22 AM     0        42    0.00    0.00    0.00    0.00    0.00     6      0.00      0.00       0       0   0.00  cpuhp/6
02:48:22 AM     0        43    0.00    0.00    0.00    0.00    0.00     6      0.00      0.00       0       0   0.00  migration/6
02:48:22 AM     0        44    0.00    0.00    0.00    0.00    0.00     6      0.00      0.00       0       0   0.00  ksoftirqd/6
02:48:22 AM     0        46    0.00    0.00    0.00    0.00    0.00     6      0.00      0.00       0       0   0.00  kworker/6:0H-events_highpri
02:48:22 AM     0        47    0.00    0.00    0.00    0.00    0.00     7      0.00      0.00       0       0   0.00  cpuhp/7
02:48:22 AM     0        48    0.00    0.00    0.00    0.00    0.00     7      0.00      0.00       0       0   0.00  migration/7
02:48:22 AM     0        49    0.00    0.00    0.00    0.00    0.00     7      0.00      0.00       0       0   0.00  ksoftirqd/7
02:48:22 AM     0        50    0.00    0.00    0.00    0.00    0.00     0      0.00      0.00       0       0   0.00  kworker/7:0-rcu_gp
02:48:22 AM     0        51    0.00    0.00    0.00    0.00    0.00     7      0.00      0.00       0       0   0.00  kworker/7:0H-kblockd
02:48:22 AM     0        52    0.00    0.00    0.00    0.00    0.00     0      0.00      0.00       0       0   0.00  kdevtmpfs
02:48:22 AM     0        53    0.00    0.00    0.00    0.00    0.00     4      0.00      0.00       0       0   0.00  netns
02:48:22 AM     0        54    0.00    0.00    0.00    0.00    0.00     1      0.00      0.00       0       0   0.00  kauditd
02:48:22 AM     0        55    0.00    0.00    0.00    0.00    0.00     0      0.00      0.00       0       0   0.00  irq/87-mc_statu
02:48:22 AM     0        56    0.00    0.00    0.00    0.00    0.00     2      0.00      0.00       0       0   0.00  khungtaskd
02:48:22 AM     0        57    0.00    0.00    0.00    0.00    0.00     3      0.00      0.00       0       0   0.00  oom_reaper
02:48:22 AM     0        58    0.00    0.00    0.00    0.00    0.00     5      0.00      0.00       0       0   0.00  writeback
02:48:22 AM     0        59    0.00    0.00    0.00    0.00    0.00     3      0.00      0.00       0       0   0.00  kcompactd0
02:48:22 AM     0        60    0.00    0.00    0.00    0.00    0.00     1      0.00      0.00       0       0   0.00  ksmd
02:48:22 AM     0        61    0.00    0.00    0.00    0.00    0.00     1      0.00      0.00       0       0   0.00  khugepaged
02:48:22 AM     0        93    0.00    0.00    0.00    0.00    0.00     1      0.00      0.00       0       0   0.00  kintegrityd
02:48:22 AM     0        94    0.00    0.00    0.00    0.00    0.00     1      0.00      0.00       0       0   0.00  kblockd
02:48:22 AM     0        95    0.00    0.00    0.00    0.00    0.00     1      0.00      0.00       0       0   0.00  blkcg_punt_bio
02:48:22 AM     0        97    0.00    0.00    0.00    0.00    0.00     3      0.00      0.00       0       0   0.00  tpm_dev_wq
02:48:22 AM     0        98    0.00    0.00    0.00    0.00    0.00     0      0.00      0.00       0       0   0.00  irq/197-30c0000
02:48:22 AM     0        99    0.00    0.00    0.00    0.00    0.00     1      0.00      0.00       0       0   0.00  devfreq_wq
02:48:22 AM     0       100    0.00    0.00    0.00    0.00    0.00     1      0.00      0.00       0       0   0.00  watchdogd
02:48:22 AM     0       104    0.00    0.00    0.00    0.00    0.00     7      0.00      0.00       0       0   0.00  rpciod
02:48:22 AM     0       106    0.00    0.00    0.00    0.00    0.00     7      0.00      0.00       0       0   0.00  xprtiod
02:48:22 AM     0       108    0.00    0.00    0.00    0.00    0.00     7      0.00      0.00       0       0   0.00  kswapd0
02:48:22 AM     0       109    0.00    0.00    0.00    0.00    0.00     5      0.00      0.00       0       0   0.00  nfsiod
02:48:22 AM     0       112    0.00    0.00    0.00    0.00    0.00     1      0.00      0.00       0       0   0.00  kthrotld
02:48:22 AM     0       113    0.00    0.00    0.00    0.00    0.00     7      0.00      0.00       0       0   0.00  kpcitest
02:48:22 AM     0       116    0.00    0.00    0.00    0.00    0.00     5      0.00      0.00       0       0   0.00  kworker/5:1-events
02:48:22 AM     0       122    0.00    0.00    0.00    0.00    0.00     1      0.00      0.00       0       0   0.00  nvme-wq
02:48:22 AM     0       123    0.00    0.00    0.00    0.00    0.00     5      0.00      0.00       0       0   0.00  nvme-reset-wq
02:48:22 AM     0       124    0.00    0.00    0.00    0.00    0.00     6      0.00      0.00       0       0   0.00  nvme-delete-wq
02:48:22 AM     0       125    0.00    0.00    0.00    0.00    0.00     6      0.00      0.00       0       0   0.00  uas
02:48:22 AM     0       126    0.00    0.00    0.00    0.00    0.00     0      0.00      0.00       0       0   0.00  irq/222-tegra_r
02:48:22 AM     0       127    0.00    0.00    0.00    0.00    0.00     0      0.00      0.00       0       0   0.00  kworker/7:2-events
02:48:22 AM     0       129    0.00    0.00    0.00    0.00    0.00     0      0.00      0.00       0       0   0.00  irq/86-tegra-oc
02:48:22 AM     0       130    0.00    0.00    0.00    0.00    0.00     5      0.00      0.00       0       0   0.00  dm_bufio_cache
02:48:22 AM     0       131    0.00    0.00    0.00    0.00    0.00     0      0.00      0.00       0       0   0.00  irq/223-max7762
02:48:22 AM     0       140    0.00    0.00    0.00    0.00    0.00     0      0.00      0.00       0       0   0.00  irq/55-bc00000.
02:48:22 AM     0       143    0.00    0.00    0.00    0.00    0.00     0      0.00      0.00       0       0   0.00  ipv6_addrconf
02:48:22 AM     0       144    0.00    0.00    0.00    0.00    0.00     6      0.00      0.00       0       0   0.00  krfcommd
02:48:22 AM     0       145    0.00    0.00    0.00    0.00    0.00     0      0.00      0.00       0       0   0.00  kstrp
02:48:22 AM     0       150    0.00    0.00    0.00    0.00    0.00     0      0.00      0.00       0       0   0.00  irq/24-tegra-pc
02:48:22 AM     0       154    0.00    0.00    0.00    0.00    0.00     0      0.00      0.00       0       0   0.00  irq/26-tegra-pc
02:48:22 AM     0       160    0.00    0.00    0.00    0.00    0.00     0      0.00      0.00       0       0   0.00  irq/26-aerdrv
02:48:22 AM     0       161    0.00    0.00    0.00    0.00    0.00     0      0.00      0.00       0       0   0.00  irq/28-tegra-pc
02:48:22 AM     0       162    0.00    0.00    0.00    0.00    0.00     0      0.00      0.00       0       0   0.00  irq/28-aerdrv
02:48:22 AM     0       163    0.00    0.00    0.00    0.00    0.00     5      0.00      0.00       0       0   0.00  host_low_prio_w
02:48:22 AM     0       164    0.00    1.00    0.00    0.00    1.00     0      0.00      0.00       0       0   0.00  irq/57-host_syn
02:48:22 AM     0       165    0.00    0.00    0.00    0.00    0.00     0      0.00      0.00       0       0   0.00  irq/58-host_sta
02:48:22 AM     0       173    0.00    0.00    0.00    0.00    0.00     5      0.00      0.00       0       0   0.00  pva_task_status
02:48:22 AM     0       174    0.00    0.00    0.00    0.00    0.00     0      0.00      0.00       0       0   0.00  irq/75-pva-isr
02:48:22 AM     0       175    0.00    0.00    0.00    0.00    0.00     0      0.00      0.00       0       0   0.00  pva_task_status
02:48:22 AM     0       176    0.00    0.00    0.00    0.00    0.00     0      0.00      0.00       0       0   0.00  irq/76-pva-isr
02:48:22 AM     0       185    0.00    0.00    0.00    0.00    0.00     0      0.00      0.00       0       0   0.00  sdhci
02:48:22 AM     0       186    0.00    0.00    0.00    0.00    0.00     0      0.00      0.00       0       0   0.00  irq/39-mmc0
02:48:22 AM     0       187    0.00    0.00    0.00    0.00    0.00     2      0.00      0.00       0       0   0.00  sdhci
02:48:22 AM     0       189    0.00    0.00    0.00    0.00    0.00     0      0.00      0.00       0       0   0.00  irq/40-mmc1
02:48:22 AM     0       195    0.00    0.00    0.00    0.00    0.00     7      0.00      0.00       0       0   0.00  scsi_eh_0
02:48:22 AM     0       196    0.00    0.00    0.00    0.00    0.00     7      0.00      0.00       0       0   0.00  scsi_tmf_0
02:48:22 AM     0       197    0.00    0.00    0.00    0.00    0.00     0      0.00      0.00       0       0   0.00  kworker/5:2-events
02:48:22 AM     0       198    0.00    0.00    0.00    0.00    0.00     0      0.00      0.00       0       0   0.00  irq/67-15200000
02:48:22 AM     0       199    0.00    0.00    0.00    0.00    0.00     1      0.00      0.00       0       0   0.00  tegradc.0/a
02:48:22 AM     0       200    0.00    0.00    0.00    0.00    0.00     0      0.00      0.00       0       0   0.00  tegradc.0/b
02:48:22 AM     0       201    0.00    0.00    0.00    0.00    0.00     0      0.00      0.00       0       0   0.00  tegradc.0/c
02:48:22 AM     0       202    0.00    0.00    0.00    0.00    0.00     0      0.00      0.00       0       0   0.00  tegradc.0/d
02:48:22 AM     0       203    0.00    0.00    0.00    0.00    0.00     0      0.00      0.00       0       0   0.00  tegradc.0/e
02:48:22 AM     0       204    0.00    0.00    0.00    0.00    0.00     0      0.00      0.00       0       0   0.00  tegradc.0/f
02:48:22 AM     0       205    0.00    0.00    0.00    0.00    0.00     0      0.00      0.00       0       0   0.00  tegradc.0/sl
02:48:22 AM     0       206    0.00    0.00    0.00    0.00    0.00     0      0.00      0.00       0       0   0.00  irq/62-15200000
02:48:22 AM     0       207    0.00    0.00    0.00    0.00    0.00     0      0.00      0.00       0       0   0.00  irq/276-3400000
02:48:22 AM     0       208    0.00    0.00    0.00    0.00    0.00     0      0.00      0.00       0       0   0.00  ufs_eh_wq_0
02:48:22 AM     0       209    0.00    0.00    0.00    0.00    0.00     3      0.00      0.00       0       0   0.00  mmc_complete
02:48:22 AM     0       211    0.00    0.00    0.00    0.00    0.00     0      0.00      0.00       0       0   0.00  irq/278-1520000
02:48:22 AM     0       212    0.00    0.00    0.00    0.00    0.00     0      0.00      0.00       0       0   0.00  irq/203-3610000
02:48:22 AM     0       213    0.00    0.00    0.00    0.00    0.00     0      0.00      0.00       0       0   0.00  irq/221-3610000
02:48:22 AM     0       214    0.00    0.00    0.00    0.00    0.00     0      0.00      0.00       0       0   0.00  irq/30-tegra-pc
02:48:22 AM     0       216    0.00    0.00    0.00    0.00    0.00     0      0.00      0.00       0       0   0.00  kworker/4:3-events
02:48:22 AM     0       218    0.00    0.00    0.00    0.00    0.00     4      0.00      0.00       0       0   0.00  kworker/4:5-events
02:48:22 AM     0       221    0.00    0.00    0.00    0.00    0.00     0      0.00      0.00       0       0   0.00  kworker/6:12-events
02:48:22 AM     0       222    0.00    0.00    0.00    0.00    0.00     0      0.00      0.00       0       0   0.00  kworker/6:13-events
02:48:22 AM     0       225    0.00    0.00    0.00    0.00    0.00     0      0.00      0.00       0       0   0.00  irq/68-tegra_dp
02:48:22 AM     0       226    0.00    0.00    0.00    0.00    0.00     0      0.00      0.00       0       0   0.00  irq/65-15210000
02:48:22 AM     0       227    0.00    0.00    0.00    0.00    0.00     0      0.00      0.00       0       0   0.00  tegradc.1/a
02:48:22 AM     0       228    0.00    0.00    0.00    0.00    0.00     0      0.00      0.00       0       0   0.00  tegradc.1/b
02:48:22 AM     0       229    0.00    0.00    0.00    0.00    0.00     0      0.00      0.00       0       0   0.00  tegradc.1/c
02:48:22 AM     0       230    0.00    0.00    0.00    0.00    0.00     0      0.00      0.00       0       0   0.00  tegradc.1/d
02:48:22 AM     0       231    0.00    0.00    0.00    0.00    0.00     0      0.00      0.00       0       0   0.00  tegradc.1/e
02:48:22 AM     0       232    0.00    0.00    0.00    0.00    0.00     0      0.00      0.00       0       0   0.00  tegradc.1/f
02:48:22 AM     0       233    0.00    0.00    0.00    0.00    0.00     1      0.00      0.00       0       0   0.00  tegradc.1/sl
02:48:22 AM     0       234    0.00    0.00    0.00    0.00    0.00     0      0.00      0.00       0       0   0.00  irq/63-15210000
02:48:22 AM     0       249    0.00    0.00    0.00    0.00    0.00     0      0.00      0.00       0       0   0.00  irq/56-d230000.
02:48:22 AM     0       250    0.00    0.00    0.00    0.00    0.00     0      0.00      0.00       0       0   0.00  irq/69-tegra_dp
02:48:22 AM     0       251    0.00    0.00    0.00    0.00    0.00     0      0.00      0.00       0       0   0.00  irq/66-15220000
02:48:22 AM     0       252    0.00    0.00    0.00    0.00    0.00     0      0.00      0.00       0       0   0.00  tegradc.2/a
02:48:22 AM     0       253    0.00    0.00    0.00    0.00    0.00     0      0.00      0.00       0       0   0.00  tegradc.2/b
02:48:22 AM     0       254    0.00    0.00    0.00    0.00    0.00     0      0.00      0.00       0       0   0.00  tegradc.2/c
02:48:22 AM     0       255    0.00    0.00    0.00    0.00    0.00     0      0.00      0.00       0       0   0.00  tegradc.2/d
02:48:22 AM     0       256    0.00    0.00    0.00    0.00    0.00     0      0.00      0.00       0       0   0.00  tegradc.2/e
02:48:22 AM     0       257    0.00    0.00    0.00    0.00    0.00     0      0.00      0.00       0       0   0.00  tegradc.2/f
02:48:22 AM     0       258    0.00    0.00    0.00    0.00    0.00     0      0.00      0.00       0       0   0.00  tegradc.2/sl
02:48:22 AM     0       259    0.00    0.00    0.00    0.00    0.00     0      0.00      0.00       0       0   0.00  irq/64-15220000
02:48:22 AM     0       275    0.00    0.00    0.00    0.00    0.00     3      0.00      0.00       0       0   0.00  jbd2/mmcblk0p1-
02:48:22 AM     0       276    0.00    0.00    0.00    0.00    0.00     3      0.00      0.00       0       0   0.00  ext4-rsv-conver
02:48:22 AM     0       280    0.00    0.00    0.00    0.00    0.00     7      0.00      0.00       0       0   0.00  kworker/7:1H
02:48:22 AM     0       286    0.00    0.00    0.00    0.00    0.00     5      0.00      0.00       0       0   0.00  kworker/5:1H-kblockd
02:48:22 AM     0       312    0.00    0.00    0.00    0.00    0.00     2      0.00      0.00   61816   31808   0.10  systemd-journal
02:48:22 AM     0       338    0.00    4.00    0.00   17.00    4.00     0      0.00      0.00       0       0   0.00  nvmap-bz
02:48:22 AM     0       339    0.00    0.00    0.00    0.00    0.00     0      0.00      0.00       0       0   0.00  irq/204-gk20a_s
02:48:22 AM     0       340    0.00    0.00    0.00    0.00    0.00     0      0.00      0.00       0       0   0.00  irq/205-gk20a_n
02:48:22 AM     0       345    0.00    0.00    0.00    0.00    0.00     3      0.00      0.00    2776    1492   0.00  tee-supplicant
02:48:22 AM     0       347    0.00    0.00    0.00    0.00    0.00     3      0.00      0.00       0       0   0.00  optee_bus_scan
02:48:22 AM     0       358    0.00    0.00    0.00    0.00    0.00     3      0.00      0.00   22788    7532   0.02  systemd-udevd
02:48:22 AM     0       364    0.00    0.00    0.00    0.00    0.00     1      0.00      0.00    7948    4892   0.02  haveged
02:48:22 AM   126       365    0.00    0.00    0.00    0.00    0.00     3      0.00      0.00    7136    3108   0.01  rpcbind
02:48:22 AM   105       366    0.00    0.00    0.00    0.00    0.00     1      0.00      0.00   25592   13288   0.04  systemd-resolve
02:48:22 AM   103       367    0.00    0.00    0.00    0.00    0.00     1      0.00      0.00   90672    6220   0.02  systemd-timesyn
02:48:22 AM     0       407    0.00    0.00    0.00    0.00    0.00     5      0.00      0.00       0       0   0.00  cfg80211
02:48:22 AM     0       410    0.00    0.00    0.00    0.00    0.00     0      0.00      0.00       0       0   0.00  irq/42-3210000.
02:48:22 AM     0       412    0.00    0.00    0.00    0.00    0.00     2      0.00      0.00       0       0   0.00  spi0
02:48:22 AM     0       413    0.00   16.00    0.00    0.00   16.00     1      0.00      0.00       0       0   0.00  irq/282-iwlwifi
02:48:22 AM     0       416    0.00    0.00    0.00    0.00    0.00     4      0.00      0.00       0       0   0.00  ata_sff
02:48:22 AM     0       419    0.00    0.00    0.00    0.00    0.00     0      0.00      0.00       0       0   0.00  irq/43-c260000.
02:48:22 AM     0       420    0.00    0.00    0.00    0.00    0.00     6      0.00      0.00       0       0   0.00  scsi_eh_1
02:48:22 AM     0       422    0.00    0.00    0.00    0.00    0.00     6      0.00      0.00       0       0   0.00  scsi_tmf_1
02:48:22 AM     0       427    0.00    0.00    0.00    0.00    0.00     0      0.00      0.00       0       0   0.00  spi1
02:48:22 AM     0       430    0.00    0.00    0.00    0.00    0.00     3      0.00      0.00  242072    8880   0.03  accounts-daemon
02:48:22 AM   120       439    0.00    0.00    0.00    0.00    0.00     1      0.00      0.00    7084    3472   0.01  avahi-daemon
02:48:22 AM     0       441    0.00    0.00    0.00    0.00    0.00     3      0.00      0.00    9220    2516   0.01  cron
02:48:22 AM   106       443    0.00    0.00    0.00    0.00    0.00     1      0.00      0.00    9396    5264   0.02  dbus-daemon
02:48:22 AM     0       447    0.00    0.00    0.00    0.00    0.00     0      0.00      0.00  341244   20856   0.07  NetworkManager
02:48:22 AM     0       456    0.00    0.00    0.00    0.00    0.00     4      0.00      0.00   38300   19472   0.06  networkd-dispat
02:48:22 AM     0       473    0.00    0.00    0.00    0.00    0.00     2      0.00      0.00  238860   13352   0.04  polkitd
02:48:22 AM   125       483    0.00    0.00    0.00    0.00    0.00     3      0.00      0.00  220940    8288   0.03  rsyslogd
02:48:22 AM     0       503    0.00    0.00    0.00    0.00    0.00     2      0.00      0.00  235864    4364   0.01  switcheroo-cont
02:48:22 AM     0       514    0.00    0.00    0.00    0.00    0.00     2      0.00      0.00   17076    6760   0.02  systemd-logind
02:48:22 AM     0       523    0.00    0.00    0.00    0.00    0.00     1      0.00      0.00  395556   15676   0.05  udisksd
02:48:22 AM     0       528    0.00    0.00    0.00    0.00    0.00     0      0.00      0.00   12784    8052   0.03  wpa_supplicant
02:48:22 AM     0       548    0.00    0.00    0.00    0.00    0.00     0      0.00      0.00       0       0   0.00  sugov:0
02:48:22 AM   120       555    0.00    0.00    0.00    0.00    0.00     2      0.00      0.00    6896     324   0.00  avahi-daemon
02:48:22 AM     0       585    0.00    0.00    0.00    0.00    0.00     5      0.00      0.00       0       0   0.00  tmp451
02:48:22 AM     0       597    0.00    0.00    0.00    0.00    0.00     3      0.00      0.00       0       0   0.00  irq/286-1-0008
02:48:22 AM     0       600    0.00    0.00    0.00    0.00    0.00     2      0.00      0.00  321792   14480   0.05  ModemManager
02:48:22 AM     0       653    0.00    0.00    0.00    0.00    0.00     0      0.00      0.00    2476     604   0.00  nvfancontrol
02:48:22 AM     0       728    0.00    0.00    0.00    0.00    0.00     4      0.00      0.00       0       0   0.00  adspp_kthread
02:48:22 AM     0       779    0.00    0.00    0.00    0.00    0.00     6      0.00      0.00       0       0   0.00  kworker/6:2H-kblockd
02:48:22 AM     0       876    0.00    0.00    0.00    0.00    0.00     1      0.00      0.00       0       0   0.00  irq/289-2490000
02:48:22 AM     0       887    0.00    0.00    0.00    0.00    0.00     0      0.00      0.00       0       0   0.00  irq/32-eth0.com
02:48:22 AM     0       919    0.00    0.00    0.00    0.00    0.00     4      0.00      0.00       0       0   0.00  file-storage
02:48:22 AM     0       953    0.00    0.00    0.00    0.00    0.00     1      0.00      0.00       0       0   0.00  loop0
02:48:22 AM     0      1048    0.00    0.00    0.00    0.00    0.00     4      0.00      0.00       0       0   0.00  kworker/4:2H-kblockd
02:48:22 AM     0      1091    0.00    0.00    0.00    0.00    0.00     3      0.00      0.00       0       0   0.00  cryptd
02:48:22 AM     0      1147    0.00    0.00    0.00    0.00    0.00     2      0.00      0.00       0       0   0.00  sw-quiesce
02:48:22 AM     0      1148    0.00    0.00    0.00    0.00    0.00     3      0.00      0.00       0       0   0.00  nvgpu_channel_p
02:48:22 AM     0      1151    0.00    0.00    0.00    0.00    0.00     2      0.00      0.00       0       0   0.00  nvgpu_nvs_gv11b
02:48:22 AM     0      1153    0.00    0.00    0.00    0.00    0.00     0      0.00      0.00       0       0   0.00  nvgpu_pg_init_g
02:48:22 AM     0      1157    0.00    0.00    0.00    0.00    0.00     2      0.00      0.00       0       0   0.00  nvgpu_clk_arb_p
02:48:22 AM     0      1162    0.00    0.00    0.00    0.00    0.00     3      0.00      0.00       0       0   0.00  irq/288-rt5659
02:48:22 AM     0      1270    0.00    0.00    0.00    0.00    0.00     3      0.00      0.00   55688   11092   0.03  nvargus-daemon
02:48:22 AM     0      1273    0.00    0.00    0.00    0.00    0.00     3      0.00      0.00   21932    1552   0.00  nvs-service
02:48:22 AM     0      1298    0.00    0.00    0.00    0.00    0.00     1      0.00      0.00 2007972   50424   0.16  containerd
02:48:22 AM     0      1314    0.00    0.00    0.00    0.00    0.00     0      0.00      0.00  240032    7616   0.02  gdm3
02:48:22 AM   108      1326    0.00    0.00    0.00    0.00    0.00     2      0.00      0.00   11468    1896   0.01  kerneloops
02:48:22 AM     0      1327    0.00    0.00    0.00    0.00    0.00     3      0.00      0.00   12236    6576   0.02  sshd
02:48:22 AM     0      1336    0.00    0.00    0.00    0.00    0.00     0      0.00      0.00    7688    1876   0.01  agetty
02:48:22 AM     0      1337    0.00    0.00    0.00    0.00    0.00     2      0.00      0.00    7688    1904   0.01  agetty
02:48:22 AM   108      1339    0.00    0.00    0.00    0.00    0.00     0      0.00      0.00   11468    1820   0.01  kerneloops
02:48:22 AM     0      1340    0.00    0.00    0.00    0.00    0.00     3      0.00      0.00    9216    2824   0.01  nvgetty.sh
02:48:22 AM     0      1379    0.00    0.00    0.00    0.00    0.00     0      0.00      0.00    7688    1848   0.01  getty
02:48:22 AM     0      1554    0.00    0.00    0.00    0.00    0.00     2      0.00      0.00 2111796   85472   0.27  dockerd
02:48:22 AM     0      1677    0.00    0.00    0.00    0.00    0.00     1      0.00      0.00  168472    8256   0.03  gdm-session-wor
02:48:22 AM     0      1711    0.00    0.00    0.00    0.00    0.00     0      0.00      0.00    3248     808   0.00  nvphsd
02:48:22 AM     0      1716    0.00    0.00    0.00    0.00    0.00     3      0.00      0.00    3380    1788   0.01  nvphsd
02:48:22 AM   124      1789    0.00    0.00    0.00    0.00    0.00     3      0.00      0.00   19144    9224   0.03  systemd
02:48:22 AM   124      1804    0.00    0.00    0.00    0.00    0.00     3      0.00      0.00  104488    5436   0.02  (sd-pam)
02:48:22 AM   124      2014    0.00    0.00    0.00    0.00    0.00     0      0.00      0.00  961884   21984   0.07  pulseaudio
02:48:22 AM   124      2032    0.00    0.00    0.00    0.00    0.00     2      0.00      0.00  164156    5924   0.02  gdm-x-session
02:48:22 AM   124      2037    0.00    0.00    0.00    0.00    0.00     1      0.00      0.00 25330232   99256   0.31  Xorg
02:48:22 AM   118      2040    0.00    0.00    0.00    0.00    0.00     1      0.00      0.00  152516    2440   0.01  rtkit-daemon
02:48:22 AM   124      2162    0.00    0.00    0.00    0.00    0.00     2      0.00      0.00    7812    3448   0.01  dbus-daemon
02:48:22 AM   124      2428    0.00    0.00    0.00    0.00    0.00     0      0.00      0.00    4776    1164   0.00  dbus-run-sessio
02:48:22 AM   124      2429    0.00    0.00    0.00    0.00    0.00     2      0.00      0.00    8088    4104   0.01  dbus-daemon
02:48:22 AM   124      2438    0.00    0.00    0.00    0.00    0.00     2      0.00      0.00  559768   14932   0.05  gnome-session-b
02:48:22 AM     0      2457    0.00    0.00    0.00    0.00    0.00     2      0.00      0.00  101692   19628   0.06  jtop
02:48:22 AM   124      2463    0.00    0.00    0.00    0.00    0.00     3      0.00      0.00  309548   10092   0.03  at-spi-bus-laun
02:48:22 AM   124      2470    0.00    0.00    0.00    0.00    0.00     1      0.00      0.00    7676    3468   0.01  dbus-daemon
02:48:22 AM   124      2495    0.00    0.00    0.00    0.00    0.00     1      0.00      0.00 4022996  194908   0.61  gnome-shell
02:48:22 AM     0      2510    0.00    0.00    0.00    0.00    0.00     1      0.00      0.00  175424   16904   0.05  jtop
02:48:22 AM     0      2518    0.00    0.00    0.00    0.00    0.00     2      0.00      0.00  101692   17160   0.05  jtop
02:48:22 AM   124      2696    0.00    0.00    0.00    0.00    0.00     0      0.00      0.00  314420   11212   0.04  ibus-daemon
02:48:22 AM   124      2699    0.00    0.00    0.00    0.00    0.00     2      0.00      0.00  239960   11792   0.04  ibus-dconf
02:48:22 AM   124      2701    0.00    0.00    0.00    0.00    0.00     2      0.00      0.00  189920   16900   0.05  ibus-x11
02:48:22 AM   124      2704    0.00    0.00    0.00    0.00    0.00     3      0.00      0.00  239880    7776   0.02  ibus-portal
02:48:22 AM   124      2715    0.00    0.00    0.00    0.00    0.00     1      0.00      0.00  161420    6880   0.02  at-spi2-registr
02:48:22 AM   124      2719    0.00    0.00    0.00    0.00    0.00     3      0.00      0.00  235804    4672   0.01  xdg-permission-
02:48:22 AM     0      2725    0.00    0.00    0.00    0.00    0.00     3      0.00      0.00  252944    8776   0.03  upowerd
02:48:22 AM   124      2745    0.00    0.00    0.00    0.00    0.00     2      0.00      0.00 3001620   27244   0.09  gjs
02:48:22 AM   124      2764    0.00    0.00    0.00    0.00    0.00     0      0.00      0.00  469396   14236   0.04  gsd-sharing
02:48:22 AM   124      2765    0.00    0.00    0.00    0.00    0.00     1      0.00      0.00  334628   15072   0.05  gsd-wacom
02:48:22 AM   124      2768    0.00    0.00    0.00    0.00    0.00     2      0.00      0.00  571788   19844   0.06  gsd-color
02:48:22 AM   124      2772    0.00    0.00    0.00    0.00    0.00     3      0.00      0.00  338096   17824   0.06  gsd-keyboard
02:48:22 AM   124      2774    0.00    0.00    0.00    0.00    0.00     2      0.00      0.00  322508   11376   0.04  gsd-print-notif
02:48:22 AM   124      2779    0.00    0.00    0.00    0.00    0.00     3      0.00      0.00  166208    7736   0.02  ibus-engine-sim
02:48:22 AM   124      2780    0.00    0.00    0.00    0.00    0.00     1      0.00      0.00  457460    7996   0.03  gsd-rfkill
02:48:22 AM   124      2782    0.00    0.00    0.00    0.00    0.00     1      0.00      0.00  391976    9696   0.03  gsd-smartcard
02:48:22 AM   124      2784    0.00    0.00    0.00    0.00    0.00     2      0.00      0.00  374928   15372   0.05  gsd-datetime
02:48:22 AM   124      2790    0.00    0.00    0.00    0.00    0.00     3      0.00      0.00  679696   20032   0.06  gsd-media-keys
02:48:22 AM   124      2791    0.00    0.00    0.00    0.00    0.00     3      0.00      0.00  235772    5600   0.02  gsd-screensaver
02:48:22 AM   124      2793    0.00    0.00    0.00    0.00    0.00     3      0.00      0.00  320104    9452   0.03  gsd-sound
02:48:22 AM   124      2795    0.00    0.00    0.00    0.00    0.00     3      0.00      0.00  313652   10144   0.03  gsd-a11y-settin
02:48:22 AM   124      2799    0.00    0.00    0.00    0.00    0.00     2      0.00      0.00  313992   10540   0.03  gsd-housekeepin
02:48:22 AM   124      2802    0.00    0.00    0.00    0.00    0.00     1      0.00      0.00  339724   18828   0.06  gsd-power
02:48:22 AM   124      2824    0.00    0.00    0.00    0.00    0.00     2      0.00      0.00  342540   12784   0.04  gsd-printer
02:48:22 AM   119      2837    0.00    0.00    0.00    0.00    0.00     2      0.00      0.00  249328   17548   0.06  colord
02:48:22 AM     0     29120    0.00    0.00    0.00    0.00    0.00     3      0.00      0.00       0       0   0.00  kworker/u17:2
02:48:22 AM     0     33852    0.00    0.00    0.00    0.00    0.00     1      0.00      0.00       0       0   0.00  kworker/1:0H-kblockd
02:48:22 AM     0     35048    0.00    0.00    0.00    0.00    0.00     0      0.00      0.00       0       0   0.00  kworker/u17:0-thermal_fan_est
02:48:22 AM  1000     39960    0.00    0.00    0.00    0.00    0.00     2      0.00      0.00   19248    9208   0.03  systemd
02:48:22 AM  1000     39961    0.00    0.00    0.00    0.00    0.00     2      0.00      0.00  170940    6304   0.02  (sd-pam)
02:48:22 AM  1000     40037    0.00    0.00    0.00    0.00    0.00     3      0.00      0.00    7812    3952   0.01  dbus-daemon
02:48:22 AM     0     40147    0.00    0.00    0.00    0.00    0.00     1      0.00      0.00       0       0   0.00  kworker/1:0-events
02:48:22 AM     0     40174    0.00    0.00    0.00    0.00    0.00     2      0.00      0.00       0       0   0.00  kworker/2:2H-kblockd
02:48:22 AM     0     40194    0.00    0.00    0.00    0.00    0.00     3      0.00      0.00       0       0   0.00  kworker/3:0H-kblockd
02:48:22 AM     0     41650    0.00    0.00    0.00    0.00    0.00     3      0.00      0.00       0       0   0.00  kworker/3:0-events
02:48:22 AM     0     43913    0.00    0.00    0.00    0.00    0.00     2      0.00      0.00   14768    7560   0.02  sshd
02:48:22 AM  1000     43958    0.00    0.00    0.00    0.00    0.00     0      0.00      0.00   15292    6400   0.02  sshd
02:48:22 AM  1000     43959    0.00    0.00    0.00    0.00    0.00     1      0.00      0.00   11344    5444   0.02  bash
02:48:22 AM     0     50050    0.00    0.00    0.00    0.00    0.00     2      0.00      0.00   14768    7572   0.02  sshd
02:48:22 AM  1000     50094    0.00    0.00    0.00    0.00    0.00     3      0.00      0.00   15292    6428   0.02  sshd
02:48:22 AM  1000     50095    0.00    0.00    0.00    0.00    0.00     2      0.00      0.00   11344    5448   0.02  bash
02:48:22 AM     0     81462    0.00    0.00    0.00    1.00    0.00     2      0.00      0.00       0       0   0.00  kworker/2:2-events
02:48:22 AM     0     81478    0.00    0.00    0.00    0.00    0.00     0      0.00      0.00       0       0   0.00  kworker/0:1H-kblockd
02:48:22 AM  1000     84840    0.00    0.00    0.00    0.00    0.00     3      0.00      0.00  240176   10088   0.03  gnome-keyring-d
02:48:22 AM   124     84900    0.00    0.00    0.00    0.00    0.00     1      0.00      0.00  156240    4584   0.01  dconf-service
02:48:22 AM     0     85427    0.00    0.00    0.00    0.00    0.00     0      0.00      0.00       0       0   0.00  kworker/0:2-events
02:48:22 AM     0     86310    0.00    0.00    0.00    0.00    0.00     0      0.00      0.00       0       0   0.00  kworker/u16:1-events_unbound
02:48:22 AM     0     86312    0.00    0.00    0.00    0.00    0.00     3      0.00      0.00   14768    7564   0.02  sshd
02:48:22 AM  1000     86356    0.00    0.00    0.00    0.00    0.00     0      0.00      0.00   15292    6380   0.02  sshd
02:48:22 AM  1000     86357    0.00    0.00    0.00    0.00    0.00     1      0.00      0.00   11344    5440   0.02  bash
02:48:22 AM     0     86549    0.00    0.00    0.00    0.00    0.00     2      0.00      0.00   14768    7664   0.02  sshd
02:48:22 AM  1000     86593    0.00    0.00    0.00    0.00    0.00     0      0.00      0.00   15292    6480   0.02  sshd
02:48:22 AM  1000     86594    0.00    0.00    0.00    0.00    0.00     0      1.00      0.00   11860    5896   0.02  bash
02:48:22 AM     0     86632    0.00    0.00    0.00    0.00    0.00     3      0.00      0.00       0       0   0.00  kworker/3:2
02:48:22 AM     0     87290    0.00    0.00    0.00    0.00    0.00     0      0.00      0.00   14768    7584   0.02  sshd
02:48:22 AM  1000     87334    0.00    0.00    0.00    0.00    0.00     0      0.00      0.00   15292    6412   0.02  sshd
02:48:22 AM  1000     87335    0.00    0.00    0.00    0.00    0.00     2      0.00      0.00   11344    5436   0.02  bash
02:48:22 AM     0     89981    0.00    0.00    0.00    0.00    0.00     1      0.00      0.00       0       0   0.00  kworker/1:1-events
02:48:22 AM     0     95050    0.00    0.00    0.00    0.00    0.00     2      0.00      0.00       0       0   0.00  kworker/2:0-events
02:48:22 AM     0     96173    0.00    0.00    0.00    0.00    0.00     1      0.00      0.00       0       0   0.00  kworker/1:2-events
02:48:22 AM     0     99494    0.00    1.00    0.00    0.00    1.00     2      0.00      0.00       0       0   0.00  kworker/u16:3-events_unbound
02:48:22 AM     0    107801    0.00    0.00    0.00    0.00    0.00     1      0.00      0.00       0       0   0.00  kworker/1:2H
02:48:22 AM     0    122883    0.00    0.00    0.00    0.00    0.00     2      0.00      0.00       0       0   0.00  kworker/u16:2-events_unbound
02:48:22 AM     0    123203    0.00    0.00    0.00    0.00    0.00     3      0.00      0.00       0       0   0.00  kworker/3:2H
02:48:22 AM     0    130503    0.00    0.00    0.00    0.00    0.00     0      0.00      0.00       0       0   0.00  kworker/0:0H
02:48:22 AM     0    130577    0.00    0.00    0.00    0.00    0.00     0      0.00      0.00       0       0   0.00  kworker/0:1-events
02:48:22 AM     0    130584    0.00    0.00    0.00    0.00    0.00     2      0.00      0.00   14768    7576   0.02  sshd
02:48:22 AM  1000    130628    0.00    3.00    0.00    1.00    3.00     3      0.00      0.00   16676    7816   0.02  sshd
02:48:22 AM  1000    130629    0.00    0.00    0.00    0.00    0.00     3      0.00      0.00   11344    5436   0.02  bash
02:48:22 AM  1000    130765    0.00    0.00    0.00    0.00    0.00     3      0.00      0.00  283948   43148   0.14  roslaunch
02:48:22 AM  1000    130773    1.00    0.00    0.00    0.00    1.00     1      0.00      0.00  797980   45684   0.14  rosmaster
02:48:22 AM  1000    130783    0.00    0.00    0.00    0.00    0.00     0      0.00      0.00  274964   10152   0.03  rosout
02:48:22 AM  1000    130790   70.00   87.00    0.00    2.00  157.00     2      0.00      0.00 34790064  712520   2.25  scale_truck_con
02:48:22 AM  1000    130791   30.00   87.00    0.00    0.00  117.00     3      0.00      0.00 1571432  113560   0.36  LRC
02:48:22 AM  1000    130854    0.00    0.00    0.00    0.00    0.00     2      0.00      0.00  724884   75188   0.24  python3
02:48:22 AM     0    131985    0.00    0.00    0.00    0.00    0.00     2      0.00      0.00       0       0   0.00  kworker/2:1H
02:48:22 AM     0    132214    0.00    0.00    0.00    0.00    0.00     1      0.00      0.00       0       0   0.00  kworker/1:1H
02:48:22 AM     0    133801    0.00    0.00    0.00    0.00    0.00     0      0.00      0.00       0       0   0.00  kworker/0:0-events
02:48:22 AM     0    137289    0.00    0.00    0.00    0.00    0.00     1      0.00      0.00       0       0   0.00  kworker/1:3-pm
02:48:22 AM     0    139165    0.00    0.00    0.00    0.00    0.00     0      0.00      0.00       0       0   0.00  kworker/0:2H
02:48:22 AM     0    139402    0.00    0.00    0.00    0.00    0.00     1      0.00      0.00       0       0   0.00  kworker/u16:0-events_unbound
02:48:22 AM     0    142495    0.00    0.00    0.00    0.00    0.00     1      0.00      0.00       0       0   0.00  kworker/1:4-pm
02:48:22 AM  1000    144272    0.00    0.00    0.00    0.00    0.00     2      0.00      0.00    9208    3300   0.01  bash
02:48:22 AM  1000    144614    4.00   13.00    0.00    9.00   17.00     1      0.00      0.00   17812    9560   0.03  pidstat

# Time        UID       PID    %usr %system  %guest   %wait    %CPU   CPU  minflt/s  majflt/s     VSZ     RSS   %MEM  Command
02:48:23 AM     0         1    0.00    0.00    0.00    0.00    0.00     1      0.00      0.00  169880   11540   0.04  systemd
02:48:23 AM     0         2    0.00    0.00    0.00    0.00    0.00     1      0.00      0.00       0       0   0.00  kthreadd
02:48:23 AM     0         3    0.00    0.00    0.00    0.00    0.00     0      0.00      0.00       0       0   0.00  rcu_gp
02:48:23 AM     0         4    0.00    0.00    0.00    0.00    0.00     0      0.00      0.00       0       0   0.00  rcu_par_gp
02:48:23 AM     0         8    0.00    0.00    0.00    0.00    0.00     0      0.00      0.00       0       0   0.00  mm_percpu_wq
02:48:23 AM     0         9    0.00    0.00    0.00    0.00    0.00     0      0.00      0.00       0       0   0.00  rcu_tasks_kthre
02:48:23 AM     0        10    0.00    0.00    0.00    0.00    0.00     0      0.00      0.00       0       0   0.00  rcu_tasks_rude_
02:48:23 AM     0        11    0.00    0.00    0.00    0.00    0.00     0      0.00      0.00       0       0   0.00  rcu_tasks_trace
02:48:23 AM     0        12    0.00    0.00    0.00    0.00    0.00     0      0.00      0.00       0       0   0.00  ksoftirqd/0
02:48:23 AM     0        13    0.00    0.00    0.00    1.00    0.00     1      0.00      0.00       0       0   0.00  rcu_preempt
02:48:23 AM     0        14    0.00    0.00    0.00    0.00    0.00     0      0.00      0.00       0       0   0.00  migration/0
02:48:23 AM     0        16    0.00    0.00    0.00    0.00    0.00     0      0.00      0.00       0       0   0.00  cpuhp/0
02:48:23 AM     0        17    0.00    0.00    0.00    0.00    0.00     1      0.00      0.00       0       0   0.00  cpuhp/1
02:48:23 AM     0        18    0.00    0.00    0.00    0.00    0.00     1      0.00      0.00       0       0   0.00  migration/1
02:48:23 AM     0        19    0.00    1.00    0.00    0.00    1.00     1      0.00      0.00       0       0   0.00  ksoftirqd/1
02:48:23 AM     0        22    0.00    0.00    0.00    0.00    0.00     2      0.00      0.00       0       0   0.00  cpuhp/2
02:48:23 AM     0        23    0.00    0.00    0.00    0.00    0.00     2      0.00      0.00       0       0   0.00  migration/2
02:48:23 AM     0        24    0.00    0.00    0.00    0.00    0.00     2      0.00      0.00       0       0   0.00  ksoftirqd/2
02:48:23 AM     0        27    0.00    0.00    0.00    0.00    0.00     3      0.00      0.00       0       0   0.00  cpuhp/3
02:48:23 AM     0        28    0.00    0.00    0.00    0.00    0.00     3      0.00      0.00       0       0   0.00  migration/3
02:48:23 AM     0        29    0.00    1.00    0.00    1.00    1.00     3      0.00      0.00       0       0   0.00  ksoftirqd/3
02:48:23 AM     0        32    0.00    0.00    0.00    0.00    0.00     4      0.00      0.00       0       0   0.00  cpuhp/4
02:48:23 AM     0        33    0.00    0.00    0.00    0.00    0.00     4      0.00      0.00       0       0   0.00  migration/4
02:48:23 AM     0        34    0.00    0.00    0.00    0.00    0.00     4      0.00      0.00       0       0   0.00  ksoftirqd/4
02:48:23 AM     0        36    0.00    0.00    0.00    0.00    0.00     4      0.00      0.00       0       0   0.00  kworker/4:0H-kblockd
02:48:23 AM     0        37    0.00    0.00    0.00    0.00    0.00     5      0.00      0.00       0       0   0.00  cpuhp/5
02:48:23 AM     0        38    0.00    0.00    0.00    0.00    0.00     5      0.00      0.00       0       0   0.00  migration/5
02:48:23 AM     0        39    0.00    0.00    0.00    0.00    0.00     5      0.00      0.00       0       0   0.00  ksoftirqd/5
02:48:23 AM     0        41    0.00    0.00    0.00    0.00    0.00     5      0.00      0.00       0       0   0.00  kworker/5:0H-kblockd
02:48:23 AM     0        42    0.00    0.00    0.00    0.00    0.00     6      0.00      0.00       0       0   0.00  cpuhp/6
02:48:23 AM     0        43    0.00    0.00    0.00    0.00    0.00     6      0.00      0.00       0       0   0.00  migration/6
02:48:23 AM     0        44    0.00    0.00    0.00    0.00    0.00     6      0.00      0.00       0       0   0.00  ksoftirqd/6
02:48:23 AM     0        46    0.00    0.00    0.00    0.00    0.00     6      0.00      0.00       0       0   0.00  kworker/6:0H-events_highpri
02:48:23 AM     0        47    0.00    0.00    0.00    0.00    0.00     7      0.00      0.00       0       0   0.00  cpuhp/7
02:48:23 AM     0        48    0.00    0.00    0.00    0.00    0.00     7      0.00      0.00       0       0   0.00  migration/7
02:48:23 AM     0        49    0.00    0.00    0.00    0.00    0.00     7      0.00      0.00       0       0   0.00  ksoftirqd/7
02:48:23 AM     0        50    0.00    0.00    0.00    0.00    0.00     0      0.00      0.00       0       0   0.00  kworker/7:0-rcu_gp
02:48:23 AM     0        51    0.00    0.00    0.00    0.00    0.00     7      0.00      0.00       0       0   0.00  kworker/7:0H-kblockd
02:48:23 AM     0        52    0.00    0.00    0.00    0.00    0.00     0      0.00      0.00       0       0   0.00  kdevtmpfs
02:48:23 AM     0        53    0.00    0.00    0.00    0.00    0.00     4      0.00      0.00       0       0   0.00  netns
02:48:23 AM     0        54    0.00    0.00    0.00    0.00    0.00     1      0.00      0.00       0       0   0.00  kauditd
02:48:23 AM     0        55    0.00    0.00    0.00    0.00    0.00     0      0.00      0.00       0       0   0.00  irq/87-mc_statu
02:48:23 AM     0        56    0.00    0.00    0.00    0.00    0.00     2      0.00      0.00       0       0   0.00  khungtaskd
02:48:23 AM     0        57    0.00    0.00    0.00    0.00    0.00     3      0.00      0.00       0       0   0.00  oom_reaper
02:48:23 AM     0        58    0.00    0.00    0.00    0.00    0.00     5      0.00      0.00       0       0   0.00  writeback
02:48:23 AM     0        59    0.00    0.00    0.00    0.00    0.00     3      0.00      0.00       0       0   0.00  kcompactd0
02:48:23 AM     0        60    0.00    0.00    0.00    0.00    0.00     1      0.00      0.00       0       0   0.00  ksmd
02:48:23 AM     0        61    0.00    0.00    0.00    0.00    0.00     1      0.00      0.00       0       0   0.00  khugepaged
02:48:23 AM     0        93    0.00    0.00    0.00    0.00    0.00     1      0.00      0.00       0       0   0.00  kintegrityd
02:48:23 AM     0        94    0.00    0.00    0.00    0.00    0.00     1      0.00      0.00       0       0   0.00  kblockd
02:48:23 AM     0        95    0.00    0.00    0.00    0.00    0.00     1      0.00      0.00       0       0   0.00  blkcg_punt_bio
02:48:23 AM     0        97    0.00    0.00    0.00    0.00    0.00     3      0.00      0.00       0       0   0.00  tpm_dev_wq
02:48:23 AM     0        98    0.00    0.00    0.00    0.00    0.00     0      0.00      0.00       0       0   0.00  irq/197-30c0000
02:48:23 AM     0        99    0.00    0.00    0.00    0.00    0.00     1      0.00      0.00       0       0   0.00  devfreq_wq
02:48:23 AM     0       100    0.00    0.00    0.00    0.00    0.00     1      0.00      0.00       0       0   0.00  watchdogd
02:48:23 AM     0       104    0.00    0.00    0.00    0.00    0.00     7      0.00      0.00       0       0   0.00  rpciod
02:48:23 AM     0       106    0.00    0.00    0.00    0.00    0.00     7      0.00      0.00       0       0   0.00  xprtiod
02:48:23 AM     0       108    0.00    0.00    0.00    0.00    0.00     7      0.00      0.00       0       0   0.00  kswapd0
02:48:23 AM     0       109    0.00    0.00    0.00    0.00    0.00     5      0.00      0.00       0       0   0.00  nfsiod
02:48:23 AM     0       112    0.00    0.00    0.00    0.00    0.00     1      0.00      0.00       0       0   0.00  kthrotld
02:48:23 AM     0       113    0.00    0.00    0.00    0.00    0.00     7      0.00      0.00       0       0   0.00  kpcitest
02:48:23 AM     0       116    0.00    0.00    0.00    0.00    0.00     5      0.00      0.00       0       0   0.00  kworker/5:1-events
02:48:23 AM     0       122    0.00    0.00    0.00    0.00    0.00     1      0.00      0.00       0       0   0.00  nvme-wq
02:48:23 AM     0       123    0.00    0.00    0.00    0.00    0.00     5      0.00      0.00       0       0   0.00  nvme-reset-wq
02:48:23 AM     0       124    0.00    0.00    0.00    0.00    0.00     6      0.00      0.00       0       0   0.00  nvme-delete-wq
02:48:23 AM     0       125    0.00    0.00    0.00    0.00    0.00     6      0.00      0.00       0       0   0.00  uas
02:48:23 AM     0       126    0.00    0.00    0.00    0.00    0.00     0      0.00      0.00       0       0   0.00  irq/222-tegra_r
02:48:23 AM     0       127    0.00    0.00    0.00    0.00    0.00     0      0.00      0.00       0       0   0.00  kworker/7:2-events
02:48:23 AM     0       129    0.00    0.00    0.00    0.00    0.00     0      0.00      0.00       0       0   0.00  irq/86-tegra-oc
02:48:23 AM     0       130    0.00    0.00    0.00    0.00    0.00     5      0.00      0.00       0       0   0.00  dm_bufio_cache
02:48:23 AM     0       131    0.00    0.00    0.00    0.00    0.00     0      0.00      0.00       0       0   0.00  irq/223-max7762
02:48:23 AM     0       140    0.00    0.00    0.00    0.00    0.00     0      0.00      0.00       0       0   0.00  irq/55-bc00000.
02:48:23 AM     0       143    0.00    0.00    0.00    0.00    0.00     0      0.00      0.00       0       0   0.00  ipv6_addrconf
02:48:23 AM     0       144    0.00    0.00    0.00    0.00    0.00     6      0.00      0.00       0       0   0.00  krfcommd
02:48:23 AM     0       145    0.00    0.00    0.00    0.00    0.00     0      0.00      0.00       0       0   0.00  kstrp
02:48:23 AM     0       150    0.00    0.00    0.00    0.00    0.00     0      0.00      0.00       0       0   0.00  irq/24-tegra-pc
02:48:23 AM     0       154    0.00    0.00    0.00    0.00    0.00     0      0.00      0.00       0       0   0.00  irq/26-tegra-pc
02:48:23 AM     0       160    0.00    0.00    0.00    0.00    0.00     0      0.00      0.00       0       0   0.00  irq/26-aerdrv
02:48:23 AM     0       161    0.00    0.00    0.00    0.00    0.00     0      0.00      0.00       0       0   0.00  irq/28-tegra-pc
02:48:23 AM     0       162    0.00    0.00    0.00    0.00    0.00     0      0.00      0.00       0       0   0.00  irq/28-aerdrv
02:48:23 AM     0       163    0.00    0.00    0.00    0.00    0.00     5      0.00      0.00       0       0   0.00  host_low_prio_w
02:48:23 AM     0       164    0.00    1.00    0.00    0.00    1.00     0      0.00      0.00       0       0   0.00  irq/57-host_syn
02:48:23 AM     0       165    0.00    0.00    0.00    0.00    0.00     0      0.00      0.00       0       0   0.00  irq/58-host_sta
02:48:23 AM     0       173    0.00    0.00    0.00    0.00    0.00     5      0.00      0.00       0       0   0.00  pva_task_status
02:48:23 AM     0       174    0.00    0.00    0.00    0.00    0.00     0      0.00      0.00       0       0   0.00  irq/75-pva-isr
02:48:23 AM     0       175    0.00    0.00    0.00    0.00    0.00     0      0.00      0.00       0       0   0.00  pva_task_status
02:48:23 AM     0       176    0.00    0.00    0.00    0.00    0.00     0      0.00      0.00       0       0   0.00  irq/76-pva-isr
02:48:23 AM     0       185    0.00    0.00    0.00    0.00    0.00     0      0.00      0.00       0       0   0.00  sdhci
02:48:23 AM     0       186    0.00    0.00    0.00    0.00    0.00     0      0.00      0.00       0       0   0.00  irq/39-mmc0
02:48:23 AM     0       187    0.00    0.00    0.00    0.00    0.00     2      0.00      0.00       0       0   0.00  sdhci
02:48:23 AM     0       189    0.00    0.00    0.00    0.00    0.00     0      0.00      0.00       0       0   0.00  irq/40-mmc1
02:48:23 AM     0       195    0.00    0.00    0.00    0.00    0.00     7      0.00      0.00       0       0   0.00  scsi_eh_0
02:48:23 AM     0       196    0.00    0.00    0.00    0.00    0.00     7      0.00      0.00       0       0   0.00  scsi_tmf_0
02:48:23 AM     0       197    0.00    0.00    0.00    0.00    0.00     0      0.00      0.00       0       0   0.00  kworker/5:2-events
02:48:23 AM     0       198    0.00    0.00    0.00    0.00    0.00     0      0.00      0.00       0       0   0.00  irq/67-15200000
02:48:23 AM     0       199    0.00    0.00    0.00    0.00    0.00     1      0.00      0.00       0       0   0.00  tegradc.0/a
02:48:23 AM     0       200    0.00    0.00    0.00    0.00    0.00     0      0.00      0.00       0       0   0.00  tegradc.0/b
02:48:23 AM     0       201    0.00    0.00    0.00    0.00    0.00     0      0.00      0.00       0       0   0.00  tegradc.0/c
02:48:23 AM     0       202    0.00    0.00    0.00    0.00    0.00     0      0.00      0.00       0       0   0.00  tegradc.0/d
02:48:23 AM     0       203    0.00    0.00    0.00    0.00    0.00     0      0.00      0.00       0       0   0.00  tegradc.0/e
02:48:23 AM     0       204    0.00    0.00    0.00    0.00    0.00     0      0.00      0.00       0       0   0.00  tegradc.0/f
02:48:23 AM     0       205    0.00    0.00    0.00    0.00    0.00     0      0.00      0.00       0       0   0.00  tegradc.0/sl
02:48:23 AM     0       206    0.00    0.00    0.00    0.00    0.00     0      0.00      0.00       0       0   0.00  irq/62-15200000
02:48:23 AM     0       207    0.00    0.00    0.00    0.00    0.00     0      0.00      0.00       0       0   0.00  irq/276-3400000
02:48:23 AM     0       208    0.00    0.00    0.00    0.00    0.00     0      0.00      0.00       0       0   0.00  ufs_eh_wq_0
02:48:23 AM     0       209    0.00    0.00    0.00    0.00    0.00     3      0.00      0.00       0       0   0.00  mmc_complete
02:48:23 AM     0       211    0.00    0.00    0.00    0.00    0.00     0      0.00      0.00       0       0   0.00  irq/278-1520000
02:48:23 AM     0       212    0.00    0.00    0.00    0.00    0.00     0      0.00      0.00       0       0   0.00  irq/203-3610000
02:48:23 AM     0       213    0.00    0.00    0.00    0.00    0.00     0      0.00      0.00       0       0   0.00  irq/221-3610000
02:48:23 AM     0       214    0.00    0.00    0.00    0.00    0.00     0      0.00      0.00       0       0   0.00  irq/30-tegra-pc
02:48:23 AM     0       216    0.00    0.00    0.00    0.00    0.00     0      0.00      0.00       0       0   0.00  kworker/4:3-events
02:48:23 AM     0       218    0.00    0.00    0.00    0.00    0.00     4      0.00      0.00       0       0   0.00  kworker/4:5-events
02:48:23 AM     0       221    0.00    0.00    0.00    0.00    0.00     0      0.00      0.00       0       0   0.00  kworker/6:12-events
02:48:23 AM     0       222    0.00    0.00    0.00    0.00    0.00     0      0.00      0.00       0       0   0.00  kworker/6:13-events
02:48:23 AM     0       225    0.00    0.00    0.00    0.00    0.00     0      0.00      0.00       0       0   0.00  irq/68-tegra_dp
02:48:23 AM     0       226    0.00    0.00    0.00    0.00    0.00     0      0.00      0.00       0       0   0.00  irq/65-15210000
02:48:23 AM     0       227    0.00    0.00    0.00    0.00    0.00     0      0.00      0.00       0       0   0.00  tegradc.1/a
02:48:23 AM     0       228    0.00    0.00    0.00    0.00    0.00     0      0.00      0.00       0       0   0.00  tegradc.1/b
02:48:23 AM     0       229    0.00    0.00    0.00    0.00    0.00     0      0.00      0.00       0       0   0.00  tegradc.1/c
02:48:23 AM     0       230    0.00    0.00    0.00    0.00    0.00     0      0.00      0.00       0       0   0.00  tegradc.1/d
02:48:23 AM     0       231    0.00    0.00    0.00    0.00    0.00     0      0.00      0.00       0       0   0.00  tegradc.1/e
02:48:23 AM     0       232    0.00    0.00    0.00    0.00    0.00     0      0.00      0.00       0       0   0.00  tegradc.1/f
02:48:23 AM     0       233    0.00    0.00    0.00    0.00    0.00     1      0.00      0.00       0       0   0.00  tegradc.1/sl
02:48:23 AM     0       234    0.00    0.00    0.00    0.00    0.00     0      0.00      0.00       0       0   0.00  irq/63-15210000
02:48:23 AM     0       249    0.00    0.00    0.00    0.00    0.00     0      0.00      0.00       0       0   0.00  irq/56-d230000.
02:48:23 AM     0       250    0.00    0.00    0.00    0.00    0.00     0      0.00      0.00       0       0   0.00  irq/69-tegra_dp
02:48:23 AM     0       251    0.00    0.00    0.00    0.00    0.00     0      0.00      0.00       0       0   0.00  irq/66-15220000
02:48:23 AM     0       252    0.00    0.00    0.00    0.00    0.00     0      0.00      0.00       0       0   0.00  tegradc.2/a
02:48:23 AM     0       253    0.00    0.00    0.00    0.00    0.00     0      0.00      0.00       0       0   0.00  tegradc.2/b
02:48:23 AM     0       254    0.00    0.00    0.00    0.00    0.00     0      0.00      0.00       0       0   0.00  tegradc.2/c
02:48:23 AM     0       255    0.00    0.00    0.00    0.00    0.00     0      0.00      0.00       0       0   0.00  tegradc.2/d
02:48:23 AM     0       256    0.00    0.00    0.00    0.00    0.00     0      0.00      0.00       0       0   0.00  tegradc.2/e
02:48:23 AM     0       257    0.00    0.00    0.00    0.00    0.00     0      0.00      0.00       0       0   0.00  tegradc.2/f
02:48:23 AM     0       258    0.00    0.00    0.00    0.00    0.00     0      0.00      0.00       0       0   0.00  tegradc.2/sl
02:48:23 AM     0       259    0.00    0.00    0.00    0.00    0.00     0      0.00      0.00       0       0   0.00  irq/64-15220000
02:48:23 AM     0       275    0.00    0.00    0.00    0.00    0.00     3      0.00      0.00       0       0   0.00  jbd2/mmcblk0p1-
02:48:23 AM     0       276    0.00    0.00    0.00    0.00    0.00     3      0.00      0.00       0       0   0.00  ext4-rsv-conver
02:48:23 AM     0       280    0.00    0.00    0.00    0.00    0.00     7      0.00      0.00       0       0   0.00  kworker/7:1H
02:48:23 AM     0       286    0.00    0.00    0.00    0.00    0.00     5      0.00      0.00       0       0   0.00  kworker/5:1H-kblockd
02:48:23 AM     0       312    0.00    0.00    0.00    0.00    0.00     2      0.00      0.00   61816   31808   0.10  systemd-journal
02:48:23 AM     0       338    0.00    6.00    0.00   25.00    6.00     0      0.00      0.00       0       0   0.00  nvmap-bz
02:48:23 AM     0       339    0.00    0.00    0.00    0.00    0.00     0      0.00      0.00       0       0   0.00  irq/204-gk20a_s
02:48:23 AM     0       340    0.00    0.00    0.00    0.00    0.00     0      0.00      0.00       0       0   0.00  irq/205-gk20a_n
02:48:23 AM     0       345    0.00    0.00    0.00    0.00    0.00     3      0.00      0.00    2776    1492   0.00  tee-supplicant
02:48:23 AM     0       347    0.00    0.00    0.00    0.00    0.00     3      0.00      0.00       0       0   0.00  optee_bus_scan
02:48:23 AM     0       358    0.00    0.00    0.00    0.00    0.00     3      0.00      0.00   22788    7532   0.02  systemd-udevd
02:48:23 AM     0       364    0.00    0.00    0.00    0.00    0.00     1      0.00      0.00    7948    4892   0.02  haveged
02:48:23 AM   126       365    0.00    0.00    0.00    0.00    0.00     3      0.00      0.00    7136    3108   0.01  rpcbind
02:48:23 AM   105       366    0.00    0.00    0.00    0.00    0.00     1      0.00      0.00   25592   13288   0.04  systemd-resolve
02:48:23 AM   103       367    0.00    0.00    0.00    0.00    0.00     1      0.00      0.00   90672    6220   0.02  systemd-timesyn
02:48:23 AM     0       407    0.00    0.00    0.00    0.00    0.00     5      0.00      0.00       0       0   0.00  cfg80211
02:48:23 AM     0       410    0.00    0.00    0.00    0.00    0.00     0      0.00      0.00       0       0   0.00  irq/42-3210000.
02:48:23 AM     0       412    0.00    0.00    0.00    0.00    0.00     2      0.00      0.00       0       0   0.00  spi0
02:48:23 AM     0       413    0.00   14.00    0.00    0.00   14.00     1      0.00      0.00       0       0   0.00  irq/282-iwlwifi
02:48:23 AM     0       416    0.00    0.00    0.00    0.00    0.00     4      0.00      0.00       0       0   0.00  ata_sff
02:48:23 AM     0       419    0.00    0.00    0.00    0.00    0.00     0      0.00      0.00       0       0   0.00  irq/43-c260000.
02:48:23 AM     0       420    0.00    0.00    0.00    0.00    0.00     6      0.00      0.00       0       0   0.00  scsi_eh_1
02:48:23 AM     0       422    0.00    0.00    0.00    0.00    0.00     6      0.00      0.00       0       0   0.00  scsi_tmf_1
02:48:23 AM     0       427    0.00    0.00    0.00    0.00    0.00     0      0.00      0.00       0       0   0.00  spi1
02:48:23 AM     0       430    0.00    0.00    0.00    0.00    0.00     3      0.00      0.00  242072    8880   0.03  accounts-daemon
02:48:23 AM   120       439    0.00    0.00    0.00    0.00    0.00     1      0.00      0.00    7084    3472   0.01  avahi-daemon
02:48:23 AM     0       441    0.00    0.00    0.00    0.00    0.00     3      0.00      0.00    9220    2516   0.01  cron
02:48:23 AM   106       443    0.00    0.00    0.00    0.00    0.00     1      0.00      0.00    9396    5264   0.02  dbus-daemon
02:48:23 AM     0       447    0.00    0.00    0.00    0.00    0.00     0      0.00      0.00  341244   20856   0.07  NetworkManager
02:48:23 AM     0       456    0.00    0.00    0.00    0.00    0.00     4      0.00      0.00   38300   19472   0.06  networkd-dispat
02:48:23 AM     0       473    0.00    0.00    0.00    0.00    0.00     2      0.00      0.00  238860   13352   0.04  polkitd
02:48:23 AM   125       483    0.00    0.00    0.00    0.00    0.00     3      0.00      0.00  220940    8288   0.03  rsyslogd
02:48:23 AM     0       503    0.00    0.00    0.00    0.00    0.00     2      0.00      0.00  235864    4364   0.01  switcheroo-cont
02:48:23 AM     0       514    0.00    0.00    0.00    0.00    0.00     2      0.00      0.00   17076    6760   0.02  systemd-logind
02:48:23 AM     0       523    0.00    0.00    0.00    0.00    0.00     1      0.00      0.00  395556   15676   0.05  udisksd
02:48:23 AM     0       528    0.00    0.00    0.00    0.00    0.00     0      0.00      0.00   12784    8052   0.03  wpa_supplicant
02:48:23 AM     0       548    0.00    0.00    0.00    0.00    0.00     0      0.00      0.00       0       0   0.00  sugov:0
02:48:23 AM   120       555    0.00    0.00    0.00    0.00    0.00     2      0.00      0.00    6896     324   0.00  avahi-daemon
02:48:23 AM     0       585    0.00    0.00    0.00    0.00    0.00     5      0.00      0.00       0       0   0.00  tmp451
02:48:23 AM     0       597    0.00    0.00    0.00    0.00    0.00     3      0.00      0.00       0       0   0.00  irq/286-1-0008
02:48:23 AM     0       600    0.00    0.00    0.00    0.00    0.00     2      0.00      0.00  321792   14480   0.05  ModemManager
02:48:23 AM     0       653    0.00    0.00    0.00    0.00    0.00     0      0.00      0.00    2476     604   0.00  nvfancontrol
02:48:23 AM     0       728    0.00    0.00    0.00    0.00    0.00     4      0.00      0.00       0       0   0.00  adspp_kthread
02:48:23 AM     0       779    0.00    0.00    0.00    0.00    0.00     6      0.00      0.00       0       0   0.00  kworker/6:2H-kblockd
02:48:23 AM     0       876    0.00    0.00    0.00    0.00    0.00     1      0.00      0.00       0       0   0.00  irq/289-2490000
02:48:23 AM     0       887    0.00    0.00    0.00    0.00    0.00     0      0.00      0.00       0       0   0.00  irq/32-eth0.com
02:48:23 AM     0       919    0.00    0.00    0.00    0.00    0.00     4      0.00      0.00       0       0   0.00  file-storage
02:48:23 AM     0       953    0.00    0.00    0.00    0.00    0.00     1      0.00      0.00       0       0   0.00  loop0
02:48:23 AM     0      1048    0.00    0.00    0.00    0.00    0.00     4      0.00      0.00       0       0   0.00  kworker/4:2H-kblockd
02:48:23 AM     0      1091    0.00    0.00    0.00    0.00    0.00     3      0.00      0.00       0       0   0.00  cryptd
02:48:23 AM     0      1147    0.00    0.00    0.00    0.00    0.00     2      0.00      0.00       0       0   0.00  sw-quiesce
02:48:23 AM     0      1148    0.00    0.00    0.00    0.00    0.00     3      0.00      0.00       0       0   0.00  nvgpu_channel_p
02:48:23 AM     0      1151    0.00    0.00    0.00    0.00    0.00     2      0.00      0.00       0       0   0.00  nvgpu_nvs_gv11b
02:48:23 AM     0      1153    0.00    0.00    0.00    0.00    0.00     0      0.00      0.00       0       0   0.00  nvgpu_pg_init_g
02:48:23 AM     0      1157    0.00    0.00    0.00    0.00    0.00     2      0.00      0.00       0       0   0.00  nvgpu_clk_arb_p
02:48:23 AM     0      1162    0.00    0.00    0.00    0.00    0.00     3      0.00      0.00       0       0   0.00  irq/288-rt5659
02:48:23 AM     0      1270    0.00    0.00    0.00    0.00    0.00     3      0.00      0.00   55688   11092   0.03  nvargus-daemon
02:48:23 AM     0      1273    0.00    0.00    0.00    0.00    0.00     3      0.00      0.00   21932    1552   0.00  nvs-service
02:48:23 AM     0      1298    0.00    0.00    0.00    0.00    0.00     1      0.00      0.00 2007972   50424   0.16  containerd
02:48:23 AM     0      1314    0.00    0.00    0.00    0.00    0.00     0      0.00      0.00  240032    7616   0.02  gdm3
02:48:23 AM   108      1326    0.00    0.00    0.00    0.00    0.00     2      0.00      0.00   11468    1896   0.01  kerneloops
02:48:23 AM     0      1327    0.00    0.00    0.00    0.00    0.00     3      0.00      0.00   12236    6576   0.02  sshd
02:48:23 AM     0      1336    0.00    0.00    0.00    0.00    0.00     0      0.00      0.00    7688    1876   0.01  agetty
02:48:23 AM     0      1337    0.00    0.00    0.00    0.00    0.00     2      0.00      0.00    7688    1904   0.01  agetty
02:48:23 AM   108      1339    0.00    0.00    0.00    0.00    0.00     0      0.00      0.00   11468    1820   0.01  kerneloops
02:48:23 AM     0      1340    0.00    0.00    0.00    0.00    0.00     3      0.00      0.00    9216    2824   0.01  nvgetty.sh
02:48:23 AM     0      1379    0.00    0.00    0.00    0.00    0.00     0      0.00      0.00    7688    1848   0.01  getty
02:48:23 AM     0      1554    0.00    0.00    0.00    0.00    0.00     2      0.00      0.00 2111796   85472   0.27  dockerd
02:48:23 AM     0      1677    0.00    0.00    0.00    0.00    0.00     1      0.00      0.00  168472    8256   0.03  gdm-session-wor
02:48:23 AM     0      1711    0.00    0.00    0.00    0.00    0.00     0      0.00      0.00    3248     808   0.00  nvphsd
02:48:23 AM     0      1716    0.00    0.00    0.00    0.00    0.00     3      0.00      0.00    3380    1788   0.01  nvphsd
02:48:23 AM   124      1789    0.00    0.00    0.00    0.00    0.00     3      0.00      0.00   19144    9224   0.03  systemd
02:48:23 AM   124      1804    0.00    0.00    0.00    0.00    0.00     3      0.00      0.00  104488    5436   0.02  (sd-pam)
02:48:23 AM   124      2014    0.00    0.00    0.00    0.00    0.00     0      0.00      0.00  961884   21984   0.07  pulseaudio
02:48:23 AM   124      2032    0.00    0.00    0.00    0.00    0.00     2      0.00      0.00  164156    5924   0.02  gdm-x-session
02:48:23 AM   124      2037    0.00    0.00    0.00    0.00    0.00     1      0.00      0.00 25330232   99256   0.31  Xorg
02:48:23 AM   118      2040    0.00    0.00    0.00    0.00    0.00     1      0.00      0.00  152516    2440   0.01  rtkit-daemon
02:48:23 AM   124      2162    0.00    0.00    0.00    0.00    0.00     2      0.00      0.00    7812    3448   0.01  dbus-daemon
02:48:23 AM   124      2428    0.00    0.00    0.00    0.00    0.00     0      0.00      0.00    4776    1164   0.00  dbus-run-sessio
02:48:23 AM   124      2429    0.00    0.00    0.00    0.00    0.00     2      0.00      0.00    8088    4104   0.01  dbus-daemon
02:48:23 AM   124      2438    0.00    0.00    0.00    0.00    0.00     2      0.00      0.00  559768   14932   0.05  gnome-session-b
02:48:23 AM     0      2457    0.00    0.00    0.00    0.00    0.00     2      0.00      0.00  101692   19628   0.06  jtop
02:48:23 AM   124      2463    0.00    0.00    0.00    0.00    0.00     3      0.00      0.00  309548   10092   0.03  at-spi-bus-laun
02:48:23 AM   124      2470    0.00    0.00    0.00    0.00    0.00     1      0.00      0.00    7676    3468   0.01  dbus-daemon
02:48:23 AM   124      2495    0.00    0.00    0.00    0.00    0.00     1      0.00      0.00 4022996  194908   0.61  gnome-shell
02:48:23 AM     0      2510    0.00    0.00    0.00    0.00    0.00     1      0.00      0.00  175424   16904   0.05  jtop
02:48:23 AM     0      2518    0.00    0.00    0.00    0.00    0.00     2      0.00      0.00  101692   17160   0.05  jtop
02:48:23 AM   124      2696    0.00    0.00    0.00    0.00    0.00     0      0.00      0.00  314420   11212   0.04  ibus-daemon
02:48:23 AM   124      2699    0.00    0.00    0.00    0.00    0.00     2      0.00      0.00  239960   11792   0.04  ibus-dconf
02:48:23 AM   124      2701    0.00    0.00    0.00    0.00    0.00     2      0.00      0.00  189920   16900   0.05  ibus-x11
02:48:23 AM   124      2704    0.00    0.00    0.00    0.00    0.00     3      0.00      0.00  239880    7776   0.02  ibus-portal
02:48:23 AM   124      2715    0.00    0.00    0.00    0.00    0.00     1      0.00      0.00  161420    6880   0.02  at-spi2-registr
02:48:23 AM   124      2719    0.00    0.00    0.00    0.00    0.00     3      0.00      0.00  235804    4672   0.01  xdg-permission-
02:48:23 AM     0      2725    0.00    0.00    0.00    0.00    0.00     3      0.00      0.00  252944    8776   0.03  upowerd
02:48:23 AM   124      2745    0.00    0.00    0.00    0.00    0.00     2      0.00      0.00 3001620   27244   0.09  gjs
02:48:23 AM   124      2764    0.00    0.00    0.00    0.00    0.00     0      0.00      0.00  469396   14236   0.04  gsd-sharing
02:48:23 AM   124      2765    0.00    0.00    0.00    0.00    0.00     1      0.00      0.00  334628   15072   0.05  gsd-wacom
02:48:23 AM   124      2768    0.00    0.00    0.00    0.00    0.00     2      0.00      0.00  571788   19844   0.06  gsd-color
02:48:23 AM   124      2772    0.00    0.00    0.00    0.00    0.00     3      0.00      0.00  338096   17824   0.06  gsd-keyboard
02:48:23 AM   124      2774    0.00    0.00    0.00    0.00    0.00     2      0.00      0.00  322508   11376   0.04  gsd-print-notif
02:48:23 AM   124      2779    0.00    0.00    0.00    0.00    0.00     3      0.00      0.00  166208    7736   0.02  ibus-engine-sim
02:48:23 AM   124      2780    0.00    0.00    0.00    0.00    0.00     1      0.00      0.00  457460    7996   0.03  gsd-rfkill
02:48:23 AM   124      2782    0.00    0.00    0.00    0.00    0.00     1      0.00      0.00  391976    9696   0.03  gsd-smartcard
02:48:23 AM   124      2784    0.00    0.00    0.00    0.00    0.00     2      0.00      0.00  374928   15372   0.05  gsd-datetime
02:48:23 AM   124      2790    0.00    0.00    0.00    0.00    0.00     3      0.00      0.00  679696   20032   0.06  gsd-media-keys
02:48:23 AM   124      2791    0.00    0.00    0.00    0.00    0.00     3      0.00      0.00  235772    5600   0.02  gsd-screensaver
02:48:23 AM   124      2793    0.00    0.00    0.00    0.00    0.00     3      0.00      0.00  320104    9452   0.03  gsd-sound
02:48:23 AM   124      2795    0.00    0.00    0.00    0.00    0.00     3      0.00      0.00  313652   10144   0.03  gsd-a11y-settin
02:48:23 AM   124      2799    0.00    0.00    0.00    0.00    0.00     2      0.00      0.00  313992   10540   0.03  gsd-housekeepin
02:48:23 AM   124      2802    0.00    0.00    0.00    0.00    0.00     1      0.00      0.00  339724   18828   0.06  gsd-power
02:48:23 AM   124      2824    0.00    0.00    0.00    0.00    0.00     2      0.00      0.00  342540   12784   0.04  gsd-printer
02:48:23 AM   119      2837    0.00    0.00    0.00    0.00    0.00     2      0.00      0.00  249328   17548   0.06  colord
02:48:23 AM     0     29120    0.00    0.00    0.00    0.00    0.00     3      0.00      0.00       0       0   0.00  kworker/u17:2
02:48:23 AM     0     33852    0.00    0.00    0.00    0.00    0.00     1      0.00      0.00       0       0   0.00  kworker/1:0H-kblockd
02:48:23 AM     0     35048    0.00    0.00    0.00    0.00    0.00     0      0.00      0.00       0       0   0.00  kworker/u17:0-thermal_fan_est
02:48:23 AM  1000     39960    0.00    0.00    0.00    0.00    0.00     2      0.00      0.00   19248    9208   0.03  systemd
02:48:23 AM  1000     39961    0.00    0.00    0.00    0.00    0.00     2      0.00      0.00  170940    6304   0.02  (sd-pam)
02:48:23 AM  1000     40037    0.00    0.00    0.00    0.00    0.00     3      0.00      0.00    7812    3952   0.01  dbus-daemon
02:48:23 AM     0     40147    0.00    0.00    0.00    0.00    0.00     1      0.00      0.00       0       0   0.00  kworker/1:0-events
02:48:23 AM     0     40174    0.00    0.00    0.00    0.00    0.00     2      0.00      0.00       0       0   0.00  kworker/2:2H-kblockd
02:48:23 AM     0     40194    0.00    0.00    0.00    0.00    0.00     3      0.00      0.00       0       0   0.00  kworker/3:0H-kblockd
02:48:23 AM     0     41650    0.00    0.00    0.00    0.00    0.00     3      0.00      0.00       0       0   0.00  kworker/3:0-mm_percpu_wq
02:48:23 AM     0     43913    0.00    0.00    0.00    0.00    0.00     2      0.00      0.00   14768    7560   0.02  sshd
02:48:23 AM  1000     43958    0.00    0.00    0.00    0.00    0.00     0      0.00      0.00   15292    6400   0.02  sshd
02:48:23 AM  1000     43959    0.00    0.00    0.00    0.00    0.00     1      0.00      0.00   11344    5444   0.02  bash
02:48:23 AM     0     50050    0.00    0.00    0.00    0.00    0.00     2      0.00      0.00   14768    7572   0.02  sshd
02:48:23 AM  1000     50094    0.00    0.00    0.00    0.00    0.00     3      0.00      0.00   15292    6428   0.02  sshd
02:48:23 AM  1000     50095    0.00    0.00    0.00    0.00    0.00     2      0.00      0.00   11344    5448   0.02  bash
02:48:23 AM     0     81462    0.00    0.00    0.00    0.00    0.00     2      0.00      0.00       0       0   0.00  kworker/2:2-events
02:48:23 AM     0     81478    0.00    0.00    0.00    0.00    0.00     0      0.00      0.00       0       0   0.00  kworker/0:1H-kblockd
02:48:23 AM  1000     84840    0.00    0.00    0.00    0.00    0.00     3      0.00      0.00  240176   10088   0.03  gnome-keyring-d
02:48:23 AM   124     84900    0.00    0.00    0.00    0.00    0.00     1      0.00      0.00  156240    4584   0.01  dconf-service
02:48:23 AM     0     85427    0.00    0.00    0.00    0.00    0.00     0      0.00      0.00       0       0   0.00  kworker/0:2-events
02:48:23 AM     0     86310    0.00    0.00    0.00    0.00    0.00     0      0.00      0.00       0       0   0.00  kworker/u16:1-events_unbound
02:48:23 AM     0     86312    0.00    0.00    0.00    0.00    0.00     3      0.00      0.00   14768    7564   0.02  sshd
02:48:23 AM  1000     86356    0.00    0.00    0.00    0.00    0.00     0      0.00      0.00   15292    6380   0.02  sshd
02:48:23 AM  1000     86357    0.00    0.00    0.00    0.00    0.00     1      0.00      0.00   11344    5440   0.02  bash
02:48:23 AM     0     86549    0.00    0.00    0.00    0.00    0.00     2      0.00      0.00   14768    7664   0.02  sshd
02:48:23 AM  1000     86593    0.00    0.00    0.00    0.00    0.00     0      0.00      0.00   15292    6480   0.02  sshd
02:48:23 AM  1000     86594    0.00    1.00    0.00    0.00    1.00     0      6.00      0.00   11860    5896   0.02  bash
02:48:23 AM     0     86632    0.00    0.00    0.00    0.00    0.00     3      0.00      0.00       0       0   0.00  kworker/3:2
02:48:23 AM     0     87290    0.00    0.00    0.00    0.00    0.00     0      0.00      0.00   14768    7584   0.02  sshd
02:48:23 AM  1000     87334    0.00    0.00    0.00    0.00    0.00     0      0.00      0.00   15292    6412   0.02  sshd
02:48:23 AM  1000     87335    0.00    0.00    0.00    0.00    0.00     2      0.00      0.00   11344    5436   0.02  bash
02:48:23 AM     0     89981    0.00    0.00    0.00    0.00    0.00     1      0.00      0.00       0       0   0.00  kworker/1:1-events
02:48:23 AM     0     95050    0.00    0.00    0.00    0.00    0.00     2      0.00      0.00       0       0   0.00  kworker/2:0-events
02:48:23 AM     0     96173    0.00    0.00    0.00    0.00    0.00     1      0.00      0.00       0       0   0.00  kworker/1:2-events
02:48:23 AM     0     99494    0.00    1.00    0.00    1.00    1.00     0      0.00      0.00       0       0   0.00  kworker/u16:3-events_unbound
02:48:23 AM     0    107801    0.00    0.00    0.00    0.00    0.00     1      0.00      0.00       0       0   0.00  kworker/1:2H
02:48:23 AM     0    122883    0.00    0.00    0.00    0.00    0.00     2      0.00      0.00       0       0   0.00  kworker/u16:2-events_unbound
02:48:23 AM     0    123203    0.00    0.00    0.00    0.00    0.00     3      0.00      0.00       0       0   0.00  kworker/3:2H
02:48:23 AM     0    130503    0.00    0.00    0.00    0.00    0.00     0      0.00      0.00       0       0   0.00  kworker/0:0H
02:48:23 AM     0    130577    0.00    0.00    0.00    0.00    0.00     0      0.00      0.00       0       0   0.00  kworker/0:1-events
02:48:23 AM     0    130584    0.00    0.00    0.00    0.00    0.00     2      0.00      0.00   14768    7576   0.02  sshd
02:48:23 AM  1000    130628    0.00    3.00    0.00    1.00    3.00     1      0.00      0.00   16676    7816   0.02  sshd
02:48:23 AM  1000    130629    0.00    0.00    0.00    0.00    0.00     3      0.00      0.00   11344    5436   0.02  bash
02:48:23 AM  1000    130765    1.00    0.00    0.00    0.00    1.00     3      0.00      0.00  283948   43148   0.14  roslaunch
02:48:23 AM  1000    130773    0.00    0.00    0.00    0.00    0.00     0      0.00      0.00  797980   45684   0.14  rosmaster
02:48:23 AM  1000    130783    0.00    0.00    0.00    0.00    0.00     1      0.00      0.00  274964   10152   0.03  rosout
02:48:23 AM  1000    130790   76.00   82.00    0.00    3.00  158.00     3      0.00      0.00 34790064  710472   2.24  scale_truck_con
02:48:23 AM  1000    130791   35.00   69.00    0.00    0.00  104.00     3      0.00      0.00 1571432  113560   0.36  LRC
02:48:23 AM  1000    130854    0.00    0.00    0.00    0.00    0.00     2      0.00      0.00  724884   75188   0.24  python3
02:48:23 AM     0    131985    0.00    0.00    0.00    0.00    0.00     2      0.00      0.00       0       0   0.00  kworker/2:1H
02:48:23 AM     0    132214    0.00    0.00    0.00    0.00    0.00     1      0.00      0.00       0       0   0.00  kworker/1:1H
02:48:23 AM     0    133801    0.00    0.00    0.00    0.00    0.00     0      0.00      0.00       0       0   0.00  kworker/0:0-events
02:48:23 AM     0    137289    0.00    0.00    0.00    0.00    0.00     1      0.00      0.00       0       0   0.00  kworker/1:3-pm
02:48:23 AM     0    139165    0.00    0.00    0.00    0.00    0.00     0      0.00      0.00       0       0   0.00  kworker/0:2H
02:48:23 AM     0    139402    0.00    0.00    0.00    0.00    0.00     1      0.00      0.00       0       0   0.00  kworker/u16:0-events_unbound
02:48:23 AM     0    142495    0.00    0.00    0.00    0.00    0.00     1      0.00      0.00       0       0   0.00  kworker/1:4-pm
02:48:23 AM  1000    144272    0.00    0.00    0.00    0.00    0.00     2      0.00      0.00    9208    3300   0.01  bash
02:48:23 AM  1000    144614    5.00   11.00    0.00    7.00   16.00     1      0.00      0.00   17812    9560   0.03  pidstat

# Time        UID       PID    %usr %system  %guest   %wait    %CPU   CPU  minflt/s  majflt/s     VSZ     RSS   %MEM  Command
02:48:24 AM     0         1    0.00    0.00    0.00    0.00    0.00     1      0.00      0.00  169880   11540   0.04  systemd
02:48:24 AM     0         2    0.00    0.00    0.00    0.00    0.00     1      0.00      0.00       0       0   0.00  kthreadd
02:48:24 AM     0         3    0.00    0.00    0.00    0.00    0.00     0      0.00      0.00       0       0   0.00  rcu_gp
02:48:24 AM     0         4    0.00    0.00    0.00    0.00    0.00     0      0.00      0.00       0       0   0.00  rcu_par_gp
02:48:24 AM     0         8    0.00    0.00    0.00    0.00    0.00     0      0.00      0.00       0       0   0.00  mm_percpu_wq
02:48:24 AM     0         9    0.00    0.00    0.00    0.00    0.00     0      0.00      0.00       0       0   0.00  rcu_tasks_kthre
02:48:24 AM     0        10    0.00    0.00    0.00    0.00    0.00     0      0.00      0.00       0       0   0.00  rcu_tasks_rude_
02:48:24 AM     0        11    0.00    0.00    0.00    0.00    0.00     0      0.00      0.00       0       0   0.00  rcu_tasks_trace
02:48:24 AM     0        12    0.00    0.00    0.00    0.00    0.00     0      0.00      0.00       0       0   0.00  ksoftirqd/0
02:48:24 AM     0        13    0.00    0.00    0.00    0.00    0.00     0      0.00      0.00       0       0   0.00  rcu_preempt
02:48:24 AM     0        14    0.00    0.00    0.00    0.00    0.00     0      0.00      0.00       0       0   0.00  migration/0
02:48:24 AM     0        16    0.00    0.00    0.00    0.00    0.00     0      0.00      0.00       0       0   0.00  cpuhp/0
02:48:24 AM     0        17    0.00    0.00    0.00    0.00    0.00     1      0.00      0.00       0       0   0.00  cpuhp/1
02:48:24 AM     0        18    0.00    0.00    0.00    0.00    0.00     1      0.00      0.00       0       0   0.00  migration/1
02:48:24 AM     0        19    0.00    0.00    0.00    1.00    0.00     1      0.00      0.00       0       0   0.00  ksoftirqd/1
02:48:24 AM     0        22    0.00    0.00    0.00    0.00    0.00     2      0.00      0.00       0       0   0.00  cpuhp/2
02:48:24 AM     0        23    0.00    0.00    0.00    0.00    0.00     2      0.00      0.00       0       0   0.00  migration/2
02:48:24 AM     0        24    0.00    0.00    0.00    0.00    0.00     2      0.00      0.00       0       0   0.00  ksoftirqd/2
02:48:24 AM     0        27    0.00    0.00    0.00    0.00    0.00     3      0.00      0.00       0       0   0.00  cpuhp/3
02:48:24 AM     0        28    0.00    0.00    0.00    0.00    0.00     3      0.00      0.00       0       0   0.00  migration/3
02:48:24 AM     0        29    0.00    0.00    0.00    0.00    0.00     3      0.00      0.00       0       0   0.00  ksoftirqd/3
02:48:24 AM     0        32    0.00    0.00    0.00    0.00    0.00     4      0.00      0.00       0       0   0.00  cpuhp/4
02:48:24 AM     0        33    0.00    0.00    0.00    0.00    0.00     4      0.00      0.00       0       0   0.00  migration/4
02:48:24 AM     0        34    0.00    0.00    0.00    0.00    0.00     4      0.00      0.00       0       0   0.00  ksoftirqd/4
02:48:24 AM     0        36    0.00    0.00    0.00    0.00    0.00     4      0.00      0.00       0       0   0.00  kworker/4:0H-kblockd
02:48:24 AM     0        37    0.00    0.00    0.00    0.00    0.00     5      0.00      0.00       0       0   0.00  cpuhp/5
02:48:24 AM     0        38    0.00    0.00    0.00    0.00    0.00     5      0.00      0.00       0       0   0.00  migration/5
02:48:24 AM     0        39    0.00    0.00    0.00    0.00    0.00     5      0.00      0.00       0       0   0.00  ksoftirqd/5
02:48:24 AM     0        41    0.00    0.00    0.00    0.00    0.00     5      0.00      0.00       0       0   0.00  kworker/5:0H-kblockd
02:48:24 AM     0        42    0.00    0.00    0.00    0.00    0.00     6      0.00      0.00       0       0   0.00  cpuhp/6
02:48:24 AM     0        43    0.00    0.00    0.00    0.00    0.00     6      0.00      0.00       0       0   0.00  migration/6
02:48:24 AM     0        44    0.00    0.00    0.00    0.00    0.00     6      0.00      0.00       0       0   0.00  ksoftirqd/6
02:48:24 AM     0        46    0.00    0.00    0.00    0.00    0.00     6      0.00      0.00       0       0   0.00  kworker/6:0H-events_highpri
02:48:24 AM     0        47    0.00    0.00    0.00    0.00    0.00     7      0.00      0.00       0       0   0.00  cpuhp/7
02:48:24 AM     0        48    0.00    0.00    0.00    0.00    0.00     7      0.00      0.00       0       0   0.00  migration/7
02:48:24 AM     0        49    0.00    0.00    0.00    0.00    0.00     7      0.00      0.00       0       0   0.00  ksoftirqd/7
02:48:24 AM     0        50    0.00    0.00    0.00    0.00    0.00     0      0.00      0.00       0       0   0.00  kworker/7:0-rcu_gp
02:48:24 AM     0        51    0.00    0.00    0.00    0.00    0.00     7      0.00      0.00       0       0   0.00  kworker/7:0H-kblockd
02:48:24 AM     0        52    0.00    0.00    0.00    0.00    0.00     0      0.00      0.00       0       0   0.00  kdevtmpfs
02:48:24 AM     0        53    0.00    0.00    0.00    0.00    0.00     4      0.00      0.00       0       0   0.00  netns
02:48:24 AM     0        54    0.00    0.00    0.00    0.00    0.00     1      0.00      0.00       0       0   0.00  kauditd
02:48:24 AM     0        55    0.00    0.00    0.00    0.00    0.00     0      0.00      0.00       0       0   0.00  irq/87-mc_statu
02:48:24 AM     0        56    0.00    0.00    0.00    0.00    0.00     2      0.00      0.00       0       0   0.00  khungtaskd
02:48:24 AM     0        57    0.00    0.00    0.00    0.00    0.00     3      0.00      0.00       0       0   0.00  oom_reaper
02:48:24 AM     0        58    0.00    0.00    0.00    0.00    0.00     5      0.00      0.00       0       0   0.00  writeback
02:48:24 AM     0        59    0.00    0.00    0.00    0.00    0.00     3      0.00      0.00       0       0   0.00  kcompactd0
02:48:24 AM     0        60    0.00    0.00    0.00    0.00    0.00     1      0.00      0.00       0       0   0.00  ksmd
02:48:24 AM     0        61    0.00    0.00    0.00    0.00    0.00     1      0.00      0.00       0       0   0.00  khugepaged
02:48:24 AM     0        93    0.00    0.00    0.00    0.00    0.00     1      0.00      0.00       0       0   0.00  kintegrityd
02:48:24 AM     0        94    0.00    0.00    0.00    0.00    0.00     1      0.00      0.00       0       0   0.00  kblockd
02:48:24 AM     0        95    0.00    0.00    0.00    0.00    0.00     1      0.00      0.00       0       0   0.00  blkcg_punt_bio
02:48:24 AM     0        97    0.00    0.00    0.00    0.00    0.00     3      0.00      0.00       0       0   0.00  tpm_dev_wq
02:48:24 AM     0        98    0.00    0.00    0.00    0.00    0.00     0      0.00      0.00       0       0   0.00  irq/197-30c0000
02:48:24 AM     0        99    0.00    0.00    0.00    0.00    0.00     1      0.00      0.00       0       0   0.00  devfreq_wq
02:48:24 AM     0       100    0.00    0.00    0.00    0.00    0.00     1      0.00      0.00       0       0   0.00  watchdogd
02:48:24 AM     0       104    0.00    0.00    0.00    0.00    0.00     7      0.00      0.00       0       0   0.00  rpciod
02:48:24 AM     0       106    0.00    0.00    0.00    0.00    0.00     7      0.00      0.00       0       0   0.00  xprtiod
02:48:24 AM     0       108    0.00    0.00    0.00    0.00    0.00     7      0.00      0.00       0       0   0.00  kswapd0
02:48:24 AM     0       109    0.00    0.00    0.00    0.00    0.00     5      0.00      0.00       0       0   0.00  nfsiod
02:48:24 AM     0       112    0.00    0.00    0.00    0.00    0.00     1      0.00      0.00       0       0   0.00  kthrotld
02:48:24 AM     0       113    0.00    0.00    0.00    0.00    0.00     7      0.00      0.00       0       0   0.00  kpcitest
02:48:24 AM     0       116    0.00    0.00    0.00    0.00    0.00     5      0.00      0.00       0       0   0.00  kworker/5:1-events
02:48:24 AM     0       122    0.00    0.00    0.00    0.00    0.00     1      0.00      0.00       0       0   0.00  nvme-wq
02:48:24 AM     0       123    0.00    0.00    0.00    0.00    0.00     5      0.00      0.00       0       0   0.00  nvme-reset-wq
02:48:24 AM     0       124    0.00    0.00    0.00    0.00    0.00     6      0.00      0.00       0       0   0.00  nvme-delete-wq
02:48:24 AM     0       125    0.00    0.00    0.00    0.00    0.00     6      0.00      0.00       0       0   0.00  uas
02:48:24 AM     0       126    0.00    0.00    0.00    0.00    0.00     0      0.00      0.00       0       0   0.00  irq/222-tegra_r
02:48:24 AM     0       127    0.00    0.00    0.00    0.00    0.00     0      0.00      0.00       0       0   0.00  kworker/7:2-events
02:48:24 AM     0       129    0.00    0.00    0.00    0.00    0.00     0      0.00      0.00       0       0   0.00  irq/86-tegra-oc
02:48:24 AM     0       130    0.00    0.00    0.00    0.00    0.00     5      0.00      0.00       0       0   0.00  dm_bufio_cache
02:48:24 AM     0       131    0.00    0.00    0.00    0.00    0.00     0      0.00      0.00       0       0   0.00  irq/223-max7762
02:48:24 AM     0       140    0.00    0.00    0.00    0.00    0.00     0      0.00      0.00       0       0   0.00  irq/55-bc00000.
02:48:24 AM     0       143    0.00    0.00    0.00    0.00    0.00     0      0.00      0.00       0       0   0.00  ipv6_addrconf
02:48:24 AM     0       144    0.00    0.00    0.00    0.00    0.00     6      0.00      0.00       0       0   0.00  krfcommd
02:48:24 AM     0       145    0.00    0.00    0.00    0.00    0.00     0      0.00      0.00       0       0   0.00  kstrp
02:48:24 AM     0       150    0.00    0.00    0.00    0.00    0.00     0      0.00      0.00       0       0   0.00  irq/24-tegra-pc
02:48:24 AM     0       154    0.00    0.00    0.00    0.00    0.00     0      0.00      0.00       0       0   0.00  irq/26-tegra-pc
02:48:24 AM     0       160    0.00    0.00    0.00    0.00    0.00     0      0.00      0.00       0       0   0.00  irq/26-aerdrv
02:48:24 AM     0       161    0.00    0.00    0.00    0.00    0.00     0      0.00      0.00       0       0   0.00  irq/28-tegra-pc
02:48:24 AM     0       162    0.00    0.00    0.00    0.00    0.00     0      0.00      0.00       0       0   0.00  irq/28-aerdrv
02:48:24 AM     0       163    0.00    0.00    0.00    0.00    0.00     5      0.00      0.00       0       0   0.00  host_low_prio_w
02:48:24 AM     0       164    0.00    0.00    0.00    0.00    0.00     0      0.00      0.00       0       0   0.00  irq/57-host_syn
02:48:24 AM     0       165    0.00    0.00    0.00    0.00    0.00     0      0.00      0.00       0       0   0.00  irq/58-host_sta
02:48:24 AM     0       173    0.00    0.00    0.00    0.00    0.00     5      0.00      0.00       0       0   0.00  pva_task_status
02:48:24 AM     0       174    0.00    0.00    0.00    0.00    0.00     0      0.00      0.00       0       0   0.00  irq/75-pva-isr
02:48:24 AM     0       175    0.00    0.00    0.00    0.00    0.00     0      0.00      0.00       0       0   0.00  pva_task_status
02:48:24 AM     0       176    0.00    0.00    0.00    0.00    0.00     0      0.00      0.00       0       0   0.00  irq/76-pva-isr
02:48:24 AM     0       185    0.00    0.00    0.00    0.00    0.00     0      0.00      0.00       0       0   0.00  sdhci
02:48:24 AM     0       186    0.00    0.00    0.00    0.00    0.00     0      0.00      0.00       0       0   0.00  irq/39-mmc0
02:48:24 AM     0       187    0.00    0.00    0.00    0.00    0.00     2      0.00      0.00       0       0   0.00  sdhci
02:48:24 AM     0       189    0.00    0.00    0.00    0.00    0.00     0      0.00      0.00       0       0   0.00  irq/40-mmc1
02:48:24 AM     0       195    0.00    0.00    0.00    0.00    0.00     7      0.00      0.00       0       0   0.00  scsi_eh_0
02:48:24 AM     0       196    0.00    0.00    0.00    0.00    0.00     7      0.00      0.00       0       0   0.00  scsi_tmf_0
02:48:24 AM     0       197    0.00    0.00    0.00    0.00    0.00     0      0.00      0.00       0       0   0.00  kworker/5:2-events
02:48:24 AM     0       198    0.00    0.00    0.00    0.00    0.00     0      0.00      0.00       0       0   0.00  irq/67-15200000
02:48:24 AM     0       199    0.00    0.00    0.00    0.00    0.00     1      0.00      0.00       0       0   0.00  tegradc.0/a
02:48:24 AM     0       200    0.00    0.00    0.00    0.00    0.00     0      0.00      0.00       0       0   0.00  tegradc.0/b
02:48:24 AM     0       201    0.00    0.00    0.00    0.00    0.00     0      0.00      0.00       0       0   0.00  tegradc.0/c
02:48:24 AM     0       202    0.00    0.00    0.00    0.00    0.00     0      0.00      0.00       0       0   0.00  tegradc.0/d
02:48:24 AM     0       203    0.00    0.00    0.00    0.00    0.00     0      0.00      0.00       0       0   0.00  tegradc.0/e
02:48:24 AM     0       204    0.00    0.00    0.00    0.00    0.00     0      0.00      0.00       0       0   0.00  tegradc.0/f
02:48:24 AM     0       205    0.00    0.00    0.00    0.00    0.00     0      0.00      0.00       0       0   0.00  tegradc.0/sl
02:48:24 AM     0       206    0.00    0.00    0.00    0.00    0.00     0      0.00      0.00       0       0   0.00  irq/62-15200000
02:48:24 AM     0       207    0.00    0.00    0.00    0.00    0.00     0      0.00      0.00       0       0   0.00  irq/276-3400000
02:48:24 AM     0       208    0.00    0.00    0.00    0.00    0.00     0      0.00      0.00       0       0   0.00  ufs_eh_wq_0
02:48:24 AM     0       209    0.00    0.00    0.00    0.00    0.00     3      0.00      0.00       0       0   0.00  mmc_complete
02:48:24 AM     0       211    0.00    0.00    0.00    0.00    0.00     0      0.00      0.00       0       0   0.00  irq/278-1520000
02:48:24 AM     0       212    0.00    0.00    0.00    0.00    0.00     0      0.00      0.00       0       0   0.00  irq/203-3610000
02:48:24 AM     0       213    0.00    0.00    0.00    0.00    0.00     0      0.00      0.00       0       0   0.00  irq/221-3610000
02:48:24 AM     0       214    0.00    0.00    0.00    0.00    0.00     0      0.00      0.00       0       0   0.00  irq/30-tegra-pc
02:48:24 AM     0       216    0.00    0.00    0.00    0.00    0.00     0      0.00      0.00       0       0   0.00  kworker/4:3-events
02:48:24 AM     0       218    0.00    0.00    0.00    0.00    0.00     4      0.00      0.00       0       0   0.00  kworker/4:5-events
02:48:24 AM     0       221    0.00    0.00    0.00    0.00    0.00     0      0.00      0.00       0       0   0.00  kworker/6:12-events
02:48:24 AM     0       222    0.00    0.00    0.00    0.00    0.00     0      0.00      0.00       0       0   0.00  kworker/6:13-events
02:48:24 AM     0       225    0.00    0.00    0.00    0.00    0.00     0      0.00      0.00       0       0   0.00  irq/68-tegra_dp
02:48:24 AM     0       226    0.00    0.00    0.00    0.00    0.00     0      0.00      0.00       0       0   0.00  irq/65-15210000
02:48:24 AM     0       227    0.00    0.00    0.00    0.00    0.00     0      0.00      0.00       0       0   0.00  tegradc.1/a
02:48:24 AM     0       228    0.00    0.00    0.00    0.00    0.00     0      0.00      0.00       0       0   0.00  tegradc.1/b
02:48:24 AM     0       229    0.00    0.00    0.00    0.00    0.00     0      0.00      0.00       0       0   0.00  tegradc.1/c
02:48:24 AM     0       230    0.00    0.00    0.00    0.00    0.00     0      0.00      0.00       0       0   0.00  tegradc.1/d
02:48:24 AM     0       231    0.00    0.00    0.00    0.00    0.00     0      0.00      0.00       0       0   0.00  tegradc.1/e
02:48:24 AM     0       232    0.00    0.00    0.00    0.00    0.00     0      0.00      0.00       0       0   0.00  tegradc.1/f
02:48:24 AM     0       233    0.00    0.00    0.00    0.00    0.00     1      0.00      0.00       0       0   0.00  tegradc.1/sl
02:48:24 AM     0       234    0.00    0.00    0.00    0.00    0.00     0      0.00      0.00       0       0   0.00  irq/63-15210000
02:48:24 AM     0       249    0.00    0.00    0.00    0.00    0.00     0      0.00      0.00       0       0   0.00  irq/56-d230000.
02:48:24 AM     0       250    0.00    0.00    0.00    0.00    0.00     0      0.00      0.00       0       0   0.00  irq/69-tegra_dp
02:48:24 AM     0       251    0.00    0.00    0.00    0.00    0.00     0      0.00      0.00       0       0   0.00  irq/66-15220000
02:48:24 AM     0       252    0.00    0.00    0.00    0.00    0.00     0      0.00      0.00       0       0   0.00  tegradc.2/a
02:48:24 AM     0       253    0.00    0.00    0.00    0.00    0.00     0      0.00      0.00       0       0   0.00  tegradc.2/b
02:48:24 AM     0       254    0.00    0.00    0.00    0.00    0.00     0      0.00      0.00       0       0   0.00  tegradc.2/c
02:48:24 AM     0       255    0.00    0.00    0.00    0.00    0.00     0      0.00      0.00       0       0   0.00  tegradc.2/d
02:48:24 AM     0       256    0.00    0.00    0.00    0.00    0.00     0      0.00      0.00       0       0   0.00  tegradc.2/e
02:48:24 AM     0       257    0.00    0.00    0.00    0.00    0.00     0      0.00      0.00       0       0   0.00  tegradc.2/f
02:48:24 AM     0       258    0.00    0.00    0.00    0.00    0.00     0      0.00      0.00       0       0   0.00  tegradc.2/sl
02:48:24 AM     0       259    0.00    0.00    0.00    0.00    0.00     0      0.00      0.00       0       0   0.00  irq/64-15220000
02:48:24 AM     0       275    0.00    0.00    0.00    0.00    0.00     0      0.00      0.00       0       0   0.00  jbd2/mmcblk0p1-
02:48:24 AM     0       276    0.00    0.00    0.00    0.00    0.00     3      0.00      0.00       0       0   0.00  ext4-rsv-conver
02:48:24 AM     0       280    0.00    0.00    0.00    0.00    0.00     7      0.00      0.00       0       0   0.00  kworker/7:1H
02:48:24 AM     0       286    0.00    0.00    0.00    0.00    0.00     5      0.00      0.00       0       0   0.00  kworker/5:1H-kblockd
02:48:24 AM     0       312    0.00    0.00    0.00    0.00    0.00     2      0.00      0.00   61816   31808   0.10  systemd-journal
02:48:24 AM     0       338    0.00    4.00    0.00   18.00    4.00     2      0.00      0.00       0       0   0.00  nvmap-bz
02:48:24 AM     0       339    0.00    0.00    0.00    0.00    0.00     0      0.00      0.00       0       0   0.00  irq/204-gk20a_s
02:48:24 AM     0       340    0.00    0.00    0.00    0.00    0.00     0      0.00      0.00       0       0   0.00  irq/205-gk20a_n
02:48:24 AM     0       345    0.00    0.00    0.00    0.00    0.00     3      0.00      0.00    2776    1492   0.00  tee-supplicant
02:48:24 AM     0       347    0.00    0.00    0.00    0.00    0.00     3      0.00      0.00       0       0   0.00  optee_bus_scan
02:48:24 AM     0       358    0.00    0.00    0.00    0.00    0.00     3      0.00      0.00   22788    7532   0.02  systemd-udevd
02:48:24 AM     0       364    0.00    0.00    0.00    0.00    0.00     1      0.00      0.00    7948    4892   0.02  haveged
02:48:24 AM   126       365    0.00    0.00    0.00    0.00    0.00     3      0.00      0.00    7136    3108   0.01  rpcbind
02:48:24 AM   105       366    0.00    0.00    0.00    0.00    0.00     1      0.00      0.00   25592   13288   0.04  systemd-resolve
02:48:24 AM   103       367    0.00    0.00    0.00    0.00    0.00     1      0.00      0.00   90672    6220   0.02  systemd-timesyn
02:48:24 AM     0       407    0.00    0.00    0.00    0.00    0.00     5      0.00      0.00       0       0   0.00  cfg80211
02:48:24 AM     0       410    0.00    0.00    0.00    0.00    0.00     0      0.00      0.00       0       0   0.00  irq/42-3210000.
02:48:24 AM     0       412    0.00    0.00    0.00    0.00    0.00     2      0.00      0.00       0       0   0.00  spi0
02:48:24 AM     0       413    0.00   16.00    0.00    1.00   16.00     1      0.00      0.00       0       0   0.00  irq/282-iwlwifi
02:48:24 AM     0       416    0.00    0.00    0.00    0.00    0.00     4      0.00      0.00       0       0   0.00  ata_sff
02:48:24 AM     0       419    0.00    0.00    0.00    0.00    0.00     0      0.00      0.00       0       0   0.00  irq/43-c260000.
02:48:24 AM     0       420    0.00    0.00    0.00    0.00    0.00     6      0.00      0.00       0       0   0.00  scsi_eh_1
02:48:24 AM     0       422    0.00    0.00    0.00    0.00    0.00     6      0.00      0.00       0       0   0.00  scsi_tmf_1
02:48:24 AM     0       427    0.00    0.00    0.00    0.00    0.00     0      0.00      0.00       0       0   0.00  spi1
02:48:24 AM     0       430    0.00    0.00    0.00    0.00    0.00     3      0.00      0.00  242072    8880   0.03  accounts-daemon
02:48:24 AM   120       439    0.00    0.00    0.00    0.00    0.00     1      0.00      0.00    7084    3472   0.01  avahi-daemon
02:48:24 AM     0       441    0.00    0.00    0.00    0.00    0.00     3      0.00      0.00    9220    2516   0.01  cron
02:48:24 AM   106       443    0.00    0.00    0.00    0.00    0.00     1      0.00      0.00    9396    5264   0.02  dbus-daemon
02:48:24 AM     0       447    1.00    0.00    0.00    0.00    1.00     0      0.00      0.00  341244   20856   0.07  NetworkManager
02:48:24 AM     0       456    0.00    0.00    0.00    0.00    0.00     4      0.00      0.00   38300   19472   0.06  networkd-dispat
02:48:24 AM     0       473    0.00    0.00    0.00    0.00    0.00     2      0.00      0.00  238860   13352   0.04  polkitd
02:48:24 AM   125       483    0.00    0.00    0.00    0.00    0.00     3      0.00      0.00  220940    8288   0.03  rsyslogd
02:48:24 AM     0       503    0.00    0.00    0.00    0.00    0.00     2      0.00      0.00  235864    4364   0.01  switcheroo-cont
02:48:24 AM     0       514    0.00    0.00    0.00    0.00    0.00     2      0.00      0.00   17076    6760   0.02  systemd-logind
02:48:24 AM     0       523    0.00    0.00    0.00    0.00    0.00     1      0.00      0.00  395556   15676   0.05  udisksd
02:48:24 AM     0       528    0.00    0.00    0.00    0.00    0.00     0      0.00      0.00   12784    8052   0.03  wpa_supplicant
02:48:24 AM     0       548    0.00    0.00    0.00    0.00    0.00     0      0.00      0.00       0       0   0.00  sugov:0
02:48:24 AM   120       555    0.00    0.00    0.00    0.00    0.00     2      0.00      0.00    6896     324   0.00  avahi-daemon
02:48:24 AM     0       585    0.00    0.00    0.00    0.00    0.00     5      0.00      0.00       0       0   0.00  tmp451
02:48:24 AM     0       597    0.00    0.00    0.00    0.00    0.00     3      0.00      0.00       0       0   0.00  irq/286-1-0008
02:48:24 AM     0       600    0.00    0.00    0.00    0.00    0.00     2      0.00      0.00  321792   14480   0.05  ModemManager
02:48:24 AM     0       653    0.00    0.00    0.00    0.00    0.00     0      0.00      0.00    2476     604   0.00  nvfancontrol
02:48:24 AM     0       728    0.00    0.00    0.00    0.00    0.00     4      0.00      0.00       0       0   0.00  adspp_kthread
02:48:24 AM     0       779    0.00    0.00    0.00    0.00    0.00     6      0.00      0.00       0       0   0.00  kworker/6:2H-kblockd
02:48:24 AM     0       876    0.00    0.00    0.00    0.00    0.00     1      0.00      0.00       0       0   0.00  irq/289-2490000
02:48:24 AM     0       887    0.00    0.00    0.00    0.00    0.00     0      0.00      0.00       0       0   0.00  irq/32-eth0.com
02:48:24 AM     0       919    0.00    0.00    0.00    0.00    0.00     4      0.00      0.00       0       0   0.00  file-storage
02:48:24 AM     0       953    0.00    0.00    0.00    0.00    0.00     1      0.00      0.00       0       0   0.00  loop0
02:48:24 AM     0      1048    0.00    0.00    0.00    0.00    0.00     4      0.00      0.00       0       0   0.00  kworker/4:2H-kblockd
02:48:24 AM     0      1091    0.00    0.00    0.00    0.00    0.00     3      0.00      0.00       0       0   0.00  cryptd
02:48:24 AM     0      1147    0.00    0.00    0.00    0.00    0.00     2      0.00      0.00       0       0   0.00  sw-quiesce
02:48:24 AM     0      1148    0.00    0.00    0.00    0.00    0.00     0      0.00      0.00       0       0   0.00  nvgpu_channel_p
02:48:24 AM     0      1151    0.00    0.00    0.00    0.00    0.00     3      0.00      0.00       0       0   0.00  nvgpu_nvs_gv11b
02:48:24 AM     0      1153    0.00    0.00    0.00    0.00    0.00     0      0.00      0.00       0       0   0.00  nvgpu_pg_init_g
02:48:24 AM     0      1157    0.00    0.00    0.00    0.00    0.00     2      0.00      0.00       0       0   0.00  nvgpu_clk_arb_p
02:48:24 AM     0      1162    0.00    0.00    0.00    0.00    0.00     3      0.00      0.00       0       0   0.00  irq/288-rt5659
02:48:24 AM     0      1270    0.00    0.00    0.00    0.00    0.00     3      0.00      0.00   55688   11092   0.03  nvargus-daemon
02:48:24 AM     0      1273    0.00    0.00    0.00    0.00    0.00     3      0.00      0.00   21932    1552   0.00  nvs-service
02:48:24 AM     0      1298    0.00    0.00    0.00    0.00    0.00     1      0.00      0.00 2007972   50424   0.16  containerd
02:48:24 AM     0      1314    0.00    0.00    0.00    0.00    0.00     0      0.00      0.00  240032    7616   0.02  gdm3
02:48:24 AM   108      1326    0.00    0.00    0.00    0.00    0.00     2      0.00      0.00   11468    1896   0.01  kerneloops
02:48:24 AM     0      1327    0.00    0.00    0.00    0.00    0.00     3      0.00      0.00   12236    6576   0.02  sshd
02:48:24 AM     0      1336    0.00    0.00    0.00    0.00    0.00     0      0.00      0.00    7688    1876   0.01  agetty
02:48:24 AM     0      1337    0.00    0.00    0.00    0.00    0.00     2      0.00      0.00    7688    1904   0.01  agetty
02:48:24 AM   108      1339    0.00    0.00    0.00    0.00    0.00     0      0.00      0.00   11468    1820   0.01  kerneloops
02:48:24 AM     0      1340    0.00    0.00    0.00    0.00    0.00     3      0.00      0.00    9216    2824   0.01  nvgetty.sh
02:48:24 AM     0      1379    0.00    0.00    0.00    0.00    0.00     0      0.00      0.00    7688    1848   0.01  getty
02:48:24 AM     0      1554    0.00    0.00    0.00    0.00    0.00     2      0.00      0.00 2111796   85472   0.27  dockerd
02:48:24 AM     0      1677    0.00    0.00    0.00    0.00    0.00     1      0.00      0.00  168472    8256   0.03  gdm-session-wor
02:48:24 AM     0      1711    0.00    0.00    0.00    0.00    0.00     0      0.00      0.00    3248     808   0.00  nvphsd
02:48:24 AM     0      1716    0.00    0.00    0.00    0.00    0.00     3      0.00      0.00    3380    1788   0.01  nvphsd
02:48:24 AM   124      1789    0.00    0.00    0.00    0.00    0.00     3      0.00      0.00   19144    9224   0.03  systemd
02:48:24 AM   124      1804    0.00    0.00    0.00    0.00    0.00     3      0.00      0.00  104488    5436   0.02  (sd-pam)
02:48:24 AM   124      2014    0.00    0.00    0.00    0.00    0.00     0      0.00      0.00  961884   21984   0.07  pulseaudio
02:48:24 AM   124      2032    0.00    0.00    0.00    0.00    0.00     2      0.00      0.00  164156    5924   0.02  gdm-x-session
02:48:24 AM   124      2037    0.00    0.00    0.00    0.00    0.00     1      0.00      0.00 25330232   99256   0.31  Xorg
02:48:24 AM   118      2040    0.00    0.00    0.00    0.00    0.00     1      0.00      0.00  152516    2440   0.01  rtkit-daemon
02:48:24 AM   124      2162    0.00    0.00    0.00    0.00    0.00     2      0.00      0.00    7812    3448   0.01  dbus-daemon
02:48:24 AM   124      2428    0.00    0.00    0.00    0.00    0.00     0      0.00      0.00    4776    1164   0.00  dbus-run-sessio
02:48:24 AM   124      2429    0.00    0.00    0.00    0.00    0.00     2      0.00      0.00    8088    4104   0.01  dbus-daemon
02:48:24 AM   124      2438    0.00    0.00    0.00    0.00    0.00     2      0.00      0.00  559768   14932   0.05  gnome-session-b
02:48:24 AM     0      2457    0.00    0.00    0.00    0.00    0.00     2      0.00      0.00  101692   19628   0.06  jtop
02:48:24 AM   124      2463    0.00    0.00    0.00    0.00    0.00     3      0.00      0.00  309548   10092   0.03  at-spi-bus-laun
02:48:24 AM   124      2470    0.00    0.00    0.00    0.00    0.00     1      0.00      0.00    7676    3468   0.01  dbus-daemon
02:48:24 AM   124      2495    0.00    0.00    0.00    0.00    0.00     1      0.00      0.00 4022996  194908   0.61  gnome-shell
02:48:24 AM     0      2510    0.00    0.00    0.00    0.00    0.00     1      0.00      0.00  175424   16904   0.05  jtop
02:48:24 AM     0      2518    0.00    0.00    0.00    0.00    0.00     2      0.00      0.00  101692   17160   0.05  jtop
02:48:24 AM   124      2696    0.00    0.00    0.00    0.00    0.00     0      0.00      0.00  314420   11212   0.04  ibus-daemon
02:48:24 AM   124      2699    0.00    0.00    0.00    0.00    0.00     2      0.00      0.00  239960   11792   0.04  ibus-dconf
02:48:24 AM   124      2701    0.00    0.00    0.00    0.00    0.00     2      0.00      0.00  189920   16900   0.05  ibus-x11
02:48:24 AM   124      2704    0.00    0.00    0.00    0.00    0.00     3      0.00      0.00  239880    7776   0.02  ibus-portal
02:48:24 AM   124      2715    0.00    0.00    0.00    0.00    0.00     1      0.00      0.00  161420    6880   0.02  at-spi2-registr
02:48:24 AM   124      2719    0.00    0.00    0.00    0.00    0.00     3      0.00      0.00  235804    4672   0.01  xdg-permission-
02:48:24 AM     0      2725    0.00    0.00    0.00    0.00    0.00     3      0.00      0.00  252944    8776   0.03  upowerd
02:48:24 AM   124      2745    0.00    0.00    0.00    0.00    0.00     2      0.00      0.00 3001620   27244   0.09  gjs
02:48:24 AM   124      2764    0.00    0.00    0.00    0.00    0.00     0      0.00      0.00  469396   14236   0.04  gsd-sharing
02:48:24 AM   124      2765    0.00    0.00    0.00    0.00    0.00     1      0.00      0.00  334628   15072   0.05  gsd-wacom
02:48:24 AM   124      2768    0.00    0.00    0.00    0.00    0.00     2      0.00      0.00  571788   19844   0.06  gsd-color
02:48:24 AM   124      2772    0.00    0.00    0.00    0.00    0.00     3      0.00      0.00  338096   17824   0.06  gsd-keyboard
02:48:24 AM   124      2774    0.00    0.00    0.00    0.00    0.00     2      0.00      0.00  322508   11376   0.04  gsd-print-notif
02:48:24 AM   124      2779    0.00    0.00    0.00    0.00    0.00     3      0.00      0.00  166208    7736   0.02  ibus-engine-sim
02:48:24 AM   124      2780    0.00    0.00    0.00    0.00    0.00     1      0.00      0.00  457460    7996   0.03  gsd-rfkill
02:48:24 AM   124      2782    0.00    0.00    0.00    0.00    0.00     1      0.00      0.00  391976    9696   0.03  gsd-smartcard
02:48:24 AM   124      2784    0.00    0.00    0.00    0.00    0.00     2      0.00      0.00  374928   15372   0.05  gsd-datetime
02:48:24 AM   124      2790    0.00    0.00    0.00    0.00    0.00     3      0.00      0.00  679696   20032   0.06  gsd-media-keys
02:48:24 AM   124      2791    0.00    0.00    0.00    0.00    0.00     3      0.00      0.00  235772    5600   0.02  gsd-screensaver
02:48:24 AM   124      2793    0.00    0.00    0.00    0.00    0.00     3      0.00      0.00  320104    9452   0.03  gsd-sound
02:48:24 AM   124      2795    0.00    0.00    0.00    0.00    0.00     3      0.00      0.00  313652   10144   0.03  gsd-a11y-settin
02:48:24 AM   124      2799    0.00    0.00    0.00    0.00    0.00     2      0.00      0.00  313992   10540   0.03  gsd-housekeepin
02:48:24 AM   124      2802    0.00    0.00    0.00    0.00    0.00     1      0.00      0.00  339724   18828   0.06  gsd-power
02:48:24 AM   124      2824    0.00    0.00    0.00    0.00    0.00     2      0.00      0.00  342540   12784   0.04  gsd-printer
02:48:24 AM   119      2837    0.00    0.00    0.00    0.00    0.00     2      0.00      0.00  249328   17548   0.06  colord
02:48:24 AM     0     29120    0.00    0.00    0.00    0.00    0.00     3      0.00      0.00       0       0   0.00  kworker/u17:2
02:48:24 AM     0     33852    0.00    0.00    0.00    0.00    0.00     1      0.00      0.00       0       0   0.00  kworker/1:0H-kblockd
02:48:24 AM     0     35048    0.00    0.00    0.00    0.00    0.00     0      0.00      0.00       0       0   0.00  kworker/u17:0-thermal_fan_est
02:48:24 AM  1000     39960    0.00    0.00    0.00    0.00    0.00     2      0.00      0.00   19248    9208   0.03  systemd
02:48:24 AM  1000     39961    0.00    0.00    0.00    0.00    0.00     2      0.00      0.00  170940    6304   0.02  (sd-pam)
02:48:24 AM  1000     40037    0.00    0.00    0.00    0.00    0.00     3      0.00      0.00    7812    3952   0.01  dbus-daemon
02:48:24 AM     0     40147    0.00    0.00    0.00    0.00    0.00     1      0.00      0.00       0       0   0.00  kworker/1:0-events
02:48:24 AM     0     40174    0.00    0.00    0.00    0.00    0.00     2      0.00      0.00       0       0   0.00  kworker/2:2H-kblockd
02:48:24 AM     0     40194    0.00    0.00    0.00    0.00    0.00     3      0.00      0.00       0       0   0.00  kworker/3:0H-kblockd
02:48:24 AM     0     41650    0.00    0.00    0.00    0.00    0.00     3      0.00      0.00       0       0   0.00  kworker/3:0-mm_percpu_wq
02:48:24 AM     0     43913    0.00    0.00    0.00    0.00    0.00     2      0.00      0.00   14768    7560   0.02  sshd
02:48:24 AM  1000     43958    0.00    0.00    0.00    0.00    0.00     0      0.00      0.00   15292    6400   0.02  sshd
02:48:24 AM  1000     43959    0.00    0.00    0.00    0.00    0.00     1      0.00      0.00   11344    5444   0.02  bash
02:48:24 AM     0     50050    0.00    0.00    0.00    0.00    0.00     2      0.00      0.00   14768    7572   0.02  sshd
02:48:24 AM  1000     50094    0.00    0.00    0.00    0.00    0.00     3      0.00      0.00   15292    6428   0.02  sshd
02:48:24 AM  1000     50095    0.00    0.00    0.00    0.00    0.00     2      0.00      0.00   11344    5448   0.02  bash
02:48:24 AM     0     81462    0.00    0.00    0.00    0.00    0.00     2      0.00      0.00       0       0   0.00  kworker/2:2-events
02:48:24 AM     0     81478    0.00    0.00    0.00    0.00    0.00     0      0.00      0.00       0       0   0.00  kworker/0:1H-kblockd
02:48:24 AM  1000     84840    0.00    0.00    0.00    0.00    0.00     3      0.00      0.00  240176   10088   0.03  gnome-keyring-d
02:48:24 AM   124     84900    0.00    0.00    0.00    0.00    0.00     1      0.00      0.00  156240    4584   0.01  dconf-service
02:48:24 AM     0     85427    0.00    0.00    0.00    0.00    0.00     0      0.00      0.00       0       0   0.00  kworker/0:2-events
02:48:24 AM     0     86310    0.00    1.00    0.00    0.00    1.00     0      0.00      0.00       0       0   0.00  kworker/u16:1-events_unbound
02:48:24 AM     0     86312    0.00    0.00    0.00    0.00    0.00     3      0.00      0.00   14768    7564   0.02  sshd
02:48:24 AM  1000     86356    0.00    0.00    0.00    0.00    0.00     0      0.00      0.00   15292    6380   0.02  sshd
02:48:24 AM  1000     86357    0.00    0.00    0.00    0.00    0.00     1      0.00      0.00   11344    5440   0.02  bash
02:48:24 AM     0     86549    0.00    0.00    0.00    0.00    0.00     2      0.00      0.00   14768    7664   0.02  sshd
02:48:24 AM  1000     86593    0.00    0.00    0.00    0.00    0.00     1      0.00      0.00   15292    6480   0.02  sshd
02:48:24 AM  1000     86594    0.00    1.00    0.00    0.00    1.00     0     80.00      0.00   11860    5896   0.02  bash
02:48:24 AM     0     86632    0.00    0.00    0.00    0.00    0.00     3      0.00      0.00       0       0   0.00  kworker/3:2
02:48:24 AM     0     87290    0.00    0.00    0.00    0.00    0.00     0      0.00      0.00   14768    7584   0.02  sshd
02:48:24 AM  1000     87334    0.00    0.00    0.00    0.00    0.00     0      0.00      0.00   15292    6412   0.02  sshd
02:48:24 AM  1000     87335    0.00    0.00    0.00    0.00    0.00     2      0.00      0.00   11344    5436   0.02  bash
02:48:24 AM     0     89981    0.00    0.00    0.00    0.00    0.00     1      0.00      0.00       0       0   0.00  kworker/1:1-events
02:48:24 AM     0     95050    0.00    0.00    0.00    0.00    0.00     2      0.00      0.00       0       0   0.00  kworker/2:0-events
02:48:24 AM     0     96173    0.00    0.00    0.00    0.00    0.00     1      0.00      0.00       0       0   0.00  kworker/1:2-events
02:48:24 AM     0     99494    0.00    1.00    0.00    0.00    1.00     1      0.00      0.00       0       0   0.00  kworker/u16:3-devfreq_wq
02:48:24 AM     0    107801    0.00    0.00    0.00    0.00    0.00     1      0.00      0.00       0       0   0.00  kworker/1:2H
02:48:24 AM     0    122883    0.00    0.00    0.00    0.00    0.00     2      0.00      0.00       0       0   0.00  kworker/u16:2-events_unbound
02:48:24 AM     0    123203    0.00    0.00    0.00    0.00    0.00     3      0.00      0.00       0       0   0.00  kworker/3:2H
02:48:24 AM     0    130503    0.00    0.00    0.00    0.00    0.00     0      0.00      0.00       0       0   0.00  kworker/0:0H
02:48:24 AM     0    130577    0.00    0.00    0.00    0.00    0.00     0      0.00      0.00       0       0   0.00  kworker/0:1-events
02:48:24 AM     0    130584    0.00    0.00    0.00    0.00    0.00     2      0.00      0.00   14768    7576   0.02  sshd
02:48:24 AM  1000    130628    3.00    6.00    0.00    3.00    9.00     1      0.00      0.00   16676    7816   0.02  sshd
02:48:24 AM  1000    130629    0.00    0.00    0.00    0.00    0.00     3      0.00      0.00   11344    5436   0.02  bash
02:48:24 AM  1000    130765    0.00    1.00    0.00    0.00    1.00     3      0.00      0.00  283948   43148   0.14  roslaunch
02:48:24 AM  1000    130773    0.00    1.00    0.00    0.00    1.00     1      0.00      0.00  797980   45684   0.14  rosmaster
02:48:24 AM  1000    130783    0.00    0.00    0.00    0.00    0.00     1      0.00      0.00  274964   10152   0.03  rosout
02:48:24 AM  1000    130790   77.00   85.00    0.00    5.00  162.00     1      0.00      0.00 34790064  708424   2.23  scale_truck_con
02:48:24 AM  1000    130791   35.00   65.00    0.00    0.00  100.00     3      0.00      0.00 1571432  113560   0.36  LRC
02:48:24 AM  1000    130854    0.00    0.00    0.00    0.00    0.00     2      0.00      0.00  724884   75188   0.24  python3
02:48:24 AM     0    131985    0.00    0.00    0.00    0.00    0.00     2      0.00      0.00       0       0   0.00  kworker/2:1H
02:48:24 AM     0    132214    0.00    0.00    0.00    0.00    0.00     1      0.00      0.00       0       0   0.00  kworker/1:1H
02:48:24 AM     0    133801    0.00    0.00    0.00    0.00    0.00     0      0.00      0.00       0       0   0.00  kworker/0:0-events
02:48:24 AM     0    137289    0.00    0.00    0.00    0.00    0.00     1      0.00      0.00       0       0   0.00  kworker/1:3-pm
02:48:24 AM     0    139165    0.00    0.00    0.00    0.00    0.00     0      0.00      0.00       0       0   0.00  kworker/0:2H
02:48:24 AM     0    139402    0.00    0.00    0.00    0.00    0.00     1      0.00      0.00       0       0   0.00  kworker/u16:0-events_unbound
02:48:24 AM     0    142495    0.00    0.00    0.00    0.00    0.00     1      0.00      0.00       0       0   0.00  kworker/1:4-pm
02:48:24 AM  1000    144272    0.00    0.00    0.00    0.00    0.00     2      0.00      0.00    9208    3300   0.01  bash
02:48:24 AM  1000    144614    3.00   15.00    0.00   15.00   18.00     0      0.00      0.00   17812    9560   0.03  pidstat
02:48:24 AM  1000    145121   32.00   16.00    0.00   17.00   48.00     3   7169.00      0.00   25184   15444   0.05  python3

# Time        UID       PID    %usr %system  %guest   %wait    %CPU   CPU  minflt/s  majflt/s     VSZ     RSS   %MEM  Command
02:48:25 AM     0         1    0.00    0.00    0.00    0.00    0.00     1      0.00      0.00  169880   11540   0.04  systemd
02:48:25 AM     0         2    0.00    0.00    0.00    0.00    0.00     1      0.00      0.00       0       0   0.00  kthreadd
02:48:25 AM     0         3    0.00    0.00    0.00    0.00    0.00     0      0.00      0.00       0       0   0.00  rcu_gp
02:48:25 AM     0         4    0.00    0.00    0.00    0.00    0.00     0      0.00      0.00       0       0   0.00  rcu_par_gp
02:48:25 AM     0         8    0.00    0.00    0.00    0.00    0.00     0      0.00      0.00       0       0   0.00  mm_percpu_wq
02:48:25 AM     0         9    0.00    0.00    0.00    0.00    0.00     0      0.00      0.00       0       0   0.00  rcu_tasks_kthre
02:48:25 AM     0        10    0.00    0.00    0.00    0.00    0.00     0      0.00      0.00       0       0   0.00  rcu_tasks_rude_
02:48:25 AM     0        11    0.00    0.00    0.00    0.00    0.00     0      0.00      0.00       0       0   0.00  rcu_tasks_trace
02:48:25 AM     0        12    0.00    0.00    0.00    0.00    0.00     0      0.00      0.00       0       0   0.00  ksoftirqd/0
02:48:25 AM     0        13    0.00    0.00    0.00    0.00    0.00     2      0.00      0.00       0       0   0.00  rcu_preempt
02:48:25 AM     0        14    0.00    0.00    0.00    0.00    0.00     0      0.00      0.00       0       0   0.00  migration/0
02:48:25 AM     0        16    0.00    0.00    0.00    0.00    0.00     0      0.00      0.00       0       0   0.00  cpuhp/0
02:48:25 AM     0        17    0.00    0.00    0.00    0.00    0.00     1      0.00      0.00       0       0   0.00  cpuhp/1
02:48:25 AM     0        18    0.00    0.00    0.00    0.00    0.00     1      0.00      0.00       0       0   0.00  migration/1
02:48:25 AM     0        19    0.00    0.00    0.00    0.00    0.00     1      0.00      0.00       0       0   0.00  ksoftirqd/1
02:48:25 AM     0        22    0.00    0.00    0.00    0.00    0.00     2      0.00      0.00       0       0   0.00  cpuhp/2
02:48:25 AM     0        23    0.00    0.00    0.00    0.00    0.00     2      0.00      0.00       0       0   0.00  migration/2
02:48:25 AM     0        24    0.00    0.00    0.00    0.00    0.00     2      0.00      0.00       0       0   0.00  ksoftirqd/2
02:48:25 AM     0        27    0.00    0.00    0.00    0.00    0.00     3      0.00      0.00       0       0   0.00  cpuhp/3
02:48:25 AM     0        28    0.00    0.00    0.00    0.00    0.00     3      0.00      0.00       0       0   0.00  migration/3
02:48:25 AM     0        29    0.00    0.00    0.00    0.00    0.00     3      0.00      0.00       0       0   0.00  ksoftirqd/3
02:48:25 AM     0        32    0.00    0.00    0.00    0.00    0.00     4      0.00      0.00       0       0   0.00  cpuhp/4
02:48:25 AM     0        33    0.00    0.00    0.00    0.00    0.00     4      0.00      0.00       0       0   0.00  migration/4
02:48:25 AM     0        34    0.00    0.00    0.00    0.00    0.00     4      0.00      0.00       0       0   0.00  ksoftirqd/4
02:48:25 AM     0        36    0.00    0.00    0.00    0.00    0.00     4      0.00      0.00       0       0   0.00  kworker/4:0H-kblockd
02:48:25 AM     0        37    0.00    0.00    0.00    0.00    0.00     5      0.00      0.00       0       0   0.00  cpuhp/5
02:48:25 AM     0        38    0.00    0.00    0.00    0.00    0.00     5      0.00      0.00       0       0   0.00  migration/5
02:48:25 AM     0        39    0.00    0.00    0.00    0.00    0.00     5      0.00      0.00       0       0   0.00  ksoftirqd/5
02:48:25 AM     0        41    0.00    0.00    0.00    0.00    0.00     5      0.00      0.00       0       0   0.00  kworker/5:0H-kblockd
02:48:25 AM     0        42    0.00    0.00    0.00    0.00    0.00     6      0.00      0.00       0       0   0.00  cpuhp/6
02:48:25 AM     0        43    0.00    0.00    0.00    0.00    0.00     6      0.00      0.00       0       0   0.00  migration/6
02:48:25 AM     0        44    0.00    0.00    0.00    0.00    0.00     6      0.00      0.00       0       0   0.00  ksoftirqd/6
02:48:25 AM     0        46    0.00    0.00    0.00    0.00    0.00     6      0.00      0.00       0       0   0.00  kworker/6:0H-events_highpri
02:48:25 AM     0        47    0.00    0.00    0.00    0.00    0.00     7      0.00      0.00       0       0   0.00  cpuhp/7
02:48:25 AM     0        48    0.00    0.00    0.00    0.00    0.00     7      0.00      0.00       0       0   0.00  migration/7
02:48:25 AM     0        49    0.00    0.00    0.00    0.00    0.00     7      0.00      0.00       0       0   0.00  ksoftirqd/7
02:48:25 AM     0        50    0.00    0.00    0.00    0.00    0.00     0      0.00      0.00       0       0   0.00  kworker/7:0-rcu_gp
02:48:25 AM     0        51    0.00    0.00    0.00    0.00    0.00     7      0.00      0.00       0       0   0.00  kworker/7:0H-kblockd
02:48:25 AM     0        52    0.00    0.00    0.00    0.00    0.00     0      0.00      0.00       0       0   0.00  kdevtmpfs
02:48:25 AM     0        53    0.00    0.00    0.00    0.00    0.00     4      0.00      0.00       0       0   0.00  netns
02:48:25 AM     0        54    0.00    0.00    0.00    0.00    0.00     1      0.00      0.00       0       0   0.00  kauditd
02:48:25 AM     0        55    0.00    0.00    0.00    0.00    0.00     0      0.00      0.00       0       0   0.00  irq/87-mc_statu
02:48:25 AM     0        56    0.00    0.00    0.00    0.00    0.00     2      0.00      0.00       0       0   0.00  khungtaskd
02:48:25 AM     0        57    0.00    0.00    0.00    0.00    0.00     3      0.00      0.00       0       0   0.00  oom_reaper
02:48:25 AM     0        58    0.00    0.00    0.00    0.00    0.00     5      0.00      0.00       0       0   0.00  writeback
02:48:25 AM     0        59    0.00    0.00    0.00    0.00    0.00     3      0.00      0.00       0       0   0.00  kcompactd0
02:48:25 AM     0        60    0.00    0.00    0.00    0.00    0.00     1      0.00      0.00       0       0   0.00  ksmd
02:48:25 AM     0        61    0.00    0.00    0.00    0.00    0.00     1      0.00      0.00       0       0   0.00  khugepaged
02:48:25 AM     0        93    0.00    0.00    0.00    0.00    0.00     1      0.00      0.00       0       0   0.00  kintegrityd
02:48:25 AM     0        94    0.00    0.00    0.00    0.00    0.00     1      0.00      0.00       0       0   0.00  kblockd
02:48:25 AM     0        95    0.00    0.00    0.00    0.00    0.00     1      0.00      0.00       0       0   0.00  blkcg_punt_bio
02:48:25 AM     0        97    0.00    0.00    0.00    0.00    0.00     3      0.00      0.00       0       0   0.00  tpm_dev_wq
02:48:25 AM     0        98    0.00    0.00    0.00    0.00    0.00     0      0.00      0.00       0       0   0.00  irq/197-30c0000
02:48:25 AM     0        99    0.00    0.00    0.00    0.00    0.00     1      0.00      0.00       0       0   0.00  devfreq_wq
02:48:25 AM     0       100    0.00    0.00    0.00    0.00    0.00     1      0.00      0.00       0       0   0.00  watchdogd
02:48:25 AM     0       104    0.00    0.00    0.00    0.00    0.00     7      0.00      0.00       0       0   0.00  rpciod
02:48:25 AM     0       106    0.00    0.00    0.00    0.00    0.00     7      0.00      0.00       0       0   0.00  xprtiod
02:48:25 AM     0       108    0.00    0.00    0.00    0.00    0.00     7      0.00      0.00       0       0   0.00  kswapd0
02:48:25 AM     0       109    0.00    0.00    0.00    0.00    0.00     5      0.00      0.00       0       0   0.00  nfsiod
02:48:25 AM     0       112    0.00    0.00    0.00    0.00    0.00     1      0.00      0.00       0       0   0.00  kthrotld
02:48:25 AM     0       113    0.00    0.00    0.00    0.00    0.00     7      0.00      0.00       0       0   0.00  kpcitest
02:48:25 AM     0       116    0.00    0.00    0.00    0.00    0.00     5      0.00      0.00       0       0   0.00  kworker/5:1-events
02:48:25 AM     0       122    0.00    0.00    0.00    0.00    0.00     1      0.00      0.00       0       0   0.00  nvme-wq
02:48:25 AM     0       123    0.00    0.00    0.00    0.00    0.00     5      0.00      0.00       0       0   0.00  nvme-reset-wq
02:48:25 AM     0       124    0.00    0.00    0.00    0.00    0.00     6      0.00      0.00       0       0   0.00  nvme-delete-wq
02:48:25 AM     0       125    0.00    0.00    0.00    0.00    0.00     6      0.00      0.00       0       0   0.00  uas
02:48:25 AM     0       126    0.00    0.00    0.00    0.00    0.00     0      0.00      0.00       0       0   0.00  irq/222-tegra_r
02:48:25 AM     0       127    0.00    0.00    0.00    0.00    0.00     0      0.00      0.00       0       0   0.00  kworker/7:2-events
02:48:25 AM     0       129    0.00    0.00    0.00    0.00    0.00     0      0.00      0.00       0       0   0.00  irq/86-tegra-oc
02:48:25 AM     0       130    0.00    0.00    0.00    0.00    0.00     5      0.00      0.00       0       0   0.00  dm_bufio_cache
02:48:25 AM     0       131    0.00    0.00    0.00    0.00    0.00     0      0.00      0.00       0       0   0.00  irq/223-max7762
02:48:25 AM     0       140    0.00    0.00    0.00    0.00    0.00     0      0.00      0.00       0       0   0.00  irq/55-bc00000.
02:48:25 AM     0       143    0.00    0.00    0.00    0.00    0.00     0      0.00      0.00       0       0   0.00  ipv6_addrconf
02:48:25 AM     0       144    0.00    0.00    0.00    0.00    0.00     6      0.00      0.00       0       0   0.00  krfcommd
02:48:25 AM     0       145    0.00    0.00    0.00    0.00    0.00     0      0.00      0.00       0       0   0.00  kstrp
02:48:25 AM     0       150    0.00    0.00    0.00    0.00    0.00     0      0.00      0.00       0       0   0.00  irq/24-tegra-pc
02:48:25 AM     0       154    0.00    0.00    0.00    0.00    0.00     0      0.00      0.00       0       0   0.00  irq/26-tegra-pc
02:48:25 AM     0       160    0.00    0.00    0.00    0.00    0.00     0      0.00      0.00       0       0   0.00  irq/26-aerdrv
02:48:25 AM     0       161    0.00    0.00    0.00    0.00    0.00     0      0.00      0.00       0       0   0.00  irq/28-tegra-pc
02:48:25 AM     0       162    0.00    0.00    0.00    0.00    0.00     0      0.00      0.00       0       0   0.00  irq/28-aerdrv
02:48:25 AM     0       163    0.00    0.00    0.00    0.00    0.00     5      0.00      0.00       0       0   0.00  host_low_prio_w
02:48:25 AM     0       164    0.00    1.00    0.00    0.00    1.00     0      0.00      0.00       0       0   0.00  irq/57-host_syn
02:48:25 AM     0       165    0.00    0.00    0.00    0.00    0.00     0      0.00      0.00       0       0   0.00  irq/58-host_sta
02:48:25 AM     0       173    0.00    0.00    0.00    0.00    0.00     5      0.00      0.00       0       0   0.00  pva_task_status
02:48:25 AM     0       174    0.00    0.00    0.00    0.00    0.00     0      0.00      0.00       0       0   0.00  irq/75-pva-isr
02:48:25 AM     0       175    0.00    0.00    0.00    0.00    0.00     0      0.00      0.00       0       0   0.00  pva_task_status
02:48:25 AM     0       176    0.00    0.00    0.00    0.00    0.00     0      0.00      0.00       0       0   0.00  irq/76-pva-isr
02:48:25 AM     0       185    0.00    0.00    0.00    0.00    0.00     0      0.00      0.00       0       0   0.00  sdhci
02:48:25 AM     0       186    0.00    0.00    0.00    0.00    0.00     0      0.00      0.00       0       0   0.00  irq/39-mmc0
02:48:25 AM     0       187    0.00    0.00    0.00    0.00    0.00     2      0.00      0.00       0       0   0.00  sdhci
02:48:25 AM     0       189    0.00    0.00    0.00    0.00    0.00     0      0.00      0.00       0       0   0.00  irq/40-mmc1
02:48:25 AM     0       195    0.00    0.00    0.00    0.00    0.00     7      0.00      0.00       0       0   0.00  scsi_eh_0
02:48:25 AM     0       196    0.00    0.00    0.00    0.00    0.00     7      0.00      0.00       0       0   0.00  scsi_tmf_0
02:48:25 AM     0       197    0.00    0.00    0.00    0.00    0.00     0      0.00      0.00       0       0   0.00  kworker/5:2-events
02:48:25 AM     0       198    0.00    0.00    0.00    0.00    0.00     0      0.00      0.00       0       0   0.00  irq/67-15200000
02:48:25 AM     0       199    0.00    0.00    0.00    0.00    0.00     1      0.00      0.00       0       0   0.00  tegradc.0/a
02:48:25 AM     0       200    0.00    0.00    0.00    0.00    0.00     0      0.00      0.00       0       0   0.00  tegradc.0/b
02:48:25 AM     0       201    0.00    0.00    0.00    0.00    0.00     0      0.00      0.00       0       0   0.00  tegradc.0/c
02:48:25 AM     0       202    0.00    0.00    0.00    0.00    0.00     0      0.00      0.00       0       0   0.00  tegradc.0/d
02:48:25 AM     0       203    0.00    0.00    0.00    0.00    0.00     0      0.00      0.00       0       0   0.00  tegradc.0/e
02:48:25 AM     0       204    0.00    0.00    0.00    0.00    0.00     0      0.00      0.00       0       0   0.00  tegradc.0/f
02:48:25 AM     0       205    0.00    0.00    0.00    0.00    0.00     0      0.00      0.00       0       0   0.00  tegradc.0/sl
02:48:25 AM     0       206    0.00    0.00    0.00    0.00    0.00     0      0.00      0.00       0       0   0.00  irq/62-15200000
02:48:25 AM     0       207    0.00    0.00    0.00    0.00    0.00     0      0.00      0.00       0       0   0.00  irq/276-3400000
02:48:25 AM     0       208    0.00    0.00    0.00    0.00    0.00     0      0.00      0.00       0       0   0.00  ufs_eh_wq_0
02:48:25 AM     0       209    0.00    0.00    0.00    0.00    0.00     3      0.00      0.00       0       0   0.00  mmc_complete
02:48:25 AM     0       211    0.00    0.00    0.00    0.00    0.00     0      0.00      0.00       0       0   0.00  irq/278-1520000
02:48:25 AM     0       212    0.00    0.00    0.00    0.00    0.00     0      0.00      0.00       0       0   0.00  irq/203-3610000
02:48:25 AM     0       213    0.00    0.00    0.00    0.00    0.00     0      0.00      0.00       0       0   0.00  irq/221-3610000
02:48:25 AM     0       214    0.00    0.00    0.00    0.00    0.00     0      0.00      0.00       0       0   0.00  irq/30-tegra-pc
02:48:25 AM     0       216    0.00    0.00    0.00    0.00    0.00     0      0.00      0.00       0       0   0.00  kworker/4:3-events
02:48:25 AM     0       218    0.00    0.00    0.00    0.00    0.00     4      0.00      0.00       0       0   0.00  kworker/4:5-events
02:48:25 AM     0       221    0.00    0.00    0.00    0.00    0.00     0      0.00      0.00       0       0   0.00  kworker/6:12-events
02:48:25 AM     0       222    0.00    0.00    0.00    0.00    0.00     0      0.00      0.00       0       0   0.00  kworker/6:13-events
02:48:25 AM     0       225    0.00    0.00    0.00    0.00    0.00     0      0.00      0.00       0       0   0.00  irq/68-tegra_dp
02:48:25 AM     0       226    0.00    0.00    0.00    0.00    0.00     0      0.00      0.00       0       0   0.00  irq/65-15210000
02:48:25 AM     0       227    0.00    0.00    0.00    0.00    0.00     0      0.00      0.00       0       0   0.00  tegradc.1/a
02:48:25 AM     0       228    0.00    0.00    0.00    0.00    0.00     0      0.00      0.00       0       0   0.00  tegradc.1/b
02:48:25 AM     0       229    0.00    0.00    0.00    0.00    0.00     0      0.00      0.00       0       0   0.00  tegradc.1/c
02:48:25 AM     0       230    0.00    0.00    0.00    0.00    0.00     0      0.00      0.00       0       0   0.00  tegradc.1/d
02:48:25 AM     0       231    0.00    0.00    0.00    0.00    0.00     0      0.00      0.00       0       0   0.00  tegradc.1/e
02:48:25 AM     0       232    0.00    0.00    0.00    0.00    0.00     0      0.00      0.00       0       0   0.00  tegradc.1/f
02:48:25 AM     0       233    0.00    0.00    0.00    0.00    0.00     1      0.00      0.00       0       0   0.00  tegradc.1/sl
02:48:25 AM     0       234    0.00    0.00    0.00    0.00    0.00     0      0.00      0.00       0       0   0.00  irq/63-15210000
02:48:25 AM     0       249    0.00    0.00    0.00    0.00    0.00     0      0.00      0.00       0       0   0.00  irq/56-d230000.
02:48:25 AM     0       250    0.00    0.00    0.00    0.00    0.00     0      0.00      0.00       0       0   0.00  irq/69-tegra_dp
02:48:25 AM     0       251    0.00    0.00    0.00    0.00    0.00     0      0.00      0.00       0       0   0.00  irq/66-15220000
02:48:25 AM     0       252    0.00    0.00    0.00    0.00    0.00     0      0.00      0.00       0       0   0.00  tegradc.2/a
02:48:25 AM     0       253    0.00    0.00    0.00    0.00    0.00     0      0.00      0.00       0       0   0.00  tegradc.2/b
02:48:25 AM     0       254    0.00    0.00    0.00    0.00    0.00     0      0.00      0.00       0       0   0.00  tegradc.2/c
02:48:25 AM     0       255    0.00    0.00    0.00    0.00    0.00     0      0.00      0.00       0       0   0.00  tegradc.2/d
02:48:25 AM     0       256    0.00    0.00    0.00    0.00    0.00     0      0.00      0.00       0       0   0.00  tegradc.2/e
02:48:25 AM     0       257    0.00    0.00    0.00    0.00    0.00     0      0.00      0.00       0       0   0.00  tegradc.2/f
02:48:25 AM     0       258    0.00    0.00    0.00    0.00    0.00     0      0.00      0.00       0       0   0.00  tegradc.2/sl
02:48:25 AM     0       259    0.00    0.00    0.00    0.00    0.00     0      0.00      0.00       0       0   0.00  irq/64-15220000
02:48:25 AM     0       275    0.00    0.00    0.00    0.00    0.00     0      0.00      0.00       0       0   0.00  jbd2/mmcblk0p1-
02:48:25 AM     0       276    0.00    0.00    0.00    0.00    0.00     3      0.00      0.00       0       0   0.00  ext4-rsv-conver
02:48:25 AM     0       280    0.00    0.00    0.00    0.00    0.00     7      0.00      0.00       0       0   0.00  kworker/7:1H
02:48:25 AM     0       286    0.00    0.00    0.00    0.00    0.00     5      0.00      0.00       0       0   0.00  kworker/5:1H-kblockd
02:48:25 AM     0       312    0.00    0.00    0.00    0.00    0.00     2      0.00      0.00   61816   31808   0.10  systemd-journal
02:48:25 AM     0       338    0.00    4.00    0.00   18.00    4.00     0      0.00      0.00       0       0   0.00  nvmap-bz
02:48:25 AM     0       339    0.00    0.00    0.00    0.00    0.00     0      0.00      0.00       0       0   0.00  irq/204-gk20a_s
02:48:25 AM     0       340    0.00    0.00    0.00    0.00    0.00     0      0.00      0.00       0       0   0.00  irq/205-gk20a_n
02:48:25 AM     0       345    0.00    0.00    0.00    0.00    0.00     3      0.00      0.00    2776    1492   0.00  tee-supplicant
02:48:25 AM     0       347    0.00    0.00    0.00    0.00    0.00     3      0.00      0.00       0       0   0.00  optee_bus_scan
02:48:25 AM     0       358    0.00    0.00    0.00    0.00    0.00     3      0.00      0.00   22788    7532   0.02  systemd-udevd
02:48:25 AM     0       364    0.00    0.00    0.00    0.00    0.00     1      0.00      0.00    7948    4892   0.02  haveged
02:48:25 AM   126       365    0.00    0.00    0.00    0.00    0.00     3      0.00      0.00    7136    3108   0.01  rpcbind
02:48:25 AM   105       366    0.00    0.00    0.00    0.00    0.00     1      0.00      0.00   25592   13288   0.04  systemd-resolve
02:48:25 AM   103       367    0.00    0.00    0.00    0.00    0.00     1      0.00      0.00   90672    6220   0.02  systemd-timesyn
02:48:25 AM     0       407    0.00    0.00    0.00    0.00    0.00     5      0.00      0.00       0       0   0.00  cfg80211
02:48:25 AM     0       410    0.00    0.00    0.00    0.00    0.00     0      0.00      0.00       0       0   0.00  irq/42-3210000.
02:48:25 AM     0       412    0.00    0.00    0.00    0.00    0.00     2      0.00      0.00       0       0   0.00  spi0
02:48:25 AM     0       413    0.00   14.00    0.00    0.00   14.00     1      0.00      0.00       0       0   0.00  irq/282-iwlwifi
02:48:25 AM     0       416    0.00    0.00    0.00    0.00    0.00     4      0.00      0.00       0       0   0.00  ata_sff
02:48:25 AM     0       419    0.00    0.00    0.00    0.00    0.00     0      0.00      0.00       0       0   0.00  irq/43-c260000.
02:48:25 AM     0       420    0.00    0.00    0.00    0.00    0.00     6      0.00      0.00       0       0   0.00  scsi_eh_1
02:48:25 AM     0       422    0.00    0.00    0.00    0.00    0.00     6      0.00      0.00       0       0   0.00  scsi_tmf_1
02:48:25 AM     0       427    0.00    0.00    0.00    0.00    0.00     0      0.00      0.00       0       0   0.00  spi1
02:48:25 AM     0       430    0.00    0.00    0.00    0.00    0.00     3      0.00      0.00  242072    8880   0.03  accounts-daemon
02:48:25 AM   120       439    0.00    0.00    0.00    0.00    0.00     1      0.00      0.00    7084    3472   0.01  avahi-daemon
02:48:25 AM     0       441    0.00    0.00    0.00    0.00    0.00     3      0.00      0.00    9220    2516   0.01  cron
02:48:25 AM   106       443    0.00    0.00    0.00    0.00    0.00     1      0.00      0.00    9396    5264   0.02  dbus-daemon
02:48:25 AM     0       447    0.00    0.00    0.00    0.00    0.00     0      0.00      0.00  341244   20856   0.07  NetworkManager
02:48:25 AM     0       456    0.00    0.00    0.00    0.00    0.00     4      0.00      0.00   38300   19472   0.06  networkd-dispat
02:48:25 AM     0       473    0.00    0.00    0.00    0.00    0.00     2      0.00      0.00  238860   13352   0.04  polkitd
02:48:25 AM   125       483    0.00    0.00    0.00    0.00    0.00     3      0.00      0.00  220940    8288   0.03  rsyslogd
02:48:25 AM     0       503    0.00    0.00    0.00    0.00    0.00     2      0.00      0.00  235864    4364   0.01  switcheroo-cont
02:48:25 AM     0       514    0.00    0.00    0.00    0.00    0.00     2      0.00      0.00   17076    6760   0.02  systemd-logind
02:48:25 AM     0       523    0.00    0.00    0.00    0.00    0.00     1      0.00      0.00  395556   15676   0.05  udisksd
02:48:25 AM     0       528    0.00    0.00    0.00    0.00    0.00     0      0.00      0.00   12784    8052   0.03  wpa_supplicant
02:48:25 AM     0       548    0.00    0.00    0.00    0.00    0.00     0      0.00      0.00       0       0   0.00  sugov:0
02:48:25 AM   120       555    0.00    0.00    0.00    0.00    0.00     2      0.00      0.00    6896     324   0.00  avahi-daemon
02:48:25 AM     0       585    0.00    0.00    0.00    0.00    0.00     5      0.00      0.00       0       0   0.00  tmp451
02:48:25 AM     0       597    0.00    0.00    0.00    0.00    0.00     3      0.00      0.00       0       0   0.00  irq/286-1-0008
02:48:25 AM     0       600    0.00    0.00    0.00    0.00    0.00     2      0.00      0.00  321792   14480   0.05  ModemManager
02:48:25 AM     0       653    0.00    0.00    0.00    0.00    0.00     0      0.00      0.00    2476     604   0.00  nvfancontrol
02:48:25 AM     0       728    0.00    0.00    0.00    0.00    0.00     4      0.00      0.00       0       0   0.00  adspp_kthread
02:48:25 AM     0       779    0.00    0.00    0.00    0.00    0.00     6      0.00      0.00       0       0   0.00  kworker/6:2H-kblockd
02:48:25 AM     0       876    0.00    0.00    0.00    0.00    0.00     1      0.00      0.00       0       0   0.00  irq/289-2490000
02:48:25 AM     0       887    0.00    0.00    0.00    0.00    0.00     0      0.00      0.00       0       0   0.00  irq/32-eth0.com
02:48:25 AM     0       919    0.00    0.00    0.00    0.00    0.00     4      0.00      0.00       0       0   0.00  file-storage
02:48:25 AM     0       953    0.00    0.00    0.00    0.00    0.00     1      0.00      0.00       0       0   0.00  loop0
02:48:25 AM     0      1048    0.00    0.00    0.00    0.00    0.00     4      0.00      0.00       0       0   0.00  kworker/4:2H-kblockd
02:48:25 AM     0      1091    0.00    0.00    0.00    0.00    0.00     3      0.00      0.00       0       0   0.00  cryptd
02:48:25 AM     0      1147    0.00    0.00    0.00    0.00    0.00     2      0.00      0.00       0       0   0.00  sw-quiesce
02:48:25 AM     0      1148    0.00    0.00    0.00    0.00    0.00     1      0.00      0.00       0       0   0.00  nvgpu_channel_p
02:48:25 AM     0      1151    0.00    0.00    0.00    0.00    0.00     3      0.00      0.00       0       0   0.00  nvgpu_nvs_gv11b
02:48:25 AM     0      1153    0.00    0.00    0.00    0.00    0.00     0      0.00      0.00       0       0   0.00  nvgpu_pg_init_g
02:48:25 AM     0      1157    0.00    0.00    0.00    0.00    0.00     2      0.00      0.00       0       0   0.00  nvgpu_clk_arb_p
02:48:25 AM     0      1162    0.00    0.00    0.00    0.00    0.00     3      0.00      0.00       0       0   0.00  irq/288-rt5659
02:48:25 AM     0      1270    0.00    0.00    0.00    0.00    0.00     3      0.00      0.00   55688   11092   0.03  nvargus-daemon
02:48:25 AM     0      1273    0.00    0.00    0.00    0.00    0.00     3      0.00      0.00   21932    1552   0.00  nvs-service
02:48:25 AM     0      1298    0.00    0.00    0.00    0.00    0.00     1      0.00      0.00 2007972   50424   0.16  containerd
02:48:25 AM     0      1314    0.00    0.00    0.00    0.00    0.00     0      0.00      0.00  240032    7616   0.02  gdm3
02:48:25 AM   108      1326    0.00    0.00    0.00    0.00    0.00     2      0.00      0.00   11468    1896   0.01  kerneloops
02:48:25 AM     0      1327    0.00    0.00    0.00    0.00    0.00     3      0.00      0.00   12236    6576   0.02  sshd
02:48:25 AM     0      1336    0.00    0.00    0.00    0.00    0.00     0      0.00      0.00    7688    1876   0.01  agetty
02:48:25 AM     0      1337    0.00    0.00    0.00    0.00    0.00     2      0.00      0.00    7688    1904   0.01  agetty
02:48:25 AM   108      1339    0.00    0.00    0.00    0.00    0.00     0      0.00      0.00   11468    1820   0.01  kerneloops
02:48:25 AM     0      1340    0.00    0.00    0.00    0.00    0.00     3      0.00      0.00    9216    2824   0.01  nvgetty.sh
02:48:25 AM     0      1379    0.00    0.00    0.00    0.00    0.00     0      0.00      0.00    7688    1848   0.01  getty
02:48:25 AM     0      1554    0.00    0.00    0.00    0.00    0.00     2      0.00      0.00 2111796   85472   0.27  dockerd
02:48:25 AM     0      1677    0.00    0.00    0.00    0.00    0.00     1      0.00      0.00  168472    8256   0.03  gdm-session-wor
02:48:25 AM     0      1711    0.00    0.00    0.00    0.00    0.00     0      0.00      0.00    3248     808   0.00  nvphsd
02:48:25 AM     0      1716    0.00    0.00    0.00    0.00    0.00     3      0.00      0.00    3380    1788   0.01  nvphsd
02:48:25 AM   124      1789    0.00    0.00    0.00    0.00    0.00     3      0.00      0.00   19144    9224   0.03  systemd
02:48:25 AM   124      1804    0.00    0.00    0.00    0.00    0.00     3      0.00      0.00  104488    5436   0.02  (sd-pam)
02:48:25 AM   124      2014    0.00    0.00    0.00    0.00    0.00     0      0.00      0.00  961884   21984   0.07  pulseaudio
02:48:25 AM   124      2032    0.00    0.00    0.00    0.00    0.00     2      0.00      0.00  164156    5924   0.02  gdm-x-session
02:48:25 AM   124      2037    0.00    0.00    0.00    0.00    0.00     1      0.00      0.00 25330232   99256   0.31  Xorg
02:48:25 AM   118      2040    0.00    0.00    0.00    0.00    0.00     1      0.00      0.00  152516    2440   0.01  rtkit-daemon
02:48:25 AM   124      2162    0.00    0.00    0.00    0.00    0.00     2      0.00      0.00    7812    3448   0.01  dbus-daemon
02:48:25 AM   124      2428    0.00    0.00    0.00    0.00    0.00     0      0.00      0.00    4776    1164   0.00  dbus-run-sessio
02:48:25 AM   124      2429    0.00    0.00    0.00    0.00    0.00     2      0.00      0.00    8088    4104   0.01  dbus-daemon
02:48:25 AM   124      2438    0.00    0.00    0.00    0.00    0.00     2      0.00      0.00  559768   14932   0.05  gnome-session-b
02:48:25 AM     0      2457    0.00    0.00    0.00    0.00    0.00     2      0.00      0.00  101692   19628   0.06  jtop
02:48:25 AM   124      2463    0.00    0.00    0.00    0.00    0.00     3      0.00      0.00  309548   10092   0.03  at-spi-bus-laun
02:48:25 AM   124      2470    0.00    0.00    0.00    0.00    0.00     1      0.00      0.00    7676    3468   0.01  dbus-daemon
02:48:25 AM   124      2495    0.00    0.00    0.00    0.00    0.00     1      0.00      0.00 4022996  194908   0.61  gnome-shell
02:48:25 AM     0      2510    0.00    0.00    0.00    0.00    0.00     1      0.00      0.00  175424   16904   0.05  jtop
02:48:25 AM     0      2518    0.00    0.00    0.00    0.00    0.00     2      0.00      0.00  101692   17160   0.05  jtop
02:48:25 AM   124      2696    0.00    0.00    0.00    0.00    0.00     0      0.00      0.00  314420   11212   0.04  ibus-daemon
02:48:25 AM   124      2699    0.00    0.00    0.00    0.00    0.00     2      0.00      0.00  239960   11792   0.04  ibus-dconf
02:48:25 AM   124      2701    0.00    0.00    0.00    0.00    0.00     2      0.00      0.00  189920   16900   0.05  ibus-x11
02:48:25 AM   124      2704    0.00    0.00    0.00    0.00    0.00     3      0.00      0.00  239880    7776   0.02  ibus-portal
02:48:25 AM   124      2715    0.00    0.00    0.00    0.00    0.00     1      0.00      0.00  161420    6880   0.02  at-spi2-registr
02:48:25 AM   124      2719    0.00    0.00    0.00    0.00    0.00     3      0.00      0.00  235804    4672   0.01  xdg-permission-
02:48:25 AM     0      2725    0.00    0.00    0.00    0.00    0.00     3      0.00      0.00  252944    8776   0.03  upowerd
02:48:25 AM   124      2745    0.00    0.00    0.00    0.00    0.00     2      0.00      0.00 3001620   27244   0.09  gjs
02:48:25 AM   124      2764    0.00    0.00    0.00    0.00    0.00     0      0.00      0.00  469396   14236   0.04  gsd-sharing
02:48:25 AM   124      2765    0.00    0.00    0.00    0.00    0.00     1      0.00      0.00  334628   15072   0.05  gsd-wacom
02:48:25 AM   124      2768    0.00    0.00    0.00    0.00    0.00     2      0.00      0.00  571788   19844   0.06  gsd-color
02:48:25 AM   124      2772    0.00    0.00    0.00    0.00    0.00     3      0.00      0.00  338096   17824   0.06  gsd-keyboard
02:48:25 AM   124      2774    0.00    0.00    0.00    0.00    0.00     2      0.00      0.00  322508   11376   0.04  gsd-print-notif
02:48:25 AM   124      2779    0.00    0.00    0.00    0.00    0.00     3      0.00      0.00  166208    7736   0.02  ibus-engine-sim
02:48:25 AM   124      2780    0.00    0.00    0.00    0.00    0.00     1      0.00      0.00  457460    7996   0.03  gsd-rfkill
02:48:25 AM   124      2782    0.00    0.00    0.00    0.00    0.00     1      0.00      0.00  391976    9696   0.03  gsd-smartcard
02:48:25 AM   124      2784    0.00    0.00    0.00    0.00    0.00     2      0.00      0.00  374928   15372   0.05  gsd-datetime
02:48:25 AM   124      2790    0.00    0.00    0.00    0.00    0.00     3      0.00      0.00  679696   20032   0.06  gsd-media-keys
02:48:25 AM   124      2791    0.00    0.00    0.00    0.00    0.00     3      0.00      0.00  235772    5600   0.02  gsd-screensaver
02:48:25 AM   124      2793    0.00    0.00    0.00    0.00    0.00     3      0.00      0.00  320104    9452   0.03  gsd-sound
02:48:25 AM   124      2795    0.00    0.00    0.00    0.00    0.00     3      0.00      0.00  313652   10144   0.03  gsd-a11y-settin
02:48:25 AM   124      2799    0.00    0.00    0.00    0.00    0.00     2      0.00      0.00  313992   10540   0.03  gsd-housekeepin
02:48:25 AM   124      2802    0.00    0.00    0.00    0.00    0.00     1      0.00      0.00  339724   18828   0.06  gsd-power
02:48:25 AM   124      2824    0.00    0.00    0.00    0.00    0.00     2      0.00      0.00  342540   12784   0.04  gsd-printer
02:48:25 AM   119      2837    0.00    0.00    0.00    0.00    0.00     2      0.00      0.00  249328   17548   0.06  colord
02:48:25 AM     0     29120    0.00    0.00    0.00    0.00    0.00     3      0.00      0.00       0       0   0.00  kworker/u17:2
02:48:25 AM     0     33852    0.00    0.00    0.00    0.00    0.00     1      0.00      0.00       0       0   0.00  kworker/1:0H-kblockd
02:48:25 AM     0     35048    0.00    0.00    0.00    0.00    0.00     0      0.00      0.00       0       0   0.00  kworker/u17:0-rb_allocator
02:48:25 AM  1000     39960    0.00    0.00    0.00    0.00    0.00     2      0.00      0.00   19248    9208   0.03  systemd
02:48:25 AM  1000     39961    0.00    0.00    0.00    0.00    0.00     2      0.00      0.00  170940    6304   0.02  (sd-pam)
02:48:25 AM  1000     40037    0.00    0.00    0.00    0.00    0.00     3      0.00      0.00    7812    3952   0.01  dbus-daemon
02:48:25 AM     0     40147    0.00    0.00    0.00    0.00    0.00     1      0.00      0.00       0       0   0.00  kworker/1:0-events
02:48:25 AM     0     40174    0.00    0.00    0.00    0.00    0.00     2      0.00      0.00       0       0   0.00  kworker/2:2H-kblockd
02:48:25 AM     0     40194    0.00    0.00    0.00    0.00    0.00     3      0.00      0.00       0       0   0.00  kworker/3:0H-kblockd
02:48:25 AM     0     41650    0.00    0.00    0.00    0.00    0.00     3      0.00      0.00       0       0   0.00  kworker/3:0-mm_percpu_wq
02:48:25 AM     0     43913    0.00    0.00    0.00    0.00    0.00     2      0.00      0.00   14768    7560   0.02  sshd
02:48:25 AM  1000     43958    0.00    0.00    0.00    0.00    0.00     0      0.00      0.00   15292    6400   0.02  sshd
02:48:25 AM  1000     43959    0.00    0.00    0.00    0.00    0.00     1      0.00      0.00   11344    5444   0.02  bash
02:48:25 AM     0     50050    0.00    0.00    0.00    0.00    0.00     2      0.00      0.00   14768    7572   0.02  sshd
02:48:25 AM  1000     50094    0.00    0.00    0.00    0.00    0.00     3      0.00      0.00   15292    6428   0.02  sshd
02:48:25 AM  1000     50095    0.00    0.00    0.00    0.00    0.00     2      0.00      0.00   11344    5448   0.02  bash
02:48:25 AM     0     81462    0.00    0.00    0.00    0.00    0.00     2      0.00      0.00       0       0   0.00  kworker/2:2-mm_percpu_wq
02:48:25 AM     0     81478    0.00    0.00    0.00    0.00    0.00     0      0.00      0.00       0       0   0.00  kworker/0:1H-kblockd
02:48:25 AM  1000     84840    0.00    0.00    0.00    0.00    0.00     3      0.00      0.00  240176   10088   0.03  gnome-keyring-d
02:48:25 AM   124     84900    0.00    0.00    0.00    0.00    0.00     1      0.00      0.00  156240    4584   0.01  dconf-service
02:48:25 AM     0     85427    0.00    0.00    0.00    0.00    0.00     0      0.00      0.00       0       0   0.00  kworker/0:2-events
02:48:25 AM     0     86310    0.00    0.00    0.00    0.00    0.00     0      0.00      0.00       0       0   0.00  kworker/u16:1-events_unbound
02:48:25 AM     0     86312    0.00    0.00    0.00    0.00    0.00     3      0.00      0.00   14768    7564   0.02  sshd
02:48:25 AM  1000     86356    0.00    0.00    0.00    0.00    0.00     0      0.00      0.00   15292    6380   0.02  sshd
02:48:25 AM  1000     86357    0.00    0.00    0.00    0.00    0.00     1      0.00      0.00   11344    5440   0.02  bash
02:48:25 AM     0     86549    0.00    0.00    0.00    0.00    0.00     2      0.00      0.00   14768    7664   0.02  sshd
02:48:25 AM  1000     86593    0.00    0.00    0.00    0.00    0.00     1      0.00      0.00   15292    6480   0.02  sshd
02:48:25 AM  1000     86594    0.00    0.00    0.00    0.00    0.00     0      0.00      0.00   11860    5896   0.02  bash
02:48:25 AM     0     86632    0.00    0.00    0.00    0.00    0.00     3      0.00      0.00       0       0   0.00  kworker/3:2
02:48:25 AM     0     87290    0.00    0.00    0.00    0.00    0.00     0      0.00      0.00   14768    7584   0.02  sshd
02:48:25 AM  1000     87334    0.00    0.00    0.00    0.00    0.00     0      0.00      0.00   15292    6412   0.02  sshd
02:48:25 AM  1000     87335    0.00    0.00    0.00    0.00    0.00     2      0.00      0.00   11344    5436   0.02  bash
02:48:25 AM     0     89981    0.00    0.00    0.00    0.00    0.00     1      0.00      0.00       0       0   0.00  kworker/1:1-events
02:48:25 AM     0     95050    0.00    0.00    0.00    0.00    0.00     2      0.00      0.00       0       0   0.00  kworker/2:0-events
02:48:25 AM     0     96173    0.00    0.00    0.00    0.00    0.00     1      0.00      0.00       0       0   0.00  kworker/1:2-events
02:48:25 AM     0     99494    0.00    0.00    0.00    0.00    0.00     0      0.00      0.00       0       0   0.00  kworker/u16:3-events_unbound
02:48:25 AM     0    107801    0.00    0.00    0.00    0.00    0.00     1      0.00      0.00       0       0   0.00  kworker/1:2H
02:48:25 AM     0    122883    0.00    0.00    0.00    0.00    0.00     2      0.00      0.00       0       0   0.00  kworker/u16:2-events_unbound
02:48:25 AM     0    123203    0.00    0.00    0.00    0.00    0.00     3      0.00      0.00       0       0   0.00  kworker/3:2H
02:48:25 AM     0    130503    0.00    0.00    0.00    0.00    0.00     0      0.00      0.00       0       0   0.00  kworker/0:0H
02:48:25 AM     0    130577    0.00    0.00    0.00    0.00    0.00     0      0.00      0.00       0       0   0.00  kworker/0:1-events
02:48:25 AM     0    130584    0.00    0.00    0.00    0.00    0.00     2      0.00      0.00   14768    7576   0.02  sshd
02:48:25 AM  1000    130628    0.00    3.00    0.00    1.00    3.00     1      0.00      0.00   16676    7816   0.02  sshd
02:48:25 AM  1000    130629    0.00    0.00    0.00    0.00    0.00     3      0.00      0.00   11344    5436   0.02  bash
02:48:25 AM  1000    130765    0.00    0.00    0.00    0.00    0.00     3      0.00      0.00  283948   43148   0.14  roslaunch
02:48:25 AM  1000    130773    0.00    0.00    0.00    0.00    0.00     0      0.00      0.00  797980   45684   0.14  rosmaster
02:48:25 AM  1000    130783    0.00    1.00    0.00    0.00    1.00     1      0.00      0.00  274964   10152   0.03  rosout
02:48:25 AM  1000    130790   56.00   76.00    0.00   13.00  132.00     0      0.00      0.00 34790064  712520   2.25  scale_truck_con
02:48:25 AM  1000    130791   26.00   65.00    0.00    0.00   91.00     3      0.00      0.00 1571432  113560   0.36  LRC
02:48:25 AM  1000    130854    0.00    0.00    0.00    0.00    0.00     2      0.00      0.00  724884   75188   0.24  python3
02:48:25 AM     0    131985    0.00    0.00    0.00    0.00    0.00     2      0.00      0.00       0       0   0.00  kworker/2:1H
02:48:25 AM     0    132214    0.00    0.00    0.00    0.00    0.00     1      0.00      0.00       0       0   0.00  kworker/1:1H
02:48:25 AM     0    133801    0.00    0.00    0.00    0.00    0.00     0      0.00      0.00       0       0   0.00  kworker/0:0-events
02:48:25 AM     0    137289    0.00    0.00    0.00    0.00    0.00     1      0.00      0.00       0       0   0.00  kworker/1:3-pm
02:48:25 AM     0    139165    0.00    0.00    0.00    0.00    0.00     0      0.00      0.00       0       0   0.00  kworker/0:2H
02:48:25 AM     0    139402    0.00    0.00    0.00    0.00    0.00     1      0.00      0.00       0       0   0.00  kworker/u16:0-events_unbound
02:48:25 AM     0    142495    0.00    0.00    0.00    0.00    0.00     1      0.00      0.00       0       0   0.00  kworker/1:4-pm
02:48:25 AM  1000    144272    0.00    0.00    0.00    0.00    0.00     2      0.00      0.00    9208    3300   0.01  bash
02:48:25 AM  1000    144614    5.00   12.00    0.00    8.00   17.00     1      0.00      0.00   17812    9560   0.03  pidstat
02:48:25 AM  1000    145121   39.00   18.00    0.00   11.00   57.00     2   7074.00      0.00   52992   31540   0.10  python3
