Linux 5.10.216-tegra (ubuntu) 	08/06/2026 	_aarch64_	(8 CPU)

# Time        UID       PID    %usr %system  %guest   %wait    %CPU   CPU  minflt/s  majflt/s     VSZ     RSS   %MEM  Command
03:24:55 AM     0         1    0.00    0.93    0.00    0.00    0.93     0      0.93      0.00  169880   11540   0.04  systemd
03:24:55 AM     0         2    0.00    0.00    0.00    0.00    0.00     1      0.00      0.00       0       0   0.00  kthreadd
03:24:55 AM     0         3    0.00    0.00    0.00    0.00    0.00     0      0.00      0.00       0       0   0.00  rcu_gp
03:24:55 AM     0         4    0.00    0.00    0.00    0.00    0.00     0      0.00      0.00       0       0   0.00  rcu_par_gp
03:24:55 AM     0         8    0.00    0.00    0.00    0.00    0.00     0      0.00      0.00       0       0   0.00  mm_percpu_wq
03:24:55 AM     0         9    0.00    0.00    0.00    0.00    0.00     0      0.00      0.00       0       0   0.00  rcu_tasks_kthre
03:24:55 AM     0        10    0.00    0.00    0.00    0.00    0.00     0      0.00      0.00       0       0   0.00  rcu_tasks_rude_
03:24:55 AM     0        11    0.00    0.00    0.00    0.00    0.00     0      0.00      0.00       0       0   0.00  rcu_tasks_trace
03:24:55 AM     0        12    0.00    0.93    0.00    0.00    0.93     0      0.00      0.00       0       0   0.00  ksoftirqd/0
03:24:55 AM     0        13    0.00    0.00    0.00    0.00    0.00     2      0.00      0.00       0       0   0.00  rcu_preempt
03:24:55 AM     0        14    0.00    0.00    0.00    0.00    0.00     0      0.00      0.00       0       0   0.00  migration/0
03:24:55 AM     0        16    0.00    0.00    0.00    0.00    0.00     0      0.00      0.00       0       0   0.00  cpuhp/0
03:24:55 AM     0        17    0.00    0.00    0.00    0.00    0.00     1      0.00      0.00       0       0   0.00  cpuhp/1
03:24:55 AM     0        18    0.00    0.00    0.00    0.00    0.00     1      0.00      0.00       0       0   0.00  migration/1
03:24:55 AM     0        19    0.00    0.00    0.00    0.00    0.00     1      0.00      0.00       0       0   0.00  ksoftirqd/1
03:24:55 AM     0        22    0.00    0.00    0.00    0.00    0.00     2      0.00      0.00       0       0   0.00  cpuhp/2
03:24:55 AM     0        23    0.00    0.00    0.00    0.00    0.00     2      0.00      0.00       0       0   0.00  migration/2
03:24:55 AM     0        24    0.00    0.00    0.00    0.00    0.00     2      0.00      0.00       0       0   0.00  ksoftirqd/2
03:24:55 AM     0        27    0.00    0.00    0.00    0.00    0.00     3      0.00      0.00       0       0   0.00  cpuhp/3
03:24:55 AM     0        28    0.00    0.00    0.00    0.00    0.00     3      0.00      0.00       0       0   0.00  migration/3
03:24:55 AM     0        29    0.00    0.00    0.00    0.00    0.00     3      0.00      0.00       0       0   0.00  ksoftirqd/3
03:24:55 AM     0        32    0.00    0.00    0.00    0.00    0.00     4      0.00      0.00       0       0   0.00  cpuhp/4
03:24:55 AM     0        33    0.00    0.00    0.00    0.00    0.00     4      0.00      0.00       0       0   0.00  migration/4
03:24:55 AM     0        34    0.00    0.00    0.00    0.00    0.00     4      0.00      0.00       0       0   0.00  ksoftirqd/4
03:24:55 AM     0        36    0.00    0.00    0.00    0.00    0.00     4      0.00      0.00       0       0   0.00  kworker/4:0H-kblockd
03:24:55 AM     0        37    0.00    0.00    0.00    0.00    0.00     5      0.00      0.00       0       0   0.00  cpuhp/5
03:24:55 AM     0        38    0.00    0.00    0.00    0.00    0.00     5      0.00      0.00       0       0   0.00  migration/5
03:24:55 AM     0        39    0.00    0.00    0.00    0.00    0.00     5      0.00      0.00       0       0   0.00  ksoftirqd/5
03:24:55 AM     0        41    0.00    0.00    0.00    0.00    0.00     5      0.00      0.00       0       0   0.00  kworker/5:0H-kblockd
03:24:55 AM     0        42    0.00    0.00    0.00    0.00    0.00     6      0.00      0.00       0       0   0.00  cpuhp/6
03:24:55 AM     0        43    0.00    0.00    0.00    0.00    0.00     6      0.00      0.00       0       0   0.00  migration/6
03:24:55 AM     0        44    0.00    0.00    0.00    0.00    0.00     6      0.00      0.00       0       0   0.00  ksoftirqd/6
03:24:55 AM     0        46    0.00    0.00    0.00    0.00    0.00     6      0.00      0.00       0       0   0.00  kworker/6:0H-events_highpri
03:24:55 AM     0        47    0.00    0.00    0.00    0.00    0.00     7      0.00      0.00       0       0   0.00  cpuhp/7
03:24:55 AM     0        48    0.00    0.00    0.00    0.00    0.00     7      0.00      0.00       0       0   0.00  migration/7
03:24:55 AM     0        49    0.00    0.00    0.00    0.00    0.00     7      0.00      0.00       0       0   0.00  ksoftirqd/7
03:24:55 AM     0        50    0.00    0.00    0.00    0.00    0.00     0      0.00      0.00       0       0   0.00  kworker/7:0-rcu_gp
03:24:55 AM     0        51    0.00    0.00    0.00    0.00    0.00     7      0.00      0.00       0       0   0.00  kworker/7:0H-kblockd
03:24:55 AM     0        52    0.00    0.00    0.00    0.00    0.00     0      0.00      0.00       0       0   0.00  kdevtmpfs
03:24:55 AM     0        53    0.00    0.00    0.00    0.00    0.00     4      0.00      0.00       0       0   0.00  netns
03:24:55 AM     0        54    0.00    0.00    0.00    0.00    0.00     1      0.00      0.00       0       0   0.00  kauditd
03:24:55 AM     0        55    0.00    0.00    0.00    0.00    0.00     0      0.00      0.00       0       0   0.00  irq/87-mc_statu
03:24:55 AM     0        56    0.00    0.00    0.00    0.00    0.00     0      0.00      0.00       0       0   0.00  khungtaskd
03:24:55 AM     0        57    0.00    0.00    0.00    0.00    0.00     3      0.00      0.00       0       0   0.00  oom_reaper
03:24:55 AM     0        58    0.00    0.00    0.00    0.00    0.00     5      0.00      0.00       0       0   0.00  writeback
03:24:55 AM     0        59    0.00    0.00    0.00    0.00    0.00     3      0.00      0.00       0       0   0.00  kcompactd0
03:24:55 AM     0        60    0.00    0.00    0.00    0.00    0.00     1      0.00      0.00       0       0   0.00  ksmd
03:24:55 AM     0        61    0.00    0.00    0.00    0.00    0.00     0      0.00      0.00       0       0   0.00  khugepaged
03:24:55 AM     0        93    0.00    0.00    0.00    0.00    0.00     1      0.00      0.00       0       0   0.00  kintegrityd
03:24:55 AM     0        94    0.00    0.00    0.00    0.00    0.00     1      0.00      0.00       0       0   0.00  kblockd
03:24:55 AM     0        95    0.00    0.00    0.00    0.00    0.00     1      0.00      0.00       0       0   0.00  blkcg_punt_bio
03:24:55 AM     0        97    0.00    0.00    0.00    0.00    0.00     3      0.00      0.00       0       0   0.00  tpm_dev_wq
03:24:55 AM     0        98    0.00    0.00    0.00    0.00    0.00     0      0.00      0.00       0       0   0.00  irq/197-30c0000
03:24:55 AM     0        99    0.00    0.00    0.00    0.00    0.00     1      0.00      0.00       0       0   0.00  devfreq_wq
03:24:55 AM     0       100    0.00    0.00    0.00    0.00    0.00     1      0.00      0.00       0       0   0.00  watchdogd
03:24:55 AM     0       104    0.00    0.00    0.00    0.00    0.00     7      0.00      0.00       0       0   0.00  rpciod
03:24:55 AM     0       106    0.00    0.00    0.00    0.00    0.00     7      0.00      0.00       0       0   0.00  xprtiod
03:24:55 AM     0       108    0.00    0.00    0.00    0.00    0.00     7      0.00      0.00       0       0   0.00  kswapd0
03:24:55 AM     0       109    0.00    0.00    0.00    0.00    0.00     5      0.00      0.00       0       0   0.00  nfsiod
03:24:55 AM     0       112    0.00    0.00    0.00    0.00    0.00     1      0.00      0.00       0       0   0.00  kthrotld
03:24:55 AM     0       113    0.00    0.00    0.00    0.00    0.00     7      0.00      0.00       0       0   0.00  kpcitest
03:24:55 AM     0       116    0.00    0.00    0.00    0.00    0.00     5      0.00      0.00       0       0   0.00  kworker/5:1-events
03:24:55 AM     0       122    0.00    0.00    0.00    0.00    0.00     1      0.00      0.00       0       0   0.00  nvme-wq
03:24:55 AM     0       123    0.00    0.00    0.00    0.00    0.00     5      0.00      0.00       0       0   0.00  nvme-reset-wq
03:24:55 AM     0       124    0.00    0.00    0.00    0.00    0.00     6      0.00      0.00       0       0   0.00  nvme-delete-wq
03:24:55 AM     0       125    0.00    0.00    0.00    0.00    0.00     6      0.00      0.00       0       0   0.00  uas
03:24:55 AM     0       126    0.00    0.00    0.00    0.00    0.00     0      0.00      0.00       0       0   0.00  irq/222-tegra_r
03:24:55 AM     0       127    0.00    0.00    0.00    0.00    0.00     0      0.00      0.00       0       0   0.00  kworker/7:2-events
03:24:55 AM     0       129    0.00    0.00    0.00    0.00    0.00     0      0.00      0.00       0       0   0.00  irq/86-tegra-oc
03:24:55 AM     0       130    0.00    0.00    0.00    0.00    0.00     5      0.00      0.00       0       0   0.00  dm_bufio_cache
03:24:55 AM     0       131    0.00    0.00    0.00    0.00    0.00     0      0.00      0.00       0       0   0.00  irq/223-max7762
03:24:55 AM     0       140    0.00    0.00    0.00    0.00    0.00     0      0.00      0.00       0       0   0.00  irq/55-bc00000.
03:24:55 AM     0       143    0.00    0.00    0.00    0.00    0.00     0      0.00      0.00       0       0   0.00  ipv6_addrconf
03:24:55 AM     0       144    0.00    0.00    0.00    0.00    0.00     6      0.00      0.00       0       0   0.00  krfcommd
03:24:55 AM     0       145    0.00    0.00    0.00    0.00    0.00     0      0.00      0.00       0       0   0.00  kstrp
03:24:55 AM     0       150    0.00    0.00    0.00    0.00    0.00     0      0.00      0.00       0       0   0.00  irq/24-tegra-pc
03:24:55 AM     0       154    0.00    0.00    0.00    0.00    0.00     0      0.00      0.00       0       0   0.00  irq/26-tegra-pc
03:24:55 AM     0       160    0.00    0.00    0.00    0.00    0.00     0      0.00      0.00       0       0   0.00  irq/26-aerdrv
03:24:55 AM     0       161    0.00    0.00    0.00    0.00    0.00     0      0.00      0.00       0       0   0.00  irq/28-tegra-pc
03:24:55 AM     0       162    0.00    0.00    0.00    0.00    0.00     0      0.00      0.00       0       0   0.00  irq/28-aerdrv
03:24:55 AM     0       163    0.00    0.00    0.00    0.00    0.00     5      0.00      0.00       0       0   0.00  host_low_prio_w
03:24:55 AM     0       164    0.00    0.00    0.00    0.00    0.00     0      0.00      0.00       0       0   0.00  irq/57-host_syn
03:24:55 AM     0       165    0.00    0.00    0.00    0.00    0.00     0      0.00      0.00       0       0   0.00  irq/58-host_sta
03:24:55 AM     0       173    0.00    0.00    0.00    0.00    0.00     5      0.00      0.00       0       0   0.00  pva_task_status
03:24:55 AM     0       174    0.00    0.00    0.00    0.00    0.00     0      0.00      0.00       0       0   0.00  irq/75-pva-isr
03:24:55 AM     0       175    0.00    0.00    0.00    0.00    0.00     0      0.00      0.00       0       0   0.00  pva_task_status
03:24:55 AM     0       176    0.00    0.00    0.00    0.00    0.00     0      0.00      0.00       0       0   0.00  irq/76-pva-isr
03:24:55 AM     0       185    0.00    0.00    0.00    0.00    0.00     0      0.00      0.00       0       0   0.00  sdhci
03:24:55 AM     0       186    0.00    0.00    0.00    0.00    0.00     0      0.00      0.00       0       0   0.00  irq/39-mmc0
03:24:55 AM     0       187    0.00    0.00    0.00    0.00    0.00     2      0.00      0.00       0       0   0.00  sdhci
03:24:55 AM     0       189    0.00    0.00    0.00    0.00    0.00     0      0.00      0.00       0       0   0.00  irq/40-mmc1
03:24:55 AM     0       195    0.00    0.00    0.00    0.00    0.00     7      0.00      0.00       0       0   0.00  scsi_eh_0
03:24:55 AM     0       196    0.00    0.00    0.00    0.00    0.00     7      0.00      0.00       0       0   0.00  scsi_tmf_0
03:24:55 AM     0       197    0.00    0.00    0.00    0.00    0.00     0      0.00      0.00       0       0   0.00  kworker/5:2-events
03:24:55 AM     0       198    0.00    0.00    0.00    0.00    0.00     0      0.00      0.00       0       0   0.00  irq/67-15200000
03:24:55 AM     0       199    0.00    0.00    0.00    0.00    0.00     1      0.00      0.00       0       0   0.00  tegradc.0/a
03:24:55 AM     0       200    0.00    0.00    0.00    0.00    0.00     0      0.00      0.00       0       0   0.00  tegradc.0/b
03:24:55 AM     0       201    0.00    0.00    0.00    0.00    0.00     0      0.00      0.00       0       0   0.00  tegradc.0/c
03:24:55 AM     0       202    0.00    0.00    0.00    0.00    0.00     0      0.00      0.00       0       0   0.00  tegradc.0/d
03:24:55 AM     0       203    0.00    0.00    0.00    0.00    0.00     0      0.00      0.00       0       0   0.00  tegradc.0/e
03:24:55 AM     0       204    0.00    0.00    0.00    0.00    0.00     0      0.00      0.00       0       0   0.00  tegradc.0/f
03:24:55 AM     0       205    0.00    0.00    0.00    0.00    0.00     0      0.00      0.00       0       0   0.00  tegradc.0/sl
03:24:55 AM     0       206    0.00    0.00    0.00    0.00    0.00     0      0.00      0.00       0       0   0.00  irq/62-15200000
03:24:55 AM     0       207    0.00    0.00    0.00    0.00    0.00     0      0.00      0.00       0       0   0.00  irq/276-3400000
03:24:55 AM     0       208    0.00    0.00    0.00    0.00    0.00     0      0.00      0.00       0       0   0.00  ufs_eh_wq_0
03:24:55 AM     0       209    0.00    0.00    0.00    0.00    0.00     3      0.00      0.00       0       0   0.00  mmc_complete
03:24:55 AM     0       211    0.00    0.00    0.00    0.00    0.00     0      0.00      0.00       0       0   0.00  irq/278-1520000
03:24:55 AM     0       212    0.00    0.00    0.00    0.00    0.00     0      0.00      0.00       0       0   0.00  irq/203-3610000
03:24:55 AM     0       213    0.00    0.00    0.00    0.00    0.00     0      0.00      0.00       0       0   0.00  irq/221-3610000
03:24:55 AM     0       214    0.00    0.00    0.00    0.00    0.00     0      0.00      0.00       0       0   0.00  irq/30-tegra-pc
03:24:55 AM     0       216    0.00    0.00    0.00    0.00    0.00     0      0.00      0.00       0       0   0.00  kworker/4:3-events
03:24:55 AM     0       218    0.00    0.00    0.00    0.00    0.00     4      0.00      0.00       0       0   0.00  kworker/4:5-events
03:24:55 AM     0       221    0.00    0.00    0.00    0.00    0.00     0      0.00      0.00       0       0   0.00  kworker/6:12-events
03:24:55 AM     0       222    0.00    0.00    0.00    0.00    0.00     0      0.00      0.00       0       0   0.00  kworker/6:13-events
03:24:55 AM     0       225    0.00    0.00    0.00    0.00    0.00     0      0.00      0.00       0       0   0.00  irq/68-tegra_dp
03:24:55 AM     0       226    0.00    0.00    0.00    0.00    0.00     0      0.00      0.00       0       0   0.00  irq/65-15210000
03:24:55 AM     0       227    0.00    0.00    0.00    0.00    0.00     0      0.00      0.00       0       0   0.00  tegradc.1/a
03:24:55 AM     0       228    0.00    0.00    0.00    0.00    0.00     0      0.00      0.00       0       0   0.00  tegradc.1/b
03:24:55 AM     0       229    0.00    0.00    0.00    0.00    0.00     0      0.00      0.00       0       0   0.00  tegradc.1/c
03:24:55 AM     0       230    0.00    0.00    0.00    0.00    0.00     0      0.00      0.00       0       0   0.00  tegradc.1/d
03:24:55 AM     0       231    0.00    0.00    0.00    0.00    0.00     0      0.00      0.00       0       0   0.00  tegradc.1/e
03:24:55 AM     0       232    0.00    0.00    0.00    0.00    0.00     0      0.00      0.00       0       0   0.00  tegradc.1/f
03:24:55 AM     0       233    0.00    0.00    0.00    0.00    0.00     1      0.00      0.00       0       0   0.00  tegradc.1/sl
03:24:55 AM     0       234    0.00    0.00    0.00    0.00    0.00     0      0.00      0.00       0       0   0.00  irq/63-15210000
03:24:55 AM     0       249    0.00    0.00    0.00    0.00    0.00     0      0.00      0.00       0       0   0.00  irq/56-d230000.
03:24:55 AM     0       250    0.00    0.00    0.00    0.00    0.00     0      0.00      0.00       0       0   0.00  irq/69-tegra_dp
03:24:55 AM     0       251    0.00    0.00    0.00    0.00    0.00     0      0.00      0.00       0       0   0.00  irq/66-15220000
03:24:55 AM     0       252    0.00    0.00    0.00    0.00    0.00     0      0.00      0.00       0       0   0.00  tegradc.2/a
03:24:55 AM     0       253    0.00    0.00    0.00    0.00    0.00     0      0.00      0.00       0       0   0.00  tegradc.2/b
03:24:55 AM     0       254    0.00    0.00    0.00    0.00    0.00     0      0.00      0.00       0       0   0.00  tegradc.2/c
03:24:55 AM     0       255    0.00    0.00    0.00    0.00    0.00     0      0.00      0.00       0       0   0.00  tegradc.2/d
03:24:55 AM     0       256    0.00    0.00    0.00    0.00    0.00     0      0.00      0.00       0       0   0.00  tegradc.2/e
03:24:55 AM     0       257    0.00    0.00    0.00    0.00    0.00     0      0.00      0.00       0       0   0.00  tegradc.2/f
03:24:55 AM     0       258    0.00    0.00    0.00    0.00    0.00     0      0.00      0.00       0       0   0.00  tegradc.2/sl
03:24:55 AM     0       259    0.00    0.00    0.00    0.00    0.00     0      0.00      0.00       0       0   0.00  irq/64-15220000
03:24:55 AM     0       275    0.00    0.00    0.00    0.00    0.00     1      0.00      0.00       0       0   0.00  jbd2/mmcblk0p1-
03:24:55 AM     0       276    0.00    0.00    0.00    0.00    0.00     3      0.00      0.00       0       0   0.00  ext4-rsv-conver
03:24:55 AM     0       280    0.00    0.00    0.00    0.00    0.00     7      0.00      0.00       0       0   0.00  kworker/7:1H
03:24:55 AM     0       286    0.00    0.00    0.00    0.00    0.00     5      0.00      0.00       0       0   0.00  kworker/5:1H-kblockd
03:24:55 AM     0       312    0.00    0.00    0.00    0.00    0.00     0      1.85      0.00   61816   32076   0.10  systemd-journal
03:24:55 AM     0       338    0.00    0.00    0.00    0.00    0.00     1      0.00      0.00       0       0   0.00  nvmap-bz
03:24:55 AM     0       339    0.00    0.00    0.00    0.00    0.00     0      0.00      0.00       0       0   0.00  irq/204-gk20a_s
03:24:55 AM     0       340    0.00    0.00    0.00    0.00    0.00     0      0.00      0.00       0       0   0.00  irq/205-gk20a_n
03:24:55 AM     0       345    0.00    0.00    0.00    0.00    0.00     3      0.00      0.00    2776    1492   0.00  tee-supplicant
03:24:55 AM     0       347    0.00    0.00    0.00    0.00    0.00     3      0.00      0.00       0       0   0.00  optee_bus_scan
03:24:55 AM     0       358    0.00    0.00    0.00    0.00    0.00     2      0.00      0.00   22788    7532   0.02  systemd-udevd
03:24:55 AM     0       364    0.00    0.00    0.00    0.00    0.00     1      0.00      0.00    7948    4892   0.02  haveged
03:24:55 AM   126       365    0.00    0.00    0.00    0.00    0.00     3      0.00      0.00    7136    3108   0.01  rpcbind
03:24:55 AM   105       366    0.00    0.00    0.00    0.00    0.00     1      0.00      0.00   25592   13288   0.04  systemd-resolve
03:24:55 AM   103       367    0.00    0.00    0.00    0.00    0.00     0      0.00      0.00   90672    6220   0.02  systemd-timesyn
03:24:55 AM     0       407    0.00    0.00    0.00    0.00    0.00     5      0.00      0.00       0       0   0.00  cfg80211
03:24:55 AM     0       410    0.00    0.00    0.00    0.00    0.00     0      0.00      0.00       0       0   0.00  irq/42-3210000.
03:24:55 AM     0       412    0.00    0.00    0.00    0.00    0.00     2      0.00      0.00       0       0   0.00  spi0
03:24:55 AM     0       413    0.00    0.93    0.00    0.00    0.93     1      0.00      0.00       0       0   0.00  irq/282-iwlwifi
03:24:55 AM     0       416    0.00    0.00    0.00    0.00    0.00     4      0.00      0.00       0       0   0.00  ata_sff
03:24:55 AM     0       419    0.00    0.00    0.00    0.00    0.00     0      0.00      0.00       0       0   0.00  irq/43-c260000.
03:24:55 AM     0       420    0.00    0.00    0.00    0.00    0.00     6      0.00      0.00       0       0   0.00  scsi_eh_1
03:24:55 AM     0       422    0.00    0.00    0.00    0.00    0.00     6      0.00      0.00       0       0   0.00  scsi_tmf_1
03:24:55 AM     0       427    0.00    0.00    0.00    0.00    0.00     0      0.00      0.00       0       0   0.00  spi1
03:24:55 AM     0       430    0.00    0.00    0.00    0.00    0.00     1      0.00      0.00  242072    8880   0.03  accounts-daemon
03:24:55 AM   120       439    0.00    0.00    0.00    0.00    0.00     0      0.00      0.00    7084    3472   0.01  avahi-daemon
03:24:55 AM     0       441    0.00    0.00    0.00    0.00    0.00     2      0.00      0.00    9220    2516   0.01  cron
03:24:55 AM   106       443    0.00    0.00    0.00    0.00    0.00     1      0.00      0.00    9396    5264   0.02  dbus-daemon
03:24:55 AM     0       447    0.00    0.00    0.00    0.00    0.00     0      0.00      0.00  341244   20856   0.07  NetworkManager
03:24:55 AM     0       456    0.00    0.00    0.00    0.00    0.00     4      0.00      0.00   38300   19472   0.06  networkd-dispat
03:24:55 AM     0       473    0.00    0.00    0.00    0.00    0.00     3      0.00      0.00  238860   13352   0.04  polkitd
03:24:55 AM   125       483    0.00    0.00    0.00    0.00    0.00     3      0.00      0.00  220940    8288   0.03  rsyslogd
03:24:55 AM     0       503    0.00    0.00    0.00    0.00    0.00     2      0.00      0.00  235864    4364   0.01  switcheroo-cont
03:24:55 AM     0       514    0.00    0.00    0.00    0.00    0.00     0      0.00      0.00   17076    6760   0.02  systemd-logind
03:24:55 AM     0       523    0.00    0.00    0.00    0.00    0.00     2     11.11      0.00  395556   15680   0.05  udisksd
03:24:55 AM     0       528    0.00    0.00    0.00    0.00    0.00     1      0.00      0.00   12784    8052   0.03  wpa_supplicant
03:24:55 AM     0       548    0.00    0.93    0.00    0.00    0.93     0      0.00      0.00       0       0   0.00  sugov:0
03:24:55 AM   120       555    0.00    0.00    0.00    0.00    0.00     2      0.00      0.00    6896     324   0.00  avahi-daemon
03:24:55 AM     0       585    0.00    0.00    0.00    0.00    0.00     5      0.00      0.00       0       0   0.00  tmp451
03:24:55 AM     0       597    0.00    0.00    0.00    0.00    0.00     3      0.00      0.00       0       0   0.00  irq/286-1-0008
03:24:55 AM     0       600    0.00    0.00    0.00    0.00    0.00     2      0.00      0.00  321792   14480   0.05  ModemManager
03:24:55 AM     0       653    0.00    0.00    0.00    0.00    0.00     1      0.00      0.00    2476     604   0.00  nvfancontrol
03:24:55 AM     0       728    0.00    0.00    0.00    0.00    0.00     4      0.00      0.00       0       0   0.00  adspp_kthread
03:24:55 AM     0       779    0.00    0.00    0.00    0.00    0.00     6      0.00      0.00       0       0   0.00  kworker/6:2H-kblockd
03:24:55 AM     0       876    0.00    0.00    0.00    0.00    0.00     1      0.00      0.00       0       0   0.00  irq/289-2490000
03:24:55 AM     0       887    0.00    0.00    0.00    0.00    0.00     0      0.00      0.00       0       0   0.00  irq/32-eth0.com
03:24:55 AM     0       919    0.00    0.00    0.00    0.00    0.00     4      0.00      0.00       0       0   0.00  file-storage
03:24:55 AM     0       953    0.00    0.00    0.00    0.00    0.00     1      0.00      0.00       0       0   0.00  loop0
03:24:55 AM     0      1048    0.00    0.00    0.00    0.00    0.00     4      0.00      0.00       0       0   0.00  kworker/4:2H-kblockd
03:24:55 AM     0      1091    0.00    0.00    0.00    0.00    0.00     3      0.00      0.00       0       0   0.00  cryptd
03:24:55 AM     0      1147    0.00    0.00    0.00    0.00    0.00     2      0.00      0.00       0       0   0.00  sw-quiesce
03:24:55 AM     0      1148    0.00    0.93    0.00    0.00    0.93     3      0.00      0.00       0       0   0.00  nvgpu_channel_p
03:24:55 AM     0      1151    0.00    0.00    0.00    0.00    0.00     3      0.00      0.00       0       0   0.00  nvgpu_nvs_gv11b
03:24:55 AM     0      1153    0.00    0.00    0.00    0.00    0.00     1      0.00      0.00       0       0   0.00  nvgpu_pg_init_g
03:24:55 AM     0      1157    0.00    0.00    0.00    0.00    0.00     3      0.00      0.00       0       0   0.00  nvgpu_clk_arb_p
03:24:55 AM     0      1162    0.00    0.00    0.00    0.00    0.00     3      0.00      0.00       0       0   0.00  irq/288-rt5659
03:24:55 AM     0      1270    0.00    0.00    0.00    0.00    0.00     3      0.00      0.00   55688   11092   0.03  nvargus-daemon
03:24:55 AM     0      1273    0.00    0.00    0.00    0.00    0.00     3      0.00      0.00   21932    1552   0.00  nvs-service
03:24:55 AM     0      1298    0.93    0.93    0.00    0.00    1.85     1      0.00      0.00 2007972   49164   0.15  containerd
03:24:55 AM     0      1314    0.00    0.00    0.00    0.00    0.00     0      0.00      0.00  240032    7616   0.02  gdm3
03:24:55 AM   108      1326    0.00    0.00    0.00    0.00    0.00     1      0.00      0.00   11468    1896   0.01  kerneloops
03:24:55 AM     0      1327    0.00    0.00    0.00    0.00    0.00     3      0.00      0.00   12236    6576   0.02  sshd
03:24:55 AM     0      1336    0.00    0.00    0.00    0.00    0.00     0      0.00      0.00    7688    1876   0.01  agetty
03:24:55 AM     0      1337    0.00    0.00    0.00    0.00    0.00     2      0.00      0.00    7688    1904   0.01  agetty
03:24:55 AM   108      1339    0.00    0.00    0.00    0.00    0.00     2      0.00      0.00   11468    1820   0.01  kerneloops
03:24:55 AM     0      1340    0.00    0.00    0.00    0.00    0.00     3      0.00      0.00    9216    2824   0.01  nvgetty.sh
03:24:55 AM     0      1379    0.00    0.00    0.00    0.00    0.00     0      0.00      0.00    7688    1848   0.01  getty
03:24:55 AM     0      1554    0.93    0.93    0.00    0.00    1.85     2      1.85      0.00 2111796   86036   0.27  dockerd
03:24:55 AM     0      1677    0.00    0.00    0.00    0.00    0.00     2      0.00      0.00  168472    8256   0.03  gdm-session-wor
03:24:55 AM     0      1711    0.00    0.00    0.00    0.00    0.00     0      0.00      0.00    3248     808   0.00  nvphsd
03:24:55 AM     0      1716    0.00    0.00    0.00    0.00    0.00     3      0.00      0.00    3380    1788   0.01  nvphsd
03:24:55 AM   124      1789    0.93    0.93    0.00    0.93    1.85     3      0.00      0.00   19144    9224   0.03  systemd
03:24:55 AM   124      1804    0.00    0.00    0.00    0.00    0.00     3      0.00      0.00  104488    5436   0.02  (sd-pam)
03:24:55 AM   124      2014    0.00    0.00    0.00    0.00    0.00     1      0.00      0.00  961884   21984   0.07  pulseaudio
03:24:55 AM   124      2032    0.00    0.00    0.00    0.00    0.00     2      0.00      0.00  164156    5924   0.02  gdm-x-session
03:24:55 AM   124      2037    0.00    0.00    0.00    0.00    0.00     2      0.00      0.00 25330232   99256   0.31  Xorg
03:24:55 AM   118      2040    0.00    0.00    0.00    0.00    0.00     1      0.00      0.00  152516    2440   0.01  rtkit-daemon
03:24:55 AM   124      2162    0.00    0.00    0.00    0.00    0.00     2      0.00      0.00    7812    3448   0.01  dbus-daemon
03:24:55 AM   124      2428    0.00    0.00    0.00    0.00    0.00     0      0.00      0.00    4776    1164   0.00  dbus-run-sessio
03:24:55 AM   124      2429    0.00    0.00    0.00    0.00    0.00     2      0.00      0.00    8088    4104   0.01  dbus-daemon
03:24:55 AM   124      2438    0.00    0.00    0.00    0.00    0.00     0      0.00      0.00  559768   14932   0.05  gnome-session-b
03:24:55 AM     0      2457    0.00    0.00    0.00    0.00    0.00     2      0.00      0.00  101692   19628   0.06  jtop
03:24:55 AM   124      2463    0.00    0.00    0.00    0.00    0.00     3      0.00      0.00  309548   10092   0.03  at-spi-bus-laun
03:24:55 AM   124      2470    0.00    0.00    0.00    0.00    0.00     1      0.00      0.00    7676    3468   0.01  dbus-daemon
03:24:55 AM   124      2495    0.93    0.00    0.00    0.00    0.93     2      0.00      0.00 4022996  194924   0.61  gnome-shell
03:24:55 AM     0      2510    0.00    0.00    0.00    0.00    0.00     3      0.00      0.00  175424   16904   0.05  jtop
03:24:55 AM     0      2518    0.00    0.00    0.00    0.00    0.00     2      0.00      0.00  101692   17160   0.05  jtop
03:24:55 AM   124      2696    0.00    0.00    0.00    0.00    0.00     0      0.00      0.00  314420   11212   0.04  ibus-daemon
03:24:55 AM   124      2699    0.00    0.00    0.00    0.00    0.00     2      0.00      0.00  239960   11792   0.04  ibus-dconf
03:24:55 AM   124      2701    0.00    0.00    0.00    0.00    0.00     2      0.00      0.00  189920   16900   0.05  ibus-x11
03:24:55 AM   124      2704    0.00    0.00    0.00    0.00    0.00     3      0.00      0.00  239880    7776   0.02  ibus-portal
03:24:55 AM   124      2715    0.00    0.00    0.00    0.00    0.00     1      0.00      0.00  161420    6880   0.02  at-spi2-registr
03:24:55 AM   124      2719    0.00    0.00    0.00    0.00    0.00     3      0.00      0.00  235804    4672   0.01  xdg-permission-
03:24:55 AM     0      2725    0.00    0.00    0.00    0.00    0.00     0      0.00      0.00  252944    8776   0.03  upowerd
03:24:55 AM   124      2745    0.00    0.00    0.00    0.00    0.00     2      0.00      0.00 3001620   27244   0.09  gjs
03:24:55 AM   124      2764    0.00    0.00    0.00    0.00    0.00     3      0.00      0.00  469396   14236   0.04  gsd-sharing
03:24:55 AM   124      2765    0.00    0.00    0.00    0.00    0.00     1      0.00      0.00  334628   15072   0.05  gsd-wacom
03:24:55 AM   124      2768    0.00    0.00    0.00    0.00    0.00     3      0.00      0.00  571788   19844   0.06  gsd-color
03:24:55 AM   124      2772    0.00    0.00    0.00    0.00    0.00     3      0.00      0.00  338096   17824   0.06  gsd-keyboard
03:24:55 AM   124      2774    0.00    0.00    0.00    0.00    0.00     2      0.00      0.00  322508   11376   0.04  gsd-print-notif
03:24:55 AM   124      2779    0.00    0.00    0.00    0.00    0.00     3      0.00      0.00  166208    7736   0.02  ibus-engine-sim
03:24:55 AM   124      2780    0.00    0.00    0.00    0.00    0.00     1      0.00      0.00  457460    7996   0.03  gsd-rfkill
03:24:55 AM   124      2782    0.00    0.00    0.00    0.00    0.00     1      0.00      0.00  391976    9696   0.03  gsd-smartcard
03:24:55 AM   124      2784    0.00    0.00    0.00    0.00    0.00     2      0.00      0.00  374928   15372   0.05  gsd-datetime
03:24:55 AM   124      2790    0.00    0.00    0.00    0.00    0.00     2      0.00      0.00  679696   20032   0.06  gsd-media-keys
03:24:55 AM   124      2791    0.00    0.00    0.00    0.00    0.00     3      0.00      0.00  235772    5600   0.02  gsd-screensaver
03:24:55 AM   124      2793    0.00    0.00    0.00    0.00    0.00     3      0.00      0.00  320104    9452   0.03  gsd-sound
03:24:55 AM   124      2795    0.00    0.00    0.00    0.00    0.00     3      0.00      0.00  313652   10144   0.03  gsd-a11y-settin
03:24:55 AM   124      2799    0.93    0.00    0.00    0.93    0.93     3      0.00      0.00  313992   10540   0.03  gsd-housekeepin
03:24:55 AM   124      2802    0.00    0.00    0.00    0.00    0.00     3      0.00      0.00  339724   18828   0.06  gsd-power
03:24:55 AM   124      2824    0.00    0.00    0.00    0.00    0.00     2      0.00      0.00  342540   12784   0.04  gsd-printer
03:24:55 AM   119      2837    0.00    0.00    0.00    0.00    0.00     2      0.00      0.00  249328   17548   0.06  colord
03:24:55 AM     0     29120    0.00    0.00    0.00    0.00    0.00     2      0.00      0.00       0       0   0.00  kworker/u17:2-rb_allocator
03:24:55 AM     0     33852    0.00    0.00    0.00    0.00    0.00     1      0.00      0.00       0       0   0.00  kworker/1:0H-kblockd
03:24:55 AM     0     35048    0.00    0.00    0.00    0.00    0.00     0      0.00      0.00       0       0   0.00  kworker/u17:0-rb_allocator
03:24:55 AM  1000     39960    0.00    0.93    0.00    0.00    0.93     1      0.00      0.00   19248    9208   0.03  systemd
03:24:55 AM  1000     39961    0.00    0.00    0.00    0.00    0.00     2      0.00      0.00  170940    6304   0.02  (sd-pam)
03:24:55 AM  1000     40037    0.00    0.00    0.00    0.00    0.00     3      0.00      0.00    7812    3952   0.01  dbus-daemon
03:24:55 AM     0     40147    0.00    0.00    0.00    0.00    0.00     1      0.00      0.00       0       0   0.00  kworker/1:0-pm
03:24:55 AM     0     40174    0.00    0.00    0.00    0.00    0.00     2      0.00      0.00       0       0   0.00  kworker/2:2H-kblockd
03:24:55 AM     0     40194    0.00    0.00    0.00    0.00    0.00     3      0.00      0.00       0       0   0.00  kworker/3:0H-kblockd
03:24:55 AM     0     41650    0.00    0.00    0.00    0.00    0.00     3      0.00      0.00       0       0   0.00  kworker/3:0-events
03:24:55 AM     0     81462    0.00    0.00    0.00    0.00    0.00     2      0.00      0.00       0       0   0.00  kworker/2:2-events
03:24:55 AM     0     81478    0.00    0.00    0.00    0.00    0.00     0      0.00      0.00       0       0   0.00  kworker/0:1H-kblockd
03:24:55 AM  1000     84840    0.00    0.00    0.00    0.00    0.00     3      0.00      0.00  240176   10088   0.03  gnome-keyring-d
03:24:55 AM   124     84900    0.00    0.00    0.00    0.00    0.00     1      0.00      0.00  156240    4584   0.01  dconf-service
03:24:55 AM     0     85427    0.00    0.00    0.00    0.00    0.00     0      0.00      0.00       0       0   0.00  kworker/0:2-events
03:24:55 AM     0     86310    0.00    0.00    0.00    0.00    0.00     0      0.00      0.00       0       0   0.00  kworker/u16:1-events_unbound
03:24:55 AM     0     86549    0.00    0.00    0.00    0.00    0.00     2      0.00      0.00   14768    7664   0.02  sshd
03:24:55 AM  1000     86593    0.00    0.00    0.00    0.00    0.00     3      0.00      0.00   15292    6480   0.02  sshd
03:24:55 AM  1000     86594    0.00    0.00    0.00    0.00    0.00     3      0.00      0.00   11860    5896   0.02  bash
03:24:55 AM     0     87290    0.00    0.00    0.00    0.00    0.00     0      0.00      0.00   14768    7584   0.02  sshd
03:24:55 AM  1000     87334    0.00    0.00    0.00    0.00    0.00     0      0.00      0.00   15292    6412   0.02  sshd
03:24:55 AM  1000     87335    0.00    0.00    0.00    0.00    0.00     2      0.00      0.00   11344    5436   0.02  bash
03:24:55 AM     0    137289    0.00    0.00    0.00    0.00    0.00     1      0.00      0.00       0       0   0.00  kworker/1:3-pm
03:24:55 AM     0    142495    0.00    0.00    0.00    0.00    0.00     1      0.00      0.00       0       0   0.00  kworker/1:4-events
03:24:55 AM     0    147908    0.00    0.00    0.00    0.00    0.00     2      0.00      0.00   14768    7636   0.02  sshd
03:24:55 AM  1000    147952    0.00    0.00    0.00    0.00    0.00     1      0.00      0.00   15292    5656   0.02  sshd
03:24:55 AM  1000    147953    0.00    0.00    0.00    0.00    0.00     3      0.00      0.00   11344    5400   0.02  bash
03:24:55 AM     0    148065    1.85    0.93    0.00    0.00    2.78     3     12.04      0.00 1237828   16880   0.05  containerd-shim
03:24:55 AM     0    148086    0.00    0.00    0.00    0.00    0.00     3      0.00      0.00    4560    3504   0.01  bash
03:24:55 AM  1000    148115    0.00    0.00    0.00    0.00    0.00     3      0.00      0.00 1919232   29524   0.09  docker
03:24:55 AM     0    148133    0.00    0.00    0.00    0.00    0.00     1      0.00      0.00    4560    3508   0.01  bash
03:24:55 AM     0    148158    0.00    0.00    0.00    0.00    0.00     2      0.00      0.00  196036   35060   0.11  ros2
03:24:55 AM     0    148159    3.70    3.70    0.00    1.85    7.41     2      8.33      0.00  580336   29084   0.09  scale_truck_con
03:24:55 AM     0    148161    4.63    6.48    0.00    0.00   11.11     2      8.33      0.00  582944   21472   0.07  lrc_node
03:24:55 AM     0    148232    0.00    0.00    0.00    0.00    0.00     1      0.00      0.00   14768    7560   0.02  sshd
03:24:55 AM  1000    148276    0.00    0.00    0.00    0.00    0.00     0      0.00      0.00   15292    6364   0.02  sshd
03:24:55 AM  1000    148277    0.00    0.00    0.00    0.00    0.00     1     60.19      0.00   11860    5928   0.02  bash
03:24:55 AM     0    148558    0.00    0.93    0.00    0.00    0.93     3      0.00      0.00  650452   83256   0.26  python3
03:24:55 AM     0    150604    0.00    0.00    0.00    0.00    0.00     2      0.00      0.00       0       0   0.00  kworker/2:1-mm_percpu_wq
03:24:55 AM     0    150646    0.00    0.00    0.00    0.00    0.00     0      0.00      0.00       0       0   0.00  kworker/0:0H
03:24:55 AM     0    150688    0.00    0.00    0.00    0.00    0.00     2      0.00      0.00       0       0   0.00  kworker/2:0H
03:24:55 AM     0    151786    0.00    0.00    0.00    0.00    0.00     3      0.00      0.00       0       0   0.00  kworker/3:2H
03:24:55 AM     0    151819    0.00    0.00    0.00    0.00    0.00     3      0.00      0.00       0       0   0.00  kworker/3:2-cgroup_destroy
03:24:55 AM     0    151861    0.00    0.00    0.00    0.00    0.00     1      0.00      0.00       0       0   0.00  kworker/u16:0-events_unbound
03:24:55 AM     0    151916    0.00    0.00    0.00    0.00    0.00     0      0.00      0.00       0       0   0.00  kworker/0:0-events
03:24:55 AM     0    151989    0.00    0.00    0.00    0.00    0.00     1      0.00      0.00       0       0   0.00  kworker/1:1H
03:24:55 AM     0    152270    0.00    0.00    0.00    0.00    0.00     1      0.00      0.00       0       0   0.00  kworker/1:2-events
03:24:55 AM     0    152626    0.00    0.00    0.00    0.00    0.00     2      0.00      0.00       0       0   0.00  kworker/2:1H
03:24:55 AM     0    152627    0.00    0.00    0.00    0.00    0.00     3      0.00      0.00       0       0   0.00  kworker/3:1H
03:24:55 AM     0    152628    0.00    0.00    0.00    0.00    0.00     0      0.00      0.00       0       0   0.00  kworker/0:1-events
03:24:55 AM     0    152655    0.00    0.00    0.00    0.00    0.00     1      0.00      0.00       0       0   0.00  kworker/u16:2-events_unbound
03:24:55 AM     0    152798    0.00    0.00    0.00    0.00    0.00     1      0.00      0.00       0       0   0.00  kworker/1:2H
03:24:55 AM     0    152803    0.00    0.00    0.00    0.00    0.00     2      0.00      0.00       0       0   0.00  kworker/2:0
03:24:55 AM     0    152876    0.00    0.00    0.00    0.00    0.00     3      0.00      0.00    4428    3224   0.01  bash
03:24:55 AM  1000    152883    0.00    0.00    0.00    0.00    0.00     3      0.00      0.00    9208    3068   0.01  bash
03:24:55 AM     0    153059    0.00    0.00    0.00    0.00    0.00     1      0.00      0.00    2660     780   0.00  timeout
03:24:55 AM     0    153061   18.52   12.96    0.00    0.00   31.48     2   2145.37      0.00  837132   47136   0.15  ros2
03:24:55 AM  1000    153071    2.78    5.56    0.00    0.00    8.33     1   1341.67      0.00   17668    9228   0.03  pidstat
03:24:55 AM  1000    153086    3.70    1.85    0.00    0.00    5.56     3   1528.70      0.00 1623984   25280   0.08  docker
03:24:55 AM     0    153102    2.78    1.85    0.00    0.00    4.63     3    769.44      0.00    4428    3064   0.01  bash
03:24:55 AM     0    153112    4.63    2.78    0.00    0.00    7.41     0   1153.70      0.00   14236    8596   0.03  python3

# Time        UID       PID    %usr %system  %guest   %wait    %CPU   CPU  minflt/s  majflt/s     VSZ     RSS   %MEM  Command
03:24:56 AM     0         1    0.00    0.00    0.00    0.00    0.00     0      0.00      0.00  169880   11540   0.04  systemd
03:24:56 AM     0         2    0.00    0.00    0.00    0.00    0.00     1      0.00      0.00       0       0   0.00  kthreadd
03:24:56 AM     0         3    0.00    0.00    0.00    0.00    0.00     0      0.00      0.00       0       0   0.00  rcu_gp
03:24:56 AM     0         4    0.00    0.00    0.00    0.00    0.00     0      0.00      0.00       0       0   0.00  rcu_par_gp
03:24:56 AM     0         8    0.00    0.00    0.00    0.00    0.00     0      0.00      0.00       0       0   0.00  mm_percpu_wq
03:24:56 AM     0         9    0.00    0.00    0.00    0.00    0.00     0      0.00      0.00       0       0   0.00  rcu_tasks_kthre
03:24:56 AM     0        10    0.00    0.00    0.00    0.00    0.00     0      0.00      0.00       0       0   0.00  rcu_tasks_rude_
03:24:56 AM     0        11    0.00    0.00    0.00    0.00    0.00     0      0.00      0.00       0       0   0.00  rcu_tasks_trace
03:24:56 AM     0        12    0.00    0.00    0.00    0.00    0.00     0      0.00      0.00       0       0   0.00  ksoftirqd/0
03:24:56 AM     0        13    0.00    0.00    0.00    0.00    0.00     0      0.00      0.00       0       0   0.00  rcu_preempt
03:24:56 AM     0        14    0.00    0.00    0.00    0.00    0.00     0      0.00      0.00       0       0   0.00  migration/0
03:24:56 AM     0        16    0.00    0.00    0.00    0.00    0.00     0      0.00      0.00       0       0   0.00  cpuhp/0
03:24:56 AM     0        17    0.00    0.00    0.00    0.00    0.00     1      0.00      0.00       0       0   0.00  cpuhp/1
03:24:56 AM     0        18    0.00    0.00    0.00    0.00    0.00     1      0.00      0.00       0       0   0.00  migration/1
03:24:56 AM     0        19    0.00    0.00    0.00    0.00    0.00     1      0.00      0.00       0       0   0.00  ksoftirqd/1
03:24:56 AM     0        22    0.00    0.00    0.00    0.00    0.00     2      0.00      0.00       0       0   0.00  cpuhp/2
03:24:56 AM     0        23    0.00    0.00    0.00    0.00    0.00     2      0.00      0.00       0       0   0.00  migration/2
03:24:56 AM     0        24    0.00    0.00    0.00    0.00    0.00     2      0.00      0.00       0       0   0.00  ksoftirqd/2
03:24:56 AM     0        27    0.00    0.00    0.00    0.00    0.00     3      0.00      0.00       0       0   0.00  cpuhp/3
03:24:56 AM     0        28    0.00    0.00    0.00    0.00    0.00     3      0.00      0.00       0       0   0.00  migration/3
03:24:56 AM     0        29    0.00    0.00    0.00    0.00    0.00     3      0.00      0.00       0       0   0.00  ksoftirqd/3
03:24:56 AM     0        32    0.00    0.00    0.00    0.00    0.00     4      0.00      0.00       0       0   0.00  cpuhp/4
03:24:56 AM     0        33    0.00    0.00    0.00    0.00    0.00     4      0.00      0.00       0       0   0.00  migration/4
03:24:56 AM     0        34    0.00    0.00    0.00    0.00    0.00     4      0.00      0.00       0       0   0.00  ksoftirqd/4
03:24:56 AM     0        36    0.00    0.00    0.00    0.00    0.00     4      0.00      0.00       0       0   0.00  kworker/4:0H-kblockd
03:24:56 AM     0        37    0.00    0.00    0.00    0.00    0.00     5      0.00      0.00       0       0   0.00  cpuhp/5
03:24:56 AM     0        38    0.00    0.00    0.00    0.00    0.00     5      0.00      0.00       0       0   0.00  migration/5
03:24:56 AM     0        39    0.00    0.00    0.00    0.00    0.00     5      0.00      0.00       0       0   0.00  ksoftirqd/5
03:24:56 AM     0        41    0.00    0.00    0.00    0.00    0.00     5      0.00      0.00       0       0   0.00  kworker/5:0H-kblockd
03:24:56 AM     0        42    0.00    0.00    0.00    0.00    0.00     6      0.00      0.00       0       0   0.00  cpuhp/6
03:24:56 AM     0        43    0.00    0.00    0.00    0.00    0.00     6      0.00      0.00       0       0   0.00  migration/6
03:24:56 AM     0        44    0.00    0.00    0.00    0.00    0.00     6      0.00      0.00       0       0   0.00  ksoftirqd/6
03:24:56 AM     0        46    0.00    0.00    0.00    0.00    0.00     6      0.00      0.00       0       0   0.00  kworker/6:0H-events_highpri
03:24:56 AM     0        47    0.00    0.00    0.00    0.00    0.00     7      0.00      0.00       0       0   0.00  cpuhp/7
03:24:56 AM     0        48    0.00    0.00    0.00    0.00    0.00     7      0.00      0.00       0       0   0.00  migration/7
03:24:56 AM     0        49    0.00    0.00    0.00    0.00    0.00     7      0.00      0.00       0       0   0.00  ksoftirqd/7
03:24:56 AM     0        50    0.00    0.00    0.00    0.00    0.00     0      0.00      0.00       0       0   0.00  kworker/7:0-rcu_gp
03:24:56 AM     0        51    0.00    0.00    0.00    0.00    0.00     7      0.00      0.00       0       0   0.00  kworker/7:0H-kblockd
03:24:56 AM     0        52    0.00    0.00    0.00    0.00    0.00     0      0.00      0.00       0       0   0.00  kdevtmpfs
03:24:56 AM     0        53    0.00    0.00    0.00    0.00    0.00     4      0.00      0.00       0       0   0.00  netns
03:24:56 AM     0        54    0.00    0.00    0.00    0.00    0.00     1      0.00      0.00       0       0   0.00  kauditd
03:24:56 AM     0        55    0.00    0.00    0.00    0.00    0.00     0      0.00      0.00       0       0   0.00  irq/87-mc_statu
03:24:56 AM     0        56    0.00    0.00    0.00    0.00    0.00     0      0.00      0.00       0       0   0.00  khungtaskd
03:24:56 AM     0        57    0.00    0.00    0.00    0.00    0.00     3      0.00      0.00       0       0   0.00  oom_reaper
03:24:56 AM     0        58    0.00    0.00    0.00    0.00    0.00     5      0.00      0.00       0       0   0.00  writeback
03:24:56 AM     0        59    0.00    0.00    0.00    0.00    0.00     3      0.00      0.00       0       0   0.00  kcompactd0
03:24:56 AM     0        60    0.00    0.00    0.00    0.00    0.00     1      0.00      0.00       0       0   0.00  ksmd
03:24:56 AM     0        61    0.00    0.00    0.00    0.00    0.00     0      0.00      0.00       0       0   0.00  khugepaged
03:24:56 AM     0        93    0.00    0.00    0.00    0.00    0.00     1      0.00      0.00       0       0   0.00  kintegrityd
03:24:56 AM     0        94    0.00    0.00    0.00    0.00    0.00     1      0.00      0.00       0       0   0.00  kblockd
03:24:56 AM     0        95    0.00    0.00    0.00    0.00    0.00     1      0.00      0.00       0       0   0.00  blkcg_punt_bio
03:24:56 AM     0        97    0.00    0.00    0.00    0.00    0.00     3      0.00      0.00       0       0   0.00  tpm_dev_wq
03:24:56 AM     0        98    0.00    0.00    0.00    0.00    0.00     0      0.00      0.00       0       0   0.00  irq/197-30c0000
03:24:56 AM     0        99    0.00    0.00    0.00    0.00    0.00     1      0.00      0.00       0       0   0.00  devfreq_wq
03:24:56 AM     0       100    0.00    0.00    0.00    0.00    0.00     1      0.00      0.00       0       0   0.00  watchdogd
03:24:56 AM     0       104    0.00    0.00    0.00    0.00    0.00     7      0.00      0.00       0       0   0.00  rpciod
03:24:56 AM     0       106    0.00    0.00    0.00    0.00    0.00     7      0.00      0.00       0       0   0.00  xprtiod
03:24:56 AM     0       108    0.00    0.00    0.00    0.00    0.00     7      0.00      0.00       0       0   0.00  kswapd0
03:24:56 AM     0       109    0.00    0.00    0.00    0.00    0.00     5      0.00      0.00       0       0   0.00  nfsiod
03:24:56 AM     0       112    0.00    0.00    0.00    0.00    0.00     1      0.00      0.00       0       0   0.00  kthrotld
03:24:56 AM     0       113    0.00    0.00    0.00    0.00    0.00     7      0.00      0.00       0       0   0.00  kpcitest
03:24:56 AM     0       116    0.00    0.00    0.00    0.00    0.00     5      0.00      0.00       0       0   0.00  kworker/5:1-events
03:24:56 AM     0       122    0.00    0.00    0.00    0.00    0.00     1      0.00      0.00       0       0   0.00  nvme-wq
03:24:56 AM     0       123    0.00    0.00    0.00    0.00    0.00     5      0.00      0.00       0       0   0.00  nvme-reset-wq
03:24:56 AM     0       124    0.00    0.00    0.00    0.00    0.00     6      0.00      0.00       0       0   0.00  nvme-delete-wq
03:24:56 AM     0       125    0.00    0.00    0.00    0.00    0.00     6      0.00      0.00       0       0   0.00  uas
03:24:56 AM     0       126    0.00    0.00    0.00    0.00    0.00     0      0.00      0.00       0       0   0.00  irq/222-tegra_r
03:24:56 AM     0       127    0.00    0.00    0.00    0.00    0.00     0      0.00      0.00       0       0   0.00  kworker/7:2-events
03:24:56 AM     0       129    0.00    0.00    0.00    0.00    0.00     0      0.00      0.00       0       0   0.00  irq/86-tegra-oc
03:24:56 AM     0       130    0.00    0.00    0.00    0.00    0.00     5      0.00      0.00       0       0   0.00  dm_bufio_cache
03:24:56 AM     0       131    0.00    0.00    0.00    0.00    0.00     0      0.00      0.00       0       0   0.00  irq/223-max7762
03:24:56 AM     0       140    0.00    0.00    0.00    0.00    0.00     0      0.00      0.00       0       0   0.00  irq/55-bc00000.
03:24:56 AM     0       143    0.00    0.00    0.00    0.00    0.00     0      0.00      0.00       0       0   0.00  ipv6_addrconf
03:24:56 AM     0       144    0.00    0.00    0.00    0.00    0.00     6      0.00      0.00       0       0   0.00  krfcommd
03:24:56 AM     0       145    0.00    0.00    0.00    0.00    0.00     0      0.00      0.00       0       0   0.00  kstrp
03:24:56 AM     0       150    0.00    0.00    0.00    0.00    0.00     0      0.00      0.00       0       0   0.00  irq/24-tegra-pc
03:24:56 AM     0       154    0.00    0.00    0.00    0.00    0.00     0      0.00      0.00       0       0   0.00  irq/26-tegra-pc
03:24:56 AM     0       160    0.00    0.00    0.00    0.00    0.00     0      0.00      0.00       0       0   0.00  irq/26-aerdrv
03:24:56 AM     0       161    0.00    0.00    0.00    0.00    0.00     0      0.00      0.00       0       0   0.00  irq/28-tegra-pc
03:24:56 AM     0       162    0.00    0.00    0.00    0.00    0.00     0      0.00      0.00       0       0   0.00  irq/28-aerdrv
03:24:56 AM     0       163    0.00    0.00    0.00    0.00    0.00     5      0.00      0.00       0       0   0.00  host_low_prio_w
03:24:56 AM     0       164    0.00    0.00    0.00    0.00    0.00     0      0.00      0.00       0       0   0.00  irq/57-host_syn
03:24:56 AM     0       165    0.00    0.00    0.00    0.00    0.00     0      0.00      0.00       0       0   0.00  irq/58-host_sta
03:24:56 AM     0       173    0.00    0.00    0.00    0.00    0.00     5      0.00      0.00       0       0   0.00  pva_task_status
03:24:56 AM     0       174    0.00    0.00    0.00    0.00    0.00     0      0.00      0.00       0       0   0.00  irq/75-pva-isr
03:24:56 AM     0       175    0.00    0.00    0.00    0.00    0.00     0      0.00      0.00       0       0   0.00  pva_task_status
03:24:56 AM     0       176    0.00    0.00    0.00    0.00    0.00     0      0.00      0.00       0       0   0.00  irq/76-pva-isr
03:24:56 AM     0       185    0.00    0.00    0.00    0.00    0.00     0      0.00      0.00       0       0   0.00  sdhci
03:24:56 AM     0       186    0.00    0.00    0.00    0.00    0.00     0      0.00      0.00       0       0   0.00  irq/39-mmc0
03:24:56 AM     0       187    0.00    0.00    0.00    0.00    0.00     2      0.00      0.00       0       0   0.00  sdhci
03:24:56 AM     0       189    0.00    0.00    0.00    0.00    0.00     0      0.00      0.00       0       0   0.00  irq/40-mmc1
03:24:56 AM     0       195    0.00    0.00    0.00    0.00    0.00     7      0.00      0.00       0       0   0.00  scsi_eh_0
03:24:56 AM     0       196    0.00    0.00    0.00    0.00    0.00     7      0.00      0.00       0       0   0.00  scsi_tmf_0
03:24:56 AM     0       197    0.00    0.00    0.00    0.00    0.00     0      0.00      0.00       0       0   0.00  kworker/5:2-events
03:24:56 AM     0       198    0.00    0.00    0.00    0.00    0.00     0      0.00      0.00       0       0   0.00  irq/67-15200000
03:24:56 AM     0       199    0.00    0.00    0.00    0.00    0.00     1      0.00      0.00       0       0   0.00  tegradc.0/a
03:24:56 AM     0       200    0.00    0.00    0.00    0.00    0.00     0      0.00      0.00       0       0   0.00  tegradc.0/b
03:24:56 AM     0       201    0.00    0.00    0.00    0.00    0.00     0      0.00      0.00       0       0   0.00  tegradc.0/c
03:24:56 AM     0       202    0.00    0.00    0.00    0.00    0.00     0      0.00      0.00       0       0   0.00  tegradc.0/d
03:24:56 AM     0       203    0.00    0.00    0.00    0.00    0.00     0      0.00      0.00       0       0   0.00  tegradc.0/e
03:24:56 AM     0       204    0.00    0.00    0.00    0.00    0.00     0      0.00      0.00       0       0   0.00  tegradc.0/f
03:24:56 AM     0       205    0.00    0.00    0.00    0.00    0.00     0      0.00      0.00       0       0   0.00  tegradc.0/sl
03:24:56 AM     0       206    0.00    0.00    0.00    0.00    0.00     0      0.00      0.00       0       0   0.00  irq/62-15200000
03:24:56 AM     0       207    0.00    0.00    0.00    0.00    0.00     0      0.00      0.00       0       0   0.00  irq/276-3400000
03:24:56 AM     0       208    0.00    0.00    0.00    0.00    0.00     0      0.00      0.00       0       0   0.00  ufs_eh_wq_0
03:24:56 AM     0       209    0.00    0.00    0.00    0.00    0.00     3      0.00      0.00       0       0   0.00  mmc_complete
03:24:56 AM     0       211    0.00    0.00    0.00    0.00    0.00     0      0.00      0.00       0       0   0.00  irq/278-1520000
03:24:56 AM     0       212    0.00    0.00    0.00    0.00    0.00     0      0.00      0.00       0       0   0.00  irq/203-3610000
03:24:56 AM     0       213    0.00    0.00    0.00    0.00    0.00     0      0.00      0.00       0       0   0.00  irq/221-3610000
03:24:56 AM     0       214    0.00    0.00    0.00    0.00    0.00     0      0.00      0.00       0       0   0.00  irq/30-tegra-pc
03:24:56 AM     0       216    0.00    0.00    0.00    0.00    0.00     0      0.00      0.00       0       0   0.00  kworker/4:3-events
03:24:56 AM     0       218    0.00    0.00    0.00    0.00    0.00     4      0.00      0.00       0       0   0.00  kworker/4:5-events
03:24:56 AM     0       221    0.00    0.00    0.00    0.00    0.00     0      0.00      0.00       0       0   0.00  kworker/6:12-events
03:24:56 AM     0       222    0.00    0.00    0.00    0.00    0.00     0      0.00      0.00       0       0   0.00  kworker/6:13-events
03:24:56 AM     0       225    0.00    0.00    0.00    0.00    0.00     0      0.00      0.00       0       0   0.00  irq/68-tegra_dp
03:24:56 AM     0       226    0.00    0.00    0.00    0.00    0.00     0      0.00      0.00       0       0   0.00  irq/65-15210000
03:24:56 AM     0       227    0.00    0.00    0.00    0.00    0.00     0      0.00      0.00       0       0   0.00  tegradc.1/a
03:24:56 AM     0       228    0.00    0.00    0.00    0.00    0.00     0      0.00      0.00       0       0   0.00  tegradc.1/b
03:24:56 AM     0       229    0.00    0.00    0.00    0.00    0.00     0      0.00      0.00       0       0   0.00  tegradc.1/c
03:24:56 AM     0       230    0.00    0.00    0.00    0.00    0.00     0      0.00      0.00       0       0   0.00  tegradc.1/d
03:24:56 AM     0       231    0.00    0.00    0.00    0.00    0.00     0      0.00      0.00       0       0   0.00  tegradc.1/e
03:24:56 AM     0       232    0.00    0.00    0.00    0.00    0.00     0      0.00      0.00       0       0   0.00  tegradc.1/f
03:24:56 AM     0       233    0.00    0.00    0.00    0.00    0.00     1      0.00      0.00       0       0   0.00  tegradc.1/sl
03:24:56 AM     0       234    0.00    0.00    0.00    0.00    0.00     0      0.00      0.00       0       0   0.00  irq/63-15210000
03:24:56 AM     0       249    0.00    0.00    0.00    0.00    0.00     0      0.00      0.00       0       0   0.00  irq/56-d230000.
03:24:56 AM     0       250    0.00    0.00    0.00    0.00    0.00     0      0.00      0.00       0       0   0.00  irq/69-tegra_dp
03:24:56 AM     0       251    0.00    0.00    0.00    0.00    0.00     0      0.00      0.00       0       0   0.00  irq/66-15220000
03:24:56 AM     0       252    0.00    0.00    0.00    0.00    0.00     0      0.00      0.00       0       0   0.00  tegradc.2/a
03:24:56 AM     0       253    0.00    0.00    0.00    0.00    0.00     0      0.00      0.00       0       0   0.00  tegradc.2/b
03:24:56 AM     0       254    0.00    0.00    0.00    0.00    0.00     0      0.00      0.00       0       0   0.00  tegradc.2/c
03:24:56 AM     0       255    0.00    0.00    0.00    0.00    0.00     0      0.00      0.00       0       0   0.00  tegradc.2/d
03:24:56 AM     0       256    0.00    0.00    0.00    0.00    0.00     0      0.00      0.00       0       0   0.00  tegradc.2/e
03:24:56 AM     0       257    0.00    0.00    0.00    0.00    0.00     0      0.00      0.00       0       0   0.00  tegradc.2/f
03:24:56 AM     0       258    0.00    0.00    0.00    0.00    0.00     0      0.00      0.00       0       0   0.00  tegradc.2/sl
03:24:56 AM     0       259    0.00    0.00    0.00    0.00    0.00     0      0.00      0.00       0       0   0.00  irq/64-15220000
03:24:56 AM     0       275    0.00    0.00    0.00    0.00    0.00     1      0.00      0.00       0       0   0.00  jbd2/mmcblk0p1-
03:24:56 AM     0       276    0.00    0.00    0.00    0.00    0.00     3      0.00      0.00       0       0   0.00  ext4-rsv-conver
03:24:56 AM     0       280    0.00    0.00    0.00    0.00    0.00     7      0.00      0.00       0       0   0.00  kworker/7:1H
03:24:56 AM     0       286    0.00    0.00    0.00    0.00    0.00     5      0.00      0.00       0       0   0.00  kworker/5:1H-kblockd
03:24:56 AM     0       312    0.00    0.00    0.00    0.00    0.00     1      0.00      0.00   61816   32076   0.10  systemd-journal
03:24:56 AM     0       338    0.00    0.00    0.00    0.00    0.00     1      0.00      0.00       0       0   0.00  nvmap-bz
03:24:56 AM     0       339    0.00    0.00    0.00    0.00    0.00     0      0.00      0.00       0       0   0.00  irq/204-gk20a_s
03:24:56 AM     0       340    0.00    0.00    0.00    0.00    0.00     0      0.00      0.00       0       0   0.00  irq/205-gk20a_n
03:24:56 AM     0       345    0.00    0.00    0.00    0.00    0.00     3      0.00      0.00    2776    1492   0.00  tee-supplicant
03:24:56 AM     0       347    0.00    0.00    0.00    0.00    0.00     3      0.00      0.00       0       0   0.00  optee_bus_scan
03:24:56 AM     0       358    0.00    0.00    0.00    0.00    0.00     2      0.00      0.00   22788    7532   0.02  systemd-udevd
03:24:56 AM     0       364    0.00    0.00    0.00    0.00    0.00     1      0.00      0.00    7948    4892   0.02  haveged
03:24:56 AM   126       365    0.00    0.00    0.00    0.00    0.00     3      0.00      0.00    7136    3108   0.01  rpcbind
03:24:56 AM   105       366    0.00    0.00    0.00    0.00    0.00     1      0.00      0.00   25592   13288   0.04  systemd-resolve
03:24:56 AM   103       367    0.00    0.00    0.00    0.00    0.00     0      0.00      0.00   90672    6220   0.02  systemd-timesyn
03:24:56 AM     0       407    0.00    0.00    0.00    0.00    0.00     5      0.00      0.00       0       0   0.00  cfg80211
03:24:56 AM     0       410    0.00    0.00    0.00    0.00    0.00     0      0.00      0.00       0       0   0.00  irq/42-3210000.
03:24:56 AM     0       412    0.00    0.00    0.00    0.00    0.00     2      0.00      0.00       0       0   0.00  spi0
03:24:56 AM     0       413    0.00    1.00    0.00    0.00    1.00     1      0.00      0.00       0       0   0.00  irq/282-iwlwifi
03:24:56 AM     0       416    0.00    0.00    0.00    0.00    0.00     4      0.00      0.00       0       0   0.00  ata_sff
03:24:56 AM     0       419    0.00    0.00    0.00    0.00    0.00     0      0.00      0.00       0       0   0.00  irq/43-c260000.
03:24:56 AM     0       420    0.00    0.00    0.00    0.00    0.00     6      0.00      0.00       0       0   0.00  scsi_eh_1
03:24:56 AM     0       422    0.00    0.00    0.00    0.00    0.00     6      0.00      0.00       0       0   0.00  scsi_tmf_1
03:24:56 AM     0       427    0.00    0.00    0.00    0.00    0.00     0      0.00      0.00       0       0   0.00  spi1
03:24:56 AM     0       430    0.00    0.00    0.00    0.00    0.00     1      0.00      0.00  242072    8880   0.03  accounts-daemon
03:24:56 AM   120       439    0.00    0.00    0.00    0.00    0.00     0      0.00      0.00    7084    3472   0.01  avahi-daemon
03:24:56 AM     0       441    0.00    0.00    0.00    0.00    0.00     2      0.00      0.00    9220    2516   0.01  cron
03:24:56 AM   106       443    0.00    0.00    0.00    0.00    0.00     1      0.00      0.00    9396    5264   0.02  dbus-daemon
03:24:56 AM     0       447    0.00    0.00    0.00    0.00    0.00     0      0.00      0.00  341244   20856   0.07  NetworkManager
03:24:56 AM     0       456    0.00    0.00    0.00    0.00    0.00     4      0.00      0.00   38300   19472   0.06  networkd-dispat
03:24:56 AM     0       473    0.00    0.00    0.00    0.00    0.00     3      0.00      0.00  238860   13352   0.04  polkitd
03:24:56 AM   125       483    0.00    0.00    0.00    0.00    0.00     3      0.00      0.00  220940    8288   0.03  rsyslogd
03:24:56 AM     0       503    0.00    0.00    0.00    0.00    0.00     2      0.00      0.00  235864    4364   0.01  switcheroo-cont
03:24:56 AM     0       514    0.00    0.00    0.00    0.00    0.00     0      0.00      0.00   17076    6760   0.02  systemd-logind
03:24:56 AM     0       523    0.00    0.00    0.00    0.00    0.00     2      0.00      0.00  395556   15680   0.05  udisksd
03:24:56 AM     0       528    0.00    0.00    0.00    0.00    0.00     1      0.00      0.00   12784    8052   0.03  wpa_supplicant
03:24:56 AM     0       548    0.00    0.00    0.00    0.00    0.00     0      0.00      0.00       0       0   0.00  sugov:0
03:24:56 AM   120       555    0.00    0.00    0.00    0.00    0.00     2      0.00      0.00    6896     324   0.00  avahi-daemon
03:24:56 AM     0       585    0.00    0.00    0.00    0.00    0.00     5      0.00      0.00       0       0   0.00  tmp451
03:24:56 AM     0       597    0.00    0.00    0.00    0.00    0.00     3      0.00      0.00       0       0   0.00  irq/286-1-0008
03:24:56 AM     0       600    0.00    0.00    0.00    0.00    0.00     2      0.00      0.00  321792   14480   0.05  ModemManager
03:24:56 AM     0       653    0.00    0.00    0.00    0.00    0.00     1      0.00      0.00    2476     604   0.00  nvfancontrol
03:24:56 AM     0       728    0.00    0.00    0.00    0.00    0.00     4      0.00      0.00       0       0   0.00  adspp_kthread
03:24:56 AM     0       779    0.00    0.00    0.00    0.00    0.00     6      0.00      0.00       0       0   0.00  kworker/6:2H-kblockd
03:24:56 AM     0       876    0.00    0.00    0.00    0.00    0.00     1      0.00      0.00       0       0   0.00  irq/289-2490000
03:24:56 AM     0       887    0.00    0.00    0.00    0.00    0.00     0      0.00      0.00       0       0   0.00  irq/32-eth0.com
03:24:56 AM     0       919    0.00    0.00    0.00    0.00    0.00     4      0.00      0.00       0       0   0.00  file-storage
03:24:56 AM     0       953    0.00    0.00    0.00    0.00    0.00     1      0.00      0.00       0       0   0.00  loop0
03:24:56 AM     0      1048    0.00    0.00    0.00    0.00    0.00     4      0.00      0.00       0       0   0.00  kworker/4:2H-kblockd
03:24:56 AM     0      1091    0.00    0.00    0.00    0.00    0.00     3      0.00      0.00       0       0   0.00  cryptd
03:24:56 AM     0      1147    0.00    0.00    0.00    0.00    0.00     2      0.00      0.00       0       0   0.00  sw-quiesce
03:24:56 AM     0      1148    0.00    0.00    0.00    0.00    0.00     2      0.00      0.00       0       0   0.00  nvgpu_channel_p
03:24:56 AM     0      1151    0.00    0.00    0.00    0.00    0.00     2      0.00      0.00       0       0   0.00  nvgpu_nvs_gv11b
03:24:56 AM     0      1153    0.00    0.00    0.00    0.00    0.00     1      0.00      0.00       0       0   0.00  nvgpu_pg_init_g
03:24:56 AM     0      1157    0.00    0.00    0.00    0.00    0.00     3      0.00      0.00       0       0   0.00  nvgpu_clk_arb_p
03:24:56 AM     0      1162    0.00    0.00    0.00    0.00    0.00     3      0.00      0.00       0       0   0.00  irq/288-rt5659
03:24:56 AM     0      1270    0.00    0.00    0.00    0.00    0.00     3      0.00      0.00   55688   11092   0.03  nvargus-daemon
03:24:56 AM     0      1273    0.00    0.00    0.00    0.00    0.00     3      0.00      0.00   21932    1552   0.00  nvs-service
03:24:56 AM     0      1298    0.00    0.00    0.00    0.00    0.00     1      0.00      0.00 2007972   49164   0.15  containerd
03:24:56 AM     0      1314    0.00    0.00    0.00    0.00    0.00     0      0.00      0.00  240032    7616   0.02  gdm3
03:24:56 AM   108      1326    0.00    0.00    0.00    0.00    0.00     1      0.00      0.00   11468    1896   0.01  kerneloops
03:24:56 AM     0      1327    0.00    0.00    0.00    0.00    0.00     3      0.00      0.00   12236    6576   0.02  sshd
03:24:56 AM     0      1336    0.00    0.00    0.00    0.00    0.00     0      0.00      0.00    7688    1876   0.01  agetty
03:24:56 AM     0      1337    0.00    0.00    0.00    0.00    0.00     2      0.00      0.00    7688    1904   0.01  agetty
03:24:56 AM   108      1339    0.00    0.00    0.00    0.00    0.00     2      0.00      0.00   11468    1820   0.01  kerneloops
03:24:56 AM     0      1340    0.00    0.00    0.00    0.00    0.00     3      0.00      0.00    9216    2824   0.01  nvgetty.sh
03:24:56 AM     0      1379    0.00    0.00    0.00    0.00    0.00     0      0.00      0.00    7688    1848   0.01  getty
03:24:56 AM     0      1554    0.00    0.00    0.00    0.00    0.00     2      0.00      0.00 2111796   86036   0.27  dockerd
03:24:56 AM     0      1677    0.00    0.00    0.00    0.00    0.00     2      0.00      0.00  168472    8256   0.03  gdm-session-wor
03:24:56 AM     0      1711    0.00    0.00    0.00    0.00    0.00     0      0.00      0.00    3248     808   0.00  nvphsd
03:24:56 AM     0      1716    0.00    0.00    0.00    0.00    0.00     3      0.00      0.00    3380    1788   0.01  nvphsd
03:24:56 AM   124      1789    0.00    0.00    0.00    0.00    0.00     3      0.00      0.00   19144    9224   0.03  systemd
03:24:56 AM   124      1804    0.00    0.00    0.00    0.00    0.00     3      0.00      0.00  104488    5436   0.02  (sd-pam)
03:24:56 AM   124      2014    0.00    0.00    0.00    0.00    0.00     1      0.00      0.00  961884   21984   0.07  pulseaudio
03:24:56 AM   124      2032    0.00    0.00    0.00    0.00    0.00     2      0.00      0.00  164156    5924   0.02  gdm-x-session
03:24:56 AM   124      2037    0.00    0.00    0.00    0.00    0.00     2      0.00      0.00 25330232   99256   0.31  Xorg
03:24:56 AM   118      2040    0.00    0.00    0.00    0.00    0.00     1      0.00      0.00  152516    2440   0.01  rtkit-daemon
03:24:56 AM   124      2162    0.00    0.00    0.00    0.00    0.00     2      0.00      0.00    7812    3448   0.01  dbus-daemon
03:24:56 AM   124      2428    0.00    0.00    0.00    0.00    0.00     0      0.00      0.00    4776    1164   0.00  dbus-run-sessio
03:24:56 AM   124      2429    0.00    0.00    0.00    0.00    0.00     2      0.00      0.00    8088    4104   0.01  dbus-daemon
03:24:56 AM   124      2438    0.00    0.00    0.00    0.00    0.00     0      0.00      0.00  559768   14932   0.05  gnome-session-b
03:24:56 AM     0      2457    0.00    0.00    0.00    0.00    0.00     2      0.00      0.00  101692   19628   0.06  jtop
03:24:56 AM   124      2463    0.00    0.00    0.00    0.00    0.00     3      0.00      0.00  309548   10092   0.03  at-spi-bus-laun
03:24:56 AM   124      2470    0.00    0.00    0.00    0.00    0.00     1      0.00      0.00    7676    3468   0.01  dbus-daemon
03:24:56 AM   124      2495    0.00    0.00    0.00    0.00    0.00     2      0.00      0.00 4022996  194924   0.61  gnome-shell
03:24:56 AM     0      2510    0.00    0.00    0.00    0.00    0.00     1      0.00      0.00  175424   16904   0.05  jtop
03:24:56 AM     0      2518    0.00    0.00    0.00    0.00    0.00     2      0.00      0.00  101692   17160   0.05  jtop
03:24:56 AM   124      2696    0.00    0.00    0.00    0.00    0.00     0      0.00      0.00  314420   11212   0.04  ibus-daemon
03:24:56 AM   124      2699    0.00    0.00    0.00    0.00    0.00     2      0.00      0.00  239960   11792   0.04  ibus-dconf
03:24:56 AM   124      2701    0.00    0.00    0.00    0.00    0.00     2      0.00      0.00  189920   16900   0.05  ibus-x11
03:24:56 AM   124      2704    0.00    0.00    0.00    0.00    0.00     3      0.00      0.00  239880    7776   0.02  ibus-portal
03:24:56 AM   124      2715    0.00    0.00    0.00    0.00    0.00     1      0.00      0.00  161420    6880   0.02  at-spi2-registr
03:24:56 AM   124      2719    0.00    0.00    0.00    0.00    0.00     3      0.00      0.00  235804    4672   0.01  xdg-permission-
03:24:56 AM     0      2725    0.00    0.00    0.00    0.00    0.00     0      0.00      0.00  252944    8776   0.03  upowerd
03:24:56 AM   124      2745    0.00    0.00    0.00    0.00    0.00     2      0.00      0.00 3001620   27244   0.09  gjs
03:24:56 AM   124      2764    0.00    0.00    0.00    0.00    0.00     3      0.00      0.00  469396   14236   0.04  gsd-sharing
03:24:56 AM   124      2765    0.00    0.00    0.00    0.00    0.00     1      0.00      0.00  334628   15072   0.05  gsd-wacom
03:24:56 AM   124      2768    0.00    0.00    0.00    0.00    0.00     3      0.00      0.00  571788   19844   0.06  gsd-color
03:24:56 AM   124      2772    0.00    0.00    0.00    0.00    0.00     3      0.00      0.00  338096   17824   0.06  gsd-keyboard
03:24:56 AM   124      2774    0.00    0.00    0.00    0.00    0.00     2      0.00      0.00  322508   11376   0.04  gsd-print-notif
03:24:56 AM   124      2779    0.00    0.00    0.00    0.00    0.00     3      0.00      0.00  166208    7736   0.02  ibus-engine-sim
03:24:56 AM   124      2780    0.00    0.00    0.00    0.00    0.00     1      0.00      0.00  457460    7996   0.03  gsd-rfkill
03:24:56 AM   124      2782    0.00    0.00    0.00    0.00    0.00     1      0.00      0.00  391976    9696   0.03  gsd-smartcard
03:24:56 AM   124      2784    0.00    0.00    0.00    0.00    0.00     2      0.00      0.00  374928   15372   0.05  gsd-datetime
03:24:56 AM   124      2790    0.00    0.00    0.00    0.00    0.00     2      0.00      0.00  679696   20032   0.06  gsd-media-keys
03:24:56 AM   124      2791    0.00    0.00    0.00    0.00    0.00     3      0.00      0.00  235772    5600   0.02  gsd-screensaver
03:24:56 AM   124      2793    0.00    0.00    0.00    0.00    0.00     3      0.00      0.00  320104    9452   0.03  gsd-sound
03:24:56 AM   124      2795    0.00    0.00    0.00    0.00    0.00     3      0.00      0.00  313652   10144   0.03  gsd-a11y-settin
03:24:56 AM   124      2799    0.00    0.00    0.00    0.00    0.00     3      0.00      0.00  313992   10540   0.03  gsd-housekeepin
03:24:56 AM   124      2802    0.00    0.00    0.00    0.00    0.00     3      0.00      0.00  339724   18828   0.06  gsd-power
03:24:56 AM   124      2824    0.00    0.00    0.00    0.00    0.00     2      0.00      0.00  342540   12784   0.04  gsd-printer
03:24:56 AM   119      2837    0.00    0.00    0.00    0.00    0.00     2      0.00      0.00  249328   17548   0.06  colord
03:24:56 AM     0     29120    0.00    0.00    0.00    0.00    0.00     2      0.00      0.00       0       0   0.00  kworker/u17:2-rb_allocator
03:24:56 AM     0     33852    0.00    0.00    0.00    0.00    0.00     1      0.00      0.00       0       0   0.00  kworker/1:0H-kblockd
03:24:56 AM     0     35048    0.00    1.00    0.00    0.00    1.00     1      0.00      0.00       0       0   0.00  kworker/u17:0-thermal_fan_est
03:24:56 AM  1000     39960    0.00    0.00    0.00    0.00    0.00     1      0.00      0.00   19248    9208   0.03  systemd
03:24:56 AM  1000     39961    0.00    0.00    0.00    0.00    0.00     2      0.00      0.00  170940    6304   0.02  (sd-pam)
03:24:56 AM  1000     40037    0.00    0.00    0.00    0.00    0.00     3      0.00      0.00    7812    3952   0.01  dbus-daemon
03:24:56 AM     0     40147    0.00    0.00    0.00    0.00    0.00     1      0.00      0.00       0       0   0.00  kworker/1:0-pm
03:24:56 AM     0     40174    0.00    0.00    0.00    0.00    0.00     2      0.00      0.00       0       0   0.00  kworker/2:2H-kblockd
03:24:56 AM     0     40194    0.00    0.00    0.00    0.00    0.00     3      0.00      0.00       0       0   0.00  kworker/3:0H-kblockd
03:24:56 AM     0     41650    0.00    0.00    0.00    0.00    0.00     3      0.00      0.00       0       0   0.00  kworker/3:0-mm_percpu_wq
03:24:56 AM     0     81462    0.00    0.00    0.00    0.00    0.00     2      0.00      0.00       0       0   0.00  kworker/2:2-events
03:24:56 AM     0     81478    0.00    0.00    0.00    0.00    0.00     0      0.00      0.00       0       0   0.00  kworker/0:1H-kblockd
03:24:56 AM  1000     84840    0.00    0.00    0.00    0.00    0.00     3      0.00      0.00  240176   10088   0.03  gnome-keyring-d
03:24:56 AM   124     84900    0.00    0.00    0.00    0.00    0.00     1      0.00      0.00  156240    4584   0.01  dconf-service
03:24:56 AM     0     85427    0.00    0.00    0.00    0.00    0.00     0      0.00      0.00       0       0   0.00  kworker/0:2-events
03:24:56 AM     0     86310    0.00    0.00    0.00    0.00    0.00     1      0.00      0.00       0       0   0.00  kworker/u16:1-ext4-rsv-conversion
03:24:56 AM     0     86549    0.00    0.00    0.00    0.00    0.00     2      0.00      0.00   14768    7664   0.02  sshd
03:24:56 AM  1000     86593    0.00    0.00    0.00    0.00    0.00     3      0.00      0.00   15292    6480   0.02  sshd
03:24:56 AM  1000     86594    0.00    0.00    0.00    0.00    0.00     3      0.00      0.00   11860    5896   0.02  bash
03:24:56 AM     0     87290    0.00    0.00    0.00    0.00    0.00     0      0.00      0.00   14768    7584   0.02  sshd
03:24:56 AM  1000     87334    0.00    0.00    0.00    0.00    0.00     0      0.00      0.00   15292    6412   0.02  sshd
03:24:56 AM  1000     87335    0.00    0.00    0.00    0.00    0.00     2      0.00      0.00   11344    5436   0.02  bash
03:24:56 AM     0    137289    0.00    0.00    0.00    0.00    0.00     1      0.00      0.00       0       0   0.00  kworker/1:3-pm
03:24:56 AM     0    142495    0.00    0.00    0.00    0.00    0.00     1      0.00      0.00       0       0   0.00  kworker/1:4-events
03:24:56 AM     0    147908    0.00    0.00    0.00    0.00    0.00     2      0.00      0.00   14768    7636   0.02  sshd
03:24:56 AM  1000    147952    0.00    0.00    0.00    0.00    0.00     1      0.00      0.00   15292    5656   0.02  sshd
03:24:56 AM  1000    147953    0.00    0.00    0.00    0.00    0.00     3      0.00      0.00   11344    5400   0.02  bash
03:24:56 AM     0    148065    0.00    0.00    0.00    0.00    0.00     3      0.00      0.00 1237828   16880   0.05  containerd-shim
03:24:56 AM     0    148086    0.00    0.00    0.00    0.00    0.00     3      0.00      0.00    4560    3504   0.01  bash
03:24:56 AM  1000    148115    0.00    0.00    0.00    0.00    0.00     3      0.00      0.00 1919232   29524   0.09  docker
03:24:56 AM     0    148133    0.00    0.00    0.00    0.00    0.00     1      0.00      0.00    4560    3508   0.01  bash
03:24:56 AM     0    148158    0.00    0.00    0.00    0.00    0.00     2      0.00      0.00  196036   35060   0.11  ros2
03:24:56 AM     0    148159    1.00    5.00    0.00    2.00    6.00     2      1.00      0.00  580336   29084   0.09  scale_truck_con
03:24:56 AM     0    148161    3.00    4.00    0.00    1.00    7.00     0      0.00      0.00  582944   21472   0.07  lrc_node
03:24:56 AM     0    148232    0.00    0.00    0.00    0.00    0.00     1      0.00      0.00   14768    7560   0.02  sshd
03:24:56 AM  1000    148276    0.00    0.00    0.00    0.00    0.00     0      0.00      0.00   15292    6364   0.02  sshd
03:24:56 AM  1000    148277    0.00    0.00    0.00    0.00    0.00     1      0.00      0.00   11860    5928   0.02  bash
03:24:56 AM     0    148558    1.00    1.00    0.00    0.00    2.00     3      9.00      0.00  651044   83308   0.26  python3
03:24:56 AM     0    150604    0.00    0.00    0.00    0.00    0.00     2      0.00      0.00       0       0   0.00  kworker/2:1-mm_percpu_wq
03:24:56 AM     0    150646    0.00    0.00    0.00    0.00    0.00     0      0.00      0.00       0       0   0.00  kworker/0:0H
03:24:56 AM     0    150688    0.00    0.00    0.00    0.00    0.00     2      0.00      0.00       0       0   0.00  kworker/2:0H
03:24:56 AM     0    151786    0.00    0.00    0.00    0.00    0.00     3      0.00      0.00       0       0   0.00  kworker/3:2H
03:24:56 AM     0    151819    0.00    0.00    0.00    0.00    0.00     3      0.00      0.00       0       0   0.00  kworker/3:2-cgroup_destroy
03:24:56 AM     0    151861    0.00    0.00    0.00    0.00    0.00     1      0.00      0.00       0       0   0.00  kworker/u16:0-events_unbound
03:24:56 AM     0    151916    0.00    0.00    0.00    0.00    0.00     0      0.00      0.00       0       0   0.00  kworker/0:0-events
03:24:56 AM     0    151989    0.00    0.00    0.00    0.00    0.00     1      0.00      0.00       0       0   0.00  kworker/1:1H
03:24:56 AM     0    152270    0.00    0.00    0.00    0.00    0.00     1      0.00      0.00       0       0   0.00  kworker/1:2-events
03:24:56 AM     0    152626    0.00    0.00    0.00    0.00    0.00     2      0.00      0.00       0       0   0.00  kworker/2:1H
03:24:56 AM     0    152627    0.00    0.00    0.00    0.00    0.00     3      0.00      0.00       0       0   0.00  kworker/3:1H
03:24:56 AM     0    152628    0.00    0.00    0.00    0.00    0.00     0      0.00      0.00       0       0   0.00  kworker/0:1-events
03:24:56 AM     0    152655    0.00    0.00    0.00    0.00    0.00     1      0.00      0.00       0       0   0.00  kworker/u16:2-events_unbound
03:24:56 AM     0    152798    0.00    0.00    0.00    0.00    0.00     1      0.00      0.00       0       0   0.00  kworker/1:2H
03:24:56 AM     0    152803    0.00    0.00    0.00    0.00    0.00     2      0.00      0.00       0       0   0.00  kworker/2:0
03:24:56 AM     0    152876    0.00    0.00    0.00    0.00    0.00     3      0.00      0.00    4428    3224   0.01  bash
03:24:56 AM  1000    152883    0.00    0.00    0.00    0.00    0.00     3      0.00      0.00    9208    3068   0.01  bash
03:24:56 AM     0    153059    0.00    0.00    0.00    0.00    0.00     1      0.00      0.00    2660     780   0.00  timeout
03:24:56 AM     0    153061    5.00    4.00    0.00    0.00    9.00     2     40.00      0.00  837724   47272   0.15  ros2
03:24:56 AM  1000    153071    4.00   11.00    0.00    0.00   15.00     1     74.00      0.00   17668    9488   0.03  pidstat
03:24:56 AM  1000    153086    0.00    0.00    0.00    0.00    0.00     3      0.00      0.00 1623984   25280   0.08  docker
03:24:56 AM     0    153102    1.00    1.00    0.00    0.00    2.00     0    217.00      0.00    4428    3212   0.01  bash
03:24:56 AM     0    153117   20.00   17.00    0.00    0.00   37.00     3   1717.00      0.00   16352   11056   0.03  python3

# Time        UID       PID    %usr %system  %guest   %wait    %CPU   CPU  minflt/s  majflt/s     VSZ     RSS   %MEM  Command
03:24:57 AM     0         1    0.00    0.00    0.00    0.00    0.00     0      0.00      0.00  169880   11540   0.04  systemd
03:24:57 AM     0         2    0.00    0.00    0.00    0.00    0.00     1      0.00      0.00       0       0   0.00  kthreadd
03:24:57 AM     0         3    0.00    0.00    0.00    0.00    0.00     0      0.00      0.00       0       0   0.00  rcu_gp
03:24:57 AM     0         4    0.00    0.00    0.00    0.00    0.00     0      0.00      0.00       0       0   0.00  rcu_par_gp
03:24:57 AM     0         8    0.00    0.00    0.00    0.00    0.00     0      0.00      0.00       0       0   0.00  mm_percpu_wq
03:24:57 AM     0         9    0.00    0.00    0.00    0.00    0.00     0      0.00      0.00       0       0   0.00  rcu_tasks_kthre
03:24:57 AM     0        10    0.00    0.00    0.00    0.00    0.00     0      0.00      0.00       0       0   0.00  rcu_tasks_rude_
03:24:57 AM     0        11    0.00    0.00    0.00    0.00    0.00     0      0.00      0.00       0       0   0.00  rcu_tasks_trace
03:24:57 AM     0        12    0.00    0.00    0.00    0.00    0.00     0      0.00      0.00       0       0   0.00  ksoftirqd/0
03:24:57 AM     0        13    0.00    0.00    0.00    0.00    0.00     3      0.00      0.00       0       0   0.00  rcu_preempt
03:24:57 AM     0        14    0.00    0.00    0.00    0.00    0.00     0      0.00      0.00       0       0   0.00  migration/0
03:24:57 AM     0        16    0.00    0.00    0.00    0.00    0.00     0      0.00      0.00       0       0   0.00  cpuhp/0
03:24:57 AM     0        17    0.00    0.00    0.00    0.00    0.00     1      0.00      0.00       0       0   0.00  cpuhp/1
03:24:57 AM     0        18    0.00    0.00    0.00    0.00    0.00     1      0.00      0.00       0       0   0.00  migration/1
03:24:57 AM     0        19    0.00    0.00    0.00    0.00    0.00     1      0.00      0.00       0       0   0.00  ksoftirqd/1
03:24:57 AM     0        22    0.00    0.00    0.00    0.00    0.00     2      0.00      0.00       0       0   0.00  cpuhp/2
03:24:57 AM     0        23    0.00    0.00    0.00    0.00    0.00     2      0.00      0.00       0       0   0.00  migration/2
03:24:57 AM     0        24    0.00    0.00    0.00    1.00    0.00     2      0.00      0.00       0       0   0.00  ksoftirqd/2
03:24:57 AM     0        27    0.00    0.00    0.00    0.00    0.00     3      0.00      0.00       0       0   0.00  cpuhp/3
03:24:57 AM     0        28    0.00    0.00    0.00    0.00    0.00     3      0.00      0.00       0       0   0.00  migration/3
03:24:57 AM     0        29    0.00    0.00    0.00    0.00    0.00     3      0.00      0.00       0       0   0.00  ksoftirqd/3
03:24:57 AM     0        32    0.00    0.00    0.00    0.00    0.00     4      0.00      0.00       0       0   0.00  cpuhp/4
03:24:57 AM     0        33    0.00    0.00    0.00    0.00    0.00     4      0.00      0.00       0       0   0.00  migration/4
03:24:57 AM     0        34    0.00    0.00    0.00    0.00    0.00     4      0.00      0.00       0       0   0.00  ksoftirqd/4
03:24:57 AM     0        36    0.00    0.00    0.00    0.00    0.00     4      0.00      0.00       0       0   0.00  kworker/4:0H-kblockd
03:24:57 AM     0        37    0.00    0.00    0.00    0.00    0.00     5      0.00      0.00       0       0   0.00  cpuhp/5
03:24:57 AM     0        38    0.00    0.00    0.00    0.00    0.00     5      0.00      0.00       0       0   0.00  migration/5
03:24:57 AM     0        39    0.00    0.00    0.00    0.00    0.00     5      0.00      0.00       0       0   0.00  ksoftirqd/5
03:24:57 AM     0        41    0.00    0.00    0.00    0.00    0.00     5      0.00      0.00       0       0   0.00  kworker/5:0H-kblockd
03:24:57 AM     0        42    0.00    0.00    0.00    0.00    0.00     6      0.00      0.00       0       0   0.00  cpuhp/6
03:24:57 AM     0        43    0.00    0.00    0.00    0.00    0.00     6      0.00      0.00       0       0   0.00  migration/6
03:24:57 AM     0        44    0.00    0.00    0.00    0.00    0.00     6      0.00      0.00       0       0   0.00  ksoftirqd/6
03:24:57 AM     0        46    0.00    0.00    0.00    0.00    0.00     6      0.00      0.00       0       0   0.00  kworker/6:0H-events_highpri
03:24:57 AM     0        47    0.00    0.00    0.00    0.00    0.00     7      0.00      0.00       0       0   0.00  cpuhp/7
03:24:57 AM     0        48    0.00    0.00    0.00    0.00    0.00     7      0.00      0.00       0       0   0.00  migration/7
03:24:57 AM     0        49    0.00    0.00    0.00    0.00    0.00     7      0.00      0.00       0       0   0.00  ksoftirqd/7
03:24:57 AM     0        50    0.00    0.00    0.00    0.00    0.00     0      0.00      0.00       0       0   0.00  kworker/7:0-rcu_gp
03:24:57 AM     0        51    0.00    0.00    0.00    0.00    0.00     7      0.00      0.00       0       0   0.00  kworker/7:0H-kblockd
03:24:57 AM     0        52    0.00    0.00    0.00    0.00    0.00     0      0.00      0.00       0       0   0.00  kdevtmpfs
03:24:57 AM     0        53    0.00    0.00    0.00    0.00    0.00     4      0.00      0.00       0       0   0.00  netns
03:24:57 AM     0        54    0.00    0.00    0.00    0.00    0.00     1      0.00      0.00       0       0   0.00  kauditd
03:24:57 AM     0        55    0.00    0.00    0.00    0.00    0.00     0      0.00      0.00       0       0   0.00  irq/87-mc_statu
03:24:57 AM     0        56    0.00    0.00    0.00    0.00    0.00     0      0.00      0.00       0       0   0.00  khungtaskd
03:24:57 AM     0        57    0.00    0.00    0.00    0.00    0.00     3      0.00      0.00       0       0   0.00  oom_reaper
03:24:57 AM     0        58    0.00    0.00    0.00    0.00    0.00     5      0.00      0.00       0       0   0.00  writeback
03:24:57 AM     0        59    0.00    0.00    0.00    0.00    0.00     3      0.00      0.00       0       0   0.00  kcompactd0
03:24:57 AM     0        60    0.00    0.00    0.00    0.00    0.00     1      0.00      0.00       0       0   0.00  ksmd
03:24:57 AM     0        61    0.00    0.00    0.00    0.00    0.00     0      0.00      0.00       0       0   0.00  khugepaged
03:24:57 AM     0        93    0.00    0.00    0.00    0.00    0.00     1      0.00      0.00       0       0   0.00  kintegrityd
03:24:57 AM     0        94    0.00    0.00    0.00    0.00    0.00     1      0.00      0.00       0       0   0.00  kblockd
03:24:57 AM     0        95    0.00    0.00    0.00    0.00    0.00     1      0.00      0.00       0       0   0.00  blkcg_punt_bio
03:24:57 AM     0        97    0.00    0.00    0.00    0.00    0.00     3      0.00      0.00       0       0   0.00  tpm_dev_wq
03:24:57 AM     0        98    0.00    0.00    0.00    0.00    0.00     0      0.00      0.00       0       0   0.00  irq/197-30c0000
03:24:57 AM     0        99    0.00    0.00    0.00    0.00    0.00     1      0.00      0.00       0       0   0.00  devfreq_wq
03:24:57 AM     0       100    0.00    0.00    0.00    0.00    0.00     1      0.00      0.00       0       0   0.00  watchdogd
03:24:57 AM     0       104    0.00    0.00    0.00    0.00    0.00     7      0.00      0.00       0       0   0.00  rpciod
03:24:57 AM     0       106    0.00    0.00    0.00    0.00    0.00     7      0.00      0.00       0       0   0.00  xprtiod
03:24:57 AM     0       108    0.00    0.00    0.00    0.00    0.00     7      0.00      0.00       0       0   0.00  kswapd0
03:24:57 AM     0       109    0.00    0.00    0.00    0.00    0.00     5      0.00      0.00       0       0   0.00  nfsiod
03:24:57 AM     0       112    0.00    0.00    0.00    0.00    0.00     1      0.00      0.00       0       0   0.00  kthrotld
03:24:57 AM     0       113    0.00    0.00    0.00    0.00    0.00     7      0.00      0.00       0       0   0.00  kpcitest
03:24:57 AM     0       116    0.00    0.00    0.00    0.00    0.00     5      0.00      0.00       0       0   0.00  kworker/5:1-events
03:24:57 AM     0       122    0.00    0.00    0.00    0.00    0.00     1      0.00      0.00       0       0   0.00  nvme-wq
03:24:57 AM     0       123    0.00    0.00    0.00    0.00    0.00     5      0.00      0.00       0       0   0.00  nvme-reset-wq
03:24:57 AM     0       124    0.00    0.00    0.00    0.00    0.00     6      0.00      0.00       0       0   0.00  nvme-delete-wq
03:24:57 AM     0       125    0.00    0.00    0.00    0.00    0.00     6      0.00      0.00       0       0   0.00  uas
03:24:57 AM     0       126    0.00    0.00    0.00    0.00    0.00     0      0.00      0.00       0       0   0.00  irq/222-tegra_r
03:24:57 AM     0       127    0.00    0.00    0.00    0.00    0.00     0      0.00      0.00       0       0   0.00  kworker/7:2-events
03:24:57 AM     0       129    0.00    0.00    0.00    0.00    0.00     0      0.00      0.00       0       0   0.00  irq/86-tegra-oc
03:24:57 AM     0       130    0.00    0.00    0.00    0.00    0.00     5      0.00      0.00       0       0   0.00  dm_bufio_cache
03:24:57 AM     0       131    0.00    0.00    0.00    0.00    0.00     0      0.00      0.00       0       0   0.00  irq/223-max7762
03:24:57 AM     0       140    0.00    0.00    0.00    0.00    0.00     0      0.00      0.00       0       0   0.00  irq/55-bc00000.
03:24:57 AM     0       143    0.00    0.00    0.00    0.00    0.00     0      0.00      0.00       0       0   0.00  ipv6_addrconf
03:24:57 AM     0       144    0.00    0.00    0.00    0.00    0.00     6      0.00      0.00       0       0   0.00  krfcommd
03:24:57 AM     0       145    0.00    0.00    0.00    0.00    0.00     0      0.00      0.00       0       0   0.00  kstrp
03:24:57 AM     0       150    0.00    0.00    0.00    0.00    0.00     0      0.00      0.00       0       0   0.00  irq/24-tegra-pc
03:24:57 AM     0       154    0.00    0.00    0.00    0.00    0.00     0      0.00      0.00       0       0   0.00  irq/26-tegra-pc
03:24:57 AM     0       160    0.00    0.00    0.00    0.00    0.00     0      0.00      0.00       0       0   0.00  irq/26-aerdrv
03:24:57 AM     0       161    0.00    0.00    0.00    0.00    0.00     0      0.00      0.00       0       0   0.00  irq/28-tegra-pc
03:24:57 AM     0       162    0.00    0.00    0.00    0.00    0.00     0      0.00      0.00       0       0   0.00  irq/28-aerdrv
03:24:57 AM     0       163    0.00    0.00    0.00    0.00    0.00     5      0.00      0.00       0       0   0.00  host_low_prio_w
03:24:57 AM     0       164    0.00    0.00    0.00    0.00    0.00     0      0.00      0.00       0       0   0.00  irq/57-host_syn
03:24:57 AM     0       165    0.00    0.00    0.00    0.00    0.00     0      0.00      0.00       0       0   0.00  irq/58-host_sta
03:24:57 AM     0       173    0.00    0.00    0.00    0.00    0.00     5      0.00      0.00       0       0   0.00  pva_task_status
03:24:57 AM     0       174    0.00    0.00    0.00    0.00    0.00     0      0.00      0.00       0       0   0.00  irq/75-pva-isr
03:24:57 AM     0       175    0.00    0.00    0.00    0.00    0.00     0      0.00      0.00       0       0   0.00  pva_task_status
03:24:57 AM     0       176    0.00    0.00    0.00    0.00    0.00     0      0.00      0.00       0       0   0.00  irq/76-pva-isr
03:24:57 AM     0       185    0.00    0.00    0.00    0.00    0.00     0      0.00      0.00       0       0   0.00  sdhci
03:24:57 AM     0       186    0.00    0.00    0.00    0.00    0.00     0      0.00      0.00       0       0   0.00  irq/39-mmc0
03:24:57 AM     0       187    0.00    0.00    0.00    0.00    0.00     2      0.00      0.00       0       0   0.00  sdhci
03:24:57 AM     0       189    0.00    0.00    0.00    0.00    0.00     0      0.00      0.00       0       0   0.00  irq/40-mmc1
03:24:57 AM     0       195    0.00    0.00    0.00    0.00    0.00     7      0.00      0.00       0       0   0.00  scsi_eh_0
03:24:57 AM     0       196    0.00    0.00    0.00    0.00    0.00     7      0.00      0.00       0       0   0.00  scsi_tmf_0
03:24:57 AM     0       197    0.00    0.00    0.00    0.00    0.00     0      0.00      0.00       0       0   0.00  kworker/5:2-events
03:24:57 AM     0       198    0.00    0.00    0.00    0.00    0.00     0      0.00      0.00       0       0   0.00  irq/67-15200000
03:24:57 AM     0       199    0.00    0.00    0.00    0.00    0.00     1      0.00      0.00       0       0   0.00  tegradc.0/a
03:24:57 AM     0       200    0.00    0.00    0.00    0.00    0.00     0      0.00      0.00       0       0   0.00  tegradc.0/b
03:24:57 AM     0       201    0.00    0.00    0.00    0.00    0.00     0      0.00      0.00       0       0   0.00  tegradc.0/c
03:24:57 AM     0       202    0.00    0.00    0.00    0.00    0.00     0      0.00      0.00       0       0   0.00  tegradc.0/d
03:24:57 AM     0       203    0.00    0.00    0.00    0.00    0.00     0      0.00      0.00       0       0   0.00  tegradc.0/e
03:24:57 AM     0       204    0.00    0.00    0.00    0.00    0.00     0      0.00      0.00       0       0   0.00  tegradc.0/f
03:24:57 AM     0       205    0.00    0.00    0.00    0.00    0.00     0      0.00      0.00       0       0   0.00  tegradc.0/sl
03:24:57 AM     0       206    0.00    0.00    0.00    0.00    0.00     0      0.00      0.00       0       0   0.00  irq/62-15200000
03:24:57 AM     0       207    0.00    0.00    0.00    0.00    0.00     0      0.00      0.00       0       0   0.00  irq/276-3400000
03:24:57 AM     0       208    0.00    0.00    0.00    0.00    0.00     0      0.00      0.00       0       0   0.00  ufs_eh_wq_0
03:24:57 AM     0       209    0.00    0.00    0.00    0.00    0.00     3      0.00      0.00       0       0   0.00  mmc_complete
03:24:57 AM     0       211    0.00    0.00    0.00    0.00    0.00     0      0.00      0.00       0       0   0.00  irq/278-1520000
03:24:57 AM     0       212    0.00    0.00    0.00    0.00    0.00     0      0.00      0.00       0       0   0.00  irq/203-3610000
03:24:57 AM     0       213    0.00    0.00    0.00    0.00    0.00     0      0.00      0.00       0       0   0.00  irq/221-3610000
03:24:57 AM     0       214    0.00    0.00    0.00    0.00    0.00     0      0.00      0.00       0       0   0.00  irq/30-tegra-pc
03:24:57 AM     0       216    0.00    0.00    0.00    0.00    0.00     0      0.00      0.00       0       0   0.00  kworker/4:3-events
03:24:57 AM     0       218    0.00    0.00    0.00    0.00    0.00     4      0.00      0.00       0       0   0.00  kworker/4:5-events
03:24:57 AM     0       221    0.00    0.00    0.00    0.00    0.00     0      0.00      0.00       0       0   0.00  kworker/6:12-events
03:24:57 AM     0       222    0.00    0.00    0.00    0.00    0.00     0      0.00      0.00       0       0   0.00  kworker/6:13-events
03:24:57 AM     0       225    0.00    0.00    0.00    0.00    0.00     0      0.00      0.00       0       0   0.00  irq/68-tegra_dp
03:24:57 AM     0       226    0.00    0.00    0.00    0.00    0.00     0      0.00      0.00       0       0   0.00  irq/65-15210000
03:24:57 AM     0       227    0.00    0.00    0.00    0.00    0.00     0      0.00      0.00       0       0   0.00  tegradc.1/a
03:24:57 AM     0       228    0.00    0.00    0.00    0.00    0.00     0      0.00      0.00       0       0   0.00  tegradc.1/b
03:24:57 AM     0       229    0.00    0.00    0.00    0.00    0.00     0      0.00      0.00       0       0   0.00  tegradc.1/c
03:24:57 AM     0       230    0.00    0.00    0.00    0.00    0.00     0      0.00      0.00       0       0   0.00  tegradc.1/d
03:24:57 AM     0       231    0.00    0.00    0.00    0.00    0.00     0      0.00      0.00       0       0   0.00  tegradc.1/e
03:24:57 AM     0       232    0.00    0.00    0.00    0.00    0.00     0      0.00      0.00       0       0   0.00  tegradc.1/f
03:24:57 AM     0       233    0.00    0.00    0.00    0.00    0.00     1      0.00      0.00       0       0   0.00  tegradc.1/sl
03:24:57 AM     0       234    0.00    0.00    0.00    0.00    0.00     0      0.00      0.00       0       0   0.00  irq/63-15210000
03:24:57 AM     0       249    0.00    0.00    0.00    0.00    0.00     0      0.00      0.00       0       0   0.00  irq/56-d230000.
03:24:57 AM     0       250    0.00    0.00    0.00    0.00    0.00     0      0.00      0.00       0       0   0.00  irq/69-tegra_dp
03:24:57 AM     0       251    0.00    0.00    0.00    0.00    0.00     0      0.00      0.00       0       0   0.00  irq/66-15220000
03:24:57 AM     0       252    0.00    0.00    0.00    0.00    0.00     0      0.00      0.00       0       0   0.00  tegradc.2/a
03:24:57 AM     0       253    0.00    0.00    0.00    0.00    0.00     0      0.00      0.00       0       0   0.00  tegradc.2/b
03:24:57 AM     0       254    0.00    0.00    0.00    0.00    0.00     0      0.00      0.00       0       0   0.00  tegradc.2/c
03:24:57 AM     0       255    0.00    0.00    0.00    0.00    0.00     0      0.00      0.00       0       0   0.00  tegradc.2/d
03:24:57 AM     0       256    0.00    0.00    0.00    0.00    0.00     0      0.00      0.00       0       0   0.00  tegradc.2/e
03:24:57 AM     0       257    0.00    0.00    0.00    0.00    0.00     0      0.00      0.00       0       0   0.00  tegradc.2/f
03:24:57 AM     0       258    0.00    0.00    0.00    0.00    0.00     0      0.00      0.00       0       0   0.00  tegradc.2/sl
03:24:57 AM     0       259    0.00    0.00    0.00    0.00    0.00     0      0.00      0.00       0       0   0.00  irq/64-15220000
03:24:57 AM     0       275    0.00    0.00    0.00    0.00    0.00     1      0.00      0.00       0       0   0.00  jbd2/mmcblk0p1-
03:24:57 AM     0       276    0.00    0.00    0.00    0.00    0.00     3      0.00      0.00       0       0   0.00  ext4-rsv-conver
03:24:57 AM     0       280    0.00    0.00    0.00    0.00    0.00     7      0.00      0.00       0       0   0.00  kworker/7:1H
03:24:57 AM     0       286    0.00    0.00    0.00    0.00    0.00     5      0.00      0.00       0       0   0.00  kworker/5:1H-kblockd
03:24:57 AM     0       312    0.00    0.00    0.00    0.00    0.00     1      0.00      0.00   61816   32076   0.10  systemd-journal
03:24:57 AM     0       338    0.00    0.00    0.00    0.00    0.00     1      0.00      0.00       0       0   0.00  nvmap-bz
03:24:57 AM     0       339    0.00    0.00    0.00    0.00    0.00     0      0.00      0.00       0       0   0.00  irq/204-gk20a_s
03:24:57 AM     0       340    0.00    0.00    0.00    0.00    0.00     0      0.00      0.00       0       0   0.00  irq/205-gk20a_n
03:24:57 AM     0       345    0.00    0.00    0.00    0.00    0.00     3      0.00      0.00    2776    1492   0.00  tee-supplicant
03:24:57 AM     0       347    0.00    0.00    0.00    0.00    0.00     3      0.00      0.00       0       0   0.00  optee_bus_scan
03:24:57 AM     0       358    0.00    0.00    0.00    0.00    0.00     2      0.00      0.00   22788    7532   0.02  systemd-udevd
03:24:57 AM     0       364    0.00    0.00    0.00    0.00    0.00     1      0.00      0.00    7948    4892   0.02  haveged
03:24:57 AM   126       365    0.00    0.00    0.00    0.00    0.00     3      0.00      0.00    7136    3108   0.01  rpcbind
03:24:57 AM   105       366    0.00    0.00    0.00    0.00    0.00     1      0.00      0.00   25592   13288   0.04  systemd-resolve
03:24:57 AM   103       367    0.00    0.00    0.00    0.00    0.00     0      0.00      0.00   90672    6220   0.02  systemd-timesyn
03:24:57 AM     0       407    0.00    0.00    0.00    0.00    0.00     5      0.00      0.00       0       0   0.00  cfg80211
03:24:57 AM     0       410    0.00    0.00    0.00    0.00    0.00     0      0.00      0.00       0       0   0.00  irq/42-3210000.
03:24:57 AM     0       412    0.00    0.00    0.00    0.00    0.00     2      0.00      0.00       0       0   0.00  spi0
03:24:57 AM     0       413    0.00    1.00    0.00    0.00    1.00     1      0.00      0.00       0       0   0.00  irq/282-iwlwifi
03:24:57 AM     0       416    0.00    0.00    0.00    0.00    0.00     4      0.00      0.00       0       0   0.00  ata_sff
03:24:57 AM     0       419    0.00    0.00    0.00    0.00    0.00     0      0.00      0.00       0       0   0.00  irq/43-c260000.
03:24:57 AM     0       420    0.00    0.00    0.00    0.00    0.00     6      0.00      0.00       0       0   0.00  scsi_eh_1
03:24:57 AM     0       422    0.00    0.00    0.00    0.00    0.00     6      0.00      0.00       0       0   0.00  scsi_tmf_1
03:24:57 AM     0       427    0.00    0.00    0.00    0.00    0.00     0      0.00      0.00       0       0   0.00  spi1
03:24:57 AM     0       430    0.00    0.00    0.00    0.00    0.00     1      0.00      0.00  242072    8880   0.03  accounts-daemon
03:24:57 AM   120       439    0.00    0.00    0.00    0.00    0.00     0      0.00      0.00    7084    3472   0.01  avahi-daemon
03:24:57 AM     0       441    0.00    0.00    0.00    0.00    0.00     2      0.00      0.00    9220    2516   0.01  cron
03:24:57 AM   106       443    0.00    0.00    0.00    0.00    0.00     1      0.00      0.00    9396    5264   0.02  dbus-daemon
03:24:57 AM     0       447    0.00    0.00    0.00    0.00    0.00     0      0.00      0.00  341244   20856   0.07  NetworkManager
03:24:57 AM     0       456    0.00    0.00    0.00    0.00    0.00     4      0.00      0.00   38300   19472   0.06  networkd-dispat
03:24:57 AM     0       473    0.00    0.00    0.00    0.00    0.00     3      0.00      0.00  238860   13352   0.04  polkitd
03:24:57 AM   125       483    0.00    0.00    0.00    0.00    0.00     3      0.00      0.00  220940    8288   0.03  rsyslogd
03:24:57 AM     0       503    0.00    0.00    0.00    0.00    0.00     2      0.00      0.00  235864    4364   0.01  switcheroo-cont
03:24:57 AM     0       514    0.00    0.00    0.00    0.00    0.00     0      0.00      0.00   17076    6760   0.02  systemd-logind
03:24:57 AM     0       523    0.00    0.00    0.00    0.00    0.00     2      0.00      0.00  395556   15680   0.05  udisksd
03:24:57 AM     0       528    0.00    0.00    0.00    0.00    0.00     1      0.00      0.00   12784    8052   0.03  wpa_supplicant
03:24:57 AM     0       548    0.00    0.00    0.00    0.00    0.00     0      0.00      0.00       0       0   0.00  sugov:0
03:24:57 AM   120       555    0.00    0.00    0.00    0.00    0.00     2      0.00      0.00    6896     324   0.00  avahi-daemon
03:24:57 AM     0       585    0.00    0.00    0.00    0.00    0.00     5      0.00      0.00       0       0   0.00  tmp451
03:24:57 AM     0       597    0.00    0.00    0.00    0.00    0.00     3      0.00      0.00       0       0   0.00  irq/286-1-0008
03:24:57 AM     0       600    0.00    0.00    0.00    0.00    0.00     2      0.00      0.00  321792   14480   0.05  ModemManager
03:24:57 AM     0       653    0.00    0.00    0.00    0.00    0.00     0      0.00      0.00    2476     604   0.00  nvfancontrol
03:24:57 AM     0       728    0.00    0.00    0.00    0.00    0.00     4      0.00      0.00       0       0   0.00  adspp_kthread
03:24:57 AM     0       779    0.00    0.00    0.00    0.00    0.00     6      0.00      0.00       0       0   0.00  kworker/6:2H-kblockd
03:24:57 AM     0       876    0.00    0.00    0.00    0.00    0.00     1      0.00      0.00       0       0   0.00  irq/289-2490000
03:24:57 AM     0       887    0.00    0.00    0.00    0.00    0.00     0      0.00      0.00       0       0   0.00  irq/32-eth0.com
03:24:57 AM     0       919    0.00    0.00    0.00    0.00    0.00     4      0.00      0.00       0       0   0.00  file-storage
03:24:57 AM     0       953    0.00    0.00    0.00    0.00    0.00     1      0.00      0.00       0       0   0.00  loop0
03:24:57 AM     0      1048    0.00    0.00    0.00    0.00    0.00     4      0.00      0.00       0       0   0.00  kworker/4:2H-kblockd
03:24:57 AM     0      1091    0.00    0.00    0.00    0.00    0.00     3      0.00      0.00       0       0   0.00  cryptd
03:24:57 AM     0      1147    0.00    0.00    0.00    0.00    0.00     2      0.00      0.00       0       0   0.00  sw-quiesce
03:24:57 AM     0      1148    0.00    0.00    0.00    0.00    0.00     2      0.00      0.00       0       0   0.00  nvgpu_channel_p
03:24:57 AM     0      1151    0.00    0.00    0.00    0.00    0.00     3      0.00      0.00       0       0   0.00  nvgpu_nvs_gv11b
03:24:57 AM     0      1153    0.00    0.00    0.00    0.00    0.00     1      0.00      0.00       0       0   0.00  nvgpu_pg_init_g
03:24:57 AM     0      1157    0.00    0.00    0.00    0.00    0.00     3      0.00      0.00       0       0   0.00  nvgpu_clk_arb_p
03:24:57 AM     0      1162    0.00    0.00    0.00    0.00    0.00     3      0.00      0.00       0       0   0.00  irq/288-rt5659
03:24:57 AM     0      1270    0.00    0.00    0.00    0.00    0.00     3      0.00      0.00   55688   11092   0.03  nvargus-daemon
03:24:57 AM     0      1273    0.00    0.00    0.00    0.00    0.00     3      0.00      0.00   21932    1552   0.00  nvs-service
03:24:57 AM     0      1298    0.00    0.00    0.00    0.00    0.00     1      0.00      0.00 2007972   49164   0.15  containerd
03:24:57 AM     0      1314    0.00    0.00    0.00    0.00    0.00     0      0.00      0.00  240032    7616   0.02  gdm3
03:24:57 AM   108      1326    0.00    0.00    0.00    0.00    0.00     1      0.00      0.00   11468    1896   0.01  kerneloops
03:24:57 AM     0      1327    0.00    0.00    0.00    0.00    0.00     3      0.00      0.00   12236    6576   0.02  sshd
03:24:57 AM     0      1336    0.00    0.00    0.00    0.00    0.00     0      0.00      0.00    7688    1876   0.01  agetty
03:24:57 AM     0      1337    0.00    0.00    0.00    0.00    0.00     2      0.00      0.00    7688    1904   0.01  agetty
03:24:57 AM   108      1339    0.00    0.00    0.00    0.00    0.00     2      0.00      0.00   11468    1820   0.01  kerneloops
03:24:57 AM     0      1340    0.00    0.00    0.00    0.00    0.00     3      0.00      0.00    9216    2824   0.01  nvgetty.sh
03:24:57 AM     0      1379    0.00    0.00    0.00    0.00    0.00     0      0.00      0.00    7688    1848   0.01  getty
03:24:57 AM     0      1554    0.00    0.00    0.00    0.00    0.00     2      0.00      0.00 2111796   86036   0.27  dockerd
03:24:57 AM     0      1677    0.00    0.00    0.00    0.00    0.00     2      0.00      0.00  168472    8256   0.03  gdm-session-wor
03:24:57 AM     0      1711    0.00    0.00    0.00    0.00    0.00     0      0.00      0.00    3248     808   0.00  nvphsd
03:24:57 AM     0      1716    0.00    0.00    0.00    0.00    0.00     3      0.00      0.00    3380    1788   0.01  nvphsd
03:24:57 AM   124      1789    0.00    0.00    0.00    0.00    0.00     3      0.00      0.00   19144    9224   0.03  systemd
03:24:57 AM   124      1804    0.00    0.00    0.00    0.00    0.00     3      0.00      0.00  104488    5436   0.02  (sd-pam)
03:24:57 AM   124      2014    0.00    0.00    0.00    0.00    0.00     1      0.00      0.00  961884   21984   0.07  pulseaudio
03:24:57 AM   124      2032    0.00    0.00    0.00    0.00    0.00     2      0.00      0.00  164156    5924   0.02  gdm-x-session
03:24:57 AM   124      2037    0.00    0.00    0.00    0.00    0.00     2      0.00      0.00 25330232   99256   0.31  Xorg
03:24:57 AM   118      2040    0.00    0.00    0.00    0.00    0.00     1      0.00      0.00  152516    2440   0.01  rtkit-daemon
03:24:57 AM   124      2162    0.00    0.00    0.00    0.00    0.00     2      0.00      0.00    7812    3448   0.01  dbus-daemon
03:24:57 AM   124      2428    0.00    0.00    0.00    0.00    0.00     0      0.00      0.00    4776    1164   0.00  dbus-run-sessio
03:24:57 AM   124      2429    0.00    0.00    0.00    0.00    0.00     2      0.00      0.00    8088    4104   0.01  dbus-daemon
03:24:57 AM   124      2438    0.00    0.00    0.00    0.00    0.00     0      0.00      0.00  559768   14932   0.05  gnome-session-b
03:24:57 AM     0      2457    0.00    0.00    0.00    0.00    0.00     2      0.00      0.00  101692   19628   0.06  jtop
03:24:57 AM   124      2463    0.00    0.00    0.00    0.00    0.00     3      0.00      0.00  309548   10092   0.03  at-spi-bus-laun
03:24:57 AM   124      2470    0.00    0.00    0.00    0.00    0.00     1      0.00      0.00    7676    3468   0.01  dbus-daemon
03:24:57 AM   124      2495    0.00    0.00    0.00    0.00    0.00     2      0.00      0.00 4022996  194924   0.61  gnome-shell
03:24:57 AM     0      2510    0.00    0.00    0.00    0.00    0.00     1      0.00      0.00  175424   16904   0.05  jtop
03:24:57 AM     0      2518    0.00    0.00    0.00    0.00    0.00     2      0.00      0.00  101692   17160   0.05  jtop
03:24:57 AM   124      2696    0.00    0.00    0.00    0.00    0.00     0      0.00      0.00  314420   11212   0.04  ibus-daemon
03:24:57 AM   124      2699    0.00    0.00    0.00    0.00    0.00     2      0.00      0.00  239960   11792   0.04  ibus-dconf
03:24:57 AM   124      2701    0.00    0.00    0.00    0.00    0.00     2      0.00      0.00  189920   16900   0.05  ibus-x11
03:24:57 AM   124      2704    0.00    0.00    0.00    0.00    0.00     3      0.00      0.00  239880    7776   0.02  ibus-portal
03:24:57 AM   124      2715    0.00    0.00    0.00    0.00    0.00     1      0.00      0.00  161420    6880   0.02  at-spi2-registr
03:24:57 AM   124      2719    0.00    0.00    0.00    0.00    0.00     3      0.00      0.00  235804    4672   0.01  xdg-permission-
03:24:57 AM     0      2725    0.00    0.00    0.00    0.00    0.00     0      0.00      0.00  252944    8776   0.03  upowerd
03:24:57 AM   124      2745    0.00    0.00    0.00    0.00    0.00     2      0.00      0.00 3001620   27244   0.09  gjs
03:24:57 AM   124      2764    0.00    0.00    0.00    0.00    0.00     3      0.00      0.00  469396   14236   0.04  gsd-sharing
03:24:57 AM   124      2765    0.00    0.00    0.00    0.00    0.00     1      0.00      0.00  334628   15072   0.05  gsd-wacom
03:24:57 AM   124      2768    0.00    0.00    0.00    0.00    0.00     3      0.00      0.00  571788   19844   0.06  gsd-color
03:24:57 AM   124      2772    0.00    0.00    0.00    0.00    0.00     3      0.00      0.00  338096   17824   0.06  gsd-keyboard
03:24:57 AM   124      2774    0.00    0.00    0.00    0.00    0.00     2      0.00      0.00  322508   11376   0.04  gsd-print-notif
03:24:57 AM   124      2779    0.00    0.00    0.00    0.00    0.00     3      0.00      0.00  166208    7736   0.02  ibus-engine-sim
03:24:57 AM   124      2780    0.00    0.00    0.00    0.00    0.00     1      0.00      0.00  457460    7996   0.03  gsd-rfkill
03:24:57 AM   124      2782    0.00    0.00    0.00    0.00    0.00     1      0.00      0.00  391976    9696   0.03  gsd-smartcard
03:24:57 AM   124      2784    0.00    0.00    0.00    0.00    0.00     2      0.00      0.00  374928   15372   0.05  gsd-datetime
03:24:57 AM   124      2790    0.00    0.00    0.00    0.00    0.00     2      0.00      0.00  679696   20032   0.06  gsd-media-keys
03:24:57 AM   124      2791    0.00    0.00    0.00    0.00    0.00     3      0.00      0.00  235772    5600   0.02  gsd-screensaver
03:24:57 AM   124      2793    0.00    0.00    0.00    0.00    0.00     3      0.00      0.00  320104    9452   0.03  gsd-sound
03:24:57 AM   124      2795    0.00    0.00    0.00    0.00    0.00     3      0.00      0.00  313652   10144   0.03  gsd-a11y-settin
03:24:57 AM   124      2799    0.00    0.00    0.00    0.00    0.00     3      0.00      0.00  313992   10540   0.03  gsd-housekeepin
03:24:57 AM   124      2802    0.00    0.00    0.00    0.00    0.00     3      0.00      0.00  339724   18828   0.06  gsd-power
03:24:57 AM   124      2824    0.00    0.00    0.00    0.00    0.00     2      0.00      0.00  342540   12784   0.04  gsd-printer
03:24:57 AM   119      2837    0.00    0.00    0.00    0.00    0.00     2      0.00      0.00  249328   17548   0.06  colord
03:24:57 AM     0     29120    0.00    0.00    0.00    0.00    0.00     2      0.00      0.00       0       0   0.00  kworker/u17:2-rb_allocator
03:24:57 AM     0     33852    0.00    0.00    0.00    0.00    0.00     1      0.00      0.00       0       0   0.00  kworker/1:0H-kblockd
03:24:57 AM     0     35048    0.00    0.00    0.00    0.00    0.00     1      0.00      0.00       0       0   0.00  kworker/u17:0-thermal_fan_est
03:24:57 AM  1000     39960    0.00    0.00    0.00    0.00    0.00     1      0.00      0.00   19248    9208   0.03  systemd
03:24:57 AM  1000     39961    0.00    0.00    0.00    0.00    0.00     2      0.00      0.00  170940    6304   0.02  (sd-pam)
03:24:57 AM  1000     40037    0.00    0.00    0.00    0.00    0.00     3      0.00      0.00    7812    3952   0.01  dbus-daemon
03:24:57 AM     0     40147    0.00    0.00    0.00    0.00    0.00     1      0.00      0.00       0       0   0.00  kworker/1:0-events
03:24:57 AM     0     40174    0.00    0.00    0.00    0.00    0.00     2      0.00      0.00       0       0   0.00  kworker/2:2H-kblockd
03:24:57 AM     0     40194    0.00    0.00    0.00    0.00    0.00     3      0.00      0.00       0       0   0.00  kworker/3:0H-kblockd
03:24:57 AM     0     41650    0.00    0.00    0.00    0.00    0.00     3      0.00      0.00       0       0   0.00  kworker/3:0-mm_percpu_wq
03:24:57 AM     0     81462    0.00    0.00    0.00    0.00    0.00     2      0.00      0.00       0       0   0.00  kworker/2:2-mm_percpu_wq
03:24:57 AM     0     81478    0.00    0.00    0.00    0.00    0.00     0      0.00      0.00       0       0   0.00  kworker/0:1H-kblockd
03:24:57 AM  1000     84840    0.00    0.00    0.00    0.00    0.00     3      0.00      0.00  240176   10088   0.03  gnome-keyring-d
03:24:57 AM   124     84900    0.00    0.00    0.00    0.00    0.00     1      0.00      0.00  156240    4584   0.01  dconf-service
03:24:57 AM     0     85427    0.00    0.00    0.00    0.00    0.00     0      0.00      0.00       0       0   0.00  kworker/0:2-events
03:24:57 AM     0     86310    0.00    0.00    0.00    0.00    0.00     2      0.00      0.00       0       0   0.00  kworker/u16:1-events_unbound
03:24:57 AM     0     86549    0.00    0.00    0.00    0.00    0.00     2      0.00      0.00   14768    7664   0.02  sshd
03:24:57 AM  1000     86593    0.00    0.00    0.00    0.00    0.00     3      0.00      0.00   15292    6480   0.02  sshd
03:24:57 AM  1000     86594    0.00    0.00    0.00    0.00    0.00     3      0.00      0.00   11860    5896   0.02  bash
03:24:57 AM     0     87290    0.00    0.00    0.00    0.00    0.00     0      0.00      0.00   14768    7584   0.02  sshd
03:24:57 AM  1000     87334    0.00    0.00    0.00    0.00    0.00     0      0.00      0.00   15292    6412   0.02  sshd
03:24:57 AM  1000     87335    0.00    0.00    0.00    0.00    0.00     2      0.00      0.00   11344    5436   0.02  bash
03:24:57 AM     0    137289    0.00    0.00    0.00    0.00    0.00     1      0.00      0.00       0       0   0.00  kworker/1:3-events
03:24:57 AM     0    142495    0.00    0.00    0.00    0.00    0.00     1      0.00      0.00       0       0   0.00  kworker/1:4-events
03:24:57 AM     0    147908    0.00    0.00    0.00    0.00    0.00     2      0.00      0.00   14768    7636   0.02  sshd
03:24:57 AM  1000    147952    0.00    0.00    0.00    0.00    0.00     1      0.00      0.00   15292    5656   0.02  sshd
03:24:57 AM  1000    147953    0.00    0.00    0.00    0.00    0.00     3      0.00      0.00   11344    5400   0.02  bash
03:24:57 AM     0    148065    0.00    0.00    0.00    0.00    0.00     3      0.00      0.00 1237828   16880   0.05  containerd-shim
03:24:57 AM     0    148086    0.00    0.00    0.00    0.00    0.00     3      0.00      0.00    4560    3504   0.01  bash
03:24:57 AM  1000    148115    0.00    0.00    0.00    0.00    0.00     3      0.00      0.00 1919232   29524   0.09  docker
03:24:57 AM     0    148133    0.00    0.00    0.00    0.00    0.00     1      0.00      0.00    4560    3508   0.01  bash
03:24:57 AM     0    148158    1.00    0.00    0.00    0.00    1.00     2      0.00      0.00  196036   35060   0.11  ros2
03:24:57 AM     0    148159    2.00    2.00    0.00    0.00    4.00     0      0.00      0.00  580336   29084   0.09  scale_truck_con
03:24:57 AM     0    148161    4.00    4.00    0.00    2.00    8.00     3      1.00      0.00  582944   21472   0.07  lrc_node
03:24:57 AM     0    148232    0.00    0.00    0.00    0.00    0.00     1      0.00      0.00   14768    7560   0.02  sshd
03:24:57 AM  1000    148276    0.00    0.00    0.00    0.00    0.00     0      0.00      0.00   15292    6364   0.02  sshd
03:24:57 AM  1000    148277    0.00    0.00    0.00    0.00    0.00     1      0.00      0.00   11860    5928   0.02  bash
03:24:57 AM     0    148558    0.00    0.00    0.00    0.00    0.00     3      0.00      0.00  651044   83308   0.26  python3
03:24:57 AM     0    150604    0.00    0.00    0.00    0.00    0.00     2      0.00      0.00       0       0   0.00  kworker/2:1-mm_percpu_wq
03:24:57 AM     0    150646    0.00    0.00    0.00    0.00    0.00     0      0.00      0.00       0       0   0.00  kworker/0:0H
03:24:57 AM     0    150688    0.00    0.00    0.00    0.00    0.00     2      0.00      0.00       0       0   0.00  kworker/2:0H
03:24:57 AM     0    151786    0.00    0.00    0.00    0.00    0.00     3      0.00      0.00       0       0   0.00  kworker/3:2H
03:24:57 AM     0    151819    0.00    0.00    0.00    0.00    0.00     3      0.00      0.00       0       0   0.00  kworker/3:2-cgroup_destroy
03:24:57 AM     0    151861    0.00    0.00    0.00    0.00    0.00     1      0.00      0.00       0       0   0.00  kworker/u16:0-events_unbound
03:24:57 AM     0    151916    0.00    0.00    0.00    0.00    0.00     0      0.00      0.00       0       0   0.00  kworker/0:0-events
03:24:57 AM     0    151989    0.00    0.00    0.00    0.00    0.00     1      0.00      0.00       0       0   0.00  kworker/1:1H
03:24:57 AM     0    152270    0.00    0.00    0.00    0.00    0.00     1      0.00      0.00       0       0   0.00  kworker/1:2-events
03:24:57 AM     0    152626    0.00    0.00    0.00    0.00    0.00     2      0.00      0.00       0       0   0.00  kworker/2:1H
03:24:57 AM     0    152627    0.00    0.00    0.00    0.00    0.00     3      0.00      0.00       0       0   0.00  kworker/3:1H
03:24:57 AM     0    152628    0.00    0.00    0.00    0.00    0.00     0      0.00      0.00       0       0   0.00  kworker/0:1-events
03:24:57 AM     0    152655    0.00    0.00    0.00    0.00    0.00     1      0.00      0.00       0       0   0.00  kworker/u16:2-events_unbound
03:24:57 AM     0    152798    0.00    0.00    0.00    0.00    0.00     1      0.00      0.00       0       0   0.00  kworker/1:2H
03:24:57 AM     0    152803    0.00    0.00    0.00    0.00    0.00     2      0.00      0.00       0       0   0.00  kworker/2:0
03:24:57 AM     0    152876    0.00    0.00    0.00    0.00    0.00     3      0.00      0.00    4428    3224   0.01  bash
03:24:57 AM  1000    152883    0.00    0.00    0.00    0.00    0.00     3      0.00      0.00    9208    3068   0.01  bash
03:24:57 AM     0    153059    0.00    0.00    0.00    0.00    0.00     1      0.00      0.00    2660     780   0.00  timeout
03:24:57 AM     0    153061    7.00    4.00    0.00    0.00   11.00     2      2.00      0.00  837724   47272   0.15  ros2
03:24:57 AM  1000    153071    3.00   13.00    0.00    0.00   16.00     2      0.00      0.00   17668    9488   0.03  pidstat
03:24:57 AM  1000    153086    0.00    0.00    0.00    0.00    0.00     3      0.00      0.00 1623984   25280   0.08  docker
03:24:57 AM     0    153102    1.00    2.00    0.00    0.00    3.00     3    341.00      0.00    2660     800   0.00  timeout
03:24:57 AM     0    153123   37.00   15.00    0.00    0.00   52.00     1   3488.00      0.00   34364   21920   0.07  ros2

# Time        UID       PID    %usr %system  %guest   %wait    %CPU   CPU  minflt/s  majflt/s     VSZ     RSS   %MEM  Command
03:24:58 AM     0         1    0.00    0.00    0.00    0.00    0.00     0      0.00      0.00  169880   11540   0.04  systemd
03:24:58 AM     0         2    0.00    0.00    0.00    0.00    0.00     1      0.00      0.00       0       0   0.00  kthreadd
03:24:58 AM     0         3    0.00    0.00    0.00    0.00    0.00     0      0.00      0.00       0       0   0.00  rcu_gp
03:24:58 AM     0         4    0.00    0.00    0.00    0.00    0.00     0      0.00      0.00       0       0   0.00  rcu_par_gp
03:24:58 AM     0         8    0.00    0.00    0.00    0.00    0.00     0      0.00      0.00       0       0   0.00  mm_percpu_wq
03:24:58 AM     0         9    0.00    0.00    0.00    0.00    0.00     0      0.00      0.00       0       0   0.00  rcu_tasks_kthre
03:24:58 AM     0        10    0.00    0.00    0.00    0.00    0.00     0      0.00      0.00       0       0   0.00  rcu_tasks_rude_
03:24:58 AM     0        11    0.00    0.00    0.00    0.00    0.00     0      0.00      0.00       0       0   0.00  rcu_tasks_trace
03:24:58 AM     0        12    0.00    0.00    0.00    0.00    0.00     0      0.00      0.00       0       0   0.00  ksoftirqd/0
03:24:58 AM     0        13    0.00    1.00    0.00    0.00    1.00     3      0.00      0.00       0       0   0.00  rcu_preempt
03:24:58 AM     0        14    0.00    0.00    0.00    0.00    0.00     0      0.00      0.00       0       0   0.00  migration/0
03:24:58 AM     0        16    0.00    0.00    0.00    0.00    0.00     0      0.00      0.00       0       0   0.00  cpuhp/0
03:24:58 AM     0        17    0.00    0.00    0.00    0.00    0.00     1      0.00      0.00       0       0   0.00  cpuhp/1
03:24:58 AM     0        18    0.00    0.00    0.00    0.00    0.00     1      0.00      0.00       0       0   0.00  migration/1
03:24:58 AM     0        19    0.00    0.00    0.00    0.00    0.00     1      0.00      0.00       0       0   0.00  ksoftirqd/1
03:24:58 AM     0        22    0.00    0.00    0.00    0.00    0.00     2      0.00      0.00       0       0   0.00  cpuhp/2
03:24:58 AM     0        23    0.00    0.00    0.00    0.00    0.00     2      0.00      0.00       0       0   0.00  migration/2
03:24:58 AM     0        24    0.00    0.00    0.00    0.00    0.00     2      0.00      0.00       0       0   0.00  ksoftirqd/2
03:24:58 AM     0        27    0.00    0.00    0.00    0.00    0.00     3      0.00      0.00       0       0   0.00  cpuhp/3
03:24:58 AM     0        28    0.00    0.00    0.00    0.00    0.00     3      0.00      0.00       0       0   0.00  migration/3
03:24:58 AM     0        29    0.00    0.00    0.00    0.00    0.00     3      0.00      0.00       0       0   0.00  ksoftirqd/3
03:24:58 AM     0        32    0.00    0.00    0.00    0.00    0.00     4      0.00      0.00       0       0   0.00  cpuhp/4
03:24:58 AM     0        33    0.00    0.00    0.00    0.00    0.00     4      0.00      0.00       0       0   0.00  migration/4
03:24:58 AM     0        34    0.00    0.00    0.00    0.00    0.00     4      0.00      0.00       0       0   0.00  ksoftirqd/4
03:24:58 AM     0        36    0.00    0.00    0.00    0.00    0.00     4      0.00      0.00       0       0   0.00  kworker/4:0H-kblockd
03:24:58 AM     0        37    0.00    0.00    0.00    0.00    0.00     5      0.00      0.00       0       0   0.00  cpuhp/5
03:24:58 AM     0        38    0.00    0.00    0.00    0.00    0.00     5      0.00      0.00       0       0   0.00  migration/5
03:24:58 AM     0        39    0.00    0.00    0.00    0.00    0.00     5      0.00      0.00       0       0   0.00  ksoftirqd/5
03:24:58 AM     0        41    0.00    0.00    0.00    0.00    0.00     5      0.00      0.00       0       0   0.00  kworker/5:0H-kblockd
03:24:58 AM     0        42    0.00    0.00    0.00    0.00    0.00     6      0.00      0.00       0       0   0.00  cpuhp/6
03:24:58 AM     0        43    0.00    0.00    0.00    0.00    0.00     6      0.00      0.00       0       0   0.00  migration/6
03:24:58 AM     0        44    0.00    0.00    0.00    0.00    0.00     6      0.00      0.00       0       0   0.00  ksoftirqd/6
03:24:58 AM     0        46    0.00    0.00    0.00    0.00    0.00     6      0.00      0.00       0       0   0.00  kworker/6:0H-events_highpri
03:24:58 AM     0        47    0.00    0.00    0.00    0.00    0.00     7      0.00      0.00       0       0   0.00  cpuhp/7
03:24:58 AM     0        48    0.00    0.00    0.00    0.00    0.00     7      0.00      0.00       0       0   0.00  migration/7
03:24:58 AM     0        49    0.00    0.00    0.00    0.00    0.00     7      0.00      0.00       0       0   0.00  ksoftirqd/7
03:24:58 AM     0        50    0.00    0.00    0.00    0.00    0.00     0      0.00      0.00       0       0   0.00  kworker/7:0-rcu_gp
03:24:58 AM     0        51    0.00    0.00    0.00    0.00    0.00     7      0.00      0.00       0       0   0.00  kworker/7:0H-kblockd
03:24:58 AM     0        52    0.00    0.00    0.00    0.00    0.00     0      0.00      0.00       0       0   0.00  kdevtmpfs
03:24:58 AM     0        53    0.00    0.00    0.00    0.00    0.00     4      0.00      0.00       0       0   0.00  netns
03:24:58 AM     0        54    0.00    0.00    0.00    0.00    0.00     1      0.00      0.00       0       0   0.00  kauditd
03:24:58 AM     0        55    0.00    0.00    0.00    0.00    0.00     0      0.00      0.00       0       0   0.00  irq/87-mc_statu
03:24:58 AM     0        56    0.00    0.00    0.00    0.00    0.00     0      0.00      0.00       0       0   0.00  khungtaskd
03:24:58 AM     0        57    0.00    0.00    0.00    0.00    0.00     3      0.00      0.00       0       0   0.00  oom_reaper
03:24:58 AM     0        58    0.00    0.00    0.00    0.00    0.00     5      0.00      0.00       0       0   0.00  writeback
03:24:58 AM     0        59    0.00    0.00    0.00    0.00    0.00     2      0.00      0.00       0       0   0.00  kcompactd0
03:24:58 AM     0        60    0.00    0.00    0.00    0.00    0.00     1      0.00      0.00       0       0   0.00  ksmd
03:24:58 AM     0        61    0.00    0.00    0.00    0.00    0.00     0      0.00      0.00       0       0   0.00  khugepaged
03:24:58 AM     0        93    0.00    0.00    0.00    0.00    0.00     1      0.00      0.00       0       0   0.00  kintegrityd
03:24:58 AM     0        94    0.00    0.00    0.00    0.00    0.00     1      0.00      0.00       0       0   0.00  kblockd
03:24:58 AM     0        95    0.00    0.00    0.00    0.00    0.00     1      0.00      0.00       0       0   0.00  blkcg_punt_bio
03:24:58 AM     0        97    0.00    0.00    0.00    0.00    0.00     3      0.00      0.00       0       0   0.00  tpm_dev_wq
03:24:58 AM     0        98    0.00    0.00    0.00    0.00    0.00     0      0.00      0.00       0       0   0.00  irq/197-30c0000
03:24:58 AM     0        99    0.00    0.00    0.00    0.00    0.00     1      0.00      0.00       0       0   0.00  devfreq_wq
03:24:58 AM     0       100    0.00    0.00    0.00    0.00    0.00     1      0.00      0.00       0       0   0.00  watchdogd
03:24:58 AM     0       104    0.00    0.00    0.00    0.00    0.00     7      0.00      0.00       0       0   0.00  rpciod
03:24:58 AM     0       106    0.00    0.00    0.00    0.00    0.00     7      0.00      0.00       0       0   0.00  xprtiod
03:24:58 AM     0       108    0.00    0.00    0.00    0.00    0.00     7      0.00      0.00       0       0   0.00  kswapd0
03:24:58 AM     0       109    0.00    0.00    0.00    0.00    0.00     5      0.00      0.00       0       0   0.00  nfsiod
03:24:58 AM     0       112    0.00    0.00    0.00    0.00    0.00     1      0.00      0.00       0       0   0.00  kthrotld
03:24:58 AM     0       113    0.00    0.00    0.00    0.00    0.00     7      0.00      0.00       0       0   0.00  kpcitest
03:24:58 AM     0       116    0.00    0.00    0.00    0.00    0.00     5      0.00      0.00       0       0   0.00  kworker/5:1-events
03:24:58 AM     0       122    0.00    0.00    0.00    0.00    0.00     1      0.00      0.00       0       0   0.00  nvme-wq
03:24:58 AM     0       123    0.00    0.00    0.00    0.00    0.00     5      0.00      0.00       0       0   0.00  nvme-reset-wq
03:24:58 AM     0       124    0.00    0.00    0.00    0.00    0.00     6      0.00      0.00       0       0   0.00  nvme-delete-wq
03:24:58 AM     0       125    0.00    0.00    0.00    0.00    0.00     6      0.00      0.00       0       0   0.00  uas
03:24:58 AM     0       126    0.00    0.00    0.00    0.00    0.00     0      0.00      0.00       0       0   0.00  irq/222-tegra_r
03:24:58 AM     0       127    0.00    0.00    0.00    0.00    0.00     0      0.00      0.00       0       0   0.00  kworker/7:2-events
03:24:58 AM     0       129    0.00    0.00    0.00    0.00    0.00     0      0.00      0.00       0       0   0.00  irq/86-tegra-oc
03:24:58 AM     0       130    0.00    0.00    0.00    0.00    0.00     5      0.00      0.00       0       0   0.00  dm_bufio_cache
03:24:58 AM     0       131    0.00    0.00    0.00    0.00    0.00     0      0.00      0.00       0       0   0.00  irq/223-max7762
03:24:58 AM     0       140    0.00    0.00    0.00    0.00    0.00     0      0.00      0.00       0       0   0.00  irq/55-bc00000.
03:24:58 AM     0       143    0.00    0.00    0.00    0.00    0.00     0      0.00      0.00       0       0   0.00  ipv6_addrconf
03:24:58 AM     0       144    0.00    0.00    0.00    0.00    0.00     6      0.00      0.00       0       0   0.00  krfcommd
03:24:58 AM     0       145    0.00    0.00    0.00    0.00    0.00     0      0.00      0.00       0       0   0.00  kstrp
03:24:58 AM     0       150    0.00    0.00    0.00    0.00    0.00     0      0.00      0.00       0       0   0.00  irq/24-tegra-pc
03:24:58 AM     0       154    0.00    0.00    0.00    0.00    0.00     0      0.00      0.00       0       0   0.00  irq/26-tegra-pc
03:24:58 AM     0       160    0.00    0.00    0.00    0.00    0.00     0      0.00      0.00       0       0   0.00  irq/26-aerdrv
03:24:58 AM     0       161    0.00    0.00    0.00    0.00    0.00     0      0.00      0.00       0       0   0.00  irq/28-tegra-pc
03:24:58 AM     0       162    0.00    0.00    0.00    0.00    0.00     0      0.00      0.00       0       0   0.00  irq/28-aerdrv
03:24:58 AM     0       163    0.00    0.00    0.00    0.00    0.00     5      0.00      0.00       0       0   0.00  host_low_prio_w
03:24:58 AM     0       164    0.00    0.00    0.00    0.00    0.00     0      0.00      0.00       0       0   0.00  irq/57-host_syn
03:24:58 AM     0       165    0.00    0.00    0.00    0.00    0.00     0      0.00      0.00       0       0   0.00  irq/58-host_sta
03:24:58 AM     0       173    0.00    0.00    0.00    0.00    0.00     5      0.00      0.00       0       0   0.00  pva_task_status
03:24:58 AM     0       174    0.00    0.00    0.00    0.00    0.00     0      0.00      0.00       0       0   0.00  irq/75-pva-isr
03:24:58 AM     0       175    0.00    0.00    0.00    0.00    0.00     0      0.00      0.00       0       0   0.00  pva_task_status
03:24:58 AM     0       176    0.00    0.00    0.00    0.00    0.00     0      0.00      0.00       0       0   0.00  irq/76-pva-isr
03:24:58 AM     0       185    0.00    0.00    0.00    0.00    0.00     0      0.00      0.00       0       0   0.00  sdhci
03:24:58 AM     0       186    0.00    0.00    0.00    0.00    0.00     0      0.00      0.00       0       0   0.00  irq/39-mmc0
03:24:58 AM     0       187    0.00    0.00    0.00    0.00    0.00     2      0.00      0.00       0       0   0.00  sdhci
03:24:58 AM     0       189    0.00    0.00    0.00    0.00    0.00     0      0.00      0.00       0       0   0.00  irq/40-mmc1
03:24:58 AM     0       195    0.00    0.00    0.00    0.00    0.00     7      0.00      0.00       0       0   0.00  scsi_eh_0
03:24:58 AM     0       196    0.00    0.00    0.00    0.00    0.00     7      0.00      0.00       0       0   0.00  scsi_tmf_0
03:24:58 AM     0       197    0.00    0.00    0.00    0.00    0.00     0      0.00      0.00       0       0   0.00  kworker/5:2-events
03:24:58 AM     0       198    0.00    0.00    0.00    0.00    0.00     0      0.00      0.00       0       0   0.00  irq/67-15200000
03:24:58 AM     0       199    0.00    0.00    0.00    0.00    0.00     1      0.00      0.00       0       0   0.00  tegradc.0/a
03:24:58 AM     0       200    0.00    0.00    0.00    0.00    0.00     0      0.00      0.00       0       0   0.00  tegradc.0/b
03:24:58 AM     0       201    0.00    0.00    0.00    0.00    0.00     0      0.00      0.00       0       0   0.00  tegradc.0/c
03:24:58 AM     0       202    0.00    0.00    0.00    0.00    0.00     0      0.00      0.00       0       0   0.00  tegradc.0/d
03:24:58 AM     0       203    0.00    0.00    0.00    0.00    0.00     0      0.00      0.00       0       0   0.00  tegradc.0/e
03:24:58 AM     0       204    0.00    0.00    0.00    0.00    0.00     0      0.00      0.00       0       0   0.00  tegradc.0/f
03:24:58 AM     0       205    0.00    0.00    0.00    0.00    0.00     0      0.00      0.00       0       0   0.00  tegradc.0/sl
03:24:58 AM     0       206    0.00    0.00    0.00    0.00    0.00     0      0.00      0.00       0       0   0.00  irq/62-15200000
03:24:58 AM     0       207    0.00    0.00    0.00    0.00    0.00     0      0.00      0.00       0       0   0.00  irq/276-3400000
03:24:58 AM     0       208    0.00    0.00    0.00    0.00    0.00     0      0.00      0.00       0       0   0.00  ufs_eh_wq_0
03:24:58 AM     0       209    0.00    0.00    0.00    0.00    0.00     3      0.00      0.00       0       0   0.00  mmc_complete
03:24:58 AM     0       211    0.00    0.00    0.00    0.00    0.00     0      0.00      0.00       0       0   0.00  irq/278-1520000
03:24:58 AM     0       212    0.00    0.00    0.00    0.00    0.00     0      0.00      0.00       0       0   0.00  irq/203-3610000
03:24:58 AM     0       213    0.00    0.00    0.00    0.00    0.00     0      0.00      0.00       0       0   0.00  irq/221-3610000
03:24:58 AM     0       214    0.00    0.00    0.00    0.00    0.00     0      0.00      0.00       0       0   0.00  irq/30-tegra-pc
03:24:58 AM     0       216    0.00    0.00    0.00    0.00    0.00     0      0.00      0.00       0       0   0.00  kworker/4:3-events
03:24:58 AM     0       218    0.00    0.00    0.00    0.00    0.00     4      0.00      0.00       0       0   0.00  kworker/4:5-events
03:24:58 AM     0       221    0.00    0.00    0.00    0.00    0.00     0      0.00      0.00       0       0   0.00  kworker/6:12-events
03:24:58 AM     0       222    0.00    0.00    0.00    0.00    0.00     0      0.00      0.00       0       0   0.00  kworker/6:13-events
03:24:58 AM     0       225    0.00    0.00    0.00    0.00    0.00     0      0.00      0.00       0       0   0.00  irq/68-tegra_dp
03:24:58 AM     0       226    0.00    0.00    0.00    0.00    0.00     0      0.00      0.00       0       0   0.00  irq/65-15210000
03:24:58 AM     0       227    0.00    0.00    0.00    0.00    0.00     0      0.00      0.00       0       0   0.00  tegradc.1/a
03:24:58 AM     0       228    0.00    0.00    0.00    0.00    0.00     0      0.00      0.00       0       0   0.00  tegradc.1/b
03:24:58 AM     0       229    0.00    0.00    0.00    0.00    0.00     0      0.00      0.00       0       0   0.00  tegradc.1/c
03:24:58 AM     0       230    0.00    0.00    0.00    0.00    0.00     0      0.00      0.00       0       0   0.00  tegradc.1/d
03:24:58 AM     0       231    0.00    0.00    0.00    0.00    0.00     0      0.00      0.00       0       0   0.00  tegradc.1/e
03:24:58 AM     0       232    0.00    0.00    0.00    0.00    0.00     0      0.00      0.00       0       0   0.00  tegradc.1/f
03:24:58 AM     0       233    0.00    0.00    0.00    0.00    0.00     1      0.00      0.00       0       0   0.00  tegradc.1/sl
03:24:58 AM     0       234    0.00    0.00    0.00    0.00    0.00     0      0.00      0.00       0       0   0.00  irq/63-15210000
03:24:58 AM     0       249    0.00    0.00    0.00    0.00    0.00     0      0.00      0.00       0       0   0.00  irq/56-d230000.
03:24:58 AM     0       250    0.00    0.00    0.00    0.00    0.00     0      0.00      0.00       0       0   0.00  irq/69-tegra_dp
03:24:58 AM     0       251    0.00    0.00    0.00    0.00    0.00     0      0.00      0.00       0       0   0.00  irq/66-15220000
03:24:58 AM     0       252    0.00    0.00    0.00    0.00    0.00     0      0.00      0.00       0       0   0.00  tegradc.2/a
03:24:58 AM     0       253    0.00    0.00    0.00    0.00    0.00     0      0.00      0.00       0       0   0.00  tegradc.2/b
03:24:58 AM     0       254    0.00    0.00    0.00    0.00    0.00     0      0.00      0.00       0       0   0.00  tegradc.2/c
03:24:58 AM     0       255    0.00    0.00    0.00    0.00    0.00     0      0.00      0.00       0       0   0.00  tegradc.2/d
03:24:58 AM     0       256    0.00    0.00    0.00    0.00    0.00     0      0.00      0.00       0       0   0.00  tegradc.2/e
03:24:58 AM     0       257    0.00    0.00    0.00    0.00    0.00     0      0.00      0.00       0       0   0.00  tegradc.2/f
03:24:58 AM     0       258    0.00    0.00    0.00    0.00    0.00     0      0.00      0.00       0       0   0.00  tegradc.2/sl
03:24:58 AM     0       259    0.00    0.00    0.00    0.00    0.00     0      0.00      0.00       0       0   0.00  irq/64-15220000
03:24:58 AM     0       275    0.00    0.00    0.00    0.00    0.00     1      0.00      0.00       0       0   0.00  jbd2/mmcblk0p1-
03:24:58 AM     0       276    0.00    0.00    0.00    0.00    0.00     3      0.00      0.00       0       0   0.00  ext4-rsv-conver
03:24:58 AM     0       280    0.00    0.00    0.00    0.00    0.00     7      0.00      0.00       0       0   0.00  kworker/7:1H
03:24:58 AM     0       286    0.00    0.00    0.00    0.00    0.00     5      0.00      0.00       0       0   0.00  kworker/5:1H-kblockd
03:24:58 AM     0       312    0.00    0.00    0.00    0.00    0.00     1      0.00      0.00   61816   32076   0.10  systemd-journal
03:24:58 AM     0       338    0.00    0.00    0.00    0.00    0.00     1      0.00      0.00       0       0   0.00  nvmap-bz
03:24:58 AM     0       339    0.00    0.00    0.00    0.00    0.00     0      0.00      0.00       0       0   0.00  irq/204-gk20a_s
03:24:58 AM     0       340    0.00    0.00    0.00    0.00    0.00     0      0.00      0.00       0       0   0.00  irq/205-gk20a_n
03:24:58 AM     0       345    0.00    0.00    0.00    0.00    0.00     3      0.00      0.00    2776    1492   0.00  tee-supplicant
03:24:58 AM     0       347    0.00    0.00    0.00    0.00    0.00     3      0.00      0.00       0       0   0.00  optee_bus_scan
03:24:58 AM     0       358    0.00    0.00    0.00    0.00    0.00     2      0.00      0.00   22788    7532   0.02  systemd-udevd
03:24:58 AM     0       364    0.00    0.00    0.00    0.00    0.00     1      0.00      0.00    7948    4892   0.02  haveged
03:24:58 AM   126       365    0.00    0.00    0.00    0.00    0.00     3      0.00      0.00    7136    3108   0.01  rpcbind
03:24:58 AM   105       366    0.00    0.00    0.00    0.00    0.00     1      0.00      0.00   25592   13288   0.04  systemd-resolve
03:24:58 AM   103       367    0.00    0.00    0.00    0.00    0.00     0      0.00      0.00   90672    6220   0.02  systemd-timesyn
03:24:58 AM     0       407    0.00    0.00    0.00    0.00    0.00     5      0.00      0.00       0       0   0.00  cfg80211
03:24:58 AM     0       410    0.00    0.00    0.00    0.00    0.00     0      0.00      0.00       0       0   0.00  irq/42-3210000.
03:24:58 AM     0       412    0.00    0.00    0.00    0.00    0.00     2      0.00      0.00       0       0   0.00  spi0
03:24:58 AM     0       413    0.00    2.00    0.00    0.00    2.00     1      0.00      0.00       0       0   0.00  irq/282-iwlwifi
03:24:58 AM     0       416    0.00    0.00    0.00    0.00    0.00     4      0.00      0.00       0       0   0.00  ata_sff
03:24:58 AM     0       419    0.00    0.00    0.00    0.00    0.00     0      0.00      0.00       0       0   0.00  irq/43-c260000.
03:24:58 AM     0       420    0.00    0.00    0.00    0.00    0.00     6      0.00      0.00       0       0   0.00  scsi_eh_1
03:24:58 AM     0       422    0.00    0.00    0.00    0.00    0.00     6      0.00      0.00       0       0   0.00  scsi_tmf_1
03:24:58 AM     0       427    0.00    0.00    0.00    0.00    0.00     0      0.00      0.00       0       0   0.00  spi1
03:24:58 AM     0       430    0.00    0.00    0.00    0.00    0.00     1      0.00      0.00  242072    8880   0.03  accounts-daemon
03:24:58 AM   120       439    0.00    0.00    0.00    0.00    0.00     0      0.00      0.00    7084    3472   0.01  avahi-daemon
03:24:58 AM     0       441    0.00    0.00    0.00    0.00    0.00     2      0.00      0.00    9220    2516   0.01  cron
03:24:58 AM   106       443    0.00    0.00    0.00    0.00    0.00     1      0.00      0.00    9396    5264   0.02  dbus-daemon
03:24:58 AM     0       447    0.00    0.00    0.00    0.00    0.00     0      0.00      0.00  341244   20856   0.07  NetworkManager
03:24:58 AM     0       456    0.00    0.00    0.00    0.00    0.00     4      0.00      0.00   38300   19472   0.06  networkd-dispat
03:24:58 AM     0       473    0.00    0.00    0.00    0.00    0.00     3      0.00      0.00  238860   13352   0.04  polkitd
03:24:58 AM   125       483    0.00    0.00    0.00    0.00    0.00     3      0.00      0.00  220940    8288   0.03  rsyslogd
03:24:58 AM     0       503    0.00    0.00    0.00    0.00    0.00     2      0.00      0.00  235864    4364   0.01  switcheroo-cont
03:24:58 AM     0       514    0.00    0.00    0.00    0.00    0.00     0      0.00      0.00   17076    6760   0.02  systemd-logind
03:24:58 AM     0       523    0.00    0.00    0.00    0.00    0.00     2      0.00      0.00  395556   15680   0.05  udisksd
03:24:58 AM     0       528    0.00    0.00    0.00    0.00    0.00     1      0.00      0.00   12784    8052   0.03  wpa_supplicant
03:24:58 AM     0       548    0.00    0.00    0.00    0.00    0.00     0      0.00      0.00       0       0   0.00  sugov:0
03:24:58 AM   120       555    0.00    0.00    0.00    0.00    0.00     2      0.00      0.00    6896     324   0.00  avahi-daemon
03:24:58 AM     0       585    0.00    0.00    0.00    0.00    0.00     5      0.00      0.00       0       0   0.00  tmp451
03:24:58 AM     0       597    0.00    0.00    0.00    0.00    0.00     3      0.00      0.00       0       0   0.00  irq/286-1-0008
03:24:58 AM     0       600    0.00    0.00    0.00    0.00    0.00     2      0.00      0.00  321792   14480   0.05  ModemManager
03:24:58 AM     0       653    0.00    0.00    0.00    0.00    0.00     0      0.00      0.00    2476     604   0.00  nvfancontrol
03:24:58 AM     0       728    0.00    0.00    0.00    0.00    0.00     4      0.00      0.00       0       0   0.00  adspp_kthread
03:24:58 AM     0       779    0.00    0.00    0.00    0.00    0.00     6      0.00      0.00       0       0   0.00  kworker/6:2H-kblockd
03:24:58 AM     0       876    0.00    0.00    0.00    0.00    0.00     1      0.00      0.00       0       0   0.00  irq/289-2490000
03:24:58 AM     0       887    0.00    0.00    0.00    0.00    0.00     0      0.00      0.00       0       0   0.00  irq/32-eth0.com
03:24:58 AM     0       919    0.00    0.00    0.00    0.00    0.00     4      0.00      0.00       0       0   0.00  file-storage
03:24:58 AM     0       953    0.00    0.00    0.00    0.00    0.00     1      0.00      0.00       0       0   0.00  loop0
03:24:58 AM     0      1048    0.00    0.00    0.00    0.00    0.00     4      0.00      0.00       0       0   0.00  kworker/4:2H-kblockd
03:24:58 AM     0      1091    0.00    0.00    0.00    0.00    0.00     3      0.00      0.00       0       0   0.00  cryptd
03:24:58 AM     0      1147    0.00    0.00    0.00    0.00    0.00     2      0.00      0.00       0       0   0.00  sw-quiesce
03:24:58 AM     0      1148    0.00    0.00    0.00    0.00    0.00     3      0.00      0.00       0       0   0.00  nvgpu_channel_p
03:24:58 AM     0      1151    0.00    0.00    0.00    0.00    0.00     3      0.00      0.00       0       0   0.00  nvgpu_nvs_gv11b
03:24:58 AM     0      1153    0.00    0.00    0.00    0.00    0.00     1      0.00      0.00       0       0   0.00  nvgpu_pg_init_g
03:24:58 AM     0      1157    0.00    0.00    0.00    0.00    0.00     3      0.00      0.00       0       0   0.00  nvgpu_clk_arb_p
03:24:58 AM     0      1162    0.00    0.00    0.00    0.00    0.00     3      0.00      0.00       0       0   0.00  irq/288-rt5659
03:24:58 AM     0      1270    0.00    0.00    0.00    0.00    0.00     3      0.00      0.00   55688   11092   0.03  nvargus-daemon
03:24:58 AM     0      1273    0.00    0.00    0.00    0.00    0.00     3      0.00      0.00   21932    1552   0.00  nvs-service
03:24:58 AM     0      1298    0.00    0.00    0.00    0.00    0.00     1      0.00      0.00 2007972   49164   0.15  containerd
03:24:58 AM     0      1314    0.00    0.00    0.00    0.00    0.00     0      0.00      0.00  240032    7616   0.02  gdm3
03:24:58 AM   108      1326    0.00    0.00    0.00    0.00    0.00     1      0.00      0.00   11468    1896   0.01  kerneloops
03:24:58 AM     0      1327    0.00    0.00    0.00    0.00    0.00     3      0.00      0.00   12236    6576   0.02  sshd
03:24:58 AM     0      1336    0.00    0.00    0.00    0.00    0.00     0      0.00      0.00    7688    1876   0.01  agetty
03:24:58 AM     0      1337    0.00    0.00    0.00    0.00    0.00     2      0.00      0.00    7688    1904   0.01  agetty
03:24:58 AM   108      1339    0.00    0.00    0.00    0.00    0.00     2      0.00      0.00   11468    1820   0.01  kerneloops
03:24:58 AM     0      1340    0.00    0.00    0.00    0.00    0.00     3      0.00      0.00    9216    2824   0.01  nvgetty.sh
03:24:58 AM     0      1379    0.00    0.00    0.00    0.00    0.00     0      0.00      0.00    7688    1848   0.01  getty
03:24:58 AM     0      1554    0.00    0.00    0.00    0.00    0.00     2      0.00      0.00 2111796   86036   0.27  dockerd
03:24:58 AM     0      1677    0.00    0.00    0.00    0.00    0.00     2      0.00      0.00  168472    8256   0.03  gdm-session-wor
03:24:58 AM     0      1711    0.00    0.00    0.00    0.00    0.00     0      0.00      0.00    3248     808   0.00  nvphsd
03:24:58 AM     0      1716    0.00    0.00    0.00    0.00    0.00     3      0.00      0.00    3380    1788   0.01  nvphsd
03:24:58 AM   124      1789    0.00    0.00    0.00    0.00    0.00     3      0.00      0.00   19144    9224   0.03  systemd
03:24:58 AM   124      1804    0.00    0.00    0.00    0.00    0.00     3      0.00      0.00  104488    5436   0.02  (sd-pam)
03:24:58 AM   124      2014    0.00    0.00    0.00    0.00    0.00     1      0.00      0.00  961884   21984   0.07  pulseaudio
03:24:58 AM   124      2032    0.00    0.00    0.00    0.00    0.00     2      0.00      0.00  164156    5924   0.02  gdm-x-session
03:24:58 AM   124      2037    0.00    0.00    0.00    0.00    0.00     2      0.00      0.00 25330232   99256   0.31  Xorg
03:24:58 AM   118      2040    0.00    0.00    0.00    0.00    0.00     1      0.00      0.00  152516    2440   0.01  rtkit-daemon
03:24:58 AM   124      2162    0.00    0.00    0.00    0.00    0.00     2      0.00      0.00    7812    3448   0.01  dbus-daemon
03:24:58 AM   124      2428    0.00    0.00    0.00    0.00    0.00     0      0.00      0.00    4776    1164   0.00  dbus-run-sessio
03:24:58 AM   124      2429    0.00    0.00    0.00    0.00    0.00     2      0.00      0.00    8088    4104   0.01  dbus-daemon
03:24:58 AM   124      2438    0.00    0.00    0.00    0.00    0.00     0      0.00      0.00  559768   14932   0.05  gnome-session-b
03:24:58 AM     0      2457    0.00    0.00    0.00    0.00    0.00     2      0.00      0.00  101692   19628   0.06  jtop
03:24:58 AM   124      2463    0.00    0.00    0.00    0.00    0.00     3      0.00      0.00  309548   10092   0.03  at-spi-bus-laun
03:24:58 AM   124      2470    0.00    0.00    0.00    0.00    0.00     1      0.00      0.00    7676    3468   0.01  dbus-daemon
03:24:58 AM   124      2495    0.00    0.00    0.00    0.00    0.00     2      0.00      0.00 4022996  194924   0.61  gnome-shell
03:24:58 AM     0      2510    0.00    0.00    0.00    0.00    0.00     2      0.00      0.00  175424   16904   0.05  jtop
03:24:58 AM     0      2518    0.00    0.00    0.00    0.00    0.00     2      0.00      0.00  101692   17160   0.05  jtop
03:24:58 AM   124      2696    0.00    0.00    0.00    0.00    0.00     0      0.00      0.00  314420   11212   0.04  ibus-daemon
03:24:58 AM   124      2699    0.00    0.00    0.00    0.00    0.00     2      0.00      0.00  239960   11792   0.04  ibus-dconf
03:24:58 AM   124      2701    0.00    0.00    0.00    0.00    0.00     2      0.00      0.00  189920   16900   0.05  ibus-x11
03:24:58 AM   124      2704    0.00    0.00    0.00    0.00    0.00     3      0.00      0.00  239880    7776   0.02  ibus-portal
03:24:58 AM   124      2715    0.00    0.00    0.00    0.00    0.00     1      0.00      0.00  161420    6880   0.02  at-spi2-registr
03:24:58 AM   124      2719    0.00    0.00    0.00    0.00    0.00     3      0.00      0.00  235804    4672   0.01  xdg-permission-
03:24:58 AM     0      2725    0.00    0.00    0.00    0.00    0.00     0      0.00      0.00  252944    8776   0.03  upowerd
03:24:58 AM   124      2745    0.00    0.00    0.00    0.00    0.00     2      0.00      0.00 3001620   27244   0.09  gjs
03:24:58 AM   124      2764    0.00    0.00    0.00    0.00    0.00     3      0.00      0.00  469396   14236   0.04  gsd-sharing
03:24:58 AM   124      2765    0.00    0.00    0.00    0.00    0.00     1      0.00      0.00  334628   15072   0.05  gsd-wacom
03:24:58 AM   124      2768    0.00    0.00    0.00    0.00    0.00     3      0.00      0.00  571788   19844   0.06  gsd-color
03:24:58 AM   124      2772    0.00    0.00    0.00    0.00    0.00     3      0.00      0.00  338096   17824   0.06  gsd-keyboard
03:24:58 AM   124      2774    0.00    0.00    0.00    0.00    0.00     2      0.00      0.00  322508   11376   0.04  gsd-print-notif
03:24:58 AM   124      2779    0.00    0.00    0.00    0.00    0.00     3      0.00      0.00  166208    7736   0.02  ibus-engine-sim
03:24:58 AM   124      2780    0.00    0.00    0.00    0.00    0.00     1      0.00      0.00  457460    7996   0.03  gsd-rfkill
03:24:58 AM   124      2782    0.00    0.00    0.00    0.00    0.00     1      0.00      0.00  391976    9696   0.03  gsd-smartcard
03:24:58 AM   124      2784    0.00    0.00    0.00    0.00    0.00     2      0.00      0.00  374928   15372   0.05  gsd-datetime
03:24:58 AM   124      2790    0.00    0.00    0.00    0.00    0.00     2      0.00      0.00  679696   20032   0.06  gsd-media-keys
03:24:58 AM   124      2791    0.00    0.00    0.00    0.00    0.00     3      0.00      0.00  235772    5600   0.02  gsd-screensaver
03:24:58 AM   124      2793    0.00    0.00    0.00    0.00    0.00     3      0.00      0.00  320104    9452   0.03  gsd-sound
03:24:58 AM   124      2795    0.00    0.00    0.00    0.00    0.00     3      0.00      0.00  313652   10144   0.03  gsd-a11y-settin
03:24:58 AM   124      2799    0.00    0.00    0.00    0.00    0.00     3      0.00      0.00  313992   10540   0.03  gsd-housekeepin
03:24:58 AM   124      2802    0.00    0.00    0.00    0.00    0.00     3      0.00      0.00  339724   18828   0.06  gsd-power
03:24:58 AM   124      2824    0.00    0.00    0.00    0.00    0.00     2      0.00      0.00  342540   12784   0.04  gsd-printer
03:24:58 AM   119      2837    0.00    0.00    0.00    0.00    0.00     2      0.00      0.00  249328   17548   0.06  colord
03:24:58 AM     0     29120    0.00    0.00    0.00    0.00    0.00     2      0.00      0.00       0       0   0.00  kworker/u17:2-rb_allocator
03:24:58 AM     0     33852    0.00    0.00    0.00    0.00    0.00     1      0.00      0.00       0       0   0.00  kworker/1:0H-kblockd
03:24:58 AM     0     35048    0.00    0.00    0.00    0.00    0.00     1      0.00      0.00       0       0   0.00  kworker/u17:0-thermal_fan_est
03:24:58 AM  1000     39960    0.00    0.00    0.00    0.00    0.00     1      0.00      0.00   19248    9208   0.03  systemd
03:24:58 AM  1000     39961    0.00    0.00    0.00    0.00    0.00     2      0.00      0.00  170940    6304   0.02  (sd-pam)
03:24:58 AM  1000     40037    0.00    0.00    0.00    0.00    0.00     3      0.00      0.00    7812    3952   0.01  dbus-daemon
03:24:58 AM     0     40147    0.00    0.00    0.00    1.00    0.00     1      0.00      0.00       0       0   0.00  kworker/1:0-pm
03:24:58 AM     0     40174    0.00    0.00    0.00    0.00    0.00     2      0.00      0.00       0       0   0.00  kworker/2:2H-kblockd
03:24:58 AM     0     40194    0.00    0.00    0.00    0.00    0.00     3      0.00      0.00       0       0   0.00  kworker/3:0H-kblockd
03:24:58 AM     0     41650    0.00    0.00    0.00    0.00    0.00     3      0.00      0.00       0       0   0.00  kworker/3:0-mm_percpu_wq
03:24:58 AM     0     81462    0.00    0.00    0.00    0.00    0.00     2      0.00      0.00       0       0   0.00  kworker/2:2-mm_percpu_wq
03:24:58 AM     0     81478    0.00    0.00    0.00    0.00    0.00     0      0.00      0.00       0       0   0.00  kworker/0:1H-kblockd
03:24:58 AM  1000     84840    0.00    0.00    0.00    0.00    0.00     3      0.00      0.00  240176   10088   0.03  gnome-keyring-d
03:24:58 AM   124     84900    0.00    0.00    0.00    0.00    0.00     1      0.00      0.00  156240    4584   0.01  dconf-service
03:24:58 AM     0     85427    0.00    0.00    0.00    0.00    0.00     0      0.00      0.00       0       0   0.00  kworker/0:2-events
03:24:58 AM     0     86310    0.00    0.00    0.00    0.00    0.00     2      0.00      0.00       0       0   0.00  kworker/u16:1-events_unbound
03:24:58 AM     0     86549    0.00    0.00    0.00    0.00    0.00     2      0.00      0.00   14768    7664   0.02  sshd
03:24:58 AM  1000     86593    0.00    0.00    0.00    0.00    0.00     3      0.00      0.00   15292    6480   0.02  sshd
03:24:58 AM  1000     86594    0.00    0.00    0.00    0.00    0.00     3      0.00      0.00   11860    5896   0.02  bash
03:24:58 AM     0     87290    0.00    0.00    0.00    0.00    0.00     0      0.00      0.00   14768    7584   0.02  sshd
03:24:58 AM  1000     87334    0.00    0.00    0.00    0.00    0.00     0      0.00      0.00   15292    6412   0.02  sshd
03:24:58 AM  1000     87335    0.00    0.00    0.00    0.00    0.00     2      0.00      0.00   11344    5436   0.02  bash
03:24:58 AM     0    137289    0.00    0.00    0.00    0.00    0.00     1      0.00      0.00       0       0   0.00  kworker/1:3-events
03:24:58 AM     0    142495    0.00    0.00    0.00    0.00    0.00     1      0.00      0.00       0       0   0.00  kworker/1:4-pm
03:24:58 AM     0    147908    0.00    0.00    0.00    0.00    0.00     2      0.00      0.00   14768    7636   0.02  sshd
03:24:58 AM  1000    147952    0.00    0.00    0.00    0.00    0.00     1      0.00      0.00   15292    5656   0.02  sshd
03:24:58 AM  1000    147953    0.00    0.00    0.00    0.00    0.00     3      0.00      0.00   11344    5400   0.02  bash
03:24:58 AM     0    148065    0.00    0.00    0.00    0.00    0.00     3      0.00      0.00 1237828   16880   0.05  containerd-shim
03:24:58 AM     0    148086    0.00    0.00    0.00    0.00    0.00     3      0.00      0.00    4560    3504   0.01  bash
03:24:58 AM  1000    148115    0.00    0.00    0.00    0.00    0.00     3      0.00      0.00 1919232   29524   0.09  docker
03:24:58 AM     0    148133    0.00    0.00    0.00    0.00    0.00     1      0.00      0.00    4560    3508   0.01  bash
03:24:58 AM     0    148158    0.00    0.00    0.00    0.00    0.00     2      0.00      0.00  196036   35060   0.11  ros2
03:24:58 AM     0    148159    6.00    7.00    0.00    1.00   13.00     1     13.00      0.00  580928   29152   0.09  scale_truck_con
03:24:58 AM     0    148161    6.00    8.00    0.00    2.00   14.00     1      9.00      0.00  583536   22540   0.07  lrc_node
03:24:58 AM     0    148232    0.00    0.00    0.00    0.00    0.00     1      0.00      0.00   14768    7560   0.02  sshd
03:24:58 AM  1000    148276    0.00    1.00    0.00    0.00    1.00     2      0.00      0.00   15292    6364   0.02  sshd
03:24:58 AM  1000    148277    0.00    0.00    0.00    0.00    0.00     1      0.00      0.00   11860    5928   0.02  bash
03:24:58 AM     0    148558    5.00    4.00    0.00    2.00    9.00     3     18.00      0.00  651636   83360   0.26  python3
03:24:58 AM     0    150604    0.00    0.00    0.00    0.00    0.00     2      0.00      0.00       0       0   0.00  kworker/2:1-mm_percpu_wq
03:24:58 AM     0    150646    0.00    0.00    0.00    0.00    0.00     0      0.00      0.00       0       0   0.00  kworker/0:0H
03:24:58 AM     0    150688    0.00    0.00    0.00    0.00    0.00     2      0.00      0.00       0       0   0.00  kworker/2:0H
03:24:58 AM     0    151786    0.00    0.00    0.00    0.00    0.00     3      0.00      0.00       0       0   0.00  kworker/3:2H
03:24:58 AM     0    151819    0.00    0.00    0.00    0.00    0.00     3      0.00      0.00       0       0   0.00  kworker/3:2-cgroup_destroy
03:24:58 AM     0    151861    0.00    0.00    0.00    0.00    0.00     1      0.00      0.00       0       0   0.00  kworker/u16:0-events_unbound
03:24:58 AM     0    151916    0.00    0.00    0.00    0.00    0.00     0      0.00      0.00       0       0   0.00  kworker/0:0-events
03:24:58 AM     0    151989    0.00    0.00    0.00    0.00    0.00     1      0.00      0.00       0       0   0.00  kworker/1:1H
03:24:58 AM     0    152270    0.00    0.00    0.00    0.00    0.00     1      0.00      0.00       0       0   0.00  kworker/1:2-events
03:24:58 AM     0    152626    0.00    0.00    0.00    0.00    0.00     2      0.00      0.00       0       0   0.00  kworker/2:1H
03:24:58 AM     0    152627    0.00    0.00    0.00    0.00    0.00     3      0.00      0.00       0       0   0.00  kworker/3:1H
03:24:58 AM     0    152628    0.00    0.00    0.00    0.00    0.00     0      0.00      0.00       0       0   0.00  kworker/0:1-events
03:24:58 AM     0    152655    0.00    0.00    0.00    0.00    0.00     1      0.00      0.00       0       0   0.00  kworker/u16:2-events_unbound
03:24:58 AM     0    152798    0.00    0.00    0.00    0.00    0.00     1      0.00      0.00       0       0   0.00  kworker/1:2H
03:24:58 AM     0    152803    0.00    0.00    0.00    0.00    0.00     2      0.00      0.00       0       0   0.00  kworker/2:0
03:24:58 AM     0    152876    0.00    0.00    0.00    0.00    0.00     3      0.00      0.00    4428    3224   0.01  bash
03:24:58 AM  1000    152883    0.00    0.00    0.00    0.00    0.00     3      0.00      0.00    9208    3068   0.01  bash
03:24:58 AM     0    153059    0.00    0.00    0.00    0.00    0.00     1      0.00      0.00    2660     780   0.00  timeout
03:24:58 AM     0    153061    7.00   11.00    0.00    0.00   18.00     2     50.00      0.00  838316   47412   0.15  ros2
03:24:58 AM  1000    153071    5.00   11.00    0.00    0.00   16.00     2      0.00      0.00   17668    9488   0.03  pidstat
03:24:58 AM  1000    153086    0.00    0.00    0.00    0.00    0.00     3      0.00      0.00 1623984   25280   0.08  docker
03:24:58 AM     0    153102    0.00    0.00    0.00    0.00    0.00     3      0.00      0.00    2660     800   0.00  timeout
03:24:58 AM     0    153123   34.00   34.00    0.00    6.00   68.00     1  10779.00      0.00  638368   68704   0.22  ros2

# Time        UID       PID    %usr %system  %guest   %wait    %CPU   CPU  minflt/s  majflt/s     VSZ     RSS   %MEM  Command
03:24:59 AM     0         1    0.00    0.00    0.00    0.00    0.00     0      0.00      0.00  169880   11540   0.04  systemd
03:24:59 AM     0         2    0.00    0.00    0.00    0.00    0.00     1      0.00      0.00       0       0   0.00  kthreadd
03:24:59 AM     0         3    0.00    0.00    0.00    0.00    0.00     0      0.00      0.00       0       0   0.00  rcu_gp
03:24:59 AM     0         4    0.00    0.00    0.00    0.00    0.00     0      0.00      0.00       0       0   0.00  rcu_par_gp
03:24:59 AM     0         8    0.00    0.00    0.00    0.00    0.00     0      0.00      0.00       0       0   0.00  mm_percpu_wq
03:24:59 AM     0         9    0.00    0.00    0.00    0.00    0.00     0      0.00      0.00       0       0   0.00  rcu_tasks_kthre
03:24:59 AM     0        10    0.00    0.00    0.00    0.00    0.00     0      0.00      0.00       0       0   0.00  rcu_tasks_rude_
03:24:59 AM     0        11    0.00    0.00    0.00    0.00    0.00     0      0.00      0.00       0       0   0.00  rcu_tasks_trace
03:24:59 AM     0        12    0.00    0.00    0.00    0.00    0.00     0      0.00      0.00       0       0   0.00  ksoftirqd/0
03:24:59 AM     0        13    0.00    0.00    0.00    0.00    0.00     3      0.00      0.00       0       0   0.00  rcu_preempt
03:24:59 AM     0        14    0.00    0.00    0.00    0.00    0.00     0      0.00      0.00       0       0   0.00  migration/0
03:24:59 AM     0        16    0.00    0.00    0.00    0.00    0.00     0      0.00      0.00       0       0   0.00  cpuhp/0
03:24:59 AM     0        17    0.00    0.00    0.00    0.00    0.00     1      0.00      0.00       0       0   0.00  cpuhp/1
03:24:59 AM     0        18    0.00    0.00    0.00    0.00    0.00     1      0.00      0.00       0       0   0.00  migration/1
03:24:59 AM     0        19    0.00    0.00    0.00    0.00    0.00     1      0.00      0.00       0       0   0.00  ksoftirqd/1
03:24:59 AM     0        22    0.00    0.00    0.00    0.00    0.00     2      0.00      0.00       0       0   0.00  cpuhp/2
03:24:59 AM     0        23    0.00    0.00    0.00    0.00    0.00     2      0.00      0.00       0       0   0.00  migration/2
03:24:59 AM     0        24    0.00    0.00    0.00    0.00    0.00     2      0.00      0.00       0       0   0.00  ksoftirqd/2
03:24:59 AM     0        27    0.00    0.00    0.00    0.00    0.00     3      0.00      0.00       0       0   0.00  cpuhp/3
03:24:59 AM     0        28    0.00    0.00    0.00    0.00    0.00     3      0.00      0.00       0       0   0.00  migration/3
03:24:59 AM     0        29    0.00    0.00    0.00    0.00    0.00     3      0.00      0.00       0       0   0.00  ksoftirqd/3
03:24:59 AM     0        32    0.00    0.00    0.00    0.00    0.00     4      0.00      0.00       0       0   0.00  cpuhp/4
03:24:59 AM     0        33    0.00    0.00    0.00    0.00    0.00     4      0.00      0.00       0       0   0.00  migration/4
03:24:59 AM     0        34    0.00    0.00    0.00    0.00    0.00     4      0.00      0.00       0       0   0.00  ksoftirqd/4
03:24:59 AM     0        36    0.00    0.00    0.00    0.00    0.00     4      0.00      0.00       0       0   0.00  kworker/4:0H-kblockd
03:24:59 AM     0        37    0.00    0.00    0.00    0.00    0.00     5      0.00      0.00       0       0   0.00  cpuhp/5
03:24:59 AM     0        38    0.00    0.00    0.00    0.00    0.00     5      0.00      0.00       0       0   0.00  migration/5
03:24:59 AM     0        39    0.00    0.00    0.00    0.00    0.00     5      0.00      0.00       0       0   0.00  ksoftirqd/5
03:24:59 AM     0        41    0.00    0.00    0.00    0.00    0.00     5      0.00      0.00       0       0   0.00  kworker/5:0H-kblockd
03:24:59 AM     0        42    0.00    0.00    0.00    0.00    0.00     6      0.00      0.00       0       0   0.00  cpuhp/6
03:24:59 AM     0        43    0.00    0.00    0.00    0.00    0.00     6      0.00      0.00       0       0   0.00  migration/6
03:24:59 AM     0        44    0.00    0.00    0.00    0.00    0.00     6      0.00      0.00       0       0   0.00  ksoftirqd/6
03:24:59 AM     0        46    0.00    0.00    0.00    0.00    0.00     6      0.00      0.00       0       0   0.00  kworker/6:0H-events_highpri
03:24:59 AM     0        47    0.00    0.00    0.00    0.00    0.00     7      0.00      0.00       0       0   0.00  cpuhp/7
03:24:59 AM     0        48    0.00    0.00    0.00    0.00    0.00     7      0.00      0.00       0       0   0.00  migration/7
03:24:59 AM     0        49    0.00    0.00    0.00    0.00    0.00     7      0.00      0.00       0       0   0.00  ksoftirqd/7
03:24:59 AM     0        50    0.00    0.00    0.00    0.00    0.00     0      0.00      0.00       0       0   0.00  kworker/7:0-rcu_gp
03:24:59 AM     0        51    0.00    0.00    0.00    0.00    0.00     7      0.00      0.00       0       0   0.00  kworker/7:0H-kblockd
03:24:59 AM     0        52    0.00    0.00    0.00    0.00    0.00     0      0.00      0.00       0       0   0.00  kdevtmpfs
03:24:59 AM     0        53    0.00    0.00    0.00    0.00    0.00     4      0.00      0.00       0       0   0.00  netns
03:24:59 AM     0        54    0.00    0.00    0.00    0.00    0.00     1      0.00      0.00       0       0   0.00  kauditd
03:24:59 AM     0        55    0.00    0.00    0.00    0.00    0.00     0      0.00      0.00       0       0   0.00  irq/87-mc_statu
03:24:59 AM     0        56    0.00    0.00    0.00    0.00    0.00     0      0.00      0.00       0       0   0.00  khungtaskd
03:24:59 AM     0        57    0.00    0.00    0.00    0.00    0.00     3      0.00      0.00       0       0   0.00  oom_reaper
03:24:59 AM     0        58    0.00    0.00    0.00    0.00    0.00     5      0.00      0.00       0       0   0.00  writeback
03:24:59 AM     0        59    0.00    0.00    0.00    0.00    0.00     3      0.00      0.00       0       0   0.00  kcompactd0
03:24:59 AM     0        60    0.00    0.00    0.00    0.00    0.00     1      0.00      0.00       0       0   0.00  ksmd
03:24:59 AM     0        61    0.00    0.00    0.00    0.00    0.00     0      0.00      0.00       0       0   0.00  khugepaged
03:24:59 AM     0        93    0.00    0.00    0.00    0.00    0.00     1      0.00      0.00       0       0   0.00  kintegrityd
03:24:59 AM     0        94    0.00    0.00    0.00    0.00    0.00     1      0.00      0.00       0       0   0.00  kblockd
03:24:59 AM     0        95    0.00    0.00    0.00    0.00    0.00     1      0.00      0.00       0       0   0.00  blkcg_punt_bio
03:24:59 AM     0        97    0.00    0.00    0.00    0.00    0.00     3      0.00      0.00       0       0   0.00  tpm_dev_wq
03:24:59 AM     0        98    0.00    0.00    0.00    0.00    0.00     0      0.00      0.00       0       0   0.00  irq/197-30c0000
03:24:59 AM     0        99    0.00    0.00    0.00    0.00    0.00     1      0.00      0.00       0       0   0.00  devfreq_wq
03:24:59 AM     0       100    0.00    0.00    0.00    0.00    0.00     1      0.00      0.00       0       0   0.00  watchdogd
03:24:59 AM     0       104    0.00    0.00    0.00    0.00    0.00     7      0.00      0.00       0       0   0.00  rpciod
03:24:59 AM     0       106    0.00    0.00    0.00    0.00    0.00     7      0.00      0.00       0       0   0.00  xprtiod
03:24:59 AM     0       108    0.00    0.00    0.00    0.00    0.00     7      0.00      0.00       0       0   0.00  kswapd0
03:24:59 AM     0       109    0.00    0.00    0.00    0.00    0.00     5      0.00      0.00       0       0   0.00  nfsiod
03:24:59 AM     0       112    0.00    0.00    0.00    0.00    0.00     1      0.00      0.00       0       0   0.00  kthrotld
03:24:59 AM     0       113    0.00    0.00    0.00    0.00    0.00     7      0.00      0.00       0       0   0.00  kpcitest
03:24:59 AM     0       116    0.00    0.00    0.00    0.00    0.00     5      0.00      0.00       0       0   0.00  kworker/5:1-events
03:24:59 AM     0       122    0.00    0.00    0.00    0.00    0.00     1      0.00      0.00       0       0   0.00  nvme-wq
03:24:59 AM     0       123    0.00    0.00    0.00    0.00    0.00     5      0.00      0.00       0       0   0.00  nvme-reset-wq
03:24:59 AM     0       124    0.00    0.00    0.00    0.00    0.00     6      0.00      0.00       0       0   0.00  nvme-delete-wq
03:24:59 AM     0       125    0.00    0.00    0.00    0.00    0.00     6      0.00      0.00       0       0   0.00  uas
03:24:59 AM     0       126    0.00    0.00    0.00    0.00    0.00     0      0.00      0.00       0       0   0.00  irq/222-tegra_r
03:24:59 AM     0       127    0.00    0.00    0.00    0.00    0.00     0      0.00      0.00       0       0   0.00  kworker/7:2-events
03:24:59 AM     0       129    0.00    0.00    0.00    0.00    0.00     0      0.00      0.00       0       0   0.00  irq/86-tegra-oc
03:24:59 AM     0       130    0.00    0.00    0.00    0.00    0.00     5      0.00      0.00       0       0   0.00  dm_bufio_cache
03:24:59 AM     0       131    0.00    0.00    0.00    0.00    0.00     0      0.00      0.00       0       0   0.00  irq/223-max7762
03:24:59 AM     0       140    0.00    0.00    0.00    0.00    0.00     0      0.00      0.00       0       0   0.00  irq/55-bc00000.
03:24:59 AM     0       143    0.00    0.00    0.00    0.00    0.00     0      0.00      0.00       0       0   0.00  ipv6_addrconf
03:24:59 AM     0       144    0.00    0.00    0.00    0.00    0.00     6      0.00      0.00       0       0   0.00  krfcommd
03:24:59 AM     0       145    0.00    0.00    0.00    0.00    0.00     0      0.00      0.00       0       0   0.00  kstrp
03:24:59 AM     0       150    0.00    0.00    0.00    0.00    0.00     0      0.00      0.00       0       0   0.00  irq/24-tegra-pc
03:24:59 AM     0       154    0.00    0.00    0.00    0.00    0.00     0      0.00      0.00       0       0   0.00  irq/26-tegra-pc
03:24:59 AM     0       160    0.00    0.00    0.00    0.00    0.00     0      0.00      0.00       0       0   0.00  irq/26-aerdrv
03:24:59 AM     0       161    0.00    0.00    0.00    0.00    0.00     0      0.00      0.00       0       0   0.00  irq/28-tegra-pc
03:24:59 AM     0       162    0.00    0.00    0.00    0.00    0.00     0      0.00      0.00       0       0   0.00  irq/28-aerdrv
03:24:59 AM     0       163    0.00    0.00    0.00    0.00    0.00     5      0.00      0.00       0       0   0.00  host_low_prio_w
03:24:59 AM     0       164    0.00    0.00    0.00    0.00    0.00     0      0.00      0.00       0       0   0.00  irq/57-host_syn
03:24:59 AM     0       165    0.00    0.00    0.00    0.00    0.00     0      0.00      0.00       0       0   0.00  irq/58-host_sta
03:24:59 AM     0       173    0.00    0.00    0.00    0.00    0.00     5      0.00      0.00       0       0   0.00  pva_task_status
03:24:59 AM     0       174    0.00    0.00    0.00    0.00    0.00     0      0.00      0.00       0       0   0.00  irq/75-pva-isr
03:24:59 AM     0       175    0.00    0.00    0.00    0.00    0.00     0      0.00      0.00       0       0   0.00  pva_task_status
03:24:59 AM     0       176    0.00    0.00    0.00    0.00    0.00     0      0.00      0.00       0       0   0.00  irq/76-pva-isr
03:24:59 AM     0       185    0.00    0.00    0.00    0.00    0.00     0      0.00      0.00       0       0   0.00  sdhci
03:24:59 AM     0       186    0.00    0.00    0.00    0.00    0.00     0      0.00      0.00       0       0   0.00  irq/39-mmc0
03:24:59 AM     0       187    0.00    0.00    0.00    0.00    0.00     2      0.00      0.00       0       0   0.00  sdhci
03:24:59 AM     0       189    0.00    0.00    0.00    0.00    0.00     0      0.00      0.00       0       0   0.00  irq/40-mmc1
03:24:59 AM     0       195    0.00    0.00    0.00    0.00    0.00     7      0.00      0.00       0       0   0.00  scsi_eh_0
03:24:59 AM     0       196    0.00    0.00    0.00    0.00    0.00     7      0.00      0.00       0       0   0.00  scsi_tmf_0
03:24:59 AM     0       197    0.00    0.00    0.00    0.00    0.00     0      0.00      0.00       0       0   0.00  kworker/5:2-events
03:24:59 AM     0       198    0.00    0.00    0.00    0.00    0.00     0      0.00      0.00       0       0   0.00  irq/67-15200000
03:24:59 AM     0       199    0.00    0.00    0.00    0.00    0.00     1      0.00      0.00       0       0   0.00  tegradc.0/a
03:24:59 AM     0       200    0.00    0.00    0.00    0.00    0.00     0      0.00      0.00       0       0   0.00  tegradc.0/b
03:24:59 AM     0       201    0.00    0.00    0.00    0.00    0.00     0      0.00      0.00       0       0   0.00  tegradc.0/c
03:24:59 AM     0       202    0.00    0.00    0.00    0.00    0.00     0      0.00      0.00       0       0   0.00  tegradc.0/d
03:24:59 AM     0       203    0.00    0.00    0.00    0.00    0.00     0      0.00      0.00       0       0   0.00  tegradc.0/e
03:24:59 AM     0       204    0.00    0.00    0.00    0.00    0.00     0      0.00      0.00       0       0   0.00  tegradc.0/f
03:24:59 AM     0       205    0.00    0.00    0.00    0.00    0.00     0      0.00      0.00       0       0   0.00  tegradc.0/sl
03:24:59 AM     0       206    0.00    0.00    0.00    0.00    0.00     0      0.00      0.00       0       0   0.00  irq/62-15200000
03:24:59 AM     0       207    0.00    0.00    0.00    0.00    0.00     0      0.00      0.00       0       0   0.00  irq/276-3400000
03:24:59 AM     0       208    0.00    0.00    0.00    0.00    0.00     0      0.00      0.00       0       0   0.00  ufs_eh_wq_0
03:24:59 AM     0       209    0.00    0.00    0.00    0.00    0.00     3      0.00      0.00       0       0   0.00  mmc_complete
03:24:59 AM     0       211    0.00    0.00    0.00    0.00    0.00     0      0.00      0.00       0       0   0.00  irq/278-1520000
03:24:59 AM     0       212    0.00    0.00    0.00    0.00    0.00     0      0.00      0.00       0       0   0.00  irq/203-3610000
03:24:59 AM     0       213    0.00    0.00    0.00    0.00    0.00     0      0.00      0.00       0       0   0.00  irq/221-3610000
03:24:59 AM     0       214    0.00    0.00    0.00    0.00    0.00     0      0.00      0.00       0       0   0.00  irq/30-tegra-pc
03:24:59 AM     0       216    0.00    0.00    0.00    0.00    0.00     0      0.00      0.00       0       0   0.00  kworker/4:3-events
03:24:59 AM     0       218    0.00    0.00    0.00    0.00    0.00     4      0.00      0.00       0       0   0.00  kworker/4:5-events
03:24:59 AM     0       221    0.00    0.00    0.00    0.00    0.00     0      0.00      0.00       0       0   0.00  kworker/6:12-events
03:24:59 AM     0       222    0.00    0.00    0.00    0.00    0.00     0      0.00      0.00       0       0   0.00  kworker/6:13-events
03:24:59 AM     0       225    0.00    0.00    0.00    0.00    0.00     0      0.00      0.00       0       0   0.00  irq/68-tegra_dp
03:24:59 AM     0       226    0.00    0.00    0.00    0.00    0.00     0      0.00      0.00       0       0   0.00  irq/65-15210000
03:24:59 AM     0       227    0.00    0.00    0.00    0.00    0.00     0      0.00      0.00       0       0   0.00  tegradc.1/a
03:24:59 AM     0       228    0.00    0.00    0.00    0.00    0.00     0      0.00      0.00       0       0   0.00  tegradc.1/b
03:24:59 AM     0       229    0.00    0.00    0.00    0.00    0.00     0      0.00      0.00       0       0   0.00  tegradc.1/c
03:24:59 AM     0       230    0.00    0.00    0.00    0.00    0.00     0      0.00      0.00       0       0   0.00  tegradc.1/d
03:24:59 AM     0       231    0.00    0.00    0.00    0.00    0.00     0      0.00      0.00       0       0   0.00  tegradc.1/e
03:24:59 AM     0       232    0.00    0.00    0.00    0.00    0.00     0      0.00      0.00       0       0   0.00  tegradc.1/f
03:24:59 AM     0       233    0.00    0.00    0.00    0.00    0.00     1      0.00      0.00       0       0   0.00  tegradc.1/sl
03:24:59 AM     0       234    0.00    0.00    0.00    0.00    0.00     0      0.00      0.00       0       0   0.00  irq/63-15210000
03:24:59 AM     0       249    0.00    0.00    0.00    0.00    0.00     0      0.00      0.00       0       0   0.00  irq/56-d230000.
03:24:59 AM     0       250    0.00    0.00    0.00    0.00    0.00     0      0.00      0.00       0       0   0.00  irq/69-tegra_dp
03:24:59 AM     0       251    0.00    0.00    0.00    0.00    0.00     0      0.00      0.00       0       0   0.00  irq/66-15220000
03:24:59 AM     0       252    0.00    0.00    0.00    0.00    0.00     0      0.00      0.00       0       0   0.00  tegradc.2/a
03:24:59 AM     0       253    0.00    0.00    0.00    0.00    0.00     0      0.00      0.00       0       0   0.00  tegradc.2/b
03:24:59 AM     0       254    0.00    0.00    0.00    0.00    0.00     0      0.00      0.00       0       0   0.00  tegradc.2/c
03:24:59 AM     0       255    0.00    0.00    0.00    0.00    0.00     0      0.00      0.00       0       0   0.00  tegradc.2/d
03:24:59 AM     0       256    0.00    0.00    0.00    0.00    0.00     0      0.00      0.00       0       0   0.00  tegradc.2/e
03:24:59 AM     0       257    0.00    0.00    0.00    0.00    0.00     0      0.00      0.00       0       0   0.00  tegradc.2/f
03:24:59 AM     0       258    0.00    0.00    0.00    0.00    0.00     0      0.00      0.00       0       0   0.00  tegradc.2/sl
03:24:59 AM     0       259    0.00    0.00    0.00    0.00    0.00     0      0.00      0.00       0       0   0.00  irq/64-15220000
03:24:59 AM     0       275    0.00    0.00    0.00    0.00    0.00     3      0.00      0.00       0       0   0.00  jbd2/mmcblk0p1-
03:24:59 AM     0       276    0.00    0.00    0.00    0.00    0.00     3      0.00      0.00       0       0   0.00  ext4-rsv-conver
03:24:59 AM     0       280    0.00    0.00    0.00    0.00    0.00     7      0.00      0.00       0       0   0.00  kworker/7:1H
03:24:59 AM     0       286    0.00    0.00    0.00    0.00    0.00     5      0.00      0.00       0       0   0.00  kworker/5:1H-kblockd
03:24:59 AM     0       312    0.00    0.00    0.00    0.00    0.00     1      0.00      0.00   61816   32076   0.10  systemd-journal
03:24:59 AM     0       338    0.00    0.00    0.00    0.00    0.00     1      0.00      0.00       0       0   0.00  nvmap-bz
03:24:59 AM     0       339    0.00    0.00    0.00    0.00    0.00     0      0.00      0.00       0       0   0.00  irq/204-gk20a_s
03:24:59 AM     0       340    0.00    0.00    0.00    0.00    0.00     0      0.00      0.00       0       0   0.00  irq/205-gk20a_n
03:24:59 AM     0       345    0.00    0.00    0.00    0.00    0.00     3      0.00      0.00    2776    1492   0.00  tee-supplicant
03:24:59 AM     0       347    0.00    0.00    0.00    0.00    0.00     3      0.00      0.00       0       0   0.00  optee_bus_scan
03:24:59 AM     0       358    0.00    0.00    0.00    0.00    0.00     2      0.00      0.00   22788    7532   0.02  systemd-udevd
03:24:59 AM     0       364    0.00    0.00    0.00    0.00    0.00     1      0.00      0.00    7948    4892   0.02  haveged
03:24:59 AM   126       365    0.00    0.00    0.00    0.00    0.00     3      0.00      0.00    7136    3108   0.01  rpcbind
03:24:59 AM   105       366    0.00    0.00    0.00    0.00    0.00     1      0.00      0.00   25592   13288   0.04  systemd-resolve
03:24:59 AM   103       367    0.00    0.00    0.00    0.00    0.00     0      0.00      0.00   90672    6220   0.02  systemd-timesyn
03:24:59 AM     0       407    0.00    0.00    0.00    0.00    0.00     5      0.00      0.00       0       0   0.00  cfg80211
03:24:59 AM     0       410    0.00    0.00    0.00    0.00    0.00     0      0.00      0.00       0       0   0.00  irq/42-3210000.
03:24:59 AM     0       412    0.00    0.00    0.00    0.00    0.00     2      0.00      0.00       0       0   0.00  spi0
03:24:59 AM     0       413    0.00    1.00    0.00    0.00    1.00     1      0.00      0.00       0       0   0.00  irq/282-iwlwifi
03:24:59 AM     0       416    0.00    0.00    0.00    0.00    0.00     4      0.00      0.00       0       0   0.00  ata_sff
03:24:59 AM     0       419    0.00    0.00    0.00    0.00    0.00     0      0.00      0.00       0       0   0.00  irq/43-c260000.
03:24:59 AM     0       420    0.00    0.00    0.00    0.00    0.00     6      0.00      0.00       0       0   0.00  scsi_eh_1
03:24:59 AM     0       422    0.00    0.00    0.00    0.00    0.00     6      0.00      0.00       0       0   0.00  scsi_tmf_1
03:24:59 AM     0       427    0.00    0.00    0.00    0.00    0.00     0      0.00      0.00       0       0   0.00  spi1
03:24:59 AM     0       430    0.00    0.00    0.00    0.00    0.00     1      0.00      0.00  242072    8880   0.03  accounts-daemon
03:24:59 AM   120       439    0.00    1.00    0.00    0.00    1.00     1      0.00      0.00    7084    3472   0.01  avahi-daemon
03:24:59 AM     0       441    0.00    0.00    0.00    0.00    0.00     2      0.00      0.00    9220    2516   0.01  cron
03:24:59 AM   106       443    0.00    0.00    0.00    0.00    0.00     1      0.00      0.00    9396    5264   0.02  dbus-daemon
03:24:59 AM     0       447    0.00    0.00    0.00    0.00    0.00     0      0.00      0.00  341244   20856   0.07  NetworkManager
03:24:59 AM     0       456    0.00    0.00    0.00    0.00    0.00     4      0.00      0.00   38300   19472   0.06  networkd-dispat
03:24:59 AM     0       473    0.00    0.00    0.00    0.00    0.00     3      0.00      0.00  238860   13352   0.04  polkitd
03:24:59 AM   125       483    0.00    0.00    0.00    0.00    0.00     3      0.00      0.00  220940    8288   0.03  rsyslogd
03:24:59 AM     0       503    0.00    0.00    0.00    0.00    0.00     2      0.00      0.00  235864    4364   0.01  switcheroo-cont
03:24:59 AM     0       514    0.00    0.00    0.00    0.00    0.00     0      0.00      0.00   17076    6760   0.02  systemd-logind
03:24:59 AM     0       523    0.00    0.00    0.00    0.00    0.00     2      0.00      0.00  395556   15680   0.05  udisksd
03:24:59 AM     0       528    0.00    0.00    0.00    0.00    0.00     1      0.00      0.00   12784    8052   0.03  wpa_supplicant
03:24:59 AM     0       548    0.00    2.00    0.00    1.00    2.00     0      0.00      0.00       0       0   0.00  sugov:0
03:24:59 AM   120       555    0.00    0.00    0.00    0.00    0.00     2      0.00      0.00    6896     324   0.00  avahi-daemon
03:24:59 AM     0       585    0.00    0.00    0.00    0.00    0.00     5      0.00      0.00       0       0   0.00  tmp451
03:24:59 AM     0       597    0.00    0.00    0.00    0.00    0.00     3      0.00      0.00       0       0   0.00  irq/286-1-0008
03:24:59 AM     0       600    0.00    0.00    0.00    0.00    0.00     2      0.00      0.00  321792   14480   0.05  ModemManager
03:24:59 AM     0       653    0.00    1.00    0.00    0.00    1.00     1      0.00      0.00    2476     604   0.00  nvfancontrol
03:24:59 AM     0       728    0.00    0.00    0.00    0.00    0.00     4      0.00      0.00       0       0   0.00  adspp_kthread
03:24:59 AM     0       779    0.00    0.00    0.00    0.00    0.00     6      0.00      0.00       0       0   0.00  kworker/6:2H-kblockd
03:24:59 AM     0       876    0.00    0.00    0.00    0.00    0.00     1      0.00      0.00       0       0   0.00  irq/289-2490000
03:24:59 AM     0       887    0.00    0.00    0.00    0.00    0.00     0      0.00      0.00       0       0   0.00  irq/32-eth0.com
03:24:59 AM     0       919    0.00    0.00    0.00    0.00    0.00     4      0.00      0.00       0       0   0.00  file-storage
03:24:59 AM     0       953    0.00    0.00    0.00    0.00    0.00     1      0.00      0.00       0       0   0.00  loop0
03:24:59 AM     0      1048    0.00    0.00    0.00    0.00    0.00     4      0.00      0.00       0       0   0.00  kworker/4:2H-kblockd
03:24:59 AM     0      1091    0.00    0.00    0.00    0.00    0.00     3      0.00      0.00       0       0   0.00  cryptd
03:24:59 AM     0      1147    0.00    0.00    0.00    0.00    0.00     2      0.00      0.00       0       0   0.00  sw-quiesce
03:24:59 AM     0      1148    0.00    0.00    0.00    0.00    0.00     2      0.00      0.00       0       0   0.00  nvgpu_channel_p
03:24:59 AM     0      1151    0.00    0.00    0.00    0.00    0.00     3      0.00      0.00       0       0   0.00  nvgpu_nvs_gv11b
03:24:59 AM     0      1153    0.00    0.00    0.00    0.00    0.00     1      0.00      0.00       0       0   0.00  nvgpu_pg_init_g
03:24:59 AM     0      1157    0.00    0.00    0.00    0.00    0.00     3      0.00      0.00       0       0   0.00  nvgpu_clk_arb_p
03:24:59 AM     0      1162    0.00    0.00    0.00    0.00    0.00     3      0.00      0.00       0       0   0.00  irq/288-rt5659
03:24:59 AM     0      1270    0.00    0.00    0.00    0.00    0.00     3      0.00      0.00   55688   11092   0.03  nvargus-daemon
03:24:59 AM     0      1273    0.00    0.00    0.00    0.00    0.00     3      0.00      0.00   21932    1552   0.00  nvs-service
03:24:59 AM     0      1298    0.00    0.00    0.00    0.00    0.00     1      0.00      0.00 2007972   49164   0.15  containerd
03:24:59 AM     0      1314    0.00    0.00    0.00    0.00    0.00     0      0.00      0.00  240032    7616   0.02  gdm3
03:24:59 AM   108      1326    0.00    0.00    0.00    0.00    0.00     1      0.00      0.00   11468    1896   0.01  kerneloops
03:24:59 AM     0      1327    0.00    0.00    0.00    0.00    0.00     3      0.00      0.00   12236    6576   0.02  sshd
03:24:59 AM     0      1336    0.00    0.00    0.00    0.00    0.00     0      0.00      0.00    7688    1876   0.01  agetty
03:24:59 AM     0      1337    0.00    0.00    0.00    0.00    0.00     2      0.00      0.00    7688    1904   0.01  agetty
03:24:59 AM   108      1339    0.00    0.00    0.00    0.00    0.00     2      0.00      0.00   11468    1820   0.01  kerneloops
03:24:59 AM     0      1340    0.00    0.00    0.00    0.00    0.00     3      0.00      0.00    9216    2824   0.01  nvgetty.sh
03:24:59 AM     0      1379    0.00    0.00    0.00    0.00    0.00     0      0.00      0.00    7688    1848   0.01  getty
03:24:59 AM     0      1554    0.00    0.00    0.00    0.00    0.00     2      0.00      0.00 2111796   86036   0.27  dockerd
03:24:59 AM     0      1677    0.00    0.00    0.00    0.00    0.00     2      0.00      0.00  168472    8256   0.03  gdm-session-wor
03:24:59 AM     0      1711    0.00    0.00    0.00    0.00    0.00     0      0.00      0.00    3248     808   0.00  nvphsd
03:24:59 AM     0      1716    0.00    0.00    0.00    0.00    0.00     3      0.00      0.00    3380    1788   0.01  nvphsd
03:24:59 AM   124      1789    0.00    0.00    0.00    0.00    0.00     3      0.00      0.00   19144    9224   0.03  systemd
03:24:59 AM   124      1804    0.00    0.00    0.00    0.00    0.00     3      0.00      0.00  104488    5436   0.02  (sd-pam)
03:24:59 AM   124      2014    0.00    0.00    0.00    0.00    0.00     1      0.00      0.00  961884   21984   0.07  pulseaudio
03:24:59 AM   124      2032    0.00    0.00    0.00    0.00    0.00     2      0.00      0.00  164156    5924   0.02  gdm-x-session
03:24:59 AM   124      2037    0.00    0.00    0.00    0.00    0.00     2      0.00      0.00 25330232   99256   0.31  Xorg
03:24:59 AM   118      2040    0.00    0.00    0.00    0.00    0.00     1      0.00      0.00  152516    2440   0.01  rtkit-daemon
03:24:59 AM   124      2162    0.00    0.00    0.00    0.00    0.00     2      0.00      0.00    7812    3448   0.01  dbus-daemon
03:24:59 AM   124      2428    0.00    0.00    0.00    0.00    0.00     0      0.00      0.00    4776    1164   0.00  dbus-run-sessio
03:24:59 AM   124      2429    0.00    0.00    0.00    0.00    0.00     2      0.00      0.00    8088    4104   0.01  dbus-daemon
03:24:59 AM   124      2438    0.00    0.00    0.00    0.00    0.00     0      0.00      0.00  559768   14932   0.05  gnome-session-b
03:24:59 AM     0      2457    0.00    0.00    0.00    0.00    0.00     2      0.00      0.00  101692   19628   0.06  jtop
03:24:59 AM   124      2463    0.00    0.00    0.00    0.00    0.00     3      0.00      0.00  309548   10092   0.03  at-spi-bus-laun
03:24:59 AM   124      2470    0.00    0.00    0.00    0.00    0.00     1      0.00      0.00    7676    3468   0.01  dbus-daemon
03:24:59 AM   124      2495    0.00    0.00    0.00    0.00    0.00     2      0.00      0.00 4022996  194924   0.61  gnome-shell
03:24:59 AM     0      2510    0.00    0.00    0.00    0.00    0.00     2      0.00      0.00  175424   16904   0.05  jtop
03:24:59 AM     0      2518    0.00    0.00    0.00    0.00    0.00     2      0.00      0.00  101692   17160   0.05  jtop
03:24:59 AM   124      2696    0.00    0.00    0.00    0.00    0.00     0      0.00      0.00  314420   11212   0.04  ibus-daemon
03:24:59 AM   124      2699    0.00    0.00    0.00    0.00    0.00     2      0.00      0.00  239960   11792   0.04  ibus-dconf
03:24:59 AM   124      2701    0.00    0.00    0.00    0.00    0.00     2      0.00      0.00  189920   16900   0.05  ibus-x11
03:24:59 AM   124      2704    0.00    0.00    0.00    0.00    0.00     3      0.00      0.00  239880    7776   0.02  ibus-portal
03:24:59 AM   124      2715    0.00    0.00    0.00    0.00    0.00     1      0.00      0.00  161420    6880   0.02  at-spi2-registr
03:24:59 AM   124      2719    0.00    0.00    0.00    0.00    0.00     3      0.00      0.00  235804    4672   0.01  xdg-permission-
03:24:59 AM     0      2725    0.00    0.00    0.00    0.00    0.00     0      0.00      0.00  252944    8776   0.03  upowerd
03:24:59 AM   124      2745    0.00    0.00    0.00    0.00    0.00     2      0.00      0.00 3001620   27244   0.09  gjs
03:24:59 AM   124      2764    0.00    0.00    0.00    0.00    0.00     3      0.00      0.00  469396   14236   0.04  gsd-sharing
03:24:59 AM   124      2765    0.00    0.00    0.00    0.00    0.00     1      0.00      0.00  334628   15072   0.05  gsd-wacom
03:24:59 AM   124      2768    0.00    0.00    0.00    0.00    0.00     3      0.00      0.00  571788   19844   0.06  gsd-color
03:24:59 AM   124      2772    0.00    0.00    0.00    0.00    0.00     3      0.00      0.00  338096   17824   0.06  gsd-keyboard
03:24:59 AM   124      2774    0.00    0.00    0.00    0.00    0.00     2      0.00      0.00  322508   11376   0.04  gsd-print-notif
03:24:59 AM   124      2779    0.00    0.00    0.00    0.00    0.00     3      0.00      0.00  166208    7736   0.02  ibus-engine-sim
03:24:59 AM   124      2780    0.00    0.00    0.00    0.00    0.00     1      0.00      0.00  457460    7996   0.03  gsd-rfkill
03:24:59 AM   124      2782    0.00    0.00    0.00    0.00    0.00     1      0.00      0.00  391976    9696   0.03  gsd-smartcard
03:24:59 AM   124      2784    0.00    0.00    0.00    0.00    0.00     2      0.00      0.00  374928   15372   0.05  gsd-datetime
03:24:59 AM   124      2790    0.00    0.00    0.00    0.00    0.00     2      0.00      0.00  679696   20032   0.06  gsd-media-keys
03:24:59 AM   124      2791    0.00    0.00    0.00    0.00    0.00     3      0.00      0.00  235772    5600   0.02  gsd-screensaver
03:24:59 AM   124      2793    0.00    0.00    0.00    0.00    0.00     3      0.00      0.00  320104    9452   0.03  gsd-sound
03:24:59 AM   124      2795    0.00    0.00    0.00    0.00    0.00     3      0.00      0.00  313652   10144   0.03  gsd-a11y-settin
03:24:59 AM   124      2799    0.00    0.00    0.00    0.00    0.00     3      0.00      0.00  313992   10540   0.03  gsd-housekeepin
03:24:59 AM   124      2802    0.00    0.00    0.00    0.00    0.00     3      0.00      0.00  339724   18828   0.06  gsd-power
03:24:59 AM   124      2824    0.00    0.00    0.00    0.00    0.00     2      0.00      0.00  342540   12784   0.04  gsd-printer
03:24:59 AM   119      2837    0.00    0.00    0.00    0.00    0.00     2      0.00      0.00  249328   17548   0.06  colord
03:24:59 AM     0     29120    0.00    0.00    0.00    0.00    0.00     2      0.00      0.00       0       0   0.00  kworker/u17:2-rb_allocator
03:24:59 AM     0     33852    0.00    0.00    0.00    0.00    0.00     1      0.00      0.00       0       0   0.00  kworker/1:0H-kblockd
03:24:59 AM     0     35048    0.00    0.00    0.00    0.00    0.00     1      0.00      0.00       0       0   0.00  kworker/u17:0-thermal_fan_est
03:24:59 AM  1000     39960    0.00    0.00    0.00    0.00    0.00     1      0.00      0.00   19248    9208   0.03  systemd
03:24:59 AM  1000     39961    0.00    0.00    0.00    0.00    0.00     2      0.00      0.00  170940    6304   0.02  (sd-pam)
03:24:59 AM  1000     40037    0.00    0.00    0.00    0.00    0.00     3      0.00      0.00    7812    3952   0.01  dbus-daemon
03:24:59 AM     0     40147    0.00    0.00    0.00    0.00    0.00     1      0.00      0.00       0       0   0.00  kworker/1:0-pm
03:24:59 AM     0     40174    0.00    0.00    0.00    0.00    0.00     2      0.00      0.00       0       0   0.00  kworker/2:2H-kblockd
03:24:59 AM     0     40194    0.00    0.00    0.00    0.00    0.00     3      0.00      0.00       0       0   0.00  kworker/3:0H-kblockd
03:24:59 AM     0     41650    0.00    0.00    0.00    0.00    0.00     3      0.00      0.00       0       0   0.00  kworker/3:0-mm_percpu_wq
03:24:59 AM     0     81462    0.00    0.00    0.00    0.00    0.00     2      0.00      0.00       0       0   0.00  kworker/2:2-pm
03:24:59 AM     0     81478    0.00    0.00    0.00    0.00    0.00     0      0.00      0.00       0       0   0.00  kworker/0:1H-kblockd
03:24:59 AM  1000     84840    0.00    0.00    0.00    0.00    0.00     3      0.00      0.00  240176   10088   0.03  gnome-keyring-d
03:24:59 AM   124     84900    0.00    0.00    0.00    0.00    0.00     1      0.00      0.00  156240    4584   0.01  dconf-service
03:24:59 AM     0     85427    0.00    0.00    0.00    0.00    0.00     0      0.00      0.00       0       0   0.00  kworker/0:2-events
03:24:59 AM     0     86310    0.00    0.00    0.00    0.00    0.00     3      0.00      0.00       0       0   0.00  kworker/u16:1-events_unbound
03:24:59 AM     0     86549    0.00    0.00    0.00    0.00    0.00     2      0.00      0.00   14768    7664   0.02  sshd
03:24:59 AM  1000     86593    0.00    0.00    0.00    0.00    0.00     3      0.00      0.00   15292    6480   0.02  sshd
03:24:59 AM  1000     86594    0.00    0.00    0.00    0.00    0.00     3      0.00      0.00   11860    5896   0.02  bash
03:24:59 AM     0     87290    0.00    0.00    0.00    0.00    0.00     0      0.00      0.00   14768    7584   0.02  sshd
03:24:59 AM  1000     87334    0.00    0.00    0.00    0.00    0.00     0      0.00      0.00   15292    6412   0.02  sshd
03:24:59 AM  1000     87335    0.00    0.00    0.00    0.00    0.00     2      0.00      0.00   11344    5436   0.02  bash
03:24:59 AM     0    137289    0.00    0.00    0.00    0.00    0.00     1      0.00      0.00       0       0   0.00  kworker/1:3-events
03:24:59 AM     0    142495    0.00    0.00    0.00    0.00    0.00     1      0.00      0.00       0       0   0.00  kworker/1:4-pm
03:24:59 AM     0    147908    0.00    0.00    0.00    0.00    0.00     2      0.00      0.00   14768    7636   0.02  sshd
03:24:59 AM  1000    147952    0.00    0.00    0.00    0.00    0.00     1      0.00      0.00   15292    5656   0.02  sshd
03:24:59 AM  1000    147953    0.00    0.00    0.00    0.00    0.00     3      0.00      0.00   11344    5400   0.02  bash
03:24:59 AM     0    148065    0.00    0.00    0.00    0.00    0.00     3      0.00      0.00 1237828   16880   0.05  containerd-shim
03:24:59 AM     0    148086    0.00    0.00    0.00    0.00    0.00     3      0.00      0.00    4560    3504   0.01  bash
03:24:59 AM  1000    148115    0.00    0.00    0.00    0.00    0.00     3      0.00      0.00 1919232   29524   0.09  docker
03:24:59 AM     0    148133    0.00    0.00    0.00    0.00    0.00     1      0.00      0.00    4560    3508   0.01  bash
03:24:59 AM     0    148158    0.00    1.00    0.00    0.00    1.00     1      0.00      0.00  196036   35060   0.11  ros2
03:24:59 AM     0    148159   10.00    5.00    0.00    1.00   15.00     1      0.00      0.00  580928   29152   0.09  scale_truck_con
03:24:59 AM     0    148161    5.00    6.00    0.00    2.00   11.00     1      0.00      0.00  583536   22540   0.07  lrc_node
03:24:59 AM     0    148232    0.00    0.00    0.00    0.00    0.00     1      0.00      0.00   14768    7560   0.02  sshd
03:24:59 AM  1000    148276    0.00    0.00    0.00    0.00    0.00     2      0.00      0.00   15292    6364   0.02  sshd
03:24:59 AM  1000    148277    0.00    0.00    0.00    0.00    0.00     1      0.00      0.00   11860    5928   0.02  bash
03:24:59 AM     0    148558   23.00    2.00    0.00    4.00   25.00     1      0.00      0.00  651636   83360   0.26  python3
03:24:59 AM     0    150604    0.00    0.00    0.00    0.00    0.00     2      0.00      0.00       0       0   0.00  kworker/2:1-mm_percpu_wq
03:24:59 AM     0    150646    0.00    0.00    0.00    0.00    0.00     0      0.00      0.00       0       0   0.00  kworker/0:0H
03:24:59 AM     0    150688    0.00    0.00    0.00    0.00    0.00     2      0.00      0.00       0       0   0.00  kworker/2:0H
03:24:59 AM     0    151786    0.00    0.00    0.00    0.00    0.00     3      0.00      0.00       0       0   0.00  kworker/3:2H
03:24:59 AM     0    151819    0.00    0.00    0.00    0.00    0.00     3      0.00      0.00       0       0   0.00  kworker/3:2-cgroup_destroy
03:24:59 AM     0    151861    0.00    0.00    0.00    0.00    0.00     1      0.00      0.00       0       0   0.00  kworker/u16:0-events_unbound
03:24:59 AM     0    151916    0.00    0.00    0.00    0.00    0.00     0      0.00      0.00       0       0   0.00  kworker/0:0-events
03:24:59 AM     0    151989    0.00    0.00    0.00    0.00    0.00     1      0.00      0.00       0       0   0.00  kworker/1:1H
03:24:59 AM     0    152270    0.00    0.00    0.00    0.00    0.00     1      0.00      0.00       0       0   0.00  kworker/1:2-events
03:24:59 AM     0    152626    0.00    0.00    0.00    0.00    0.00     2      0.00      0.00       0       0   0.00  kworker/2:1H
03:24:59 AM     0    152627    0.00    0.00    0.00    0.00    0.00     3      0.00      0.00       0       0   0.00  kworker/3:1H
03:24:59 AM     0    152628    0.00    0.00    0.00    0.00    0.00     0      0.00      0.00       0       0   0.00  kworker/0:1-events
03:24:59 AM     0    152655    0.00    0.00    0.00    0.00    0.00     1      0.00      0.00       0       0   0.00  kworker/u16:2-events_unbound
03:24:59 AM     0    152798    0.00    0.00    0.00    0.00    0.00     1      0.00      0.00       0       0   0.00  kworker/1:2H
03:24:59 AM     0    152803    0.00    0.00    0.00    0.00    0.00     2      0.00      0.00       0       0   0.00  kworker/2:0
03:24:59 AM     0    152876    0.00    0.00    0.00    0.00    0.00     3      0.00      0.00    4428    3224   0.01  bash
03:24:59 AM  1000    152883    0.00    0.00    0.00    0.00    0.00     3      0.00      0.00    9208    3068   0.01  bash
03:24:59 AM     0    153059    0.00    0.00    0.00    0.00    0.00     1      0.00      0.00    2660     780   0.00  timeout
03:24:59 AM     0    153061   10.00    6.00    0.00    0.00   16.00     2      1.00      0.00  838316   47412   0.15  ros2
03:24:59 AM  1000    153071    3.00   13.00    0.00    0.00   16.00     2      0.00      0.00   17668    9488   0.03  pidstat
03:24:59 AM  1000    153086    0.00    0.00    0.00    0.00    0.00     3      0.00      0.00 1623984   25280   0.08  docker
03:24:59 AM     0    153102    0.00    0.00    0.00    0.00    0.00     3      0.00      0.00    2660     800   0.00  timeout
03:24:59 AM     0    153123   22.00   30.00    0.00    1.00   52.00     1   3513.00      0.00  699304   80140   0.25  ros2

# Time        UID       PID    %usr %system  %guest   %wait    %CPU   CPU  minflt/s  majflt/s     VSZ     RSS   %MEM  Command
03:25:00 AM     0         1    0.00    0.00    0.00    0.00    0.00     0      0.00      0.00  169880   11540   0.04  systemd
03:25:00 AM     0         2    0.00    0.00    0.00    0.00    0.00     1      0.00      0.00       0       0   0.00  kthreadd
03:25:00 AM     0         3    0.00    0.00    0.00    0.00    0.00     0      0.00      0.00       0       0   0.00  rcu_gp
03:25:00 AM     0         4    0.00    0.00    0.00    0.00    0.00     0      0.00      0.00       0       0   0.00  rcu_par_gp
03:25:00 AM     0         8    0.00    0.00    0.00    0.00    0.00     0      0.00      0.00       0       0   0.00  mm_percpu_wq
03:25:00 AM     0         9    0.00    0.00    0.00    0.00    0.00     0      0.00      0.00       0       0   0.00  rcu_tasks_kthre
03:25:00 AM     0        10    0.00    0.00    0.00    0.00    0.00     0      0.00      0.00       0       0   0.00  rcu_tasks_rude_
03:25:00 AM     0        11    0.00    0.00    0.00    0.00    0.00     0      0.00      0.00       0       0   0.00  rcu_tasks_trace
03:25:00 AM     0        12    0.00    0.00    0.00    0.00    0.00     0      0.00      0.00       0       0   0.00  ksoftirqd/0
03:25:00 AM     0        13    0.00    0.00    0.00    0.00    0.00     1      0.00      0.00       0       0   0.00  rcu_preempt
03:25:00 AM     0        14    0.00    0.00    0.00    0.00    0.00     0      0.00      0.00       0       0   0.00  migration/0
03:25:00 AM     0        16    0.00    0.00    0.00    0.00    0.00     0      0.00      0.00       0       0   0.00  cpuhp/0
03:25:00 AM     0        17    0.00    0.00    0.00    0.00    0.00     1      0.00      0.00       0       0   0.00  cpuhp/1
03:25:00 AM     0        18    0.00    0.00    0.00    0.00    0.00     1      0.00      0.00       0       0   0.00  migration/1
03:25:00 AM     0        19    0.00    0.00    0.00    0.00    0.00     1      0.00      0.00       0       0   0.00  ksoftirqd/1
03:25:00 AM     0        22    0.00    0.00    0.00    0.00    0.00     2      0.00      0.00       0       0   0.00  cpuhp/2
03:25:00 AM     0        23    0.00    0.00    0.00    0.00    0.00     2      0.00      0.00       0       0   0.00  migration/2
03:25:00 AM     0        24    0.00    0.00    0.00    0.00    0.00     2      0.00      0.00       0       0   0.00  ksoftirqd/2
03:25:00 AM     0        27    0.00    0.00    0.00    0.00    0.00     3      0.00      0.00       0       0   0.00  cpuhp/3
03:25:00 AM     0        28    0.00    0.00    0.00    0.00    0.00     3      0.00      0.00       0       0   0.00  migration/3
03:25:00 AM     0        29    0.00    0.00    0.00    0.00    0.00     3      0.00      0.00       0       0   0.00  ksoftirqd/3
03:25:00 AM     0        32    0.00    0.00    0.00    0.00    0.00     4      0.00      0.00       0       0   0.00  cpuhp/4
03:25:00 AM     0        33    0.00    0.00    0.00    0.00    0.00     4      0.00      0.00       0       0   0.00  migration/4
03:25:00 AM     0        34    0.00    0.00    0.00    0.00    0.00     4      0.00      0.00       0       0   0.00  ksoftirqd/4
03:25:00 AM     0        36    0.00    0.00    0.00    0.00    0.00     4      0.00      0.00       0       0   0.00  kworker/4:0H-kblockd
03:25:00 AM     0        37    0.00    0.00    0.00    0.00    0.00     5      0.00      0.00       0       0   0.00  cpuhp/5
03:25:00 AM     0        38    0.00    0.00    0.00    0.00    0.00     5      0.00      0.00       0       0   0.00  migration/5
03:25:00 AM     0        39    0.00    0.00    0.00    0.00    0.00     5      0.00      0.00       0       0   0.00  ksoftirqd/5
03:25:00 AM     0        41    0.00    0.00    0.00    0.00    0.00     5      0.00      0.00       0       0   0.00  kworker/5:0H-kblockd
03:25:00 AM     0        42    0.00    0.00    0.00    0.00    0.00     6      0.00      0.00       0       0   0.00  cpuhp/6
03:25:00 AM     0        43    0.00    0.00    0.00    0.00    0.00     6      0.00      0.00       0       0   0.00  migration/6
03:25:00 AM     0        44    0.00    0.00    0.00    0.00    0.00     6      0.00      0.00       0       0   0.00  ksoftirqd/6
03:25:00 AM     0        46    0.00    0.00    0.00    0.00    0.00     6      0.00      0.00       0       0   0.00  kworker/6:0H-events_highpri
03:25:00 AM     0        47    0.00    0.00    0.00    0.00    0.00     7      0.00      0.00       0       0   0.00  cpuhp/7
03:25:00 AM     0        48    0.00    0.00    0.00    0.00    0.00     7      0.00      0.00       0       0   0.00  migration/7
03:25:00 AM     0        49    0.00    0.00    0.00    0.00    0.00     7      0.00      0.00       0       0   0.00  ksoftirqd/7
03:25:00 AM     0        50    0.00    0.00    0.00    0.00    0.00     0      0.00      0.00       0       0   0.00  kworker/7:0-rcu_gp
03:25:00 AM     0        51    0.00    0.00    0.00    0.00    0.00     7      0.00      0.00       0       0   0.00  kworker/7:0H-kblockd
03:25:00 AM     0        52    0.00    0.00    0.00    0.00    0.00     0      0.00      0.00       0       0   0.00  kdevtmpfs
03:25:00 AM     0        53    0.00    0.00    0.00    0.00    0.00     4      0.00      0.00       0       0   0.00  netns
03:25:00 AM     0        54    0.00    0.00    0.00    0.00    0.00     1      0.00      0.00       0       0   0.00  kauditd
03:25:00 AM     0        55    0.00    0.00    0.00    0.00    0.00     0      0.00      0.00       0       0   0.00  irq/87-mc_statu
03:25:00 AM     0        56    0.00    0.00    0.00    0.00    0.00     0      0.00      0.00       0       0   0.00  khungtaskd
03:25:00 AM     0        57    0.00    0.00    0.00    0.00    0.00     3      0.00      0.00       0       0   0.00  oom_reaper
03:25:00 AM     0        58    0.00    0.00    0.00    0.00    0.00     5      0.00      0.00       0       0   0.00  writeback
03:25:00 AM     0        59    0.00    0.00    0.00    0.00    0.00     3      0.00      0.00       0       0   0.00  kcompactd0
03:25:00 AM     0        60    0.00    0.00    0.00    0.00    0.00     1      0.00      0.00       0       0   0.00  ksmd
03:25:00 AM     0        61    0.00    0.00    0.00    0.00    0.00     0      0.00      0.00       0       0   0.00  khugepaged
03:25:00 AM     0        93    0.00    0.00    0.00    0.00    0.00     1      0.00      0.00       0       0   0.00  kintegrityd
03:25:00 AM     0        94    0.00    0.00    0.00    0.00    0.00     1      0.00      0.00       0       0   0.00  kblockd
03:25:00 AM     0        95    0.00    0.00    0.00    0.00    0.00     1      0.00      0.00       0       0   0.00  blkcg_punt_bio
03:25:00 AM     0        97    0.00    0.00    0.00    0.00    0.00     3      0.00      0.00       0       0   0.00  tpm_dev_wq
03:25:00 AM     0        98    0.00    0.00    0.00    0.00    0.00     0      0.00      0.00       0       0   0.00  irq/197-30c0000
03:25:00 AM     0        99    0.00    0.00    0.00    0.00    0.00     1      0.00      0.00       0       0   0.00  devfreq_wq
03:25:00 AM     0       100    0.00    0.00    0.00    0.00    0.00     1      0.00      0.00       0       0   0.00  watchdogd
03:25:00 AM     0       104    0.00    0.00    0.00    0.00    0.00     7      0.00      0.00       0       0   0.00  rpciod
03:25:00 AM     0       106    0.00    0.00    0.00    0.00    0.00     7      0.00      0.00       0       0   0.00  xprtiod
03:25:00 AM     0       108    0.00    0.00    0.00    0.00    0.00     7      0.00      0.00       0       0   0.00  kswapd0
03:25:00 AM     0       109    0.00    0.00    0.00    0.00    0.00     5      0.00      0.00       0       0   0.00  nfsiod
03:25:00 AM     0       112    0.00    0.00    0.00    0.00    0.00     1      0.00      0.00       0       0   0.00  kthrotld
03:25:00 AM     0       113    0.00    0.00    0.00    0.00    0.00     7      0.00      0.00       0       0   0.00  kpcitest
03:25:00 AM     0       116    0.00    0.00    0.00    0.00    0.00     5      0.00      0.00       0       0   0.00  kworker/5:1-events
03:25:00 AM     0       122    0.00    0.00    0.00    0.00    0.00     1      0.00      0.00       0       0   0.00  nvme-wq
03:25:00 AM     0       123    0.00    0.00    0.00    0.00    0.00     5      0.00      0.00       0       0   0.00  nvme-reset-wq
03:25:00 AM     0       124    0.00    0.00    0.00    0.00    0.00     6      0.00      0.00       0       0   0.00  nvme-delete-wq
03:25:00 AM     0       125    0.00    0.00    0.00    0.00    0.00     6      0.00      0.00       0       0   0.00  uas
03:25:00 AM     0       126    0.00    0.00    0.00    0.00    0.00     0      0.00      0.00       0       0   0.00  irq/222-tegra_r
03:25:00 AM     0       127    0.00    0.00    0.00    0.00    0.00     0      0.00      0.00       0       0   0.00  kworker/7:2-events
03:25:00 AM     0       129    0.00    0.00    0.00    0.00    0.00     0      0.00      0.00       0       0   0.00  irq/86-tegra-oc
03:25:00 AM     0       130    0.00    0.00    0.00    0.00    0.00     5      0.00      0.00       0       0   0.00  dm_bufio_cache
03:25:00 AM     0       131    0.00    0.00    0.00    0.00    0.00     0      0.00      0.00       0       0   0.00  irq/223-max7762
03:25:00 AM     0       140    0.00    0.00    0.00    0.00    0.00     0      0.00      0.00       0       0   0.00  irq/55-bc00000.
03:25:00 AM     0       143    0.00    0.00    0.00    0.00    0.00     0      0.00      0.00       0       0   0.00  ipv6_addrconf
03:25:00 AM     0       144    0.00    0.00    0.00    0.00    0.00     6      0.00      0.00       0       0   0.00  krfcommd
03:25:00 AM     0       145    0.00    0.00    0.00    0.00    0.00     0      0.00      0.00       0       0   0.00  kstrp
03:25:00 AM     0       150    0.00    0.00    0.00    0.00    0.00     0      0.00      0.00       0       0   0.00  irq/24-tegra-pc
03:25:00 AM     0       154    0.00    0.00    0.00    0.00    0.00     0      0.00      0.00       0       0   0.00  irq/26-tegra-pc
03:25:00 AM     0       160    0.00    0.00    0.00    0.00    0.00     0      0.00      0.00       0       0   0.00  irq/26-aerdrv
03:25:00 AM     0       161    0.00    0.00    0.00    0.00    0.00     0      0.00      0.00       0       0   0.00  irq/28-tegra-pc
03:25:00 AM     0       162    0.00    0.00    0.00    0.00    0.00     0      0.00      0.00       0       0   0.00  irq/28-aerdrv
03:25:00 AM     0       163    0.00    0.00    0.00    0.00    0.00     5      0.00      0.00       0       0   0.00  host_low_prio_w
03:25:00 AM     0       164    0.00    0.00    0.00    0.00    0.00     0      0.00      0.00       0       0   0.00  irq/57-host_syn
03:25:00 AM     0       165    0.00    0.00    0.00    0.00    0.00     0      0.00      0.00       0       0   0.00  irq/58-host_sta
03:25:00 AM     0       173    0.00    0.00    0.00    0.00    0.00     5      0.00      0.00       0       0   0.00  pva_task_status
03:25:00 AM     0       174    0.00    0.00    0.00    0.00    0.00     0      0.00      0.00       0       0   0.00  irq/75-pva-isr
03:25:00 AM     0       175    0.00    0.00    0.00    0.00    0.00     0      0.00      0.00       0       0   0.00  pva_task_status
03:25:00 AM     0       176    0.00    0.00    0.00    0.00    0.00     0      0.00      0.00       0       0   0.00  irq/76-pva-isr
03:25:00 AM     0       185    0.00    0.00    0.00    0.00    0.00     0      0.00      0.00       0       0   0.00  sdhci
03:25:00 AM     0       186    0.00    0.00    0.00    0.00    0.00     0      0.00      0.00       0       0   0.00  irq/39-mmc0
03:25:00 AM     0       187    0.00    0.00    0.00    0.00    0.00     2      0.00      0.00       0       0   0.00  sdhci
03:25:00 AM     0       189    0.00    0.00    0.00    0.00    0.00     0      0.00      0.00       0       0   0.00  irq/40-mmc1
03:25:00 AM     0       195    0.00    0.00    0.00    0.00    0.00     7      0.00      0.00       0       0   0.00  scsi_eh_0
03:25:00 AM     0       196    0.00    0.00    0.00    0.00    0.00     7      0.00      0.00       0       0   0.00  scsi_tmf_0
03:25:00 AM     0       197    0.00    0.00    0.00    0.00    0.00     0      0.00      0.00       0       0   0.00  kworker/5:2-events
03:25:00 AM     0       198    0.00    0.00    0.00    0.00    0.00     0      0.00      0.00       0       0   0.00  irq/67-15200000
03:25:00 AM     0       199    0.00    0.00    0.00    0.00    0.00     1      0.00      0.00       0       0   0.00  tegradc.0/a
03:25:00 AM     0       200    0.00    0.00    0.00    0.00    0.00     0      0.00      0.00       0       0   0.00  tegradc.0/b
03:25:00 AM     0       201    0.00    0.00    0.00    0.00    0.00     0      0.00      0.00       0       0   0.00  tegradc.0/c
03:25:00 AM     0       202    0.00    0.00    0.00    0.00    0.00     0      0.00      0.00       0       0   0.00  tegradc.0/d
03:25:00 AM     0       203    0.00    0.00    0.00    0.00    0.00     0      0.00      0.00       0       0   0.00  tegradc.0/e
03:25:00 AM     0       204    0.00    0.00    0.00    0.00    0.00     0      0.00      0.00       0       0   0.00  tegradc.0/f
03:25:00 AM     0       205    0.00    0.00    0.00    0.00    0.00     0      0.00      0.00       0       0   0.00  tegradc.0/sl
03:25:00 AM     0       206    0.00    0.00    0.00    0.00    0.00     0      0.00      0.00       0       0   0.00  irq/62-15200000
03:25:00 AM     0       207    0.00    0.00    0.00    0.00    0.00     0      0.00      0.00       0       0   0.00  irq/276-3400000
03:25:00 AM     0       208    0.00    0.00    0.00    0.00    0.00     0      0.00      0.00       0       0   0.00  ufs_eh_wq_0
03:25:00 AM     0       209    0.00    0.00    0.00    0.00    0.00     3      0.00      0.00       0       0   0.00  mmc_complete
03:25:00 AM     0       211    0.00    0.00    0.00    0.00    0.00     0      0.00      0.00       0       0   0.00  irq/278-1520000
03:25:00 AM     0       212    0.00    0.00    0.00    0.00    0.00     0      0.00      0.00       0       0   0.00  irq/203-3610000
03:25:00 AM     0       213    0.00    0.00    0.00    0.00    0.00     0      0.00      0.00       0       0   0.00  irq/221-3610000
03:25:00 AM     0       214    0.00    0.00    0.00    0.00    0.00     0      0.00      0.00       0       0   0.00  irq/30-tegra-pc
03:25:00 AM     0       216    0.00    0.00    0.00    0.00    0.00     0      0.00      0.00       0       0   0.00  kworker/4:3-events
03:25:00 AM     0       218    0.00    0.00    0.00    0.00    0.00     4      0.00      0.00       0       0   0.00  kworker/4:5-events
03:25:00 AM     0       221    0.00    0.00    0.00    0.00    0.00     0      0.00      0.00       0       0   0.00  kworker/6:12-events
03:25:00 AM     0       222    0.00    0.00    0.00    0.00    0.00     0      0.00      0.00       0       0   0.00  kworker/6:13-events
03:25:00 AM     0       225    0.00    0.00    0.00    0.00    0.00     0      0.00      0.00       0       0   0.00  irq/68-tegra_dp
03:25:00 AM     0       226    0.00    0.00    0.00    0.00    0.00     0      0.00      0.00       0       0   0.00  irq/65-15210000
03:25:00 AM     0       227    0.00    0.00    0.00    0.00    0.00     0      0.00      0.00       0       0   0.00  tegradc.1/a
03:25:00 AM     0       228    0.00    0.00    0.00    0.00    0.00     0      0.00      0.00       0       0   0.00  tegradc.1/b
03:25:00 AM     0       229    0.00    0.00    0.00    0.00    0.00     0      0.00      0.00       0       0   0.00  tegradc.1/c
03:25:00 AM     0       230    0.00    0.00    0.00    0.00    0.00     0      0.00      0.00       0       0   0.00  tegradc.1/d
03:25:00 AM     0       231    0.00    0.00    0.00    0.00    0.00     0      0.00      0.00       0       0   0.00  tegradc.1/e
03:25:00 AM     0       232    0.00    0.00    0.00    0.00    0.00     0      0.00      0.00       0       0   0.00  tegradc.1/f
03:25:00 AM     0       233    0.00    0.00    0.00    0.00    0.00     1      0.00      0.00       0       0   0.00  tegradc.1/sl
03:25:00 AM     0       234    0.00    0.00    0.00    0.00    0.00     0      0.00      0.00       0       0   0.00  irq/63-15210000
03:25:00 AM     0       249    0.00    0.00    0.00    0.00    0.00     0      0.00      0.00       0       0   0.00  irq/56-d230000.
03:25:00 AM     0       250    0.00    0.00    0.00    0.00    0.00     0      0.00      0.00       0       0   0.00  irq/69-tegra_dp
03:25:00 AM     0       251    0.00    0.00    0.00    0.00    0.00     0      0.00      0.00       0       0   0.00  irq/66-15220000
03:25:00 AM     0       252    0.00    0.00    0.00    0.00    0.00     0      0.00      0.00       0       0   0.00  tegradc.2/a
03:25:00 AM     0       253    0.00    0.00    0.00    0.00    0.00     0      0.00      0.00       0       0   0.00  tegradc.2/b
03:25:00 AM     0       254    0.00    0.00    0.00    0.00    0.00     0      0.00      0.00       0       0   0.00  tegradc.2/c
03:25:00 AM     0       255    0.00    0.00    0.00    0.00    0.00     0      0.00      0.00       0       0   0.00  tegradc.2/d
03:25:00 AM     0       256    0.00    0.00    0.00    0.00    0.00     0      0.00      0.00       0       0   0.00  tegradc.2/e
03:25:00 AM     0       257    0.00    0.00    0.00    0.00    0.00     0      0.00      0.00       0       0   0.00  tegradc.2/f
03:25:00 AM     0       258    0.00    0.00    0.00    0.00    0.00     0      0.00      0.00       0       0   0.00  tegradc.2/sl
03:25:00 AM     0       259    0.00    0.00    0.00    0.00    0.00     0      0.00      0.00       0       0   0.00  irq/64-15220000
03:25:00 AM     0       275    0.00    0.00    0.00    0.00    0.00     3      0.00      0.00       0       0   0.00  jbd2/mmcblk0p1-
03:25:00 AM     0       276    0.00    0.00    0.00    0.00    0.00     3      0.00      0.00       0       0   0.00  ext4-rsv-conver
03:25:00 AM     0       280    0.00    0.00    0.00    0.00    0.00     7      0.00      0.00       0       0   0.00  kworker/7:1H
03:25:00 AM     0       286    0.00    0.00    0.00    0.00    0.00     5      0.00      0.00       0       0   0.00  kworker/5:1H-kblockd
03:25:00 AM     0       312    0.00    0.00    0.00    0.00    0.00     1      0.00      0.00   61816   32076   0.10  systemd-journal
03:25:00 AM     0       338    0.00    0.00    0.00    0.00    0.00     1      0.00      0.00       0       0   0.00  nvmap-bz
03:25:00 AM     0       339    0.00    0.00    0.00    0.00    0.00     0      0.00      0.00       0       0   0.00  irq/204-gk20a_s
03:25:00 AM     0       340    0.00    0.00    0.00    0.00    0.00     0      0.00      0.00       0       0   0.00  irq/205-gk20a_n
03:25:00 AM     0       345    0.00    0.00    0.00    0.00    0.00     3      0.00      0.00    2776    1492   0.00  tee-supplicant
03:25:00 AM     0       347    0.00    0.00    0.00    0.00    0.00     3      0.00      0.00       0       0   0.00  optee_bus_scan
03:25:00 AM     0       358    0.00    0.00    0.00    0.00    0.00     2      0.00      0.00   22788    7532   0.02  systemd-udevd
03:25:00 AM     0       364    0.00    0.00    0.00    0.00    0.00     1      0.00      0.00    7948    4892   0.02  haveged
03:25:00 AM   126       365    0.00    0.00    0.00    0.00    0.00     3      0.00      0.00    7136    3108   0.01  rpcbind
03:25:00 AM   105       366    0.00    0.00    0.00    0.00    0.00     1      0.00      0.00   25592   13288   0.04  systemd-resolve
03:25:00 AM   103       367    0.00    0.00    0.00    0.00    0.00     0      0.00      0.00   90672    6220   0.02  systemd-timesyn
03:25:00 AM     0       407    0.00    0.00    0.00    0.00    0.00     5      0.00      0.00       0       0   0.00  cfg80211
03:25:00 AM     0       410    0.00    0.00    0.00    0.00    0.00     0      0.00      0.00       0       0   0.00  irq/42-3210000.
03:25:00 AM     0       412    0.00    0.00    0.00    0.00    0.00     2      0.00      0.00       0       0   0.00  spi0
03:25:00 AM     0       413    0.00    1.00    0.00    0.00    1.00     1      0.00      0.00       0       0   0.00  irq/282-iwlwifi
03:25:00 AM     0       416    0.00    0.00    0.00    0.00    0.00     4      0.00      0.00       0       0   0.00  ata_sff
03:25:00 AM     0       419    0.00    0.00    0.00    0.00    0.00     0      0.00      0.00       0       0   0.00  irq/43-c260000.
03:25:00 AM     0       420    0.00    0.00    0.00    0.00    0.00     6      0.00      0.00       0       0   0.00  scsi_eh_1
03:25:00 AM     0       422    0.00    0.00    0.00    0.00    0.00     6      0.00      0.00       0       0   0.00  scsi_tmf_1
03:25:00 AM     0       427    0.00    0.00    0.00    0.00    0.00     0      0.00      0.00       0       0   0.00  spi1
03:25:00 AM     0       430    0.00    0.00    0.00    0.00    0.00     1      0.00      0.00  242072    8880   0.03  accounts-daemon
03:25:00 AM   120       439    0.00    0.00    0.00    0.00    0.00     1      0.00      0.00    7084    3472   0.01  avahi-daemon
03:25:00 AM     0       441    0.00    0.00    0.00    0.00    0.00     2      0.00      0.00    9220    2516   0.01  cron
03:25:00 AM   106       443    0.00    0.00    0.00    0.00    0.00     1      0.00      0.00    9396    5264   0.02  dbus-daemon
03:25:00 AM     0       447    0.00    0.00    0.00    0.00    0.00     0      0.00      0.00  341244   20856   0.07  NetworkManager
03:25:00 AM     0       456    0.00    0.00    0.00    0.00    0.00     4      0.00      0.00   38300   19472   0.06  networkd-dispat
03:25:00 AM     0       473    0.00    0.00    0.00    0.00    0.00     3      0.00      0.00  238860   13352   0.04  polkitd
03:25:00 AM   125       483    0.00    0.00    0.00    0.00    0.00     3      0.00      0.00  220940    8288   0.03  rsyslogd
03:25:00 AM     0       503    0.00    0.00    0.00    0.00    0.00     2      0.00      0.00  235864    4364   0.01  switcheroo-cont
03:25:00 AM     0       514    0.00    0.00    0.00    0.00    0.00     0      0.00      0.00   17076    6760   0.02  systemd-logind
03:25:00 AM     0       523    0.00    0.00    0.00    0.00    0.00     2      0.00      0.00  395556   15680   0.05  udisksd
03:25:00 AM     0       528    0.00    0.00    0.00    0.00    0.00     1      0.00      0.00   12784    8052   0.03  wpa_supplicant
03:25:00 AM     0       548    0.00    3.00    0.00    0.00    3.00     0      0.00      0.00       0       0   0.00  sugov:0
03:25:00 AM   120       555    0.00    0.00    0.00    0.00    0.00     2      0.00      0.00    6896     324   0.00  avahi-daemon
03:25:00 AM     0       585    0.00    0.00    0.00    0.00    0.00     5      0.00      0.00       0       0   0.00  tmp451
03:25:00 AM     0       597    0.00    0.00    0.00    0.00    0.00     3      0.00      0.00       0       0   0.00  irq/286-1-0008
03:25:00 AM     0       600    0.00    0.00    0.00    0.00    0.00     2      0.00      0.00  321792   14480   0.05  ModemManager
03:25:00 AM     0       653    0.00    0.00    0.00    0.00    0.00     1      0.00      0.00    2476     604   0.00  nvfancontrol
03:25:00 AM     0       728    0.00    0.00    0.00    0.00    0.00     4      0.00      0.00       0       0   0.00  adspp_kthread
03:25:00 AM     0       779    0.00    0.00    0.00    0.00    0.00     6      0.00      0.00       0       0   0.00  kworker/6:2H-kblockd
03:25:00 AM     0       876    0.00    0.00    0.00    0.00    0.00     1      0.00      0.00       0       0   0.00  irq/289-2490000
03:25:00 AM     0       887    0.00    0.00    0.00    0.00    0.00     0      0.00      0.00       0       0   0.00  irq/32-eth0.com
03:25:00 AM     0       919    0.00    0.00    0.00    0.00    0.00     4      0.00      0.00       0       0   0.00  file-storage
03:25:00 AM     0       953    0.00    0.00    0.00    0.00    0.00     1      0.00      0.00       0       0   0.00  loop0
03:25:00 AM     0      1048    0.00    0.00    0.00    0.00    0.00     4      0.00      0.00       0       0   0.00  kworker/4:2H-kblockd
03:25:00 AM     0      1091    0.00    0.00    0.00    0.00    0.00     3      0.00      0.00       0       0   0.00  cryptd
03:25:00 AM     0      1147    0.00    0.00    0.00    0.00    0.00     2      0.00      0.00       0       0   0.00  sw-quiesce
03:25:00 AM     0      1148    0.00    0.00    0.00    0.00    0.00     3      0.00      0.00       0       0   0.00  nvgpu_channel_p
03:25:00 AM     0      1151    0.00    0.00    0.00    0.00    0.00     1      0.00      0.00       0       0   0.00  nvgpu_nvs_gv11b
03:25:00 AM     0      1153    0.00    0.00    0.00    0.00    0.00     1      0.00      0.00       0       0   0.00  nvgpu_pg_init_g
03:25:00 AM     0      1157    0.00    0.00    0.00    0.00    0.00     3      0.00      0.00       0       0   0.00  nvgpu_clk_arb_p
03:25:00 AM     0      1162    0.00    0.00    0.00    0.00    0.00     3      0.00      0.00       0       0   0.00  irq/288-rt5659
03:25:00 AM     0      1270    0.00    0.00    0.00    0.00    0.00     3      0.00      0.00   55688   11092   0.03  nvargus-daemon
03:25:00 AM     0      1273    0.00    0.00    0.00    0.00    0.00     3      0.00      0.00   21932    1552   0.00  nvs-service
03:25:00 AM     0      1298    0.00    0.00    0.00    0.00    0.00     1      0.00      0.00 2007972   49164   0.15  containerd
03:25:00 AM     0      1314    0.00    0.00    0.00    0.00    0.00     0      0.00      0.00  240032    7616   0.02  gdm3
03:25:00 AM   108      1326    0.00    0.00    0.00    0.00    0.00     1      0.00      0.00   11468    1896   0.01  kerneloops
03:25:00 AM     0      1327    0.00    0.00    0.00    0.00    0.00     3      0.00      0.00   12236    6576   0.02  sshd
03:25:00 AM     0      1336    0.00    0.00    0.00    0.00    0.00     0      0.00      0.00    7688    1876   0.01  agetty
03:25:00 AM     0      1337    0.00    0.00    0.00    0.00    0.00     2      0.00      0.00    7688    1904   0.01  agetty
03:25:00 AM   108      1339    0.00    0.00    0.00    0.00    0.00     2      0.00      0.00   11468    1820   0.01  kerneloops
03:25:00 AM     0      1340    0.00    0.00    0.00    0.00    0.00     3      0.00      0.00    9216    2824   0.01  nvgetty.sh
03:25:00 AM     0      1379    0.00    0.00    0.00    0.00    0.00     0      0.00      0.00    7688    1848   0.01  getty
03:25:00 AM     0      1554    0.00    0.00    0.00    0.00    0.00     2      0.00      0.00 2111796   86036   0.27  dockerd
03:25:00 AM     0      1677    0.00    0.00    0.00    0.00    0.00     2      0.00      0.00  168472    8256   0.03  gdm-session-wor
03:25:00 AM     0      1711    0.00    0.00    0.00    0.00    0.00     0      0.00      0.00    3248     808   0.00  nvphsd
03:25:00 AM     0      1716    0.00    0.00    0.00    0.00    0.00     3      0.00      0.00    3380    1788   0.01  nvphsd
03:25:00 AM   124      1789    0.00    0.00    0.00    0.00    0.00     3      0.00      0.00   19144    9224   0.03  systemd
03:25:00 AM   124      1804    0.00    0.00    0.00    0.00    0.00     3      0.00      0.00  104488    5436   0.02  (sd-pam)
03:25:00 AM   124      2014    0.00    0.00    0.00    0.00    0.00     1      0.00      0.00  961884   21984   0.07  pulseaudio
03:25:00 AM   124      2032    0.00    0.00    0.00    0.00    0.00     2      0.00      0.00  164156    5924   0.02  gdm-x-session
03:25:00 AM   124      2037    0.00    0.00    0.00    0.00    0.00     2      0.00      0.00 25330232   99256   0.31  Xorg
03:25:00 AM   118      2040    0.00    0.00    0.00    0.00    0.00     1      0.00      0.00  152516    2440   0.01  rtkit-daemon
03:25:00 AM   124      2162    0.00    0.00    0.00    0.00    0.00     2      0.00      0.00    7812    3448   0.01  dbus-daemon
03:25:00 AM   124      2428    0.00    0.00    0.00    0.00    0.00     0      0.00      0.00    4776    1164   0.00  dbus-run-sessio
03:25:00 AM   124      2429    0.00    0.00    0.00    0.00    0.00     2      0.00      0.00    8088    4104   0.01  dbus-daemon
03:25:00 AM   124      2438    0.00    0.00    0.00    0.00    0.00     0      0.00      0.00  559768   14932   0.05  gnome-session-b
03:25:00 AM     0      2457    0.00    0.00    0.00    0.00    0.00     2      0.00      0.00  101692   19628   0.06  jtop
03:25:00 AM   124      2463    0.00    0.00    0.00    0.00    0.00     3      0.00      0.00  309548   10092   0.03  at-spi-bus-laun
03:25:00 AM   124      2470    0.00    0.00    0.00    0.00    0.00     1      0.00      0.00    7676    3468   0.01  dbus-daemon
03:25:00 AM   124      2495    0.00    1.00    0.00    0.00    1.00     2      0.00      0.00 4022996  194924   0.61  gnome-shell
03:25:00 AM     0      2510    0.00    0.00    0.00    0.00    0.00     3      0.00      0.00  175424   16904   0.05  jtop
03:25:00 AM     0      2518    0.00    0.00    0.00    0.00    0.00     2      0.00      0.00  101692   17160   0.05  jtop
03:25:00 AM   124      2696    0.00    0.00    0.00    0.00    0.00     0      0.00      0.00  314420   11212   0.04  ibus-daemon
03:25:00 AM   124      2699    0.00    0.00    0.00    0.00    0.00     2      0.00      0.00  239960   11792   0.04  ibus-dconf
03:25:00 AM   124      2701    0.00    0.00    0.00    0.00    0.00     2      0.00      0.00  189920   16900   0.05  ibus-x11
03:25:00 AM   124      2704    0.00    0.00    0.00    0.00    0.00     3      0.00      0.00  239880    7776   0.02  ibus-portal
03:25:00 AM   124      2715    0.00    0.00    0.00    0.00    0.00     1      0.00      0.00  161420    6880   0.02  at-spi2-registr
03:25:00 AM   124      2719    0.00    0.00    0.00    0.00    0.00     3      0.00      0.00  235804    4672   0.01  xdg-permission-
03:25:00 AM     0      2725    0.00    0.00    0.00    0.00    0.00     0      0.00      0.00  252944    8776   0.03  upowerd
03:25:00 AM   124      2745    0.00    0.00    0.00    0.00    0.00     2      0.00      0.00 3001620   27244   0.09  gjs
03:25:00 AM   124      2764    0.00    0.00    0.00    0.00    0.00     3      0.00      0.00  469396   14236   0.04  gsd-sharing
03:25:00 AM   124      2765    0.00    0.00    0.00    0.00    0.00     1      0.00      0.00  334628   15072   0.05  gsd-wacom
03:25:00 AM   124      2768    0.00    0.00    0.00    0.00    0.00     3      0.00      0.00  571788   19844   0.06  gsd-color
03:25:00 AM   124      2772    0.00    0.00    0.00    0.00    0.00     3      0.00      0.00  338096   17824   0.06  gsd-keyboard
03:25:00 AM   124      2774    0.00    0.00    0.00    0.00    0.00     2      0.00      0.00  322508   11376   0.04  gsd-print-notif
03:25:00 AM   124      2779    0.00    0.00    0.00    0.00    0.00     3      0.00      0.00  166208    7736   0.02  ibus-engine-sim
03:25:00 AM   124      2780    0.00    0.00    0.00    0.00    0.00     1      0.00      0.00  457460    7996   0.03  gsd-rfkill
03:25:00 AM   124      2782    0.00    0.00    0.00    0.00    0.00     1      0.00      0.00  391976    9696   0.03  gsd-smartcard
03:25:00 AM   124      2784    0.00    0.00    0.00    0.00    0.00     2      0.00      0.00  374928   15372   0.05  gsd-datetime
03:25:00 AM   124      2790    0.00    0.00    0.00    0.00    0.00     2      0.00      0.00  679696   20032   0.06  gsd-media-keys
03:25:00 AM   124      2791    0.00    0.00    0.00    0.00    0.00     3      0.00      0.00  235772    5600   0.02  gsd-screensaver
03:25:00 AM   124      2793    0.00    0.00    0.00    0.00    0.00     3      0.00      0.00  320104    9452   0.03  gsd-sound
03:25:00 AM   124      2795    0.00    0.00    0.00    0.00    0.00     3      0.00      0.00  313652   10144   0.03  gsd-a11y-settin
03:25:00 AM   124      2799    0.00    0.00    0.00    0.00    0.00     3      0.00      0.00  313992   10540   0.03  gsd-housekeepin
03:25:00 AM   124      2802    0.00    0.00    0.00    0.00    0.00     3      0.00      0.00  339724   18828   0.06  gsd-power
03:25:00 AM   124      2824    0.00    0.00    0.00    0.00    0.00     2      0.00      0.00  342540   12784   0.04  gsd-printer
03:25:00 AM   119      2837    0.00    0.00    0.00    0.00    0.00     2      0.00      0.00  249328   17548   0.06  colord
03:25:00 AM     0     29120    0.00    0.00    0.00    0.00    0.00     2      0.00      0.00       0       0   0.00  kworker/u17:2-rb_allocator
03:25:00 AM     0     33852    0.00    0.00    0.00    0.00    0.00     1      0.00      0.00       0       0   0.00  kworker/1:0H-kblockd
03:25:00 AM     0     35048    0.00    0.00    0.00    0.00    0.00     1      0.00      0.00       0       0   0.00  kworker/u17:0-thermal_fan_est
03:25:00 AM  1000     39960    0.00    0.00    0.00    0.00    0.00     1      0.00      0.00   19248    9208   0.03  systemd
03:25:00 AM  1000     39961    0.00    0.00    0.00    0.00    0.00     2      0.00      0.00  170940    6304   0.02  (sd-pam)
03:25:00 AM  1000     40037    0.00    0.00    0.00    0.00    0.00     3      0.00      0.00    7812    3952   0.01  dbus-daemon
03:25:00 AM     0     40147    0.00    0.00    0.00    0.00    0.00     1      0.00      0.00       0       0   0.00  kworker/1:0-pm
03:25:00 AM     0     40174    0.00    0.00    0.00    0.00    0.00     2      0.00      0.00       0       0   0.00  kworker/2:2H-kblockd
03:25:00 AM     0     40194    0.00    0.00    0.00    0.00    0.00     3      0.00      0.00       0       0   0.00  kworker/3:0H-kblockd
03:25:00 AM     0     41650    0.00    0.00    0.00    0.00    0.00     3      0.00      0.00       0       0   0.00  kworker/3:0-mm_percpu_wq
03:25:00 AM     0     81462    0.00    0.00    0.00    0.00    0.00     2      0.00      0.00       0       0   0.00  kworker/2:2-events
03:25:00 AM     0     81478    0.00    0.00    0.00    0.00    0.00     0      0.00      0.00       0       0   0.00  kworker/0:1H-kblockd
03:25:00 AM  1000     84840    0.00    0.00    0.00    0.00    0.00     3      0.00      0.00  240176   10088   0.03  gnome-keyring-d
03:25:00 AM   124     84900    0.00    0.00    0.00    0.00    0.00     1      0.00      0.00  156240    4584   0.01  dconf-service
03:25:00 AM     0     85427    0.00    0.00    0.00    0.00    0.00     0      0.00      0.00       0       0   0.00  kworker/0:2-events
03:25:00 AM     0     86310    0.00    0.00    0.00    0.00    0.00     2      0.00      0.00       0       0   0.00  kworker/u16:1-devfreq_wq
03:25:00 AM     0     86549    0.00    0.00    0.00    0.00    0.00     2      0.00      0.00   14768    7664   0.02  sshd
03:25:00 AM  1000     86593    0.00    0.00    0.00    0.00    0.00     3      0.00      0.00   15292    6480   0.02  sshd
03:25:00 AM  1000     86594    0.00    0.00    0.00    0.00    0.00     3      0.00      0.00   11860    5896   0.02  bash
03:25:00 AM     0     87290    0.00    0.00    0.00    0.00    0.00     0      0.00      0.00   14768    7584   0.02  sshd
03:25:00 AM  1000     87334    0.00    0.00    0.00    0.00    0.00     0      0.00      0.00   15292    6412   0.02  sshd
03:25:00 AM  1000     87335    0.00    0.00    0.00    0.00    0.00     2      0.00      0.00   11344    5436   0.02  bash
03:25:00 AM     0    137289    0.00    0.00    0.00    0.00    0.00     1      0.00      0.00       0       0   0.00  kworker/1:3-events
03:25:00 AM     0    142495    0.00    0.00    0.00    0.00    0.00     1      0.00      0.00       0       0   0.00  kworker/1:4-pm
03:25:00 AM     0    147908    0.00    0.00    0.00    0.00    0.00     2      0.00      0.00   14768    7636   0.02  sshd
03:25:00 AM  1000    147952    0.00    0.00    0.00    0.00    0.00     1      0.00      0.00   15292    5656   0.02  sshd
03:25:00 AM  1000    147953    0.00    0.00    0.00    0.00    0.00     3      0.00      0.00   11344    5400   0.02  bash
03:25:00 AM     0    148065    0.00    0.00    0.00    0.00    0.00     3      0.00      0.00 1237828   16880   0.05  containerd-shim
03:25:00 AM     0    148086    0.00    0.00    0.00    0.00    0.00     3      0.00      0.00    4560    3504   0.01  bash
03:25:00 AM  1000    148115    0.00    0.00    0.00    0.00    0.00     3      0.00      0.00 1919232   29524   0.09  docker
03:25:00 AM     0    148133    0.00    0.00    0.00    0.00    0.00     1      0.00      0.00    4560    3508   0.01  bash
03:25:00 AM     0    148158    0.00    0.00    0.00    0.00    0.00     1      0.00      0.00  196036   35060   0.11  ros2
03:25:00 AM     0    148159    9.00    4.00    0.00    2.00   13.00     3      0.00      0.00  580928   29152   0.09  scale_truck_con
03:25:00 AM     0    148161    6.00    5.00    0.00    2.00   11.00     1      0.00      0.00  583536   22540   0.07  lrc_node
03:25:00 AM     0    148232    0.00    0.00    0.00    0.00    0.00     1      0.00      0.00   14768    7560   0.02  sshd
03:25:00 AM  1000    148276    0.00    0.00    0.00    0.00    0.00     2      0.00      0.00   15292    6364   0.02  sshd
03:25:00 AM  1000    148277    0.00    0.00    0.00    0.00    0.00     1      0.00      0.00   11860    5928   0.02  bash
03:25:00 AM     0    148558   25.00    1.00    0.00    2.00   26.00     0      0.00      0.00  651636   83360   0.26  python3
03:25:00 AM     0    150604    0.00    0.00    0.00    0.00    0.00     2      0.00      0.00       0       0   0.00  kworker/2:1-mm_percpu_wq
03:25:00 AM     0    150646    0.00    0.00    0.00    0.00    0.00     0      0.00      0.00       0       0   0.00  kworker/0:0H
03:25:00 AM     0    150688    0.00    0.00    0.00    0.00    0.00     2      0.00      0.00       0       0   0.00  kworker/2:0H
03:25:00 AM     0    151786    0.00    0.00    0.00    0.00    0.00     3      0.00      0.00       0       0   0.00  kworker/3:2H
03:25:00 AM     0    151819    0.00    0.00    0.00    0.00    0.00     3      0.00      0.00       0       0   0.00  kworker/3:2-cgroup_destroy
03:25:00 AM     0    151861    0.00    0.00    0.00    0.00    0.00     1      0.00      0.00       0       0   0.00  kworker/u16:0-events_unbound
03:25:00 AM     0    151916    0.00    0.00    0.00    0.00    0.00     0      0.00      0.00       0       0   0.00  kworker/0:0-events
03:25:00 AM     0    151989    0.00    0.00    0.00    0.00    0.00     1      0.00      0.00       0       0   0.00  kworker/1:1H
03:25:00 AM     0    152270    0.00    0.00    0.00    0.00    0.00     1      0.00      0.00       0       0   0.00  kworker/1:2-events
03:25:00 AM     0    152626    0.00    0.00    0.00    0.00    0.00     2      0.00      0.00       0       0   0.00  kworker/2:1H
03:25:00 AM     0    152627    0.00    0.00    0.00    0.00    0.00     3      0.00      0.00       0       0   0.00  kworker/3:1H
03:25:00 AM     0    152628    0.00    0.00    0.00    0.00    0.00     0      0.00      0.00       0       0   0.00  kworker/0:1-events
03:25:00 AM     0    152655    0.00    0.00    0.00    0.00    0.00     1      0.00      0.00       0       0   0.00  kworker/u16:2-events_unbound
03:25:00 AM     0    152798    0.00    0.00    0.00    0.00    0.00     1      0.00      0.00       0       0   0.00  kworker/1:2H
03:25:00 AM     0    152803    0.00    0.00    0.00    0.00    0.00     2      0.00      0.00       0       0   0.00  kworker/2:0
03:25:00 AM     0    152876    0.00    0.00    0.00    0.00    0.00     3      0.00      0.00    4428    3224   0.01  bash
03:25:00 AM  1000    152883    0.00    0.00    0.00    0.00    0.00     3      0.00      0.00    9208    3068   0.01  bash
03:25:00 AM     0    153059    0.00    0.00    0.00    0.00    0.00     1      0.00      0.00    2660     780   0.00  timeout
03:25:00 AM     0    153061    7.00    9.00    0.00    0.00   16.00     2      2.00      0.00  838316   47412   0.15  ros2
03:25:00 AM  1000    153071    4.00   12.00    0.00    0.00   16.00     2      0.00      0.00   17668    9488   0.03  pidstat
03:25:00 AM  1000    153086    0.00    0.00    0.00    0.00    0.00     3      0.00      0.00 1623984   25280   0.08  docker
03:25:00 AM     0    153102    0.00    0.00    0.00    0.00    0.00     3      0.00      0.00    2660     800   0.00  timeout
03:25:00 AM     0    153123   18.00   23.00    0.00    0.00   41.00     1      0.00      0.00  699304   80140   0.25  ros2

# Time        UID       PID    %usr %system  %guest   %wait    %CPU   CPU  minflt/s  majflt/s     VSZ     RSS   %MEM  Command
03:25:01 AM     0         1    0.00    0.00    0.00    0.00    0.00     0      0.00      0.00  169880   11540   0.04  systemd
03:25:01 AM     0         2    0.00    0.00    0.00    0.00    0.00     1      0.00      0.00       0       0   0.00  kthreadd
03:25:01 AM     0         3    0.00    0.00    0.00    0.00    0.00     0      0.00      0.00       0       0   0.00  rcu_gp
03:25:01 AM     0         4    0.00    0.00    0.00    0.00    0.00     0      0.00      0.00       0       0   0.00  rcu_par_gp
03:25:01 AM     0         8    0.00    0.00    0.00    0.00    0.00     0      0.00      0.00       0       0   0.00  mm_percpu_wq
03:25:01 AM     0         9    0.00    0.00    0.00    0.00    0.00     0      0.00      0.00       0       0   0.00  rcu_tasks_kthre
03:25:01 AM     0        10    0.00    0.00    0.00    0.00    0.00     0      0.00      0.00       0       0   0.00  rcu_tasks_rude_
03:25:01 AM     0        11    0.00    0.00    0.00    0.00    0.00     0      0.00      0.00       0       0   0.00  rcu_tasks_trace
03:25:01 AM     0        12    0.00    0.00    0.00    0.00    0.00     0      0.00      0.00       0       0   0.00  ksoftirqd/0
03:25:01 AM     0        13    0.00    0.00    0.00    0.00    0.00     3      0.00      0.00       0       0   0.00  rcu_preempt
03:25:01 AM     0        14    0.00    0.00    0.00    0.00    0.00     0      0.00      0.00       0       0   0.00  migration/0
03:25:01 AM     0        16    0.00    0.00    0.00    0.00    0.00     0      0.00      0.00       0       0   0.00  cpuhp/0
03:25:01 AM     0        17    0.00    0.00    0.00    0.00    0.00     1      0.00      0.00       0       0   0.00  cpuhp/1
03:25:01 AM     0        18    0.00    0.00    0.00    0.00    0.00     1      0.00      0.00       0       0   0.00  migration/1
03:25:01 AM     0        19    0.00    0.00    0.00    0.00    0.00     1      0.00      0.00       0       0   0.00  ksoftirqd/1
03:25:01 AM     0        22    0.00    0.00    0.00    0.00    0.00     2      0.00      0.00       0       0   0.00  cpuhp/2
03:25:01 AM     0        23    0.00    0.00    0.00    0.00    0.00     2      0.00      0.00       0       0   0.00  migration/2
03:25:01 AM     0        24    0.00    0.00    0.00    0.00    0.00     2      0.00      0.00       0       0   0.00  ksoftirqd/2
03:25:01 AM     0        27    0.00    0.00    0.00    0.00    0.00     3      0.00      0.00       0       0   0.00  cpuhp/3
03:25:01 AM     0        28    0.00    0.00    0.00    0.00    0.00     3      0.00      0.00       0       0   0.00  migration/3
03:25:01 AM     0        29    0.00    0.00    0.00    0.00    0.00     3      0.00      0.00       0       0   0.00  ksoftirqd/3
03:25:01 AM     0        32    0.00    0.00    0.00    0.00    0.00     4      0.00      0.00       0       0   0.00  cpuhp/4
03:25:01 AM     0        33    0.00    0.00    0.00    0.00    0.00     4      0.00      0.00       0       0   0.00  migration/4
03:25:01 AM     0        34    0.00    0.00    0.00    0.00    0.00     4      0.00      0.00       0       0   0.00  ksoftirqd/4
03:25:01 AM     0        36    0.00    0.00    0.00    0.00    0.00     4      0.00      0.00       0       0   0.00  kworker/4:0H-kblockd
03:25:01 AM     0        37    0.00    0.00    0.00    0.00    0.00     5      0.00      0.00       0       0   0.00  cpuhp/5
03:25:01 AM     0        38    0.00    0.00    0.00    0.00    0.00     5      0.00      0.00       0       0   0.00  migration/5
03:25:01 AM     0        39    0.00    0.00    0.00    0.00    0.00     5      0.00      0.00       0       0   0.00  ksoftirqd/5
03:25:01 AM     0        41    0.00    0.00    0.00    0.00    0.00     5      0.00      0.00       0       0   0.00  kworker/5:0H-kblockd
03:25:01 AM     0        42    0.00    0.00    0.00    0.00    0.00     6      0.00      0.00       0       0   0.00  cpuhp/6
03:25:01 AM     0        43    0.00    0.00    0.00    0.00    0.00     6      0.00      0.00       0       0   0.00  migration/6
03:25:01 AM     0        44    0.00    0.00    0.00    0.00    0.00     6      0.00      0.00       0       0   0.00  ksoftirqd/6
03:25:01 AM     0        46    0.00    0.00    0.00    0.00    0.00     6      0.00      0.00       0       0   0.00  kworker/6:0H-events_highpri
03:25:01 AM     0        47    0.00    0.00    0.00    0.00    0.00     7      0.00      0.00       0       0   0.00  cpuhp/7
03:25:01 AM     0        48    0.00    0.00    0.00    0.00    0.00     7      0.00      0.00       0       0   0.00  migration/7
03:25:01 AM     0        49    0.00    0.00    0.00    0.00    0.00     7      0.00      0.00       0       0   0.00  ksoftirqd/7
03:25:01 AM     0        50    0.00    0.00    0.00    0.00    0.00     0      0.00      0.00       0       0   0.00  kworker/7:0-rcu_gp
03:25:01 AM     0        51    0.00    0.00    0.00    0.00    0.00     7      0.00      0.00       0       0   0.00  kworker/7:0H-kblockd
03:25:01 AM     0        52    0.00    0.00    0.00    0.00    0.00     0      0.00      0.00       0       0   0.00  kdevtmpfs
03:25:01 AM     0        53    0.00    0.00    0.00    0.00    0.00     4      0.00      0.00       0       0   0.00  netns
03:25:01 AM     0        54    0.00    0.00    0.00    0.00    0.00     1      0.00      0.00       0       0   0.00  kauditd
03:25:01 AM     0        55    0.00    0.00    0.00    0.00    0.00     0      0.00      0.00       0       0   0.00  irq/87-mc_statu
03:25:01 AM     0        56    0.00    0.00    0.00    0.00    0.00     0      0.00      0.00       0       0   0.00  khungtaskd
03:25:01 AM     0        57    0.00    0.00    0.00    0.00    0.00     3      0.00      0.00       0       0   0.00  oom_reaper
03:25:01 AM     0        58    0.00    0.00    0.00    0.00    0.00     5      0.00      0.00       0       0   0.00  writeback
03:25:01 AM     0        59    0.00    0.00    0.00    0.00    0.00     3      0.00      0.00       0       0   0.00  kcompactd0
03:25:01 AM     0        60    0.00    0.00    0.00    0.00    0.00     1      0.00      0.00       0       0   0.00  ksmd
03:25:01 AM     0        61    0.00    0.00    0.00    0.00    0.00     0      0.00      0.00       0       0   0.00  khugepaged
03:25:01 AM     0        93    0.00    0.00    0.00    0.00    0.00     1      0.00      0.00       0       0   0.00  kintegrityd
03:25:01 AM     0        94    0.00    0.00    0.00    0.00    0.00     1      0.00      0.00       0       0   0.00  kblockd
03:25:01 AM     0        95    0.00    0.00    0.00    0.00    0.00     1      0.00      0.00       0       0   0.00  blkcg_punt_bio
03:25:01 AM     0        97    0.00    0.00    0.00    0.00    0.00     3      0.00      0.00       0       0   0.00  tpm_dev_wq
03:25:01 AM     0        98    0.00    0.00    0.00    0.00    0.00     0      0.00      0.00       0       0   0.00  irq/197-30c0000
03:25:01 AM     0        99    0.00    0.00    0.00    0.00    0.00     1      0.00      0.00       0       0   0.00  devfreq_wq
03:25:01 AM     0       100    0.00    0.00    0.00    0.00    0.00     1      0.00      0.00       0       0   0.00  watchdogd
03:25:01 AM     0       104    0.00    0.00    0.00    0.00    0.00     7      0.00      0.00       0       0   0.00  rpciod
03:25:01 AM     0       106    0.00    0.00    0.00    0.00    0.00     7      0.00      0.00       0       0   0.00  xprtiod
03:25:01 AM     0       108    0.00    0.00    0.00    0.00    0.00     7      0.00      0.00       0       0   0.00  kswapd0
03:25:01 AM     0       109    0.00    0.00    0.00    0.00    0.00     5      0.00      0.00       0       0   0.00  nfsiod
03:25:01 AM     0       112    0.00    0.00    0.00    0.00    0.00     1      0.00      0.00       0       0   0.00  kthrotld
03:25:01 AM     0       113    0.00    0.00    0.00    0.00    0.00     7      0.00      0.00       0       0   0.00  kpcitest
03:25:01 AM     0       116    0.00    0.00    0.00    0.00    0.00     5      0.00      0.00       0       0   0.00  kworker/5:1-events
03:25:01 AM     0       122    0.00    0.00    0.00    0.00    0.00     1      0.00      0.00       0       0   0.00  nvme-wq
03:25:01 AM     0       123    0.00    0.00    0.00    0.00    0.00     5      0.00      0.00       0       0   0.00  nvme-reset-wq
03:25:01 AM     0       124    0.00    0.00    0.00    0.00    0.00     6      0.00      0.00       0       0   0.00  nvme-delete-wq
03:25:01 AM     0       125    0.00    0.00    0.00    0.00    0.00     6      0.00      0.00       0       0   0.00  uas
03:25:01 AM     0       126    0.00    0.00    0.00    0.00    0.00     0      0.00      0.00       0       0   0.00  irq/222-tegra_r
03:25:01 AM     0       127    0.00    0.00    0.00    0.00    0.00     0      0.00      0.00       0       0   0.00  kworker/7:2-events
03:25:01 AM     0       129    0.00    0.00    0.00    0.00    0.00     0      0.00      0.00       0       0   0.00  irq/86-tegra-oc
03:25:01 AM     0       130    0.00    0.00    0.00    0.00    0.00     5      0.00      0.00       0       0   0.00  dm_bufio_cache
03:25:01 AM     0       131    0.00    0.00    0.00    0.00    0.00     0      0.00      0.00       0       0   0.00  irq/223-max7762
03:25:01 AM     0       140    0.00    0.00    0.00    0.00    0.00     0      0.00      0.00       0       0   0.00  irq/55-bc00000.
03:25:01 AM     0       143    0.00    0.00    0.00    0.00    0.00     0      0.00      0.00       0       0   0.00  ipv6_addrconf
03:25:01 AM     0       144    0.00    0.00    0.00    0.00    0.00     6      0.00      0.00       0       0   0.00  krfcommd
03:25:01 AM     0       145    0.00    0.00    0.00    0.00    0.00     0      0.00      0.00       0       0   0.00  kstrp
03:25:01 AM     0       150    0.00    0.00    0.00    0.00    0.00     0      0.00      0.00       0       0   0.00  irq/24-tegra-pc
03:25:01 AM     0       154    0.00    0.00    0.00    0.00    0.00     0      0.00      0.00       0       0   0.00  irq/26-tegra-pc
03:25:01 AM     0       160    0.00    0.00    0.00    0.00    0.00     0      0.00      0.00       0       0   0.00  irq/26-aerdrv
03:25:01 AM     0       161    0.00    0.00    0.00    0.00    0.00     0      0.00      0.00       0       0   0.00  irq/28-tegra-pc
03:25:01 AM     0       162    0.00    0.00    0.00    0.00    0.00     0      0.00      0.00       0       0   0.00  irq/28-aerdrv
03:25:01 AM     0       163    0.00    0.00    0.00    0.00    0.00     5      0.00      0.00       0       0   0.00  host_low_prio_w
03:25:01 AM     0       164    0.00    0.00    0.00    0.00    0.00     0      0.00      0.00       0       0   0.00  irq/57-host_syn
03:25:01 AM     0       165    0.00    0.00    0.00    0.00    0.00     0      0.00      0.00       0       0   0.00  irq/58-host_sta
03:25:01 AM     0       173    0.00    0.00    0.00    0.00    0.00     5      0.00      0.00       0       0   0.00  pva_task_status
03:25:01 AM     0       174    0.00    0.00    0.00    0.00    0.00     0      0.00      0.00       0       0   0.00  irq/75-pva-isr
03:25:01 AM     0       175    0.00    0.00    0.00    0.00    0.00     0      0.00      0.00       0       0   0.00  pva_task_status
03:25:01 AM     0       176    0.00    0.00    0.00    0.00    0.00     0      0.00      0.00       0       0   0.00  irq/76-pva-isr
03:25:01 AM     0       185    0.00    0.00    0.00    0.00    0.00     0      0.00      0.00       0       0   0.00  sdhci
03:25:01 AM     0       186    0.00    0.00    0.00    0.00    0.00     0      0.00      0.00       0       0   0.00  irq/39-mmc0
03:25:01 AM     0       187    0.00    0.00    0.00    0.00    0.00     2      0.00      0.00       0       0   0.00  sdhci
03:25:01 AM     0       189    0.00    0.00    0.00    0.00    0.00     0      0.00      0.00       0       0   0.00  irq/40-mmc1
03:25:01 AM     0       195    0.00    0.00    0.00    0.00    0.00     7      0.00      0.00       0       0   0.00  scsi_eh_0
03:25:01 AM     0       196    0.00    0.00    0.00    0.00    0.00     7      0.00      0.00       0       0   0.00  scsi_tmf_0
03:25:01 AM     0       197    0.00    0.00    0.00    0.00    0.00     0      0.00      0.00       0       0   0.00  kworker/5:2-events
03:25:01 AM     0       198    0.00    0.00    0.00    0.00    0.00     0      0.00      0.00       0       0   0.00  irq/67-15200000
03:25:01 AM     0       199    0.00    0.00    0.00    0.00    0.00     1      0.00      0.00       0       0   0.00  tegradc.0/a
03:25:01 AM     0       200    0.00    0.00    0.00    0.00    0.00     0      0.00      0.00       0       0   0.00  tegradc.0/b
03:25:01 AM     0       201    0.00    0.00    0.00    0.00    0.00     0      0.00      0.00       0       0   0.00  tegradc.0/c
03:25:01 AM     0       202    0.00    0.00    0.00    0.00    0.00     0      0.00      0.00       0       0   0.00  tegradc.0/d
03:25:01 AM     0       203    0.00    0.00    0.00    0.00    0.00     0      0.00      0.00       0       0   0.00  tegradc.0/e
03:25:01 AM     0       204    0.00    0.00    0.00    0.00    0.00     0      0.00      0.00       0       0   0.00  tegradc.0/f
03:25:01 AM     0       205    0.00    0.00    0.00    0.00    0.00     0      0.00      0.00       0       0   0.00  tegradc.0/sl
03:25:01 AM     0       206    0.00    0.00    0.00    0.00    0.00     0      0.00      0.00       0       0   0.00  irq/62-15200000
03:25:01 AM     0       207    0.00    0.00    0.00    0.00    0.00     0      0.00      0.00       0       0   0.00  irq/276-3400000
03:25:01 AM     0       208    0.00    0.00    0.00    0.00    0.00     0      0.00      0.00       0       0   0.00  ufs_eh_wq_0
03:25:01 AM     0       209    0.00    0.00    0.00    0.00    0.00     3      0.00      0.00       0       0   0.00  mmc_complete
03:25:01 AM     0       211    0.00    0.00    0.00    0.00    0.00     0      0.00      0.00       0       0   0.00  irq/278-1520000
03:25:01 AM     0       212    0.00    0.00    0.00    0.00    0.00     0      0.00      0.00       0       0   0.00  irq/203-3610000
03:25:01 AM     0       213    0.00    0.00    0.00    0.00    0.00     0      0.00      0.00       0       0   0.00  irq/221-3610000
03:25:01 AM     0       214    0.00    0.00    0.00    0.00    0.00     0      0.00      0.00       0       0   0.00  irq/30-tegra-pc
03:25:01 AM     0       216    0.00    0.00    0.00    0.00    0.00     0      0.00      0.00       0       0   0.00  kworker/4:3-events
03:25:01 AM     0       218    0.00    0.00    0.00    0.00    0.00     4      0.00      0.00       0       0   0.00  kworker/4:5-events
03:25:01 AM     0       221    0.00    0.00    0.00    0.00    0.00     0      0.00      0.00       0       0   0.00  kworker/6:12-events
03:25:01 AM     0       222    0.00    0.00    0.00    0.00    0.00     0      0.00      0.00       0       0   0.00  kworker/6:13-events
03:25:01 AM     0       225    0.00    0.00    0.00    0.00    0.00     0      0.00      0.00       0       0   0.00  irq/68-tegra_dp
03:25:01 AM     0       226    0.00    0.00    0.00    0.00    0.00     0      0.00      0.00       0       0   0.00  irq/65-15210000
03:25:01 AM     0       227    0.00    0.00    0.00    0.00    0.00     0      0.00      0.00       0       0   0.00  tegradc.1/a
03:25:01 AM     0       228    0.00    0.00    0.00    0.00    0.00     0      0.00      0.00       0       0   0.00  tegradc.1/b
03:25:01 AM     0       229    0.00    0.00    0.00    0.00    0.00     0      0.00      0.00       0       0   0.00  tegradc.1/c
03:25:01 AM     0       230    0.00    0.00    0.00    0.00    0.00     0      0.00      0.00       0       0   0.00  tegradc.1/d
03:25:01 AM     0       231    0.00    0.00    0.00    0.00    0.00     0      0.00      0.00       0       0   0.00  tegradc.1/e
03:25:01 AM     0       232    0.00    0.00    0.00    0.00    0.00     0      0.00      0.00       0       0   0.00  tegradc.1/f
03:25:01 AM     0       233    0.00    0.00    0.00    0.00    0.00     1      0.00      0.00       0       0   0.00  tegradc.1/sl
03:25:01 AM     0       234    0.00    0.00    0.00    0.00    0.00     0      0.00      0.00       0       0   0.00  irq/63-15210000
03:25:01 AM     0       249    0.00    0.00    0.00    0.00    0.00     0      0.00      0.00       0       0   0.00  irq/56-d230000.
03:25:01 AM     0       250    0.00    0.00    0.00    0.00    0.00     0      0.00      0.00       0       0   0.00  irq/69-tegra_dp
03:25:01 AM     0       251    0.00    0.00    0.00    0.00    0.00     0      0.00      0.00       0       0   0.00  irq/66-15220000
03:25:01 AM     0       252    0.00    0.00    0.00    0.00    0.00     0      0.00      0.00       0       0   0.00  tegradc.2/a
03:25:01 AM     0       253    0.00    0.00    0.00    0.00    0.00     0      0.00      0.00       0       0   0.00  tegradc.2/b
03:25:01 AM     0       254    0.00    0.00    0.00    0.00    0.00     0      0.00      0.00       0       0   0.00  tegradc.2/c
03:25:01 AM     0       255    0.00    0.00    0.00    0.00    0.00     0      0.00      0.00       0       0   0.00  tegradc.2/d
03:25:01 AM     0       256    0.00    0.00    0.00    0.00    0.00     0      0.00      0.00       0       0   0.00  tegradc.2/e
03:25:01 AM     0       257    0.00    0.00    0.00    0.00    0.00     0      0.00      0.00       0       0   0.00  tegradc.2/f
03:25:01 AM     0       258    0.00    0.00    0.00    0.00    0.00     0      0.00      0.00       0       0   0.00  tegradc.2/sl
03:25:01 AM     0       259    0.00    0.00    0.00    0.00    0.00     0      0.00      0.00       0       0   0.00  irq/64-15220000
03:25:01 AM     0       275    0.00    0.00    0.00    0.00    0.00     3      0.00      0.00       0       0   0.00  jbd2/mmcblk0p1-
03:25:01 AM     0       276    0.00    0.00    0.00    0.00    0.00     3      0.00      0.00       0       0   0.00  ext4-rsv-conver
03:25:01 AM     0       280    0.00    0.00    0.00    0.00    0.00     7      0.00      0.00       0       0   0.00  kworker/7:1H
03:25:01 AM     0       286    0.00    0.00    0.00    0.00    0.00     5      0.00      0.00       0       0   0.00  kworker/5:1H-kblockd
03:25:01 AM     0       312    0.00    0.00    0.00    0.00    0.00     1      0.00      0.00   61816   32076   0.10  systemd-journal
03:25:01 AM     0       338    0.00    0.00    0.00    0.00    0.00     1      0.00      0.00       0       0   0.00  nvmap-bz
03:25:01 AM     0       339    0.00    0.00    0.00    0.00    0.00     0      0.00      0.00       0       0   0.00  irq/204-gk20a_s
03:25:01 AM     0       340    0.00    0.00    0.00    0.00    0.00     0      0.00      0.00       0       0   0.00  irq/205-gk20a_n
03:25:01 AM     0       345    0.00    0.00    0.00    0.00    0.00     3      0.00      0.00    2776    1492   0.00  tee-supplicant
03:25:01 AM     0       347    0.00    0.00    0.00    0.00    0.00     3      0.00      0.00       0       0   0.00  optee_bus_scan
03:25:01 AM     0       358    0.00    0.00    0.00    0.00    0.00     2      0.00      0.00   22788    7532   0.02  systemd-udevd
03:25:01 AM     0       364    0.00    0.00    0.00    0.00    0.00     1      0.00      0.00    7948    4892   0.02  haveged
03:25:01 AM   126       365    0.00    0.00    0.00    0.00    0.00     3      0.00      0.00    7136    3108   0.01  rpcbind
03:25:01 AM   105       366    0.00    0.00    0.00    0.00    0.00     1      0.00      0.00   25592   13288   0.04  systemd-resolve
03:25:01 AM   103       367    0.00    0.00    0.00    0.00    0.00     0      0.00      0.00   90672    6220   0.02  systemd-timesyn
03:25:01 AM     0       407    0.00    0.00    0.00    0.00    0.00     5      0.00      0.00       0       0   0.00  cfg80211
03:25:01 AM     0       410    0.00    0.00    0.00    0.00    0.00     0      0.00      0.00       0       0   0.00  irq/42-3210000.
03:25:01 AM     0       412    0.00    0.00    0.00    0.00    0.00     2      0.00      0.00       0       0   0.00  spi0
03:25:01 AM     0       413    0.00    2.00    0.00    0.00    2.00     1      0.00      0.00       0       0   0.00  irq/282-iwlwifi
03:25:01 AM     0       416    0.00    0.00    0.00    0.00    0.00     4      0.00      0.00       0       0   0.00  ata_sff
03:25:01 AM     0       419    0.00    0.00    0.00    0.00    0.00     0      0.00      0.00       0       0   0.00  irq/43-c260000.
03:25:01 AM     0       420    0.00    0.00    0.00    0.00    0.00     6      0.00      0.00       0       0   0.00  scsi_eh_1
03:25:01 AM     0       422    0.00    0.00    0.00    0.00    0.00     6      0.00      0.00       0       0   0.00  scsi_tmf_1
03:25:01 AM     0       427    0.00    0.00    0.00    0.00    0.00     0      0.00      0.00       0       0   0.00  spi1
03:25:01 AM     0       430    0.00    0.00    0.00    0.00    0.00     1      0.00      0.00  242072    8880   0.03  accounts-daemon
03:25:01 AM   120       439    0.00    0.00    0.00    0.00    0.00     1      0.00      0.00    7084    3472   0.01  avahi-daemon
03:25:01 AM     0       441    0.00    0.00    0.00    0.00    0.00     2      0.00      0.00    9220    2516   0.01  cron
03:25:01 AM   106       443    0.00    0.00    0.00    0.00    0.00     1      0.00      0.00    9396    5264   0.02  dbus-daemon
03:25:01 AM     0       447    0.00    0.00    0.00    0.00    0.00     0      0.00      0.00  341244   20856   0.07  NetworkManager
03:25:01 AM     0       456    0.00    0.00    0.00    0.00    0.00     4      0.00      0.00   38300   19472   0.06  networkd-dispat
03:25:01 AM     0       473    0.00    0.00    0.00    0.00    0.00     3      0.00      0.00  238860   13352   0.04  polkitd
03:25:01 AM   125       483    0.00    0.00    0.00    0.00    0.00     3      0.00      0.00  220940    8288   0.03  rsyslogd
03:25:01 AM     0       503    0.00    0.00    0.00    0.00    0.00     2      0.00      0.00  235864    4364   0.01  switcheroo-cont
03:25:01 AM     0       514    0.00    0.00    0.00    0.00    0.00     0      0.00      0.00   17076    6760   0.02  systemd-logind
03:25:01 AM     0       523    0.00    0.00    0.00    0.00    0.00     2      0.00      0.00  395556   15680   0.05  udisksd
03:25:01 AM     0       528    0.00    0.00    0.00    0.00    0.00     1      0.00      0.00   12784    8052   0.03  wpa_supplicant
03:25:01 AM     0       548    0.00    2.00    0.00    0.00    2.00     0      0.00      0.00       0       0   0.00  sugov:0
03:25:01 AM   120       555    0.00    0.00    0.00    0.00    0.00     2      0.00      0.00    6896     324   0.00  avahi-daemon
03:25:01 AM     0       585    0.00    0.00    0.00    0.00    0.00     5      0.00      0.00       0       0   0.00  tmp451
03:25:01 AM     0       597    0.00    0.00    0.00    0.00    0.00     3      0.00      0.00       0       0   0.00  irq/286-1-0008
03:25:01 AM     0       600    0.00    0.00    0.00    0.00    0.00     2      0.00      0.00  321792   14480   0.05  ModemManager
03:25:01 AM     0       653    0.00    0.00    0.00    0.00    0.00     1      0.00      0.00    2476     604   0.00  nvfancontrol
03:25:01 AM     0       728    0.00    0.00    0.00    0.00    0.00     4      0.00      0.00       0       0   0.00  adspp_kthread
03:25:01 AM     0       779    0.00    0.00    0.00    0.00    0.00     6      0.00      0.00       0       0   0.00  kworker/6:2H-kblockd
03:25:01 AM     0       876    0.00    0.00    0.00    0.00    0.00     1      0.00      0.00       0       0   0.00  irq/289-2490000
03:25:01 AM     0       887    0.00    0.00    0.00    0.00    0.00     0      0.00      0.00       0       0   0.00  irq/32-eth0.com
03:25:01 AM     0       919    0.00    0.00    0.00    0.00    0.00     4      0.00      0.00       0       0   0.00  file-storage
03:25:01 AM     0       953    0.00    0.00    0.00    0.00    0.00     1      0.00      0.00       0       0   0.00  loop0
03:25:01 AM     0      1048    0.00    0.00    0.00    0.00    0.00     4      0.00      0.00       0       0   0.00  kworker/4:2H-kblockd
03:25:01 AM     0      1091    0.00    0.00    0.00    0.00    0.00     3      0.00      0.00       0       0   0.00  cryptd
03:25:01 AM     0      1147    0.00    0.00    0.00    0.00    0.00     2      0.00      0.00       0       0   0.00  sw-quiesce
03:25:01 AM     0      1148    0.00    0.00    0.00    0.00    0.00     2      0.00      0.00       0       0   0.00  nvgpu_channel_p
03:25:01 AM     0      1151    0.00    0.00    0.00    0.00    0.00     3      0.00      0.00       0       0   0.00  nvgpu_nvs_gv11b
03:25:01 AM     0      1153    0.00    0.00    0.00    0.00    0.00     1      0.00      0.00       0       0   0.00  nvgpu_pg_init_g
03:25:01 AM     0      1157    0.00    0.00    0.00    0.00    0.00     3      0.00      0.00       0       0   0.00  nvgpu_clk_arb_p
03:25:01 AM     0      1162    0.00    0.00    0.00    0.00    0.00     3      0.00      0.00       0       0   0.00  irq/288-rt5659
03:25:01 AM     0      1270    0.00    0.00    0.00    0.00    0.00     3      0.00      0.00   55688   11092   0.03  nvargus-daemon
03:25:01 AM     0      1273    0.00    0.00    0.00    0.00    0.00     3      0.00      0.00   21932    1552   0.00  nvs-service
03:25:01 AM     0      1298    1.00    0.00    0.00    0.00    1.00     1      0.00      0.00 2007972   49164   0.15  containerd
03:25:01 AM     0      1314    0.00    0.00    0.00    0.00    0.00     0      0.00      0.00  240032    7616   0.02  gdm3
03:25:01 AM   108      1326    0.00    0.00    0.00    0.00    0.00     1      0.00      0.00   11468    1896   0.01  kerneloops
03:25:01 AM     0      1327    0.00    0.00    0.00    0.00    0.00     3      0.00      0.00   12236    6576   0.02  sshd
03:25:01 AM     0      1336    0.00    0.00    0.00    0.00    0.00     0      0.00      0.00    7688    1876   0.01  agetty
03:25:01 AM     0      1337    0.00    0.00    0.00    0.00    0.00     2      0.00      0.00    7688    1904   0.01  agetty
03:25:01 AM   108      1339    0.00    0.00    0.00    0.00    0.00     2      0.00      0.00   11468    1820   0.01  kerneloops
03:25:01 AM     0      1340    0.00    0.00    0.00    0.00    0.00     3      0.00      0.00    9216    2824   0.01  nvgetty.sh
03:25:01 AM     0      1379    0.00    0.00    0.00    0.00    0.00     0      0.00      0.00    7688    1848   0.01  getty
03:25:01 AM     0      1554    0.00    0.00    0.00    0.00    0.00     2      0.00      0.00 2111796   86036   0.27  dockerd
03:25:01 AM     0      1677    0.00    0.00    0.00    0.00    0.00     2      0.00      0.00  168472    8256   0.03  gdm-session-wor
03:25:01 AM     0      1711    0.00    0.00    0.00    0.00    0.00     0      0.00      0.00    3248     808   0.00  nvphsd
03:25:01 AM     0      1716    0.00    0.00    0.00    0.00    0.00     3      0.00      0.00    3380    1788   0.01  nvphsd
03:25:01 AM   124      1789    0.00    0.00    0.00    0.00    0.00     3      0.00      0.00   19144    9224   0.03  systemd
03:25:01 AM   124      1804    0.00    0.00    0.00    0.00    0.00     3      0.00      0.00  104488    5436   0.02  (sd-pam)
03:25:01 AM   124      2014    0.00    0.00    0.00    0.00    0.00     1      0.00      0.00  961884   21984   0.07  pulseaudio
03:25:01 AM   124      2032    0.00    0.00    0.00    0.00    0.00     2      0.00      0.00  164156    5924   0.02  gdm-x-session
03:25:01 AM   124      2037    0.00    0.00    0.00    0.00    0.00     2      0.00      0.00 25330232   99256   0.31  Xorg
03:25:01 AM   118      2040    0.00    0.00    0.00    0.00    0.00     1      0.00      0.00  152516    2440   0.01  rtkit-daemon
03:25:01 AM   124      2162    0.00    0.00    0.00    0.00    0.00     2      0.00      0.00    7812    3448   0.01  dbus-daemon
03:25:01 AM   124      2428    0.00    0.00    0.00    0.00    0.00     0      0.00      0.00    4776    1164   0.00  dbus-run-sessio
03:25:01 AM   124      2429    0.00    0.00    0.00    0.00    0.00     2      0.00      0.00    8088    4104   0.01  dbus-daemon
03:25:01 AM   124      2438    0.00    0.00    0.00    0.00    0.00     0      0.00      0.00  559768   14932   0.05  gnome-session-b
03:25:01 AM     0      2457    0.00    0.00    0.00    0.00    0.00     2      0.00      0.00  101692   19628   0.06  jtop
03:25:01 AM   124      2463    0.00    0.00    0.00    0.00    0.00     3      0.00      0.00  309548   10092   0.03  at-spi-bus-laun
03:25:01 AM   124      2470    0.00    0.00    0.00    0.00    0.00     1      0.00      0.00    7676    3468   0.01  dbus-daemon
03:25:01 AM   124      2495    0.00    0.00    0.00    0.00    0.00     2      0.00      0.00 4022996  194924   0.61  gnome-shell
03:25:01 AM     0      2510    0.00    0.00    0.00    0.00    0.00     2      0.00      0.00  175424   16904   0.05  jtop
03:25:01 AM     0      2518    0.00    0.00    0.00    0.00    0.00     2      0.00      0.00  101692   17160   0.05  jtop
03:25:01 AM   124      2696    0.00    0.00    0.00    0.00    0.00     0      0.00      0.00  314420   11212   0.04  ibus-daemon
03:25:01 AM   124      2699    0.00    0.00    0.00    0.00    0.00     2      0.00      0.00  239960   11792   0.04  ibus-dconf
03:25:01 AM   124      2701    0.00    0.00    0.00    0.00    0.00     2      0.00      0.00  189920   16900   0.05  ibus-x11
03:25:01 AM   124      2704    0.00    0.00    0.00    0.00    0.00     3      0.00      0.00  239880    7776   0.02  ibus-portal
03:25:01 AM   124      2715    0.00    0.00    0.00    0.00    0.00     1      0.00      0.00  161420    6880   0.02  at-spi2-registr
03:25:01 AM   124      2719    0.00    0.00    0.00    0.00    0.00     3      0.00      0.00  235804    4672   0.01  xdg-permission-
03:25:01 AM     0      2725    0.00    0.00    0.00    0.00    0.00     0      0.00      0.00  252944    8776   0.03  upowerd
03:25:01 AM   124      2745    0.00    0.00    0.00    0.00    0.00     2      0.00      0.00 3001620   27244   0.09  gjs
03:25:01 AM   124      2764    0.00    0.00    0.00    0.00    0.00     3      0.00      0.00  469396   14236   0.04  gsd-sharing
03:25:01 AM   124      2765    0.00    0.00    0.00    0.00    0.00     1      0.00      0.00  334628   15072   0.05  gsd-wacom
03:25:01 AM   124      2768    0.00    0.00    0.00    0.00    0.00     3      0.00      0.00  571788   19844   0.06  gsd-color
03:25:01 AM   124      2772    0.00    0.00    0.00    0.00    0.00     3      0.00      0.00  338096   17824   0.06  gsd-keyboard
03:25:01 AM   124      2774    0.00    0.00    0.00    0.00    0.00     2      0.00      0.00  322508   11376   0.04  gsd-print-notif
03:25:01 AM   124      2779    0.00    0.00    0.00    0.00    0.00     3      0.00      0.00  166208    7736   0.02  ibus-engine-sim
03:25:01 AM   124      2780    0.00    0.00    0.00    0.00    0.00     1      0.00      0.00  457460    7996   0.03  gsd-rfkill
03:25:01 AM   124      2782    0.00    0.00    0.00    0.00    0.00     1      0.00      0.00  391976    9696   0.03  gsd-smartcard
03:25:01 AM   124      2784    0.00    0.00    0.00    0.00    0.00     2      0.00      0.00  374928   15372   0.05  gsd-datetime
03:25:01 AM   124      2790    0.00    0.00    0.00    0.00    0.00     2      0.00      0.00  679696   20032   0.06  gsd-media-keys
03:25:01 AM   124      2791    0.00    0.00    0.00    0.00    0.00     3      0.00      0.00  235772    5600   0.02  gsd-screensaver
03:25:01 AM   124      2793    0.00    0.00    0.00    0.00    0.00     3      0.00      0.00  320104    9452   0.03  gsd-sound
03:25:01 AM   124      2795    0.00    0.00    0.00    0.00    0.00     3      0.00      0.00  313652   10144   0.03  gsd-a11y-settin
03:25:01 AM   124      2799    0.00    0.00    0.00    0.00    0.00     3      0.00      0.00  313992   10540   0.03  gsd-housekeepin
03:25:01 AM   124      2802    0.00    0.00    0.00    0.00    0.00     3      0.00      0.00  339724   18828   0.06  gsd-power
03:25:01 AM   124      2824    0.00    0.00    0.00    0.00    0.00     2      0.00      0.00  342540   12784   0.04  gsd-printer
03:25:01 AM   119      2837    0.00    0.00    0.00    0.00    0.00     2      0.00      0.00  249328   17548   0.06  colord
03:25:01 AM     0     29120    0.00    0.00    0.00    0.00    0.00     2      0.00      0.00       0       0   0.00  kworker/u17:2-rb_allocator
03:25:01 AM     0     33852    0.00    0.00    0.00    0.00    0.00     1      0.00      0.00       0       0   0.00  kworker/1:0H-kblockd
03:25:01 AM     0     35048    0.00    0.00    0.00    0.00    0.00     1      0.00      0.00       0       0   0.00  kworker/u17:0-thermal_fan_est
03:25:01 AM  1000     39960    0.00    0.00    0.00    0.00    0.00     1      0.00      0.00   19248    9208   0.03  systemd
03:25:01 AM  1000     39961    0.00    0.00    0.00    0.00    0.00     2      0.00      0.00  170940    6304   0.02  (sd-pam)
03:25:01 AM  1000     40037    0.00    0.00    0.00    0.00    0.00     3      0.00      0.00    7812    3952   0.01  dbus-daemon
03:25:01 AM     0     40147    0.00    0.00    0.00    0.00    0.00     1      0.00      0.00       0       0   0.00  kworker/1:0-pm
03:25:01 AM     0     40174    0.00    0.00    0.00    0.00    0.00     2      0.00      0.00       0       0   0.00  kworker/2:2H-kblockd
03:25:01 AM     0     40194    0.00    0.00    0.00    0.00    0.00     3      0.00      0.00       0       0   0.00  kworker/3:0H-kblockd
03:25:01 AM     0     41650    0.00    0.00    0.00    0.00    0.00     3      0.00      0.00       0       0   0.00  kworker/3:0-mm_percpu_wq
03:25:01 AM     0     81462    0.00    1.00    0.00    0.00    1.00     2      0.00      0.00       0       0   0.00  kworker/2:2-pm
03:25:01 AM     0     81478    0.00    1.00    0.00    0.00    1.00     0      0.00      0.00       0       0   0.00  kworker/0:1H-kblockd
03:25:01 AM  1000     84840    0.00    0.00    0.00    0.00    0.00     3      0.00      0.00  240176   10088   0.03  gnome-keyring-d
03:25:01 AM   124     84900    0.00    0.00    0.00    0.00    0.00     1      0.00      0.00  156240    4584   0.01  dconf-service
03:25:01 AM     0     85427    0.00    1.00    0.00    0.00    1.00     0      0.00      0.00       0       0   0.00  kworker/0:2-events
03:25:01 AM     0     86310    0.00    0.00    0.00    0.00    0.00     0      0.00      0.00       0       0   0.00  kworker/u16:1-ext4-rsv-conversion
03:25:01 AM     0     86549    0.00    0.00    0.00    0.00    0.00     2      0.00      0.00   14768    7664   0.02  sshd
03:25:01 AM  1000     86593    0.00    0.00    0.00    0.00    0.00     3      0.00      0.00   15292    6480   0.02  sshd
03:25:01 AM  1000     86594    0.00    0.00    0.00    0.00    0.00     3      0.00      0.00   11860    5896   0.02  bash
03:25:01 AM     0     87290    0.00    0.00    0.00    0.00    0.00     0      0.00      0.00   14768    7584   0.02  sshd
03:25:01 AM  1000     87334    0.00    0.00    0.00    0.00    0.00     0      0.00      0.00   15292    6412   0.02  sshd
03:25:01 AM  1000     87335    0.00    0.00    0.00    0.00    0.00     2      0.00      0.00   11344    5436   0.02  bash
03:25:01 AM     0    137289    0.00    0.00    0.00    0.00    0.00     1      0.00      0.00       0       0   0.00  kworker/1:3-events
03:25:01 AM     0    142495    0.00    0.00    0.00    0.00    0.00     1      0.00      0.00       0       0   0.00  kworker/1:4-pm
03:25:01 AM     0    147908    0.00    0.00    0.00    0.00    0.00     2      0.00      0.00   14768    7636   0.02  sshd
03:25:01 AM  1000    147952    0.00    0.00    0.00    0.00    0.00     1      0.00      0.00   15292    5656   0.02  sshd
03:25:01 AM  1000    147953    0.00    0.00    0.00    0.00    0.00     3      0.00      0.00   11344    5400   0.02  bash
03:25:01 AM     0    148065    0.00    0.00    0.00    0.00    0.00     3      0.00      0.00 1237828   16880   0.05  containerd-shim
03:25:01 AM     0    148086    0.00    0.00    0.00    0.00    0.00     3      0.00      0.00    4560    3504   0.01  bash
03:25:01 AM  1000    148115    0.00    0.00    0.00    0.00    0.00     3      0.00      0.00 1919232   29524   0.09  docker
03:25:01 AM     0    148133    0.00    0.00    0.00    0.00    0.00     1      0.00      0.00    4560    3508   0.01  bash
03:25:01 AM     0    148158    0.00    0.00    0.00    0.00    0.00     1      0.00      0.00  196036   35060   0.11  ros2
03:25:01 AM     0    148159   11.00    3.00    0.00    3.00   14.00     0      0.00      0.00  580928   29152   0.09  scale_truck_con
03:25:01 AM     0    148161    5.00    6.00    0.00    2.00   11.00     1      0.00      0.00  583536   22540   0.07  lrc_node
03:25:01 AM     0    148232    0.00    0.00    0.00    0.00    0.00     1      0.00      0.00   14768    7560   0.02  sshd
03:25:01 AM  1000    148276    0.00    0.00    0.00    0.00    0.00     2      0.00      0.00   15292    6364   0.02  sshd
03:25:01 AM  1000    148277    0.00    0.00    0.00    0.00    0.00     1      0.00      0.00   11860    5928   0.02  bash
03:25:01 AM     0    148558   19.00    4.00    0.00    2.00   23.00     1      0.00      0.00  651636   83360   0.26  python3
03:25:01 AM     0    150604    0.00    0.00    0.00    0.00    0.00     2      0.00      0.00       0       0   0.00  kworker/2:1-mm_percpu_wq
03:25:01 AM     0    150646    0.00    0.00    0.00    0.00    0.00     0      0.00      0.00       0       0   0.00  kworker/0:0H
03:25:01 AM     0    150688    0.00    0.00    0.00    0.00    0.00     2      0.00      0.00       0       0   0.00  kworker/2:0H
03:25:01 AM     0    151786    0.00    0.00    0.00    0.00    0.00     3      0.00      0.00       0       0   0.00  kworker/3:2H
03:25:01 AM     0    151819    0.00    0.00    0.00    0.00    0.00     3      0.00      0.00       0       0   0.00  kworker/3:2-cgroup_destroy
03:25:01 AM     0    151861    0.00    0.00    0.00    0.00    0.00     1      0.00      0.00       0       0   0.00  kworker/u16:0-events_unbound
03:25:01 AM     0    151916    0.00    0.00    0.00    0.00    0.00     0      0.00      0.00       0       0   0.00  kworker/0:0-events
03:25:01 AM     0    151989    0.00    0.00    0.00    0.00    0.00     1      0.00      0.00       0       0   0.00  kworker/1:1H
03:25:01 AM     0    152270    0.00    0.00    0.00    0.00    0.00     1      0.00      0.00       0       0   0.00  kworker/1:2-events
03:25:01 AM     0    152626    0.00    0.00    0.00    0.00    0.00     2      0.00      0.00       0       0   0.00  kworker/2:1H
03:25:01 AM     0    152627    0.00    0.00    0.00    0.00    0.00     3      0.00      0.00       0       0   0.00  kworker/3:1H
03:25:01 AM     0    152628    0.00    0.00    0.00    0.00    0.00     0      0.00      0.00       0       0   0.00  kworker/0:1-events
03:25:01 AM     0    152655    0.00    0.00    0.00    0.00    0.00     1      0.00      0.00       0       0   0.00  kworker/u16:2-events_unbound
03:25:01 AM     0    152798    0.00    0.00    0.00    0.00    0.00     1      0.00      0.00       0       0   0.00  kworker/1:2H
03:25:01 AM     0    152803    0.00    0.00    0.00    0.00    0.00     2      0.00      0.00       0       0   0.00  kworker/2:0
03:25:01 AM     0    152876    0.00    0.00    0.00    0.00    0.00     3      0.00      0.00    4428    3224   0.01  bash
03:25:01 AM  1000    152883    0.00    0.00    0.00    0.00    0.00     3      0.00      0.00    9208    3068   0.01  bash
03:25:01 AM     0    153059    0.00    0.00    0.00    0.00    0.00     1      0.00      0.00    2660     780   0.00  timeout
03:25:01 AM     0    153061    8.00    7.00    0.00    0.00   15.00     2      0.00      0.00  838316   47412   0.15  ros2
03:25:01 AM  1000    153071    4.00   11.00    0.00    1.00   15.00     2      0.00      0.00   17668    9488   0.03  pidstat
03:25:01 AM  1000    153086    0.00    0.00    0.00    0.00    0.00     3      0.00      0.00 1623984   25280   0.08  docker
03:25:01 AM     0    153102    0.00    0.00    0.00    0.00    0.00     3      0.00      0.00    2660     800   0.00  timeout
03:25:01 AM     0    153123   20.00   23.00    0.00    1.00   43.00     3      0.00      0.00  699304   80140   0.25  ros2
03:25:01 AM     0    153136    0.00    0.00    0.00    0.00    0.00     0      0.00      0.00       0       0   0.00  kworker/0:2H

# Time        UID       PID    %usr %system  %guest   %wait    %CPU   CPU  minflt/s  majflt/s     VSZ     RSS   %MEM  Command
03:25:02 AM     0         1    0.00    0.00    0.00    0.00    0.00     0      0.00      0.00  169880   11540   0.04  systemd
03:25:02 AM     0         2    0.00    0.00    0.00    0.00    0.00     1      0.00      0.00       0       0   0.00  kthreadd
03:25:02 AM     0         3    0.00    0.00    0.00    0.00    0.00     0      0.00      0.00       0       0   0.00  rcu_gp
03:25:02 AM     0         4    0.00    0.00    0.00    0.00    0.00     0      0.00      0.00       0       0   0.00  rcu_par_gp
03:25:02 AM     0         8    0.00    0.00    0.00    0.00    0.00     0      0.00      0.00       0       0   0.00  mm_percpu_wq
03:25:02 AM     0         9    0.00    0.00    0.00    0.00    0.00     0      0.00      0.00       0       0   0.00  rcu_tasks_kthre
03:25:02 AM     0        10    0.00    0.00    0.00    0.00    0.00     0      0.00      0.00       0       0   0.00  rcu_tasks_rude_
03:25:02 AM     0        11    0.00    0.00    0.00    0.00    0.00     0      0.00      0.00       0       0   0.00  rcu_tasks_trace
03:25:02 AM     0        12    0.00    0.00    0.00    0.00    0.00     0      0.00      0.00       0       0   0.00  ksoftirqd/0
03:25:02 AM     0        13    0.00    0.00    0.00    1.00    0.00     2      0.00      0.00       0       0   0.00  rcu_preempt
03:25:02 AM     0        14    0.00    0.00    0.00    0.00    0.00     0      0.00      0.00       0       0   0.00  migration/0
03:25:02 AM     0        16    0.00    0.00    0.00    0.00    0.00     0      0.00      0.00       0       0   0.00  cpuhp/0
03:25:02 AM     0        17    0.00    0.00    0.00    0.00    0.00     1      0.00      0.00       0       0   0.00  cpuhp/1
03:25:02 AM     0        18    0.00    0.00    0.00    0.00    0.00     1      0.00      0.00       0       0   0.00  migration/1
03:25:02 AM     0        19    0.00    0.00    0.00    0.00    0.00     1      0.00      0.00       0       0   0.00  ksoftirqd/1
03:25:02 AM     0        22    0.00    0.00    0.00    0.00    0.00     2      0.00      0.00       0       0   0.00  cpuhp/2
03:25:02 AM     0        23    0.00    0.00    0.00    0.00    0.00     2      0.00      0.00       0       0   0.00  migration/2
03:25:02 AM     0        24    0.00    0.00    0.00    0.00    0.00     2      0.00      0.00       0       0   0.00  ksoftirqd/2
03:25:02 AM     0        27    0.00    0.00    0.00    0.00    0.00     3      0.00      0.00       0       0   0.00  cpuhp/3
03:25:02 AM     0        28    0.00    0.00    0.00    0.00    0.00     3      0.00      0.00       0       0   0.00  migration/3
03:25:02 AM     0        29    0.00    0.00    0.00    0.00    0.00     3      0.00      0.00       0       0   0.00  ksoftirqd/3
03:25:02 AM     0        32    0.00    0.00    0.00    0.00    0.00     4      0.00      0.00       0       0   0.00  cpuhp/4
03:25:02 AM     0        33    0.00    0.00    0.00    0.00    0.00     4      0.00      0.00       0       0   0.00  migration/4
03:25:02 AM     0        34    0.00    0.00    0.00    0.00    0.00     4      0.00      0.00       0       0   0.00  ksoftirqd/4
03:25:02 AM     0        36    0.00    0.00    0.00    0.00    0.00     4      0.00      0.00       0       0   0.00  kworker/4:0H-kblockd
03:25:02 AM     0        37    0.00    0.00    0.00    0.00    0.00     5      0.00      0.00       0       0   0.00  cpuhp/5
03:25:02 AM     0        38    0.00    0.00    0.00    0.00    0.00     5      0.00      0.00       0       0   0.00  migration/5
03:25:02 AM     0        39    0.00    0.00    0.00    0.00    0.00     5      0.00      0.00       0       0   0.00  ksoftirqd/5
03:25:02 AM     0        41    0.00    0.00    0.00    0.00    0.00     5      0.00      0.00       0       0   0.00  kworker/5:0H-kblockd
03:25:02 AM     0        42    0.00    0.00    0.00    0.00    0.00     6      0.00      0.00       0       0   0.00  cpuhp/6
03:25:02 AM     0        43    0.00    0.00    0.00    0.00    0.00     6      0.00      0.00       0       0   0.00  migration/6
03:25:02 AM     0        44    0.00    0.00    0.00    0.00    0.00     6      0.00      0.00       0       0   0.00  ksoftirqd/6
03:25:02 AM     0        46    0.00    0.00    0.00    0.00    0.00     6      0.00      0.00       0       0   0.00  kworker/6:0H-events_highpri
03:25:02 AM     0        47    0.00    0.00    0.00    0.00    0.00     7      0.00      0.00       0       0   0.00  cpuhp/7
03:25:02 AM     0        48    0.00    0.00    0.00    0.00    0.00     7      0.00      0.00       0       0   0.00  migration/7
03:25:02 AM     0        49    0.00    0.00    0.00    0.00    0.00     7      0.00      0.00       0       0   0.00  ksoftirqd/7
03:25:02 AM     0        50    0.00    0.00    0.00    0.00    0.00     0      0.00      0.00       0       0   0.00  kworker/7:0-rcu_gp
03:25:02 AM     0        51    0.00    0.00    0.00    0.00    0.00     7      0.00      0.00       0       0   0.00  kworker/7:0H-kblockd
03:25:02 AM     0        52    0.00    0.00    0.00    0.00    0.00     0      0.00      0.00       0       0   0.00  kdevtmpfs
03:25:02 AM     0        53    0.00    0.00    0.00    0.00    0.00     4      0.00      0.00       0       0   0.00  netns
03:25:02 AM     0        54    0.00    0.00    0.00    0.00    0.00     1      0.00      0.00       0       0   0.00  kauditd
03:25:02 AM     0        55    0.00    0.00    0.00    0.00    0.00     0      0.00      0.00       0       0   0.00  irq/87-mc_statu
03:25:02 AM     0        56    0.00    0.00    0.00    0.00    0.00     0      0.00      0.00       0       0   0.00  khungtaskd
03:25:02 AM     0        57    0.00    0.00    0.00    0.00    0.00     3      0.00      0.00       0       0   0.00  oom_reaper
03:25:02 AM     0        58    0.00    0.00    0.00    0.00    0.00     5      0.00      0.00       0       0   0.00  writeback
03:25:02 AM     0        59    0.00    0.00    0.00    0.00    0.00     3      0.00      0.00       0       0   0.00  kcompactd0
03:25:02 AM     0        60    0.00    0.00    0.00    0.00    0.00     1      0.00      0.00       0       0   0.00  ksmd
03:25:02 AM     0        61    0.00    0.00    0.00    0.00    0.00     0      0.00      0.00       0       0   0.00  khugepaged
03:25:02 AM     0        93    0.00    0.00    0.00    0.00    0.00     1      0.00      0.00       0       0   0.00  kintegrityd
03:25:02 AM     0        94    0.00    0.00    0.00    0.00    0.00     1      0.00      0.00       0       0   0.00  kblockd
03:25:02 AM     0        95    0.00    0.00    0.00    0.00    0.00     1      0.00      0.00       0       0   0.00  blkcg_punt_bio
03:25:02 AM     0        97    0.00    0.00    0.00    0.00    0.00     3      0.00      0.00       0       0   0.00  tpm_dev_wq
03:25:02 AM     0        98    0.00    0.00    0.00    0.00    0.00     0      0.00      0.00       0       0   0.00  irq/197-30c0000
03:25:02 AM     0        99    0.00    0.00    0.00    0.00    0.00     1      0.00      0.00       0       0   0.00  devfreq_wq
03:25:02 AM     0       100    0.00    0.00    0.00    0.00    0.00     1      0.00      0.00       0       0   0.00  watchdogd
03:25:02 AM     0       104    0.00    0.00    0.00    0.00    0.00     7      0.00      0.00       0       0   0.00  rpciod
03:25:02 AM     0       106    0.00    0.00    0.00    0.00    0.00     7      0.00      0.00       0       0   0.00  xprtiod
03:25:02 AM     0       108    0.00    0.00    0.00    0.00    0.00     7      0.00      0.00       0       0   0.00  kswapd0
03:25:02 AM     0       109    0.00    0.00    0.00    0.00    0.00     5      0.00      0.00       0       0   0.00  nfsiod
03:25:02 AM     0       112    0.00    0.00    0.00    0.00    0.00     1      0.00      0.00       0       0   0.00  kthrotld
03:25:02 AM     0       113    0.00    0.00    0.00    0.00    0.00     7      0.00      0.00       0       0   0.00  kpcitest
03:25:02 AM     0       116    0.00    0.00    0.00    0.00    0.00     5      0.00      0.00       0       0   0.00  kworker/5:1-events
03:25:02 AM     0       122    0.00    0.00    0.00    0.00    0.00     1      0.00      0.00       0       0   0.00  nvme-wq
03:25:02 AM     0       123    0.00    0.00    0.00    0.00    0.00     5      0.00      0.00       0       0   0.00  nvme-reset-wq
03:25:02 AM     0       124    0.00    0.00    0.00    0.00    0.00     6      0.00      0.00       0       0   0.00  nvme-delete-wq
03:25:02 AM     0       125    0.00    0.00    0.00    0.00    0.00     6      0.00      0.00       0       0   0.00  uas
03:25:02 AM     0       126    0.00    0.00    0.00    0.00    0.00     0      0.00      0.00       0       0   0.00  irq/222-tegra_r
03:25:02 AM     0       127    0.00    0.00    0.00    0.00    0.00     0      0.00      0.00       0       0   0.00  kworker/7:2-events
03:25:02 AM     0       129    0.00    0.00    0.00    0.00    0.00     0      0.00      0.00       0       0   0.00  irq/86-tegra-oc
03:25:02 AM     0       130    0.00    0.00    0.00    0.00    0.00     5      0.00      0.00       0       0   0.00  dm_bufio_cache
03:25:02 AM     0       131    0.00    0.00    0.00    0.00    0.00     0      0.00      0.00       0       0   0.00  irq/223-max7762
03:25:02 AM     0       140    0.00    0.00    0.00    0.00    0.00     0      0.00      0.00       0       0   0.00  irq/55-bc00000.
03:25:02 AM     0       143    0.00    0.00    0.00    0.00    0.00     0      0.00      0.00       0       0   0.00  ipv6_addrconf
03:25:02 AM     0       144    0.00    0.00    0.00    0.00    0.00     6      0.00      0.00       0       0   0.00  krfcommd
03:25:02 AM     0       145    0.00    0.00    0.00    0.00    0.00     0      0.00      0.00       0       0   0.00  kstrp
03:25:02 AM     0       150    0.00    0.00    0.00    0.00    0.00     0      0.00      0.00       0       0   0.00  irq/24-tegra-pc
03:25:02 AM     0       154    0.00    0.00    0.00    0.00    0.00     0      0.00      0.00       0       0   0.00  irq/26-tegra-pc
03:25:02 AM     0       160    0.00    0.00    0.00    0.00    0.00     0      0.00      0.00       0       0   0.00  irq/26-aerdrv
03:25:02 AM     0       161    0.00    0.00    0.00    0.00    0.00     0      0.00      0.00       0       0   0.00  irq/28-tegra-pc
03:25:02 AM     0       162    0.00    0.00    0.00    0.00    0.00     0      0.00      0.00       0       0   0.00  irq/28-aerdrv
03:25:02 AM     0       163    0.00    0.00    0.00    0.00    0.00     5      0.00      0.00       0       0   0.00  host_low_prio_w
03:25:02 AM     0       164    0.00    0.00    0.00    0.00    0.00     0      0.00      0.00       0       0   0.00  irq/57-host_syn
03:25:02 AM     0       165    0.00    0.00    0.00    0.00    0.00     0      0.00      0.00       0       0   0.00  irq/58-host_sta
03:25:02 AM     0       173    0.00    0.00    0.00    0.00    0.00     5      0.00      0.00       0       0   0.00  pva_task_status
03:25:02 AM     0       174    0.00    0.00    0.00    0.00    0.00     0      0.00      0.00       0       0   0.00  irq/75-pva-isr
03:25:02 AM     0       175    0.00    0.00    0.00    0.00    0.00     0      0.00      0.00       0       0   0.00  pva_task_status
03:25:02 AM     0       176    0.00    0.00    0.00    0.00    0.00     0      0.00      0.00       0       0   0.00  irq/76-pva-isr
03:25:02 AM     0       185    0.00    0.00    0.00    0.00    0.00     0      0.00      0.00       0       0   0.00  sdhci
03:25:02 AM     0       186    0.00    0.00    0.00    0.00    0.00     0      0.00      0.00       0       0   0.00  irq/39-mmc0
03:25:02 AM     0       187    0.00    0.00    0.00    0.00    0.00     2      0.00      0.00       0       0   0.00  sdhci
03:25:02 AM     0       189    0.00    0.00    0.00    0.00    0.00     0      0.00      0.00       0       0   0.00  irq/40-mmc1
03:25:02 AM     0       195    0.00    0.00    0.00    0.00    0.00     7      0.00      0.00       0       0   0.00  scsi_eh_0
03:25:02 AM     0       196    0.00    0.00    0.00    0.00    0.00     7      0.00      0.00       0       0   0.00  scsi_tmf_0
03:25:02 AM     0       197    0.00    0.00    0.00    0.00    0.00     0      0.00      0.00       0       0   0.00  kworker/5:2-events
03:25:02 AM     0       198    0.00    0.00    0.00    0.00    0.00     0      0.00      0.00       0       0   0.00  irq/67-15200000
03:25:02 AM     0       199    0.00    0.00    0.00    0.00    0.00     1      0.00      0.00       0       0   0.00  tegradc.0/a
03:25:02 AM     0       200    0.00    0.00    0.00    0.00    0.00     0      0.00      0.00       0       0   0.00  tegradc.0/b
03:25:02 AM     0       201    0.00    0.00    0.00    0.00    0.00     0      0.00      0.00       0       0   0.00  tegradc.0/c
03:25:02 AM     0       202    0.00    0.00    0.00    0.00    0.00     0      0.00      0.00       0       0   0.00  tegradc.0/d
03:25:02 AM     0       203    0.00    0.00    0.00    0.00    0.00     0      0.00      0.00       0       0   0.00  tegradc.0/e
03:25:02 AM     0       204    0.00    0.00    0.00    0.00    0.00     0      0.00      0.00       0       0   0.00  tegradc.0/f
03:25:02 AM     0       205    0.00    0.00    0.00    0.00    0.00     0      0.00      0.00       0       0   0.00  tegradc.0/sl
03:25:02 AM     0       206    0.00    0.00    0.00    0.00    0.00     0      0.00      0.00       0       0   0.00  irq/62-15200000
03:25:02 AM     0       207    0.00    0.00    0.00    0.00    0.00     0      0.00      0.00       0       0   0.00  irq/276-3400000
03:25:02 AM     0       208    0.00    0.00    0.00    0.00    0.00     0      0.00      0.00       0       0   0.00  ufs_eh_wq_0
03:25:02 AM     0       209    0.00    0.00    0.00    0.00    0.00     3      0.00      0.00       0       0   0.00  mmc_complete
03:25:02 AM     0       211    0.00    0.00    0.00    0.00    0.00     0      0.00      0.00       0       0   0.00  irq/278-1520000
03:25:02 AM     0       212    0.00    0.00    0.00    0.00    0.00     0      0.00      0.00       0       0   0.00  irq/203-3610000
03:25:02 AM     0       213    0.00    0.00    0.00    0.00    0.00     0      0.00      0.00       0       0   0.00  irq/221-3610000
03:25:02 AM     0       214    0.00    0.00    0.00    0.00    0.00     0      0.00      0.00       0       0   0.00  irq/30-tegra-pc
03:25:02 AM     0       216    0.00    0.00    0.00    0.00    0.00     0      0.00      0.00       0       0   0.00  kworker/4:3-events
03:25:02 AM     0       218    0.00    0.00    0.00    0.00    0.00     4      0.00      0.00       0       0   0.00  kworker/4:5-events
03:25:02 AM     0       221    0.00    0.00    0.00    0.00    0.00     0      0.00      0.00       0       0   0.00  kworker/6:12-events
03:25:02 AM     0       222    0.00    0.00    0.00    0.00    0.00     0      0.00      0.00       0       0   0.00  kworker/6:13-events
03:25:02 AM     0       225    0.00    0.00    0.00    0.00    0.00     0      0.00      0.00       0       0   0.00  irq/68-tegra_dp
03:25:02 AM     0       226    0.00    0.00    0.00    0.00    0.00     0      0.00      0.00       0       0   0.00  irq/65-15210000
03:25:02 AM     0       227    0.00    0.00    0.00    0.00    0.00     0      0.00      0.00       0       0   0.00  tegradc.1/a
03:25:02 AM     0       228    0.00    0.00    0.00    0.00    0.00     0      0.00      0.00       0       0   0.00  tegradc.1/b
03:25:02 AM     0       229    0.00    0.00    0.00    0.00    0.00     0      0.00      0.00       0       0   0.00  tegradc.1/c
03:25:02 AM     0       230    0.00    0.00    0.00    0.00    0.00     0      0.00      0.00       0       0   0.00  tegradc.1/d
03:25:02 AM     0       231    0.00    0.00    0.00    0.00    0.00     0      0.00      0.00       0       0   0.00  tegradc.1/e
03:25:02 AM     0       232    0.00    0.00    0.00    0.00    0.00     0      0.00      0.00       0       0   0.00  tegradc.1/f
03:25:02 AM     0       233    0.00    0.00    0.00    0.00    0.00     1      0.00      0.00       0       0   0.00  tegradc.1/sl
03:25:02 AM     0       234    0.00    0.00    0.00    0.00    0.00     0      0.00      0.00       0       0   0.00  irq/63-15210000
03:25:02 AM     0       249    0.00    0.00    0.00    0.00    0.00     0      0.00      0.00       0       0   0.00  irq/56-d230000.
03:25:02 AM     0       250    0.00    0.00    0.00    0.00    0.00     0      0.00      0.00       0       0   0.00  irq/69-tegra_dp
03:25:02 AM     0       251    0.00    0.00    0.00    0.00    0.00     0      0.00      0.00       0       0   0.00  irq/66-15220000
03:25:02 AM     0       252    0.00    0.00    0.00    0.00    0.00     0      0.00      0.00       0       0   0.00  tegradc.2/a
03:25:02 AM     0       253    0.00    0.00    0.00    0.00    0.00     0      0.00      0.00       0       0   0.00  tegradc.2/b
03:25:02 AM     0       254    0.00    0.00    0.00    0.00    0.00     0      0.00      0.00       0       0   0.00  tegradc.2/c
03:25:02 AM     0       255    0.00    0.00    0.00    0.00    0.00     0      0.00      0.00       0       0   0.00  tegradc.2/d
03:25:02 AM     0       256    0.00    0.00    0.00    0.00    0.00     0      0.00      0.00       0       0   0.00  tegradc.2/e
03:25:02 AM     0       257    0.00    0.00    0.00    0.00    0.00     0      0.00      0.00       0       0   0.00  tegradc.2/f
03:25:02 AM     0       258    0.00    0.00    0.00    0.00    0.00     0      0.00      0.00       0       0   0.00  tegradc.2/sl
03:25:02 AM     0       259    0.00    0.00    0.00    0.00    0.00     0      0.00      0.00       0       0   0.00  irq/64-15220000
03:25:02 AM     0       275    0.00    0.00    0.00    0.00    0.00     3      0.00      0.00       0       0   0.00  jbd2/mmcblk0p1-
03:25:02 AM     0       276    0.00    0.00    0.00    0.00    0.00     3      0.00      0.00       0       0   0.00  ext4-rsv-conver
03:25:02 AM     0       280    0.00    0.00    0.00    0.00    0.00     7      0.00      0.00       0       0   0.00  kworker/7:1H
03:25:02 AM     0       286    0.00    0.00    0.00    0.00    0.00     5      0.00      0.00       0       0   0.00  kworker/5:1H-kblockd
03:25:02 AM     0       312    0.00    1.00    0.00    1.00    1.00     0      0.00      0.00   61816   32076   0.10  systemd-journal
03:25:02 AM     0       338    0.00    0.00    0.00    0.00    0.00     1      0.00      0.00       0       0   0.00  nvmap-bz
03:25:02 AM     0       339    0.00    0.00    0.00    0.00    0.00     0      0.00      0.00       0       0   0.00  irq/204-gk20a_s
03:25:02 AM     0       340    0.00    0.00    0.00    0.00    0.00     0      0.00      0.00       0       0   0.00  irq/205-gk20a_n
03:25:02 AM     0       345    0.00    0.00    0.00    0.00    0.00     3      0.00      0.00    2776    1492   0.00  tee-supplicant
03:25:02 AM     0       347    0.00    0.00    0.00    0.00    0.00     3      0.00      0.00       0       0   0.00  optee_bus_scan
03:25:02 AM     0       358    0.00    0.00    0.00    0.00    0.00     2      0.00      0.00   22788    7532   0.02  systemd-udevd
03:25:02 AM     0       364    0.00    0.00    0.00    0.00    0.00     1      0.00      0.00    7948    4892   0.02  haveged
03:25:02 AM   126       365    0.00    0.00    0.00    0.00    0.00     3      0.00      0.00    7136    3108   0.01  rpcbind
03:25:02 AM   105       366    0.00    0.00    0.00    0.00    0.00     1      0.00      0.00   25592   13288   0.04  systemd-resolve
03:25:02 AM   103       367    0.00    0.00    0.00    0.00    0.00     0      0.00      0.00   90672    6220   0.02  systemd-timesyn
03:25:02 AM     0       407    0.00    0.00    0.00    0.00    0.00     5      0.00      0.00       0       0   0.00  cfg80211
03:25:02 AM     0       410    0.00    0.00    0.00    0.00    0.00     0      0.00      0.00       0       0   0.00  irq/42-3210000.
03:25:02 AM     0       412    0.00    0.00    0.00    0.00    0.00     2      0.00      0.00       0       0   0.00  spi0
03:25:02 AM     0       413    0.00    1.00    0.00    0.00    1.00     1      0.00      0.00       0       0   0.00  irq/282-iwlwifi
03:25:02 AM     0       416    0.00    0.00    0.00    0.00    0.00     4      0.00      0.00       0       0   0.00  ata_sff
03:25:02 AM     0       419    0.00    0.00    0.00    0.00    0.00     0      0.00      0.00       0       0   0.00  irq/43-c260000.
03:25:02 AM     0       420    0.00    0.00    0.00    0.00    0.00     6      0.00      0.00       0       0   0.00  scsi_eh_1
03:25:02 AM     0       422    0.00    0.00    0.00    0.00    0.00     6      0.00      0.00       0       0   0.00  scsi_tmf_1
03:25:02 AM     0       427    0.00    0.00    0.00    0.00    0.00     0      0.00      0.00       0       0   0.00  spi1
03:25:02 AM     0       430    0.00    0.00    0.00    0.00    0.00     1      0.00      0.00  242072    8880   0.03  accounts-daemon
03:25:02 AM   120       439    0.00    0.00    0.00    0.00    0.00     1      0.00      0.00    7084    3472   0.01  avahi-daemon
03:25:02 AM     0       441    0.00    0.00    0.00    0.00    0.00     1     11.00      0.00    9220    2516   0.01  cron
03:25:02 AM   106       443    0.00    0.00    0.00    0.00    0.00     1      0.00      0.00    9396    5264   0.02  dbus-daemon
03:25:02 AM     0       447    0.00    0.00    0.00    0.00    0.00     0      0.00      0.00  341244   20856   0.07  NetworkManager
03:25:02 AM     0       456    0.00    0.00    0.00    0.00    0.00     4      0.00      0.00   38300   19472   0.06  networkd-dispat
03:25:02 AM     0       473    0.00    0.00    0.00    0.00    0.00     3      0.00      0.00  238860   13352   0.04  polkitd
03:25:02 AM   125       483    0.00    0.00    0.00    0.00    0.00     3      0.00      0.00  220940    8288   0.03  rsyslogd
03:25:02 AM     0       503    0.00    0.00    0.00    0.00    0.00     2      0.00      0.00  235864    4364   0.01  switcheroo-cont
03:25:02 AM     0       514    0.00    0.00    0.00    0.00    0.00     0      0.00      0.00   17076    6760   0.02  systemd-logind
03:25:02 AM     0       523    0.00    0.00    0.00    0.00    0.00     2      0.00      0.00  395556   15680   0.05  udisksd
03:25:02 AM     0       528    0.00    0.00    0.00    0.00    0.00     1      0.00      0.00   12784    8052   0.03  wpa_supplicant
03:25:02 AM     0       548    0.00    2.00    0.00    0.00    2.00     0      0.00      0.00       0       0   0.00  sugov:0
03:25:02 AM   120       555    0.00    0.00    0.00    0.00    0.00     2      0.00      0.00    6896     324   0.00  avahi-daemon
03:25:02 AM     0       585    0.00    0.00    0.00    0.00    0.00     5      0.00      0.00       0       0   0.00  tmp451
03:25:02 AM     0       597    0.00    0.00    0.00    0.00    0.00     3      0.00      0.00       0       0   0.00  irq/286-1-0008
03:25:02 AM     0       600    0.00    0.00    0.00    0.00    0.00     2      0.00      0.00  321792   14480   0.05  ModemManager
03:25:02 AM     0       653    0.00    0.00    0.00    0.00    0.00     1      0.00      0.00    2476     604   0.00  nvfancontrol
03:25:02 AM     0       728    0.00    0.00    0.00    0.00    0.00     4      0.00      0.00       0       0   0.00  adspp_kthread
03:25:02 AM     0       779    0.00    0.00    0.00    0.00    0.00     6      0.00      0.00       0       0   0.00  kworker/6:2H-kblockd
03:25:02 AM     0       876    0.00    0.00    0.00    0.00    0.00     1      0.00      0.00       0       0   0.00  irq/289-2490000
03:25:02 AM     0       887    0.00    0.00    0.00    0.00    0.00     0      0.00      0.00       0       0   0.00  irq/32-eth0.com
03:25:02 AM     0       919    0.00    0.00    0.00    0.00    0.00     4      0.00      0.00       0       0   0.00  file-storage
03:25:02 AM     0       953    0.00    0.00    0.00    0.00    0.00     1      0.00      0.00       0       0   0.00  loop0
03:25:02 AM     0      1048    0.00    0.00    0.00    0.00    0.00     4      0.00      0.00       0       0   0.00  kworker/4:2H-kblockd
03:25:02 AM     0      1091    0.00    0.00    0.00    0.00    0.00     3      0.00      0.00       0       0   0.00  cryptd
03:25:02 AM     0      1147    0.00    0.00    0.00    0.00    0.00     2      0.00      0.00       0       0   0.00  sw-quiesce
03:25:02 AM     0      1148    0.00    0.00    0.00    0.00    0.00     1      0.00      0.00       0       0   0.00  nvgpu_channel_p
03:25:02 AM     0      1151    0.00    0.00    0.00    0.00    0.00     2      0.00      0.00       0       0   0.00  nvgpu_nvs_gv11b
03:25:02 AM     0      1153    0.00    0.00    0.00    0.00    0.00     1      0.00      0.00       0       0   0.00  nvgpu_pg_init_g
03:25:02 AM     0      1157    0.00    0.00    0.00    0.00    0.00     3      0.00      0.00       0       0   0.00  nvgpu_clk_arb_p
03:25:02 AM     0      1162    0.00    0.00    0.00    0.00    0.00     3      0.00      0.00       0       0   0.00  irq/288-rt5659
03:25:02 AM     0      1270    0.00    0.00    0.00    0.00    0.00     3      0.00      0.00   55688   11092   0.03  nvargus-daemon
03:25:02 AM     0      1273    0.00    0.00    0.00    0.00    0.00     3      0.00      0.00   21932    1552   0.00  nvs-service
03:25:02 AM     0      1298    0.00    0.00    0.00    0.00    0.00     1      0.00      0.00 2007972   49164   0.15  containerd
03:25:02 AM     0      1314    0.00    0.00    0.00    0.00    0.00     0      0.00      0.00  240032    7616   0.02  gdm3
03:25:02 AM   108      1326    0.00    0.00    0.00    0.00    0.00     1      0.00      0.00   11468    1896   0.01  kerneloops
03:25:02 AM     0      1327    0.00    0.00    0.00    0.00    0.00     3      0.00      0.00   12236    6576   0.02  sshd
03:25:02 AM     0      1336    0.00    0.00    0.00    0.00    0.00     0      0.00      0.00    7688    1876   0.01  agetty
03:25:02 AM     0      1337    0.00    0.00    0.00    0.00    0.00     2      0.00      0.00    7688    1904   0.01  agetty
03:25:02 AM   108      1339    0.00    0.00    0.00    0.00    0.00     2      0.00      0.00   11468    1820   0.01  kerneloops
03:25:02 AM     0      1340    0.00    0.00    0.00    0.00    0.00     3      0.00      0.00    9216    2824   0.01  nvgetty.sh
03:25:02 AM     0      1379    0.00    0.00    0.00    0.00    0.00     0      0.00      0.00    7688    1848   0.01  getty
03:25:02 AM     0      1554    0.00    0.00    0.00    0.00    0.00     2      0.00      0.00 2111796   86036   0.27  dockerd
03:25:02 AM     0      1677    0.00    0.00    0.00    0.00    0.00     2      0.00      0.00  168472    8256   0.03  gdm-session-wor
03:25:02 AM     0      1711    0.00    0.00    0.00    0.00    0.00     0      0.00      0.00    3248     808   0.00  nvphsd
03:25:02 AM     0      1716    0.00    0.00    0.00    0.00    0.00     3      0.00      0.00    3380    1788   0.01  nvphsd
03:25:02 AM   124      1789    0.00    0.00    0.00    0.00    0.00     3      0.00      0.00   19144    9224   0.03  systemd
03:25:02 AM   124      1804    0.00    0.00    0.00    0.00    0.00     3      0.00      0.00  104488    5436   0.02  (sd-pam)
03:25:02 AM   124      2014    0.00    0.00    0.00    0.00    0.00     1      0.00      0.00  961884   21984   0.07  pulseaudio
03:25:02 AM   124      2032    0.00    0.00    0.00    0.00    0.00     2      0.00      0.00  164156    5924   0.02  gdm-x-session
03:25:02 AM   124      2037    0.00    0.00    0.00    0.00    0.00     2      0.00      0.00 25330232   99256   0.31  Xorg
03:25:02 AM   118      2040    0.00    0.00    0.00    0.00    0.00     1      0.00      0.00  152516    2440   0.01  rtkit-daemon
03:25:02 AM   124      2162    0.00    0.00    0.00    0.00    0.00     2      0.00      0.00    7812    3448   0.01  dbus-daemon
03:25:02 AM   124      2428    0.00    0.00    0.00    0.00    0.00     0      0.00      0.00    4776    1164   0.00  dbus-run-sessio
03:25:02 AM   124      2429    0.00    0.00    0.00    0.00    0.00     2      0.00      0.00    8088    4104   0.01  dbus-daemon
03:25:02 AM   124      2438    0.00    0.00    0.00    0.00    0.00     0      0.00      0.00  559768   14932   0.05  gnome-session-b
03:25:02 AM     0      2457    0.00    0.00    0.00    0.00    0.00     2      0.00      0.00  101692   19628   0.06  jtop
03:25:02 AM   124      2463    0.00    0.00    0.00    0.00    0.00     3      0.00      0.00  309548   10092   0.03  at-spi-bus-laun
03:25:02 AM   124      2470    0.00    0.00    0.00    0.00    0.00     1      0.00      0.00    7676    3468   0.01  dbus-daemon
03:25:02 AM   124      2495    0.00    0.00    0.00    0.00    0.00     2      0.00      0.00 4022996  194924   0.61  gnome-shell
03:25:02 AM     0      2510    0.00    0.00    0.00    0.00    0.00     2      0.00      0.00  175424   16904   0.05  jtop
03:25:02 AM     0      2518    0.00    0.00    0.00    0.00    0.00     2      0.00      0.00  101692   17160   0.05  jtop
03:25:02 AM   124      2696    0.00    0.00    0.00    0.00    0.00     0      0.00      0.00  314420   11212   0.04  ibus-daemon
03:25:02 AM   124      2699    0.00    0.00    0.00    0.00    0.00     2      0.00      0.00  239960   11792   0.04  ibus-dconf
03:25:02 AM   124      2701    0.00    0.00    0.00    0.00    0.00     2      0.00      0.00  189920   16900   0.05  ibus-x11
03:25:02 AM   124      2704    0.00    0.00    0.00    0.00    0.00     3      0.00      0.00  239880    7776   0.02  ibus-portal
03:25:02 AM   124      2715    0.00    0.00    0.00    0.00    0.00     1      0.00      0.00  161420    6880   0.02  at-spi2-registr
03:25:02 AM   124      2719    0.00    0.00    0.00    0.00    0.00     3      0.00      0.00  235804    4672   0.01  xdg-permission-
03:25:02 AM     0      2725    0.00    0.00    0.00    0.00    0.00     0      0.00      0.00  252944    8776   0.03  upowerd
03:25:02 AM   124      2745    0.00    0.00    0.00    0.00    0.00     2      0.00      0.00 3001620   27244   0.09  gjs
03:25:02 AM   124      2764    0.00    0.00    0.00    0.00    0.00     3      0.00      0.00  469396   14236   0.04  gsd-sharing
03:25:02 AM   124      2765    0.00    0.00    0.00    0.00    0.00     1      0.00      0.00  334628   15072   0.05  gsd-wacom
03:25:02 AM   124      2768    0.00    0.00    0.00    0.00    0.00     3      0.00      0.00  571788   19844   0.06  gsd-color
03:25:02 AM   124      2772    0.00    0.00    0.00    0.00    0.00     3      0.00      0.00  338096   17824   0.06  gsd-keyboard
03:25:02 AM   124      2774    0.00    0.00    0.00    0.00    0.00     2      0.00      0.00  322508   11376   0.04  gsd-print-notif
03:25:02 AM   124      2779    0.00    0.00    0.00    0.00    0.00     3      0.00      0.00  166208    7736   0.02  ibus-engine-sim
03:25:02 AM   124      2780    0.00    0.00    0.00    0.00    0.00     1      0.00      0.00  457460    7996   0.03  gsd-rfkill
03:25:02 AM   124      2782    0.00    0.00    0.00    0.00    0.00     1      0.00      0.00  391976    9696   0.03  gsd-smartcard
03:25:02 AM   124      2784    0.00    0.00    0.00    0.00    0.00     2      0.00      0.00  374928   15372   0.05  gsd-datetime
03:25:02 AM   124      2790    0.00    0.00    0.00    0.00    0.00     2      0.00      0.00  679696   20032   0.06  gsd-media-keys
03:25:02 AM   124      2791    0.00    0.00    0.00    0.00    0.00     3      0.00      0.00  235772    5600   0.02  gsd-screensaver
03:25:02 AM   124      2793    0.00    0.00    0.00    0.00    0.00     3      0.00      0.00  320104    9452   0.03  gsd-sound
03:25:02 AM   124      2795    0.00    0.00    0.00    0.00    0.00     3      0.00      0.00  313652   10144   0.03  gsd-a11y-settin
03:25:02 AM   124      2799    0.00    0.00    0.00    0.00    0.00     3      0.00      0.00  313992   10540   0.03  gsd-housekeepin
03:25:02 AM   124      2802    0.00    0.00    0.00    0.00    0.00     3      0.00      0.00  339724   18828   0.06  gsd-power
03:25:02 AM   124      2824    0.00    0.00    0.00    0.00    0.00     2      0.00      0.00  342540   12784   0.04  gsd-printer
03:25:02 AM   119      2837    0.00    0.00    0.00    0.00    0.00     2      0.00      0.00  249328   17548   0.06  colord
03:25:02 AM     0     29120    0.00    0.00    0.00    0.00    0.00     2      0.00      0.00       0       0   0.00  kworker/u17:2-rb_allocator
03:25:02 AM     0     33852    0.00    0.00    0.00    0.00    0.00     1      0.00      0.00       0       0   0.00  kworker/1:0H-kblockd
03:25:02 AM     0     35048    0.00    0.00    0.00    0.00    0.00     1      0.00      0.00       0       0   0.00  kworker/u17:0-thermal_fan_est
03:25:02 AM  1000     39960    0.00    0.00    0.00    0.00    0.00     1      0.00      0.00   19248    9208   0.03  systemd
03:25:02 AM  1000     39961    0.00    0.00    0.00    0.00    0.00     2      0.00      0.00  170940    6304   0.02  (sd-pam)
03:25:02 AM  1000     40037    0.00    0.00    0.00    0.00    0.00     3      0.00      0.00    7812    3952   0.01  dbus-daemon
03:25:02 AM     0     40147    0.00    0.00    0.00    0.00    0.00     1      0.00      0.00       0       0   0.00  kworker/1:0-pm
03:25:02 AM     0     40174    0.00    0.00    0.00    0.00    0.00     2      0.00      0.00       0       0   0.00  kworker/2:2H-kblockd
03:25:02 AM     0     40194    0.00    0.00    0.00    0.00    0.00     3      0.00      0.00       0       0   0.00  kworker/3:0H-kblockd
03:25:02 AM     0     41650    0.00    0.00    0.00    0.00    0.00     3      0.00      0.00       0       0   0.00  kworker/3:0-mm_percpu_wq
03:25:02 AM     0     81462    0.00    0.00    0.00    0.00    0.00     2      0.00      0.00       0       0   0.00  kworker/2:2-mm_percpu_wq
03:25:02 AM     0     81478    0.00    0.00    0.00    0.00    0.00     0      0.00      0.00       0       0   0.00  kworker/0:1H-kblockd
03:25:02 AM  1000     84840    0.00    0.00    0.00    0.00    0.00     3      0.00      0.00  240176   10088   0.03  gnome-keyring-d
03:25:02 AM   124     84900    0.00    0.00    0.00    0.00    0.00     1      0.00      0.00  156240    4584   0.01  dconf-service
03:25:02 AM     0     85427    0.00    0.00    0.00    0.00    0.00     0      0.00      0.00       0       0   0.00  kworker/0:2-events
03:25:02 AM     0     86310    0.00    0.00    0.00    0.00    0.00     0      0.00      0.00       0       0   0.00  kworker/u16:1-ext4-rsv-conversion
03:25:02 AM     0     86549    0.00    0.00    0.00    0.00    0.00     2      0.00      0.00   14768    7664   0.02  sshd
03:25:02 AM  1000     86593    0.00    0.00    0.00    0.00    0.00     3      0.00      0.00   15292    6480   0.02  sshd
03:25:02 AM  1000     86594    0.00    0.00    0.00    0.00    0.00     3      0.00      0.00   11860    5896   0.02  bash
03:25:02 AM     0     87290    0.00    0.00    0.00    0.00    0.00     0      0.00      0.00   14768    7584   0.02  sshd
03:25:02 AM  1000     87334    0.00    0.00    0.00    0.00    0.00     0      0.00      0.00   15292    6412   0.02  sshd
03:25:02 AM  1000     87335    0.00    0.00    0.00    0.00    0.00     2      0.00      0.00   11344    5436   0.02  bash
03:25:02 AM     0    137289    0.00    0.00    0.00    0.00    0.00     1      0.00      0.00       0       0   0.00  kworker/1:3-events
03:25:02 AM     0    142495    0.00    0.00    0.00    0.00    0.00     1      0.00      0.00       0       0   0.00  kworker/1:4-pm
03:25:02 AM     0    147908    0.00    0.00    0.00    0.00    0.00     2      0.00      0.00   14768    7636   0.02  sshd
03:25:02 AM  1000    147952    0.00    0.00    0.00    0.00    0.00     1      0.00      0.00   15292    5656   0.02  sshd
03:25:02 AM  1000    147953    0.00    0.00    0.00    0.00    0.00     3      0.00      0.00   11344    5400   0.02  bash
03:25:02 AM     0    148065    0.00    0.00    0.00    0.00    0.00     3      0.00      0.00 1237828   16880   0.05  containerd-shim
03:25:02 AM     0    148086    0.00    0.00    0.00    0.00    0.00     3      0.00      0.00    4560    3504   0.01  bash
03:25:02 AM  1000    148115    0.00    0.00    0.00    0.00    0.00     3      0.00      0.00 1919232   29524   0.09  docker
03:25:02 AM     0    148133    0.00    0.00    0.00    0.00    0.00     1      0.00      0.00    4560    3508   0.01  bash
03:25:02 AM     0    148158    0.00    0.00    0.00    0.00    0.00     1      0.00      0.00  196036   35060   0.11  ros2
03:25:02 AM     0    148159    8.00    6.00    0.00    3.00   14.00     0      0.00      0.00  580928   29152   0.09  scale_truck_con
03:25:02 AM     0    148161    5.00    6.00    0.00    1.00   11.00     3      0.00      0.00  583536   22540   0.07  lrc_node
03:25:02 AM     0    148232    0.00    0.00    0.00    0.00    0.00     1      0.00      0.00   14768    7560   0.02  sshd
03:25:02 AM  1000    148276    0.00    0.00    0.00    0.00    0.00     2      0.00      0.00   15292    6364   0.02  sshd
03:25:02 AM  1000    148277    0.00    0.00    0.00    0.00    0.00     1      0.00      0.00   11860    5928   0.02  bash
03:25:02 AM     0    148558   22.00    3.00    0.00    1.00   25.00     1      0.00      0.00  651636   83360   0.26  python3
03:25:02 AM     0    150604    0.00    0.00    0.00    0.00    0.00     2      0.00      0.00       0       0   0.00  kworker/2:1-mm_percpu_wq
03:25:02 AM     0    150646    0.00    0.00    0.00    0.00    0.00     0      0.00      0.00       0       0   0.00  kworker/0:0H
03:25:02 AM     0    150688    0.00    0.00    0.00    0.00    0.00     2      0.00      0.00       0       0   0.00  kworker/2:0H
03:25:02 AM     0    151786    0.00    0.00    0.00    0.00    0.00     3      0.00      0.00       0       0   0.00  kworker/3:2H
03:25:02 AM     0    151819    0.00    0.00    0.00    0.00    0.00     3      0.00      0.00       0       0   0.00  kworker/3:2-cgroup_destroy
03:25:02 AM     0    151861    0.00    0.00    0.00    0.00    0.00     1      0.00      0.00       0       0   0.00  kworker/u16:0-events_unbound
03:25:02 AM     0    151916    0.00    0.00    0.00    0.00    0.00     0      0.00      0.00       0       0   0.00  kworker/0:0-events
03:25:02 AM     0    151989    0.00    0.00    0.00    0.00    0.00     1      0.00      0.00       0       0   0.00  kworker/1:1H
03:25:02 AM     0    152270    0.00    0.00    0.00    0.00    0.00     1      0.00      0.00       0       0   0.00  kworker/1:2-events
03:25:02 AM     0    152626    0.00    0.00    0.00    0.00    0.00     2      0.00      0.00       0       0   0.00  kworker/2:1H
03:25:02 AM     0    152627    0.00    0.00    0.00    0.00    0.00     3      0.00      0.00       0       0   0.00  kworker/3:1H
03:25:02 AM     0    152628    0.00    0.00    0.00    0.00    0.00     0      0.00      0.00       0       0   0.00  kworker/0:1-events
03:25:02 AM     0    152655    0.00    0.00    0.00    0.00    0.00     1      0.00      0.00       0       0   0.00  kworker/u16:2-events_unbound
03:25:02 AM     0    152798    0.00    0.00    0.00    0.00    0.00     1      0.00      0.00       0       0   0.00  kworker/1:2H
03:25:02 AM     0    152803    0.00    0.00    0.00    0.00    0.00     2      0.00      0.00       0       0   0.00  kworker/2:0
03:25:02 AM     0    152876    0.00    0.00    0.00    0.00    0.00     3      0.00      0.00    4428    3224   0.01  bash
03:25:02 AM  1000    152883    0.00    0.00    0.00    0.00    0.00     3      0.00      0.00    9208    3068   0.01  bash
03:25:02 AM     0    153059    0.00    0.00    0.00    0.00    0.00     1      0.00      0.00    2660     780   0.00  timeout
03:25:02 AM     0    153061    5.00   11.00    0.00    0.00   16.00     2      0.00      0.00  838316   47412   0.15  ros2
03:25:02 AM  1000    153071    5.00   10.00    0.00    0.00   15.00     2      0.00      0.00   17668    9488   0.03  pidstat
03:25:02 AM  1000    153086    0.00    0.00    0.00    0.00    0.00     3      0.00      0.00 1623984   25280   0.08  docker
03:25:02 AM     0    153102    0.00    0.00    0.00    0.00    0.00     3      0.00      0.00    2660     800   0.00  timeout
03:25:02 AM     0    153123   14.00   27.00    0.00    0.00   41.00     3      0.00      0.00  699304   80140   0.25  ros2
03:25:02 AM     0    153136    0.00    0.00    0.00    0.00    0.00     0      0.00      0.00       0       0   0.00  kworker/0:2H

# Time        UID       PID    %usr %system  %guest   %wait    %CPU   CPU  minflt/s  majflt/s     VSZ     RSS   %MEM  Command
03:25:03 AM     0         1    0.00    0.00    0.00    0.00    0.00     0      0.00      0.00  169880   11540   0.04  systemd
03:25:03 AM     0         2    0.00    0.00    0.00    0.00    0.00     1      0.00      0.00       0       0   0.00  kthreadd
03:25:03 AM     0         3    0.00    0.00    0.00    0.00    0.00     0      0.00      0.00       0       0   0.00  rcu_gp
03:25:03 AM     0         4    0.00    0.00    0.00    0.00    0.00     0      0.00      0.00       0       0   0.00  rcu_par_gp
03:25:03 AM     0         8    0.00    0.00    0.00    0.00    0.00     0      0.00      0.00       0       0   0.00  mm_percpu_wq
03:25:03 AM     0         9    0.00    0.00    0.00    0.00    0.00     0      0.00      0.00       0       0   0.00  rcu_tasks_kthre
03:25:03 AM     0        10    0.00    0.00    0.00    0.00    0.00     0      0.00      0.00       0       0   0.00  rcu_tasks_rude_
03:25:03 AM     0        11    0.00    0.00    0.00    0.00    0.00     0      0.00      0.00       0       0   0.00  rcu_tasks_trace
03:25:03 AM     0        12    0.00    0.00    0.00    0.00    0.00     0      0.00      0.00       0       0   0.00  ksoftirqd/0
03:25:03 AM     0        13    0.00    1.00    0.00    0.00    1.00     1      0.00      0.00       0       0   0.00  rcu_preempt
03:25:03 AM     0        14    0.00    0.00    0.00    0.00    0.00     0      0.00      0.00       0       0   0.00  migration/0
03:25:03 AM     0        16    0.00    0.00    0.00    0.00    0.00     0      0.00      0.00       0       0   0.00  cpuhp/0
03:25:03 AM     0        17    0.00    0.00    0.00    0.00    0.00     1      0.00      0.00       0       0   0.00  cpuhp/1
03:25:03 AM     0        18    0.00    0.00    0.00    0.00    0.00     1      0.00      0.00       0       0   0.00  migration/1
03:25:03 AM     0        19    0.00    0.00    0.00    0.00    0.00     1      0.00      0.00       0       0   0.00  ksoftirqd/1
03:25:03 AM     0        22    0.00    0.00    0.00    0.00    0.00     2      0.00      0.00       0       0   0.00  cpuhp/2
03:25:03 AM     0        23    0.00    0.00    0.00    0.00    0.00     2      0.00      0.00       0       0   0.00  migration/2
03:25:03 AM     0        24    0.00    0.00    0.00    0.00    0.00     2      0.00      0.00       0       0   0.00  ksoftirqd/2
03:25:03 AM     0        27    0.00    0.00    0.00    0.00    0.00     3      0.00      0.00       0       0   0.00  cpuhp/3
03:25:03 AM     0        28    0.00    0.00    0.00    0.00    0.00     3      0.00      0.00       0       0   0.00  migration/3
03:25:03 AM     0        29    0.00    0.00    0.00    0.00    0.00     3      0.00      0.00       0       0   0.00  ksoftirqd/3
03:25:03 AM     0        32    0.00    0.00    0.00    0.00    0.00     4      0.00      0.00       0       0   0.00  cpuhp/4
03:25:03 AM     0        33    0.00    0.00    0.00    0.00    0.00     4      0.00      0.00       0       0   0.00  migration/4
03:25:03 AM     0        34    0.00    0.00    0.00    0.00    0.00     4      0.00      0.00       0       0   0.00  ksoftirqd/4
03:25:03 AM     0        36    0.00    0.00    0.00    0.00    0.00     4      0.00      0.00       0       0   0.00  kworker/4:0H-kblockd
03:25:03 AM     0        37    0.00    0.00    0.00    0.00    0.00     5      0.00      0.00       0       0   0.00  cpuhp/5
03:25:03 AM     0        38    0.00    0.00    0.00    0.00    0.00     5      0.00      0.00       0       0   0.00  migration/5
03:25:03 AM     0        39    0.00    0.00    0.00    0.00    0.00     5      0.00      0.00       0       0   0.00  ksoftirqd/5
03:25:03 AM     0        41    0.00    0.00    0.00    0.00    0.00     5      0.00      0.00       0       0   0.00  kworker/5:0H-kblockd
03:25:03 AM     0        42    0.00    0.00    0.00    0.00    0.00     6      0.00      0.00       0       0   0.00  cpuhp/6
03:25:03 AM     0        43    0.00    0.00    0.00    0.00    0.00     6      0.00      0.00       0       0   0.00  migration/6
03:25:03 AM     0        44    0.00    0.00    0.00    0.00    0.00     6      0.00      0.00       0       0   0.00  ksoftirqd/6
03:25:03 AM     0        46    0.00    0.00    0.00    0.00    0.00     6      0.00      0.00       0       0   0.00  kworker/6:0H-events_highpri
03:25:03 AM     0        47    0.00    0.00    0.00    0.00    0.00     7      0.00      0.00       0       0   0.00  cpuhp/7
03:25:03 AM     0        48    0.00    0.00    0.00    0.00    0.00     7      0.00      0.00       0       0   0.00  migration/7
03:25:03 AM     0        49    0.00    0.00    0.00    0.00    0.00     7      0.00      0.00       0       0   0.00  ksoftirqd/7
03:25:03 AM     0        50    0.00    0.00    0.00    0.00    0.00     0      0.00      0.00       0       0   0.00  kworker/7:0-rcu_gp
03:25:03 AM     0        51    0.00    0.00    0.00    0.00    0.00     7      0.00      0.00       0       0   0.00  kworker/7:0H-kblockd
03:25:03 AM     0        52    0.00    0.00    0.00    0.00    0.00     0      0.00      0.00       0       0   0.00  kdevtmpfs
03:25:03 AM     0        53    0.00    0.00    0.00    0.00    0.00     4      0.00      0.00       0       0   0.00  netns
03:25:03 AM     0        54    0.00    0.00    0.00    0.00    0.00     1      0.00      0.00       0       0   0.00  kauditd
03:25:03 AM     0        55    0.00    0.00    0.00    0.00    0.00     0      0.00      0.00       0       0   0.00  irq/87-mc_statu
03:25:03 AM     0        56    0.00    0.00    0.00    0.00    0.00     0      0.00      0.00       0       0   0.00  khungtaskd
03:25:03 AM     0        57    0.00    0.00    0.00    0.00    0.00     3      0.00      0.00       0       0   0.00  oom_reaper
03:25:03 AM     0        58    0.00    0.00    0.00    0.00    0.00     5      0.00      0.00       0       0   0.00  writeback
03:25:03 AM     0        59    0.00    0.00    0.00    0.00    0.00     3      0.00      0.00       0       0   0.00  kcompactd0
03:25:03 AM     0        60    0.00    0.00    0.00    0.00    0.00     1      0.00      0.00       0       0   0.00  ksmd
03:25:03 AM     0        61    0.00    0.00    0.00    0.00    0.00     0      0.00      0.00       0       0   0.00  khugepaged
03:25:03 AM     0        93    0.00    0.00    0.00    0.00    0.00     1      0.00      0.00       0       0   0.00  kintegrityd
03:25:03 AM     0        94    0.00    0.00    0.00    0.00    0.00     1      0.00      0.00       0       0   0.00  kblockd
03:25:03 AM     0        95    0.00    0.00    0.00    0.00    0.00     1      0.00      0.00       0       0   0.00  blkcg_punt_bio
03:25:03 AM     0        97    0.00    0.00    0.00    0.00    0.00     3      0.00      0.00       0       0   0.00  tpm_dev_wq
03:25:03 AM     0        98    0.00    0.00    0.00    0.00    0.00     0      0.00      0.00       0       0   0.00  irq/197-30c0000
03:25:03 AM     0        99    0.00    0.00    0.00    0.00    0.00     1      0.00      0.00       0       0   0.00  devfreq_wq
03:25:03 AM     0       100    0.00    0.00    0.00    0.00    0.00     1      0.00      0.00       0       0   0.00  watchdogd
03:25:03 AM     0       104    0.00    0.00    0.00    0.00    0.00     7      0.00      0.00       0       0   0.00  rpciod
03:25:03 AM     0       106    0.00    0.00    0.00    0.00    0.00     7      0.00      0.00       0       0   0.00  xprtiod
03:25:03 AM     0       108    0.00    0.00    0.00    0.00    0.00     7      0.00      0.00       0       0   0.00  kswapd0
03:25:03 AM     0       109    0.00    0.00    0.00    0.00    0.00     5      0.00      0.00       0       0   0.00  nfsiod
03:25:03 AM     0       112    0.00    0.00    0.00    0.00    0.00     1      0.00      0.00       0       0   0.00  kthrotld
03:25:03 AM     0       113    0.00    0.00    0.00    0.00    0.00     7      0.00      0.00       0       0   0.00  kpcitest
03:25:03 AM     0       116    0.00    0.00    0.00    0.00    0.00     5      0.00      0.00       0       0   0.00  kworker/5:1-events
03:25:03 AM     0       122    0.00    0.00    0.00    0.00    0.00     1      0.00      0.00       0       0   0.00  nvme-wq
03:25:03 AM     0       123    0.00    0.00    0.00    0.00    0.00     5      0.00      0.00       0       0   0.00  nvme-reset-wq
03:25:03 AM     0       124    0.00    0.00    0.00    0.00    0.00     6      0.00      0.00       0       0   0.00  nvme-delete-wq
03:25:03 AM     0       125    0.00    0.00    0.00    0.00    0.00     6      0.00      0.00       0       0   0.00  uas
03:25:03 AM     0       126    0.00    0.00    0.00    0.00    0.00     0      0.00      0.00       0       0   0.00  irq/222-tegra_r
03:25:03 AM     0       127    0.00    0.00    0.00    0.00    0.00     0      0.00      0.00       0       0   0.00  kworker/7:2-events
03:25:03 AM     0       129    0.00    0.00    0.00    0.00    0.00     0      0.00      0.00       0       0   0.00  irq/86-tegra-oc
03:25:03 AM     0       130    0.00    0.00    0.00    0.00    0.00     5      0.00      0.00       0       0   0.00  dm_bufio_cache
03:25:03 AM     0       131    0.00    0.00    0.00    0.00    0.00     0      0.00      0.00       0       0   0.00  irq/223-max7762
03:25:03 AM     0       140    0.00    0.00    0.00    0.00    0.00     0      0.00      0.00       0       0   0.00  irq/55-bc00000.
03:25:03 AM     0       143    0.00    0.00    0.00    0.00    0.00     0      0.00      0.00       0       0   0.00  ipv6_addrconf
03:25:03 AM     0       144    0.00    0.00    0.00    0.00    0.00     6      0.00      0.00       0       0   0.00  krfcommd
03:25:03 AM     0       145    0.00    0.00    0.00    0.00    0.00     0      0.00      0.00       0       0   0.00  kstrp
03:25:03 AM     0       150    0.00    0.00    0.00    0.00    0.00     0      0.00      0.00       0       0   0.00  irq/24-tegra-pc
03:25:03 AM     0       154    0.00    0.00    0.00    0.00    0.00     0      0.00      0.00       0       0   0.00  irq/26-tegra-pc
03:25:03 AM     0       160    0.00    0.00    0.00    0.00    0.00     0      0.00      0.00       0       0   0.00  irq/26-aerdrv
03:25:03 AM     0       161    0.00    0.00    0.00    0.00    0.00     0      0.00      0.00       0       0   0.00  irq/28-tegra-pc
03:25:03 AM     0       162    0.00    0.00    0.00    0.00    0.00     0      0.00      0.00       0       0   0.00  irq/28-aerdrv
03:25:03 AM     0       163    0.00    0.00    0.00    0.00    0.00     5      0.00      0.00       0       0   0.00  host_low_prio_w
03:25:03 AM     0       164    0.00    0.00    0.00    0.00    0.00     0      0.00      0.00       0       0   0.00  irq/57-host_syn
03:25:03 AM     0       165    0.00    0.00    0.00    0.00    0.00     0      0.00      0.00       0       0   0.00  irq/58-host_sta
03:25:03 AM     0       173    0.00    0.00    0.00    0.00    0.00     5      0.00      0.00       0       0   0.00  pva_task_status
03:25:03 AM     0       174    0.00    0.00    0.00    0.00    0.00     0      0.00      0.00       0       0   0.00  irq/75-pva-isr
03:25:03 AM     0       175    0.00    0.00    0.00    0.00    0.00     0      0.00      0.00       0       0   0.00  pva_task_status
03:25:03 AM     0       176    0.00    0.00    0.00    0.00    0.00     0      0.00      0.00       0       0   0.00  irq/76-pva-isr
03:25:03 AM     0       185    0.00    0.00    0.00    0.00    0.00     0      0.00      0.00       0       0   0.00  sdhci
03:25:03 AM     0       186    0.00    0.00    0.00    0.00    0.00     0      0.00      0.00       0       0   0.00  irq/39-mmc0
03:25:03 AM     0       187    0.00    0.00    0.00    0.00    0.00     2      0.00      0.00       0       0   0.00  sdhci
03:25:03 AM     0       189    0.00    0.00    0.00    0.00    0.00     0      0.00      0.00       0       0   0.00  irq/40-mmc1
03:25:03 AM     0       195    0.00    0.00    0.00    0.00    0.00     7      0.00      0.00       0       0   0.00  scsi_eh_0
03:25:03 AM     0       196    0.00    0.00    0.00    0.00    0.00     7      0.00      0.00       0       0   0.00  scsi_tmf_0
03:25:03 AM     0       197    0.00    0.00    0.00    0.00    0.00     0      0.00      0.00       0       0   0.00  kworker/5:2-events
03:25:03 AM     0       198    0.00    0.00    0.00    0.00    0.00     0      0.00      0.00       0       0   0.00  irq/67-15200000
03:25:03 AM     0       199    0.00    0.00    0.00    0.00    0.00     1      0.00      0.00       0       0   0.00  tegradc.0/a
03:25:03 AM     0       200    0.00    0.00    0.00    0.00    0.00     0      0.00      0.00       0       0   0.00  tegradc.0/b
03:25:03 AM     0       201    0.00    0.00    0.00    0.00    0.00     0      0.00      0.00       0       0   0.00  tegradc.0/c
03:25:03 AM     0       202    0.00    0.00    0.00    0.00    0.00     0      0.00      0.00       0       0   0.00  tegradc.0/d
03:25:03 AM     0       203    0.00    0.00    0.00    0.00    0.00     0      0.00      0.00       0       0   0.00  tegradc.0/e
03:25:03 AM     0       204    0.00    0.00    0.00    0.00    0.00     0      0.00      0.00       0       0   0.00  tegradc.0/f
03:25:03 AM     0       205    0.00    0.00    0.00    0.00    0.00     0      0.00      0.00       0       0   0.00  tegradc.0/sl
03:25:03 AM     0       206    0.00    0.00    0.00    0.00    0.00     0      0.00      0.00       0       0   0.00  irq/62-15200000
03:25:03 AM     0       207    0.00    0.00    0.00    0.00    0.00     0      0.00      0.00       0       0   0.00  irq/276-3400000
03:25:03 AM     0       208    0.00    0.00    0.00    0.00    0.00     0      0.00      0.00       0       0   0.00  ufs_eh_wq_0
03:25:03 AM     0       209    0.00    0.00    0.00    0.00    0.00     3      0.00      0.00       0       0   0.00  mmc_complete
03:25:03 AM     0       211    0.00    0.00    0.00    0.00    0.00     0      0.00      0.00       0       0   0.00  irq/278-1520000
03:25:03 AM     0       212    0.00    0.00    0.00    0.00    0.00     0      0.00      0.00       0       0   0.00  irq/203-3610000
03:25:03 AM     0       213    0.00    0.00    0.00    0.00    0.00     0      0.00      0.00       0       0   0.00  irq/221-3610000
03:25:03 AM     0       214    0.00    0.00    0.00    0.00    0.00     0      0.00      0.00       0       0   0.00  irq/30-tegra-pc
03:25:03 AM     0       216    0.00    0.00    0.00    0.00    0.00     0      0.00      0.00       0       0   0.00  kworker/4:3-events
03:25:03 AM     0       218    0.00    0.00    0.00    0.00    0.00     4      0.00      0.00       0       0   0.00  kworker/4:5-events
03:25:03 AM     0       221    0.00    0.00    0.00    0.00    0.00     0      0.00      0.00       0       0   0.00  kworker/6:12-events
03:25:03 AM     0       222    0.00    0.00    0.00    0.00    0.00     0      0.00      0.00       0       0   0.00  kworker/6:13-events
03:25:03 AM     0       225    0.00    0.00    0.00    0.00    0.00     0      0.00      0.00       0       0   0.00  irq/68-tegra_dp
03:25:03 AM     0       226    0.00    0.00    0.00    0.00    0.00     0      0.00      0.00       0       0   0.00  irq/65-15210000
03:25:03 AM     0       227    0.00    0.00    0.00    0.00    0.00     0      0.00      0.00       0       0   0.00  tegradc.1/a
03:25:03 AM     0       228    0.00    0.00    0.00    0.00    0.00     0      0.00      0.00       0       0   0.00  tegradc.1/b
03:25:03 AM     0       229    0.00    0.00    0.00    0.00    0.00     0      0.00      0.00       0       0   0.00  tegradc.1/c
03:25:03 AM     0       230    0.00    0.00    0.00    0.00    0.00     0      0.00      0.00       0       0   0.00  tegradc.1/d
03:25:03 AM     0       231    0.00    0.00    0.00    0.00    0.00     0      0.00      0.00       0       0   0.00  tegradc.1/e
03:25:03 AM     0       232    0.00    0.00    0.00    0.00    0.00     0      0.00      0.00       0       0   0.00  tegradc.1/f
03:25:03 AM     0       233    0.00    0.00    0.00    0.00    0.00     1      0.00      0.00       0       0   0.00  tegradc.1/sl
03:25:03 AM     0       234    0.00    0.00    0.00    0.00    0.00     0      0.00      0.00       0       0   0.00  irq/63-15210000
03:25:03 AM     0       249    0.00    0.00    0.00    0.00    0.00     0      0.00      0.00       0       0   0.00  irq/56-d230000.
03:25:03 AM     0       250    0.00    0.00    0.00    0.00    0.00     0      0.00      0.00       0       0   0.00  irq/69-tegra_dp
03:25:03 AM     0       251    0.00    0.00    0.00    0.00    0.00     0      0.00      0.00       0       0   0.00  irq/66-15220000
03:25:03 AM     0       252    0.00    0.00    0.00    0.00    0.00     0      0.00      0.00       0       0   0.00  tegradc.2/a
03:25:03 AM     0       253    0.00    0.00    0.00    0.00    0.00     0      0.00      0.00       0       0   0.00  tegradc.2/b
03:25:03 AM     0       254    0.00    0.00    0.00    0.00    0.00     0      0.00      0.00       0       0   0.00  tegradc.2/c
03:25:03 AM     0       255    0.00    0.00    0.00    0.00    0.00     0      0.00      0.00       0       0   0.00  tegradc.2/d
03:25:03 AM     0       256    0.00    0.00    0.00    0.00    0.00     0      0.00      0.00       0       0   0.00  tegradc.2/e
03:25:03 AM     0       257    0.00    0.00    0.00    0.00    0.00     0      0.00      0.00       0       0   0.00  tegradc.2/f
03:25:03 AM     0       258    0.00    0.00    0.00    0.00    0.00     0      0.00      0.00       0       0   0.00  tegradc.2/sl
03:25:03 AM     0       259    0.00    0.00    0.00    0.00    0.00     0      0.00      0.00       0       0   0.00  irq/64-15220000
03:25:03 AM     0       275    0.00    0.00    0.00    0.00    0.00     3      0.00      0.00       0       0   0.00  jbd2/mmcblk0p1-
03:25:03 AM     0       276    0.00    0.00    0.00    0.00    0.00     3      0.00      0.00       0       0   0.00  ext4-rsv-conver
03:25:03 AM     0       280    0.00    0.00    0.00    0.00    0.00     7      0.00      0.00       0       0   0.00  kworker/7:1H
03:25:03 AM     0       286    0.00    0.00    0.00    0.00    0.00     5      0.00      0.00       0       0   0.00  kworker/5:1H-kblockd
03:25:03 AM     0       312    0.00    0.00    0.00    0.00    0.00     0      0.00      0.00   61816   32076   0.10  systemd-journal
03:25:03 AM     0       338    0.00    0.00    0.00    0.00    0.00     1      0.00      0.00       0       0   0.00  nvmap-bz
03:25:03 AM     0       339    0.00    0.00    0.00    0.00    0.00     0      0.00      0.00       0       0   0.00  irq/204-gk20a_s
03:25:03 AM     0       340    0.00    0.00    0.00    0.00    0.00     0      0.00      0.00       0       0   0.00  irq/205-gk20a_n
03:25:03 AM     0       345    0.00    0.00    0.00    0.00    0.00     3      0.00      0.00    2776    1492   0.00  tee-supplicant
03:25:03 AM     0       347    0.00    0.00    0.00    0.00    0.00     3      0.00      0.00       0       0   0.00  optee_bus_scan
03:25:03 AM     0       358    0.00    0.00    0.00    0.00    0.00     2      0.00      0.00   22788    7532   0.02  systemd-udevd
03:25:03 AM     0       364    0.00    0.00    0.00    0.00    0.00     1      0.00      0.00    7948    4892   0.02  haveged
03:25:03 AM   126       365    0.00    0.00    0.00    0.00    0.00     3      0.00      0.00    7136    3108   0.01  rpcbind
03:25:03 AM   105       366    0.00    0.00    0.00    0.00    0.00     1      0.00      0.00   25592   13288   0.04  systemd-resolve
03:25:03 AM   103       367    0.00    0.00    0.00    0.00    0.00     0      0.00      0.00   90672    6220   0.02  systemd-timesyn
03:25:03 AM     0       407    0.00    0.00    0.00    0.00    0.00     5      0.00      0.00       0       0   0.00  cfg80211
03:25:03 AM     0       410    0.00    0.00    0.00    0.00    0.00     0      0.00      0.00       0       0   0.00  irq/42-3210000.
03:25:03 AM     0       412    0.00    0.00    0.00    0.00    0.00     2      0.00      0.00       0       0   0.00  spi0
03:25:03 AM     0       413    0.00    1.00    0.00    0.00    1.00     1      0.00      0.00       0       0   0.00  irq/282-iwlwifi
03:25:03 AM     0       416    0.00    0.00    0.00    0.00    0.00     4      0.00      0.00       0       0   0.00  ata_sff
03:25:03 AM     0       419    0.00    0.00    0.00    0.00    0.00     0      0.00      0.00       0       0   0.00  irq/43-c260000.
03:25:03 AM     0       420    0.00    0.00    0.00    0.00    0.00     6      0.00      0.00       0       0   0.00  scsi_eh_1
03:25:03 AM     0       422    0.00    0.00    0.00    0.00    0.00     6      0.00      0.00       0       0   0.00  scsi_tmf_1
03:25:03 AM     0       427    0.00    0.00    0.00    0.00    0.00     0      0.00      0.00       0       0   0.00  spi1
03:25:03 AM     0       430    0.00    0.00    0.00    0.00    0.00     1      0.00      0.00  242072    8880   0.03  accounts-daemon
03:25:03 AM   120       439    0.00    0.00    0.00    0.00    0.00     1      0.00      0.00    7084    3472   0.01  avahi-daemon
03:25:03 AM     0       441    0.00    0.00    0.00    0.00    0.00     1      0.00      0.00    9220    2516   0.01  cron
03:25:03 AM   106       443    0.00    0.00    0.00    0.00    0.00     2      0.00      0.00    9396    5264   0.02  dbus-daemon
03:25:03 AM     0       447    0.00    0.00    0.00    0.00    0.00     0      0.00      0.00  341244   20856   0.07  NetworkManager
03:25:03 AM     0       456    0.00    0.00    0.00    0.00    0.00     4      0.00      0.00   38300   19472   0.06  networkd-dispat
03:25:03 AM     0       473    0.00    0.00    0.00    0.00    0.00     3      0.00      0.00  238860   13352   0.04  polkitd
03:25:03 AM   125       483    0.00    0.00    0.00    0.00    0.00     3      0.00      0.00  220940    8288   0.03  rsyslogd
03:25:03 AM     0       503    0.00    0.00    0.00    0.00    0.00     2      0.00      0.00  235864    4364   0.01  switcheroo-cont
03:25:03 AM     0       514    0.00    0.00    0.00    0.00    0.00     0      0.00      0.00   17076    6760   0.02  systemd-logind
03:25:03 AM     0       523    0.00    0.00    0.00    0.00    0.00     2      0.00      0.00  395556   15680   0.05  udisksd
03:25:03 AM     0       528    0.00    0.00    0.00    0.00    0.00     1      0.00      0.00   12784    8052   0.03  wpa_supplicant
03:25:03 AM     0       548    0.00    2.00    0.00    0.00    2.00     0      0.00      0.00       0       0   0.00  sugov:0
03:25:03 AM   120       555    0.00    0.00    0.00    0.00    0.00     2      0.00      0.00    6896     324   0.00  avahi-daemon
03:25:03 AM     0       585    0.00    0.00    0.00    0.00    0.00     5      0.00      0.00       0       0   0.00  tmp451
03:25:03 AM     0       597    0.00    0.00    0.00    0.00    0.00     3      0.00      0.00       0       0   0.00  irq/286-1-0008
03:25:03 AM     0       600    0.00    0.00    0.00    0.00    0.00     2      0.00      0.00  321792   14480   0.05  ModemManager
03:25:03 AM     0       653    0.00    0.00    0.00    0.00    0.00     1      0.00      0.00    2476     604   0.00  nvfancontrol
03:25:03 AM     0       728    0.00    0.00    0.00    0.00    0.00     4      0.00      0.00       0       0   0.00  adspp_kthread
03:25:03 AM     0       779    0.00    0.00    0.00    0.00    0.00     6      0.00      0.00       0       0   0.00  kworker/6:2H-kblockd
03:25:03 AM     0       876    0.00    0.00    0.00    0.00    0.00     1      0.00      0.00       0       0   0.00  irq/289-2490000
03:25:03 AM     0       887    0.00    0.00    0.00    0.00    0.00     0      0.00      0.00       0       0   0.00  irq/32-eth0.com
03:25:03 AM     0       919    0.00    0.00    0.00    0.00    0.00     4      0.00      0.00       0       0   0.00  file-storage
03:25:03 AM     0       953    0.00    0.00    0.00    0.00    0.00     1      0.00      0.00       0       0   0.00  loop0
03:25:03 AM     0      1048    0.00    0.00    0.00    0.00    0.00     4      0.00      0.00       0       0   0.00  kworker/4:2H-kblockd
03:25:03 AM     0      1091    0.00    0.00    0.00    0.00    0.00     3      0.00      0.00       0       0   0.00  cryptd
03:25:03 AM     0      1147    0.00    0.00    0.00    0.00    0.00     2      0.00      0.00       0       0   0.00  sw-quiesce
03:25:03 AM     0      1148    0.00    0.00    0.00    0.00    0.00     0      0.00      0.00       0       0   0.00  nvgpu_channel_p
03:25:03 AM     0      1151    0.00    0.00    0.00    0.00    0.00     3      0.00      0.00       0       0   0.00  nvgpu_nvs_gv11b
03:25:03 AM     0      1153    0.00    0.00    0.00    0.00    0.00     1      0.00      0.00       0       0   0.00  nvgpu_pg_init_g
03:25:03 AM     0      1157    0.00    0.00    0.00    0.00    0.00     3      0.00      0.00       0       0   0.00  nvgpu_clk_arb_p
03:25:03 AM     0      1162    0.00    0.00    0.00    0.00    0.00     3      0.00      0.00       0       0   0.00  irq/288-rt5659
03:25:03 AM     0      1270    0.00    0.00    0.00    0.00    0.00     3      0.00      0.00   55688   11092   0.03  nvargus-daemon
03:25:03 AM     0      1273    0.00    0.00    0.00    0.00    0.00     3      0.00      0.00   21932    1552   0.00  nvs-service
03:25:03 AM     0      1298    0.00    0.00    0.00    0.00    0.00     1      0.00      0.00 2007972   49164   0.15  containerd
03:25:03 AM     0      1314    0.00    0.00    0.00    0.00    0.00     0      0.00      0.00  240032    7616   0.02  gdm3
03:25:03 AM   108      1326    0.00    0.00    0.00    0.00    0.00     1      0.00      0.00   11468    1896   0.01  kerneloops
03:25:03 AM     0      1327    0.00    0.00    0.00    0.00    0.00     3      0.00      0.00   12236    6576   0.02  sshd
03:25:03 AM     0      1336    0.00    0.00    0.00    0.00    0.00     0      0.00      0.00    7688    1876   0.01  agetty
03:25:03 AM     0      1337    0.00    0.00    0.00    0.00    0.00     2      0.00      0.00    7688    1904   0.01  agetty
03:25:03 AM   108      1339    0.00    0.00    0.00    0.00    0.00     2      0.00      0.00   11468    1820   0.01  kerneloops
03:25:03 AM     0      1340    0.00    0.00    0.00    0.00    0.00     3      0.00      0.00    9216    2824   0.01  nvgetty.sh
03:25:03 AM     0      1379    0.00    0.00    0.00    0.00    0.00     0      0.00      0.00    7688    1848   0.01  getty
03:25:03 AM     0      1554    1.00    0.00    0.00    0.00    1.00     2      0.00      0.00 2111796   86036   0.27  dockerd
03:25:03 AM     0      1677    0.00    0.00    0.00    0.00    0.00     2      0.00      0.00  168472    8256   0.03  gdm-session-wor
03:25:03 AM     0      1711    0.00    0.00    0.00    0.00    0.00     0      0.00      0.00    3248     808   0.00  nvphsd
03:25:03 AM     0      1716    0.00    0.00    0.00    0.00    0.00     3      0.00      0.00    3380    1788   0.01  nvphsd
03:25:03 AM   124      1789    0.00    0.00    0.00    0.00    0.00     3      0.00      0.00   19144    9224   0.03  systemd
03:25:03 AM   124      1804    0.00    0.00    0.00    0.00    0.00     3      0.00      0.00  104488    5436   0.02  (sd-pam)
03:25:03 AM   124      2014    0.00    0.00    0.00    0.00    0.00     1      0.00      0.00  961884   21984   0.07  pulseaudio
03:25:03 AM   124      2032    0.00    0.00    0.00    0.00    0.00     2      0.00      0.00  164156    5924   0.02  gdm-x-session
03:25:03 AM   124      2037    0.00    0.00    0.00    0.00    0.00     2      0.00      0.00 25330232   99256   0.31  Xorg
03:25:03 AM   118      2040    0.00    0.00    0.00    0.00    0.00     1      0.00      0.00  152516    2440   0.01  rtkit-daemon
03:25:03 AM   124      2162    0.00    0.00    0.00    0.00    0.00     2      0.00      0.00    7812    3448   0.01  dbus-daemon
03:25:03 AM   124      2428    0.00    0.00    0.00    0.00    0.00     0      0.00      0.00    4776    1164   0.00  dbus-run-sessio
03:25:03 AM   124      2429    0.00    0.00    0.00    0.00    0.00     2      0.00      0.00    8088    4104   0.01  dbus-daemon
03:25:03 AM   124      2438    0.00    0.00    0.00    0.00    0.00     0      0.00      0.00  559768   14932   0.05  gnome-session-b
03:25:03 AM     0      2457    0.00    0.00    0.00    0.00    0.00     2      0.00      0.00  101692   19628   0.06  jtop
03:25:03 AM   124      2463    0.00    0.00    0.00    0.00    0.00     3      0.00      0.00  309548   10092   0.03  at-spi-bus-laun
03:25:03 AM   124      2470    0.00    0.00    0.00    0.00    0.00     1      0.00      0.00    7676    3468   0.01  dbus-daemon
03:25:03 AM   124      2495    0.00    1.00    0.00    0.00    1.00     2      0.00      0.00 4022996  194924   0.61  gnome-shell
03:25:03 AM     0      2510    0.00    0.00    0.00    0.00    0.00     2      0.00      0.00  175424   16904   0.05  jtop
03:25:03 AM     0      2518    0.00    0.00    0.00    0.00    0.00     2      0.00      0.00  101692   17160   0.05  jtop
03:25:03 AM   124      2696    0.00    0.00    0.00    0.00    0.00     0      0.00      0.00  314420   11212   0.04  ibus-daemon
03:25:03 AM   124      2699    0.00    0.00    0.00    0.00    0.00     2      0.00      0.00  239960   11792   0.04  ibus-dconf
03:25:03 AM   124      2701    0.00    0.00    0.00    0.00    0.00     2      0.00      0.00  189920   16900   0.05  ibus-x11
03:25:03 AM   124      2704    0.00    0.00    0.00    0.00    0.00     3      0.00      0.00  239880    7776   0.02  ibus-portal
03:25:03 AM   124      2715    0.00    0.00    0.00    0.00    0.00     1      0.00      0.00  161420    6880   0.02  at-spi2-registr
03:25:03 AM   124      2719    0.00    0.00    0.00    0.00    0.00     3      0.00      0.00  235804    4672   0.01  xdg-permission-
03:25:03 AM     0      2725    0.00    0.00    0.00    0.00    0.00     0      0.00      0.00  252944    8776   0.03  upowerd
03:25:03 AM   124      2745    0.00    0.00    0.00    0.00    0.00     2      0.00      0.00 3001620   27244   0.09  gjs
03:25:03 AM   124      2764    0.00    0.00    0.00    0.00    0.00     3      0.00      0.00  469396   14236   0.04  gsd-sharing
03:25:03 AM   124      2765    0.00    0.00    0.00    0.00    0.00     1      0.00      0.00  334628   15072   0.05  gsd-wacom
03:25:03 AM   124      2768    0.00    0.00    0.00    0.00    0.00     3      0.00      0.00  571788   19844   0.06  gsd-color
03:25:03 AM   124      2772    0.00    0.00    0.00    0.00    0.00     3      0.00      0.00  338096   17824   0.06  gsd-keyboard
03:25:03 AM   124      2774    0.00    0.00    0.00    0.00    0.00     2      0.00      0.00  322508   11376   0.04  gsd-print-notif
03:25:03 AM   124      2779    0.00    0.00    0.00    0.00    0.00     3      0.00      0.00  166208    7736   0.02  ibus-engine-sim
03:25:03 AM   124      2780    0.00    0.00    0.00    0.00    0.00     1      0.00      0.00  457460    7996   0.03  gsd-rfkill
03:25:03 AM   124      2782    0.00    0.00    0.00    0.00    0.00     1      0.00      0.00  391976    9696   0.03  gsd-smartcard
03:25:03 AM   124      2784    0.00    0.00    0.00    0.00    0.00     2      0.00      0.00  374928   15372   0.05  gsd-datetime
03:25:03 AM   124      2790    0.00    0.00    0.00    0.00    0.00     2      0.00      0.00  679696   20032   0.06  gsd-media-keys
03:25:03 AM   124      2791    0.00    0.00    0.00    0.00    0.00     3      0.00      0.00  235772    5600   0.02  gsd-screensaver
03:25:03 AM   124      2793    0.00    0.00    0.00    0.00    0.00     3      0.00      0.00  320104    9452   0.03  gsd-sound
03:25:03 AM   124      2795    0.00    0.00    0.00    0.00    0.00     3      0.00      0.00  313652   10144   0.03  gsd-a11y-settin
03:25:03 AM   124      2799    0.00    0.00    0.00    0.00    0.00     3      0.00      0.00  313992   10540   0.03  gsd-housekeepin
03:25:03 AM   124      2802    0.00    0.00    0.00    0.00    0.00     3      0.00      0.00  339724   18828   0.06  gsd-power
03:25:03 AM   124      2824    0.00    0.00    0.00    0.00    0.00     2      0.00      0.00  342540   12784   0.04  gsd-printer
03:25:03 AM   119      2837    0.00    0.00    0.00    0.00    0.00     2      0.00      0.00  249328   17548   0.06  colord
03:25:03 AM     0     29120    0.00    0.00    0.00    0.00    0.00     2      0.00      0.00       0       0   0.00  kworker/u17:2-rb_allocator
03:25:03 AM     0     33852    0.00    0.00    0.00    0.00    0.00     1      0.00      0.00       0       0   0.00  kworker/1:0H-kblockd
03:25:03 AM     0     35048    0.00    0.00    0.00    0.00    0.00     0      0.00      0.00       0       0   0.00  kworker/u17:0-thermal_fan_est
03:25:03 AM  1000     39960    0.00    0.00    0.00    0.00    0.00     1      0.00      0.00   19248    9208   0.03  systemd
03:25:03 AM  1000     39961    0.00    0.00    0.00    0.00    0.00     2      0.00      0.00  170940    6304   0.02  (sd-pam)
03:25:03 AM  1000     40037    0.00    0.00    0.00    0.00    0.00     3      0.00      0.00    7812    3952   0.01  dbus-daemon
03:25:03 AM     0     40147    0.00    0.00    0.00    0.00    0.00     1      0.00      0.00       0       0   0.00  kworker/1:0-events
03:25:03 AM     0     40174    0.00    0.00    0.00    0.00    0.00     2      0.00      0.00       0       0   0.00  kworker/2:2H-kblockd
03:25:03 AM     0     40194    0.00    0.00    0.00    0.00    0.00     3      0.00      0.00       0       0   0.00  kworker/3:0H-kblockd
03:25:03 AM     0     41650    0.00    0.00    0.00    0.00    0.00     3      0.00      0.00       0       0   0.00  kworker/3:0-mm_percpu_wq
03:25:03 AM     0     81462    0.00    0.00    0.00    0.00    0.00     2      0.00      0.00       0       0   0.00  kworker/2:2-mm_percpu_wq
03:25:03 AM     0     81478    0.00    0.00    0.00    0.00    0.00     0      0.00      0.00       0       0   0.00  kworker/0:1H-kblockd
03:25:03 AM  1000     84840    0.00    0.00    0.00    0.00    0.00     3      0.00      0.00  240176   10088   0.03  gnome-keyring-d
03:25:03 AM   124     84900    0.00    0.00    0.00    0.00    0.00     1      0.00      0.00  156240    4584   0.01  dconf-service
03:25:03 AM     0     85427    0.00    0.00    0.00    0.00    0.00     0      0.00      0.00       0       0   0.00  kworker/0:2-events
03:25:03 AM     0     86310    0.00    0.00    0.00    0.00    0.00     0      0.00      0.00       0       0   0.00  kworker/u16:1-events_unbound
03:25:03 AM     0     86549    0.00    0.00    0.00    0.00    0.00     2      0.00      0.00   14768    7664   0.02  sshd
03:25:03 AM  1000     86593    0.00    0.00    0.00    0.00    0.00     3      0.00      0.00   15292    6480   0.02  sshd
03:25:03 AM  1000     86594    0.00    0.00    0.00    0.00    0.00     3      0.00      0.00   11860    5896   0.02  bash
03:25:03 AM     0     87290    0.00    0.00    0.00    0.00    0.00     0      0.00      0.00   14768    7584   0.02  sshd
03:25:03 AM  1000     87334    0.00    0.00    0.00    0.00    0.00     0      0.00      0.00   15292    6412   0.02  sshd
03:25:03 AM  1000     87335    0.00    0.00    0.00    0.00    0.00     2      0.00      0.00   11344    5436   0.02  bash
03:25:03 AM     0    137289    0.00    1.00    0.00    0.00    1.00     1      0.00      0.00       0       0   0.00  kworker/1:3-events
03:25:03 AM     0    142495    0.00    0.00    0.00    0.00    0.00     1      0.00      0.00       0       0   0.00  kworker/1:4-events
03:25:03 AM     0    147908    0.00    0.00    0.00    0.00    0.00     2      0.00      0.00   14768    7636   0.02  sshd
03:25:03 AM  1000    147952    0.00    0.00    0.00    0.00    0.00     1      0.00      0.00   15292    5656   0.02  sshd
03:25:03 AM  1000    147953    0.00    0.00    0.00    0.00    0.00     3      0.00      0.00   11344    5400   0.02  bash
03:25:03 AM     0    148065    0.00    0.00    0.00    0.00    0.00     3      0.00      0.00 1237828   16880   0.05  containerd-shim
03:25:03 AM     0    148086    0.00    0.00    0.00    0.00    0.00     3      0.00      0.00    4560    3504   0.01  bash
03:25:03 AM  1000    148115    0.00    0.00    0.00    0.00    0.00     3      0.00      0.00 1919232   29524   0.09  docker
03:25:03 AM     0    148133    0.00    0.00    0.00    0.00    0.00     1      0.00      0.00    4560    3508   0.01  bash
03:25:03 AM     0    148158    0.00    0.00    0.00    1.00    0.00     0      0.00      0.00  196036   35060   0.11  ros2
03:25:03 AM     0    148159    9.00    4.00    0.00    2.00   13.00     1      0.00      0.00  580928   29152   0.09  scale_truck_con
03:25:03 AM     0    148161    5.00    7.00    0.00    3.00   12.00     0      0.00      0.00  583536   22540   0.07  lrc_node
03:25:03 AM     0    148232    0.00    0.00    0.00    0.00    0.00     1      0.00      0.00   14768    7560   0.02  sshd
03:25:03 AM  1000    148276    0.00    0.00    0.00    0.00    0.00     2      0.00      0.00   15292    6364   0.02  sshd
03:25:03 AM  1000    148277    0.00    0.00    0.00    0.00    0.00     1      0.00      0.00   11860    5928   0.02  bash
03:25:03 AM     0    148558   20.00    4.00    0.00    2.00   24.00     1      0.00      0.00  651636   83360   0.26  python3
03:25:03 AM     0    150604    0.00    0.00    0.00    0.00    0.00     2      0.00      0.00       0       0   0.00  kworker/2:1-mm_percpu_wq
03:25:03 AM     0    150646    0.00    0.00    0.00    0.00    0.00     0      0.00      0.00       0       0   0.00  kworker/0:0H
03:25:03 AM     0    150688    0.00    0.00    0.00    0.00    0.00     2      0.00      0.00       0       0   0.00  kworker/2:0H
03:25:03 AM     0    151786    0.00    0.00    0.00    0.00    0.00     3      0.00      0.00       0       0   0.00  kworker/3:2H
03:25:03 AM     0    151819    0.00    0.00    0.00    0.00    0.00     3      0.00      0.00       0       0   0.00  kworker/3:2-cgroup_destroy
03:25:03 AM     0    151861    0.00    0.00    0.00    0.00    0.00     1      0.00      0.00       0       0   0.00  kworker/u16:0-events_unbound
03:25:03 AM     0    151916    0.00    0.00    0.00    0.00    0.00     0      0.00      0.00       0       0   0.00  kworker/0:0-events
03:25:03 AM     0    151989    0.00    0.00    0.00    0.00    0.00     1      0.00      0.00       0       0   0.00  kworker/1:1H
03:25:03 AM     0    152270    0.00    0.00    0.00    0.00    0.00     1      0.00      0.00       0       0   0.00  kworker/1:2-events
03:25:03 AM     0    152626    0.00    0.00    0.00    0.00    0.00     2      0.00      0.00       0       0   0.00  kworker/2:1H
03:25:03 AM     0    152627    0.00    0.00    0.00    0.00    0.00     3      0.00      0.00       0       0   0.00  kworker/3:1H
03:25:03 AM     0    152628    0.00    0.00    0.00    0.00    0.00     0      0.00      0.00       0       0   0.00  kworker/0:1-events
03:25:03 AM     0    152655    0.00    0.00    0.00    0.00    0.00     1      0.00      0.00       0       0   0.00  kworker/u16:2-events_unbound
03:25:03 AM     0    152798    0.00    0.00    0.00    0.00    0.00     1      0.00      0.00       0       0   0.00  kworker/1:2H
03:25:03 AM     0    152803    0.00    0.00    0.00    0.00    0.00     2      0.00      0.00       0       0   0.00  kworker/2:0
03:25:03 AM     0    152876    0.00    0.00    0.00    0.00    0.00     3      0.00      0.00    4428    3224   0.01  bash
03:25:03 AM  1000    152883    0.00    0.00    0.00    0.00    0.00     3      0.00      0.00    9208    3068   0.01  bash
03:25:03 AM     0    153059    0.00    0.00    0.00    0.00    0.00     1      0.00      0.00    2660     780   0.00  timeout
03:25:03 AM     0    153061    8.00    9.00    0.00    0.00   17.00     2      3.00      0.00  838316   47412   0.15  ros2
03:25:03 AM  1000    153071    3.00   13.00    0.00    0.00   16.00     2      0.00      0.00   17668    9488   0.03  pidstat
03:25:03 AM  1000    153086    0.00    0.00    0.00    0.00    0.00     3      0.00      0.00 1623984   25280   0.08  docker
03:25:03 AM     0    153102    0.00    0.00    0.00    0.00    0.00     3      0.00      0.00    2660     800   0.00  timeout
03:25:03 AM     0    153123   24.00   20.00    0.00    1.00   44.00     3      0.00      0.00  699304   80140   0.25  ros2
03:25:03 AM     0    153136    0.00    0.00    0.00    0.00    0.00     0      0.00      0.00       0       0   0.00  kworker/0:2H

# Time        UID       PID    %usr %system  %guest   %wait    %CPU   CPU  minflt/s  majflt/s     VSZ     RSS   %MEM  Command
03:25:04 AM     0         1    0.00    0.00    0.00    0.00    0.00     0      0.00      0.00  169880   11540   0.04  systemd
03:25:04 AM     0         2    0.00    0.00    0.00    0.00    0.00     1      0.00      0.00       0       0   0.00  kthreadd
03:25:04 AM     0         3    0.00    0.00    0.00    0.00    0.00     0      0.00      0.00       0       0   0.00  rcu_gp
03:25:04 AM     0         4    0.00    0.00    0.00    0.00    0.00     0      0.00      0.00       0       0   0.00  rcu_par_gp
03:25:04 AM     0         8    0.00    0.00    0.00    0.00    0.00     0      0.00      0.00       0       0   0.00  mm_percpu_wq
03:25:04 AM     0         9    0.00    0.00    0.00    0.00    0.00     0      0.00      0.00       0       0   0.00  rcu_tasks_kthre
03:25:04 AM     0        10    0.00    0.00    0.00    0.00    0.00     0      0.00      0.00       0       0   0.00  rcu_tasks_rude_
03:25:04 AM     0        11    0.00    0.00    0.00    0.00    0.00     0      0.00      0.00       0       0   0.00  rcu_tasks_trace
03:25:04 AM     0        12    0.00    0.00    0.00    0.00    0.00     0      0.00      0.00       0       0   0.00  ksoftirqd/0
03:25:04 AM     0        13    0.00    0.00    0.00    0.00    0.00     1      0.00      0.00       0       0   0.00  rcu_preempt
03:25:04 AM     0        14    0.00    0.00    0.00    0.00    0.00     0      0.00      0.00       0       0   0.00  migration/0
03:25:04 AM     0        16    0.00    0.00    0.00    0.00    0.00     0      0.00      0.00       0       0   0.00  cpuhp/0
03:25:04 AM     0        17    0.00    0.00    0.00    0.00    0.00     1      0.00      0.00       0       0   0.00  cpuhp/1
03:25:04 AM     0        18    0.00    0.00    0.00    0.00    0.00     1      0.00      0.00       0       0   0.00  migration/1
03:25:04 AM     0        19    0.00    0.00    0.00    0.00    0.00     1      0.00      0.00       0       0   0.00  ksoftirqd/1
03:25:04 AM     0        22    0.00    0.00    0.00    0.00    0.00     2      0.00      0.00       0       0   0.00  cpuhp/2
03:25:04 AM     0        23    0.00    0.00    0.00    0.00    0.00     2      0.00      0.00       0       0   0.00  migration/2
03:25:04 AM     0        24    0.00    0.00    0.00    0.00    0.00     2      0.00      0.00       0       0   0.00  ksoftirqd/2
03:25:04 AM     0        27    0.00    0.00    0.00    0.00    0.00     3      0.00      0.00       0       0   0.00  cpuhp/3
03:25:04 AM     0        28    0.00    0.00    0.00    0.00    0.00     3      0.00      0.00       0       0   0.00  migration/3
03:25:04 AM     0        29    0.00    0.00    0.00    0.00    0.00     3      0.00      0.00       0       0   0.00  ksoftirqd/3
03:25:04 AM     0        32    0.00    0.00    0.00    0.00    0.00     4      0.00      0.00       0       0   0.00  cpuhp/4
03:25:04 AM     0        33    0.00    0.00    0.00    0.00    0.00     4      0.00      0.00       0       0   0.00  migration/4
03:25:04 AM     0        34    0.00    0.00    0.00    0.00    0.00     4      0.00      0.00       0       0   0.00  ksoftirqd/4
03:25:04 AM     0        36    0.00    0.00    0.00    0.00    0.00     4      0.00      0.00       0       0   0.00  kworker/4:0H-kblockd
03:25:04 AM     0        37    0.00    0.00    0.00    0.00    0.00     5      0.00      0.00       0       0   0.00  cpuhp/5
03:25:04 AM     0        38    0.00    0.00    0.00    0.00    0.00     5      0.00      0.00       0       0   0.00  migration/5
03:25:04 AM     0        39    0.00    0.00    0.00    0.00    0.00     5      0.00      0.00       0       0   0.00  ksoftirqd/5
03:25:04 AM     0        41    0.00    0.00    0.00    0.00    0.00     5      0.00      0.00       0       0   0.00  kworker/5:0H-kblockd
03:25:04 AM     0        42    0.00    0.00    0.00    0.00    0.00     6      0.00      0.00       0       0   0.00  cpuhp/6
03:25:04 AM     0        43    0.00    0.00    0.00    0.00    0.00     6      0.00      0.00       0       0   0.00  migration/6
03:25:04 AM     0        44    0.00    0.00    0.00    0.00    0.00     6      0.00      0.00       0       0   0.00  ksoftirqd/6
03:25:04 AM     0        46    0.00    0.00    0.00    0.00    0.00     6      0.00      0.00       0       0   0.00  kworker/6:0H-events_highpri
03:25:04 AM     0        47    0.00    0.00    0.00    0.00    0.00     7      0.00      0.00       0       0   0.00  cpuhp/7
03:25:04 AM     0        48    0.00    0.00    0.00    0.00    0.00     7      0.00      0.00       0       0   0.00  migration/7
03:25:04 AM     0        49    0.00    0.00    0.00    0.00    0.00     7      0.00      0.00       0       0   0.00  ksoftirqd/7
03:25:04 AM     0        50    0.00    0.00    0.00    0.00    0.00     0      0.00      0.00       0       0   0.00  kworker/7:0-rcu_gp
03:25:04 AM     0        51    0.00    0.00    0.00    0.00    0.00     7      0.00      0.00       0       0   0.00  kworker/7:0H-kblockd
03:25:04 AM     0        52    0.00    0.00    0.00    0.00    0.00     0      0.00      0.00       0       0   0.00  kdevtmpfs
03:25:04 AM     0        53    0.00    0.00    0.00    0.00    0.00     4      0.00      0.00       0       0   0.00  netns
03:25:04 AM     0        54    0.00    0.00    0.00    0.00    0.00     1      0.00      0.00       0       0   0.00  kauditd
03:25:04 AM     0        55    0.00    0.00    0.00    0.00    0.00     0      0.00      0.00       0       0   0.00  irq/87-mc_statu
03:25:04 AM     0        56    0.00    0.00    0.00    0.00    0.00     0      0.00      0.00       0       0   0.00  khungtaskd
03:25:04 AM     0        57    0.00    0.00    0.00    0.00    0.00     3      0.00      0.00       0       0   0.00  oom_reaper
03:25:04 AM     0        58    0.00    0.00    0.00    0.00    0.00     5      0.00      0.00       0       0   0.00  writeback
03:25:04 AM     0        59    0.00    0.00    0.00    0.00    0.00     3      0.00      0.00       0       0   0.00  kcompactd0
03:25:04 AM     0        60    0.00    0.00    0.00    0.00    0.00     1      0.00      0.00       0       0   0.00  ksmd
03:25:04 AM     0        61    0.00    0.00    0.00    0.00    0.00     0      0.00      0.00       0       0   0.00  khugepaged
03:25:04 AM     0        93    0.00    0.00    0.00    0.00    0.00     1      0.00      0.00       0       0   0.00  kintegrityd
03:25:04 AM     0        94    0.00    0.00    0.00    0.00    0.00     1      0.00      0.00       0       0   0.00  kblockd
03:25:04 AM     0        95    0.00    0.00    0.00    0.00    0.00     1      0.00      0.00       0       0   0.00  blkcg_punt_bio
03:25:04 AM     0        97    0.00    0.00    0.00    0.00    0.00     3      0.00      0.00       0       0   0.00  tpm_dev_wq
03:25:04 AM     0        98    0.00    0.00    0.00    0.00    0.00     0      0.00      0.00       0       0   0.00  irq/197-30c0000
03:25:04 AM     0        99    0.00    0.00    0.00    0.00    0.00     1      0.00      0.00       0       0   0.00  devfreq_wq
03:25:04 AM     0       100    0.00    0.00    0.00    0.00    0.00     1      0.00      0.00       0       0   0.00  watchdogd
03:25:04 AM     0       104    0.00    0.00    0.00    0.00    0.00     7      0.00      0.00       0       0   0.00  rpciod
03:25:04 AM     0       106    0.00    0.00    0.00    0.00    0.00     7      0.00      0.00       0       0   0.00  xprtiod
03:25:04 AM     0       108    0.00    0.00    0.00    0.00    0.00     7      0.00      0.00       0       0   0.00  kswapd0
03:25:04 AM     0       109    0.00    0.00    0.00    0.00    0.00     5      0.00      0.00       0       0   0.00  nfsiod
03:25:04 AM     0       112    0.00    0.00    0.00    0.00    0.00     1      0.00      0.00       0       0   0.00  kthrotld
03:25:04 AM     0       113    0.00    0.00    0.00    0.00    0.00     7      0.00      0.00       0       0   0.00  kpcitest
03:25:04 AM     0       116    0.00    0.00    0.00    0.00    0.00     5      0.00      0.00       0       0   0.00  kworker/5:1-events
03:25:04 AM     0       122    0.00    0.00    0.00    0.00    0.00     1      0.00      0.00       0       0   0.00  nvme-wq
03:25:04 AM     0       123    0.00    0.00    0.00    0.00    0.00     5      0.00      0.00       0       0   0.00  nvme-reset-wq
03:25:04 AM     0       124    0.00    0.00    0.00    0.00    0.00     6      0.00      0.00       0       0   0.00  nvme-delete-wq
03:25:04 AM     0       125    0.00    0.00    0.00    0.00    0.00     6      0.00      0.00       0       0   0.00  uas
03:25:04 AM     0       126    0.00    0.00    0.00    0.00    0.00     0      0.00      0.00       0       0   0.00  irq/222-tegra_r
03:25:04 AM     0       127    0.00    0.00    0.00    0.00    0.00     0      0.00      0.00       0       0   0.00  kworker/7:2-events
03:25:04 AM     0       129    0.00    0.00    0.00    0.00    0.00     0      0.00      0.00       0       0   0.00  irq/86-tegra-oc
03:25:04 AM     0       130    0.00    0.00    0.00    0.00    0.00     5      0.00      0.00       0       0   0.00  dm_bufio_cache
03:25:04 AM     0       131    0.00    0.00    0.00    0.00    0.00     0      0.00      0.00       0       0   0.00  irq/223-max7762
03:25:04 AM     0       140    0.00    0.00    0.00    0.00    0.00     0      0.00      0.00       0       0   0.00  irq/55-bc00000.
03:25:04 AM     0       143    0.00    0.00    0.00    0.00    0.00     0      0.00      0.00       0       0   0.00  ipv6_addrconf
03:25:04 AM     0       144    0.00    0.00    0.00    0.00    0.00     6      0.00      0.00       0       0   0.00  krfcommd
03:25:04 AM     0       145    0.00    0.00    0.00    0.00    0.00     0      0.00      0.00       0       0   0.00  kstrp
03:25:04 AM     0       150    0.00    0.00    0.00    0.00    0.00     0      0.00      0.00       0       0   0.00  irq/24-tegra-pc
03:25:04 AM     0       154    0.00    0.00    0.00    0.00    0.00     0      0.00      0.00       0       0   0.00  irq/26-tegra-pc
03:25:04 AM     0       160    0.00    0.00    0.00    0.00    0.00     0      0.00      0.00       0       0   0.00  irq/26-aerdrv
03:25:04 AM     0       161    0.00    0.00    0.00    0.00    0.00     0      0.00      0.00       0       0   0.00  irq/28-tegra-pc
03:25:04 AM     0       162    0.00    0.00    0.00    0.00    0.00     0      0.00      0.00       0       0   0.00  irq/28-aerdrv
03:25:04 AM     0       163    0.00    0.00    0.00    0.00    0.00     5      0.00      0.00       0       0   0.00  host_low_prio_w
03:25:04 AM     0       164    0.00    0.00    0.00    0.00    0.00     0      0.00      0.00       0       0   0.00  irq/57-host_syn
03:25:04 AM     0       165    0.00    0.00    0.00    0.00    0.00     0      0.00      0.00       0       0   0.00  irq/58-host_sta
03:25:04 AM     0       173    0.00    0.00    0.00    0.00    0.00     5      0.00      0.00       0       0   0.00  pva_task_status
03:25:04 AM     0       174    0.00    0.00    0.00    0.00    0.00     0      0.00      0.00       0       0   0.00  irq/75-pva-isr
03:25:04 AM     0       175    0.00    0.00    0.00    0.00    0.00     0      0.00      0.00       0       0   0.00  pva_task_status
03:25:04 AM     0       176    0.00    0.00    0.00    0.00    0.00     0      0.00      0.00       0       0   0.00  irq/76-pva-isr
03:25:04 AM     0       185    0.00    0.00    0.00    0.00    0.00     0      0.00      0.00       0       0   0.00  sdhci
03:25:04 AM     0       186    0.00    0.00    0.00    0.00    0.00     0      0.00      0.00       0       0   0.00  irq/39-mmc0
03:25:04 AM     0       187    0.00    0.00    0.00    0.00    0.00     2      0.00      0.00       0       0   0.00  sdhci
03:25:04 AM     0       189    0.00    0.00    0.00    0.00    0.00     0      0.00      0.00       0       0   0.00  irq/40-mmc1
03:25:04 AM     0       195    0.00    0.00    0.00    0.00    0.00     7      0.00      0.00       0       0   0.00  scsi_eh_0
03:25:04 AM     0       196    0.00    0.00    0.00    0.00    0.00     7      0.00      0.00       0       0   0.00  scsi_tmf_0
03:25:04 AM     0       197    0.00    0.00    0.00    0.00    0.00     0      0.00      0.00       0       0   0.00  kworker/5:2-events
03:25:04 AM     0       198    0.00    0.00    0.00    0.00    0.00     0      0.00      0.00       0       0   0.00  irq/67-15200000
03:25:04 AM     0       199    0.00    0.00    0.00    0.00    0.00     1      0.00      0.00       0       0   0.00  tegradc.0/a
03:25:04 AM     0       200    0.00    0.00    0.00    0.00    0.00     0      0.00      0.00       0       0   0.00  tegradc.0/b
03:25:04 AM     0       201    0.00    0.00    0.00    0.00    0.00     0      0.00      0.00       0       0   0.00  tegradc.0/c
03:25:04 AM     0       202    0.00    0.00    0.00    0.00    0.00     0      0.00      0.00       0       0   0.00  tegradc.0/d
03:25:04 AM     0       203    0.00    0.00    0.00    0.00    0.00     0      0.00      0.00       0       0   0.00  tegradc.0/e
03:25:04 AM     0       204    0.00    0.00    0.00    0.00    0.00     0      0.00      0.00       0       0   0.00  tegradc.0/f
03:25:04 AM     0       205    0.00    0.00    0.00    0.00    0.00     0      0.00      0.00       0       0   0.00  tegradc.0/sl
03:25:04 AM     0       206    0.00    0.00    0.00    0.00    0.00     0      0.00      0.00       0       0   0.00  irq/62-15200000
03:25:04 AM     0       207    0.00    0.00    0.00    0.00    0.00     0      0.00      0.00       0       0   0.00  irq/276-3400000
03:25:04 AM     0       208    0.00    0.00    0.00    0.00    0.00     0      0.00      0.00       0       0   0.00  ufs_eh_wq_0
03:25:04 AM     0       209    0.00    0.00    0.00    0.00    0.00     3      0.00      0.00       0       0   0.00  mmc_complete
03:25:04 AM     0       211    0.00    0.00    0.00    0.00    0.00     0      0.00      0.00       0       0   0.00  irq/278-1520000
03:25:04 AM     0       212    0.00    0.00    0.00    0.00    0.00     0      0.00      0.00       0       0   0.00  irq/203-3610000
03:25:04 AM     0       213    0.00    0.00    0.00    0.00    0.00     0      0.00      0.00       0       0   0.00  irq/221-3610000
03:25:04 AM     0       214    0.00    0.00    0.00    0.00    0.00     0      0.00      0.00       0       0   0.00  irq/30-tegra-pc
03:25:04 AM     0       216    0.00    0.00    0.00    0.00    0.00     0      0.00      0.00       0       0   0.00  kworker/4:3-events
03:25:04 AM     0       218    0.00    0.00    0.00    0.00    0.00     4      0.00      0.00       0       0   0.00  kworker/4:5-events
03:25:04 AM     0       221    0.00    0.00    0.00    0.00    0.00     0      0.00      0.00       0       0   0.00  kworker/6:12-events
03:25:04 AM     0       222    0.00    0.00    0.00    0.00    0.00     0      0.00      0.00       0       0   0.00  kworker/6:13-events
03:25:04 AM     0       225    0.00    0.00    0.00    0.00    0.00     0      0.00      0.00       0       0   0.00  irq/68-tegra_dp
03:25:04 AM     0       226    0.00    0.00    0.00    0.00    0.00     0      0.00      0.00       0       0   0.00  irq/65-15210000
03:25:04 AM     0       227    0.00    0.00    0.00    0.00    0.00     0      0.00      0.00       0       0   0.00  tegradc.1/a
03:25:04 AM     0       228    0.00    0.00    0.00    0.00    0.00     0      0.00      0.00       0       0   0.00  tegradc.1/b
03:25:04 AM     0       229    0.00    0.00    0.00    0.00    0.00     0      0.00      0.00       0       0   0.00  tegradc.1/c
03:25:04 AM     0       230    0.00    0.00    0.00    0.00    0.00     0      0.00      0.00       0       0   0.00  tegradc.1/d
03:25:04 AM     0       231    0.00    0.00    0.00    0.00    0.00     0      0.00      0.00       0       0   0.00  tegradc.1/e
03:25:04 AM     0       232    0.00    0.00    0.00    0.00    0.00     0      0.00      0.00       0       0   0.00  tegradc.1/f
03:25:04 AM     0       233    0.00    0.00    0.00    0.00    0.00     1      0.00      0.00       0       0   0.00  tegradc.1/sl
03:25:04 AM     0       234    0.00    0.00    0.00    0.00    0.00     0      0.00      0.00       0       0   0.00  irq/63-15210000
03:25:04 AM     0       249    0.00    0.00    0.00    0.00    0.00     0      0.00      0.00       0       0   0.00  irq/56-d230000.
03:25:04 AM     0       250    0.00    0.00    0.00    0.00    0.00     0      0.00      0.00       0       0   0.00  irq/69-tegra_dp
03:25:04 AM     0       251    0.00    0.00    0.00    0.00    0.00     0      0.00      0.00       0       0   0.00  irq/66-15220000
03:25:04 AM     0       252    0.00    0.00    0.00    0.00    0.00     0      0.00      0.00       0       0   0.00  tegradc.2/a
03:25:04 AM     0       253    0.00    0.00    0.00    0.00    0.00     0      0.00      0.00       0       0   0.00  tegradc.2/b
03:25:04 AM     0       254    0.00    0.00    0.00    0.00    0.00     0      0.00      0.00       0       0   0.00  tegradc.2/c
03:25:04 AM     0       255    0.00    0.00    0.00    0.00    0.00     0      0.00      0.00       0       0   0.00  tegradc.2/d
03:25:04 AM     0       256    0.00    0.00    0.00    0.00    0.00     0      0.00      0.00       0       0   0.00  tegradc.2/e
03:25:04 AM     0       257    0.00    0.00    0.00    0.00    0.00     0      0.00      0.00       0       0   0.00  tegradc.2/f
03:25:04 AM     0       258    0.00    0.00    0.00    0.00    0.00     0      0.00      0.00       0       0   0.00  tegradc.2/sl
03:25:04 AM     0       259    0.00    0.00    0.00    0.00    0.00     0      0.00      0.00       0       0   0.00  irq/64-15220000
03:25:04 AM     0       275    0.00    1.00    0.00    0.00    1.00     2      0.00      0.00       0       0   0.00  jbd2/mmcblk0p1-
03:25:04 AM     0       276    0.00    0.00    0.00    0.00    0.00     3      0.00      0.00       0       0   0.00  ext4-rsv-conver
03:25:04 AM     0       280    0.00    0.00    0.00    0.00    0.00     7      0.00      0.00       0       0   0.00  kworker/7:1H
03:25:04 AM     0       286    0.00    0.00    0.00    0.00    0.00     5      0.00      0.00       0       0   0.00  kworker/5:1H-kblockd
03:25:04 AM     0       312    0.00    0.00    0.00    0.00    0.00     0      0.00      0.00   61816   32076   0.10  systemd-journal
03:25:04 AM     0       338    0.00    0.00    0.00    0.00    0.00     1      0.00      0.00       0       0   0.00  nvmap-bz
03:25:04 AM     0       339    0.00    0.00    0.00    0.00    0.00     0      0.00      0.00       0       0   0.00  irq/204-gk20a_s
03:25:04 AM     0       340    0.00    0.00    0.00    0.00    0.00     0      0.00      0.00       0       0   0.00  irq/205-gk20a_n
03:25:04 AM     0       345    0.00    0.00    0.00    0.00    0.00     3      0.00      0.00    2776    1492   0.00  tee-supplicant
03:25:04 AM     0       347    0.00    0.00    0.00    0.00    0.00     3      0.00      0.00       0       0   0.00  optee_bus_scan
03:25:04 AM     0       358    0.00    0.00    0.00    0.00    0.00     2      0.00      0.00   22788    7532   0.02  systemd-udevd
03:25:04 AM     0       364    0.00    0.00    0.00    0.00    0.00     1      0.00      0.00    7948    4892   0.02  haveged
03:25:04 AM   126       365    0.00    0.00    0.00    0.00    0.00     3      0.00      0.00    7136    3108   0.01  rpcbind
03:25:04 AM   105       366    0.00    0.00    0.00    0.00    0.00     1      0.00      0.00   25592   13288   0.04  systemd-resolve
03:25:04 AM   103       367    0.00    0.00    0.00    0.00    0.00     0      0.00      0.00   90672    6220   0.02  systemd-timesyn
03:25:04 AM     0       407    0.00    0.00    0.00    0.00    0.00     5      0.00      0.00       0       0   0.00  cfg80211
03:25:04 AM     0       410    0.00    0.00    0.00    0.00    0.00     0      0.00      0.00       0       0   0.00  irq/42-3210000.
03:25:04 AM     0       412    0.00    0.00    0.00    0.00    0.00     2      0.00      0.00       0       0   0.00  spi0
03:25:04 AM     0       413    0.00    1.00    0.00    1.00    1.00     1      0.00      0.00       0       0   0.00  irq/282-iwlwifi
03:25:04 AM     0       416    0.00    0.00    0.00    0.00    0.00     4      0.00      0.00       0       0   0.00  ata_sff
03:25:04 AM     0       419    0.00    0.00    0.00    0.00    0.00     0      0.00      0.00       0       0   0.00  irq/43-c260000.
03:25:04 AM     0       420    0.00    0.00    0.00    0.00    0.00     6      0.00      0.00       0       0   0.00  scsi_eh_1
03:25:04 AM     0       422    0.00    0.00    0.00    0.00    0.00     6      0.00      0.00       0       0   0.00  scsi_tmf_1
03:25:04 AM     0       427    0.00    0.00    0.00    0.00    0.00     0      0.00      0.00       0       0   0.00  spi1
03:25:04 AM     0       430    0.00    0.00    0.00    0.00    0.00     1      0.00      0.00  242072    8880   0.03  accounts-daemon
03:25:04 AM   120       439    0.00    0.00    0.00    0.00    0.00     1      0.00      0.00    7084    3472   0.01  avahi-daemon
03:25:04 AM     0       441    0.00    0.00    0.00    0.00    0.00     1      0.00      0.00    9220    2516   0.01  cron
03:25:04 AM   106       443    0.00    0.00    0.00    0.00    0.00     2      0.00      0.00    9396    5264   0.02  dbus-daemon
03:25:04 AM     0       447    0.00    0.00    0.00    0.00    0.00     0      0.00      0.00  341244   20856   0.07  NetworkManager
03:25:04 AM     0       456    0.00    0.00    0.00    0.00    0.00     4      0.00      0.00   38300   19472   0.06  networkd-dispat
03:25:04 AM     0       473    0.00    0.00    0.00    0.00    0.00     3      0.00      0.00  238860   13352   0.04  polkitd
03:25:04 AM   125       483    0.00    0.00    0.00    0.00    0.00     3      0.00      0.00  220940    8288   0.03  rsyslogd
03:25:04 AM     0       503    0.00    0.00    0.00    0.00    0.00     2      0.00      0.00  235864    4364   0.01  switcheroo-cont
03:25:04 AM     0       514    0.00    0.00    0.00    0.00    0.00     0      0.00      0.00   17076    6760   0.02  systemd-logind
03:25:04 AM     0       523    0.00    0.00    0.00    0.00    0.00     2      0.00      0.00  395556   15680   0.05  udisksd
03:25:04 AM     0       528    0.00    0.00    0.00    0.00    0.00     1      0.00      0.00   12784    8052   0.03  wpa_supplicant
03:25:04 AM     0       548    0.00    2.00    0.00    0.00    2.00     0      0.00      0.00       0       0   0.00  sugov:0
03:25:04 AM   120       555    0.00    0.00    0.00    0.00    0.00     2      0.00      0.00    6896     324   0.00  avahi-daemon
03:25:04 AM     0       585    0.00    0.00    0.00    0.00    0.00     5      0.00      0.00       0       0   0.00  tmp451
03:25:04 AM     0       597    0.00    0.00    0.00    0.00    0.00     3      0.00      0.00       0       0   0.00  irq/286-1-0008
03:25:04 AM     0       600    0.00    0.00    0.00    0.00    0.00     2      0.00      0.00  321792   14480   0.05  ModemManager
03:25:04 AM     0       653    0.00    0.00    0.00    0.00    0.00     1      0.00      0.00    2476     604   0.00  nvfancontrol
03:25:04 AM     0       728    0.00    0.00    0.00    0.00    0.00     4      0.00      0.00       0       0   0.00  adspp_kthread
03:25:04 AM     0       779    0.00    0.00    0.00    0.00    0.00     6      0.00      0.00       0       0   0.00  kworker/6:2H-kblockd
03:25:04 AM     0       876    0.00    0.00    0.00    0.00    0.00     1      0.00      0.00       0       0   0.00  irq/289-2490000
03:25:04 AM     0       887    0.00    0.00    0.00    0.00    0.00     0      0.00      0.00       0       0   0.00  irq/32-eth0.com
03:25:04 AM     0       919    0.00    0.00    0.00    0.00    0.00     4      0.00      0.00       0       0   0.00  file-storage
03:25:04 AM     0       953    0.00    0.00    0.00    0.00    0.00     1      0.00      0.00       0       0   0.00  loop0
03:25:04 AM     0      1048    0.00    0.00    0.00    0.00    0.00     4      0.00      0.00       0       0   0.00  kworker/4:2H-kblockd
03:25:04 AM     0      1091    0.00    0.00    0.00    0.00    0.00     3      0.00      0.00       0       0   0.00  cryptd
03:25:04 AM     0      1147    0.00    0.00    0.00    0.00    0.00     2      0.00      0.00       0       0   0.00  sw-quiesce
03:25:04 AM     0      1148    0.00    0.00    0.00    0.00    0.00     1      0.00      0.00       0       0   0.00  nvgpu_channel_p
03:25:04 AM     0      1151    0.00    0.00    0.00    0.00    0.00     3      0.00      0.00       0       0   0.00  nvgpu_nvs_gv11b
03:25:04 AM     0      1153    0.00    0.00    0.00    0.00    0.00     1      0.00      0.00       0       0   0.00  nvgpu_pg_init_g
03:25:04 AM     0      1157    0.00    0.00    0.00    0.00    0.00     3      0.00      0.00       0       0   0.00  nvgpu_clk_arb_p
03:25:04 AM     0      1162    0.00    0.00    0.00    0.00    0.00     3      0.00      0.00       0       0   0.00  irq/288-rt5659
03:25:04 AM     0      1270    0.00    0.00    0.00    0.00    0.00     3      0.00      0.00   55688   11092   0.03  nvargus-daemon
03:25:04 AM     0      1273    0.00    0.00    0.00    0.00    0.00     3      0.00      0.00   21932    1552   0.00  nvs-service
03:25:04 AM     0      1298    0.00    0.00    0.00    0.00    0.00     1      0.00      0.00 2007972   49164   0.15  containerd
03:25:04 AM     0      1314    0.00    0.00    0.00    0.00    0.00     0      0.00      0.00  240032    7616   0.02  gdm3
03:25:04 AM   108      1326    0.00    0.00    0.00    0.00    0.00     1      0.00      0.00   11468    1896   0.01  kerneloops
03:25:04 AM     0      1327    0.00    0.00    0.00    0.00    0.00     3      0.00      0.00   12236    6576   0.02  sshd
03:25:04 AM     0      1336    0.00    0.00    0.00    0.00    0.00     0      0.00      0.00    7688    1876   0.01  agetty
03:25:04 AM     0      1337    0.00    0.00    0.00    0.00    0.00     2      0.00      0.00    7688    1904   0.01  agetty
03:25:04 AM   108      1339    0.00    0.00    0.00    0.00    0.00     2      0.00      0.00   11468    1820   0.01  kerneloops
03:25:04 AM     0      1340    0.00    0.00    0.00    0.00    0.00     3      0.00      0.00    9216    2824   0.01  nvgetty.sh
03:25:04 AM     0      1379    0.00    0.00    0.00    0.00    0.00     0      0.00      0.00    7688    1848   0.01  getty
03:25:04 AM     0      1554    0.00    0.00    0.00    0.00    0.00     2      0.00      0.00 2111796   86036   0.27  dockerd
03:25:04 AM     0      1677    0.00    0.00    0.00    0.00    0.00     2      0.00      0.00  168472    8256   0.03  gdm-session-wor
03:25:04 AM     0      1711    0.00    0.00    0.00    0.00    0.00     0      0.00      0.00    3248     808   0.00  nvphsd
03:25:04 AM     0      1716    0.00    0.00    0.00    0.00    0.00     3      0.00      0.00    3380    1788   0.01  nvphsd
03:25:04 AM   124      1789    0.00    0.00    0.00    0.00    0.00     3      0.00      0.00   19144    9224   0.03  systemd
03:25:04 AM   124      1804    0.00    0.00    0.00    0.00    0.00     3      0.00      0.00  104488    5436   0.02  (sd-pam)
03:25:04 AM   124      2014    0.00    0.00    0.00    0.00    0.00     1      0.00      0.00  961884   21984   0.07  pulseaudio
03:25:04 AM   124      2032    0.00    0.00    0.00    0.00    0.00     2      0.00      0.00  164156    5924   0.02  gdm-x-session
03:25:04 AM   124      2037    0.00    0.00    0.00    0.00    0.00     2      0.00      0.00 25330232   99256   0.31  Xorg
03:25:04 AM   118      2040    0.00    0.00    0.00    0.00    0.00     1      0.00      0.00  152516    2440   0.01  rtkit-daemon
03:25:04 AM   124      2162    0.00    0.00    0.00    0.00    0.00     2      0.00      0.00    7812    3448   0.01  dbus-daemon
03:25:04 AM   124      2428    0.00    0.00    0.00    0.00    0.00     0      0.00      0.00    4776    1164   0.00  dbus-run-sessio
03:25:04 AM   124      2429    0.00    0.00    0.00    0.00    0.00     2      0.00      0.00    8088    4104   0.01  dbus-daemon
03:25:04 AM   124      2438    0.00    0.00    0.00    0.00    0.00     0      0.00      0.00  559768   14932   0.05  gnome-session-b
03:25:04 AM     0      2457    0.00    0.00    0.00    0.00    0.00     2      0.00      0.00  101692   19628   0.06  jtop
03:25:04 AM   124      2463    0.00    0.00    0.00    0.00    0.00     3      0.00      0.00  309548   10092   0.03  at-spi-bus-laun
03:25:04 AM   124      2470    0.00    0.00    0.00    0.00    0.00     1      0.00      0.00    7676    3468   0.01  dbus-daemon
03:25:04 AM   124      2495    0.00    0.00    0.00    0.00    0.00     2      0.00      0.00 4022996  194924   0.61  gnome-shell
03:25:04 AM     0      2510    0.00    0.00    0.00    0.00    0.00     2      0.00      0.00  175424   16904   0.05  jtop
03:25:04 AM     0      2518    0.00    0.00    0.00    0.00    0.00     2      0.00      0.00  101692   17160   0.05  jtop
03:25:04 AM   124      2696    0.00    0.00    0.00    0.00    0.00     0      0.00      0.00  314420   11212   0.04  ibus-daemon
03:25:04 AM   124      2699    0.00    0.00    0.00    0.00    0.00     2      0.00      0.00  239960   11792   0.04  ibus-dconf
03:25:04 AM   124      2701    0.00    0.00    0.00    0.00    0.00     2      0.00      0.00  189920   16900   0.05  ibus-x11
03:25:04 AM   124      2704    0.00    0.00    0.00    0.00    0.00     3      0.00      0.00  239880    7776   0.02  ibus-portal
03:25:04 AM   124      2715    0.00    0.00    0.00    0.00    0.00     1      0.00      0.00  161420    6880   0.02  at-spi2-registr
03:25:04 AM   124      2719    0.00    0.00    0.00    0.00    0.00     3      0.00      0.00  235804    4672   0.01  xdg-permission-
03:25:04 AM     0      2725    0.00    0.00    0.00    0.00    0.00     0      0.00      0.00  252944    8776   0.03  upowerd
03:25:04 AM   124      2745    0.00    0.00    0.00    0.00    0.00     2      0.00      0.00 3001620   27244   0.09  gjs
03:25:04 AM   124      2764    0.00    0.00    0.00    0.00    0.00     3      0.00      0.00  469396   14236   0.04  gsd-sharing
03:25:04 AM   124      2765    0.00    0.00    0.00    0.00    0.00     1      0.00      0.00  334628   15072   0.05  gsd-wacom
03:25:04 AM   124      2768    0.00    0.00    0.00    0.00    0.00     3      0.00      0.00  571788   19844   0.06  gsd-color
03:25:04 AM   124      2772    0.00    0.00    0.00    0.00    0.00     3      0.00      0.00  338096   17824   0.06  gsd-keyboard
03:25:04 AM   124      2774    0.00    0.00    0.00    0.00    0.00     2      0.00      0.00  322508   11376   0.04  gsd-print-notif
03:25:04 AM   124      2779    0.00    0.00    0.00    0.00    0.00     3      0.00      0.00  166208    7736   0.02  ibus-engine-sim
03:25:04 AM   124      2780    0.00    0.00    0.00    0.00    0.00     1      0.00      0.00  457460    7996   0.03  gsd-rfkill
03:25:04 AM   124      2782    0.00    0.00    0.00    0.00    0.00     1      0.00      0.00  391976    9696   0.03  gsd-smartcard
03:25:04 AM   124      2784    0.00    0.00    0.00    0.00    0.00     2      0.00      0.00  374928   15372   0.05  gsd-datetime
03:25:04 AM   124      2790    0.00    0.00    0.00    0.00    0.00     2      0.00      0.00  679696   20032   0.06  gsd-media-keys
03:25:04 AM   124      2791    0.00    0.00    0.00    0.00    0.00     3      0.00      0.00  235772    5600   0.02  gsd-screensaver
03:25:04 AM   124      2793    0.00    0.00    0.00    0.00    0.00     3      0.00      0.00  320104    9452   0.03  gsd-sound
03:25:04 AM   124      2795    0.00    0.00    0.00    0.00    0.00     3      0.00      0.00  313652   10144   0.03  gsd-a11y-settin
03:25:04 AM   124      2799    0.00    0.00    0.00    0.00    0.00     3      0.00      0.00  313992   10540   0.03  gsd-housekeepin
03:25:04 AM   124      2802    0.00    0.00    0.00    0.00    0.00     3      0.00      0.00  339724   18828   0.06  gsd-power
03:25:04 AM   124      2824    0.00    0.00    0.00    0.00    0.00     2      0.00      0.00  342540   12784   0.04  gsd-printer
03:25:04 AM   119      2837    0.00    0.00    0.00    0.00    0.00     2      0.00      0.00  249328   17548   0.06  colord
03:25:04 AM     0     29120    0.00    0.00    0.00    0.00    0.00     2      0.00      0.00       0       0   0.00  kworker/u17:2-rb_allocator
03:25:04 AM     0     33852    0.00    0.00    0.00    0.00    0.00     1      0.00      0.00       0       0   0.00  kworker/1:0H-kblockd
03:25:04 AM     0     35048    0.00    0.00    0.00    0.00    0.00     0      0.00      0.00       0       0   0.00  kworker/u17:0-rb_allocator
03:25:04 AM  1000     39960    0.00    0.00    0.00    0.00    0.00     1      0.00      0.00   19248    9208   0.03  systemd
03:25:04 AM  1000     39961    0.00    0.00    0.00    0.00    0.00     2      0.00      0.00  170940    6304   0.02  (sd-pam)
03:25:04 AM  1000     40037    0.00    0.00    0.00    0.00    0.00     3      0.00      0.00    7812    3952   0.01  dbus-daemon
03:25:04 AM     0     40147    0.00    0.00    0.00    0.00    0.00     1      0.00      0.00       0       0   0.00  kworker/1:0-pm
03:25:04 AM     0     40174    0.00    1.00    0.00    0.00    1.00     2      0.00      0.00       0       0   0.00  kworker/2:2H-kblockd
03:25:04 AM     0     40194    0.00    0.00    0.00    0.00    0.00     3      0.00      0.00       0       0   0.00  kworker/3:0H-kblockd
03:25:04 AM     0     41650    0.00    0.00    0.00    0.00    0.00     3      0.00      0.00       0       0   0.00  kworker/3:0-mm_percpu_wq
03:25:04 AM     0     81462    0.00    0.00    0.00    0.00    0.00     2      0.00      0.00       0       0   0.00  kworker/2:2-pm
03:25:04 AM     0     81478    0.00    0.00    0.00    0.00    0.00     0      0.00      0.00       0       0   0.00  kworker/0:1H-kblockd
03:25:04 AM  1000     84840    0.00    0.00    0.00    0.00    0.00     3      0.00      0.00  240176   10088   0.03  gnome-keyring-d
03:25:04 AM   124     84900    0.00    0.00    0.00    0.00    0.00     1      0.00      0.00  156240    4584   0.01  dconf-service
03:25:04 AM     0     85427    0.00    0.00    0.00    1.00    0.00     0      0.00      0.00       0       0   0.00  kworker/0:2-events
03:25:04 AM     0     86310    0.00    0.00    0.00    0.00    0.00     0      0.00      0.00       0       0   0.00  kworker/u16:1-events_power_efficient
03:25:04 AM     0     86549    0.00    0.00    0.00    0.00    0.00     2      0.00      0.00   14768    7664   0.02  sshd
03:25:04 AM  1000     86593    0.00    0.00    0.00    0.00    0.00     3      0.00      0.00   15292    6480   0.02  sshd
03:25:04 AM  1000     86594    0.00    0.00    0.00    0.00    0.00     3      0.00      0.00   11860    5896   0.02  bash
03:25:04 AM     0     87290    0.00    0.00    0.00    0.00    0.00     0      0.00      0.00   14768    7584   0.02  sshd
03:25:04 AM  1000     87334    0.00    0.00    0.00    0.00    0.00     0      0.00      0.00   15292    6412   0.02  sshd
03:25:04 AM  1000     87335    0.00    0.00    0.00    0.00    0.00     2      0.00      0.00   11344    5436   0.02  bash
03:25:04 AM     0    137289    0.00    0.00    0.00    0.00    0.00     1      0.00      0.00       0       0   0.00  kworker/1:3-pm
03:25:04 AM     0    142495    0.00    0.00    0.00    0.00    0.00     1      0.00      0.00       0       0   0.00  kworker/1:4-events
03:25:04 AM     0    147908    0.00    0.00    0.00    0.00    0.00     2      0.00      0.00   14768    7636   0.02  sshd
03:25:04 AM  1000    147952    0.00    0.00    0.00    0.00    0.00     1      0.00      0.00   15292    5656   0.02  sshd
03:25:04 AM  1000    147953    0.00    0.00    0.00    0.00    0.00     3      0.00      0.00   11344    5400   0.02  bash
03:25:04 AM     0    148065    0.00    0.00    0.00    0.00    0.00     3      0.00      0.00 1237828   16880   0.05  containerd-shim
03:25:04 AM     0    148086    0.00    0.00    0.00    0.00    0.00     3      0.00      0.00    4560    3504   0.01  bash
03:25:04 AM  1000    148115    0.00    0.00    0.00    0.00    0.00     3      0.00      0.00 1919232   29524   0.09  docker
03:25:04 AM     0    148133    0.00    0.00    0.00    0.00    0.00     1      0.00      0.00    4560    3508   0.01  bash
03:25:04 AM     0    148158    0.00    0.00    0.00    0.00    0.00     0      0.00      0.00  196036   35060   0.11  ros2
03:25:04 AM     0    148159    9.00    5.00    0.00    1.00   14.00     3      0.00      0.00  580928   29152   0.09  scale_truck_con
03:25:04 AM     0    148161    4.00    7.00    0.00    2.00   11.00     0      0.00      0.00  583536   22540   0.07  lrc_node
03:25:04 AM     0    148232    0.00    0.00    0.00    0.00    0.00     1      0.00      0.00   14768    7560   0.02  sshd
03:25:04 AM  1000    148276    0.00    0.00    0.00    0.00    0.00     2      0.00      0.00   15292    6364   0.02  sshd
03:25:04 AM  1000    148277    0.00    0.00    0.00    0.00    0.00     1      0.00      0.00   11860    5928   0.02  bash
03:25:04 AM     0    148558   21.00    4.00    0.00    3.00   25.00     0      0.00      0.00  651636   83360   0.26  python3
03:25:04 AM     0    150604    0.00    0.00    0.00    0.00    0.00     2      0.00      0.00       0       0   0.00  kworker/2:1-mm_percpu_wq
03:25:04 AM     0    150646    0.00    0.00    0.00    0.00    0.00     0      0.00      0.00       0       0   0.00  kworker/0:0H
03:25:04 AM     0    150688    0.00    0.00    0.00    0.00    0.00     2      0.00      0.00       0       0   0.00  kworker/2:0H
03:25:04 AM     0    151786    0.00    0.00    0.00    0.00    0.00     3      0.00      0.00       0       0   0.00  kworker/3:2H
03:25:04 AM     0    151819    0.00    0.00    0.00    0.00    0.00     3      0.00      0.00       0       0   0.00  kworker/3:2-cgroup_destroy
03:25:04 AM     0    151861    0.00    0.00    0.00    0.00    0.00     1      0.00      0.00       0       0   0.00  kworker/u16:0-events_unbound
03:25:04 AM     0    151916    0.00    0.00    0.00    0.00    0.00     0      0.00      0.00       0       0   0.00  kworker/0:0-events
03:25:04 AM     0    151989    0.00    0.00    0.00    0.00    0.00     1      0.00      0.00       0       0   0.00  kworker/1:1H
03:25:04 AM     0    152270    0.00    0.00    0.00    0.00    0.00     1      0.00      0.00       0       0   0.00  kworker/1:2-events
03:25:04 AM     0    152626    0.00    0.00    0.00    0.00    0.00     2      0.00      0.00       0       0   0.00  kworker/2:1H
03:25:04 AM     0    152627    0.00    0.00    0.00    0.00    0.00     3      0.00      0.00       0       0   0.00  kworker/3:1H
03:25:04 AM     0    152628    0.00    0.00    0.00    0.00    0.00     0      0.00      0.00       0       0   0.00  kworker/0:1-events
03:25:04 AM     0    152655    0.00    0.00    0.00    0.00    0.00     1      0.00      0.00       0       0   0.00  kworker/u16:2-events_unbound
03:25:04 AM     0    152798    0.00    0.00    0.00    0.00    0.00     1      0.00      0.00       0       0   0.00  kworker/1:2H
03:25:04 AM     0    152803    0.00    0.00    0.00    0.00    0.00     2      0.00      0.00       0       0   0.00  kworker/2:0
03:25:04 AM     0    152876    0.00    0.00    0.00    0.00    0.00     3      0.00      0.00    4428    3224   0.01  bash
03:25:04 AM  1000    152883    0.00    0.00    0.00    0.00    0.00     3      0.00      0.00    9208    3068   0.01  bash
03:25:04 AM     0    153059    0.00    0.00    0.00    0.00    0.00     1      0.00      0.00    2660     780   0.00  timeout
03:25:04 AM     0    153061    7.00   10.00    0.00    0.00   17.00     2      1.00      0.00  838316   47412   0.15  ros2
03:25:04 AM  1000    153071    6.00   11.00    0.00    0.00   17.00     2      0.00      0.00   17668    9488   0.03  pidstat
03:25:04 AM  1000    153086    0.00    0.00    0.00    0.00    0.00     3      0.00      0.00 1623984   25280   0.08  docker
03:25:04 AM     0    153102    0.00    0.00    0.00    0.00    0.00     3      0.00      0.00    2660     800   0.00  timeout
03:25:04 AM     0    153123   17.00   28.00    0.00    2.00   45.00     3      0.00      0.00  699304   80140   0.25  ros2
03:25:04 AM     0    153136    0.00    0.00    0.00    0.00    0.00     0      0.00      0.00       0       0   0.00  kworker/0:2H

# Time        UID       PID    %usr %system  %guest   %wait    %CPU   CPU  minflt/s  majflt/s     VSZ     RSS   %MEM  Command
03:25:05 AM     0         1    0.00    0.00    0.00    0.00    0.00     0      0.00      0.00  169880   11540   0.04  systemd
03:25:05 AM     0         2    0.00    0.00    0.00    0.00    0.00     1      0.00      0.00       0       0   0.00  kthreadd
03:25:05 AM     0         3    0.00    0.00    0.00    0.00    0.00     0      0.00      0.00       0       0   0.00  rcu_gp
03:25:05 AM     0         4    0.00    0.00    0.00    0.00    0.00     0      0.00      0.00       0       0   0.00  rcu_par_gp
03:25:05 AM     0         8    0.00    0.00    0.00    0.00    0.00     0      0.00      0.00       0       0   0.00  mm_percpu_wq
03:25:05 AM     0         9    0.00    0.00    0.00    0.00    0.00     0      0.00      0.00       0       0   0.00  rcu_tasks_kthre
03:25:05 AM     0        10    0.00    0.00    0.00    0.00    0.00     0      0.00      0.00       0       0   0.00  rcu_tasks_rude_
03:25:05 AM     0        11    0.00    0.00    0.00    0.00    0.00     0      0.00      0.00       0       0   0.00  rcu_tasks_trace
03:25:05 AM     0        12    0.00    0.00    0.00    0.00    0.00     0      0.00      0.00       0       0   0.00  ksoftirqd/0
03:25:05 AM     0        13    0.00    0.00    0.00    0.00    0.00     3      0.00      0.00       0       0   0.00  rcu_preempt
03:25:05 AM     0        14    0.00    0.00    0.00    0.00    0.00     0      0.00      0.00       0       0   0.00  migration/0
03:25:05 AM     0        16    0.00    0.00    0.00    0.00    0.00     0      0.00      0.00       0       0   0.00  cpuhp/0
03:25:05 AM     0        17    0.00    0.00    0.00    0.00    0.00     1      0.00      0.00       0       0   0.00  cpuhp/1
03:25:05 AM     0        18    0.00    0.00    0.00    0.00    0.00     1      0.00      0.00       0       0   0.00  migration/1
03:25:05 AM     0        19    0.00    0.00    0.00    0.00    0.00     1      0.00      0.00       0       0   0.00  ksoftirqd/1
03:25:05 AM     0        22    0.00    0.00    0.00    0.00    0.00     2      0.00      0.00       0       0   0.00  cpuhp/2
03:25:05 AM     0        23    0.00    0.00    0.00    0.00    0.00     2      0.00      0.00       0       0   0.00  migration/2
03:25:05 AM     0        24    0.00    1.00    0.00    0.00    1.00     2      0.00      0.00       0       0   0.00  ksoftirqd/2
03:25:05 AM     0        27    0.00    0.00    0.00    0.00    0.00     3      0.00      0.00       0       0   0.00  cpuhp/3
03:25:05 AM     0        28    0.00    0.00    0.00    0.00    0.00     3      0.00      0.00       0       0   0.00  migration/3
03:25:05 AM     0        29    0.00    0.00    0.00    0.00    0.00     3      0.00      0.00       0       0   0.00  ksoftirqd/3
03:25:05 AM     0        32    0.00    0.00    0.00    0.00    0.00     4      0.00      0.00       0       0   0.00  cpuhp/4
03:25:05 AM     0        33    0.00    0.00    0.00    0.00    0.00     4      0.00      0.00       0       0   0.00  migration/4
03:25:05 AM     0        34    0.00    0.00    0.00    0.00    0.00     4      0.00      0.00       0       0   0.00  ksoftirqd/4
03:25:05 AM     0        36    0.00    0.00    0.00    0.00    0.00     4      0.00      0.00       0       0   0.00  kworker/4:0H-kblockd
03:25:05 AM     0        37    0.00    0.00    0.00    0.00    0.00     5      0.00      0.00       0       0   0.00  cpuhp/5
03:25:05 AM     0        38    0.00    0.00    0.00    0.00    0.00     5      0.00      0.00       0       0   0.00  migration/5
03:25:05 AM     0        39    0.00    0.00    0.00    0.00    0.00     5      0.00      0.00       0       0   0.00  ksoftirqd/5
03:25:05 AM     0        41    0.00    0.00    0.00    0.00    0.00     5      0.00      0.00       0       0   0.00  kworker/5:0H-kblockd
03:25:05 AM     0        42    0.00    0.00    0.00    0.00    0.00     6      0.00      0.00       0       0   0.00  cpuhp/6
03:25:05 AM     0        43    0.00    0.00    0.00    0.00    0.00     6      0.00      0.00       0       0   0.00  migration/6
03:25:05 AM     0        44    0.00    0.00    0.00    0.00    0.00     6      0.00      0.00       0       0   0.00  ksoftirqd/6
03:25:05 AM     0        46    0.00    0.00    0.00    0.00    0.00     6      0.00      0.00       0       0   0.00  kworker/6:0H-events_highpri
03:25:05 AM     0        47    0.00    0.00    0.00    0.00    0.00     7      0.00      0.00       0       0   0.00  cpuhp/7
03:25:05 AM     0        48    0.00    0.00    0.00    0.00    0.00     7      0.00      0.00       0       0   0.00  migration/7
03:25:05 AM     0        49    0.00    0.00    0.00    0.00    0.00     7      0.00      0.00       0       0   0.00  ksoftirqd/7
03:25:05 AM     0        50    0.00    0.00    0.00    0.00    0.00     0      0.00      0.00       0       0   0.00  kworker/7:0-rcu_gp
03:25:05 AM     0        51    0.00    0.00    0.00    0.00    0.00     7      0.00      0.00       0       0   0.00  kworker/7:0H-kblockd
03:25:05 AM     0        52    0.00    0.00    0.00    0.00    0.00     0      0.00      0.00       0       0   0.00  kdevtmpfs
03:25:05 AM     0        53    0.00    0.00    0.00    0.00    0.00     4      0.00      0.00       0       0   0.00  netns
03:25:05 AM     0        54    0.00    0.00    0.00    0.00    0.00     1      0.00      0.00       0       0   0.00  kauditd
03:25:05 AM     0        55    0.00    0.00    0.00    0.00    0.00     0      0.00      0.00       0       0   0.00  irq/87-mc_statu
03:25:05 AM     0        56    0.00    0.00    0.00    0.00    0.00     0      0.00      0.00       0       0   0.00  khungtaskd
03:25:05 AM     0        57    0.00    0.00    0.00    0.00    0.00     3      0.00      0.00       0       0   0.00  oom_reaper
03:25:05 AM     0        58    0.00    0.00    0.00    0.00    0.00     5      0.00      0.00       0       0   0.00  writeback
03:25:05 AM     0        59    0.00    0.00    0.00    0.00    0.00     3      0.00      0.00       0       0   0.00  kcompactd0
03:25:05 AM     0        60    0.00    0.00    0.00    0.00    0.00     1      0.00      0.00       0       0   0.00  ksmd
03:25:05 AM     0        61    0.00    0.00    0.00    0.00    0.00     0      0.00      0.00       0       0   0.00  khugepaged
03:25:05 AM     0        93    0.00    0.00    0.00    0.00    0.00     1      0.00      0.00       0       0   0.00  kintegrityd
03:25:05 AM     0        94    0.00    0.00    0.00    0.00    0.00     1      0.00      0.00       0       0   0.00  kblockd
03:25:05 AM     0        95    0.00    0.00    0.00    0.00    0.00     1      0.00      0.00       0       0   0.00  blkcg_punt_bio
03:25:05 AM     0        97    0.00    0.00    0.00    0.00    0.00     3      0.00      0.00       0       0   0.00  tpm_dev_wq
03:25:05 AM     0        98    0.00    0.00    0.00    0.00    0.00     0      0.00      0.00       0       0   0.00  irq/197-30c0000
03:25:05 AM     0        99    0.00    0.00    0.00    0.00    0.00     1      0.00      0.00       0       0   0.00  devfreq_wq
03:25:05 AM     0       100    0.00    0.00    0.00    0.00    0.00     1      0.00      0.00       0       0   0.00  watchdogd
03:25:05 AM     0       104    0.00    0.00    0.00    0.00    0.00     7      0.00      0.00       0       0   0.00  rpciod
03:25:05 AM     0       106    0.00    0.00    0.00    0.00    0.00     7      0.00      0.00       0       0   0.00  xprtiod
03:25:05 AM     0       108    0.00    0.00    0.00    0.00    0.00     7      0.00      0.00       0       0   0.00  kswapd0
03:25:05 AM     0       109    0.00    0.00    0.00    0.00    0.00     5      0.00      0.00       0       0   0.00  nfsiod
03:25:05 AM     0       112    0.00    0.00    0.00    0.00    0.00     1      0.00      0.00       0       0   0.00  kthrotld
03:25:05 AM     0       113    0.00    0.00    0.00    0.00    0.00     7      0.00      0.00       0       0   0.00  kpcitest
03:25:05 AM     0       116    0.00    0.00    0.00    0.00    0.00     5      0.00      0.00       0       0   0.00  kworker/5:1-events
03:25:05 AM     0       122    0.00    0.00    0.00    0.00    0.00     1      0.00      0.00       0       0   0.00  nvme-wq
03:25:05 AM     0       123    0.00    0.00    0.00    0.00    0.00     5      0.00      0.00       0       0   0.00  nvme-reset-wq
03:25:05 AM     0       124    0.00    0.00    0.00    0.00    0.00     6      0.00      0.00       0       0   0.00  nvme-delete-wq
03:25:05 AM     0       125    0.00    0.00    0.00    0.00    0.00     6      0.00      0.00       0       0   0.00  uas
03:25:05 AM     0       126    0.00    0.00    0.00    0.00    0.00     0      0.00      0.00       0       0   0.00  irq/222-tegra_r
03:25:05 AM     0       127    0.00    0.00    0.00    0.00    0.00     0      0.00      0.00       0       0   0.00  kworker/7:2-events
03:25:05 AM     0       129    0.00    0.00    0.00    0.00    0.00     0      0.00      0.00       0       0   0.00  irq/86-tegra-oc
03:25:05 AM     0       130    0.00    0.00    0.00    0.00    0.00     5      0.00      0.00       0       0   0.00  dm_bufio_cache
03:25:05 AM     0       131    0.00    0.00    0.00    0.00    0.00     0      0.00      0.00       0       0   0.00  irq/223-max7762
03:25:05 AM     0       140    0.00    0.00    0.00    0.00    0.00     0      0.00      0.00       0       0   0.00  irq/55-bc00000.
03:25:05 AM     0       143    0.00    0.00    0.00    0.00    0.00     0      0.00      0.00       0       0   0.00  ipv6_addrconf
03:25:05 AM     0       144    0.00    0.00    0.00    0.00    0.00     6      0.00      0.00       0       0   0.00  krfcommd
03:25:05 AM     0       145    0.00    0.00    0.00    0.00    0.00     0      0.00      0.00       0       0   0.00  kstrp
03:25:05 AM     0       150    0.00    0.00    0.00    0.00    0.00     0      0.00      0.00       0       0   0.00  irq/24-tegra-pc
03:25:05 AM     0       154    0.00    0.00    0.00    0.00    0.00     0      0.00      0.00       0       0   0.00  irq/26-tegra-pc
03:25:05 AM     0       160    0.00    0.00    0.00    0.00    0.00     0      0.00      0.00       0       0   0.00  irq/26-aerdrv
03:25:05 AM     0       161    0.00    0.00    0.00    0.00    0.00     0      0.00      0.00       0       0   0.00  irq/28-tegra-pc
03:25:05 AM     0       162    0.00    0.00    0.00    0.00    0.00     0      0.00      0.00       0       0   0.00  irq/28-aerdrv
03:25:05 AM     0       163    0.00    0.00    0.00    0.00    0.00     5      0.00      0.00       0       0   0.00  host_low_prio_w
03:25:05 AM     0       164    0.00    0.00    0.00    0.00    0.00     0      0.00      0.00       0       0   0.00  irq/57-host_syn
03:25:05 AM     0       165    0.00    0.00    0.00    0.00    0.00     0      0.00      0.00       0       0   0.00  irq/58-host_sta
03:25:05 AM     0       173    0.00    0.00    0.00    0.00    0.00     5      0.00      0.00       0       0   0.00  pva_task_status
03:25:05 AM     0       174    0.00    0.00    0.00    0.00    0.00     0      0.00      0.00       0       0   0.00  irq/75-pva-isr
03:25:05 AM     0       175    0.00    0.00    0.00    0.00    0.00     0      0.00      0.00       0       0   0.00  pva_task_status
03:25:05 AM     0       176    0.00    0.00    0.00    0.00    0.00     0      0.00      0.00       0       0   0.00  irq/76-pva-isr
03:25:05 AM     0       185    0.00    0.00    0.00    0.00    0.00     0      0.00      0.00       0       0   0.00  sdhci
03:25:05 AM     0       186    0.00    0.00    0.00    0.00    0.00     0      0.00      0.00       0       0   0.00  irq/39-mmc0
03:25:05 AM     0       187    0.00    0.00    0.00    0.00    0.00     2      0.00      0.00       0       0   0.00  sdhci
03:25:05 AM     0       189    0.00    0.00    0.00    0.00    0.00     0      0.00      0.00       0       0   0.00  irq/40-mmc1
03:25:05 AM     0       195    0.00    0.00    0.00    0.00    0.00     7      0.00      0.00       0       0   0.00  scsi_eh_0
03:25:05 AM     0       196    0.00    0.00    0.00    0.00    0.00     7      0.00      0.00       0       0   0.00  scsi_tmf_0
03:25:05 AM     0       197    0.00    0.00    0.00    0.00    0.00     0      0.00      0.00       0       0   0.00  kworker/5:2-events
03:25:05 AM     0       198    0.00    0.00    0.00    0.00    0.00     0      0.00      0.00       0       0   0.00  irq/67-15200000
03:25:05 AM     0       199    0.00    0.00    0.00    0.00    0.00     1      0.00      0.00       0       0   0.00  tegradc.0/a
03:25:05 AM     0       200    0.00    0.00    0.00    0.00    0.00     0      0.00      0.00       0       0   0.00  tegradc.0/b
03:25:05 AM     0       201    0.00    0.00    0.00    0.00    0.00     0      0.00      0.00       0       0   0.00  tegradc.0/c
03:25:05 AM     0       202    0.00    0.00    0.00    0.00    0.00     0      0.00      0.00       0       0   0.00  tegradc.0/d
03:25:05 AM     0       203    0.00    0.00    0.00    0.00    0.00     0      0.00      0.00       0       0   0.00  tegradc.0/e
03:25:05 AM     0       204    0.00    0.00    0.00    0.00    0.00     0      0.00      0.00       0       0   0.00  tegradc.0/f
03:25:05 AM     0       205    0.00    0.00    0.00    0.00    0.00     0      0.00      0.00       0       0   0.00  tegradc.0/sl
03:25:05 AM     0       206    0.00    0.00    0.00    0.00    0.00     0      0.00      0.00       0       0   0.00  irq/62-15200000
03:25:05 AM     0       207    0.00    0.00    0.00    0.00    0.00     0      0.00      0.00       0       0   0.00  irq/276-3400000
03:25:05 AM     0       208    0.00    0.00    0.00    0.00    0.00     0      0.00      0.00       0       0   0.00  ufs_eh_wq_0
03:25:05 AM     0       209    0.00    0.00    0.00    0.00    0.00     3      0.00      0.00       0       0   0.00  mmc_complete
03:25:05 AM     0       211    0.00    0.00    0.00    0.00    0.00     0      0.00      0.00       0       0   0.00  irq/278-1520000
03:25:05 AM     0       212    0.00    0.00    0.00    0.00    0.00     0      0.00      0.00       0       0   0.00  irq/203-3610000
03:25:05 AM     0       213    0.00    0.00    0.00    0.00    0.00     0      0.00      0.00       0       0   0.00  irq/221-3610000
03:25:05 AM     0       214    0.00    0.00    0.00    0.00    0.00     0      0.00      0.00       0       0   0.00  irq/30-tegra-pc
03:25:05 AM     0       216    0.00    0.00    0.00    0.00    0.00     0      0.00      0.00       0       0   0.00  kworker/4:3-events
03:25:05 AM     0       218    0.00    0.00    0.00    0.00    0.00     4      0.00      0.00       0       0   0.00  kworker/4:5-events
03:25:05 AM     0       221    0.00    0.00    0.00    0.00    0.00     0      0.00      0.00       0       0   0.00  kworker/6:12-events
03:25:05 AM     0       222    0.00    0.00    0.00    0.00    0.00     0      0.00      0.00       0       0   0.00  kworker/6:13-events
03:25:05 AM     0       225    0.00    0.00    0.00    0.00    0.00     0      0.00      0.00       0       0   0.00  irq/68-tegra_dp
03:25:05 AM     0       226    0.00    0.00    0.00    0.00    0.00     0      0.00      0.00       0       0   0.00  irq/65-15210000
03:25:05 AM     0       227    0.00    0.00    0.00    0.00    0.00     0      0.00      0.00       0       0   0.00  tegradc.1/a
03:25:05 AM     0       228    0.00    0.00    0.00    0.00    0.00     0      0.00      0.00       0       0   0.00  tegradc.1/b
03:25:05 AM     0       229    0.00    0.00    0.00    0.00    0.00     0      0.00      0.00       0       0   0.00  tegradc.1/c
03:25:05 AM     0       230    0.00    0.00    0.00    0.00    0.00     0      0.00      0.00       0       0   0.00  tegradc.1/d
03:25:05 AM     0       231    0.00    0.00    0.00    0.00    0.00     0      0.00      0.00       0       0   0.00  tegradc.1/e
03:25:05 AM     0       232    0.00    0.00    0.00    0.00    0.00     0      0.00      0.00       0       0   0.00  tegradc.1/f
03:25:05 AM     0       233    0.00    0.00    0.00    0.00    0.00     1      0.00      0.00       0       0   0.00  tegradc.1/sl
03:25:05 AM     0       234    0.00    0.00    0.00    0.00    0.00     0      0.00      0.00       0       0   0.00  irq/63-15210000
03:25:05 AM     0       249    0.00    0.00    0.00    0.00    0.00     0      0.00      0.00       0       0   0.00  irq/56-d230000.
03:25:05 AM     0       250    0.00    0.00    0.00    0.00    0.00     0      0.00      0.00       0       0   0.00  irq/69-tegra_dp
03:25:05 AM     0       251    0.00    0.00    0.00    0.00    0.00     0      0.00      0.00       0       0   0.00  irq/66-15220000
03:25:05 AM     0       252    0.00    0.00    0.00    0.00    0.00     0      0.00      0.00       0       0   0.00  tegradc.2/a
03:25:05 AM     0       253    0.00    0.00    0.00    0.00    0.00     0      0.00      0.00       0       0   0.00  tegradc.2/b
03:25:05 AM     0       254    0.00    0.00    0.00    0.00    0.00     0      0.00      0.00       0       0   0.00  tegradc.2/c
03:25:05 AM     0       255    0.00    0.00    0.00    0.00    0.00     0      0.00      0.00       0       0   0.00  tegradc.2/d
03:25:05 AM     0       256    0.00    0.00    0.00    0.00    0.00     0      0.00      0.00       0       0   0.00  tegradc.2/e
03:25:05 AM     0       257    0.00    0.00    0.00    0.00    0.00     0      0.00      0.00       0       0   0.00  tegradc.2/f
03:25:05 AM     0       258    0.00    0.00    0.00    0.00    0.00     0      0.00      0.00       0       0   0.00  tegradc.2/sl
03:25:05 AM     0       259    0.00    0.00    0.00    0.00    0.00     0      0.00      0.00       0       0   0.00  irq/64-15220000
03:25:05 AM     0       275    0.00    0.00    0.00    0.00    0.00     2      0.00      0.00       0       0   0.00  jbd2/mmcblk0p1-
03:25:05 AM     0       276    0.00    0.00    0.00    0.00    0.00     3      0.00      0.00       0       0   0.00  ext4-rsv-conver
03:25:05 AM     0       280    0.00    0.00    0.00    0.00    0.00     7      0.00      0.00       0       0   0.00  kworker/7:1H
03:25:05 AM     0       286    0.00    0.00    0.00    0.00    0.00     5      0.00      0.00       0       0   0.00  kworker/5:1H-kblockd
03:25:05 AM     0       312    0.00    0.00    0.00    0.00    0.00     0      0.00      0.00   61816   32076   0.10  systemd-journal
03:25:05 AM     0       338    0.00    0.00    0.00    0.00    0.00     1      0.00      0.00       0       0   0.00  nvmap-bz
03:25:05 AM     0       339    0.00    0.00    0.00    0.00    0.00     0      0.00      0.00       0       0   0.00  irq/204-gk20a_s
03:25:05 AM     0       340    0.00    0.00    0.00    0.00    0.00     0      0.00      0.00       0       0   0.00  irq/205-gk20a_n
03:25:05 AM     0       345    0.00    0.00    0.00    0.00    0.00     3      0.00      0.00    2776    1492   0.00  tee-supplicant
03:25:05 AM     0       347    0.00    0.00    0.00    0.00    0.00     3      0.00      0.00       0       0   0.00  optee_bus_scan
03:25:05 AM     0       358    0.00    0.00    0.00    0.00    0.00     2      0.00      0.00   22788    7532   0.02  systemd-udevd
03:25:05 AM     0       364    0.00    0.00    0.00    0.00    0.00     1      0.00      0.00    7948    4892   0.02  haveged
03:25:05 AM   126       365    0.00    0.00    0.00    0.00    0.00     3      0.00      0.00    7136    3108   0.01  rpcbind
03:25:05 AM   105       366    0.00    0.00    0.00    0.00    0.00     1      0.00      0.00   25592   13288   0.04  systemd-resolve
03:25:05 AM   103       367    0.00    0.00    0.00    0.00    0.00     0      0.00      0.00   90672    6220   0.02  systemd-timesyn
03:25:05 AM     0       407    0.00    0.00    0.00    0.00    0.00     5      0.00      0.00       0       0   0.00  cfg80211
03:25:05 AM     0       410    0.00    0.00    0.00    0.00    0.00     0      0.00      0.00       0       0   0.00  irq/42-3210000.
03:25:05 AM     0       412    0.00    0.00    0.00    0.00    0.00     2      0.00      0.00       0       0   0.00  spi0
03:25:05 AM     0       413    0.00    2.00    0.00    0.00    2.00     1      0.00      0.00       0       0   0.00  irq/282-iwlwifi
03:25:05 AM     0       416    0.00    0.00    0.00    0.00    0.00     4      0.00      0.00       0       0   0.00  ata_sff
03:25:05 AM     0       419    0.00    0.00    0.00    0.00    0.00     0      0.00      0.00       0       0   0.00  irq/43-c260000.
03:25:05 AM     0       420    0.00    0.00    0.00    0.00    0.00     6      0.00      0.00       0       0   0.00  scsi_eh_1
03:25:05 AM     0       422    0.00    0.00    0.00    0.00    0.00     6      0.00      0.00       0       0   0.00  scsi_tmf_1
03:25:05 AM     0       427    0.00    0.00    0.00    0.00    0.00     0      0.00      0.00       0       0   0.00  spi1
03:25:05 AM     0       430    0.00    0.00    0.00    0.00    0.00     1      0.00      0.00  242072    8880   0.03  accounts-daemon
03:25:05 AM   120       439    0.00    0.00    0.00    0.00    0.00     1      0.00      0.00    7084    3472   0.01  avahi-daemon
03:25:05 AM     0       441    0.00    0.00    0.00    0.00    0.00     1      0.00      0.00    9220    2516   0.01  cron
03:25:05 AM   106       443    0.00    0.00    0.00    0.00    0.00     2      0.00      0.00    9396    5264   0.02  dbus-daemon
03:25:05 AM     0       447    0.00    0.00    0.00    0.00    0.00     0      0.00      0.00  341244   20856   0.07  NetworkManager
03:25:05 AM     0       456    0.00    0.00    0.00    0.00    0.00     4      0.00      0.00   38300   19472   0.06  networkd-dispat
03:25:05 AM     0       473    0.00    0.00    0.00    0.00    0.00     3      0.00      0.00  238860   13352   0.04  polkitd
03:25:05 AM   125       483    0.00    0.00    0.00    0.00    0.00     3      0.00      0.00  220940    8288   0.03  rsyslogd
03:25:05 AM     0       503    0.00    0.00    0.00    0.00    0.00     2      0.00      0.00  235864    4364   0.01  switcheroo-cont
03:25:05 AM     0       514    0.00    0.00    0.00    0.00    0.00     0      0.00      0.00   17076    6760   0.02  systemd-logind
03:25:05 AM     0       523    0.00    0.00    0.00    0.00    0.00     2      0.00      0.00  395556   15680   0.05  udisksd
03:25:05 AM     0       528    0.00    0.00    0.00    0.00    0.00     0      0.00      0.00   12784    8052   0.03  wpa_supplicant
03:25:05 AM     0       548    0.00    2.00    0.00    0.00    2.00     0      0.00      0.00       0       0   0.00  sugov:0
03:25:05 AM   120       555    0.00    0.00    0.00    0.00    0.00     2      0.00      0.00    6896     324   0.00  avahi-daemon
03:25:05 AM     0       585    0.00    0.00    0.00    0.00    0.00     5      0.00      0.00       0       0   0.00  tmp451
03:25:05 AM     0       597    0.00    0.00    0.00    0.00    0.00     3      0.00      0.00       0       0   0.00  irq/286-1-0008
03:25:05 AM     0       600    0.00    0.00    0.00    0.00    0.00     2      0.00      0.00  321792   14480   0.05  ModemManager
03:25:05 AM     0       653    0.00    0.00    0.00    0.00    0.00     1      0.00      0.00    2476     604   0.00  nvfancontrol
03:25:05 AM     0       728    0.00    0.00    0.00    0.00    0.00     4      0.00      0.00       0       0   0.00  adspp_kthread
03:25:05 AM     0       779    0.00    0.00    0.00    0.00    0.00     6      0.00      0.00       0       0   0.00  kworker/6:2H-kblockd
03:25:05 AM     0       876    0.00    0.00    0.00    0.00    0.00     1      0.00      0.00       0       0   0.00  irq/289-2490000
03:25:05 AM     0       887    0.00    0.00    0.00    0.00    0.00     0      0.00      0.00       0       0   0.00  irq/32-eth0.com
03:25:05 AM     0       919    0.00    0.00    0.00    0.00    0.00     4      0.00      0.00       0       0   0.00  file-storage
03:25:05 AM     0       953    0.00    0.00    0.00    0.00    0.00     1      0.00      0.00       0       0   0.00  loop0
03:25:05 AM     0      1048    0.00    0.00    0.00    0.00    0.00     4      0.00      0.00       0       0   0.00  kworker/4:2H-kblockd
03:25:05 AM     0      1091    0.00    0.00    0.00    0.00    0.00     3      0.00      0.00       0       0   0.00  cryptd
03:25:05 AM     0      1147    0.00    0.00    0.00    0.00    0.00     2      0.00      0.00       0       0   0.00  sw-quiesce
03:25:05 AM     0      1148    0.00    0.00    0.00    0.00    0.00     0      0.00      0.00       0       0   0.00  nvgpu_channel_p
03:25:05 AM     0      1151    0.00    0.00    0.00    0.00    0.00     3      0.00      0.00       0       0   0.00  nvgpu_nvs_gv11b
03:25:05 AM     0      1153    0.00    0.00    0.00    0.00    0.00     1      0.00      0.00       0       0   0.00  nvgpu_pg_init_g
03:25:05 AM     0      1157    0.00    0.00    0.00    0.00    0.00     3      0.00      0.00       0       0   0.00  nvgpu_clk_arb_p
03:25:05 AM     0      1162    0.00    0.00    0.00    0.00    0.00     3      0.00      0.00       0       0   0.00  irq/288-rt5659
03:25:05 AM     0      1270    0.00    0.00    0.00    0.00    0.00     3      0.00      0.00   55688   11092   0.03  nvargus-daemon
03:25:05 AM     0      1273    0.00    0.00    0.00    0.00    0.00     3      0.00      0.00   21932    1552   0.00  nvs-service
03:25:05 AM     0      1298    0.00    0.00    0.00    0.00    0.00     1      0.00      0.00 2007972   49164   0.15  containerd
03:25:05 AM     0      1314    0.00    0.00    0.00    0.00    0.00     0      0.00      0.00  240032    7616   0.02  gdm3
03:25:05 AM   108      1326    0.00    0.00    0.00    0.00    0.00     1      0.00      0.00   11468    1896   0.01  kerneloops
03:25:05 AM     0      1327    0.00    0.00    0.00    0.00    0.00     3      0.00      0.00   12236    6576   0.02  sshd
03:25:05 AM     0      1336    0.00    0.00    0.00    0.00    0.00     0      0.00      0.00    7688    1876   0.01  agetty
03:25:05 AM     0      1337    0.00    0.00    0.00    0.00    0.00     2      0.00      0.00    7688    1904   0.01  agetty
03:25:05 AM   108      1339    0.00    0.00    0.00    0.00    0.00     2      0.00      0.00   11468    1820   0.01  kerneloops
03:25:05 AM     0      1340    0.00    0.00    0.00    0.00    0.00     3      0.00      0.00    9216    2824   0.01  nvgetty.sh
03:25:05 AM     0      1379    0.00    0.00    0.00    0.00    0.00     0      0.00      0.00    7688    1848   0.01  getty
03:25:05 AM     0      1554    0.00    1.00    0.00    0.00    1.00     2      0.00      0.00 2111796   86036   0.27  dockerd
03:25:05 AM     0      1677    0.00    0.00    0.00    0.00    0.00     2      0.00      0.00  168472    8256   0.03  gdm-session-wor
03:25:05 AM     0      1711    0.00    0.00    0.00    0.00    0.00     0      0.00      0.00    3248     808   0.00  nvphsd
03:25:05 AM     0      1716    0.00    0.00    0.00    0.00    0.00     3      0.00      0.00    3380    1788   0.01  nvphsd
03:25:05 AM   124      1789    0.00    0.00    0.00    0.00    0.00     3      0.00      0.00   19144    9224   0.03  systemd
03:25:05 AM   124      1804    0.00    0.00    0.00    0.00    0.00     3      0.00      0.00  104488    5436   0.02  (sd-pam)
03:25:05 AM   124      2014    0.00    0.00    0.00    0.00    0.00     1      0.00      0.00  961884   21984   0.07  pulseaudio
03:25:05 AM   124      2032    0.00    0.00    0.00    0.00    0.00     2      0.00      0.00  164156    5924   0.02  gdm-x-session
03:25:05 AM   124      2037    0.00    0.00    0.00    0.00    0.00     2      0.00      0.00 25330232   99256   0.31  Xorg
03:25:05 AM   118      2040    0.00    0.00    0.00    0.00    0.00     1      0.00      0.00  152516    2440   0.01  rtkit-daemon
03:25:05 AM   124      2162    0.00    0.00    0.00    0.00    0.00     2      0.00      0.00    7812    3448   0.01  dbus-daemon
03:25:05 AM   124      2428    0.00    0.00    0.00    0.00    0.00     0      0.00      0.00    4776    1164   0.00  dbus-run-sessio
03:25:05 AM   124      2429    0.00    0.00    0.00    0.00    0.00     2      0.00      0.00    8088    4104   0.01  dbus-daemon
03:25:05 AM   124      2438    0.00    0.00    0.00    0.00    0.00     0      0.00      0.00  559768   14932   0.05  gnome-session-b
03:25:05 AM     0      2457    0.00    0.00    0.00    0.00    0.00     2      0.00      0.00  101692   19628   0.06  jtop
03:25:05 AM   124      2463    0.00    0.00    0.00    0.00    0.00     3      0.00      0.00  309548   10092   0.03  at-spi-bus-laun
03:25:05 AM   124      2470    0.00    0.00    0.00    0.00    0.00     1      0.00      0.00    7676    3468   0.01  dbus-daemon
03:25:05 AM   124      2495    0.00    0.00    0.00    0.00    0.00     2      0.00      0.00 4022996  194924   0.61  gnome-shell
03:25:05 AM     0      2510    0.00    0.00    0.00    0.00    0.00     2      0.00      0.00  175424   16904   0.05  jtop
03:25:05 AM     0      2518    0.00    0.00    0.00    0.00    0.00     2      0.00      0.00  101692   17160   0.05  jtop
03:25:05 AM   124      2696    0.00    0.00    0.00    0.00    0.00     0      0.00      0.00  314420   11212   0.04  ibus-daemon
03:25:05 AM   124      2699    0.00    0.00    0.00    0.00    0.00     2      0.00      0.00  239960   11792   0.04  ibus-dconf
03:25:05 AM   124      2701    0.00    0.00    0.00    0.00    0.00     2      0.00      0.00  189920   16900   0.05  ibus-x11
03:25:05 AM   124      2704    0.00    0.00    0.00    0.00    0.00     3      0.00      0.00  239880    7776   0.02  ibus-portal
03:25:05 AM   124      2715    0.00    0.00    0.00    0.00    0.00     1      0.00      0.00  161420    6880   0.02  at-spi2-registr
03:25:05 AM   124      2719    0.00    0.00    0.00    0.00    0.00     3      0.00      0.00  235804    4672   0.01  xdg-permission-
03:25:05 AM     0      2725    0.00    0.00    0.00    0.00    0.00     0      0.00      0.00  252944    8776   0.03  upowerd
03:25:05 AM   124      2745    0.00    0.00    0.00    0.00    0.00     2      0.00      0.00 3001620   27244   0.09  gjs
03:25:05 AM   124      2764    0.00    0.00    0.00    0.00    0.00     3      0.00      0.00  469396   14236   0.04  gsd-sharing
03:25:05 AM   124      2765    0.00    0.00    0.00    0.00    0.00     1      0.00      0.00  334628   15072   0.05  gsd-wacom
03:25:05 AM   124      2768    0.00    0.00    0.00    0.00    0.00     3      0.00      0.00  571788   19844   0.06  gsd-color
03:25:05 AM   124      2772    0.00    0.00    0.00    0.00    0.00     3      0.00      0.00  338096   17824   0.06  gsd-keyboard
03:25:05 AM   124      2774    0.00    0.00    0.00    0.00    0.00     2      0.00      0.00  322508   11376   0.04  gsd-print-notif
03:25:05 AM   124      2779    0.00    0.00    0.00    0.00    0.00     3      0.00      0.00  166208    7736   0.02  ibus-engine-sim
03:25:05 AM   124      2780    0.00    0.00    0.00    0.00    0.00     1      0.00      0.00  457460    7996   0.03  gsd-rfkill
03:25:05 AM   124      2782    0.00    0.00    0.00    0.00    0.00     1      0.00      0.00  391976    9696   0.03  gsd-smartcard
03:25:05 AM   124      2784    0.00    0.00    0.00    0.00    0.00     2      0.00      0.00  374928   15372   0.05  gsd-datetime
03:25:05 AM   124      2790    0.00    0.00    0.00    0.00    0.00     2      0.00      0.00  679696   20032   0.06  gsd-media-keys
03:25:05 AM   124      2791    0.00    0.00    0.00    0.00    0.00     3      0.00      0.00  235772    5600   0.02  gsd-screensaver
03:25:05 AM   124      2793    0.00    0.00    0.00    0.00    0.00     3      0.00      0.00  320104    9452   0.03  gsd-sound
03:25:05 AM   124      2795    0.00    0.00    0.00    0.00    0.00     3      0.00      0.00  313652   10144   0.03  gsd-a11y-settin
03:25:05 AM   124      2799    0.00    0.00    0.00    0.00    0.00     3      0.00      0.00  313992   10540   0.03  gsd-housekeepin
03:25:05 AM   124      2802    0.00    0.00    0.00    0.00    0.00     3      0.00      0.00  339724   18828   0.06  gsd-power
03:25:05 AM   124      2824    0.00    0.00    0.00    0.00    0.00     2      0.00      0.00  342540   12784   0.04  gsd-printer
03:25:05 AM   119      2837    0.00    0.00    0.00    0.00    0.00     2      0.00      0.00  249328   17548   0.06  colord
03:25:05 AM     0     29120    0.00    0.00    0.00    0.00    0.00     2      0.00      0.00       0       0   0.00  kworker/u17:2-rb_allocator
03:25:05 AM     0     33852    0.00    0.00    0.00    0.00    0.00     1      0.00      0.00       0       0   0.00  kworker/1:0H-kblockd
03:25:05 AM     0     35048    0.00    0.00    0.00    0.00    0.00     0      0.00      0.00       0       0   0.00  kworker/u17:0-thermal_fan_est
03:25:05 AM  1000     39960    0.00    0.00    0.00    0.00    0.00     1      0.00      0.00   19248    9208   0.03  systemd
03:25:05 AM  1000     39961    0.00    0.00    0.00    0.00    0.00     2      0.00      0.00  170940    6304   0.02  (sd-pam)
03:25:05 AM  1000     40037    0.00    0.00    0.00    0.00    0.00     3      0.00      0.00    7812    3952   0.01  dbus-daemon
03:25:05 AM     0     40147    0.00    0.00    0.00    0.00    0.00     1      0.00      0.00       0       0   0.00  kworker/1:0-pm
03:25:05 AM     0     40174    0.00    0.00    0.00    0.00    0.00     2      0.00      0.00       0       0   0.00  kworker/2:2H-kblockd
03:25:05 AM     0     40194    0.00    0.00    0.00    0.00    0.00     3      0.00      0.00       0       0   0.00  kworker/3:0H-kblockd
03:25:05 AM     0     41650    0.00    0.00    0.00    0.00    0.00     3      0.00      0.00       0       0   0.00  kworker/3:0-mm_percpu_wq
03:25:05 AM     0     81462    0.00    0.00    0.00    0.00    0.00     2      0.00      0.00       0       0   0.00  kworker/2:2-mm_percpu_wq
03:25:05 AM     0     81478    0.00    0.00    0.00    0.00    0.00     0      0.00      0.00       0       0   0.00  kworker/0:1H-kblockd
03:25:05 AM  1000     84840    0.00    0.00    0.00    0.00    0.00     3      0.00      0.00  240176   10088   0.03  gnome-keyring-d
03:25:05 AM   124     84900    0.00    0.00    0.00    0.00    0.00     1      0.00      0.00  156240    4584   0.01  dconf-service
03:25:05 AM     0     85427    0.00    0.00    0.00    0.00    0.00     0      0.00      0.00       0       0   0.00  kworker/0:2-events
03:25:05 AM     0     86310    0.00    0.00    0.00    0.00    0.00     3      0.00      0.00       0       0   0.00  kworker/u16:1-events_unbound
03:25:05 AM     0     86549    0.00    0.00    0.00    0.00    0.00     2      0.00      0.00   14768    7664   0.02  sshd
03:25:05 AM  1000     86593    0.00    0.00    0.00    0.00    0.00     3      0.00      0.00   15292    6480   0.02  sshd
03:25:05 AM  1000     86594    0.00    0.00    0.00    0.00    0.00     3      0.00      0.00   11860    5896   0.02  bash
03:25:05 AM     0     87290    0.00    0.00    0.00    0.00    0.00     0      0.00      0.00   14768    7584   0.02  sshd
03:25:05 AM  1000     87334    0.00    0.00    0.00    0.00    0.00     0      0.00      0.00   15292    6412   0.02  sshd
03:25:05 AM  1000     87335    0.00    0.00    0.00    0.00    0.00     2      0.00      0.00   11344    5436   0.02  bash
03:25:05 AM     0    137289    0.00    0.00    0.00    0.00    0.00     1      0.00      0.00       0       0   0.00  kworker/1:3-pm
03:25:05 AM     0    142495    0.00    0.00    0.00    0.00    0.00     1      0.00      0.00       0       0   0.00  kworker/1:4-events
03:25:05 AM     0    147908    0.00    0.00    0.00    0.00    0.00     2      0.00      0.00   14768    7636   0.02  sshd
03:25:05 AM  1000    147952    0.00    0.00    0.00    0.00    0.00     1      0.00      0.00   15292    5656   0.02  sshd
03:25:05 AM  1000    147953    0.00    0.00    0.00    0.00    0.00     3      0.00      0.00   11344    5400   0.02  bash
03:25:05 AM     0    148065    0.00    0.00    0.00    0.00    0.00     3      0.00      0.00 1237828   16880   0.05  containerd-shim
03:25:05 AM     0    148086    0.00    0.00    0.00    0.00    0.00     3      0.00      0.00    4560    3504   0.01  bash
03:25:05 AM  1000    148115    0.00    0.00    0.00    0.00    0.00     3      0.00      0.00 1919232   29524   0.09  docker
03:25:05 AM     0    148133    0.00    0.00    0.00    0.00    0.00     1      0.00      0.00    4560    3508   0.01  bash
03:25:05 AM     0    148158    0.00    0.00    0.00    0.00    0.00     0      0.00      0.00  196036   35060   0.11  ros2
03:25:05 AM     0    148159    8.00    4.00    0.00    1.00   12.00     3      0.00      0.00  580928   29152   0.09  scale_truck_con
03:25:05 AM     0    148161    4.00    7.00    0.00    2.00   11.00     1      0.00      0.00  583536   22540   0.07  lrc_node
03:25:05 AM     0    148232    0.00    0.00    0.00    0.00    0.00     1      0.00      0.00   14768    7560   0.02  sshd
03:25:05 AM  1000    148276    0.00    0.00    0.00    0.00    0.00     2      0.00      0.00   15292    6364   0.02  sshd
03:25:05 AM  1000    148277    0.00    0.00    0.00    0.00    0.00     1      0.00      0.00   11860    5928   0.02  bash
03:25:05 AM     0    148558   19.00    3.00    0.00    2.00   22.00     1      0.00      0.00  651636   83360   0.26  python3
03:25:05 AM     0    150604    0.00    0.00    0.00    0.00    0.00     2      0.00      0.00       0       0   0.00  kworker/2:1-mm_percpu_wq
03:25:05 AM     0    150646    0.00    0.00    0.00    0.00    0.00     0      0.00      0.00       0       0   0.00  kworker/0:0H
03:25:05 AM     0    150688    0.00    0.00    0.00    0.00    0.00     2      0.00      0.00       0       0   0.00  kworker/2:0H
03:25:05 AM     0    151786    0.00    0.00    0.00    0.00    0.00     3      0.00      0.00       0       0   0.00  kworker/3:2H
03:25:05 AM     0    151819    0.00    0.00    0.00    0.00    0.00     3      0.00      0.00       0       0   0.00  kworker/3:2-cgroup_destroy
03:25:05 AM     0    151861    0.00    0.00    0.00    0.00    0.00     1      0.00      0.00       0       0   0.00  kworker/u16:0-events_unbound
03:25:05 AM     0    151916    0.00    0.00    0.00    0.00    0.00     0      0.00      0.00       0       0   0.00  kworker/0:0-events
03:25:05 AM     0    151989    0.00    0.00    0.00    0.00    0.00     1      0.00      0.00       0       0   0.00  kworker/1:1H
03:25:05 AM     0    152270    0.00    0.00    0.00    0.00    0.00     1      0.00      0.00       0       0   0.00  kworker/1:2-events
03:25:05 AM     0    152626    0.00    0.00    0.00    0.00    0.00     2      0.00      0.00       0       0   0.00  kworker/2:1H
03:25:05 AM     0    152627    0.00    0.00    0.00    0.00    0.00     3      0.00      0.00       0       0   0.00  kworker/3:1H
03:25:05 AM     0    152628    0.00    0.00    0.00    0.00    0.00     0      0.00      0.00       0       0   0.00  kworker/0:1-events
03:25:05 AM     0    152655    0.00    0.00    0.00    0.00    0.00     1      0.00      0.00       0       0   0.00  kworker/u16:2-events_unbound
03:25:05 AM     0    152798    0.00    0.00    0.00    0.00    0.00     1      0.00      0.00       0       0   0.00  kworker/1:2H
03:25:05 AM     0    152803    0.00    0.00    0.00    0.00    0.00     2      0.00      0.00       0       0   0.00  kworker/2:0
03:25:05 AM     0    152876    0.00    0.00    0.00    0.00    0.00     3      0.00      0.00    4428    3224   0.01  bash
03:25:05 AM  1000    152883    0.00    0.00    0.00    0.00    0.00     3      0.00      0.00    9208    3068   0.01  bash
03:25:05 AM     0    153059    0.00    0.00    0.00    0.00    0.00     1      0.00      0.00    2660     780   0.00  timeout
03:25:05 AM     0    153061    8.00    7.00    0.00    0.00   15.00     2      5.00      0.00  838316   47412   0.15  ros2
03:25:05 AM  1000    153071    4.00   11.00    0.00    0.00   15.00     2      0.00      0.00   17668    9488   0.03  pidstat
03:25:05 AM  1000    153086    0.00    0.00    0.00    0.00    0.00     3      0.00      0.00 1623984   25280   0.08  docker
03:25:05 AM     0    153102    0.00    0.00    0.00    0.00    0.00     3      0.00      0.00    2660     800   0.00  timeout
03:25:05 AM     0    153123   20.00   24.00    0.00    1.00   44.00     3      0.00      0.00  699304   80140   0.25  ros2
03:25:05 AM     0    153136    0.00    0.00    0.00    0.00    0.00     0      0.00      0.00       0       0   0.00  kworker/0:2H

# Time        UID       PID    %usr %system  %guest   %wait    %CPU   CPU  minflt/s  majflt/s     VSZ     RSS   %MEM  Command
03:25:06 AM     0         1    0.00    0.00    0.00    0.00    0.00     0      0.00      0.00  169880   11540   0.04  systemd
03:25:06 AM     0         2    0.00    0.00    0.00    0.00    0.00     1      0.00      0.00       0       0   0.00  kthreadd
03:25:06 AM     0         3    0.00    0.00    0.00    0.00    0.00     0      0.00      0.00       0       0   0.00  rcu_gp
03:25:06 AM     0         4    0.00    0.00    0.00    0.00    0.00     0      0.00      0.00       0       0   0.00  rcu_par_gp
03:25:06 AM     0         8    0.00    0.00    0.00    0.00    0.00     0      0.00      0.00       0       0   0.00  mm_percpu_wq
03:25:06 AM     0         9    0.00    0.00    0.00    0.00    0.00     0      0.00      0.00       0       0   0.00  rcu_tasks_kthre
03:25:06 AM     0        10    0.00    0.00    0.00    0.00    0.00     0      0.00      0.00       0       0   0.00  rcu_tasks_rude_
03:25:06 AM     0        11    0.00    0.00    0.00    0.00    0.00     0      0.00      0.00       0       0   0.00  rcu_tasks_trace
03:25:06 AM     0        12    0.00    0.00    0.00    0.00    0.00     0      0.00      0.00       0       0   0.00  ksoftirqd/0
03:25:06 AM     0        13    0.00    0.00    0.00    0.00    0.00     3      0.00      0.00       0       0   0.00  rcu_preempt
03:25:06 AM     0        14    0.00    0.00    0.00    0.00    0.00     0      0.00      0.00       0       0   0.00  migration/0
03:25:06 AM     0        16    0.00    0.00    0.00    0.00    0.00     0      0.00      0.00       0       0   0.00  cpuhp/0
03:25:06 AM     0        17    0.00    0.00    0.00    0.00    0.00     1      0.00      0.00       0       0   0.00  cpuhp/1
03:25:06 AM     0        18    0.00    0.00    0.00    0.00    0.00     1      0.00      0.00       0       0   0.00  migration/1
03:25:06 AM     0        19    0.00    0.00    0.00    0.00    0.00     1      0.00      0.00       0       0   0.00  ksoftirqd/1
03:25:06 AM     0        22    0.00    0.00    0.00    0.00    0.00     2      0.00      0.00       0       0   0.00  cpuhp/2
03:25:06 AM     0        23    0.00    0.00    0.00    0.00    0.00     2      0.00      0.00       0       0   0.00  migration/2
03:25:06 AM     0        24    0.00    0.00    0.00    0.00    0.00     2      0.00      0.00       0       0   0.00  ksoftirqd/2
03:25:06 AM     0        27    0.00    0.00    0.00    0.00    0.00     3      0.00      0.00       0       0   0.00  cpuhp/3
03:25:06 AM     0        28    0.00    0.00    0.00    0.00    0.00     3      0.00      0.00       0       0   0.00  migration/3
03:25:06 AM     0        29    0.00    0.00    0.00    0.00    0.00     3      0.00      0.00       0       0   0.00  ksoftirqd/3
03:25:06 AM     0        32    0.00    0.00    0.00    0.00    0.00     4      0.00      0.00       0       0   0.00  cpuhp/4
03:25:06 AM     0        33    0.00    0.00    0.00    0.00    0.00     4      0.00      0.00       0       0   0.00  migration/4
03:25:06 AM     0        34    0.00    0.00    0.00    0.00    0.00     4      0.00      0.00       0       0   0.00  ksoftirqd/4
03:25:06 AM     0        36    0.00    0.00    0.00    0.00    0.00     4      0.00      0.00       0       0   0.00  kworker/4:0H-kblockd
03:25:06 AM     0        37    0.00    0.00    0.00    0.00    0.00     5      0.00      0.00       0       0   0.00  cpuhp/5
03:25:06 AM     0        38    0.00    0.00    0.00    0.00    0.00     5      0.00      0.00       0       0   0.00  migration/5
03:25:06 AM     0        39    0.00    0.00    0.00    0.00    0.00     5      0.00      0.00       0       0   0.00  ksoftirqd/5
03:25:06 AM     0        41    0.00    0.00    0.00    0.00    0.00     5      0.00      0.00       0       0   0.00  kworker/5:0H-kblockd
03:25:06 AM     0        42    0.00    0.00    0.00    0.00    0.00     6      0.00      0.00       0       0   0.00  cpuhp/6
03:25:06 AM     0        43    0.00    0.00    0.00    0.00    0.00     6      0.00      0.00       0       0   0.00  migration/6
03:25:06 AM     0        44    0.00    0.00    0.00    0.00    0.00     6      0.00      0.00       0       0   0.00  ksoftirqd/6
03:25:06 AM     0        46    0.00    0.00    0.00    0.00    0.00     6      0.00      0.00       0       0   0.00  kworker/6:0H-events_highpri
03:25:06 AM     0        47    0.00    0.00    0.00    0.00    0.00     7      0.00      0.00       0       0   0.00  cpuhp/7
03:25:06 AM     0        48    0.00    0.00    0.00    0.00    0.00     7      0.00      0.00       0       0   0.00  migration/7
03:25:06 AM     0        49    0.00    0.00    0.00    0.00    0.00     7      0.00      0.00       0       0   0.00  ksoftirqd/7
03:25:06 AM     0        50    0.00    0.00    0.00    0.00    0.00     0      0.00      0.00       0       0   0.00  kworker/7:0-rcu_gp
03:25:06 AM     0        51    0.00    0.00    0.00    0.00    0.00     7      0.00      0.00       0       0   0.00  kworker/7:0H-kblockd
03:25:06 AM     0        52    0.00    0.00    0.00    0.00    0.00     0      0.00      0.00       0       0   0.00  kdevtmpfs
03:25:06 AM     0        53    0.00    0.00    0.00    0.00    0.00     4      0.00      0.00       0       0   0.00  netns
03:25:06 AM     0        54    0.00    0.00    0.00    0.00    0.00     1      0.00      0.00       0       0   0.00  kauditd
03:25:06 AM     0        55    0.00    0.00    0.00    0.00    0.00     0      0.00      0.00       0       0   0.00  irq/87-mc_statu
03:25:06 AM     0        56    0.00    0.00    0.00    0.00    0.00     0      0.00      0.00       0       0   0.00  khungtaskd
03:25:06 AM     0        57    0.00    0.00    0.00    0.00    0.00     3      0.00      0.00       0       0   0.00  oom_reaper
03:25:06 AM     0        58    0.00    0.00    0.00    0.00    0.00     5      0.00      0.00       0       0   0.00  writeback
03:25:06 AM     0        59    0.00    0.00    0.00    0.00    0.00     3      0.00      0.00       0       0   0.00  kcompactd0
03:25:06 AM     0        60    0.00    0.00    0.00    0.00    0.00     1      0.00      0.00       0       0   0.00  ksmd
03:25:06 AM     0        61    0.00    0.00    0.00    0.00    0.00     0      0.00      0.00       0       0   0.00  khugepaged
03:25:06 AM     0        93    0.00    0.00    0.00    0.00    0.00     1      0.00      0.00       0       0   0.00  kintegrityd
03:25:06 AM     0        94    0.00    0.00    0.00    0.00    0.00     1      0.00      0.00       0       0   0.00  kblockd
03:25:06 AM     0        95    0.00    0.00    0.00    0.00    0.00     1      0.00      0.00       0       0   0.00  blkcg_punt_bio
03:25:06 AM     0        97    0.00    0.00    0.00    0.00    0.00     3      0.00      0.00       0       0   0.00  tpm_dev_wq
03:25:06 AM     0        98    0.00    0.00    0.00    0.00    0.00     0      0.00      0.00       0       0   0.00  irq/197-30c0000
03:25:06 AM     0        99    0.00    0.00    0.00    0.00    0.00     1      0.00      0.00       0       0   0.00  devfreq_wq
03:25:06 AM     0       100    0.00    0.00    0.00    0.00    0.00     1      0.00      0.00       0       0   0.00  watchdogd
03:25:06 AM     0       104    0.00    0.00    0.00    0.00    0.00     7      0.00      0.00       0       0   0.00  rpciod
03:25:06 AM     0       106    0.00    0.00    0.00    0.00    0.00     7      0.00      0.00       0       0   0.00  xprtiod
03:25:06 AM     0       108    0.00    0.00    0.00    0.00    0.00     7      0.00      0.00       0       0   0.00  kswapd0
03:25:06 AM     0       109    0.00    0.00    0.00    0.00    0.00     5      0.00      0.00       0       0   0.00  nfsiod
03:25:06 AM     0       112    0.00    0.00    0.00    0.00    0.00     1      0.00      0.00       0       0   0.00  kthrotld
03:25:06 AM     0       113    0.00    0.00    0.00    0.00    0.00     7      0.00      0.00       0       0   0.00  kpcitest
03:25:06 AM     0       116    0.00    0.00    0.00    0.00    0.00     5      0.00      0.00       0       0   0.00  kworker/5:1-events
03:25:06 AM     0       122    0.00    0.00    0.00    0.00    0.00     1      0.00      0.00       0       0   0.00  nvme-wq
03:25:06 AM     0       123    0.00    0.00    0.00    0.00    0.00     5      0.00      0.00       0       0   0.00  nvme-reset-wq
03:25:06 AM     0       124    0.00    0.00    0.00    0.00    0.00     6      0.00      0.00       0       0   0.00  nvme-delete-wq
03:25:06 AM     0       125    0.00    0.00    0.00    0.00    0.00     6      0.00      0.00       0       0   0.00  uas
03:25:06 AM     0       126    0.00    0.00    0.00    0.00    0.00     0      0.00      0.00       0       0   0.00  irq/222-tegra_r
03:25:06 AM     0       127    0.00    0.00    0.00    0.00    0.00     0      0.00      0.00       0       0   0.00  kworker/7:2-events
03:25:06 AM     0       129    0.00    0.00    0.00    0.00    0.00     0      0.00      0.00       0       0   0.00  irq/86-tegra-oc
03:25:06 AM     0       130    0.00    0.00    0.00    0.00    0.00     5      0.00      0.00       0       0   0.00  dm_bufio_cache
03:25:06 AM     0       131    0.00    0.00    0.00    0.00    0.00     0      0.00      0.00       0       0   0.00  irq/223-max7762
03:25:06 AM     0       140    0.00    0.00    0.00    0.00    0.00     0      0.00      0.00       0       0   0.00  irq/55-bc00000.
03:25:06 AM     0       143    0.00    0.00    0.00    0.00    0.00     0      0.00      0.00       0       0   0.00  ipv6_addrconf
03:25:06 AM     0       144    0.00    0.00    0.00    0.00    0.00     6      0.00      0.00       0       0   0.00  krfcommd
03:25:06 AM     0       145    0.00    0.00    0.00    0.00    0.00     0      0.00      0.00       0       0   0.00  kstrp
03:25:06 AM     0       150    0.00    0.00    0.00    0.00    0.00     0      0.00      0.00       0       0   0.00  irq/24-tegra-pc
03:25:06 AM     0       154    0.00    0.00    0.00    0.00    0.00     0      0.00      0.00       0       0   0.00  irq/26-tegra-pc
03:25:06 AM     0       160    0.00    0.00    0.00    0.00    0.00     0      0.00      0.00       0       0   0.00  irq/26-aerdrv
03:25:06 AM     0       161    0.00    0.00    0.00    0.00    0.00     0      0.00      0.00       0       0   0.00  irq/28-tegra-pc
03:25:06 AM     0       162    0.00    0.00    0.00    0.00    0.00     0      0.00      0.00       0       0   0.00  irq/28-aerdrv
03:25:06 AM     0       163    0.00    0.00    0.00    0.00    0.00     5      0.00      0.00       0       0   0.00  host_low_prio_w
03:25:06 AM     0       164    0.00    0.00    0.00    0.00    0.00     0      0.00      0.00       0       0   0.00  irq/57-host_syn
03:25:06 AM     0       165    0.00    0.00    0.00    0.00    0.00     0      0.00      0.00       0       0   0.00  irq/58-host_sta
03:25:06 AM     0       173    0.00    0.00    0.00    0.00    0.00     5      0.00      0.00       0       0   0.00  pva_task_status
03:25:06 AM     0       174    0.00    0.00    0.00    0.00    0.00     0      0.00      0.00       0       0   0.00  irq/75-pva-isr
03:25:06 AM     0       175    0.00    0.00    0.00    0.00    0.00     0      0.00      0.00       0       0   0.00  pva_task_status
03:25:06 AM     0       176    0.00    0.00    0.00    0.00    0.00     0      0.00      0.00       0       0   0.00  irq/76-pva-isr
03:25:06 AM     0       185    0.00    0.00    0.00    0.00    0.00     0      0.00      0.00       0       0   0.00  sdhci
03:25:06 AM     0       186    0.00    0.00    0.00    0.00    0.00     0      0.00      0.00       0       0   0.00  irq/39-mmc0
03:25:06 AM     0       187    0.00    0.00    0.00    0.00    0.00     2      0.00      0.00       0       0   0.00  sdhci
03:25:06 AM     0       189    0.00    0.00    0.00    0.00    0.00     0      0.00      0.00       0       0   0.00  irq/40-mmc1
03:25:06 AM     0       195    0.00    0.00    0.00    0.00    0.00     7      0.00      0.00       0       0   0.00  scsi_eh_0
03:25:06 AM     0       196    0.00    0.00    0.00    0.00    0.00     7      0.00      0.00       0       0   0.00  scsi_tmf_0
03:25:06 AM     0       197    0.00    0.00    0.00    0.00    0.00     0      0.00      0.00       0       0   0.00  kworker/5:2-events
03:25:06 AM     0       198    0.00    0.00    0.00    0.00    0.00     0      0.00      0.00       0       0   0.00  irq/67-15200000
03:25:06 AM     0       199    0.00    0.00    0.00    0.00    0.00     1      0.00      0.00       0       0   0.00  tegradc.0/a
03:25:06 AM     0       200    0.00    0.00    0.00    0.00    0.00     0      0.00      0.00       0       0   0.00  tegradc.0/b
03:25:06 AM     0       201    0.00    0.00    0.00    0.00    0.00     0      0.00      0.00       0       0   0.00  tegradc.0/c
03:25:06 AM     0       202    0.00    0.00    0.00    0.00    0.00     0      0.00      0.00       0       0   0.00  tegradc.0/d
03:25:06 AM     0       203    0.00    0.00    0.00    0.00    0.00     0      0.00      0.00       0       0   0.00  tegradc.0/e
03:25:06 AM     0       204    0.00    0.00    0.00    0.00    0.00     0      0.00      0.00       0       0   0.00  tegradc.0/f
03:25:06 AM     0       205    0.00    0.00    0.00    0.00    0.00     0      0.00      0.00       0       0   0.00  tegradc.0/sl
03:25:06 AM     0       206    0.00    0.00    0.00    0.00    0.00     0      0.00      0.00       0       0   0.00  irq/62-15200000
03:25:06 AM     0       207    0.00    0.00    0.00    0.00    0.00     0      0.00      0.00       0       0   0.00  irq/276-3400000
03:25:06 AM     0       208    0.00    0.00    0.00    0.00    0.00     0      0.00      0.00       0       0   0.00  ufs_eh_wq_0
03:25:06 AM     0       209    0.00    0.00    0.00    0.00    0.00     3      0.00      0.00       0       0   0.00  mmc_complete
03:25:06 AM     0       211    0.00    0.00    0.00    0.00    0.00     0      0.00      0.00       0       0   0.00  irq/278-1520000
03:25:06 AM     0       212    0.00    0.00    0.00    0.00    0.00     0      0.00      0.00       0       0   0.00  irq/203-3610000
03:25:06 AM     0       213    0.00    0.00    0.00    0.00    0.00     0      0.00      0.00       0       0   0.00  irq/221-3610000
03:25:06 AM     0       214    0.00    0.00    0.00    0.00    0.00     0      0.00      0.00       0       0   0.00  irq/30-tegra-pc
03:25:06 AM     0       216    0.00    0.00    0.00    0.00    0.00     0      0.00      0.00       0       0   0.00  kworker/4:3-events
03:25:06 AM     0       218    0.00    0.00    0.00    0.00    0.00     4      0.00      0.00       0       0   0.00  kworker/4:5-events
03:25:06 AM     0       221    0.00    0.00    0.00    0.00    0.00     0      0.00      0.00       0       0   0.00  kworker/6:12-events
03:25:06 AM     0       222    0.00    0.00    0.00    0.00    0.00     0      0.00      0.00       0       0   0.00  kworker/6:13-events
03:25:06 AM     0       225    0.00    0.00    0.00    0.00    0.00     0      0.00      0.00       0       0   0.00  irq/68-tegra_dp
03:25:06 AM     0       226    0.00    0.00    0.00    0.00    0.00     0      0.00      0.00       0       0   0.00  irq/65-15210000
03:25:06 AM     0       227    0.00    0.00    0.00    0.00    0.00     0      0.00      0.00       0       0   0.00  tegradc.1/a
03:25:06 AM     0       228    0.00    0.00    0.00    0.00    0.00     0      0.00      0.00       0       0   0.00  tegradc.1/b
03:25:06 AM     0       229    0.00    0.00    0.00    0.00    0.00     0      0.00      0.00       0       0   0.00  tegradc.1/c
03:25:06 AM     0       230    0.00    0.00    0.00    0.00    0.00     0      0.00      0.00       0       0   0.00  tegradc.1/d
03:25:06 AM     0       231    0.00    0.00    0.00    0.00    0.00     0      0.00      0.00       0       0   0.00  tegradc.1/e
03:25:06 AM     0       232    0.00    0.00    0.00    0.00    0.00     0      0.00      0.00       0       0   0.00  tegradc.1/f
03:25:06 AM     0       233    0.00    0.00    0.00    0.00    0.00     1      0.00      0.00       0       0   0.00  tegradc.1/sl
03:25:06 AM     0       234    0.00    0.00    0.00    0.00    0.00     0      0.00      0.00       0       0   0.00  irq/63-15210000
03:25:06 AM     0       249    0.00    0.00    0.00    0.00    0.00     0      0.00      0.00       0       0   0.00  irq/56-d230000.
03:25:06 AM     0       250    0.00    0.00    0.00    0.00    0.00     0      0.00      0.00       0       0   0.00  irq/69-tegra_dp
03:25:06 AM     0       251    0.00    0.00    0.00    0.00    0.00     0      0.00      0.00       0       0   0.00  irq/66-15220000
03:25:06 AM     0       252    0.00    0.00    0.00    0.00    0.00     0      0.00      0.00       0       0   0.00  tegradc.2/a
03:25:06 AM     0       253    0.00    0.00    0.00    0.00    0.00     0      0.00      0.00       0       0   0.00  tegradc.2/b
03:25:06 AM     0       254    0.00    0.00    0.00    0.00    0.00     0      0.00      0.00       0       0   0.00  tegradc.2/c
03:25:06 AM     0       255    0.00    0.00    0.00    0.00    0.00     0      0.00      0.00       0       0   0.00  tegradc.2/d
03:25:06 AM     0       256    0.00    0.00    0.00    0.00    0.00     0      0.00      0.00       0       0   0.00  tegradc.2/e
03:25:06 AM     0       257    0.00    0.00    0.00    0.00    0.00     0      0.00      0.00       0       0   0.00  tegradc.2/f
03:25:06 AM     0       258    0.00    0.00    0.00    0.00    0.00     0      0.00      0.00       0       0   0.00  tegradc.2/sl
03:25:06 AM     0       259    0.00    0.00    0.00    0.00    0.00     0      0.00      0.00       0       0   0.00  irq/64-15220000
03:25:06 AM     0       275    0.00    0.00    0.00    0.00    0.00     2      0.00      0.00       0       0   0.00  jbd2/mmcblk0p1-
03:25:06 AM     0       276    0.00    0.00    0.00    0.00    0.00     3      0.00      0.00       0       0   0.00  ext4-rsv-conver
03:25:06 AM     0       280    0.00    0.00    0.00    0.00    0.00     7      0.00      0.00       0       0   0.00  kworker/7:1H
03:25:06 AM     0       286    0.00    0.00    0.00    0.00    0.00     5      0.00      0.00       0       0   0.00  kworker/5:1H-kblockd
03:25:06 AM     0       312    0.00    0.00    0.00    0.00    0.00     0      0.00      0.00   61816   32076   0.10  systemd-journal
03:25:06 AM     0       338    0.00    0.00    0.00    0.00    0.00     1      0.00      0.00       0       0   0.00  nvmap-bz
03:25:06 AM     0       339    0.00    0.00    0.00    0.00    0.00     0      0.00      0.00       0       0   0.00  irq/204-gk20a_s
03:25:06 AM     0       340    0.00    0.00    0.00    0.00    0.00     0      0.00      0.00       0       0   0.00  irq/205-gk20a_n
03:25:06 AM     0       345    0.00    0.00    0.00    0.00    0.00     3      0.00      0.00    2776    1492   0.00  tee-supplicant
03:25:06 AM     0       347    0.00    0.00    0.00    0.00    0.00     3      0.00      0.00       0       0   0.00  optee_bus_scan
03:25:06 AM     0       358    0.00    0.00    0.00    0.00    0.00     2      0.00      0.00   22788    7532   0.02  systemd-udevd
03:25:06 AM     0       364    0.00    0.00    0.00    0.00    0.00     1      0.00      0.00    7948    4892   0.02  haveged
03:25:06 AM   126       365    0.00    0.00    0.00    0.00    0.00     3      0.00      0.00    7136    3108   0.01  rpcbind
03:25:06 AM   105       366    0.00    0.00    0.00    0.00    0.00     1      0.00      0.00   25592   13288   0.04  systemd-resolve
03:25:06 AM   103       367    0.00    0.00    0.00    0.00    0.00     0      0.00      0.00   90672    6220   0.02  systemd-timesyn
03:25:06 AM     0       407    0.00    0.00    0.00    0.00    0.00     5      0.00      0.00       0       0   0.00  cfg80211
03:25:06 AM     0       410    0.00    0.00    0.00    0.00    0.00     0      0.00      0.00       0       0   0.00  irq/42-3210000.
03:25:06 AM     0       412    0.00    0.00    0.00    0.00    0.00     2      0.00      0.00       0       0   0.00  spi0
03:25:06 AM     0       413    0.00    1.00    0.00    0.00    1.00     1      0.00      0.00       0       0   0.00  irq/282-iwlwifi
03:25:06 AM     0       416    0.00    0.00    0.00    0.00    0.00     4      0.00      0.00       0       0   0.00  ata_sff
03:25:06 AM     0       419    0.00    0.00    0.00    0.00    0.00     0      0.00      0.00       0       0   0.00  irq/43-c260000.
03:25:06 AM     0       420    0.00    0.00    0.00    0.00    0.00     6      0.00      0.00       0       0   0.00  scsi_eh_1
03:25:06 AM     0       422    0.00    0.00    0.00    0.00    0.00     6      0.00      0.00       0       0   0.00  scsi_tmf_1
03:25:06 AM     0       427    0.00    0.00    0.00    0.00    0.00     0      0.00      0.00       0       0   0.00  spi1
03:25:06 AM     0       430    0.00    0.00    0.00    0.00    0.00     1      0.00      0.00  242072    8880   0.03  accounts-daemon
03:25:06 AM   120       439    0.00    0.00    0.00    0.00    0.00     1      0.00      0.00    7084    3472   0.01  avahi-daemon
03:25:06 AM     0       441    0.00    0.00    0.00    0.00    0.00     1      0.00      0.00    9220    2516   0.01  cron
03:25:06 AM   106       443    0.00    0.00    0.00    0.00    0.00     2      0.00      0.00    9396    5264   0.02  dbus-daemon
03:25:06 AM     0       447    0.00    0.00    0.00    0.00    0.00     0      0.00      0.00  341244   20856   0.07  NetworkManager
03:25:06 AM     0       456    0.00    0.00    0.00    0.00    0.00     4      0.00      0.00   38300   19472   0.06  networkd-dispat
03:25:06 AM     0       473    0.00    0.00    0.00    0.00    0.00     3      0.00      0.00  238860   13352   0.04  polkitd
03:25:06 AM   125       483    0.00    0.00    0.00    0.00    0.00     3      0.00      0.00  220940    8288   0.03  rsyslogd
03:25:06 AM     0       503    0.00    0.00    0.00    0.00    0.00     2      0.00      0.00  235864    4364   0.01  switcheroo-cont
03:25:06 AM     0       514    0.00    0.00    0.00    0.00    0.00     0      0.00      0.00   17076    6760   0.02  systemd-logind
03:25:06 AM     0       523    0.00    0.00    0.00    0.00    0.00     2      0.00      0.00  395556   15680   0.05  udisksd
03:25:06 AM     0       528    0.00    0.00    0.00    0.00    0.00     0      0.00      0.00   12784    8052   0.03  wpa_supplicant
03:25:06 AM     0       548    0.00    3.00    0.00    0.00    3.00     0      0.00      0.00       0       0   0.00  sugov:0
03:25:06 AM   120       555    0.00    0.00    0.00    0.00    0.00     2      0.00      0.00    6896     324   0.00  avahi-daemon
03:25:06 AM     0       585    0.00    0.00    0.00    0.00    0.00     5      0.00      0.00       0       0   0.00  tmp451
03:25:06 AM     0       597    0.00    0.00    0.00    0.00    0.00     3      0.00      0.00       0       0   0.00  irq/286-1-0008
03:25:06 AM     0       600    0.00    0.00    0.00    0.00    0.00     2      0.00      0.00  321792   14480   0.05  ModemManager
03:25:06 AM     0       653    0.00    0.00    0.00    0.00    0.00     1      0.00      0.00    2476     604   0.00  nvfancontrol
03:25:06 AM     0       728    0.00    0.00    0.00    0.00    0.00     4      0.00      0.00       0       0   0.00  adspp_kthread
03:25:06 AM     0       779    0.00    0.00    0.00    0.00    0.00     6      0.00      0.00       0       0   0.00  kworker/6:2H-kblockd
03:25:06 AM     0       876    0.00    0.00    0.00    0.00    0.00     1      0.00      0.00       0       0   0.00  irq/289-2490000
03:25:06 AM     0       887    0.00    0.00    0.00    0.00    0.00     0      0.00      0.00       0       0   0.00  irq/32-eth0.com
03:25:06 AM     0       919    0.00    0.00    0.00    0.00    0.00     4      0.00      0.00       0       0   0.00  file-storage
03:25:06 AM     0       953    0.00    0.00    0.00    0.00    0.00     1      0.00      0.00       0       0   0.00  loop0
03:25:06 AM     0      1048    0.00    0.00    0.00    0.00    0.00     4      0.00      0.00       0       0   0.00  kworker/4:2H-kblockd
03:25:06 AM     0      1091    0.00    0.00    0.00    0.00    0.00     3      0.00      0.00       0       0   0.00  cryptd
03:25:06 AM     0      1147    0.00    0.00    0.00    0.00    0.00     2      0.00      0.00       0       0   0.00  sw-quiesce
03:25:06 AM     0      1148    0.00    0.00    0.00    0.00    0.00     1      0.00      0.00       0       0   0.00  nvgpu_channel_p
03:25:06 AM     0      1151    0.00    0.00    0.00    0.00    0.00     3      0.00      0.00       0       0   0.00  nvgpu_nvs_gv11b
03:25:06 AM     0      1153    0.00    0.00    0.00    0.00    0.00     1      0.00      0.00       0       0   0.00  nvgpu_pg_init_g
03:25:06 AM     0      1157    0.00    0.00    0.00    0.00    0.00     3      0.00      0.00       0       0   0.00  nvgpu_clk_arb_p
03:25:06 AM     0      1162    0.00    0.00    0.00    0.00    0.00     3      0.00      0.00       0       0   0.00  irq/288-rt5659
03:25:06 AM     0      1270    0.00    0.00    0.00    0.00    0.00     3      0.00      0.00   55688   11092   0.03  nvargus-daemon
03:25:06 AM     0      1273    0.00    0.00    0.00    0.00    0.00     3      0.00      0.00   21932    1552   0.00  nvs-service
03:25:06 AM     0      1298    0.00    0.00    0.00    0.00    0.00     1      0.00      0.00 2007972   49164   0.15  containerd
03:25:06 AM     0      1314    0.00    0.00    0.00    0.00    0.00     0      0.00      0.00  240032    7616   0.02  gdm3
03:25:06 AM   108      1326    0.00    0.00    0.00    0.00    0.00     1      0.00      0.00   11468    1896   0.01  kerneloops
03:25:06 AM     0      1327    0.00    0.00    0.00    0.00    0.00     3      0.00      0.00   12236    6576   0.02  sshd
03:25:06 AM     0      1336    0.00    0.00    0.00    0.00    0.00     0      0.00      0.00    7688    1876   0.01  agetty
03:25:06 AM     0      1337    0.00    0.00    0.00    0.00    0.00     2      0.00      0.00    7688    1904   0.01  agetty
03:25:06 AM   108      1339    0.00    0.00    0.00    0.00    0.00     2      0.00      0.00   11468    1820   0.01  kerneloops
03:25:06 AM     0      1340    0.00    0.00    0.00    0.00    0.00     3      0.00      0.00    9216    2824   0.01  nvgetty.sh
03:25:06 AM     0      1379    0.00    0.00    0.00    0.00    0.00     0      0.00      0.00    7688    1848   0.01  getty
03:25:06 AM     0      1554    0.00    0.00    0.00    0.00    0.00     2      0.00      0.00 2111796   86036   0.27  dockerd
03:25:06 AM     0      1677    0.00    0.00    0.00    0.00    0.00     2      0.00      0.00  168472    8256   0.03  gdm-session-wor
03:25:06 AM     0      1711    0.00    0.00    0.00    0.00    0.00     0      0.00      0.00    3248     808   0.00  nvphsd
03:25:06 AM     0      1716    0.00    0.00    0.00    0.00    0.00     3      0.00      0.00    3380    1788   0.01  nvphsd
03:25:06 AM   124      1789    0.00    0.00    0.00    0.00    0.00     3      0.00      0.00   19144    9224   0.03  systemd
03:25:06 AM   124      1804    0.00    0.00    0.00    0.00    0.00     3      0.00      0.00  104488    5436   0.02  (sd-pam)
03:25:06 AM   124      2014    0.00    0.00    0.00    0.00    0.00     1      0.00      0.00  961884   21984   0.07  pulseaudio
03:25:06 AM   124      2032    0.00    0.00    0.00    0.00    0.00     2      0.00      0.00  164156    5924   0.02  gdm-x-session
03:25:06 AM   124      2037    0.00    0.00    0.00    0.00    0.00     2      0.00      0.00 25330232   99256   0.31  Xorg
03:25:06 AM   118      2040    0.00    0.00    0.00    0.00    0.00     1      0.00      0.00  152516    2440   0.01  rtkit-daemon
03:25:06 AM   124      2162    0.00    0.00    0.00    0.00    0.00     2      0.00      0.00    7812    3448   0.01  dbus-daemon
03:25:06 AM   124      2428    0.00    0.00    0.00    0.00    0.00     0      0.00      0.00    4776    1164   0.00  dbus-run-sessio
03:25:06 AM   124      2429    0.00    0.00    0.00    0.00    0.00     2      0.00      0.00    8088    4104   0.01  dbus-daemon
03:25:06 AM   124      2438    0.00    0.00    0.00    0.00    0.00     0      0.00      0.00  559768   14932   0.05  gnome-session-b
03:25:06 AM     0      2457    0.00    0.00    0.00    0.00    0.00     2      0.00      0.00  101692   19628   0.06  jtop
03:25:06 AM   124      2463    0.00    0.00    0.00    0.00    0.00     3      0.00      0.00  309548   10092   0.03  at-spi-bus-laun
03:25:06 AM   124      2470    0.00    0.00    0.00    0.00    0.00     1      0.00      0.00    7676    3468   0.01  dbus-daemon
03:25:06 AM   124      2495    0.00    0.00    0.00    0.00    0.00     2      0.00      0.00 4022996  194924   0.61  gnome-shell
03:25:06 AM     0      2510    0.00    0.00    0.00    0.00    0.00     2      0.00      0.00  175424   16904   0.05  jtop
03:25:06 AM     0      2518    0.00    0.00    0.00    0.00    0.00     2      0.00      0.00  101692   17160   0.05  jtop
03:25:06 AM   124      2696    0.00    0.00    0.00    0.00    0.00     0      0.00      0.00  314420   11212   0.04  ibus-daemon
03:25:06 AM   124      2699    0.00    0.00    0.00    0.00    0.00     2      0.00      0.00  239960   11792   0.04  ibus-dconf
03:25:06 AM   124      2701    0.00    0.00    0.00    0.00    0.00     2      0.00      0.00  189920   16900   0.05  ibus-x11
03:25:06 AM   124      2704    0.00    0.00    0.00    0.00    0.00     3      0.00      0.00  239880    7776   0.02  ibus-portal
03:25:06 AM   124      2715    0.00    0.00    0.00    0.00    0.00     1      0.00      0.00  161420    6880   0.02  at-spi2-registr
03:25:06 AM   124      2719    0.00    0.00    0.00    0.00    0.00     3      0.00      0.00  235804    4672   0.01  xdg-permission-
03:25:06 AM     0      2725    0.00    0.00    0.00    0.00    0.00     0      0.00      0.00  252944    8776   0.03  upowerd
03:25:06 AM   124      2745    0.00    0.00    0.00    0.00    0.00     2      0.00      0.00 3001620   27244   0.09  gjs
03:25:06 AM   124      2764    0.00    0.00    0.00    0.00    0.00     3      0.00      0.00  469396   14236   0.04  gsd-sharing
03:25:06 AM   124      2765    0.00    0.00    0.00    0.00    0.00     1      0.00      0.00  334628   15072   0.05  gsd-wacom
03:25:06 AM   124      2768    0.00    0.00    0.00    0.00    0.00     3      0.00      0.00  571788   19844   0.06  gsd-color
03:25:06 AM   124      2772    0.00    0.00    0.00    0.00    0.00     3      0.00      0.00  338096   17824   0.06  gsd-keyboard
03:25:06 AM   124      2774    0.00    0.00    0.00    0.00    0.00     2      0.00      0.00  322508   11376   0.04  gsd-print-notif
03:25:06 AM   124      2779    0.00    0.00    0.00    0.00    0.00     3      0.00      0.00  166208    7736   0.02  ibus-engine-sim
03:25:06 AM   124      2780    0.00    0.00    0.00    0.00    0.00     1      0.00      0.00  457460    7996   0.03  gsd-rfkill
03:25:06 AM   124      2782    0.00    0.00    0.00    0.00    0.00     1      0.00      0.00  391976    9696   0.03  gsd-smartcard
03:25:06 AM   124      2784    0.00    0.00    0.00    0.00    0.00     2      0.00      0.00  374928   15372   0.05  gsd-datetime
03:25:06 AM   124      2790    0.00    0.00    0.00    0.00    0.00     2      0.00      0.00  679696   20032   0.06  gsd-media-keys
03:25:06 AM   124      2791    0.00    0.00    0.00    0.00    0.00     3      0.00      0.00  235772    5600   0.02  gsd-screensaver
03:25:06 AM   124      2793    0.00    0.00    0.00    0.00    0.00     3      0.00      0.00  320104    9452   0.03  gsd-sound
03:25:06 AM   124      2795    0.00    0.00    0.00    0.00    0.00     3      0.00      0.00  313652   10144   0.03  gsd-a11y-settin
03:25:06 AM   124      2799    0.00    0.00    0.00    0.00    0.00     3      0.00      0.00  313992   10540   0.03  gsd-housekeepin
03:25:06 AM   124      2802    0.00    0.00    0.00    0.00    0.00     3      0.00      0.00  339724   18828   0.06  gsd-power
03:25:06 AM   124      2824    0.00    0.00    0.00    0.00    0.00     2      0.00      0.00  342540   12784   0.04  gsd-printer
03:25:06 AM   119      2837    0.00    0.00    0.00    0.00    0.00     2      0.00      0.00  249328   17548   0.06  colord
03:25:06 AM     0     29120    0.00    0.00    0.00    0.00    0.00     2      0.00      0.00       0       0   0.00  kworker/u17:2-rb_allocator
03:25:06 AM     0     33852    0.00    0.00    0.00    0.00    0.00     1      0.00      0.00       0       0   0.00  kworker/1:0H-kblockd
03:25:06 AM     0     35048    0.00    0.00    0.00    0.00    0.00     1      0.00      0.00       0       0   0.00  kworker/u17:0-thermal_fan_est
03:25:06 AM  1000     39960    0.00    0.00    0.00    0.00    0.00     1      0.00      0.00   19248    9208   0.03  systemd
03:25:06 AM  1000     39961    0.00    0.00    0.00    0.00    0.00     2      0.00      0.00  170940    6304   0.02  (sd-pam)
03:25:06 AM  1000     40037    0.00    0.00    0.00    0.00    0.00     3      0.00      0.00    7812    3952   0.01  dbus-daemon
03:25:06 AM     0     40147    0.00    0.00    0.00    0.00    0.00     1      0.00      0.00       0       0   0.00  kworker/1:0-pm
03:25:06 AM     0     40174    0.00    0.00    0.00    0.00    0.00     2      0.00      0.00       0       0   0.00  kworker/2:2H-kblockd
03:25:06 AM     0     40194    0.00    0.00    0.00    0.00    0.00     3      0.00      0.00       0       0   0.00  kworker/3:0H-kblockd
03:25:06 AM     0     41650    0.00    0.00    0.00    0.00    0.00     3      0.00      0.00       0       0   0.00  kworker/3:0-mm_percpu_wq
03:25:06 AM     0     81462    0.00    0.00    0.00    0.00    0.00     2      0.00      0.00       0       0   0.00  kworker/2:2-mm_percpu_wq
03:25:06 AM     0     81478    0.00    0.00    0.00    0.00    0.00     0      0.00      0.00       0       0   0.00  kworker/0:1H-kblockd
03:25:06 AM  1000     84840    0.00    0.00    0.00    0.00    0.00     3      0.00      0.00  240176   10088   0.03  gnome-keyring-d
03:25:06 AM   124     84900    0.00    0.00    0.00    0.00    0.00     1      0.00      0.00  156240    4584   0.01  dconf-service
03:25:06 AM     0     85427    0.00    0.00    0.00    0.00    0.00     0      0.00      0.00       0       0   0.00  kworker/0:2-events
03:25:06 AM     0     86310    0.00    0.00    0.00    0.00    0.00     3      0.00      0.00       0       0   0.00  kworker/u16:1-flush-179:0
03:25:06 AM     0     86549    0.00    0.00    0.00    0.00    0.00     2      0.00      0.00   14768    7664   0.02  sshd
03:25:06 AM  1000     86593    0.00    0.00    0.00    0.00    0.00     3      0.00      0.00   15292    6480   0.02  sshd
03:25:06 AM  1000     86594    0.00    0.00    0.00    0.00    0.00     3      0.00      0.00   11860    5896   0.02  bash
03:25:06 AM     0     87290    0.00    0.00    0.00    0.00    0.00     0      0.00      0.00   14768    7584   0.02  sshd
03:25:06 AM  1000     87334    0.00    0.00    0.00    0.00    0.00     0      0.00      0.00   15292    6412   0.02  sshd
03:25:06 AM  1000     87335    0.00    0.00    0.00    0.00    0.00     2      0.00      0.00   11344    5436   0.02  bash
03:25:06 AM     0    137289    0.00    0.00    0.00    0.00    0.00     1      0.00      0.00       0       0   0.00  kworker/1:3-pm
03:25:06 AM     0    142495    0.00    0.00    0.00    0.00    0.00     1      0.00      0.00       0       0   0.00  kworker/1:4-events
03:25:06 AM     0    147908    0.00    0.00    0.00    0.00    0.00     2      0.00      0.00   14768    7636   0.02  sshd
03:25:06 AM  1000    147952    0.00    0.00    0.00    0.00    0.00     1      0.00      0.00   15292    5656   0.02  sshd
03:25:06 AM  1000    147953    0.00    0.00    0.00    0.00    0.00     3      0.00      0.00   11344    5400   0.02  bash
03:25:06 AM     0    148065    0.00    0.00    0.00    0.00    0.00     3      0.00      0.00 1237828   16880   0.05  containerd-shim
03:25:06 AM     0    148086    0.00    0.00    0.00    0.00    0.00     3      0.00      0.00    4560    3504   0.01  bash
03:25:06 AM  1000    148115    0.00    0.00    0.00    0.00    0.00     3      0.00      0.00 1919232   29524   0.09  docker
03:25:06 AM     0    148133    0.00    0.00    0.00    0.00    0.00     1      0.00      0.00    4560    3508   0.01  bash
03:25:06 AM     0    148158    0.00    0.00    0.00    0.00    0.00     0      0.00      0.00  196036   35060   0.11  ros2
03:25:06 AM     0    148159   11.00    3.00    0.00    2.00   14.00     0      0.00      0.00  580928   29152   0.09  scale_truck_con
03:25:06 AM     0    148161    3.00    7.00    0.00    2.00   10.00     1      0.00      0.00  583536   22540   0.07  lrc_node
03:25:06 AM     0    148232    0.00    0.00    0.00    0.00    0.00     1      0.00      0.00   14768    7560   0.02  sshd
03:25:06 AM  1000    148276    0.00    0.00    0.00    0.00    0.00     2      0.00      0.00   15292    6364   0.02  sshd
03:25:06 AM  1000    148277    0.00    0.00    0.00    0.00    0.00     1      0.00      0.00   11860    5928   0.02  bash
03:25:06 AM     0    148558   22.00    4.00    0.00    3.00   26.00     3      0.00      0.00  651636   83360   0.26  python3
03:25:06 AM     0    150604    0.00    0.00    0.00    0.00    0.00     2      0.00      0.00       0       0   0.00  kworker/2:1-mm_percpu_wq
03:25:06 AM     0    150646    0.00    0.00    0.00    0.00    0.00     0      0.00      0.00       0       0   0.00  kworker/0:0H
03:25:06 AM     0    150688    0.00    0.00    0.00    0.00    0.00     2      0.00      0.00       0       0   0.00  kworker/2:0H
03:25:06 AM     0    151786    0.00    0.00    0.00    0.00    0.00     3      0.00      0.00       0       0   0.00  kworker/3:2H
03:25:06 AM     0    151819    0.00    0.00    0.00    0.00    0.00     3      0.00      0.00       0       0   0.00  kworker/3:2-cgroup_destroy
03:25:06 AM     0    151861    0.00    0.00    0.00    0.00    0.00     1      0.00      0.00       0       0   0.00  kworker/u16:0-events_unbound
03:25:06 AM     0    151916    0.00    0.00    0.00    0.00    0.00     0      0.00      0.00       0       0   0.00  kworker/0:0-events
03:25:06 AM     0    151989    0.00    0.00    0.00    0.00    0.00     1      0.00      0.00       0       0   0.00  kworker/1:1H
03:25:06 AM     0    152270    0.00    0.00    0.00    0.00    0.00     1      0.00      0.00       0       0   0.00  kworker/1:2-events
03:25:06 AM     0    152626    0.00    0.00    0.00    0.00    0.00     2      0.00      0.00       0       0   0.00  kworker/2:1H
03:25:06 AM     0    152627    0.00    0.00    0.00    0.00    0.00     3      0.00      0.00       0       0   0.00  kworker/3:1H
03:25:06 AM     0    152628    0.00    0.00    0.00    0.00    0.00     0      0.00      0.00       0       0   0.00  kworker/0:1-events
03:25:06 AM     0    152655    0.00    0.00    0.00    0.00    0.00     1      0.00      0.00       0       0   0.00  kworker/u16:2-events_unbound
03:25:06 AM     0    152798    0.00    0.00    0.00    0.00    0.00     1      0.00      0.00       0       0   0.00  kworker/1:2H
03:25:06 AM     0    152803    0.00    0.00    0.00    0.00    0.00     2      0.00      0.00       0       0   0.00  kworker/2:0
03:25:06 AM     0    152876    0.00    0.00    0.00    0.00    0.00     3      0.00      0.00    4428    3224   0.01  bash
03:25:06 AM  1000    152883    0.00    0.00    0.00    0.00    0.00     3      0.00      0.00    9208    3068   0.01  bash
03:25:06 AM     0    153059    0.00    0.00    0.00    0.00    0.00     1      0.00      0.00    2660     780   0.00  timeout
03:25:06 AM     0    153061    6.00   11.00    0.00    0.00   17.00     2      1.00      0.00  838316   47412   0.15  ros2
03:25:06 AM  1000    153071    5.00   10.00    0.00    0.00   15.00     2      0.00      0.00   17668    9488   0.03  pidstat
03:25:06 AM  1000    153086    0.00    0.00    0.00    0.00    0.00     3      0.00      0.00 1623984   25280   0.08  docker
03:25:06 AM     0    153102    0.00    0.00    0.00    0.00    0.00     3      0.00      0.00    2660     800   0.00  timeout
03:25:06 AM     0    153123   18.00   24.00    0.00    1.00   42.00     0      0.00      0.00  699304   80140   0.25  ros2
03:25:06 AM     0    153136    0.00    0.00    0.00    0.00    0.00     0      0.00      0.00       0       0   0.00  kworker/0:2H

# Time        UID       PID    %usr %system  %guest   %wait    %CPU   CPU  minflt/s  majflt/s     VSZ     RSS   %MEM  Command
03:25:07 AM     0         1    0.00    0.00    0.00    0.00    0.00     0      0.00      0.00  169880   11540   0.04  systemd
03:25:07 AM     0         2    0.00    0.00    0.00    0.00    0.00     1      0.00      0.00       0       0   0.00  kthreadd
03:25:07 AM     0         3    0.00    0.00    0.00    0.00    0.00     0      0.00      0.00       0       0   0.00  rcu_gp
03:25:07 AM     0         4    0.00    0.00    0.00    0.00    0.00     0      0.00      0.00       0       0   0.00  rcu_par_gp
03:25:07 AM     0         8    0.00    0.00    0.00    0.00    0.00     0      0.00      0.00       0       0   0.00  mm_percpu_wq
03:25:07 AM     0         9    0.00    0.00    0.00    0.00    0.00     0      0.00      0.00       0       0   0.00  rcu_tasks_kthre
03:25:07 AM     0        10    0.00    0.00    0.00    0.00    0.00     0      0.00      0.00       0       0   0.00  rcu_tasks_rude_
03:25:07 AM     0        11    0.00    0.00    0.00    0.00    0.00     0      0.00      0.00       0       0   0.00  rcu_tasks_trace
03:25:07 AM     0        12    0.00    0.00    0.00    0.00    0.00     0      0.00      0.00       0       0   0.00  ksoftirqd/0
03:25:07 AM     0        13    0.00    1.00    0.00    0.00    1.00     3      0.00      0.00       0       0   0.00  rcu_preempt
03:25:07 AM     0        14    0.00    0.00    0.00    0.00    0.00     0      0.00      0.00       0       0   0.00  migration/0
03:25:07 AM     0        16    0.00    0.00    0.00    0.00    0.00     0      0.00      0.00       0       0   0.00  cpuhp/0
03:25:07 AM     0        17    0.00    0.00    0.00    0.00    0.00     1      0.00      0.00       0       0   0.00  cpuhp/1
03:25:07 AM     0        18    0.00    0.00    0.00    0.00    0.00     1      0.00      0.00       0       0   0.00  migration/1
03:25:07 AM     0        19    0.00    0.00    0.00    0.00    0.00     1      0.00      0.00       0       0   0.00  ksoftirqd/1
03:25:07 AM     0        22    0.00    0.00    0.00    0.00    0.00     2      0.00      0.00       0       0   0.00  cpuhp/2
03:25:07 AM     0        23    0.00    0.00    0.00    0.00    0.00     2      0.00      0.00       0       0   0.00  migration/2
03:25:07 AM     0        24    0.00    0.00    0.00    0.00    0.00     2      0.00      0.00       0       0   0.00  ksoftirqd/2
03:25:07 AM     0        27    0.00    0.00    0.00    0.00    0.00     3      0.00      0.00       0       0   0.00  cpuhp/3
03:25:07 AM     0        28    0.00    0.00    0.00    0.00    0.00     3      0.00      0.00       0       0   0.00  migration/3
03:25:07 AM     0        29    0.00    0.00    0.00    0.00    0.00     3      0.00      0.00       0       0   0.00  ksoftirqd/3
03:25:07 AM     0        32    0.00    0.00    0.00    0.00    0.00     4      0.00      0.00       0       0   0.00  cpuhp/4
03:25:07 AM     0        33    0.00    0.00    0.00    0.00    0.00     4      0.00      0.00       0       0   0.00  migration/4
03:25:07 AM     0        34    0.00    0.00    0.00    0.00    0.00     4      0.00      0.00       0       0   0.00  ksoftirqd/4
03:25:07 AM     0        36    0.00    0.00    0.00    0.00    0.00     4      0.00      0.00       0       0   0.00  kworker/4:0H-kblockd
03:25:07 AM     0        37    0.00    0.00    0.00    0.00    0.00     5      0.00      0.00       0       0   0.00  cpuhp/5
03:25:07 AM     0        38    0.00    0.00    0.00    0.00    0.00     5      0.00      0.00       0       0   0.00  migration/5
03:25:07 AM     0        39    0.00    0.00    0.00    0.00    0.00     5      0.00      0.00       0       0   0.00  ksoftirqd/5
03:25:07 AM     0        41    0.00    0.00    0.00    0.00    0.00     5      0.00      0.00       0       0   0.00  kworker/5:0H-kblockd
03:25:07 AM     0        42    0.00    0.00    0.00    0.00    0.00     6      0.00      0.00       0       0   0.00  cpuhp/6
03:25:07 AM     0        43    0.00    0.00    0.00    0.00    0.00     6      0.00      0.00       0       0   0.00  migration/6
03:25:07 AM     0        44    0.00    0.00    0.00    0.00    0.00     6      0.00      0.00       0       0   0.00  ksoftirqd/6
03:25:07 AM     0        46    0.00    0.00    0.00    0.00    0.00     6      0.00      0.00       0       0   0.00  kworker/6:0H-events_highpri
03:25:07 AM     0        47    0.00    0.00    0.00    0.00    0.00     7      0.00      0.00       0       0   0.00  cpuhp/7
03:25:07 AM     0        48    0.00    0.00    0.00    0.00    0.00     7      0.00      0.00       0       0   0.00  migration/7
03:25:07 AM     0        49    0.00    0.00    0.00    0.00    0.00     7      0.00      0.00       0       0   0.00  ksoftirqd/7
03:25:07 AM     0        50    0.00    0.00    0.00    0.00    0.00     0      0.00      0.00       0       0   0.00  kworker/7:0-rcu_gp
03:25:07 AM     0        51    0.00    0.00    0.00    0.00    0.00     7      0.00      0.00       0       0   0.00  kworker/7:0H-kblockd
03:25:07 AM     0        52    0.00    0.00    0.00    0.00    0.00     0      0.00      0.00       0       0   0.00  kdevtmpfs
03:25:07 AM     0        53    0.00    0.00    0.00    0.00    0.00     4      0.00      0.00       0       0   0.00  netns
03:25:07 AM     0        54    0.00    0.00    0.00    0.00    0.00     1      0.00      0.00       0       0   0.00  kauditd
03:25:07 AM     0        55    0.00    0.00    0.00    0.00    0.00     0      0.00      0.00       0       0   0.00  irq/87-mc_statu
03:25:07 AM     0        56    0.00    0.00    0.00    0.00    0.00     0      0.00      0.00       0       0   0.00  khungtaskd
03:25:07 AM     0        57    0.00    0.00    0.00    0.00    0.00     3      0.00      0.00       0       0   0.00  oom_reaper
03:25:07 AM     0        58    0.00    0.00    0.00    0.00    0.00     5      0.00      0.00       0       0   0.00  writeback
03:25:07 AM     0        59    0.00    0.00    0.00    0.00    0.00     3      0.00      0.00       0       0   0.00  kcompactd0
03:25:07 AM     0        60    0.00    0.00    0.00    0.00    0.00     1      0.00      0.00       0       0   0.00  ksmd
03:25:07 AM     0        61    0.00    0.00    0.00    0.00    0.00     0      0.00      0.00       0       0   0.00  khugepaged
03:25:07 AM     0        93    0.00    0.00    0.00    0.00    0.00     1      0.00      0.00       0       0   0.00  kintegrityd
03:25:07 AM     0        94    0.00    0.00    0.00    0.00    0.00     1      0.00      0.00       0       0   0.00  kblockd
03:25:07 AM     0        95    0.00    0.00    0.00    0.00    0.00     1      0.00      0.00       0       0   0.00  blkcg_punt_bio
03:25:07 AM     0        97    0.00    0.00    0.00    0.00    0.00     3      0.00      0.00       0       0   0.00  tpm_dev_wq
03:25:07 AM     0        98    0.00    0.00    0.00    0.00    0.00     0      0.00      0.00       0       0   0.00  irq/197-30c0000
03:25:07 AM     0        99    0.00    0.00    0.00    0.00    0.00     1      0.00      0.00       0       0   0.00  devfreq_wq
03:25:07 AM     0       100    0.00    0.00    0.00    0.00    0.00     1      0.00      0.00       0       0   0.00  watchdogd
03:25:07 AM     0       104    0.00    0.00    0.00    0.00    0.00     7      0.00      0.00       0       0   0.00  rpciod
03:25:07 AM     0       106    0.00    0.00    0.00    0.00    0.00     7      0.00      0.00       0       0   0.00  xprtiod
03:25:07 AM     0       108    0.00    0.00    0.00    0.00    0.00     7      0.00      0.00       0       0   0.00  kswapd0
03:25:07 AM     0       109    0.00    0.00    0.00    0.00    0.00     5      0.00      0.00       0       0   0.00  nfsiod
03:25:07 AM     0       112    0.00    0.00    0.00    0.00    0.00     1      0.00      0.00       0       0   0.00  kthrotld
03:25:07 AM     0       113    0.00    0.00    0.00    0.00    0.00     7      0.00      0.00       0       0   0.00  kpcitest
03:25:07 AM     0       116    0.00    0.00    0.00    0.00    0.00     5      0.00      0.00       0       0   0.00  kworker/5:1-events
03:25:07 AM     0       122    0.00    0.00    0.00    0.00    0.00     1      0.00      0.00       0       0   0.00  nvme-wq
03:25:07 AM     0       123    0.00    0.00    0.00    0.00    0.00     5      0.00      0.00       0       0   0.00  nvme-reset-wq
03:25:07 AM     0       124    0.00    0.00    0.00    0.00    0.00     6      0.00      0.00       0       0   0.00  nvme-delete-wq
03:25:07 AM     0       125    0.00    0.00    0.00    0.00    0.00     6      0.00      0.00       0       0   0.00  uas
03:25:07 AM     0       126    0.00    0.00    0.00    0.00    0.00     0      0.00      0.00       0       0   0.00  irq/222-tegra_r
03:25:07 AM     0       127    0.00    0.00    0.00    0.00    0.00     0      0.00      0.00       0       0   0.00  kworker/7:2-events
03:25:07 AM     0       129    0.00    0.00    0.00    0.00    0.00     0      0.00      0.00       0       0   0.00  irq/86-tegra-oc
03:25:07 AM     0       130    0.00    0.00    0.00    0.00    0.00     5      0.00      0.00       0       0   0.00  dm_bufio_cache
03:25:07 AM     0       131    0.00    0.00    0.00    0.00    0.00     0      0.00      0.00       0       0   0.00  irq/223-max7762
03:25:07 AM     0       140    0.00    0.00    0.00    0.00    0.00     0      0.00      0.00       0       0   0.00  irq/55-bc00000.
03:25:07 AM     0       143    0.00    0.00    0.00    0.00    0.00     0      0.00      0.00       0       0   0.00  ipv6_addrconf
03:25:07 AM     0       144    0.00    0.00    0.00    0.00    0.00     6      0.00      0.00       0       0   0.00  krfcommd
03:25:07 AM     0       145    0.00    0.00    0.00    0.00    0.00     0      0.00      0.00       0       0   0.00  kstrp
03:25:07 AM     0       150    0.00    0.00    0.00    0.00    0.00     0      0.00      0.00       0       0   0.00  irq/24-tegra-pc
03:25:07 AM     0       154    0.00    0.00    0.00    0.00    0.00     0      0.00      0.00       0       0   0.00  irq/26-tegra-pc
03:25:07 AM     0       160    0.00    0.00    0.00    0.00    0.00     0      0.00      0.00       0       0   0.00  irq/26-aerdrv
03:25:07 AM     0       161    0.00    0.00    0.00    0.00    0.00     0      0.00      0.00       0       0   0.00  irq/28-tegra-pc
03:25:07 AM     0       162    0.00    0.00    0.00    0.00    0.00     0      0.00      0.00       0       0   0.00  irq/28-aerdrv
03:25:07 AM     0       163    0.00    0.00    0.00    0.00    0.00     5      0.00      0.00       0       0   0.00  host_low_prio_w
03:25:07 AM     0       164    0.00    0.00    0.00    0.00    0.00     0      0.00      0.00       0       0   0.00  irq/57-host_syn
03:25:07 AM     0       165    0.00    0.00    0.00    0.00    0.00     0      0.00      0.00       0       0   0.00  irq/58-host_sta
03:25:07 AM     0       173    0.00    0.00    0.00    0.00    0.00     5      0.00      0.00       0       0   0.00  pva_task_status
03:25:07 AM     0       174    0.00    0.00    0.00    0.00    0.00     0      0.00      0.00       0       0   0.00  irq/75-pva-isr
03:25:07 AM     0       175    0.00    0.00    0.00    0.00    0.00     0      0.00      0.00       0       0   0.00  pva_task_status
03:25:07 AM     0       176    0.00    0.00    0.00    0.00    0.00     0      0.00      0.00       0       0   0.00  irq/76-pva-isr
03:25:07 AM     0       185    0.00    0.00    0.00    0.00    0.00     0      0.00      0.00       0       0   0.00  sdhci
03:25:07 AM     0       186    0.00    0.00    0.00    0.00    0.00     0      0.00      0.00       0       0   0.00  irq/39-mmc0
03:25:07 AM     0       187    0.00    0.00    0.00    0.00    0.00     2      0.00      0.00       0       0   0.00  sdhci
03:25:07 AM     0       189    0.00    0.00    0.00    0.00    0.00     0      0.00      0.00       0       0   0.00  irq/40-mmc1
03:25:07 AM     0       195    0.00    0.00    0.00    0.00    0.00     7      0.00      0.00       0       0   0.00  scsi_eh_0
03:25:07 AM     0       196    0.00    0.00    0.00    0.00    0.00     7      0.00      0.00       0       0   0.00  scsi_tmf_0
03:25:07 AM     0       197    0.00    0.00    0.00    0.00    0.00     0      0.00      0.00       0       0   0.00  kworker/5:2-events
03:25:07 AM     0       198    0.00    0.00    0.00    0.00    0.00     0      0.00      0.00       0       0   0.00  irq/67-15200000
03:25:07 AM     0       199    0.00    0.00    0.00    0.00    0.00     1      0.00      0.00       0       0   0.00  tegradc.0/a
03:25:07 AM     0       200    0.00    0.00    0.00    0.00    0.00     0      0.00      0.00       0       0   0.00  tegradc.0/b
03:25:07 AM     0       201    0.00    0.00    0.00    0.00    0.00     0      0.00      0.00       0       0   0.00  tegradc.0/c
03:25:07 AM     0       202    0.00    0.00    0.00    0.00    0.00     0      0.00      0.00       0       0   0.00  tegradc.0/d
03:25:07 AM     0       203    0.00    0.00    0.00    0.00    0.00     0      0.00      0.00       0       0   0.00  tegradc.0/e
03:25:07 AM     0       204    0.00    0.00    0.00    0.00    0.00     0      0.00      0.00       0       0   0.00  tegradc.0/f
03:25:07 AM     0       205    0.00    0.00    0.00    0.00    0.00     0      0.00      0.00       0       0   0.00  tegradc.0/sl
03:25:07 AM     0       206    0.00    0.00    0.00    0.00    0.00     0      0.00      0.00       0       0   0.00  irq/62-15200000
03:25:07 AM     0       207    0.00    0.00    0.00    0.00    0.00     0      0.00      0.00       0       0   0.00  irq/276-3400000
03:25:07 AM     0       208    0.00    0.00    0.00    0.00    0.00     0      0.00      0.00       0       0   0.00  ufs_eh_wq_0
03:25:07 AM     0       209    0.00    0.00    0.00    0.00    0.00     3      0.00      0.00       0       0   0.00  mmc_complete
03:25:07 AM     0       211    0.00    0.00    0.00    0.00    0.00     0      0.00      0.00       0       0   0.00  irq/278-1520000
03:25:07 AM     0       212    0.00    0.00    0.00    0.00    0.00     0      0.00      0.00       0       0   0.00  irq/203-3610000
03:25:07 AM     0       213    0.00    0.00    0.00    0.00    0.00     0      0.00      0.00       0       0   0.00  irq/221-3610000
03:25:07 AM     0       214    0.00    0.00    0.00    0.00    0.00     0      0.00      0.00       0       0   0.00  irq/30-tegra-pc
03:25:07 AM     0       216    0.00    0.00    0.00    0.00    0.00     0      0.00      0.00       0       0   0.00  kworker/4:3-events
03:25:07 AM     0       218    0.00    0.00    0.00    0.00    0.00     4      0.00      0.00       0       0   0.00  kworker/4:5-events
03:25:07 AM     0       221    0.00    0.00    0.00    0.00    0.00     0      0.00      0.00       0       0   0.00  kworker/6:12-events
03:25:07 AM     0       222    0.00    0.00    0.00    0.00    0.00     0      0.00      0.00       0       0   0.00  kworker/6:13-events
03:25:07 AM     0       225    0.00    0.00    0.00    0.00    0.00     0      0.00      0.00       0       0   0.00  irq/68-tegra_dp
03:25:07 AM     0       226    0.00    0.00    0.00    0.00    0.00     0      0.00      0.00       0       0   0.00  irq/65-15210000
03:25:07 AM     0       227    0.00    0.00    0.00    0.00    0.00     0      0.00      0.00       0       0   0.00  tegradc.1/a
03:25:07 AM     0       228    0.00    0.00    0.00    0.00    0.00     0      0.00      0.00       0       0   0.00  tegradc.1/b
03:25:07 AM     0       229    0.00    0.00    0.00    0.00    0.00     0      0.00      0.00       0       0   0.00  tegradc.1/c
03:25:07 AM     0       230    0.00    0.00    0.00    0.00    0.00     0      0.00      0.00       0       0   0.00  tegradc.1/d
03:25:07 AM     0       231    0.00    0.00    0.00    0.00    0.00     0      0.00      0.00       0       0   0.00  tegradc.1/e
03:25:07 AM     0       232    0.00    0.00    0.00    0.00    0.00     0      0.00      0.00       0       0   0.00  tegradc.1/f
03:25:07 AM     0       233    0.00    0.00    0.00    0.00    0.00     1      0.00      0.00       0       0   0.00  tegradc.1/sl
03:25:07 AM     0       234    0.00    0.00    0.00    0.00    0.00     0      0.00      0.00       0       0   0.00  irq/63-15210000
03:25:07 AM     0       249    0.00    0.00    0.00    0.00    0.00     0      0.00      0.00       0       0   0.00  irq/56-d230000.
03:25:07 AM     0       250    0.00    0.00    0.00    0.00    0.00     0      0.00      0.00       0       0   0.00  irq/69-tegra_dp
03:25:07 AM     0       251    0.00    0.00    0.00    0.00    0.00     0      0.00      0.00       0       0   0.00  irq/66-15220000
03:25:07 AM     0       252    0.00    0.00    0.00    0.00    0.00     0      0.00      0.00       0       0   0.00  tegradc.2/a
03:25:07 AM     0       253    0.00    0.00    0.00    0.00    0.00     0      0.00      0.00       0       0   0.00  tegradc.2/b
03:25:07 AM     0       254    0.00    0.00    0.00    0.00    0.00     0      0.00      0.00       0       0   0.00  tegradc.2/c
03:25:07 AM     0       255    0.00    0.00    0.00    0.00    0.00     0      0.00      0.00       0       0   0.00  tegradc.2/d
03:25:07 AM     0       256    0.00    0.00    0.00    0.00    0.00     0      0.00      0.00       0       0   0.00  tegradc.2/e
03:25:07 AM     0       257    0.00    0.00    0.00    0.00    0.00     0      0.00      0.00       0       0   0.00  tegradc.2/f
03:25:07 AM     0       258    0.00    0.00    0.00    0.00    0.00     0      0.00      0.00       0       0   0.00  tegradc.2/sl
03:25:07 AM     0       259    0.00    0.00    0.00    0.00    0.00     0      0.00      0.00       0       0   0.00  irq/64-15220000
03:25:07 AM     0       275    0.00    0.00    0.00    0.00    0.00     2      0.00      0.00       0       0   0.00  jbd2/mmcblk0p1-
03:25:07 AM     0       276    0.00    0.00    0.00    0.00    0.00     3      0.00      0.00       0       0   0.00  ext4-rsv-conver
03:25:07 AM     0       280    0.00    0.00    0.00    0.00    0.00     7      0.00      0.00       0       0   0.00  kworker/7:1H
03:25:07 AM     0       286    0.00    0.00    0.00    0.00    0.00     5      0.00      0.00       0       0   0.00  kworker/5:1H-kblockd
03:25:07 AM     0       312    0.00    0.00    0.00    0.00    0.00     0      0.00      0.00   61816   32076   0.10  systemd-journal
03:25:07 AM     0       338    0.00    0.00    0.00    0.00    0.00     1      0.00      0.00       0       0   0.00  nvmap-bz
03:25:07 AM     0       339    0.00    0.00    0.00    0.00    0.00     0      0.00      0.00       0       0   0.00  irq/204-gk20a_s
03:25:07 AM     0       340    0.00    0.00    0.00    0.00    0.00     0      0.00      0.00       0       0   0.00  irq/205-gk20a_n
03:25:07 AM     0       345    0.00    0.00    0.00    0.00    0.00     3      0.00      0.00    2776    1492   0.00  tee-supplicant
03:25:07 AM     0       347    0.00    0.00    0.00    0.00    0.00     3      0.00      0.00       0       0   0.00  optee_bus_scan
03:25:07 AM     0       358    0.00    0.00    0.00    0.00    0.00     2      0.00      0.00   22788    7532   0.02  systemd-udevd
03:25:07 AM     0       364    0.00    0.00    0.00    0.00    0.00     1      0.00      0.00    7948    4892   0.02  haveged
03:25:07 AM   126       365    0.00    0.00    0.00    0.00    0.00     3      0.00      0.00    7136    3108   0.01  rpcbind
03:25:07 AM   105       366    0.00    0.00    0.00    0.00    0.00     1      0.00      0.00   25592   13288   0.04  systemd-resolve
03:25:07 AM   103       367    0.00    0.00    0.00    0.00    0.00     0      0.00      0.00   90672    6220   0.02  systemd-timesyn
03:25:07 AM     0       407    0.00    0.00    0.00    0.00    0.00     5      0.00      0.00       0       0   0.00  cfg80211
03:25:07 AM     0       410    0.00    0.00    0.00    0.00    0.00     0      0.00      0.00       0       0   0.00  irq/42-3210000.
03:25:07 AM     0       412    0.00    0.00    0.00    0.00    0.00     2      0.00      0.00       0       0   0.00  spi0
03:25:07 AM     0       413    0.00    1.00    0.00    0.00    1.00     1      0.00      0.00       0       0   0.00  irq/282-iwlwifi
03:25:07 AM     0       416    0.00    0.00    0.00    0.00    0.00     4      0.00      0.00       0       0   0.00  ata_sff
03:25:07 AM     0       419    0.00    0.00    0.00    0.00    0.00     0      0.00      0.00       0       0   0.00  irq/43-c260000.
03:25:07 AM     0       420    0.00    0.00    0.00    0.00    0.00     6      0.00      0.00       0       0   0.00  scsi_eh_1
03:25:07 AM     0       422    0.00    0.00    0.00    0.00    0.00     6      0.00      0.00       0       0   0.00  scsi_tmf_1
03:25:07 AM     0       427    0.00    0.00    0.00    0.00    0.00     0      0.00      0.00       0       0   0.00  spi1
03:25:07 AM     0       430    0.00    0.00    0.00    0.00    0.00     1      0.00      0.00  242072    8880   0.03  accounts-daemon
03:25:07 AM   120       439    0.00    0.00    0.00    0.00    0.00     1      0.00      0.00    7084    3472   0.01  avahi-daemon
03:25:07 AM     0       441    0.00    0.00    0.00    0.00    0.00     1      0.00      0.00    9220    2516   0.01  cron
03:25:07 AM   106       443    0.00    0.00    0.00    0.00    0.00     2      0.00      0.00    9396    5264   0.02  dbus-daemon
03:25:07 AM     0       447    0.00    0.00    0.00    0.00    0.00     0      0.00      0.00  341244   20856   0.07  NetworkManager
03:25:07 AM     0       456    0.00    0.00    0.00    0.00    0.00     4      0.00      0.00   38300   19472   0.06  networkd-dispat
03:25:07 AM     0       473    0.00    0.00    0.00    0.00    0.00     3      0.00      0.00  238860   13352   0.04  polkitd
03:25:07 AM   125       483    0.00    0.00    0.00    0.00    0.00     3      0.00      0.00  220940    8288   0.03  rsyslogd
03:25:07 AM     0       503    0.00    0.00    0.00    0.00    0.00     2      0.00      0.00  235864    4364   0.01  switcheroo-cont
03:25:07 AM     0       514    0.00    0.00    0.00    0.00    0.00     0      0.00      0.00   17076    6760   0.02  systemd-logind
03:25:07 AM     0       523    0.00    0.00    0.00    0.00    0.00     2      0.00      0.00  395556   15680   0.05  udisksd
03:25:07 AM     0       528    0.00    0.00    0.00    0.00    0.00     0      0.00      0.00   12784    8052   0.03  wpa_supplicant
03:25:07 AM     0       548    0.00    2.00    0.00    0.00    2.00     0      0.00      0.00       0       0   0.00  sugov:0
03:25:07 AM   120       555    0.00    0.00    0.00    0.00    0.00     2      0.00      0.00    6896     324   0.00  avahi-daemon
03:25:07 AM     0       585    0.00    0.00    0.00    0.00    0.00     5      0.00      0.00       0       0   0.00  tmp451
03:25:07 AM     0       597    0.00    0.00    0.00    0.00    0.00     3      0.00      0.00       0       0   0.00  irq/286-1-0008
03:25:07 AM     0       600    0.00    0.00    0.00    0.00    0.00     2      0.00      0.00  321792   14480   0.05  ModemManager
03:25:07 AM     0       653    0.00    0.00    0.00    0.00    0.00     1      0.00      0.00    2476     604   0.00  nvfancontrol
03:25:07 AM     0       728    0.00    0.00    0.00    0.00    0.00     4      0.00      0.00       0       0   0.00  adspp_kthread
03:25:07 AM     0       779    0.00    0.00    0.00    0.00    0.00     6      0.00      0.00       0       0   0.00  kworker/6:2H-kblockd
03:25:07 AM     0       876    0.00    0.00    0.00    0.00    0.00     1      0.00      0.00       0       0   0.00  irq/289-2490000
03:25:07 AM     0       887    0.00    0.00    0.00    0.00    0.00     0      0.00      0.00       0       0   0.00  irq/32-eth0.com
03:25:07 AM     0       919    0.00    0.00    0.00    0.00    0.00     4      0.00      0.00       0       0   0.00  file-storage
03:25:07 AM     0       953    0.00    0.00    0.00    0.00    0.00     1      0.00      0.00       0       0   0.00  loop0
03:25:07 AM     0      1048    0.00    0.00    0.00    0.00    0.00     4      0.00      0.00       0       0   0.00  kworker/4:2H-kblockd
03:25:07 AM     0      1091    0.00    0.00    0.00    0.00    0.00     3      0.00      0.00       0       0   0.00  cryptd
03:25:07 AM     0      1147    0.00    0.00    0.00    0.00    0.00     2      0.00      0.00       0       0   0.00  sw-quiesce
03:25:07 AM     0      1148    0.00    0.00    0.00    0.00    0.00     3      0.00      0.00       0       0   0.00  nvgpu_channel_p
03:25:07 AM     0      1151    0.00    0.00    0.00    0.00    0.00     2      0.00      0.00       0       0   0.00  nvgpu_nvs_gv11b
03:25:07 AM     0      1153    0.00    0.00    0.00    0.00    0.00     1      0.00      0.00       0       0   0.00  nvgpu_pg_init_g
03:25:07 AM     0      1157    0.00    0.00    0.00    0.00    0.00     3      0.00      0.00       0       0   0.00  nvgpu_clk_arb_p
03:25:07 AM     0      1162    0.00    0.00    0.00    0.00    0.00     3      0.00      0.00       0       0   0.00  irq/288-rt5659
03:25:07 AM     0      1270    0.00    0.00    0.00    0.00    0.00     3      0.00      0.00   55688   11092   0.03  nvargus-daemon
03:25:07 AM     0      1273    0.00    0.00    0.00    0.00    0.00     3      0.00      0.00   21932    1552   0.00  nvs-service
03:25:07 AM     0      1298    0.00    1.00    0.00    0.00    1.00     1      0.00      0.00 2007972   49164   0.15  containerd
03:25:07 AM     0      1314    0.00    0.00    0.00    0.00    0.00     0      0.00      0.00  240032    7616   0.02  gdm3
03:25:07 AM   108      1326    0.00    0.00    0.00    0.00    0.00     1      0.00      0.00   11468    1896   0.01  kerneloops
03:25:07 AM     0      1327    0.00    0.00    0.00    0.00    0.00     3      0.00      0.00   12236    6576   0.02  sshd
03:25:07 AM     0      1336    0.00    0.00    0.00    0.00    0.00     0      0.00      0.00    7688    1876   0.01  agetty
03:25:07 AM     0      1337    0.00    0.00    0.00    0.00    0.00     2      0.00      0.00    7688    1904   0.01  agetty
03:25:07 AM   108      1339    0.00    0.00    0.00    0.00    0.00     2      0.00      0.00   11468    1820   0.01  kerneloops
03:25:07 AM     0      1340    0.00    0.00    0.00    0.00    0.00     3      0.00      0.00    9216    2824   0.01  nvgetty.sh
03:25:07 AM     0      1379    0.00    0.00    0.00    0.00    0.00     0      0.00      0.00    7688    1848   0.01  getty
03:25:07 AM     0      1554    0.00    0.00    0.00    0.00    0.00     2      0.00      0.00 2111796   86036   0.27  dockerd
03:25:07 AM     0      1677    0.00    0.00    0.00    0.00    0.00     2      0.00      0.00  168472    8256   0.03  gdm-session-wor
03:25:07 AM     0      1711    0.00    0.00    0.00    0.00    0.00     0      0.00      0.00    3248     808   0.00  nvphsd
03:25:07 AM     0      1716    0.00    0.00    0.00    0.00    0.00     3      0.00      0.00    3380    1788   0.01  nvphsd
03:25:07 AM   124      1789    0.00    0.00    0.00    0.00    0.00     3      0.00      0.00   19144    9224   0.03  systemd
03:25:07 AM   124      1804    0.00    0.00    0.00    0.00    0.00     3      0.00      0.00  104488    5436   0.02  (sd-pam)
03:25:07 AM   124      2014    0.00    0.00    0.00    0.00    0.00     1      0.00      0.00  961884   21984   0.07  pulseaudio
03:25:07 AM   124      2032    0.00    0.00    0.00    0.00    0.00     2      0.00      0.00  164156    5924   0.02  gdm-x-session
03:25:07 AM   124      2037    0.00    0.00    0.00    0.00    0.00     2      0.00      0.00 25330232   99256   0.31  Xorg
03:25:07 AM   118      2040    0.00    0.00    0.00    0.00    0.00     1      0.00      0.00  152516    2440   0.01  rtkit-daemon
03:25:07 AM   124      2162    0.00    0.00    0.00    0.00    0.00     2      0.00      0.00    7812    3448   0.01  dbus-daemon
03:25:07 AM   124      2428    0.00    0.00    0.00    0.00    0.00     0      0.00      0.00    4776    1164   0.00  dbus-run-sessio
03:25:07 AM   124      2429    0.00    0.00    0.00    0.00    0.00     2      0.00      0.00    8088    4104   0.01  dbus-daemon
03:25:07 AM   124      2438    0.00    0.00    0.00    0.00    0.00     0      0.00      0.00  559768   14932   0.05  gnome-session-b
03:25:07 AM     0      2457    0.00    0.00    0.00    0.00    0.00     2      0.00      0.00  101692   19628   0.06  jtop
03:25:07 AM   124      2463    0.00    0.00    0.00    0.00    0.00     3      0.00      0.00  309548   10092   0.03  at-spi-bus-laun
03:25:07 AM   124      2470    0.00    0.00    0.00    0.00    0.00     1      0.00      0.00    7676    3468   0.01  dbus-daemon
03:25:07 AM   124      2495    0.00    0.00    0.00    0.00    0.00     2      0.00      0.00 4022996  194924   0.61  gnome-shell
03:25:07 AM     0      2510    0.00    0.00    0.00    0.00    0.00     2      0.00      0.00  175424   16904   0.05  jtop
03:25:07 AM     0      2518    0.00    0.00    0.00    0.00    0.00     2      0.00      0.00  101692   17160   0.05  jtop
03:25:07 AM   124      2696    0.00    0.00    0.00    0.00    0.00     0      0.00      0.00  314420   11212   0.04  ibus-daemon
03:25:07 AM   124      2699    0.00    0.00    0.00    0.00    0.00     2      0.00      0.00  239960   11792   0.04  ibus-dconf
03:25:07 AM   124      2701    0.00    0.00    0.00    0.00    0.00     2      0.00      0.00  189920   16900   0.05  ibus-x11
03:25:07 AM   124      2704    0.00    0.00    0.00    0.00    0.00     3      0.00      0.00  239880    7776   0.02  ibus-portal
03:25:07 AM   124      2715    0.00    0.00    0.00    0.00    0.00     1      0.00      0.00  161420    6880   0.02  at-spi2-registr
03:25:07 AM   124      2719    0.00    0.00    0.00    0.00    0.00     3      0.00      0.00  235804    4672   0.01  xdg-permission-
03:25:07 AM     0      2725    0.00    0.00    0.00    0.00    0.00     0      0.00      0.00  252944    8776   0.03  upowerd
03:25:07 AM   124      2745    0.00    0.00    0.00    0.00    0.00     2      0.00      0.00 3001620   27244   0.09  gjs
03:25:07 AM   124      2764    0.00    0.00    0.00    0.00    0.00     3      0.00      0.00  469396   14236   0.04  gsd-sharing
03:25:07 AM   124      2765    0.00    0.00    0.00    0.00    0.00     1      0.00      0.00  334628   15072   0.05  gsd-wacom
03:25:07 AM   124      2768    0.00    0.00    0.00    0.00    0.00     3      0.00      0.00  571788   19844   0.06  gsd-color
03:25:07 AM   124      2772    0.00    0.00    0.00    0.00    0.00     3      0.00      0.00  338096   17824   0.06  gsd-keyboard
03:25:07 AM   124      2774    0.00    0.00    0.00    0.00    0.00     2      0.00      0.00  322508   11376   0.04  gsd-print-notif
03:25:07 AM   124      2779    0.00    0.00    0.00    0.00    0.00     3      0.00      0.00  166208    7736   0.02  ibus-engine-sim
03:25:07 AM   124      2780    0.00    0.00    0.00    0.00    0.00     1      0.00      0.00  457460    7996   0.03  gsd-rfkill
03:25:07 AM   124      2782    0.00    0.00    0.00    0.00    0.00     1      0.00      0.00  391976    9696   0.03  gsd-smartcard
03:25:07 AM   124      2784    0.00    0.00    0.00    0.00    0.00     2      0.00      0.00  374928   15372   0.05  gsd-datetime
03:25:07 AM   124      2790    0.00    0.00    0.00    0.00    0.00     2      0.00      0.00  679696   20032   0.06  gsd-media-keys
03:25:07 AM   124      2791    0.00    0.00    0.00    0.00    0.00     3      0.00      0.00  235772    5600   0.02  gsd-screensaver
03:25:07 AM   124      2793    0.00    0.00    0.00    0.00    0.00     3      0.00      0.00  320104    9452   0.03  gsd-sound
03:25:07 AM   124      2795    0.00    0.00    0.00    0.00    0.00     3      0.00      0.00  313652   10144   0.03  gsd-a11y-settin
03:25:07 AM   124      2799    0.00    0.00    0.00    0.00    0.00     3      0.00      0.00  313992   10540   0.03  gsd-housekeepin
03:25:07 AM   124      2802    0.00    0.00    0.00    0.00    0.00     3      0.00      0.00  339724   18828   0.06  gsd-power
03:25:07 AM   124      2824    0.00    0.00    0.00    0.00    0.00     2      0.00      0.00  342540   12784   0.04  gsd-printer
03:25:07 AM   119      2837    0.00    0.00    0.00    0.00    0.00     2      0.00      0.00  249328   17548   0.06  colord
03:25:07 AM     0     29120    0.00    0.00    0.00    0.00    0.00     2      0.00      0.00       0       0   0.00  kworker/u17:2-rb_allocator
03:25:07 AM     0     33852    0.00    0.00    0.00    0.00    0.00     1      0.00      0.00       0       0   0.00  kworker/1:0H-kblockd
03:25:07 AM     0     35048    0.00    0.00    0.00    0.00    0.00     0      0.00      0.00       0       0   0.00  kworker/u17:0-thermal_fan_est
03:25:07 AM  1000     39960    0.00    0.00    0.00    0.00    0.00     1      0.00      0.00   19248    9208   0.03  systemd
03:25:07 AM  1000     39961    0.00    0.00    0.00    0.00    0.00     2      0.00      0.00  170940    6304   0.02  (sd-pam)
03:25:07 AM  1000     40037    0.00    0.00    0.00    0.00    0.00     3      0.00      0.00    7812    3952   0.01  dbus-daemon
03:25:07 AM     0     40147    0.00    0.00    0.00    0.00    0.00     1      0.00      0.00       0       0   0.00  kworker/1:0-pm
03:25:07 AM     0     40174    0.00    0.00    0.00    0.00    0.00     2      0.00      0.00       0       0   0.00  kworker/2:2H-kblockd
03:25:07 AM     0     40194    0.00    0.00    0.00    0.00    0.00     3      0.00      0.00       0       0   0.00  kworker/3:0H-kblockd
03:25:07 AM     0     41650    0.00    0.00    0.00    0.00    0.00     3      0.00      0.00       0       0   0.00  kworker/3:0-mm_percpu_wq
03:25:07 AM     0     81462    0.00    0.00    0.00    0.00    0.00     2      0.00      0.00       0       0   0.00  kworker/2:2-mm_percpu_wq
03:25:07 AM     0     81478    0.00    0.00    0.00    0.00    0.00     0      0.00      0.00       0       0   0.00  kworker/0:1H-kblockd
03:25:07 AM  1000     84840    0.00    0.00    0.00    0.00    0.00     3      0.00      0.00  240176   10088   0.03  gnome-keyring-d
03:25:07 AM   124     84900    0.00    0.00    0.00    0.00    0.00     1      0.00      0.00  156240    4584   0.01  dconf-service
03:25:07 AM     0     85427    0.00    0.00    0.00    0.00    0.00     0      0.00      0.00       0       0   0.00  kworker/0:2-events
03:25:07 AM     0     86310    0.00    0.00    0.00    0.00    0.00     3      0.00      0.00       0       0   0.00  kworker/u16:1-events_unbound
03:25:07 AM     0     86549    0.00    0.00    0.00    0.00    0.00     2      0.00      0.00   14768    7664   0.02  sshd
03:25:07 AM  1000     86593    0.00    0.00    0.00    0.00    0.00     3      0.00      0.00   15292    6480   0.02  sshd
03:25:07 AM  1000     86594    0.00    0.00    0.00    0.00    0.00     3      0.00      0.00   11860    5896   0.02  bash
03:25:07 AM     0     87290    0.00    0.00    0.00    0.00    0.00     0      0.00      0.00   14768    7584   0.02  sshd
03:25:07 AM  1000     87334    0.00    0.00    0.00    0.00    0.00     0      0.00      0.00   15292    6412   0.02  sshd
03:25:07 AM  1000     87335    0.00    0.00    0.00    0.00    0.00     2      0.00      0.00   11344    5436   0.02  bash
03:25:07 AM     0    137289    0.00    0.00    0.00    0.00    0.00     1      0.00      0.00       0       0   0.00  kworker/1:3-pm
03:25:07 AM     0    142495    0.00    0.00    0.00    0.00    0.00     1      0.00      0.00       0       0   0.00  kworker/1:4-events
03:25:07 AM     0    147908    0.00    0.00    0.00    0.00    0.00     2      0.00      0.00   14768    7636   0.02  sshd
03:25:07 AM  1000    147952    0.00    0.00    0.00    0.00    0.00     1      0.00      0.00   15292    5656   0.02  sshd
03:25:07 AM  1000    147953    0.00    0.00    0.00    0.00    0.00     3      0.00      0.00   11344    5400   0.02  bash
03:25:07 AM     0    148065    1.00    0.00    0.00    0.00    1.00     3      7.00      0.00 1237828   16592   0.05  containerd-shim
03:25:07 AM     0    148086    0.00    0.00    0.00    0.00    0.00     3      0.00      0.00    4560    3504   0.01  bash
03:25:07 AM  1000    148115    0.00    0.00    0.00    0.00    0.00     3      0.00      0.00 1919232   29524   0.09  docker
03:25:07 AM     0    148133    0.00    0.00    0.00    0.00    0.00     1      0.00      0.00    4560    3508   0.01  bash
03:25:07 AM     0    148158    0.00    0.00    0.00    0.00    0.00     0      0.00      0.00  196036   35060   0.11  ros2
03:25:07 AM     0    148159    9.00    3.00    0.00    1.00   12.00     1      0.00      0.00  580928   29152   0.09  scale_truck_con
03:25:07 AM     0    148161    5.00    7.00    0.00    1.00   12.00     3      0.00      0.00  583536   22540   0.07  lrc_node
03:25:07 AM     0    148232    0.00    0.00    0.00    0.00    0.00     1      0.00      0.00   14768    7560   0.02  sshd
03:25:07 AM  1000    148276    0.00    0.00    0.00    0.00    0.00     3      0.00      0.00   15292    6364   0.02  sshd
03:25:07 AM  1000    148277    0.00    0.00    0.00    0.00    0.00     1      0.00      0.00   11860    5928   0.02  bash
03:25:07 AM     0    148558   20.00    4.00    0.00    2.00   24.00     3      0.00      0.00  651636   83360   0.26  python3
03:25:07 AM     0    150604    0.00    0.00    0.00    0.00    0.00     2      0.00      0.00       0       0   0.00  kworker/2:1-mm_percpu_wq
03:25:07 AM     0    150646    0.00    0.00    0.00    0.00    0.00     0      0.00      0.00       0       0   0.00  kworker/0:0H
03:25:07 AM     0    150688    0.00    0.00    0.00    0.00    0.00     2      0.00      0.00       0       0   0.00  kworker/2:0H
03:25:07 AM     0    151786    0.00    0.00    0.00    0.00    0.00     3      0.00      0.00       0       0   0.00  kworker/3:2H
03:25:07 AM     0    151819    0.00    0.00    0.00    0.00    0.00     3      0.00      0.00       0       0   0.00  kworker/3:2-cgroup_destroy
03:25:07 AM     0    151861    0.00    0.00    0.00    0.00    0.00     1      0.00      0.00       0       0   0.00  kworker/u16:0-events_unbound
03:25:07 AM     0    151916    0.00    0.00    0.00    0.00    0.00     0      0.00      0.00       0       0   0.00  kworker/0:0-events
03:25:07 AM     0    151989    0.00    0.00    0.00    0.00    0.00     1      0.00      0.00       0       0   0.00  kworker/1:1H
03:25:07 AM     0    152270    0.00    0.00    0.00    0.00    0.00     1      0.00      0.00       0       0   0.00  kworker/1:2-events
03:25:07 AM     0    152626    0.00    0.00    0.00    0.00    0.00     2      0.00      0.00       0       0   0.00  kworker/2:1H
03:25:07 AM     0    152627    0.00    0.00    0.00    0.00    0.00     3      0.00      0.00       0       0   0.00  kworker/3:1H
03:25:07 AM     0    152628    0.00    0.00    0.00    0.00    0.00     0      0.00      0.00       0       0   0.00  kworker/0:1-events
03:25:07 AM     0    152655    0.00    0.00    0.00    0.00    0.00     1      0.00      0.00       0       0   0.00  kworker/u16:2-events_unbound
03:25:07 AM     0    152798    0.00    0.00    0.00    0.00    0.00     1      0.00      0.00       0       0   0.00  kworker/1:2H
03:25:07 AM     0    152803    0.00    0.00    0.00    0.00    0.00     2      0.00      0.00       0       0   0.00  kworker/2:0
03:25:07 AM     0    152876    0.00    0.00    0.00    0.00    0.00     3      0.00      0.00    4428    3224   0.01  bash
03:25:07 AM  1000    152883    0.00    0.00    0.00    0.00    0.00     3      0.00      0.00    9208    3068   0.01  bash
03:25:07 AM     0    153059    0.00    0.00    0.00    0.00    0.00     1      0.00      0.00    2660     780   0.00  timeout
03:25:07 AM     0    153061    7.00    9.00    0.00    0.00   16.00     2      3.00      0.00  838316   47412   0.15  ros2
03:25:07 AM  1000    153071    4.00   12.00    0.00    0.00   16.00     2      0.00      0.00   17668    9488   0.03  pidstat
03:25:07 AM  1000    153086    0.00    0.00    0.00    0.00    0.00     3      0.00      0.00 1623984   25280   0.08  docker
03:25:07 AM     0    153102    0.00    0.00    0.00    0.00    0.00     3      2.00      0.00    2660     800   0.00  timeout
03:25:07 AM     0    153123   20.00   26.00    0.00    1.00   46.00     0      9.00      0.00  762540   53376   0.17  ros2
03:25:07 AM     0    153136    0.00    0.00    0.00    0.00    0.00     0      0.00      0.00       0       0   0.00  kworker/0:2H

# Time        UID       PID    %usr %system  %guest   %wait    %CPU   CPU  minflt/s  majflt/s     VSZ     RSS   %MEM  Command
03:25:08 AM     0         1    0.00    0.00    0.00    0.00    0.00     0      0.00      0.00  169880   11540   0.04  systemd
03:25:08 AM     0         2    0.00    0.00    0.00    0.00    0.00     1      0.00      0.00       0       0   0.00  kthreadd
03:25:08 AM     0         3    0.00    0.00    0.00    0.00    0.00     0      0.00      0.00       0       0   0.00  rcu_gp
03:25:08 AM     0         4    0.00    0.00    0.00    0.00    0.00     0      0.00      0.00       0       0   0.00  rcu_par_gp
03:25:08 AM     0         8    0.00    0.00    0.00    0.00    0.00     0      0.00      0.00       0       0   0.00  mm_percpu_wq
03:25:08 AM     0         9    0.00    0.00    0.00    0.00    0.00     0      0.00      0.00       0       0   0.00  rcu_tasks_kthre
03:25:08 AM     0        10    0.00    0.00    0.00    0.00    0.00     0      0.00      0.00       0       0   0.00  rcu_tasks_rude_
03:25:08 AM     0        11    0.00    0.00    0.00    0.00    0.00     0      0.00      0.00       0       0   0.00  rcu_tasks_trace
03:25:08 AM     0        12    0.00    0.00    0.00    0.00    0.00     0      0.00      0.00       0       0   0.00  ksoftirqd/0
03:25:08 AM     0        13    0.00    0.00    0.00    0.00    0.00     3      0.00      0.00       0       0   0.00  rcu_preempt
03:25:08 AM     0        14    0.00    0.00    0.00    0.00    0.00     0      0.00      0.00       0       0   0.00  migration/0
03:25:08 AM     0        16    0.00    0.00    0.00    0.00    0.00     0      0.00      0.00       0       0   0.00  cpuhp/0
03:25:08 AM     0        17    0.00    0.00    0.00    0.00    0.00     1      0.00      0.00       0       0   0.00  cpuhp/1
03:25:08 AM     0        18    0.00    0.00    0.00    0.00    0.00     1      0.00      0.00       0       0   0.00  migration/1
03:25:08 AM     0        19    0.00    0.00    0.00    0.00    0.00     1      0.00      0.00       0       0   0.00  ksoftirqd/1
03:25:08 AM     0        22    0.00    0.00    0.00    0.00    0.00     2      0.00      0.00       0       0   0.00  cpuhp/2
03:25:08 AM     0        23    0.00    0.00    0.00    0.00    0.00     2      0.00      0.00       0       0   0.00  migration/2
03:25:08 AM     0        24    0.00    0.00    0.00    0.00    0.00     2      0.00      0.00       0       0   0.00  ksoftirqd/2
03:25:08 AM     0        27    0.00    0.00    0.00    0.00    0.00     3      0.00      0.00       0       0   0.00  cpuhp/3
03:25:08 AM     0        28    0.00    0.00    0.00    0.00    0.00     3      0.00      0.00       0       0   0.00  migration/3
03:25:08 AM     0        29    0.00    0.00    0.00    0.00    0.00     3      0.00      0.00       0       0   0.00  ksoftirqd/3
03:25:08 AM     0        32    0.00    0.00    0.00    0.00    0.00     4      0.00      0.00       0       0   0.00  cpuhp/4
03:25:08 AM     0        33    0.00    0.00    0.00    0.00    0.00     4      0.00      0.00       0       0   0.00  migration/4
03:25:08 AM     0        34    0.00    0.00    0.00    0.00    0.00     4      0.00      0.00       0       0   0.00  ksoftirqd/4
03:25:08 AM     0        36    0.00    0.00    0.00    0.00    0.00     4      0.00      0.00       0       0   0.00  kworker/4:0H-kblockd
03:25:08 AM     0        37    0.00    0.00    0.00    0.00    0.00     5      0.00      0.00       0       0   0.00  cpuhp/5
03:25:08 AM     0        38    0.00    0.00    0.00    0.00    0.00     5      0.00      0.00       0       0   0.00  migration/5
03:25:08 AM     0        39    0.00    0.00    0.00    0.00    0.00     5      0.00      0.00       0       0   0.00  ksoftirqd/5
03:25:08 AM     0        41    0.00    0.00    0.00    0.00    0.00     5      0.00      0.00       0       0   0.00  kworker/5:0H-kblockd
03:25:08 AM     0        42    0.00    0.00    0.00    0.00    0.00     6      0.00      0.00       0       0   0.00  cpuhp/6
03:25:08 AM     0        43    0.00    0.00    0.00    0.00    0.00     6      0.00      0.00       0       0   0.00  migration/6
03:25:08 AM     0        44    0.00    0.00    0.00    0.00    0.00     6      0.00      0.00       0       0   0.00  ksoftirqd/6
03:25:08 AM     0        46    0.00    0.00    0.00    0.00    0.00     6      0.00      0.00       0       0   0.00  kworker/6:0H-events_highpri
03:25:08 AM     0        47    0.00    0.00    0.00    0.00    0.00     7      0.00      0.00       0       0   0.00  cpuhp/7
03:25:08 AM     0        48    0.00    0.00    0.00    0.00    0.00     7      0.00      0.00       0       0   0.00  migration/7
03:25:08 AM     0        49    0.00    0.00    0.00    0.00    0.00     7      0.00      0.00       0       0   0.00  ksoftirqd/7
03:25:08 AM     0        50    0.00    0.00    0.00    0.00    0.00     0      0.00      0.00       0       0   0.00  kworker/7:0-rcu_gp
03:25:08 AM     0        51    0.00    0.00    0.00    0.00    0.00     7      0.00      0.00       0       0   0.00  kworker/7:0H-kblockd
03:25:08 AM     0        52    0.00    0.00    0.00    0.00    0.00     0      0.00      0.00       0       0   0.00  kdevtmpfs
03:25:08 AM     0        53    0.00    0.00    0.00    0.00    0.00     4      0.00      0.00       0       0   0.00  netns
03:25:08 AM     0        54    0.00    0.00    0.00    0.00    0.00     1      0.00      0.00       0       0   0.00  kauditd
03:25:08 AM     0        55    0.00    0.00    0.00    0.00    0.00     0      0.00      0.00       0       0   0.00  irq/87-mc_statu
03:25:08 AM     0        56    0.00    0.00    0.00    0.00    0.00     0      0.00      0.00       0       0   0.00  khungtaskd
03:25:08 AM     0        57    0.00    0.00    0.00    0.00    0.00     3      0.00      0.00       0       0   0.00  oom_reaper
03:25:08 AM     0        58    0.00    0.00    0.00    0.00    0.00     5      0.00      0.00       0       0   0.00  writeback
03:25:08 AM     0        59    0.00    0.00    0.00    0.00    0.00     3      0.00      0.00       0       0   0.00  kcompactd0
03:25:08 AM     0        60    0.00    0.00    0.00    0.00    0.00     1      0.00      0.00       0       0   0.00  ksmd
03:25:08 AM     0        61    0.00    0.00    0.00    0.00    0.00     0      0.00      0.00       0       0   0.00  khugepaged
03:25:08 AM     0        93    0.00    0.00    0.00    0.00    0.00     1      0.00      0.00       0       0   0.00  kintegrityd
03:25:08 AM     0        94    0.00    0.00    0.00    0.00    0.00     1      0.00      0.00       0       0   0.00  kblockd
03:25:08 AM     0        95    0.00    0.00    0.00    0.00    0.00     1      0.00      0.00       0       0   0.00  blkcg_punt_bio
03:25:08 AM     0        97    0.00    0.00    0.00    0.00    0.00     3      0.00      0.00       0       0   0.00  tpm_dev_wq
03:25:08 AM     0        98    0.00    0.00    0.00    0.00    0.00     0      0.00      0.00       0       0   0.00  irq/197-30c0000
03:25:08 AM     0        99    0.00    0.00    0.00    0.00    0.00     1      0.00      0.00       0       0   0.00  devfreq_wq
03:25:08 AM     0       100    0.00    0.00    0.00    0.00    0.00     1      0.00      0.00       0       0   0.00  watchdogd
03:25:08 AM     0       104    0.00    0.00    0.00    0.00    0.00     7      0.00      0.00       0       0   0.00  rpciod
03:25:08 AM     0       106    0.00    0.00    0.00    0.00    0.00     7      0.00      0.00       0       0   0.00  xprtiod
03:25:08 AM     0       108    0.00    0.00    0.00    0.00    0.00     7      0.00      0.00       0       0   0.00  kswapd0
03:25:08 AM     0       109    0.00    0.00    0.00    0.00    0.00     5      0.00      0.00       0       0   0.00  nfsiod
03:25:08 AM     0       112    0.00    0.00    0.00    0.00    0.00     1      0.00      0.00       0       0   0.00  kthrotld
03:25:08 AM     0       113    0.00    0.00    0.00    0.00    0.00     7      0.00      0.00       0       0   0.00  kpcitest
03:25:08 AM     0       116    0.00    0.00    0.00    0.00    0.00     5      0.00      0.00       0       0   0.00  kworker/5:1-events
03:25:08 AM     0       122    0.00    0.00    0.00    0.00    0.00     1      0.00      0.00       0       0   0.00  nvme-wq
03:25:08 AM     0       123    0.00    0.00    0.00    0.00    0.00     5      0.00      0.00       0       0   0.00  nvme-reset-wq
03:25:08 AM     0       124    0.00    0.00    0.00    0.00    0.00     6      0.00      0.00       0       0   0.00  nvme-delete-wq
03:25:08 AM     0       125    0.00    0.00    0.00    0.00    0.00     6      0.00      0.00       0       0   0.00  uas
03:25:08 AM     0       126    0.00    0.00    0.00    0.00    0.00     0      0.00      0.00       0       0   0.00  irq/222-tegra_r
03:25:08 AM     0       127    0.00    0.00    0.00    0.00    0.00     0      0.00      0.00       0       0   0.00  kworker/7:2-events
03:25:08 AM     0       129    0.00    0.00    0.00    0.00    0.00     0      0.00      0.00       0       0   0.00  irq/86-tegra-oc
03:25:08 AM     0       130    0.00    0.00    0.00    0.00    0.00     5      0.00      0.00       0       0   0.00  dm_bufio_cache
03:25:08 AM     0       131    0.00    0.00    0.00    0.00    0.00     0      0.00      0.00       0       0   0.00  irq/223-max7762
03:25:08 AM     0       140    0.00    0.00    0.00    0.00    0.00     0      0.00      0.00       0       0   0.00  irq/55-bc00000.
03:25:08 AM     0       143    0.00    0.00    0.00    0.00    0.00     0      0.00      0.00       0       0   0.00  ipv6_addrconf
03:25:08 AM     0       144    0.00    0.00    0.00    0.00    0.00     6      0.00      0.00       0       0   0.00  krfcommd
03:25:08 AM     0       145    0.00    0.00    0.00    0.00    0.00     0      0.00      0.00       0       0   0.00  kstrp
03:25:08 AM     0       150    0.00    0.00    0.00    0.00    0.00     0      0.00      0.00       0       0   0.00  irq/24-tegra-pc
03:25:08 AM     0       154    0.00    0.00    0.00    0.00    0.00     0      0.00      0.00       0       0   0.00  irq/26-tegra-pc
03:25:08 AM     0       160    0.00    0.00    0.00    0.00    0.00     0      0.00      0.00       0       0   0.00  irq/26-aerdrv
03:25:08 AM     0       161    0.00    0.00    0.00    0.00    0.00     0      0.00      0.00       0       0   0.00  irq/28-tegra-pc
03:25:08 AM     0       162    0.00    0.00    0.00    0.00    0.00     0      0.00      0.00       0       0   0.00  irq/28-aerdrv
03:25:08 AM     0       163    0.00    0.00    0.00    0.00    0.00     5      0.00      0.00       0       0   0.00  host_low_prio_w
03:25:08 AM     0       164    0.00    0.00    0.00    0.00    0.00     0      0.00      0.00       0       0   0.00  irq/57-host_syn
03:25:08 AM     0       165    0.00    0.00    0.00    0.00    0.00     0      0.00      0.00       0       0   0.00  irq/58-host_sta
03:25:08 AM     0       173    0.00    0.00    0.00    0.00    0.00     5      0.00      0.00       0       0   0.00  pva_task_status
03:25:08 AM     0       174    0.00    0.00    0.00    0.00    0.00     0      0.00      0.00       0       0   0.00  irq/75-pva-isr
03:25:08 AM     0       175    0.00    0.00    0.00    0.00    0.00     0      0.00      0.00       0       0   0.00  pva_task_status
03:25:08 AM     0       176    0.00    0.00    0.00    0.00    0.00     0      0.00      0.00       0       0   0.00  irq/76-pva-isr
03:25:08 AM     0       185    0.00    0.00    0.00    0.00    0.00     0      0.00      0.00       0       0   0.00  sdhci
03:25:08 AM     0       186    0.00    0.00    0.00    0.00    0.00     0      0.00      0.00       0       0   0.00  irq/39-mmc0
03:25:08 AM     0       187    0.00    0.00    0.00    0.00    0.00     2      0.00      0.00       0       0   0.00  sdhci
03:25:08 AM     0       189    0.00    0.00    0.00    0.00    0.00     0      0.00      0.00       0       0   0.00  irq/40-mmc1
03:25:08 AM     0       195    0.00    0.00    0.00    0.00    0.00     7      0.00      0.00       0       0   0.00  scsi_eh_0
03:25:08 AM     0       196    0.00    0.00    0.00    0.00    0.00     7      0.00      0.00       0       0   0.00  scsi_tmf_0
03:25:08 AM     0       197    0.00    0.00    0.00    0.00    0.00     0      0.00      0.00       0       0   0.00  kworker/5:2-events
03:25:08 AM     0       198    0.00    0.00    0.00    0.00    0.00     0      0.00      0.00       0       0   0.00  irq/67-15200000
03:25:08 AM     0       199    0.00    0.00    0.00    0.00    0.00     1      0.00      0.00       0       0   0.00  tegradc.0/a
03:25:08 AM     0       200    0.00    0.00    0.00    0.00    0.00     0      0.00      0.00       0       0   0.00  tegradc.0/b
03:25:08 AM     0       201    0.00    0.00    0.00    0.00    0.00     0      0.00      0.00       0       0   0.00  tegradc.0/c
03:25:08 AM     0       202    0.00    0.00    0.00    0.00    0.00     0      0.00      0.00       0       0   0.00  tegradc.0/d
03:25:08 AM     0       203    0.00    0.00    0.00    0.00    0.00     0      0.00      0.00       0       0   0.00  tegradc.0/e
03:25:08 AM     0       204    0.00    0.00    0.00    0.00    0.00     0      0.00      0.00       0       0   0.00  tegradc.0/f
03:25:08 AM     0       205    0.00    0.00    0.00    0.00    0.00     0      0.00      0.00       0       0   0.00  tegradc.0/sl
03:25:08 AM     0       206    0.00    0.00    0.00    0.00    0.00     0      0.00      0.00       0       0   0.00  irq/62-15200000
03:25:08 AM     0       207    0.00    0.00    0.00    0.00    0.00     0      0.00      0.00       0       0   0.00  irq/276-3400000
03:25:08 AM     0       208    0.00    0.00    0.00    0.00    0.00     0      0.00      0.00       0       0   0.00  ufs_eh_wq_0
03:25:08 AM     0       209    0.00    0.00    0.00    0.00    0.00     3      0.00      0.00       0       0   0.00  mmc_complete
03:25:08 AM     0       211    0.00    0.00    0.00    0.00    0.00     0      0.00      0.00       0       0   0.00  irq/278-1520000
03:25:08 AM     0       212    0.00    0.00    0.00    0.00    0.00     0      0.00      0.00       0       0   0.00  irq/203-3610000
03:25:08 AM     0       213    0.00    0.00    0.00    0.00    0.00     0      0.00      0.00       0       0   0.00  irq/221-3610000
03:25:08 AM     0       214    0.00    0.00    0.00    0.00    0.00     0      0.00      0.00       0       0   0.00  irq/30-tegra-pc
03:25:08 AM     0       216    0.00    0.00    0.00    0.00    0.00     0      0.00      0.00       0       0   0.00  kworker/4:3-events
03:25:08 AM     0       218    0.00    0.00    0.00    0.00    0.00     4      0.00      0.00       0       0   0.00  kworker/4:5-events
03:25:08 AM     0       221    0.00    0.00    0.00    0.00    0.00     0      0.00      0.00       0       0   0.00  kworker/6:12-events
03:25:08 AM     0       222    0.00    0.00    0.00    0.00    0.00     0      0.00      0.00       0       0   0.00  kworker/6:13-events
03:25:08 AM     0       225    0.00    0.00    0.00    0.00    0.00     0      0.00      0.00       0       0   0.00  irq/68-tegra_dp
03:25:08 AM     0       226    0.00    0.00    0.00    0.00    0.00     0      0.00      0.00       0       0   0.00  irq/65-15210000
03:25:08 AM     0       227    0.00    0.00    0.00    0.00    0.00     0      0.00      0.00       0       0   0.00  tegradc.1/a
03:25:08 AM     0       228    0.00    0.00    0.00    0.00    0.00     0      0.00      0.00       0       0   0.00  tegradc.1/b
03:25:08 AM     0       229    0.00    0.00    0.00    0.00    0.00     0      0.00      0.00       0       0   0.00  tegradc.1/c
03:25:08 AM     0       230    0.00    0.00    0.00    0.00    0.00     0      0.00      0.00       0       0   0.00  tegradc.1/d
03:25:08 AM     0       231    0.00    0.00    0.00    0.00    0.00     0      0.00      0.00       0       0   0.00  tegradc.1/e
03:25:08 AM     0       232    0.00    0.00    0.00    0.00    0.00     0      0.00      0.00       0       0   0.00  tegradc.1/f
03:25:08 AM     0       233    0.00    0.00    0.00    0.00    0.00     1      0.00      0.00       0       0   0.00  tegradc.1/sl
03:25:08 AM     0       234    0.00    0.00    0.00    0.00    0.00     0      0.00      0.00       0       0   0.00  irq/63-15210000
03:25:08 AM     0       249    0.00    0.00    0.00    0.00    0.00     0      0.00      0.00       0       0   0.00  irq/56-d230000.
03:25:08 AM     0       250    0.00    0.00    0.00    0.00    0.00     0      0.00      0.00       0       0   0.00  irq/69-tegra_dp
03:25:08 AM     0       251    0.00    0.00    0.00    0.00    0.00     0      0.00      0.00       0       0   0.00  irq/66-15220000
03:25:08 AM     0       252    0.00    0.00    0.00    0.00    0.00     0      0.00      0.00       0       0   0.00  tegradc.2/a
03:25:08 AM     0       253    0.00    0.00    0.00    0.00    0.00     0      0.00      0.00       0       0   0.00  tegradc.2/b
03:25:08 AM     0       254    0.00    0.00    0.00    0.00    0.00     0      0.00      0.00       0       0   0.00  tegradc.2/c
03:25:08 AM     0       255    0.00    0.00    0.00    0.00    0.00     0      0.00      0.00       0       0   0.00  tegradc.2/d
03:25:08 AM     0       256    0.00    0.00    0.00    0.00    0.00     0      0.00      0.00       0       0   0.00  tegradc.2/e
03:25:08 AM     0       257    0.00    0.00    0.00    0.00    0.00     0      0.00      0.00       0       0   0.00  tegradc.2/f
03:25:08 AM     0       258    0.00    0.00    0.00    0.00    0.00     0      0.00      0.00       0       0   0.00  tegradc.2/sl
03:25:08 AM     0       259    0.00    0.00    0.00    0.00    0.00     0      0.00      0.00       0       0   0.00  irq/64-15220000
03:25:08 AM     0       275    0.00    0.00    0.00    0.00    0.00     2      0.00      0.00       0       0   0.00  jbd2/mmcblk0p1-
03:25:08 AM     0       276    0.00    0.00    0.00    0.00    0.00     3      0.00      0.00       0       0   0.00  ext4-rsv-conver
03:25:08 AM     0       280    0.00    0.00    0.00    0.00    0.00     7      0.00      0.00       0       0   0.00  kworker/7:1H
03:25:08 AM     0       286    0.00    0.00    0.00    0.00    0.00     5      0.00      0.00       0       0   0.00  kworker/5:1H-kblockd
03:25:08 AM     0       312    0.00    0.00    0.00    0.00    0.00     0      0.00      0.00   61816   32076   0.10  systemd-journal
03:25:08 AM     0       338    0.00    0.00    0.00    0.00    0.00     1      0.00      0.00       0       0   0.00  nvmap-bz
03:25:08 AM     0       339    0.00    0.00    0.00    0.00    0.00     0      0.00      0.00       0       0   0.00  irq/204-gk20a_s
03:25:08 AM     0       340    0.00    0.00    0.00    0.00    0.00     0      0.00      0.00       0       0   0.00  irq/205-gk20a_n
03:25:08 AM     0       345    0.00    0.00    0.00    0.00    0.00     3      0.00      0.00    2776    1492   0.00  tee-supplicant
03:25:08 AM     0       347    0.00    0.00    0.00    0.00    0.00     3      0.00      0.00       0       0   0.00  optee_bus_scan
03:25:08 AM     0       358    0.00    0.00    0.00    0.00    0.00     2      0.00      0.00   22788    7532   0.02  systemd-udevd
03:25:08 AM     0       364    0.00    0.00    0.00    0.00    0.00     1      0.00      0.00    7948    4892   0.02  haveged
03:25:08 AM   126       365    0.00    0.00    0.00    0.00    0.00     3      0.00      0.00    7136    3108   0.01  rpcbind
03:25:08 AM   105       366    0.00    0.00    0.00    0.00    0.00     1      0.00      0.00   25592   13288   0.04  systemd-resolve
03:25:08 AM   103       367    0.00    0.00    0.00    0.00    0.00     0      0.00      0.00   90672    6220   0.02  systemd-timesyn
03:25:08 AM     0       407    0.00    0.00    0.00    0.00    0.00     5      0.00      0.00       0       0   0.00  cfg80211
03:25:08 AM     0       410    0.00    0.00    0.00    0.00    0.00     0      0.00      0.00       0       0   0.00  irq/42-3210000.
03:25:08 AM     0       412    0.00    0.00    0.00    0.00    0.00     2      0.00      0.00       0       0   0.00  spi0
03:25:08 AM     0       413    0.00    1.00    0.00    0.00    1.00     1      0.00      0.00       0       0   0.00  irq/282-iwlwifi
03:25:08 AM     0       416    0.00    0.00    0.00    0.00    0.00     4      0.00      0.00       0       0   0.00  ata_sff
03:25:08 AM     0       419    0.00    0.00    0.00    0.00    0.00     0      0.00      0.00       0       0   0.00  irq/43-c260000.
03:25:08 AM     0       420    0.00    0.00    0.00    0.00    0.00     6      0.00      0.00       0       0   0.00  scsi_eh_1
03:25:08 AM     0       422    0.00    0.00    0.00    0.00    0.00     6      0.00      0.00       0       0   0.00  scsi_tmf_1
03:25:08 AM     0       427    0.00    0.00    0.00    0.00    0.00     0      0.00      0.00       0       0   0.00  spi1
03:25:08 AM     0       430    0.00    0.00    0.00    0.00    0.00     1      0.00      0.00  242072    8880   0.03  accounts-daemon
03:25:08 AM   120       439    0.00    0.00    0.00    0.00    0.00     1      0.00      0.00    7084    3472   0.01  avahi-daemon
03:25:08 AM     0       441    0.00    0.00    0.00    0.00    0.00     1      0.00      0.00    9220    2516   0.01  cron
03:25:08 AM   106       443    0.00    0.00    0.00    0.00    0.00     2      0.00      0.00    9396    5264   0.02  dbus-daemon
03:25:08 AM     0       447    0.00    0.00    0.00    0.00    0.00     0      0.00      0.00  341244   20856   0.07  NetworkManager
03:25:08 AM     0       456    0.00    0.00    0.00    0.00    0.00     4      0.00      0.00   38300   19472   0.06  networkd-dispat
03:25:08 AM     0       473    0.00    0.00    0.00    0.00    0.00     3      0.00      0.00  238860   13352   0.04  polkitd
03:25:08 AM   125       483    0.00    0.00    0.00    0.00    0.00     3      0.00      0.00  220940    8288   0.03  rsyslogd
03:25:08 AM     0       503    0.00    0.00    0.00    0.00    0.00     2      0.00      0.00  235864    4364   0.01  switcheroo-cont
03:25:08 AM     0       514    0.00    0.00    0.00    0.00    0.00     0      0.00      0.00   17076    6760   0.02  systemd-logind
03:25:08 AM     0       523    0.00    0.00    0.00    0.00    0.00     2      0.00      0.00  395556   15680   0.05  udisksd
03:25:08 AM     0       528    0.00    0.00    0.00    0.00    0.00     0      0.00      0.00   12784    8052   0.03  wpa_supplicant
03:25:08 AM     0       548    0.00    1.00    0.00    0.00    1.00     0      0.00      0.00       0       0   0.00  sugov:0
03:25:08 AM   120       555    0.00    0.00    0.00    0.00    0.00     2      0.00      0.00    6896     324   0.00  avahi-daemon
03:25:08 AM     0       585    0.00    0.00    0.00    0.00    0.00     5      0.00      0.00       0       0   0.00  tmp451
03:25:08 AM     0       597    0.00    0.00    0.00    0.00    0.00     3      0.00      0.00       0       0   0.00  irq/286-1-0008
03:25:08 AM     0       600    0.00    0.00    0.00    0.00    0.00     2      0.00      0.00  321792   14480   0.05  ModemManager
03:25:08 AM     0       653    0.00    0.00    0.00    0.00    0.00     1      0.00      0.00    2476     604   0.00  nvfancontrol
03:25:08 AM     0       728    0.00    0.00    0.00    0.00    0.00     4      0.00      0.00       0       0   0.00  adspp_kthread
03:25:08 AM     0       779    0.00    0.00    0.00    0.00    0.00     6      0.00      0.00       0       0   0.00  kworker/6:2H-kblockd
03:25:08 AM     0       876    0.00    0.00    0.00    0.00    0.00     1      0.00      0.00       0       0   0.00  irq/289-2490000
03:25:08 AM     0       887    0.00    0.00    0.00    0.00    0.00     0      0.00      0.00       0       0   0.00  irq/32-eth0.com
03:25:08 AM     0       919    0.00    0.00    0.00    0.00    0.00     4      0.00      0.00       0       0   0.00  file-storage
03:25:08 AM     0       953    0.00    0.00    0.00    0.00    0.00     1      0.00      0.00       0       0   0.00  loop0
03:25:08 AM     0      1048    0.00    0.00    0.00    0.00    0.00     4      0.00      0.00       0       0   0.00  kworker/4:2H-kblockd
03:25:08 AM     0      1091    0.00    0.00    0.00    0.00    0.00     3      0.00      0.00       0       0   0.00  cryptd
03:25:08 AM     0      1147    0.00    0.00    0.00    0.00    0.00     2      0.00      0.00       0       0   0.00  sw-quiesce
03:25:08 AM     0      1148    0.00    1.00    0.00    0.00    1.00     3      0.00      0.00       0       0   0.00  nvgpu_channel_p
03:25:08 AM     0      1151    0.00    0.00    0.00    0.00    0.00     1      0.00      0.00       0       0   0.00  nvgpu_nvs_gv11b
03:25:08 AM     0      1153    0.00    0.00    0.00    0.00    0.00     1      0.00      0.00       0       0   0.00  nvgpu_pg_init_g
03:25:08 AM     0      1157    0.00    0.00    0.00    0.00    0.00     3      0.00      0.00       0       0   0.00  nvgpu_clk_arb_p
03:25:08 AM     0      1162    0.00    0.00    0.00    0.00    0.00     3      0.00      0.00       0       0   0.00  irq/288-rt5659
03:25:08 AM     0      1270    0.00    0.00    0.00    0.00    0.00     3      0.00      0.00   55688   11092   0.03  nvargus-daemon
03:25:08 AM     0      1273    0.00    0.00    0.00    0.00    0.00     3      0.00      0.00   21932    1552   0.00  nvs-service
03:25:08 AM     0      1298    0.00    0.00    0.00    0.00    0.00     1      5.00      0.00 2007972   49164   0.15  containerd
03:25:08 AM     0      1314    0.00    0.00    0.00    0.00    0.00     0      0.00      0.00  240032    7616   0.02  gdm3
03:25:08 AM   108      1326    0.00    0.00    0.00    0.00    0.00     1      0.00      0.00   11468    1896   0.01  kerneloops
03:25:08 AM     0      1327    0.00    0.00    0.00    0.00    0.00     3      0.00      0.00   12236    6576   0.02  sshd
03:25:08 AM     0      1336    0.00    0.00    0.00    0.00    0.00     0      0.00      0.00    7688    1876   0.01  agetty
03:25:08 AM     0      1337    0.00    0.00    0.00    0.00    0.00     2      0.00      0.00    7688    1904   0.01  agetty
03:25:08 AM   108      1339    0.00    0.00    0.00    0.00    0.00     2      0.00      0.00   11468    1820   0.01  kerneloops
03:25:08 AM     0      1340    0.00    0.00    0.00    0.00    0.00     3      0.00      0.00    9216    2824   0.01  nvgetty.sh
03:25:08 AM     0      1379    0.00    0.00    0.00    0.00    0.00     0      0.00      0.00    7688    1848   0.01  getty
03:25:08 AM     0      1554    0.00    0.00    0.00    0.00    0.00     2      0.00      0.00 2111796   86036   0.27  dockerd
03:25:08 AM     0      1677    0.00    0.00    0.00    0.00    0.00     2      0.00      0.00  168472    8256   0.03  gdm-session-wor
03:25:08 AM     0      1711    0.00    0.00    0.00    0.00    0.00     0      0.00      0.00    3248     808   0.00  nvphsd
03:25:08 AM     0      1716    0.00    0.00    0.00    0.00    0.00     3      0.00      0.00    3380    1788   0.01  nvphsd
03:25:08 AM   124      1789    0.00    0.00    0.00    0.00    0.00     3      0.00      0.00   19144    9224   0.03  systemd
03:25:08 AM   124      1804    0.00    0.00    0.00    0.00    0.00     3      0.00      0.00  104488    5436   0.02  (sd-pam)
03:25:08 AM   124      2014    0.00    0.00    0.00    0.00    0.00     1      0.00      0.00  961884   21984   0.07  pulseaudio
03:25:08 AM   124      2032    0.00    0.00    0.00    0.00    0.00     2      0.00      0.00  164156    5924   0.02  gdm-x-session
03:25:08 AM   124      2037    0.00    0.00    0.00    0.00    0.00     2      0.00      0.00 25330232   99256   0.31  Xorg
03:25:08 AM   118      2040    0.00    0.00    0.00    0.00    0.00     1      0.00      0.00  152516    2440   0.01  rtkit-daemon
03:25:08 AM   124      2162    0.00    0.00    0.00    0.00    0.00     2      0.00      0.00    7812    3448   0.01  dbus-daemon
03:25:08 AM   124      2428    0.00    0.00    0.00    0.00    0.00     0      0.00      0.00    4776    1164   0.00  dbus-run-sessio
03:25:08 AM   124      2429    0.00    0.00    0.00    0.00    0.00     2      0.00      0.00    8088    4104   0.01  dbus-daemon
03:25:08 AM   124      2438    0.00    0.00    0.00    0.00    0.00     0      0.00      0.00  559768   14932   0.05  gnome-session-b
03:25:08 AM     0      2457    0.00    0.00    0.00    0.00    0.00     2      0.00      0.00  101692   19628   0.06  jtop
03:25:08 AM   124      2463    0.00    0.00    0.00    0.00    0.00     3      0.00      0.00  309548   10092   0.03  at-spi-bus-laun
03:25:08 AM   124      2470    0.00    0.00    0.00    0.00    0.00     1      0.00      0.00    7676    3468   0.01  dbus-daemon
03:25:08 AM   124      2495    0.00    0.00    0.00    0.00    0.00     2      0.00      0.00 4022996  194924   0.61  gnome-shell
03:25:08 AM     0      2510    0.00    0.00    0.00    0.00    0.00     2      0.00      0.00  175424   16904   0.05  jtop
03:25:08 AM     0      2518    0.00    0.00    0.00    0.00    0.00     2      0.00      0.00  101692   17160   0.05  jtop
03:25:08 AM   124      2696    0.00    0.00    0.00    0.00    0.00     0      0.00      0.00  314420   11212   0.04  ibus-daemon
03:25:08 AM   124      2699    0.00    0.00    0.00    0.00    0.00     2      0.00      0.00  239960   11792   0.04  ibus-dconf
03:25:08 AM   124      2701    0.00    0.00    0.00    0.00    0.00     2      0.00      0.00  189920   16900   0.05  ibus-x11
03:25:08 AM   124      2704    0.00    0.00    0.00    0.00    0.00     3      0.00      0.00  239880    7776   0.02  ibus-portal
03:25:08 AM   124      2715    0.00    0.00    0.00    0.00    0.00     1      0.00      0.00  161420    6880   0.02  at-spi2-registr
03:25:08 AM   124      2719    0.00    0.00    0.00    0.00    0.00     3      0.00      0.00  235804    4672   0.01  xdg-permission-
03:25:08 AM     0      2725    0.00    0.00    0.00    0.00    0.00     0      0.00      0.00  252944    8776   0.03  upowerd
03:25:08 AM   124      2745    0.00    0.00    0.00    0.00    0.00     2      0.00      0.00 3001620   27244   0.09  gjs
03:25:08 AM   124      2764    0.00    0.00    0.00    0.00    0.00     3      0.00      0.00  469396   14236   0.04  gsd-sharing
03:25:08 AM   124      2765    0.00    0.00    0.00    0.00    0.00     1      0.00      0.00  334628   15072   0.05  gsd-wacom
03:25:08 AM   124      2768    0.00    0.00    0.00    0.00    0.00     3      0.00      0.00  571788   19844   0.06  gsd-color
03:25:08 AM   124      2772    0.00    0.00    0.00    0.00    0.00     3      0.00      0.00  338096   17824   0.06  gsd-keyboard
03:25:08 AM   124      2774    0.00    0.00    0.00    0.00    0.00     2      0.00      0.00  322508   11376   0.04  gsd-print-notif
03:25:08 AM   124      2779    0.00    0.00    0.00    0.00    0.00     3      0.00      0.00  166208    7736   0.02  ibus-engine-sim
03:25:08 AM   124      2780    0.00    0.00    0.00    0.00    0.00     1      0.00      0.00  457460    7996   0.03  gsd-rfkill
03:25:08 AM   124      2782    0.00    0.00    0.00    0.00    0.00     1      0.00      0.00  391976    9696   0.03  gsd-smartcard
03:25:08 AM   124      2784    0.00    0.00    0.00    0.00    0.00     2      0.00      0.00  374928   15372   0.05  gsd-datetime
03:25:08 AM   124      2790    0.00    0.00    0.00    0.00    0.00     2      0.00      0.00  679696   20032   0.06  gsd-media-keys
03:25:08 AM   124      2791    0.00    0.00    0.00    0.00    0.00     3      0.00      0.00  235772    5600   0.02  gsd-screensaver
03:25:08 AM   124      2793    0.00    0.00    0.00    0.00    0.00     3      0.00      0.00  320104    9452   0.03  gsd-sound
03:25:08 AM   124      2795    0.00    0.00    0.00    0.00    0.00     3      0.00      0.00  313652   10144   0.03  gsd-a11y-settin
03:25:08 AM   124      2799    0.00    0.00    0.00    0.00    0.00     3      0.00      0.00  313992   10540   0.03  gsd-housekeepin
03:25:08 AM   124      2802    0.00    0.00    0.00    0.00    0.00     3      0.00      0.00  339724   18828   0.06  gsd-power
03:25:08 AM   124      2824    0.00    0.00    0.00    0.00    0.00     2      0.00      0.00  342540   12784   0.04  gsd-printer
03:25:08 AM   119      2837    0.00    0.00    0.00    0.00    0.00     2      0.00      0.00  249328   17548   0.06  colord
03:25:08 AM     0     29120    0.00    0.00    0.00    0.00    0.00     2      0.00      0.00       0       0   0.00  kworker/u17:2-rb_allocator
03:25:08 AM     0     33852    0.00    0.00    0.00    0.00    0.00     1      0.00      0.00       0       0   0.00  kworker/1:0H-kblockd
03:25:08 AM     0     35048    0.00    0.00    0.00    0.00    0.00     0      0.00      0.00       0       0   0.00  kworker/u17:0-thermal_fan_est
03:25:08 AM  1000     39960    0.00    0.00    0.00    0.00    0.00     1      0.00      0.00   19248    9208   0.03  systemd
03:25:08 AM  1000     39961    0.00    0.00    0.00    0.00    0.00     2      0.00      0.00  170940    6304   0.02  (sd-pam)
03:25:08 AM  1000     40037    0.00    0.00    0.00    0.00    0.00     3      0.00      0.00    7812    3952   0.01  dbus-daemon
03:25:08 AM     0     40147    0.00    0.00    0.00    0.00    0.00     1      0.00      0.00       0       0   0.00  kworker/1:0-pm
03:25:08 AM     0     40174    0.00    0.00    0.00    0.00    0.00     2      0.00      0.00       0       0   0.00  kworker/2:2H-kblockd
03:25:08 AM     0     40194    0.00    0.00    0.00    0.00    0.00     3      0.00      0.00       0       0   0.00  kworker/3:0H-kblockd
03:25:08 AM     0     41650    0.00    0.00    0.00    0.00    0.00     3      0.00      0.00       0       0   0.00  kworker/3:0-mm_percpu_wq
03:25:08 AM     0     81462    0.00    0.00    0.00    0.00    0.00     2      0.00      0.00       0       0   0.00  kworker/2:2-mm_percpu_wq
03:25:08 AM     0     81478    0.00    0.00    0.00    0.00    0.00     0      0.00      0.00       0       0   0.00  kworker/0:1H-kblockd
03:25:08 AM  1000     84840    0.00    0.00    0.00    0.00    0.00     3      0.00      0.00  240176   10088   0.03  gnome-keyring-d
03:25:08 AM   124     84900    0.00    0.00    0.00    0.00    0.00     1      0.00      0.00  156240    4584   0.01  dconf-service
03:25:08 AM     0     85427    0.00    0.00    0.00    0.00    0.00     0      0.00      0.00       0       0   0.00  kworker/0:2-events
03:25:08 AM     0     86310    0.00    0.00    0.00    0.00    0.00     3      0.00      0.00       0       0   0.00  kworker/u16:1-events_unbound
03:25:08 AM     0     86549    0.00    0.00    0.00    0.00    0.00     2      0.00      0.00   14768    7664   0.02  sshd
03:25:08 AM  1000     86593    0.00    0.00    0.00    0.00    0.00     3      0.00      0.00   15292    6480   0.02  sshd
03:25:08 AM  1000     86594    0.00    0.00    0.00    0.00    0.00     3      0.00      0.00   11860    5896   0.02  bash
03:25:08 AM     0     87290    0.00    0.00    0.00    0.00    0.00     0      0.00      0.00   14768    7584   0.02  sshd
03:25:08 AM  1000     87334    0.00    0.00    0.00    0.00    0.00     0      0.00      0.00   15292    6412   0.02  sshd
03:25:08 AM  1000     87335    0.00    0.00    0.00    0.00    0.00     2      0.00      0.00   11344    5436   0.02  bash
03:25:08 AM     0    137289    0.00    0.00    0.00    0.00    0.00     1      0.00      0.00       0       0   0.00  kworker/1:3-pm
03:25:08 AM     0    142495    0.00    0.00    0.00    0.00    0.00     1      0.00      0.00       0       0   0.00  kworker/1:4-events
03:25:08 AM     0    147908    0.00    0.00    0.00    0.00    0.00     2      0.00      0.00   14768    7636   0.02  sshd
03:25:08 AM  1000    147952    0.00    0.00    0.00    0.00    0.00     1      0.00      0.00   15292    5656   0.02  sshd
03:25:08 AM  1000    147953    0.00    0.00    0.00    0.00    0.00     3      0.00      0.00   11344    5400   0.02  bash
03:25:08 AM     0    148065    1.00    0.00    0.00    0.00    1.00     2      4.00      0.00 1237828   16592   0.05  containerd-shim
03:25:08 AM     0    148086    0.00    0.00    0.00    0.00    0.00     3      0.00      0.00    4560    3504   0.01  bash
03:25:08 AM  1000    148115    0.00    0.00    0.00    0.00    0.00     3      0.00      0.00 1919232   29524   0.09  docker
03:25:08 AM     0    148133    0.00    0.00    0.00    0.00    0.00     1      0.00      0.00    4560    3508   0.01  bash
03:25:08 AM     0    148158    0.00    0.00    0.00    0.00    0.00     0      0.00      0.00  196036   35060   0.11  ros2
03:25:08 AM     0    148159    5.00    3.00    0.00    1.00    8.00     3      0.00      0.00  580876   29100   0.09  scale_truck_con
03:25:08 AM     0    148161    5.00    5.00    0.00    1.00   10.00     1      0.00      0.00  583484   22488   0.07  lrc_node
03:25:08 AM     0    148232    0.00    0.00    0.00    0.00    0.00     1      0.00      0.00   14768    7560   0.02  sshd
03:25:08 AM  1000    148276    0.00    0.00    0.00    0.00    0.00     3      0.00      0.00   15292    6364   0.02  sshd
03:25:08 AM  1000    148277    0.00    0.00    0.00    0.00    0.00     1     17.00      0.00   11860    5928   0.02  bash
03:25:08 AM     0    148558    1.00    0.00    0.00    0.00    1.00     3      2.00      0.00  651044   82972   0.26  python3
03:25:08 AM     0    150604    0.00    0.00    0.00    0.00    0.00     2      0.00      0.00       0       0   0.00  kworker/2:1-mm_percpu_wq
03:25:08 AM     0    150646    0.00    0.00    0.00    0.00    0.00     0      0.00      0.00       0       0   0.00  kworker/0:0H
03:25:08 AM     0    150688    0.00    0.00    0.00    0.00    0.00     2      0.00      0.00       0       0   0.00  kworker/2:0H
03:25:08 AM     0    151786    0.00    0.00    0.00    0.00    0.00     3      0.00      0.00       0       0   0.00  kworker/3:2H
03:25:08 AM     0    151819    0.00    0.00    0.00    0.00    0.00     3      0.00      0.00       0       0   0.00  kworker/3:2-cgroup_destroy
03:25:08 AM     0    151861    0.00    0.00    0.00    0.00    0.00     1      0.00      0.00       0       0   0.00  kworker/u16:0-events_unbound
03:25:08 AM     0    151916    0.00    0.00    0.00    0.00    0.00     0      0.00      0.00       0       0   0.00  kworker/0:0-events
03:25:08 AM     0    151989    0.00    0.00    0.00    0.00    0.00     1      0.00      0.00       0       0   0.00  kworker/1:1H
03:25:08 AM     0    152270    0.00    0.00    0.00    0.00    0.00     1      0.00      0.00       0       0   0.00  kworker/1:2-events
03:25:08 AM     0    152626    0.00    0.00    0.00    0.00    0.00     2      0.00      0.00       0       0   0.00  kworker/2:1H
03:25:08 AM     0    152627    0.00    0.00    0.00    0.00    0.00     3      0.00      0.00       0       0   0.00  kworker/3:1H
03:25:08 AM     0    152628    0.00    0.00    0.00    0.00    0.00     0      0.00      0.00       0       0   0.00  kworker/0:1-events
03:25:08 AM     0    152655    0.00    0.00    0.00    0.00    0.00     1      0.00      0.00       0       0   0.00  kworker/u16:2-events_unbound
03:25:08 AM     0    152798    0.00    0.00    0.00    0.00    0.00     1      0.00      0.00       0       0   0.00  kworker/1:2H
03:25:08 AM     0    152803    0.00    0.00    0.00    0.00    0.00     2      0.00      0.00       0       0   0.00  kworker/2:0
03:25:08 AM     0    152876    0.00    0.00    0.00    0.00    0.00     3      0.00      0.00    4428    3224   0.01  bash
03:25:08 AM  1000    152883    0.00    0.00    0.00    0.00    0.00     3      0.00      0.00    9208    3068   0.01  bash
03:25:08 AM     0    153059    0.00    0.00    0.00    0.00    0.00     1      0.00      0.00    2660     780   0.00  timeout
03:25:08 AM     0    153061    5.00   10.00    0.00    0.00   15.00     2      0.00      0.00  838264   47492   0.15  ros2
03:25:08 AM  1000    153071    3.00   12.00    0.00    0.00   15.00     2      0.00      0.00   17668    9488   0.03  pidstat
03:25:08 AM     0    153136    0.00    0.00    0.00    0.00    0.00     0      0.00      0.00       0       0   0.00  kworker/0:2H

# Time        UID       PID    %usr %system  %guest   %wait    %CPU   CPU  minflt/s  majflt/s     VSZ     RSS   %MEM  Command
03:25:09 AM     0         1    0.00    0.00    0.00    0.00    0.00     0      0.00      0.00  169880   11540   0.04  systemd
03:25:09 AM     0         2    0.00    0.00    0.00    0.00    0.00     1      0.00      0.00       0       0   0.00  kthreadd
03:25:09 AM     0         3    0.00    0.00    0.00    0.00    0.00     0      0.00      0.00       0       0   0.00  rcu_gp
03:25:09 AM     0         4    0.00    0.00    0.00    0.00    0.00     0      0.00      0.00       0       0   0.00  rcu_par_gp
03:25:09 AM     0         8    0.00    0.00    0.00    0.00    0.00     0      0.00      0.00       0       0   0.00  mm_percpu_wq
03:25:09 AM     0         9    0.00    0.00    0.00    0.00    0.00     0      0.00      0.00       0       0   0.00  rcu_tasks_kthre
03:25:09 AM     0        10    0.00    0.00    0.00    0.00    0.00     0      0.00      0.00       0       0   0.00  rcu_tasks_rude_
03:25:09 AM     0        11    0.00    0.00    0.00    0.00    0.00     0      0.00      0.00       0       0   0.00  rcu_tasks_trace
03:25:09 AM     0        12    0.00    0.00    0.00    0.00    0.00     0      0.00      0.00       0       0   0.00  ksoftirqd/0
03:25:09 AM     0        13    0.00    0.00    0.00    0.00    0.00     0      0.00      0.00       0       0   0.00  rcu_preempt
03:25:09 AM     0        14    0.00    0.00    0.00    0.00    0.00     0      0.00      0.00       0       0   0.00  migration/0
03:25:09 AM     0        16    0.00    0.00    0.00    0.00    0.00     0      0.00      0.00       0       0   0.00  cpuhp/0
03:25:09 AM     0        17    0.00    0.00    0.00    0.00    0.00     1      0.00      0.00       0       0   0.00  cpuhp/1
03:25:09 AM     0        18    0.00    0.00    0.00    0.00    0.00     1      0.00      0.00       0       0   0.00  migration/1
03:25:09 AM     0        19    0.00    0.00    0.00    0.00    0.00     1      0.00      0.00       0       0   0.00  ksoftirqd/1
03:25:09 AM     0        22    0.00    0.00    0.00    0.00    0.00     2      0.00      0.00       0       0   0.00  cpuhp/2
03:25:09 AM     0        23    0.00    0.00    0.00    0.00    0.00     2      0.00      0.00       0       0   0.00  migration/2
03:25:09 AM     0        24    0.00    0.00    0.00    0.00    0.00     2      0.00      0.00       0       0   0.00  ksoftirqd/2
03:25:09 AM     0        27    0.00    0.00    0.00    0.00    0.00     3      0.00      0.00       0       0   0.00  cpuhp/3
03:25:09 AM     0        28    0.00    0.00    0.00    0.00    0.00     3      0.00      0.00       0       0   0.00  migration/3
03:25:09 AM     0        29    0.00    0.00    0.00    0.00    0.00     3      0.00      0.00       0       0   0.00  ksoftirqd/3
03:25:09 AM     0        32    0.00    0.00    0.00    0.00    0.00     4      0.00      0.00       0       0   0.00  cpuhp/4
03:25:09 AM     0        33    0.00    0.00    0.00    0.00    0.00     4      0.00      0.00       0       0   0.00  migration/4
03:25:09 AM     0        34    0.00    0.00    0.00    0.00    0.00     4      0.00      0.00       0       0   0.00  ksoftirqd/4
03:25:09 AM     0        36    0.00    0.00    0.00    0.00    0.00     4      0.00      0.00       0       0   0.00  kworker/4:0H-kblockd
03:25:09 AM     0        37    0.00    0.00    0.00    0.00    0.00     5      0.00      0.00       0       0   0.00  cpuhp/5
03:25:09 AM     0        38    0.00    0.00    0.00    0.00    0.00     5      0.00      0.00       0       0   0.00  migration/5
03:25:09 AM     0        39    0.00    0.00    0.00    0.00    0.00     5      0.00      0.00       0       0   0.00  ksoftirqd/5
03:25:09 AM     0        41    0.00    0.00    0.00    0.00    0.00     5      0.00      0.00       0       0   0.00  kworker/5:0H-kblockd
03:25:09 AM     0        42    0.00    0.00    0.00    0.00    0.00     6      0.00      0.00       0       0   0.00  cpuhp/6
03:25:09 AM     0        43    0.00    0.00    0.00    0.00    0.00     6      0.00      0.00       0       0   0.00  migration/6
03:25:09 AM     0        44    0.00    0.00    0.00    0.00    0.00     6      0.00      0.00       0       0   0.00  ksoftirqd/6
03:25:09 AM     0        46    0.00    0.00    0.00    0.00    0.00     6      0.00      0.00       0       0   0.00  kworker/6:0H-events_highpri
03:25:09 AM     0        47    0.00    0.00    0.00    0.00    0.00     7      0.00      0.00       0       0   0.00  cpuhp/7
03:25:09 AM     0        48    0.00    0.00    0.00    0.00    0.00     7      0.00      0.00       0       0   0.00  migration/7
03:25:09 AM     0        49    0.00    0.00    0.00    0.00    0.00     7      0.00      0.00       0       0   0.00  ksoftirqd/7
03:25:09 AM     0        50    0.00    0.00    0.00    0.00    0.00     0      0.00      0.00       0       0   0.00  kworker/7:0-rcu_gp
03:25:09 AM     0        51    0.00    0.00    0.00    0.00    0.00     7      0.00      0.00       0       0   0.00  kworker/7:0H-kblockd
03:25:09 AM     0        52    0.00    0.00    0.00    0.00    0.00     0      0.00      0.00       0       0   0.00  kdevtmpfs
03:25:09 AM     0        53    0.00    0.00    0.00    0.00    0.00     4      0.00      0.00       0       0   0.00  netns
03:25:09 AM     0        54    0.00    0.00    0.00    0.00    0.00     1      0.00      0.00       0       0   0.00  kauditd
03:25:09 AM     0        55    0.00    0.00    0.00    0.00    0.00     0      0.00      0.00       0       0   0.00  irq/87-mc_statu
03:25:09 AM     0        56    0.00    0.00    0.00    0.00    0.00     0      0.00      0.00       0       0   0.00  khungtaskd
03:25:09 AM     0        57    0.00    0.00    0.00    0.00    0.00     3      0.00      0.00       0       0   0.00  oom_reaper
03:25:09 AM     0        58    0.00    0.00    0.00    0.00    0.00     5      0.00      0.00       0       0   0.00  writeback
03:25:09 AM     0        59    0.00    0.00    0.00    0.00    0.00     3      0.00      0.00       0       0   0.00  kcompactd0
03:25:09 AM     0        60    0.00    0.00    0.00    0.00    0.00     1      0.00      0.00       0       0   0.00  ksmd
03:25:09 AM     0        61    0.00    0.00    0.00    0.00    0.00     0      0.00      0.00       0       0   0.00  khugepaged
03:25:09 AM     0        93    0.00    0.00    0.00    0.00    0.00     1      0.00      0.00       0       0   0.00  kintegrityd
03:25:09 AM     0        94    0.00    0.00    0.00    0.00    0.00     1      0.00      0.00       0       0   0.00  kblockd
03:25:09 AM     0        95    0.00    0.00    0.00    0.00    0.00     1      0.00      0.00       0       0   0.00  blkcg_punt_bio
03:25:09 AM     0        97    0.00    0.00    0.00    0.00    0.00     3      0.00      0.00       0       0   0.00  tpm_dev_wq
03:25:09 AM     0        98    0.00    0.00    0.00    0.00    0.00     0      0.00      0.00       0       0   0.00  irq/197-30c0000
03:25:09 AM     0        99    0.00    0.00    0.00    0.00    0.00     1      0.00      0.00       0       0   0.00  devfreq_wq
03:25:09 AM     0       100    0.00    0.00    0.00    0.00    0.00     1      0.00      0.00       0       0   0.00  watchdogd
03:25:09 AM     0       104    0.00    0.00    0.00    0.00    0.00     7      0.00      0.00       0       0   0.00  rpciod
03:25:09 AM     0       106    0.00    0.00    0.00    0.00    0.00     7      0.00      0.00       0       0   0.00  xprtiod
03:25:09 AM     0       108    0.00    0.00    0.00    0.00    0.00     7      0.00      0.00       0       0   0.00  kswapd0
03:25:09 AM     0       109    0.00    0.00    0.00    0.00    0.00     5      0.00      0.00       0       0   0.00  nfsiod
03:25:09 AM     0       112    0.00    0.00    0.00    0.00    0.00     1      0.00      0.00       0       0   0.00  kthrotld
03:25:09 AM     0       113    0.00    0.00    0.00    0.00    0.00     7      0.00      0.00       0       0   0.00  kpcitest
03:25:09 AM     0       116    0.00    0.00    0.00    0.00    0.00     5      0.00      0.00       0       0   0.00  kworker/5:1-events
03:25:09 AM     0       122    0.00    0.00    0.00    0.00    0.00     1      0.00      0.00       0       0   0.00  nvme-wq
03:25:09 AM     0       123    0.00    0.00    0.00    0.00    0.00     5      0.00      0.00       0       0   0.00  nvme-reset-wq
03:25:09 AM     0       124    0.00    0.00    0.00    0.00    0.00     6      0.00      0.00       0       0   0.00  nvme-delete-wq
03:25:09 AM     0       125    0.00    0.00    0.00    0.00    0.00     6      0.00      0.00       0       0   0.00  uas
03:25:09 AM     0       126    0.00    0.00    0.00    0.00    0.00     0      0.00      0.00       0       0   0.00  irq/222-tegra_r
03:25:09 AM     0       127    0.00    0.00    0.00    0.00    0.00     0      0.00      0.00       0       0   0.00  kworker/7:2-events
03:25:09 AM     0       129    0.00    0.00    0.00    0.00    0.00     0      0.00      0.00       0       0   0.00  irq/86-tegra-oc
03:25:09 AM     0       130    0.00    0.00    0.00    0.00    0.00     5      0.00      0.00       0       0   0.00  dm_bufio_cache
03:25:09 AM     0       131    0.00    0.00    0.00    0.00    0.00     0      0.00      0.00       0       0   0.00  irq/223-max7762
03:25:09 AM     0       140    0.00    0.00    0.00    0.00    0.00     0      0.00      0.00       0       0   0.00  irq/55-bc00000.
03:25:09 AM     0       143    0.00    0.00    0.00    0.00    0.00     0      0.00      0.00       0       0   0.00  ipv6_addrconf
03:25:09 AM     0       144    0.00    0.00    0.00    0.00    0.00     6      0.00      0.00       0       0   0.00  krfcommd
03:25:09 AM     0       145    0.00    0.00    0.00    0.00    0.00     0      0.00      0.00       0       0   0.00  kstrp
03:25:09 AM     0       150    0.00    0.00    0.00    0.00    0.00     0      0.00      0.00       0       0   0.00  irq/24-tegra-pc
03:25:09 AM     0       154    0.00    0.00    0.00    0.00    0.00     0      0.00      0.00       0       0   0.00  irq/26-tegra-pc
03:25:09 AM     0       160    0.00    0.00    0.00    0.00    0.00     0      0.00      0.00       0       0   0.00  irq/26-aerdrv
03:25:09 AM     0       161    0.00    0.00    0.00    0.00    0.00     0      0.00      0.00       0       0   0.00  irq/28-tegra-pc
03:25:09 AM     0       162    0.00    0.00    0.00    0.00    0.00     0      0.00      0.00       0       0   0.00  irq/28-aerdrv
03:25:09 AM     0       163    0.00    0.00    0.00    0.00    0.00     5      0.00      0.00       0       0   0.00  host_low_prio_w
03:25:09 AM     0       164    0.00    0.00    0.00    0.00    0.00     0      0.00      0.00       0       0   0.00  irq/57-host_syn
03:25:09 AM     0       165    0.00    0.00    0.00    0.00    0.00     0      0.00      0.00       0       0   0.00  irq/58-host_sta
03:25:09 AM     0       173    0.00    0.00    0.00    0.00    0.00     5      0.00      0.00       0       0   0.00  pva_task_status
03:25:09 AM     0       174    0.00    0.00    0.00    0.00    0.00     0      0.00      0.00       0       0   0.00  irq/75-pva-isr
03:25:09 AM     0       175    0.00    0.00    0.00    0.00    0.00     0      0.00      0.00       0       0   0.00  pva_task_status
03:25:09 AM     0       176    0.00    0.00    0.00    0.00    0.00     0      0.00      0.00       0       0   0.00  irq/76-pva-isr
03:25:09 AM     0       185    0.00    0.00    0.00    0.00    0.00     0      0.00      0.00       0       0   0.00  sdhci
03:25:09 AM     0       186    0.00    0.00    0.00    0.00    0.00     0      0.00      0.00       0       0   0.00  irq/39-mmc0
03:25:09 AM     0       187    0.00    0.00    0.00    0.00    0.00     2      0.00      0.00       0       0   0.00  sdhci
03:25:09 AM     0       189    0.00    0.00    0.00    0.00    0.00     0      0.00      0.00       0       0   0.00  irq/40-mmc1
03:25:09 AM     0       195    0.00    0.00    0.00    0.00    0.00     7      0.00      0.00       0       0   0.00  scsi_eh_0
03:25:09 AM     0       196    0.00    0.00    0.00    0.00    0.00     7      0.00      0.00       0       0   0.00  scsi_tmf_0
03:25:09 AM     0       197    0.00    0.00    0.00    0.00    0.00     0      0.00      0.00       0       0   0.00  kworker/5:2-events
03:25:09 AM     0       198    0.00    0.00    0.00    0.00    0.00     0      0.00      0.00       0       0   0.00  irq/67-15200000
03:25:09 AM     0       199    0.00    0.00    0.00    0.00    0.00     1      0.00      0.00       0       0   0.00  tegradc.0/a
03:25:09 AM     0       200    0.00    0.00    0.00    0.00    0.00     0      0.00      0.00       0       0   0.00  tegradc.0/b
03:25:09 AM     0       201    0.00    0.00    0.00    0.00    0.00     0      0.00      0.00       0       0   0.00  tegradc.0/c
03:25:09 AM     0       202    0.00    0.00    0.00    0.00    0.00     0      0.00      0.00       0       0   0.00  tegradc.0/d
03:25:09 AM     0       203    0.00    0.00    0.00    0.00    0.00     0      0.00      0.00       0       0   0.00  tegradc.0/e
03:25:09 AM     0       204    0.00    0.00    0.00    0.00    0.00     0      0.00      0.00       0       0   0.00  tegradc.0/f
03:25:09 AM     0       205    0.00    0.00    0.00    0.00    0.00     0      0.00      0.00       0       0   0.00  tegradc.0/sl
03:25:09 AM     0       206    0.00    0.00    0.00    0.00    0.00     0      0.00      0.00       0       0   0.00  irq/62-15200000
03:25:09 AM     0       207    0.00    0.00    0.00    0.00    0.00     0      0.00      0.00       0       0   0.00  irq/276-3400000
03:25:09 AM     0       208    0.00    0.00    0.00    0.00    0.00     0      0.00      0.00       0       0   0.00  ufs_eh_wq_0
03:25:09 AM     0       209    0.00    0.00    0.00    0.00    0.00     3      0.00      0.00       0       0   0.00  mmc_complete
03:25:09 AM     0       211    0.00    0.00    0.00    0.00    0.00     0      0.00      0.00       0       0   0.00  irq/278-1520000
03:25:09 AM     0       212    0.00    0.00    0.00    0.00    0.00     0      0.00      0.00       0       0   0.00  irq/203-3610000
03:25:09 AM     0       213    0.00    0.00    0.00    0.00    0.00     0      0.00      0.00       0       0   0.00  irq/221-3610000
03:25:09 AM     0       214    0.00    0.00    0.00    0.00    0.00     0      0.00      0.00       0       0   0.00  irq/30-tegra-pc
03:25:09 AM     0       216    0.00    0.00    0.00    0.00    0.00     0      0.00      0.00       0       0   0.00  kworker/4:3-events
03:25:09 AM     0       218    0.00    0.00    0.00    0.00    0.00     4      0.00      0.00       0       0   0.00  kworker/4:5-events
03:25:09 AM     0       221    0.00    0.00    0.00    0.00    0.00     0      0.00      0.00       0       0   0.00  kworker/6:12-events
03:25:09 AM     0       222    0.00    0.00    0.00    0.00    0.00     0      0.00      0.00       0       0   0.00  kworker/6:13-events
03:25:09 AM     0       225    0.00    0.00    0.00    0.00    0.00     0      0.00      0.00       0       0   0.00  irq/68-tegra_dp
03:25:09 AM     0       226    0.00    0.00    0.00    0.00    0.00     0      0.00      0.00       0       0   0.00  irq/65-15210000
03:25:09 AM     0       227    0.00    0.00    0.00    0.00    0.00     0      0.00      0.00       0       0   0.00  tegradc.1/a
03:25:09 AM     0       228    0.00    0.00    0.00    0.00    0.00     0      0.00      0.00       0       0   0.00  tegradc.1/b
03:25:09 AM     0       229    0.00    0.00    0.00    0.00    0.00     0      0.00      0.00       0       0   0.00  tegradc.1/c
03:25:09 AM     0       230    0.00    0.00    0.00    0.00    0.00     0      0.00      0.00       0       0   0.00  tegradc.1/d
03:25:09 AM     0       231    0.00    0.00    0.00    0.00    0.00     0      0.00      0.00       0       0   0.00  tegradc.1/e
03:25:09 AM     0       232    0.00    0.00    0.00    0.00    0.00     0      0.00      0.00       0       0   0.00  tegradc.1/f
03:25:09 AM     0       233    0.00    0.00    0.00    0.00    0.00     1      0.00      0.00       0       0   0.00  tegradc.1/sl
03:25:09 AM     0       234    0.00    0.00    0.00    0.00    0.00     0      0.00      0.00       0       0   0.00  irq/63-15210000
03:25:09 AM     0       249    0.00    0.00    0.00    0.00    0.00     0      0.00      0.00       0       0   0.00  irq/56-d230000.
03:25:09 AM     0       250    0.00    0.00    0.00    0.00    0.00     0      0.00      0.00       0       0   0.00  irq/69-tegra_dp
03:25:09 AM     0       251    0.00    0.00    0.00    0.00    0.00     0      0.00      0.00       0       0   0.00  irq/66-15220000
03:25:09 AM     0       252    0.00    0.00    0.00    0.00    0.00     0      0.00      0.00       0       0   0.00  tegradc.2/a
03:25:09 AM     0       253    0.00    0.00    0.00    0.00    0.00     0      0.00      0.00       0       0   0.00  tegradc.2/b
03:25:09 AM     0       254    0.00    0.00    0.00    0.00    0.00     0      0.00      0.00       0       0   0.00  tegradc.2/c
03:25:09 AM     0       255    0.00    0.00    0.00    0.00    0.00     0      0.00      0.00       0       0   0.00  tegradc.2/d
03:25:09 AM     0       256    0.00    0.00    0.00    0.00    0.00     0      0.00      0.00       0       0   0.00  tegradc.2/e
03:25:09 AM     0       257    0.00    0.00    0.00    0.00    0.00     0      0.00      0.00       0       0   0.00  tegradc.2/f
03:25:09 AM     0       258    0.00    0.00    0.00    0.00    0.00     0      0.00      0.00       0       0   0.00  tegradc.2/sl
03:25:09 AM     0       259    0.00    0.00    0.00    0.00    0.00     0      0.00      0.00       0       0   0.00  irq/64-15220000
03:25:09 AM     0       275    0.00    0.00    0.00    0.00    0.00     3      0.00      0.00       0       0   0.00  jbd2/mmcblk0p1-
03:25:09 AM     0       276    0.00    0.00    0.00    0.00    0.00     3      0.00      0.00       0       0   0.00  ext4-rsv-conver
03:25:09 AM     0       280    0.00    0.00    0.00    0.00    0.00     7      0.00      0.00       0       0   0.00  kworker/7:1H
03:25:09 AM     0       286    0.00    0.00    0.00    0.00    0.00     5      0.00      0.00       0       0   0.00  kworker/5:1H-kblockd
03:25:09 AM     0       312    0.00    0.00    0.00    0.00    0.00     0      0.00      0.00   61816   32076   0.10  systemd-journal
03:25:09 AM     0       338    0.00    0.00    0.00    0.00    0.00     1      0.00      0.00       0       0   0.00  nvmap-bz
03:25:09 AM     0       339    0.00    0.00    0.00    0.00    0.00     0      0.00      0.00       0       0   0.00  irq/204-gk20a_s
03:25:09 AM     0       340    0.00    0.00    0.00    0.00    0.00     0      0.00      0.00       0       0   0.00  irq/205-gk20a_n
03:25:09 AM     0       345    0.00    0.00    0.00    0.00    0.00     3      0.00      0.00    2776    1492   0.00  tee-supplicant
03:25:09 AM     0       347    0.00    0.00    0.00    0.00    0.00     3      0.00      0.00       0       0   0.00  optee_bus_scan
03:25:09 AM     0       358    0.00    0.00    0.00    0.00    0.00     2      0.00      0.00   22788    7532   0.02  systemd-udevd
03:25:09 AM     0       364    0.00    0.00    0.00    0.00    0.00     1      0.00      0.00    7948    4892   0.02  haveged
03:25:09 AM   126       365    0.00    0.00    0.00    0.00    0.00     3      0.00      0.00    7136    3108   0.01  rpcbind
03:25:09 AM   105       366    0.00    0.00    0.00    0.00    0.00     1      0.00      0.00   25592   13288   0.04  systemd-resolve
03:25:09 AM   103       367    0.00    0.00    0.00    0.00    0.00     0      0.00      0.00   90672    6220   0.02  systemd-timesyn
03:25:09 AM     0       407    0.00    0.00    0.00    0.00    0.00     5      0.00      0.00       0       0   0.00  cfg80211
03:25:09 AM     0       410    0.00    0.00    0.00    0.00    0.00     0      0.00      0.00       0       0   0.00  irq/42-3210000.
03:25:09 AM     0       412    0.00    0.00    0.00    0.00    0.00     2      0.00      0.00       0       0   0.00  spi0
03:25:09 AM     0       413    0.00    1.00    0.00    0.00    1.00     1      0.00      0.00       0       0   0.00  irq/282-iwlwifi
03:25:09 AM     0       416    0.00    0.00    0.00    0.00    0.00     4      0.00      0.00       0       0   0.00  ata_sff
03:25:09 AM     0       419    0.00    0.00    0.00    0.00    0.00     0      0.00      0.00       0       0   0.00  irq/43-c260000.
03:25:09 AM     0       420    0.00    0.00    0.00    0.00    0.00     6      0.00      0.00       0       0   0.00  scsi_eh_1
03:25:09 AM     0       422    0.00    0.00    0.00    0.00    0.00     6      0.00      0.00       0       0   0.00  scsi_tmf_1
03:25:09 AM     0       427    0.00    0.00    0.00    0.00    0.00     0      0.00      0.00       0       0   0.00  spi1
03:25:09 AM     0       430    0.00    0.00    0.00    0.00    0.00     1      0.00      0.00  242072    8880   0.03  accounts-daemon
03:25:09 AM   120       439    0.00    0.00    0.00    0.00    0.00     1      0.00      0.00    7084    3472   0.01  avahi-daemon
03:25:09 AM     0       441    0.00    0.00    0.00    0.00    0.00     1      0.00      0.00    9220    2516   0.01  cron
03:25:09 AM   106       443    0.00    0.00    0.00    0.00    0.00     0      0.00      0.00    9396    5264   0.02  dbus-daemon
03:25:09 AM     0       447    0.00    0.00    0.00    0.00    0.00     0      0.00      0.00  341244   20856   0.07  NetworkManager
03:25:09 AM     0       456    0.00    0.00    0.00    0.00    0.00     4      0.00      0.00   38300   19472   0.06  networkd-dispat
03:25:09 AM     0       473    0.00    0.00    0.00    0.00    0.00     3      0.00      0.00  238860   13352   0.04  polkitd
03:25:09 AM   125       483    0.00    0.00    0.00    0.00    0.00     3      0.00      0.00  220940    8288   0.03  rsyslogd
03:25:09 AM     0       503    0.00    0.00    0.00    0.00    0.00     2      0.00      0.00  235864    4364   0.01  switcheroo-cont
03:25:09 AM     0       514    0.00    0.00    0.00    0.00    0.00     0      0.00      0.00   17076    6760   0.02  systemd-logind
03:25:09 AM     0       523    0.00    0.00    0.00    0.00    0.00     2      0.00      0.00  395556   15680   0.05  udisksd
03:25:09 AM     0       528    0.00    0.00    0.00    0.00    0.00     0      0.00      0.00   12784    8052   0.03  wpa_supplicant
03:25:09 AM     0       548    0.00    1.00    0.00    0.00    1.00     0      0.00      0.00       0       0   0.00  sugov:0
03:25:09 AM   120       555    0.00    0.00    0.00    0.00    0.00     2      0.00      0.00    6896     324   0.00  avahi-daemon
03:25:09 AM     0       585    0.00    0.00    0.00    0.00    0.00     5      0.00      0.00       0       0   0.00  tmp451
03:25:09 AM     0       597    0.00    0.00    0.00    0.00    0.00     3      0.00      0.00       0       0   0.00  irq/286-1-0008
03:25:09 AM     0       600    0.00    0.00    0.00    0.00    0.00     2      0.00      0.00  321792   14480   0.05  ModemManager
03:25:09 AM     0       653    0.00    0.00    0.00    0.00    0.00     1      0.00      0.00    2476     604   0.00  nvfancontrol
03:25:09 AM     0       728    0.00    0.00    0.00    0.00    0.00     4      0.00      0.00       0       0   0.00  adspp_kthread
03:25:09 AM     0       779    0.00    0.00    0.00    0.00    0.00     6      0.00      0.00       0       0   0.00  kworker/6:2H-kblockd
03:25:09 AM     0       876    0.00    0.00    0.00    0.00    0.00     1      0.00      0.00       0       0   0.00  irq/289-2490000
03:25:09 AM     0       887    0.00    0.00    0.00    0.00    0.00     0      0.00      0.00       0       0   0.00  irq/32-eth0.com
03:25:09 AM     0       919    0.00    0.00    0.00    0.00    0.00     4      0.00      0.00       0       0   0.00  file-storage
03:25:09 AM     0       953    0.00    0.00    0.00    0.00    0.00     1      0.00      0.00       0       0   0.00  loop0
03:25:09 AM     0      1048    0.00    0.00    0.00    0.00    0.00     4      0.00      0.00       0       0   0.00  kworker/4:2H-kblockd
03:25:09 AM     0      1091    0.00    0.00    0.00    0.00    0.00     3      0.00      0.00       0       0   0.00  cryptd
03:25:09 AM     0      1147    0.00    0.00    0.00    0.00    0.00     2      0.00      0.00       0       0   0.00  sw-quiesce
03:25:09 AM     0      1148    0.00    0.00    0.00    0.00    0.00     0      0.00      0.00       0       0   0.00  nvgpu_channel_p
03:25:09 AM     0      1151    0.00    0.00    0.00    0.00    0.00     3      0.00      0.00       0       0   0.00  nvgpu_nvs_gv11b
03:25:09 AM     0      1153    0.00    0.00    0.00    0.00    0.00     1      0.00      0.00       0       0   0.00  nvgpu_pg_init_g
03:25:09 AM     0      1157    0.00    0.00    0.00    0.00    0.00     3      0.00      0.00       0       0   0.00  nvgpu_clk_arb_p
03:25:09 AM     0      1162    0.00    0.00    0.00    0.00    0.00     3      0.00      0.00       0       0   0.00  irq/288-rt5659
03:25:09 AM     0      1270    0.00    0.00    0.00    0.00    0.00     3      0.00      0.00   55688   11092   0.03  nvargus-daemon
03:25:09 AM     0      1273    0.00    0.00    0.00    0.00    0.00     3      0.00      0.00   21932    1552   0.00  nvs-service
03:25:09 AM     0      1298    1.00    0.00    0.00    0.00    1.00     1      0.00      0.00 2007972   49164   0.15  containerd
03:25:09 AM     0      1314    0.00    0.00    0.00    0.00    0.00     0      0.00      0.00  240032    7616   0.02  gdm3
03:25:09 AM   108      1326    0.00    0.00    0.00    0.00    0.00     1      0.00      0.00   11468    1896   0.01  kerneloops
03:25:09 AM     0      1327    0.00    0.00    0.00    0.00    0.00     3      0.00      0.00   12236    6576   0.02  sshd
03:25:09 AM     0      1336    0.00    0.00    0.00    0.00    0.00     0      0.00      0.00    7688    1876   0.01  agetty
03:25:09 AM     0      1337    0.00    0.00    0.00    0.00    0.00     2      0.00      0.00    7688    1904   0.01  agetty
03:25:09 AM   108      1339    0.00    0.00    0.00    0.00    0.00     2      0.00      0.00   11468    1820   0.01  kerneloops
03:25:09 AM     0      1340    0.00    0.00    0.00    0.00    0.00     3      0.00      0.00    9216    2824   0.01  nvgetty.sh
03:25:09 AM     0      1379    0.00    0.00    0.00    0.00    0.00     0      0.00      0.00    7688    1848   0.01  getty
03:25:09 AM     0      1554    1.00    0.00    0.00    0.00    1.00     2      0.00      0.00 2111796   86036   0.27  dockerd
03:25:09 AM     0      1677    0.00    0.00    0.00    0.00    0.00     2      0.00      0.00  168472    8256   0.03  gdm-session-wor
03:25:09 AM     0      1711    0.00    0.00    0.00    0.00    0.00     0      0.00      0.00    3248     808   0.00  nvphsd
03:25:09 AM     0      1716    0.00    0.00    0.00    0.00    0.00     3      0.00      0.00    3380    1788   0.01  nvphsd
03:25:09 AM   124      1789    0.00    0.00    0.00    0.00    0.00     3      0.00      0.00   19144    9224   0.03  systemd
03:25:09 AM   124      1804    0.00    0.00    0.00    0.00    0.00     3      0.00      0.00  104488    5436   0.02  (sd-pam)
03:25:09 AM   124      2014    0.00    0.00    0.00    0.00    0.00     1      0.00      0.00  961884   21984   0.07  pulseaudio
03:25:09 AM   124      2032    0.00    0.00    0.00    0.00    0.00     2      0.00      0.00  164156    5924   0.02  gdm-x-session
03:25:09 AM   124      2037    0.00    0.00    0.00    0.00    0.00     2      0.00      0.00 25330232   99256   0.31  Xorg
03:25:09 AM   118      2040    0.00    0.00    0.00    0.00    0.00     1      0.00      0.00  152516    2440   0.01  rtkit-daemon
03:25:09 AM   124      2162    0.00    0.00    0.00    0.00    0.00     2      0.00      0.00    7812    3448   0.01  dbus-daemon
03:25:09 AM   124      2428    0.00    0.00    0.00    0.00    0.00     0      0.00      0.00    4776    1164   0.00  dbus-run-sessio
03:25:09 AM   124      2429    0.00    0.00    0.00    0.00    0.00     2      0.00      0.00    8088    4104   0.01  dbus-daemon
03:25:09 AM   124      2438    0.00    0.00    0.00    0.00    0.00     0      0.00      0.00  559768   14932   0.05  gnome-session-b
03:25:09 AM     0      2457    0.00    0.00    0.00    0.00    0.00     2      0.00      0.00  101692   19628   0.06  jtop
03:25:09 AM   124      2463    0.00    0.00    0.00    0.00    0.00     3      0.00      0.00  309548   10092   0.03  at-spi-bus-laun
03:25:09 AM   124      2470    0.00    0.00    0.00    0.00    0.00     1      0.00      0.00    7676    3468   0.01  dbus-daemon
03:25:09 AM   124      2495    0.00    0.00    0.00    0.00    0.00     2      0.00      0.00 4022996  194924   0.61  gnome-shell
03:25:09 AM     0      2510    0.00    0.00    0.00    0.00    0.00     2      0.00      0.00  175424   16904   0.05  jtop
03:25:09 AM     0      2518    0.00    0.00    0.00    0.00    0.00     2      0.00      0.00  101692   17160   0.05  jtop
03:25:09 AM   124      2696    0.00    0.00    0.00    0.00    0.00     0      0.00      0.00  314420   11212   0.04  ibus-daemon
03:25:09 AM   124      2699    0.00    0.00    0.00    0.00    0.00     2      0.00      0.00  239960   11792   0.04  ibus-dconf
03:25:09 AM   124      2701    0.00    0.00    0.00    0.00    0.00     2      0.00      0.00  189920   16900   0.05  ibus-x11
03:25:09 AM   124      2704    0.00    0.00    0.00    0.00    0.00     3      0.00      0.00  239880    7776   0.02  ibus-portal
03:25:09 AM   124      2715    0.00    0.00    0.00    0.00    0.00     1      0.00      0.00  161420    6880   0.02  at-spi2-registr
03:25:09 AM   124      2719    0.00    0.00    0.00    0.00    0.00     3      0.00      0.00  235804    4672   0.01  xdg-permission-
03:25:09 AM     0      2725    0.00    0.00    0.00    0.00    0.00     0      0.00      0.00  252944    8776   0.03  upowerd
03:25:09 AM   124      2745    0.00    0.00    0.00    0.00    0.00     2      0.00      0.00 3001620   27244   0.09  gjs
03:25:09 AM   124      2764    0.00    1.00    0.00    0.00    1.00     1      0.00      0.00  469396   14236   0.04  gsd-sharing
03:25:09 AM   124      2765    0.00    0.00    0.00    0.00    0.00     1      0.00      0.00  334628   15072   0.05  gsd-wacom
03:25:09 AM   124      2768    0.00    0.00    0.00    0.00    0.00     3      0.00      0.00  571788   19844   0.06  gsd-color
03:25:09 AM   124      2772    0.00    0.00    0.00    0.00    0.00     3      0.00      0.00  338096   17824   0.06  gsd-keyboard
03:25:09 AM   124      2774    0.00    0.00    0.00    0.00    0.00     2      0.00      0.00  322508   11376   0.04  gsd-print-notif
03:25:09 AM   124      2779    0.00    0.00    0.00    0.00    0.00     3      0.00      0.00  166208    7736   0.02  ibus-engine-sim
03:25:09 AM   124      2780    0.00    0.00    0.00    0.00    0.00     1      0.00      0.00  457460    7996   0.03  gsd-rfkill
03:25:09 AM   124      2782    0.00    0.00    0.00    0.00    0.00     1      0.00      0.00  391976    9696   0.03  gsd-smartcard
03:25:09 AM   124      2784    0.00    0.00    0.00    0.00    0.00     2      0.00      0.00  374928   15372   0.05  gsd-datetime
03:25:09 AM   124      2790    0.00    0.00    0.00    0.00    0.00     2      0.00      0.00  679696   20032   0.06  gsd-media-keys
03:25:09 AM   124      2791    0.00    0.00    0.00    0.00    0.00     3      0.00      0.00  235772    5600   0.02  gsd-screensaver
03:25:09 AM   124      2793    0.00    0.00    0.00    0.00    0.00     3      0.00      0.00  320104    9452   0.03  gsd-sound
03:25:09 AM   124      2795    0.00    0.00    0.00    0.00    0.00     3      0.00      0.00  313652   10144   0.03  gsd-a11y-settin
03:25:09 AM   124      2799    0.00    0.00    0.00    0.00    0.00     3      0.00      0.00  313992   10540   0.03  gsd-housekeepin
03:25:09 AM   124      2802    0.00    0.00    0.00    0.00    0.00     3      0.00      0.00  339724   18828   0.06  gsd-power
03:25:09 AM   124      2824    0.00    0.00    0.00    0.00    0.00     2      0.00      0.00  342540   12784   0.04  gsd-printer
03:25:09 AM   119      2837    0.00    0.00    0.00    0.00    0.00     2      0.00      0.00  249328   17548   0.06  colord
03:25:09 AM     0     29120    0.00    0.00    0.00    0.00    0.00     2      0.00      0.00       0       0   0.00  kworker/u17:2-rb_allocator
03:25:09 AM     0     33852    0.00    0.00    0.00    0.00    0.00     1      0.00      0.00       0       0   0.00  kworker/1:0H-kblockd
03:25:09 AM     0     35048    0.00    0.00    0.00    0.00    0.00     0      0.00      0.00       0       0   0.00  kworker/u17:0-thermal_fan_est
03:25:09 AM  1000     39960    0.00    0.00    0.00    0.00    0.00     1      0.00      0.00   19248    9208   0.03  systemd
03:25:09 AM  1000     39961    0.00    0.00    0.00    0.00    0.00     2      0.00      0.00  170940    6304   0.02  (sd-pam)
03:25:09 AM  1000     40037    0.00    0.00    0.00    0.00    0.00     3      0.00      0.00    7812    3952   0.01  dbus-daemon
03:25:09 AM     0     40147    0.00    0.00    0.00    0.00    0.00     1      0.00      0.00       0       0   0.00  kworker/1:0-events
03:25:09 AM     0     40174    0.00    0.00    0.00    0.00    0.00     2      0.00      0.00       0       0   0.00  kworker/2:2H-kblockd
03:25:09 AM     0     40194    0.00    0.00    0.00    0.00    0.00     3      0.00      0.00       0       0   0.00  kworker/3:0H-kblockd
03:25:09 AM     0     41650    0.00    0.00    0.00    0.00    0.00     3      0.00      0.00       0       0   0.00  kworker/3:0-pm
03:25:09 AM     0     81462    0.00    0.00    0.00    0.00    0.00     2      0.00      0.00       0       0   0.00  kworker/2:2-mm_percpu_wq
03:25:09 AM     0     81478    0.00    0.00    0.00    0.00    0.00     0      0.00      0.00       0       0   0.00  kworker/0:1H-kblockd
03:25:09 AM  1000     84840    0.00    0.00    0.00    0.00    0.00     3      0.00      0.00  240176   10088   0.03  gnome-keyring-d
03:25:09 AM   124     84900    0.00    0.00    0.00    0.00    0.00     1      0.00      0.00  156240    4584   0.01  dconf-service
03:25:09 AM     0     85427    0.00    0.00    0.00    0.00    0.00     0      0.00      0.00       0       0   0.00  kworker/0:2-events
03:25:09 AM     0     86310    0.00    0.00    0.00    0.00    0.00     2      0.00      0.00       0       0   0.00  kworker/u16:1-events_unbound
03:25:09 AM     0     86549    0.00    0.00    0.00    0.00    0.00     2      0.00      0.00   14768    7664   0.02  sshd
03:25:09 AM  1000     86593    0.00    0.00    0.00    0.00    0.00     0      0.00      0.00   15292    6480   0.02  sshd
03:25:09 AM  1000     86594    0.00    0.00    0.00    0.00    0.00     3      0.00      0.00   11860    5896   0.02  bash
03:25:09 AM     0     87290    0.00    0.00    0.00    0.00    0.00     0      0.00      0.00   14768    7584   0.02  sshd
03:25:09 AM  1000     87334    0.00    0.00    0.00    0.00    0.00     0      0.00      0.00   15292    6412   0.02  sshd
03:25:09 AM  1000     87335    0.00    0.00    0.00    0.00    0.00     2      0.00      0.00   11344    5436   0.02  bash
03:25:09 AM     0    137289    0.00    0.00    0.00    0.00    0.00     1      0.00      0.00       0       0   0.00  kworker/1:3-events
03:25:09 AM     0    142495    0.00    0.00    0.00    0.00    0.00     1      0.00      0.00       0       0   0.00  kworker/1:4-events
03:25:09 AM     0    147908    0.00    0.00    0.00    0.00    0.00     2      0.00      0.00   14768    7636   0.02  sshd
03:25:09 AM  1000    147952    0.00    0.00    0.00    0.00    0.00     1      0.00      0.00   15292    5656   0.02  sshd
03:25:09 AM  1000    147953    0.00    0.00    0.00    0.00    0.00     3      0.00      0.00   11344    5400   0.02  bash
03:25:09 AM     0    148065    0.00    1.00    0.00    0.00    1.00     2      0.00      0.00 1237828   16592   0.05  containerd-shim
03:25:09 AM     0    148086    0.00    0.00    0.00    0.00    0.00     3      0.00      0.00    4560    3504   0.01  bash
03:25:09 AM  1000    148115    0.00    0.00    0.00    0.00    0.00     3      0.00      0.00 1919232   29524   0.09  docker
03:25:09 AM     0    148133    0.00    0.00    0.00    0.00    0.00     1      0.00      0.00    4560    3508   0.01  bash
03:25:09 AM     0    148158    1.00    0.00    0.00    0.00    1.00     1      0.00      0.00  196036   35060   0.11  ros2
03:25:09 AM     0    148159    3.00    3.00    0.00    0.00    6.00     0      0.00      0.00  580336   29036   0.09  scale_truck_con
03:25:09 AM     0    148161    5.00    4.00    0.00    1.00    9.00     3      0.00      0.00  582944   22424   0.07  lrc_node
03:25:09 AM     0    148232    0.00    0.00    0.00    0.00    0.00     1      0.00      0.00   14768    7560   0.02  sshd
03:25:09 AM  1000    148276    0.00    0.00    0.00    0.00    0.00     3      0.00      0.00   15292    6364   0.02  sshd
03:25:09 AM  1000    148277    0.00    0.00    0.00    0.00    0.00     1      0.00      0.00   11860    5928   0.02  bash
03:25:09 AM     0    148558    0.00    0.00    0.00    0.00    0.00     3      0.00      0.00  651044   82972   0.26  python3
03:25:09 AM     0    150604    0.00    0.00    0.00    0.00    0.00     2      0.00      0.00       0       0   0.00  kworker/2:1-mm_percpu_wq
03:25:09 AM     0    150646    0.00    0.00    0.00    0.00    0.00     0      0.00      0.00       0       0   0.00  kworker/0:0H
03:25:09 AM     0    150688    0.00    0.00    0.00    0.00    0.00     2      0.00      0.00       0       0   0.00  kworker/2:0H
03:25:09 AM     0    151786    0.00    0.00    0.00    0.00    0.00     3      0.00      0.00       0       0   0.00  kworker/3:2H
03:25:09 AM     0    151819    0.00    0.00    0.00    0.00    0.00     3      0.00      0.00       0       0   0.00  kworker/3:2-cgroup_destroy
03:25:09 AM     0    151861    0.00    0.00    0.00    0.00    0.00     1      0.00      0.00       0       0   0.00  kworker/u16:0-events_unbound
03:25:09 AM     0    151916    0.00    0.00    0.00    0.00    0.00     0      0.00      0.00       0       0   0.00  kworker/0:0-events
03:25:09 AM     0    151989    0.00    0.00    0.00    0.00    0.00     1      0.00      0.00       0       0   0.00  kworker/1:1H
03:25:09 AM     0    152270    0.00    0.00    0.00    0.00    0.00     1      0.00      0.00       0       0   0.00  kworker/1:2-events
03:25:09 AM     0    152626    0.00    0.00    0.00    0.00    0.00     2      0.00      0.00       0       0   0.00  kworker/2:1H
03:25:09 AM     0    152627    0.00    0.00    0.00    0.00    0.00     3      0.00      0.00       0       0   0.00  kworker/3:1H
03:25:09 AM     0    152628    0.00    0.00    0.00    0.00    0.00     0      0.00      0.00       0       0   0.00  kworker/0:1-events
03:25:09 AM     0    152655    0.00    0.00    0.00    0.00    0.00     1      0.00      0.00       0       0   0.00  kworker/u16:2-events_unbound
03:25:09 AM     0    152798    0.00    0.00    0.00    0.00    0.00     1      0.00      0.00       0       0   0.00  kworker/1:2H
03:25:09 AM     0    152803    0.00    0.00    0.00    0.00    0.00     2      0.00      0.00       0       0   0.00  kworker/2:0
03:25:09 AM     0    152876    0.00    0.00    0.00    0.00    0.00     3      0.00      0.00    4428    3224   0.01  bash
03:25:09 AM  1000    152883    0.00    0.00    0.00    0.00    0.00     3      0.00      0.00    9208    3068   0.01  bash
03:25:09 AM     0    153059    0.00    0.00    0.00    0.00    0.00     1      0.00      0.00    2660     780   0.00  timeout
03:25:09 AM     0    153061    7.00    8.00    0.00    0.00   15.00     2      3.00      0.00  837724   47432   0.15  ros2
03:25:09 AM  1000    153071    4.00   12.00    0.00    0.00   16.00     2      0.00      0.00   17668    9488   0.03  pidstat
03:25:09 AM     0    153136    0.00    0.00    0.00    0.00    0.00     0      0.00      0.00       0       0   0.00  kworker/0:2H

# Time        UID       PID    %usr %system  %guest   %wait    %CPU   CPU  minflt/s  majflt/s     VSZ     RSS   %MEM  Command
03:25:10 AM     0         1    0.00    0.00    0.00    0.00    0.00     0      0.00      0.00  169880   11540   0.04  systemd
03:25:10 AM     0         2    0.00    0.00    0.00    0.00    0.00     1      0.00      0.00       0       0   0.00  kthreadd
03:25:10 AM     0         3    0.00    0.00    0.00    0.00    0.00     0      0.00      0.00       0       0   0.00  rcu_gp
03:25:10 AM     0         4    0.00    0.00    0.00    0.00    0.00     0      0.00      0.00       0       0   0.00  rcu_par_gp
03:25:10 AM     0         8    0.00    0.00    0.00    0.00    0.00     0      0.00      0.00       0       0   0.00  mm_percpu_wq
03:25:10 AM     0         9    0.00    0.00    0.00    0.00    0.00     0      0.00      0.00       0       0   0.00  rcu_tasks_kthre
03:25:10 AM     0        10    0.00    0.00    0.00    0.00    0.00     0      0.00      0.00       0       0   0.00  rcu_tasks_rude_
03:25:10 AM     0        11    0.00    0.00    0.00    0.00    0.00     0      0.00      0.00       0       0   0.00  rcu_tasks_trace
03:25:10 AM     0        12    0.00    0.00    0.00    0.00    0.00     0      0.00      0.00       0       0   0.00  ksoftirqd/0
03:25:10 AM     0        13    0.00    0.00    0.00    1.00    0.00     3      0.00      0.00       0       0   0.00  rcu_preempt
03:25:10 AM     0        14    0.00    0.00    0.00    0.00    0.00     0      0.00      0.00       0       0   0.00  migration/0
03:25:10 AM     0        16    0.00    0.00    0.00    0.00    0.00     0      0.00      0.00       0       0   0.00  cpuhp/0
03:25:10 AM     0        17    0.00    0.00    0.00    0.00    0.00     1      0.00      0.00       0       0   0.00  cpuhp/1
03:25:10 AM     0        18    0.00    0.00    0.00    0.00    0.00     1      0.00      0.00       0       0   0.00  migration/1
03:25:10 AM     0        19    0.00    0.00    0.00    0.00    0.00     1      0.00      0.00       0       0   0.00  ksoftirqd/1
03:25:10 AM     0        22    0.00    0.00    0.00    0.00    0.00     2      0.00      0.00       0       0   0.00  cpuhp/2
03:25:10 AM     0        23    0.00    0.00    0.00    0.00    0.00     2      0.00      0.00       0       0   0.00  migration/2
03:25:10 AM     0        24    0.00    0.00    0.00    0.00    0.00     2      0.00      0.00       0       0   0.00  ksoftirqd/2
03:25:10 AM     0        27    0.00    0.00    0.00    0.00    0.00     3      0.00      0.00       0       0   0.00  cpuhp/3
03:25:10 AM     0        28    0.00    0.00    0.00    0.00    0.00     3      0.00      0.00       0       0   0.00  migration/3
03:25:10 AM     0        29    0.00    0.00    0.00    0.00    0.00     3      0.00      0.00       0       0   0.00  ksoftirqd/3
03:25:10 AM     0        32    0.00    0.00    0.00    0.00    0.00     4      0.00      0.00       0       0   0.00  cpuhp/4
03:25:10 AM     0        33    0.00    0.00    0.00    0.00    0.00     4      0.00      0.00       0       0   0.00  migration/4
03:25:10 AM     0        34    0.00    0.00    0.00    0.00    0.00     4      0.00      0.00       0       0   0.00  ksoftirqd/4
03:25:10 AM     0        36    0.00    0.00    0.00    0.00    0.00     4      0.00      0.00       0       0   0.00  kworker/4:0H-kblockd
03:25:10 AM     0        37    0.00    0.00    0.00    0.00    0.00     5      0.00      0.00       0       0   0.00  cpuhp/5
03:25:10 AM     0        38    0.00    0.00    0.00    0.00    0.00     5      0.00      0.00       0       0   0.00  migration/5
03:25:10 AM     0        39    0.00    0.00    0.00    0.00    0.00     5      0.00      0.00       0       0   0.00  ksoftirqd/5
03:25:10 AM     0        41    0.00    0.00    0.00    0.00    0.00     5      0.00      0.00       0       0   0.00  kworker/5:0H-kblockd
03:25:10 AM     0        42    0.00    0.00    0.00    0.00    0.00     6      0.00      0.00       0       0   0.00  cpuhp/6
03:25:10 AM     0        43    0.00    0.00    0.00    0.00    0.00     6      0.00      0.00       0       0   0.00  migration/6
03:25:10 AM     0        44    0.00    0.00    0.00    0.00    0.00     6      0.00      0.00       0       0   0.00  ksoftirqd/6
03:25:10 AM     0        46    0.00    0.00    0.00    0.00    0.00     6      0.00      0.00       0       0   0.00  kworker/6:0H-events_highpri
03:25:10 AM     0        47    0.00    0.00    0.00    0.00    0.00     7      0.00      0.00       0       0   0.00  cpuhp/7
03:25:10 AM     0        48    0.00    0.00    0.00    0.00    0.00     7      0.00      0.00       0       0   0.00  migration/7
03:25:10 AM     0        49    0.00    0.00    0.00    0.00    0.00     7      0.00      0.00       0       0   0.00  ksoftirqd/7
03:25:10 AM     0        50    0.00    0.00    0.00    0.00    0.00     0      0.00      0.00       0       0   0.00  kworker/7:0-rcu_gp
03:25:10 AM     0        51    0.00    0.00    0.00    0.00    0.00     7      0.00      0.00       0       0   0.00  kworker/7:0H-kblockd
03:25:10 AM     0        52    0.00    0.00    0.00    0.00    0.00     0      0.00      0.00       0       0   0.00  kdevtmpfs
03:25:10 AM     0        53    0.00    0.00    0.00    0.00    0.00     4      0.00      0.00       0       0   0.00  netns
03:25:10 AM     0        54    0.00    0.00    0.00    0.00    0.00     1      0.00      0.00       0       0   0.00  kauditd
03:25:10 AM     0        55    0.00    0.00    0.00    0.00    0.00     0      0.00      0.00       0       0   0.00  irq/87-mc_statu
03:25:10 AM     0        56    0.00    0.00    0.00    0.00    0.00     0      0.00      0.00       0       0   0.00  khungtaskd
03:25:10 AM     0        57    0.00    0.00    0.00    0.00    0.00     3      0.00      0.00       0       0   0.00  oom_reaper
03:25:10 AM     0        58    0.00    0.00    0.00    0.00    0.00     5      0.00      0.00       0       0   0.00  writeback
03:25:10 AM     0        59    0.00    0.00    0.00    0.00    0.00     3      0.00      0.00       0       0   0.00  kcompactd0
03:25:10 AM     0        60    0.00    0.00    0.00    0.00    0.00     1      0.00      0.00       0       0   0.00  ksmd
03:25:10 AM     0        61    0.00    0.00    0.00    0.00    0.00     0      0.00      0.00       0       0   0.00  khugepaged
03:25:10 AM     0        93    0.00    0.00    0.00    0.00    0.00     1      0.00      0.00       0       0   0.00  kintegrityd
03:25:10 AM     0        94    0.00    0.00    0.00    0.00    0.00     1      0.00      0.00       0       0   0.00  kblockd
03:25:10 AM     0        95    0.00    0.00    0.00    0.00    0.00     1      0.00      0.00       0       0   0.00  blkcg_punt_bio
03:25:10 AM     0        97    0.00    0.00    0.00    0.00    0.00     3      0.00      0.00       0       0   0.00  tpm_dev_wq
03:25:10 AM     0        98    0.00    0.00    0.00    0.00    0.00     0      0.00      0.00       0       0   0.00  irq/197-30c0000
03:25:10 AM     0        99    0.00    0.00    0.00    0.00    0.00     1      0.00      0.00       0       0   0.00  devfreq_wq
03:25:10 AM     0       100    0.00    0.00    0.00    0.00    0.00     1      0.00      0.00       0       0   0.00  watchdogd
03:25:10 AM     0       104    0.00    0.00    0.00    0.00    0.00     7      0.00      0.00       0       0   0.00  rpciod
03:25:10 AM     0       106    0.00    0.00    0.00    0.00    0.00     7      0.00      0.00       0       0   0.00  xprtiod
03:25:10 AM     0       108    0.00    0.00    0.00    0.00    0.00     7      0.00      0.00       0       0   0.00  kswapd0
03:25:10 AM     0       109    0.00    0.00    0.00    0.00    0.00     5      0.00      0.00       0       0   0.00  nfsiod
03:25:10 AM     0       112    0.00    0.00    0.00    0.00    0.00     1      0.00      0.00       0       0   0.00  kthrotld
03:25:10 AM     0       113    0.00    0.00    0.00    0.00    0.00     7      0.00      0.00       0       0   0.00  kpcitest
03:25:10 AM     0       116    0.00    0.00    0.00    0.00    0.00     5      0.00      0.00       0       0   0.00  kworker/5:1-events
03:25:10 AM     0       122    0.00    0.00    0.00    0.00    0.00     1      0.00      0.00       0       0   0.00  nvme-wq
03:25:10 AM     0       123    0.00    0.00    0.00    0.00    0.00     5      0.00      0.00       0       0   0.00  nvme-reset-wq
03:25:10 AM     0       124    0.00    0.00    0.00    0.00    0.00     6      0.00      0.00       0       0   0.00  nvme-delete-wq
03:25:10 AM     0       125    0.00    0.00    0.00    0.00    0.00     6      0.00      0.00       0       0   0.00  uas
03:25:10 AM     0       126    0.00    0.00    0.00    0.00    0.00     0      0.00      0.00       0       0   0.00  irq/222-tegra_r
03:25:10 AM     0       127    0.00    0.00    0.00    0.00    0.00     0      0.00      0.00       0       0   0.00  kworker/7:2-events
03:25:10 AM     0       129    0.00    0.00    0.00    0.00    0.00     0      0.00      0.00       0       0   0.00  irq/86-tegra-oc
03:25:10 AM     0       130    0.00    0.00    0.00    0.00    0.00     5      0.00      0.00       0       0   0.00  dm_bufio_cache
03:25:10 AM     0       131    0.00    0.00    0.00    0.00    0.00     0      0.00      0.00       0       0   0.00  irq/223-max7762
03:25:10 AM     0       140    0.00    0.00    0.00    0.00    0.00     0      0.00      0.00       0       0   0.00  irq/55-bc00000.
03:25:10 AM     0       143    0.00    0.00    0.00    0.00    0.00     0      0.00      0.00       0       0   0.00  ipv6_addrconf
03:25:10 AM     0       144    0.00    0.00    0.00    0.00    0.00     6      0.00      0.00       0       0   0.00  krfcommd
03:25:10 AM     0       145    0.00    0.00    0.00    0.00    0.00     0      0.00      0.00       0       0   0.00  kstrp
03:25:10 AM     0       150    0.00    0.00    0.00    0.00    0.00     0      0.00      0.00       0       0   0.00  irq/24-tegra-pc
03:25:10 AM     0       154    0.00    0.00    0.00    0.00    0.00     0      0.00      0.00       0       0   0.00  irq/26-tegra-pc
03:25:10 AM     0       160    0.00    0.00    0.00    0.00    0.00     0      0.00      0.00       0       0   0.00  irq/26-aerdrv
03:25:10 AM     0       161    0.00    0.00    0.00    0.00    0.00     0      0.00      0.00       0       0   0.00  irq/28-tegra-pc
03:25:10 AM     0       162    0.00    0.00    0.00    0.00    0.00     0      0.00      0.00       0       0   0.00  irq/28-aerdrv
03:25:10 AM     0       163    0.00    0.00    0.00    0.00    0.00     5      0.00      0.00       0       0   0.00  host_low_prio_w
03:25:10 AM     0       164    0.00    0.00    0.00    0.00    0.00     0      0.00      0.00       0       0   0.00  irq/57-host_syn
03:25:10 AM     0       165    0.00    0.00    0.00    0.00    0.00     0      0.00      0.00       0       0   0.00  irq/58-host_sta
03:25:10 AM     0       173    0.00    0.00    0.00    0.00    0.00     5      0.00      0.00       0       0   0.00  pva_task_status
03:25:10 AM     0       174    0.00    0.00    0.00    0.00    0.00     0      0.00      0.00       0       0   0.00  irq/75-pva-isr
03:25:10 AM     0       175    0.00    0.00    0.00    0.00    0.00     0      0.00      0.00       0       0   0.00  pva_task_status
03:25:10 AM     0       176    0.00    0.00    0.00    0.00    0.00     0      0.00      0.00       0       0   0.00  irq/76-pva-isr
03:25:10 AM     0       185    0.00    0.00    0.00    0.00    0.00     0      0.00      0.00       0       0   0.00  sdhci
03:25:10 AM     0       186    0.00    0.00    0.00    0.00    0.00     0      0.00      0.00       0       0   0.00  irq/39-mmc0
03:25:10 AM     0       187    0.00    0.00    0.00    0.00    0.00     2      0.00      0.00       0       0   0.00  sdhci
03:25:10 AM     0       189    0.00    0.00    0.00    0.00    0.00     0      0.00      0.00       0       0   0.00  irq/40-mmc1
03:25:10 AM     0       195    0.00    0.00    0.00    0.00    0.00     7      0.00      0.00       0       0   0.00  scsi_eh_0
03:25:10 AM     0       196    0.00    0.00    0.00    0.00    0.00     7      0.00      0.00       0       0   0.00  scsi_tmf_0
03:25:10 AM     0       197    0.00    0.00    0.00    0.00    0.00     0      0.00      0.00       0       0   0.00  kworker/5:2-events
03:25:10 AM     0       198    0.00    0.00    0.00    0.00    0.00     0      0.00      0.00       0       0   0.00  irq/67-15200000
03:25:10 AM     0       199    0.00    0.00    0.00    0.00    0.00     1      0.00      0.00       0       0   0.00  tegradc.0/a
03:25:10 AM     0       200    0.00    0.00    0.00    0.00    0.00     0      0.00      0.00       0       0   0.00  tegradc.0/b
03:25:10 AM     0       201    0.00    0.00    0.00    0.00    0.00     0      0.00      0.00       0       0   0.00  tegradc.0/c
03:25:10 AM     0       202    0.00    0.00    0.00    0.00    0.00     0      0.00      0.00       0       0   0.00  tegradc.0/d
03:25:10 AM     0       203    0.00    0.00    0.00    0.00    0.00     0      0.00      0.00       0       0   0.00  tegradc.0/e
03:25:10 AM     0       204    0.00    0.00    0.00    0.00    0.00     0      0.00      0.00       0       0   0.00  tegradc.0/f
03:25:10 AM     0       205    0.00    0.00    0.00    0.00    0.00     0      0.00      0.00       0       0   0.00  tegradc.0/sl
03:25:10 AM     0       206    0.00    0.00    0.00    0.00    0.00     0      0.00      0.00       0       0   0.00  irq/62-15200000
03:25:10 AM     0       207    0.00    0.00    0.00    0.00    0.00     0      0.00      0.00       0       0   0.00  irq/276-3400000
03:25:10 AM     0       208    0.00    0.00    0.00    0.00    0.00     0      0.00      0.00       0       0   0.00  ufs_eh_wq_0
03:25:10 AM     0       209    0.00    0.00    0.00    0.00    0.00     3      0.00      0.00       0       0   0.00  mmc_complete
03:25:10 AM     0       211    0.00    0.00    0.00    0.00    0.00     0      0.00      0.00       0       0   0.00  irq/278-1520000
03:25:10 AM     0       212    0.00    0.00    0.00    0.00    0.00     0      0.00      0.00       0       0   0.00  irq/203-3610000
03:25:10 AM     0       213    0.00    0.00    0.00    0.00    0.00     0      0.00      0.00       0       0   0.00  irq/221-3610000
03:25:10 AM     0       214    0.00    0.00    0.00    0.00    0.00     0      0.00      0.00       0       0   0.00  irq/30-tegra-pc
03:25:10 AM     0       216    0.00    0.00    0.00    0.00    0.00     0      0.00      0.00       0       0   0.00  kworker/4:3-events
03:25:10 AM     0       218    0.00    0.00    0.00    0.00    0.00     4      0.00      0.00       0       0   0.00  kworker/4:5-events
03:25:10 AM     0       221    0.00    0.00    0.00    0.00    0.00     0      0.00      0.00       0       0   0.00  kworker/6:12-events
03:25:10 AM     0       222    0.00    0.00    0.00    0.00    0.00     0      0.00      0.00       0       0   0.00  kworker/6:13-events
03:25:10 AM     0       225    0.00    0.00    0.00    0.00    0.00     0      0.00      0.00       0       0   0.00  irq/68-tegra_dp
03:25:10 AM     0       226    0.00    0.00    0.00    0.00    0.00     0      0.00      0.00       0       0   0.00  irq/65-15210000
03:25:10 AM     0       227    0.00    0.00    0.00    0.00    0.00     0      0.00      0.00       0       0   0.00  tegradc.1/a
03:25:10 AM     0       228    0.00    0.00    0.00    0.00    0.00     0      0.00      0.00       0       0   0.00  tegradc.1/b
03:25:10 AM     0       229    0.00    0.00    0.00    0.00    0.00     0      0.00      0.00       0       0   0.00  tegradc.1/c
03:25:10 AM     0       230    0.00    0.00    0.00    0.00    0.00     0      0.00      0.00       0       0   0.00  tegradc.1/d
03:25:10 AM     0       231    0.00    0.00    0.00    0.00    0.00     0      0.00      0.00       0       0   0.00  tegradc.1/e
03:25:10 AM     0       232    0.00    0.00    0.00    0.00    0.00     0      0.00      0.00       0       0   0.00  tegradc.1/f
03:25:10 AM     0       233    0.00    0.00    0.00    0.00    0.00     1      0.00      0.00       0       0   0.00  tegradc.1/sl
03:25:10 AM     0       234    0.00    0.00    0.00    0.00    0.00     0      0.00      0.00       0       0   0.00  irq/63-15210000
03:25:10 AM     0       249    0.00    0.00    0.00    0.00    0.00     0      0.00      0.00       0       0   0.00  irq/56-d230000.
03:25:10 AM     0       250    0.00    0.00    0.00    0.00    0.00     0      0.00      0.00       0       0   0.00  irq/69-tegra_dp
03:25:10 AM     0       251    0.00    0.00    0.00    0.00    0.00     0      0.00      0.00       0       0   0.00  irq/66-15220000
03:25:10 AM     0       252    0.00    0.00    0.00    0.00    0.00     0      0.00      0.00       0       0   0.00  tegradc.2/a
03:25:10 AM     0       253    0.00    0.00    0.00    0.00    0.00     0      0.00      0.00       0       0   0.00  tegradc.2/b
03:25:10 AM     0       254    0.00    0.00    0.00    0.00    0.00     0      0.00      0.00       0       0   0.00  tegradc.2/c
03:25:10 AM     0       255    0.00    0.00    0.00    0.00    0.00     0      0.00      0.00       0       0   0.00  tegradc.2/d
03:25:10 AM     0       256    0.00    0.00    0.00    0.00    0.00     0      0.00      0.00       0       0   0.00  tegradc.2/e
03:25:10 AM     0       257    0.00    0.00    0.00    0.00    0.00     0      0.00      0.00       0       0   0.00  tegradc.2/f
03:25:10 AM     0       258    0.00    0.00    0.00    0.00    0.00     0      0.00      0.00       0       0   0.00  tegradc.2/sl
03:25:10 AM     0       259    0.00    0.00    0.00    0.00    0.00     0      0.00      0.00       0       0   0.00  irq/64-15220000
03:25:10 AM     0       275    0.00    0.00    0.00    0.00    0.00     3      0.00      0.00       0       0   0.00  jbd2/mmcblk0p1-
03:25:10 AM     0       276    0.00    0.00    0.00    0.00    0.00     3      0.00      0.00       0       0   0.00  ext4-rsv-conver
03:25:10 AM     0       280    0.00    0.00    0.00    0.00    0.00     7      0.00      0.00       0       0   0.00  kworker/7:1H
03:25:10 AM     0       286    0.00    0.00    0.00    0.00    0.00     5      0.00      0.00       0       0   0.00  kworker/5:1H-kblockd
03:25:10 AM     0       312    0.00    0.00    0.00    0.00    0.00     0      0.00      0.00   61816   32076   0.10  systemd-journal
03:25:10 AM     0       338    0.00    0.00    0.00    0.00    0.00     1      0.00      0.00       0       0   0.00  nvmap-bz
03:25:10 AM     0       339    0.00    0.00    0.00    0.00    0.00     0      0.00      0.00       0       0   0.00  irq/204-gk20a_s
03:25:10 AM     0       340    0.00    0.00    0.00    0.00    0.00     0      0.00      0.00       0       0   0.00  irq/205-gk20a_n
03:25:10 AM     0       345    0.00    0.00    0.00    0.00    0.00     3      0.00      0.00    2776    1492   0.00  tee-supplicant
03:25:10 AM     0       347    0.00    0.00    0.00    0.00    0.00     3      0.00      0.00       0       0   0.00  optee_bus_scan
03:25:10 AM     0       358    0.00    0.00    0.00    0.00    0.00     2      0.00      0.00   22788    7532   0.02  systemd-udevd
03:25:10 AM     0       364    0.00    0.00    0.00    0.00    0.00     1      0.00      0.00    7948    4892   0.02  haveged
03:25:10 AM   126       365    0.00    0.00    0.00    0.00    0.00     3      0.00      0.00    7136    3108   0.01  rpcbind
03:25:10 AM   105       366    0.00    0.00    0.00    0.00    0.00     1      0.00      0.00   25592   13288   0.04  systemd-resolve
03:25:10 AM   103       367    0.00    0.00    0.00    0.00    0.00     0      0.00      0.00   90672    6220   0.02  systemd-timesyn
03:25:10 AM     0       407    0.00    0.00    0.00    0.00    0.00     5      0.00      0.00       0       0   0.00  cfg80211
03:25:10 AM     0       410    0.00    0.00    0.00    0.00    0.00     0      0.00      0.00       0       0   0.00  irq/42-3210000.
03:25:10 AM     0       412    0.00    0.00    0.00    0.00    0.00     2      0.00      0.00       0       0   0.00  spi0
03:25:10 AM     0       413    0.00    1.00    0.00    0.00    1.00     1      0.00      0.00       0       0   0.00  irq/282-iwlwifi
03:25:10 AM     0       416    0.00    0.00    0.00    0.00    0.00     4      0.00      0.00       0       0   0.00  ata_sff
03:25:10 AM     0       419    0.00    0.00    0.00    0.00    0.00     0      0.00      0.00       0       0   0.00  irq/43-c260000.
03:25:10 AM     0       420    0.00    0.00    0.00    0.00    0.00     6      0.00      0.00       0       0   0.00  scsi_eh_1
03:25:10 AM     0       422    0.00    0.00    0.00    0.00    0.00     6      0.00      0.00       0       0   0.00  scsi_tmf_1
03:25:10 AM     0       427    0.00    0.00    0.00    0.00    0.00     0      0.00      0.00       0       0   0.00  spi1
03:25:10 AM     0       430    0.00    0.00    0.00    0.00    0.00     1      0.00      0.00  242072    8880   0.03  accounts-daemon
03:25:10 AM   120       439    0.00    0.00    0.00    0.00    0.00     0      0.00      0.00    7084    3472   0.01  avahi-daemon
03:25:10 AM     0       441    0.00    0.00    0.00    0.00    0.00     1      0.00      0.00    9220    2516   0.01  cron
03:25:10 AM   106       443    0.00    0.00    0.00    0.00    0.00     0      0.00      0.00    9396    5264   0.02  dbus-daemon
03:25:10 AM     0       447    0.00    0.00    0.00    0.00    0.00     0      0.00      0.00  341244   20856   0.07  NetworkManager
03:25:10 AM     0       456    0.00    0.00    0.00    0.00    0.00     4      0.00      0.00   38300   19472   0.06  networkd-dispat
03:25:10 AM     0       473    0.00    0.00    0.00    0.00    0.00     3      0.00      0.00  238860   13352   0.04  polkitd
03:25:10 AM   125       483    0.00    0.00    0.00    0.00    0.00     3      0.00      0.00  220940    8288   0.03  rsyslogd
03:25:10 AM     0       503    0.00    0.00    0.00    0.00    0.00     2      0.00      0.00  235864    4364   0.01  switcheroo-cont
03:25:10 AM     0       514    0.00    0.00    0.00    0.00    0.00     0      0.00      0.00   17076    6760   0.02  systemd-logind
03:25:10 AM     0       523    0.00    0.00    0.00    0.00    0.00     2      0.00      0.00  395556   15680   0.05  udisksd
03:25:10 AM     0       528    0.00    0.00    0.00    0.00    0.00     0      0.00      0.00   12784    8052   0.03  wpa_supplicant
03:25:10 AM     0       548    0.00    1.00    0.00    0.00    1.00     0      0.00      0.00       0       0   0.00  sugov:0
03:25:10 AM   120       555    0.00    0.00    0.00    0.00    0.00     2      0.00      0.00    6896     324   0.00  avahi-daemon
03:25:10 AM     0       585    0.00    0.00    0.00    0.00    0.00     5      0.00      0.00       0       0   0.00  tmp451
03:25:10 AM     0       597    0.00    0.00    0.00    0.00    0.00     3      0.00      0.00       0       0   0.00  irq/286-1-0008
03:25:10 AM     0       600    0.00    0.00    0.00    0.00    0.00     2      0.00      0.00  321792   14480   0.05  ModemManager
03:25:10 AM     0       653    0.00    0.00    0.00    0.00    0.00     1      0.00      0.00    2476     604   0.00  nvfancontrol
03:25:10 AM     0       728    0.00    0.00    0.00    0.00    0.00     4      0.00      0.00       0       0   0.00  adspp_kthread
03:25:10 AM     0       779    0.00    0.00    0.00    0.00    0.00     6      0.00      0.00       0       0   0.00  kworker/6:2H-kblockd
03:25:10 AM     0       876    0.00    0.00    0.00    0.00    0.00     1      0.00      0.00       0       0   0.00  irq/289-2490000
03:25:10 AM     0       887    0.00    0.00    0.00    0.00    0.00     0      0.00      0.00       0       0   0.00  irq/32-eth0.com
03:25:10 AM     0       919    0.00    0.00    0.00    0.00    0.00     4      0.00      0.00       0       0   0.00  file-storage
03:25:10 AM     0       953    0.00    0.00    0.00    0.00    0.00     1      0.00      0.00       0       0   0.00  loop0
03:25:10 AM     0      1048    0.00    0.00    0.00    0.00    0.00     4      0.00      0.00       0       0   0.00  kworker/4:2H-kblockd
03:25:10 AM     0      1091    0.00    0.00    0.00    0.00    0.00     3      0.00      0.00       0       0   0.00  cryptd
03:25:10 AM     0      1147    0.00    0.00    0.00    0.00    0.00     2      0.00      0.00       0       0   0.00  sw-quiesce
03:25:10 AM     0      1148    0.00    0.00    0.00    0.00    0.00     2      0.00      0.00       0       0   0.00  nvgpu_channel_p
03:25:10 AM     0      1151    0.00    0.00    0.00    0.00    0.00     3      0.00      0.00       0       0   0.00  nvgpu_nvs_gv11b
03:25:10 AM     0      1153    0.00    0.00    0.00    0.00    0.00     1      0.00      0.00       0       0   0.00  nvgpu_pg_init_g
03:25:10 AM     0      1157    0.00    0.00    0.00    0.00    0.00     3      0.00      0.00       0       0   0.00  nvgpu_clk_arb_p
03:25:10 AM     0      1162    0.00    0.00    0.00    0.00    0.00     3      0.00      0.00       0       0   0.00  irq/288-rt5659
03:25:10 AM     0      1270    0.00    0.00    0.00    0.00    0.00     3      0.00      0.00   55688   11092   0.03  nvargus-daemon
03:25:10 AM     0      1273    0.00    0.00    0.00    0.00    0.00     3      0.00      0.00   21932    1552   0.00  nvs-service
03:25:10 AM     0      1298    0.00    1.00    0.00    0.00    1.00     1      3.00      0.00 2007972   49164   0.15  containerd
03:25:10 AM     0      1314    0.00    0.00    0.00    0.00    0.00     0      0.00      0.00  240032    7616   0.02  gdm3
03:25:10 AM   108      1326    0.00    0.00    0.00    0.00    0.00     1      0.00      0.00   11468    1896   0.01  kerneloops
03:25:10 AM     0      1327    0.00    0.00    0.00    0.00    0.00     3      0.00      0.00   12236    6576   0.02  sshd
03:25:10 AM     0      1336    0.00    0.00    0.00    0.00    0.00     0      0.00      0.00    7688    1876   0.01  agetty
03:25:10 AM     0      1337    0.00    0.00    0.00    0.00    0.00     2      0.00      0.00    7688    1904   0.01  agetty
03:25:10 AM   108      1339    0.00    0.00    0.00    0.00    0.00     2      0.00      0.00   11468    1820   0.01  kerneloops
03:25:10 AM     0      1340    0.00    0.00    0.00    0.00    0.00     3      0.00      0.00    9216    2824   0.01  nvgetty.sh
03:25:10 AM     0      1379    0.00    0.00    0.00    0.00    0.00     0      0.00      0.00    7688    1848   0.01  getty
03:25:10 AM     0      1554    0.00    0.00    0.00    0.00    0.00     2      0.00      0.00 2111796   86036   0.27  dockerd
03:25:10 AM     0      1677    0.00    0.00    0.00    0.00    0.00     2      0.00      0.00  168472    8256   0.03  gdm-session-wor
03:25:10 AM     0      1711    0.00    0.00    0.00    0.00    0.00     0      0.00      0.00    3248     808   0.00  nvphsd
03:25:10 AM     0      1716    0.00    0.00    0.00    0.00    0.00     3      0.00      0.00    3380    1788   0.01  nvphsd
03:25:10 AM   124      1789    0.00    0.00    0.00    0.00    0.00     3      0.00      0.00   19144    9224   0.03  systemd
03:25:10 AM   124      1804    0.00    0.00    0.00    0.00    0.00     3      0.00      0.00  104488    5436   0.02  (sd-pam)
03:25:10 AM   124      2014    0.00    0.00    0.00    0.00    0.00     1      0.00      0.00  961884   21984   0.07  pulseaudio
03:25:10 AM   124      2032    0.00    0.00    0.00    0.00    0.00     2      0.00      0.00  164156    5924   0.02  gdm-x-session
03:25:10 AM   124      2037    0.00    0.00    0.00    0.00    0.00     2      0.00      0.00 25330232   99256   0.31  Xorg
03:25:10 AM   118      2040    0.00    0.00    0.00    0.00    0.00     1      0.00      0.00  152516    2440   0.01  rtkit-daemon
03:25:10 AM   124      2162    0.00    0.00    0.00    0.00    0.00     2      0.00      0.00    7812    3448   0.01  dbus-daemon
03:25:10 AM   124      2428    0.00    0.00    0.00    0.00    0.00     0      0.00      0.00    4776    1164   0.00  dbus-run-sessio
03:25:10 AM   124      2429    0.00    0.00    0.00    0.00    0.00     2      0.00      0.00    8088    4104   0.01  dbus-daemon
03:25:10 AM   124      2438    0.00    0.00    0.00    0.00    0.00     0      0.00      0.00  559768   14932   0.05  gnome-session-b
03:25:10 AM     0      2457    0.00    0.00    0.00    0.00    0.00     2      0.00      0.00  101692   19628   0.06  jtop
03:25:10 AM   124      2463    0.00    0.00    0.00    0.00    0.00     3      0.00      0.00  309548   10092   0.03  at-spi-bus-laun
03:25:10 AM   124      2470    0.00    0.00    0.00    0.00    0.00     1      0.00      0.00    7676    3468   0.01  dbus-daemon
03:25:10 AM   124      2495    0.00    0.00    0.00    0.00    0.00     2      0.00      0.00 4022996  194924   0.61  gnome-shell
03:25:10 AM     0      2510    0.00    0.00    0.00    0.00    0.00     2      0.00      0.00  175424   16904   0.05  jtop
03:25:10 AM     0      2518    0.00    0.00    0.00    0.00    0.00     2      0.00      0.00  101692   17160   0.05  jtop
03:25:10 AM   124      2696    0.00    0.00    0.00    0.00    0.00     0      0.00      0.00  314420   11212   0.04  ibus-daemon
03:25:10 AM   124      2699    0.00    0.00    0.00    0.00    0.00     2      0.00      0.00  239960   11792   0.04  ibus-dconf
03:25:10 AM   124      2701    0.00    0.00    0.00    0.00    0.00     2      0.00      0.00  189920   16900   0.05  ibus-x11
03:25:10 AM   124      2704    0.00    0.00    0.00    0.00    0.00     3      0.00      0.00  239880    7776   0.02  ibus-portal
03:25:10 AM   124      2715    0.00    0.00    0.00    0.00    0.00     1      0.00      0.00  161420    6880   0.02  at-spi2-registr
03:25:10 AM   124      2719    0.00    0.00    0.00    0.00    0.00     3      0.00      0.00  235804    4672   0.01  xdg-permission-
03:25:10 AM     0      2725    0.00    0.00    0.00    0.00    0.00     0      0.00      0.00  252944    8776   0.03  upowerd
03:25:10 AM   124      2745    0.00    0.00    0.00    0.00    0.00     2      0.00      0.00 3001620   27244   0.09  gjs
03:25:10 AM   124      2764    0.00    0.00    0.00    0.00    0.00     1      0.00      0.00  469396   14236   0.04  gsd-sharing
03:25:10 AM   124      2765    0.00    0.00    0.00    0.00    0.00     1      0.00      0.00  334628   15072   0.05  gsd-wacom
03:25:10 AM   124      2768    0.00    0.00    0.00    0.00    0.00     3      0.00      0.00  571788   19844   0.06  gsd-color
03:25:10 AM   124      2772    0.00    0.00    0.00    0.00    0.00     3      0.00      0.00  338096   17824   0.06  gsd-keyboard
03:25:10 AM   124      2774    0.00    0.00    0.00    0.00    0.00     2      0.00      0.00  322508   11376   0.04  gsd-print-notif
03:25:10 AM   124      2779    0.00    0.00    0.00    0.00    0.00     3      0.00      0.00  166208    7736   0.02  ibus-engine-sim
03:25:10 AM   124      2780    0.00    0.00    0.00    0.00    0.00     1      0.00      0.00  457460    7996   0.03  gsd-rfkill
03:25:10 AM   124      2782    0.00    0.00    0.00    0.00    0.00     1      0.00      0.00  391976    9696   0.03  gsd-smartcard
03:25:10 AM   124      2784    0.00    0.00    0.00    0.00    0.00     2      0.00      0.00  374928   15372   0.05  gsd-datetime
03:25:10 AM   124      2790    0.00    0.00    0.00    0.00    0.00     2      0.00      0.00  679696   20032   0.06  gsd-media-keys
03:25:10 AM   124      2791    0.00    0.00    0.00    0.00    0.00     3      0.00      0.00  235772    5600   0.02  gsd-screensaver
03:25:10 AM   124      2793    0.00    0.00    0.00    0.00    0.00     3      0.00      0.00  320104    9452   0.03  gsd-sound
03:25:10 AM   124      2795    0.00    0.00    0.00    0.00    0.00     3      0.00      0.00  313652   10144   0.03  gsd-a11y-settin
03:25:10 AM   124      2799    0.00    0.00    0.00    0.00    0.00     3      0.00      0.00  313992   10540   0.03  gsd-housekeepin
03:25:10 AM   124      2802    0.00    0.00    0.00    0.00    0.00     3      0.00      0.00  339724   18828   0.06  gsd-power
03:25:10 AM   124      2824    0.00    0.00    0.00    0.00    0.00     2      0.00      0.00  342540   12784   0.04  gsd-printer
03:25:10 AM   119      2837    0.00    0.00    0.00    0.00    0.00     2      0.00      0.00  249328   17548   0.06  colord
03:25:10 AM     0     29120    0.00    0.00    0.00    0.00    0.00     2      0.00      0.00       0       0   0.00  kworker/u17:2-rb_allocator
03:25:10 AM     0     33852    0.00    0.00    0.00    0.00    0.00     1      0.00      0.00       0       0   0.00  kworker/1:0H-kblockd
03:25:10 AM     0     35048    0.00    0.00    0.00    0.00    0.00     0      0.00      0.00       0       0   0.00  kworker/u17:0-thermal_fan_est
03:25:10 AM  1000     39960    0.00    0.00    0.00    0.00    0.00     1      0.00      0.00   19248    9208   0.03  systemd
03:25:10 AM  1000     39961    0.00    0.00    0.00    0.00    0.00     2      0.00      0.00  170940    6304   0.02  (sd-pam)
03:25:10 AM  1000     40037    0.00    0.00    0.00    0.00    0.00     3      0.00      0.00    7812    3952   0.01  dbus-daemon
03:25:10 AM     0     40147    0.00    0.00    0.00    0.00    0.00     1      0.00      0.00       0       0   0.00  kworker/1:0-events
03:25:10 AM     0     40174    0.00    0.00    0.00    0.00    0.00     2      0.00      0.00       0       0   0.00  kworker/2:2H-kblockd
03:25:10 AM     0     40194    0.00    0.00    0.00    0.00    0.00     3      0.00      0.00       0       0   0.00  kworker/3:0H-kblockd
03:25:10 AM     0     41650    0.00    0.00    0.00    0.00    0.00     3      0.00      0.00       0       0   0.00  kworker/3:0-pm
03:25:10 AM     0     81462    0.00    0.00    0.00    0.00    0.00     2      0.00      0.00       0       0   0.00  kworker/2:2-mm_percpu_wq
03:25:10 AM     0     81478    0.00    0.00    0.00    0.00    0.00     0      0.00      0.00       0       0   0.00  kworker/0:1H-kblockd
03:25:10 AM  1000     84840    0.00    0.00    0.00    0.00    0.00     3      0.00      0.00  240176   10088   0.03  gnome-keyring-d
03:25:10 AM   124     84900    0.00    0.00    0.00    0.00    0.00     1      0.00      0.00  156240    4584   0.01  dconf-service
03:25:10 AM     0     85427    0.00    0.00    0.00    0.00    0.00     0      0.00      0.00       0       0   0.00  kworker/0:2-events
03:25:10 AM     0     86310    0.00    0.00    0.00    0.00    0.00     2      0.00      0.00       0       0   0.00  kworker/u16:1-events_unbound
03:25:10 AM     0     86549    0.00    0.00    0.00    0.00    0.00     2      0.00      0.00   14768    7664   0.02  sshd
03:25:10 AM  1000     86593    0.00    0.00    0.00    0.00    0.00     0      0.00      0.00   15292    6480   0.02  sshd
03:25:10 AM  1000     86594    0.00    0.00    0.00    0.00    0.00     3      0.00      0.00   11860    5896   0.02  bash
03:25:10 AM     0     87290    0.00    0.00    0.00    0.00    0.00     0      0.00      0.00   14768    7584   0.02  sshd
03:25:10 AM  1000     87334    0.00    0.00    0.00    0.00    0.00     0      0.00      0.00   15292    6412   0.02  sshd
03:25:10 AM  1000     87335    0.00    0.00    0.00    0.00    0.00     2      0.00      0.00   11344    5436   0.02  bash
03:25:10 AM     0    137289    0.00    0.00    0.00    0.00    0.00     1      0.00      0.00       0       0   0.00  kworker/1:3-events
03:25:10 AM     0    142495    0.00    0.00    0.00    0.00    0.00     1      0.00      0.00       0       0   0.00  kworker/1:4-events
03:25:10 AM     0    147908    0.00    0.00    0.00    0.00    0.00     2      0.00      0.00   14768    7636   0.02  sshd
03:25:10 AM  1000    147952    0.00    0.00    0.00    0.00    0.00     1      0.00      0.00   15292    5656   0.02  sshd
03:25:10 AM  1000    147953    0.00    0.00    0.00    0.00    0.00     3      0.00      0.00   11344    5400   0.02  bash
03:25:10 AM     0    148065    0.00    0.00    0.00    0.00    0.00     2      0.00      0.00 1237828   16592   0.05  containerd-shim
03:25:10 AM     0    148086    0.00    0.00    0.00    0.00    0.00     3      0.00      0.00    4560    3504   0.01  bash
03:25:10 AM  1000    148115    0.00    0.00    0.00    0.00    0.00     3      0.00      0.00 1919232   29524   0.09  docker
03:25:10 AM     0    148133    0.00    0.00    0.00    0.00    0.00     1      0.00      0.00    4560    3508   0.01  bash
03:25:10 AM     0    148158    0.00    0.00    0.00    0.00    0.00     1      0.00      0.00  196036   35060   0.11  ros2
03:25:10 AM     0    148159    3.00    3.00    0.00    1.00    6.00     0      0.00      0.00  580336   29036   0.09  scale_truck_con
03:25:10 AM     0    148161    3.00    5.00    0.00    1.00    8.00     1      0.00      0.00  582944   22424   0.07  lrc_node
03:25:10 AM     0    148232    0.00    0.00    0.00    0.00    0.00     1      0.00      0.00   14768    7560   0.02  sshd
03:25:10 AM  1000    148276    0.00    0.00    0.00    0.00    0.00     3      0.00      0.00   15292    6364   0.02  sshd
03:25:10 AM  1000    148277    0.00    0.00    0.00    0.00    0.00     1      0.00      0.00   11860    5928   0.02  bash
03:25:10 AM     0    148558    0.00    0.00    0.00    0.00    0.00     3      0.00      0.00  651044   82972   0.26  python3
03:25:10 AM     0    150604    0.00    0.00    0.00    0.00    0.00     2      0.00      0.00       0       0   0.00  kworker/2:1-mm_percpu_wq
03:25:10 AM     0    150646    0.00    0.00    0.00    0.00    0.00     0      0.00      0.00       0       0   0.00  kworker/0:0H
03:25:10 AM     0    150688    0.00    0.00    0.00    0.00    0.00     2      0.00      0.00       0       0   0.00  kworker/2:0H
03:25:10 AM     0    151786    0.00    0.00    0.00    0.00    0.00     3      0.00      0.00       0       0   0.00  kworker/3:2H
03:25:10 AM     0    151819    0.00    0.00    0.00    0.00    0.00     3      0.00      0.00       0       0   0.00  kworker/3:2-cgroup_destroy
03:25:10 AM     0    151861    0.00    0.00    0.00    0.00    0.00     1      0.00      0.00       0       0   0.00  kworker/u16:0-events_unbound
03:25:10 AM     0    151916    0.00    0.00    0.00    0.00    0.00     0      0.00      0.00       0       0   0.00  kworker/0:0-events
03:25:10 AM     0    151989    0.00    0.00    0.00    0.00    0.00     1      0.00      0.00       0       0   0.00  kworker/1:1H
03:25:10 AM     0    152270    0.00    0.00    0.00    0.00    0.00     1      0.00      0.00       0       0   0.00  kworker/1:2-events
03:25:10 AM     0    152626    0.00    0.00    0.00    0.00    0.00     2      0.00      0.00       0       0   0.00  kworker/2:1H
03:25:10 AM     0    152627    0.00    0.00    0.00    0.00    0.00     3      0.00      0.00       0       0   0.00  kworker/3:1H
03:25:10 AM     0    152628    0.00    0.00    0.00    0.00    0.00     0      0.00      0.00       0       0   0.00  kworker/0:1-events
03:25:10 AM     0    152655    0.00    0.00    0.00    0.00    0.00     1      0.00      0.00       0       0   0.00  kworker/u16:2-events_unbound
03:25:10 AM     0    152798    0.00    0.00    0.00    0.00    0.00     1      0.00      0.00       0       0   0.00  kworker/1:2H
03:25:10 AM     0    152803    0.00    0.00    0.00    0.00    0.00     2      0.00      0.00       0       0   0.00  kworker/2:0
03:25:10 AM     0    152876    0.00    0.00    0.00    0.00    0.00     3      0.00      0.00    4428    3224   0.01  bash
03:25:10 AM  1000    152883    0.00    0.00    0.00    0.00    0.00     3      0.00      0.00    9208    3068   0.01  bash
03:25:10 AM     0    153059    0.00    0.00    0.00    0.00    0.00     1      0.00      0.00    2660     780   0.00  timeout
03:25:10 AM     0    153061    9.00    6.00    0.00    0.00   15.00     2      3.00      0.00  837724   47432   0.15  ros2
03:25:10 AM  1000    153071    3.00   12.00    0.00    0.00   15.00     2      0.00      0.00   17668    9488   0.03  pidstat
03:25:10 AM     0    153136    0.00    0.00    0.00    0.00    0.00     0      0.00      0.00       0       0   0.00  kworker/0:2H

# Time        UID       PID    %usr %system  %guest   %wait    %CPU   CPU  minflt/s  majflt/s     VSZ     RSS   %MEM  Command
03:25:11 AM     0         1    0.00    0.00    0.00    0.00    0.00     0      0.00      0.00  169880   11540   0.04  systemd
03:25:11 AM     0         2    0.00    0.00    0.00    0.00    0.00     0      0.00      0.00       0       0   0.00  kthreadd
03:25:11 AM     0         3    0.00    0.00    0.00    0.00    0.00     0      0.00      0.00       0       0   0.00  rcu_gp
03:25:11 AM     0         4    0.00    0.00    0.00    0.00    0.00     0      0.00      0.00       0       0   0.00  rcu_par_gp
03:25:11 AM     0         8    0.00    0.00    0.00    0.00    0.00     0      0.00      0.00       0       0   0.00  mm_percpu_wq
03:25:11 AM     0         9    0.00    0.00    0.00    0.00    0.00     0      0.00      0.00       0       0   0.00  rcu_tasks_kthre
03:25:11 AM     0        10    0.00    0.00    0.00    0.00    0.00     0      0.00      0.00       0       0   0.00  rcu_tasks_rude_
03:25:11 AM     0        11    0.00    0.00    0.00    0.00    0.00     0      0.00      0.00       0       0   0.00  rcu_tasks_trace
03:25:11 AM     0        12    0.00    0.00    0.00    0.00    0.00     0      0.00      0.00       0       0   0.00  ksoftirqd/0
03:25:11 AM     0        13    0.00    0.00    0.00    0.00    0.00     3      0.00      0.00       0       0   0.00  rcu_preempt
03:25:11 AM     0        14    0.00    0.00    0.00    0.00    0.00     0      0.00      0.00       0       0   0.00  migration/0
03:25:11 AM     0        16    0.00    0.00    0.00    0.00    0.00     0      0.00      0.00       0       0   0.00  cpuhp/0
03:25:11 AM     0        17    0.00    0.00    0.00    0.00    0.00     1      0.00      0.00       0       0   0.00  cpuhp/1
03:25:11 AM     0        18    0.00    0.00    0.00    0.00    0.00     1      0.00      0.00       0       0   0.00  migration/1
03:25:11 AM     0        19    0.00    0.00    0.00    0.00    0.00     1      0.00      0.00       0       0   0.00  ksoftirqd/1
03:25:11 AM     0        22    0.00    0.00    0.00    0.00    0.00     2      0.00      0.00       0       0   0.00  cpuhp/2
03:25:11 AM     0        23    0.00    0.00    0.00    0.00    0.00     2      0.00      0.00       0       0   0.00  migration/2
03:25:11 AM     0        24    0.00    0.00    0.00    0.00    0.00     2      0.00      0.00       0       0   0.00  ksoftirqd/2
03:25:11 AM     0        27    0.00    0.00    0.00    0.00    0.00     3      0.00      0.00       0       0   0.00  cpuhp/3
03:25:11 AM     0        28    0.00    0.00    0.00    0.00    0.00     3      0.00      0.00       0       0   0.00  migration/3
03:25:11 AM     0        29    0.00    0.00    0.00    0.00    0.00     3      0.00      0.00       0       0   0.00  ksoftirqd/3
03:25:11 AM     0        32    0.00    0.00    0.00    0.00    0.00     4      0.00      0.00       0       0   0.00  cpuhp/4
03:25:11 AM     0        33    0.00    0.00    0.00    0.00    0.00     4      0.00      0.00       0       0   0.00  migration/4
03:25:11 AM     0        34    0.00    0.00    0.00    0.00    0.00     4      0.00      0.00       0       0   0.00  ksoftirqd/4
03:25:11 AM     0        36    0.00    0.00    0.00    0.00    0.00     4      0.00      0.00       0       0   0.00  kworker/4:0H-kblockd
03:25:11 AM     0        37    0.00    0.00    0.00    0.00    0.00     5      0.00      0.00       0       0   0.00  cpuhp/5
03:25:11 AM     0        38    0.00    0.00    0.00    0.00    0.00     5      0.00      0.00       0       0   0.00  migration/5
03:25:11 AM     0        39    0.00    0.00    0.00    0.00    0.00     5      0.00      0.00       0       0   0.00  ksoftirqd/5
03:25:11 AM     0        41    0.00    0.00    0.00    0.00    0.00     5      0.00      0.00       0       0   0.00  kworker/5:0H-kblockd
03:25:11 AM     0        42    0.00    0.00    0.00    0.00    0.00     6      0.00      0.00       0       0   0.00  cpuhp/6
03:25:11 AM     0        43    0.00    0.00    0.00    0.00    0.00     6      0.00      0.00       0       0   0.00  migration/6
03:25:11 AM     0        44    0.00    0.00    0.00    0.00    0.00     6      0.00      0.00       0       0   0.00  ksoftirqd/6
03:25:11 AM     0        46    0.00    0.00    0.00    0.00    0.00     6      0.00      0.00       0       0   0.00  kworker/6:0H-events_highpri
03:25:11 AM     0        47    0.00    0.00    0.00    0.00    0.00     7      0.00      0.00       0       0   0.00  cpuhp/7
03:25:11 AM     0        48    0.00    0.00    0.00    0.00    0.00     7      0.00      0.00       0       0   0.00  migration/7
03:25:11 AM     0        49    0.00    0.00    0.00    0.00    0.00     7      0.00      0.00       0       0   0.00  ksoftirqd/7
03:25:11 AM     0        50    0.00    0.00    0.00    0.00    0.00     0      0.00      0.00       0       0   0.00  kworker/7:0-rcu_gp
03:25:11 AM     0        51    0.00    0.00    0.00    0.00    0.00     7      0.00      0.00       0       0   0.00  kworker/7:0H-kblockd
03:25:11 AM     0        52    0.00    0.00    0.00    0.00    0.00     0      0.00      0.00       0       0   0.00  kdevtmpfs
03:25:11 AM     0        53    0.00    0.00    0.00    0.00    0.00     4      0.00      0.00       0       0   0.00  netns
03:25:11 AM     0        54    0.00    0.00    0.00    0.00    0.00     1      0.00      0.00       0       0   0.00  kauditd
03:25:11 AM     0        55    0.00    0.00    0.00    0.00    0.00     0      0.00      0.00       0       0   0.00  irq/87-mc_statu
03:25:11 AM     0        56    0.00    0.00    0.00    0.00    0.00     0      0.00      0.00       0       0   0.00  khungtaskd
03:25:11 AM     0        57    0.00    0.00    0.00    0.00    0.00     3      0.00      0.00       0       0   0.00  oom_reaper
03:25:11 AM     0        58    0.00    0.00    0.00    0.00    0.00     5      0.00      0.00       0       0   0.00  writeback
03:25:11 AM     0        59    0.00    0.00    0.00    0.00    0.00     3      0.00      0.00       0       0   0.00  kcompactd0
03:25:11 AM     0        60    0.00    0.00    0.00    0.00    0.00     1      0.00      0.00       0       0   0.00  ksmd
03:25:11 AM     0        61    0.00    0.00    0.00    0.00    0.00     0      0.00      0.00       0       0   0.00  khugepaged
03:25:11 AM     0        93    0.00    0.00    0.00    0.00    0.00     1      0.00      0.00       0       0   0.00  kintegrityd
03:25:11 AM     0        94    0.00    0.00    0.00    0.00    0.00     1      0.00      0.00       0       0   0.00  kblockd
03:25:11 AM     0        95    0.00    0.00    0.00    0.00    0.00     1      0.00      0.00       0       0   0.00  blkcg_punt_bio
03:25:11 AM     0        97    0.00    0.00    0.00    0.00    0.00     3      0.00      0.00       0       0   0.00  tpm_dev_wq
03:25:11 AM     0        98    0.00    0.00    0.00    0.00    0.00     0      0.00      0.00       0       0   0.00  irq/197-30c0000
03:25:11 AM     0        99    0.00    0.00    0.00    0.00    0.00     1      0.00      0.00       0       0   0.00  devfreq_wq
03:25:11 AM     0       100    0.00    0.00    0.00    0.00    0.00     1      0.00      0.00       0       0   0.00  watchdogd
03:25:11 AM     0       104    0.00    0.00    0.00    0.00    0.00     7      0.00      0.00       0       0   0.00  rpciod
03:25:11 AM     0       106    0.00    0.00    0.00    0.00    0.00     7      0.00      0.00       0       0   0.00  xprtiod
03:25:11 AM     0       108    0.00    0.00    0.00    0.00    0.00     7      0.00      0.00       0       0   0.00  kswapd0
03:25:11 AM     0       109    0.00    0.00    0.00    0.00    0.00     5      0.00      0.00       0       0   0.00  nfsiod
03:25:11 AM     0       112    0.00    0.00    0.00    0.00    0.00     1      0.00      0.00       0       0   0.00  kthrotld
03:25:11 AM     0       113    0.00    0.00    0.00    0.00    0.00     7      0.00      0.00       0       0   0.00  kpcitest
03:25:11 AM     0       116    0.00    0.00    0.00    0.00    0.00     5      0.00      0.00       0       0   0.00  kworker/5:1-events
03:25:11 AM     0       122    0.00    0.00    0.00    0.00    0.00     1      0.00      0.00       0       0   0.00  nvme-wq
03:25:11 AM     0       123    0.00    0.00    0.00    0.00    0.00     5      0.00      0.00       0       0   0.00  nvme-reset-wq
03:25:11 AM     0       124    0.00    0.00    0.00    0.00    0.00     6      0.00      0.00       0       0   0.00  nvme-delete-wq
03:25:11 AM     0       125    0.00    0.00    0.00    0.00    0.00     6      0.00      0.00       0       0   0.00  uas
03:25:11 AM     0       126    0.00    0.00    0.00    0.00    0.00     0      0.00      0.00       0       0   0.00  irq/222-tegra_r
03:25:11 AM     0       127    0.00    0.00    0.00    0.00    0.00     0      0.00      0.00       0       0   0.00  kworker/7:2-events
03:25:11 AM     0       129    0.00    0.00    0.00    0.00    0.00     0      0.00      0.00       0       0   0.00  irq/86-tegra-oc
03:25:11 AM     0       130    0.00    0.00    0.00    0.00    0.00     5      0.00      0.00       0       0   0.00  dm_bufio_cache
03:25:11 AM     0       131    0.00    0.00    0.00    0.00    0.00     0      0.00      0.00       0       0   0.00  irq/223-max7762
03:25:11 AM     0       140    0.00    0.00    0.00    0.00    0.00     0      0.00      0.00       0       0   0.00  irq/55-bc00000.
03:25:11 AM     0       143    0.00    0.00    0.00    0.00    0.00     0      0.00      0.00       0       0   0.00  ipv6_addrconf
03:25:11 AM     0       144    0.00    0.00    0.00    0.00    0.00     6      0.00      0.00       0       0   0.00  krfcommd
03:25:11 AM     0       145    0.00    0.00    0.00    0.00    0.00     0      0.00      0.00       0       0   0.00  kstrp
03:25:11 AM     0       150    0.00    0.00    0.00    0.00    0.00     0      0.00      0.00       0       0   0.00  irq/24-tegra-pc
03:25:11 AM     0       154    0.00    0.00    0.00    0.00    0.00     0      0.00      0.00       0       0   0.00  irq/26-tegra-pc
03:25:11 AM     0       160    0.00    0.00    0.00    0.00    0.00     0      0.00      0.00       0       0   0.00  irq/26-aerdrv
03:25:11 AM     0       161    0.00    0.00    0.00    0.00    0.00     0      0.00      0.00       0       0   0.00  irq/28-tegra-pc
03:25:11 AM     0       162    0.00    0.00    0.00    0.00    0.00     0      0.00      0.00       0       0   0.00  irq/28-aerdrv
03:25:11 AM     0       163    0.00    0.00    0.00    0.00    0.00     5      0.00      0.00       0       0   0.00  host_low_prio_w
03:25:11 AM     0       164    0.00    0.00    0.00    0.00    0.00     0      0.00      0.00       0       0   0.00  irq/57-host_syn
03:25:11 AM     0       165    0.00    0.00    0.00    0.00    0.00     0      0.00      0.00       0       0   0.00  irq/58-host_sta
03:25:11 AM     0       173    0.00    0.00    0.00    0.00    0.00     5      0.00      0.00       0       0   0.00  pva_task_status
03:25:11 AM     0       174    0.00    0.00    0.00    0.00    0.00     0      0.00      0.00       0       0   0.00  irq/75-pva-isr
03:25:11 AM     0       175    0.00    0.00    0.00    0.00    0.00     0      0.00      0.00       0       0   0.00  pva_task_status
03:25:11 AM     0       176    0.00    0.00    0.00    0.00    0.00     0      0.00      0.00       0       0   0.00  irq/76-pva-isr
03:25:11 AM     0       185    0.00    0.00    0.00    0.00    0.00     0      0.00      0.00       0       0   0.00  sdhci
03:25:11 AM     0       186    0.00    0.00    0.00    0.00    0.00     0      0.00      0.00       0       0   0.00  irq/39-mmc0
03:25:11 AM     0       187    0.00    0.00    0.00    0.00    0.00     2      0.00      0.00       0       0   0.00  sdhci
03:25:11 AM     0       189    0.00    0.00    0.00    0.00    0.00     0      0.00      0.00       0       0   0.00  irq/40-mmc1
03:25:11 AM     0       195    0.00    0.00    0.00    0.00    0.00     7      0.00      0.00       0       0   0.00  scsi_eh_0
03:25:11 AM     0       196    0.00    0.00    0.00    0.00    0.00     7      0.00      0.00       0       0   0.00  scsi_tmf_0
03:25:11 AM     0       197    0.00    0.00    0.00    0.00    0.00     0      0.00      0.00       0       0   0.00  kworker/5:2-events
03:25:11 AM     0       198    0.00    0.00    0.00    0.00    0.00     0      0.00      0.00       0       0   0.00  irq/67-15200000
03:25:11 AM     0       199    0.00    0.00    0.00    0.00    0.00     1      0.00      0.00       0       0   0.00  tegradc.0/a
03:25:11 AM     0       200    0.00    0.00    0.00    0.00    0.00     0      0.00      0.00       0       0   0.00  tegradc.0/b
03:25:11 AM     0       201    0.00    0.00    0.00    0.00    0.00     0      0.00      0.00       0       0   0.00  tegradc.0/c
03:25:11 AM     0       202    0.00    0.00    0.00    0.00    0.00     0      0.00      0.00       0       0   0.00  tegradc.0/d
03:25:11 AM     0       203    0.00    0.00    0.00    0.00    0.00     0      0.00      0.00       0       0   0.00  tegradc.0/e
03:25:11 AM     0       204    0.00    0.00    0.00    0.00    0.00     0      0.00      0.00       0       0   0.00  tegradc.0/f
03:25:11 AM     0       205    0.00    0.00    0.00    0.00    0.00     0      0.00      0.00       0       0   0.00  tegradc.0/sl
03:25:11 AM     0       206    0.00    0.00    0.00    0.00    0.00     0      0.00      0.00       0       0   0.00  irq/62-15200000
03:25:11 AM     0       207    0.00    0.00    0.00    0.00    0.00     0      0.00      0.00       0       0   0.00  irq/276-3400000
03:25:11 AM     0       208    0.00    0.00    0.00    0.00    0.00     0      0.00      0.00       0       0   0.00  ufs_eh_wq_0
03:25:11 AM     0       209    0.00    0.00    0.00    0.00    0.00     3      0.00      0.00       0       0   0.00  mmc_complete
03:25:11 AM     0       211    0.00    0.00    0.00    0.00    0.00     0      0.00      0.00       0       0   0.00  irq/278-1520000
03:25:11 AM     0       212    0.00    0.00    0.00    0.00    0.00     0      0.00      0.00       0       0   0.00  irq/203-3610000
03:25:11 AM     0       213    0.00    0.00    0.00    0.00    0.00     0      0.00      0.00       0       0   0.00  irq/221-3610000
03:25:11 AM     0       214    0.00    0.00    0.00    0.00    0.00     0      0.00      0.00       0       0   0.00  irq/30-tegra-pc
03:25:11 AM     0       216    0.00    0.00    0.00    0.00    0.00     0      0.00      0.00       0       0   0.00  kworker/4:3-events
03:25:11 AM     0       218    0.00    0.00    0.00    0.00    0.00     4      0.00      0.00       0       0   0.00  kworker/4:5-events
03:25:11 AM     0       221    0.00    0.00    0.00    0.00    0.00     0      0.00      0.00       0       0   0.00  kworker/6:12-events
03:25:11 AM     0       222    0.00    0.00    0.00    0.00    0.00     0      0.00      0.00       0       0   0.00  kworker/6:13-events
03:25:11 AM     0       225    0.00    0.00    0.00    0.00    0.00     0      0.00      0.00       0       0   0.00  irq/68-tegra_dp
03:25:11 AM     0       226    0.00    0.00    0.00    0.00    0.00     0      0.00      0.00       0       0   0.00  irq/65-15210000
03:25:11 AM     0       227    0.00    0.00    0.00    0.00    0.00     0      0.00      0.00       0       0   0.00  tegradc.1/a
03:25:11 AM     0       228    0.00    0.00    0.00    0.00    0.00     0      0.00      0.00       0       0   0.00  tegradc.1/b
03:25:11 AM     0       229    0.00    0.00    0.00    0.00    0.00     0      0.00      0.00       0       0   0.00  tegradc.1/c
03:25:11 AM     0       230    0.00    0.00    0.00    0.00    0.00     0      0.00      0.00       0       0   0.00  tegradc.1/d
03:25:11 AM     0       231    0.00    0.00    0.00    0.00    0.00     0      0.00      0.00       0       0   0.00  tegradc.1/e
03:25:11 AM     0       232    0.00    0.00    0.00    0.00    0.00     0      0.00      0.00       0       0   0.00  tegradc.1/f
03:25:11 AM     0       233    0.00    0.00    0.00    0.00    0.00     1      0.00      0.00       0       0   0.00  tegradc.1/sl
03:25:11 AM     0       234    0.00    0.00    0.00    0.00    0.00     0      0.00      0.00       0       0   0.00  irq/63-15210000
03:25:11 AM     0       249    0.00    0.00    0.00    0.00    0.00     0      0.00      0.00       0       0   0.00  irq/56-d230000.
03:25:11 AM     0       250    0.00    0.00    0.00    0.00    0.00     0      0.00      0.00       0       0   0.00  irq/69-tegra_dp
03:25:11 AM     0       251    0.00    0.00    0.00    0.00    0.00     0      0.00      0.00       0       0   0.00  irq/66-15220000
03:25:11 AM     0       252    0.00    0.00    0.00    0.00    0.00     0      0.00      0.00       0       0   0.00  tegradc.2/a
03:25:11 AM     0       253    0.00    0.00    0.00    0.00    0.00     0      0.00      0.00       0       0   0.00  tegradc.2/b
03:25:11 AM     0       254    0.00    0.00    0.00    0.00    0.00     0      0.00      0.00       0       0   0.00  tegradc.2/c
03:25:11 AM     0       255    0.00    0.00    0.00    0.00    0.00     0      0.00      0.00       0       0   0.00  tegradc.2/d
03:25:11 AM     0       256    0.00    0.00    0.00    0.00    0.00     0      0.00      0.00       0       0   0.00  tegradc.2/e
03:25:11 AM     0       257    0.00    0.00    0.00    0.00    0.00     0      0.00      0.00       0       0   0.00  tegradc.2/f
03:25:11 AM     0       258    0.00    0.00    0.00    0.00    0.00     0      0.00      0.00       0       0   0.00  tegradc.2/sl
03:25:11 AM     0       259    0.00    0.00    0.00    0.00    0.00     0      0.00      0.00       0       0   0.00  irq/64-15220000
03:25:11 AM     0       275    0.00    0.00    0.00    0.00    0.00     3      0.00      0.00       0       0   0.00  jbd2/mmcblk0p1-
03:25:11 AM     0       276    0.00    0.00    0.00    0.00    0.00     3      0.00      0.00       0       0   0.00  ext4-rsv-conver
03:25:11 AM     0       280    0.00    0.00    0.00    0.00    0.00     7      0.00      0.00       0       0   0.00  kworker/7:1H
03:25:11 AM     0       286    0.00    0.00    0.00    0.00    0.00     5      0.00      0.00       0       0   0.00  kworker/5:1H-kblockd
03:25:11 AM     0       312    0.00    0.00    0.00    0.00    0.00     0      0.00      0.00   61816   32076   0.10  systemd-journal
03:25:11 AM     0       338    0.00    0.00    0.00    0.00    0.00     1      0.00      0.00       0       0   0.00  nvmap-bz
03:25:11 AM     0       339    0.00    0.00    0.00    0.00    0.00     0      0.00      0.00       0       0   0.00  irq/204-gk20a_s
03:25:11 AM     0       340    0.00    0.00    0.00    0.00    0.00     0      0.00      0.00       0       0   0.00  irq/205-gk20a_n
03:25:11 AM     0       345    0.00    0.00    0.00    0.00    0.00     3      0.00      0.00    2776    1492   0.00  tee-supplicant
03:25:11 AM     0       347    0.00    0.00    0.00    0.00    0.00     3      0.00      0.00       0       0   0.00  optee_bus_scan
03:25:11 AM     0       358    0.00    0.00    0.00    0.00    0.00     2      0.00      0.00   22788    7532   0.02  systemd-udevd
03:25:11 AM     0       364    0.00    0.00    0.00    0.00    0.00     1      0.00      0.00    7948    4892   0.02  haveged
03:25:11 AM   126       365    0.00    0.00    0.00    0.00    0.00     3      0.00      0.00    7136    3108   0.01  rpcbind
03:25:11 AM   105       366    0.00    0.00    0.00    0.00    0.00     1      0.00      0.00   25592   13288   0.04  systemd-resolve
03:25:11 AM   103       367    0.00    0.00    0.00    0.00    0.00     0      0.00      0.00   90672    6220   0.02  systemd-timesyn
03:25:11 AM     0       407    0.00    0.00    0.00    0.00    0.00     5      0.00      0.00       0       0   0.00  cfg80211
03:25:11 AM     0       410    0.00    0.00    0.00    0.00    0.00     0      0.00      0.00       0       0   0.00  irq/42-3210000.
03:25:11 AM     0       412    0.00    0.00    0.00    0.00    0.00     2      0.00      0.00       0       0   0.00  spi0
03:25:11 AM     0       413    0.00    1.00    0.00    0.00    1.00     1      0.00      0.00       0       0   0.00  irq/282-iwlwifi
03:25:11 AM     0       416    0.00    0.00    0.00    0.00    0.00     4      0.00      0.00       0       0   0.00  ata_sff
03:25:11 AM     0       419    0.00    0.00    0.00    0.00    0.00     0      0.00      0.00       0       0   0.00  irq/43-c260000.
03:25:11 AM     0       420    0.00    0.00    0.00    0.00    0.00     6      0.00      0.00       0       0   0.00  scsi_eh_1
03:25:11 AM     0       422    0.00    0.00    0.00    0.00    0.00     6      0.00      0.00       0       0   0.00  scsi_tmf_1
03:25:11 AM     0       427    0.00    0.00    0.00    0.00    0.00     0      0.00      0.00       0       0   0.00  spi1
03:25:11 AM     0       430    0.00    0.00    0.00    0.00    0.00     1      0.00      0.00  242072    8880   0.03  accounts-daemon
03:25:11 AM   120       439    0.00    0.00    0.00    0.00    0.00     0      0.00      0.00    7084    3472   0.01  avahi-daemon
03:25:11 AM     0       441    0.00    0.00    0.00    0.00    0.00     1      0.00      0.00    9220    2516   0.01  cron
03:25:11 AM   106       443    0.00    0.00    0.00    0.00    0.00     0      0.00      0.00    9396    5264   0.02  dbus-daemon
03:25:11 AM     0       447    0.00    0.00    0.00    0.00    0.00     0      0.00      0.00  341244   20856   0.07  NetworkManager
03:25:11 AM     0       456    0.00    0.00    0.00    0.00    0.00     4      0.00      0.00   38300   19472   0.06  networkd-dispat
03:25:11 AM     0       473    0.00    0.00    0.00    0.00    0.00     3      0.00      0.00  238860   13352   0.04  polkitd
03:25:11 AM   125       483    0.00    0.00    0.00    0.00    0.00     3      0.00      0.00  220940    8288   0.03  rsyslogd
03:25:11 AM     0       503    0.00    0.00    0.00    0.00    0.00     2      0.00      0.00  235864    4364   0.01  switcheroo-cont
03:25:11 AM     0       514    0.00    0.00    0.00    0.00    0.00     0      0.00      0.00   17076    6760   0.02  systemd-logind
03:25:11 AM     0       523    0.00    0.00    0.00    0.00    0.00     2      0.00      0.00  395556   15680   0.05  udisksd
03:25:11 AM     0       528    0.00    0.00    0.00    0.00    0.00     0      0.00      0.00   12784    8052   0.03  wpa_supplicant
03:25:11 AM     0       548    0.00    2.00    0.00    0.00    2.00     0      0.00      0.00       0       0   0.00  sugov:0
03:25:11 AM   120       555    0.00    0.00    0.00    0.00    0.00     2      0.00      0.00    6896     324   0.00  avahi-daemon
03:25:11 AM     0       585    0.00    0.00    0.00    0.00    0.00     5      0.00      0.00       0       0   0.00  tmp451
03:25:11 AM     0       597    0.00    0.00    0.00    0.00    0.00     3      0.00      0.00       0       0   0.00  irq/286-1-0008
03:25:11 AM     0       600    0.00    0.00    0.00    0.00    0.00     2      0.00      0.00  321792   14480   0.05  ModemManager
03:25:11 AM     0       653    0.00    0.00    0.00    0.00    0.00     1      0.00      0.00    2476     604   0.00  nvfancontrol
03:25:11 AM     0       728    0.00    0.00    0.00    0.00    0.00     4      0.00      0.00       0       0   0.00  adspp_kthread
03:25:11 AM     0       779    0.00    0.00    0.00    0.00    0.00     6      0.00      0.00       0       0   0.00  kworker/6:2H-kblockd
03:25:11 AM     0       876    0.00    0.00    0.00    0.00    0.00     1      0.00      0.00       0       0   0.00  irq/289-2490000
03:25:11 AM     0       887    0.00    0.00    0.00    0.00    0.00     0      0.00      0.00       0       0   0.00  irq/32-eth0.com
03:25:11 AM     0       919    0.00    0.00    0.00    0.00    0.00     4      0.00      0.00       0       0   0.00  file-storage
03:25:11 AM     0       953    0.00    0.00    0.00    0.00    0.00     1      0.00      0.00       0       0   0.00  loop0
03:25:11 AM     0      1048    0.00    0.00    0.00    0.00    0.00     4      0.00      0.00       0       0   0.00  kworker/4:2H-kblockd
03:25:11 AM     0      1091    0.00    0.00    0.00    0.00    0.00     3      0.00      0.00       0       0   0.00  cryptd
03:25:11 AM     0      1147    0.00    0.00    0.00    0.00    0.00     2      0.00      0.00       0       0   0.00  sw-quiesce
03:25:11 AM     0      1148    0.00    0.00    0.00    1.00    0.00     2      0.00      0.00       0       0   0.00  nvgpu_channel_p
03:25:11 AM     0      1151    0.00    0.00    0.00    0.00    0.00     2      0.00      0.00       0       0   0.00  nvgpu_nvs_gv11b
03:25:11 AM     0      1153    0.00    0.00    0.00    0.00    0.00     1      0.00      0.00       0       0   0.00  nvgpu_pg_init_g
03:25:11 AM     0      1157    0.00    0.00    0.00    0.00    0.00     3      0.00      0.00       0       0   0.00  nvgpu_clk_arb_p
03:25:11 AM     0      1162    0.00    0.00    0.00    0.00    0.00     3      0.00      0.00       0       0   0.00  irq/288-rt5659
03:25:11 AM     0      1270    0.00    0.00    0.00    0.00    0.00     3      0.00      0.00   55688   11092   0.03  nvargus-daemon
03:25:11 AM     0      1273    0.00    0.00    0.00    0.00    0.00     3      0.00      0.00   21932    1552   0.00  nvs-service
03:25:11 AM     0      1298    0.00    0.00    0.00    0.00    0.00     1      0.00      0.00 2007972   49164   0.15  containerd
03:25:11 AM     0      1314    0.00    0.00    0.00    0.00    0.00     0      0.00      0.00  240032    7616   0.02  gdm3
03:25:11 AM   108      1326    0.00    0.00    0.00    0.00    0.00     1      0.00      0.00   11468    1896   0.01  kerneloops
03:25:11 AM     0      1327    0.00    0.00    0.00    0.00    0.00     3      0.00      0.00   12236    6576   0.02  sshd
03:25:11 AM     0      1336    0.00    0.00    0.00    0.00    0.00     0      0.00      0.00    7688    1876   0.01  agetty
03:25:11 AM     0      1337    0.00    0.00    0.00    0.00    0.00     2      0.00      0.00    7688    1904   0.01  agetty
03:25:11 AM   108      1339    0.00    0.00    0.00    0.00    0.00     2      0.00      0.00   11468    1820   0.01  kerneloops
03:25:11 AM     0      1340    0.00    0.00    0.00    0.00    0.00     3      0.00      0.00    9216    2824   0.01  nvgetty.sh
03:25:11 AM     0      1379    0.00    0.00    0.00    0.00    0.00     0      0.00      0.00    7688    1848   0.01  getty
03:25:11 AM     0      1554    0.00    0.00    0.00    0.00    0.00     2      0.00      0.00 2111796   86036   0.27  dockerd
03:25:11 AM     0      1677    0.00    0.00    0.00    0.00    0.00     2      0.00      0.00  168472    8256   0.03  gdm-session-wor
03:25:11 AM     0      1711    0.00    0.00    0.00    0.00    0.00     0      0.00      0.00    3248     808   0.00  nvphsd
03:25:11 AM     0      1716    0.00    0.00    0.00    0.00    0.00     3      0.00      0.00    3380    1788   0.01  nvphsd
03:25:11 AM   124      1789    0.00    0.00    0.00    0.00    0.00     3      0.00      0.00   19144    9224   0.03  systemd
03:25:11 AM   124      1804    0.00    0.00    0.00    0.00    0.00     3      0.00      0.00  104488    5436   0.02  (sd-pam)
03:25:11 AM   124      2014    0.00    0.00    0.00    0.00    0.00     1      0.00      0.00  961884   21984   0.07  pulseaudio
03:25:11 AM   124      2032    0.00    0.00    0.00    0.00    0.00     2      0.00      0.00  164156    5924   0.02  gdm-x-session
03:25:11 AM   124      2037    0.00    0.00    0.00    0.00    0.00     2      0.00      0.00 25330232   99256   0.31  Xorg
03:25:11 AM   118      2040    0.00    0.00    0.00    0.00    0.00     1      0.00      0.00  152516    2440   0.01  rtkit-daemon
03:25:11 AM   124      2162    0.00    0.00    0.00    0.00    0.00     2      0.00      0.00    7812    3448   0.01  dbus-daemon
03:25:11 AM   124      2428    0.00    0.00    0.00    0.00    0.00     0      0.00      0.00    4776    1164   0.00  dbus-run-sessio
03:25:11 AM   124      2429    0.00    0.00    0.00    0.00    0.00     2      0.00      0.00    8088    4104   0.01  dbus-daemon
03:25:11 AM   124      2438    0.00    0.00    0.00    0.00    0.00     0      0.00      0.00  559768   14932   0.05  gnome-session-b
03:25:11 AM     0      2457    0.00    0.00    0.00    0.00    0.00     2      0.00      0.00  101692   19628   0.06  jtop
03:25:11 AM   124      2463    0.00    0.00    0.00    0.00    0.00     3      0.00      0.00  309548   10092   0.03  at-spi-bus-laun
03:25:11 AM   124      2470    0.00    0.00    0.00    0.00    0.00     1      0.00      0.00    7676    3468   0.01  dbus-daemon
03:25:11 AM   124      2495    4.00    0.00    0.00    0.00    4.00     2      0.00      0.00 4022996  194924   0.61  gnome-shell
03:25:11 AM     0      2510    0.00    0.00    0.00    0.00    0.00     3      0.00      0.00  175424   16904   0.05  jtop
03:25:11 AM     0      2518    0.00    0.00    0.00    0.00    0.00     2      0.00      0.00  101692   17160   0.05  jtop
03:25:11 AM   124      2696    0.00    0.00    0.00    0.00    0.00     0      0.00      0.00  314420   11212   0.04  ibus-daemon
03:25:11 AM   124      2699    0.00    0.00    0.00    0.00    0.00     2      0.00      0.00  239960   11792   0.04  ibus-dconf
03:25:11 AM   124      2701    0.00    0.00    0.00    0.00    0.00     2      0.00      0.00  189920   16900   0.05  ibus-x11
03:25:11 AM   124      2704    0.00    0.00    0.00    0.00    0.00     3      0.00      0.00  239880    7776   0.02  ibus-portal
03:25:11 AM   124      2715    0.00    0.00    0.00    0.00    0.00     1      0.00      0.00  161420    6880   0.02  at-spi2-registr
03:25:11 AM   124      2719    0.00    0.00    0.00    0.00    0.00     3      0.00      0.00  235804    4672   0.01  xdg-permission-
03:25:11 AM     0      2725    0.00    0.00    0.00    0.00    0.00     0      0.00      0.00  252944    8776   0.03  upowerd
03:25:11 AM   124      2745    0.00    0.00    0.00    0.00    0.00     2      0.00      0.00 3001620   27244   0.09  gjs
03:25:11 AM   124      2764    0.00    0.00    0.00    0.00    0.00     1      0.00      0.00  469396   14236   0.04  gsd-sharing
03:25:11 AM   124      2765    0.00    0.00    0.00    0.00    0.00     1      0.00      0.00  334628   15072   0.05  gsd-wacom
03:25:11 AM   124      2768    0.00    0.00    0.00    0.00    0.00     3      0.00      0.00  571788   19844   0.06  gsd-color
03:25:11 AM   124      2772    0.00    0.00    0.00    0.00    0.00     3      0.00      0.00  338096   17824   0.06  gsd-keyboard
03:25:11 AM   124      2774    0.00    0.00    0.00    0.00    0.00     2      0.00      0.00  322508   11376   0.04  gsd-print-notif
03:25:11 AM   124      2779    0.00    0.00    0.00    0.00    0.00     3      0.00      0.00  166208    7736   0.02  ibus-engine-sim
03:25:11 AM   124      2780    0.00    0.00    0.00    0.00    0.00     1      0.00      0.00  457460    7996   0.03  gsd-rfkill
03:25:11 AM   124      2782    0.00    0.00    0.00    0.00    0.00     1      0.00      0.00  391976    9696   0.03  gsd-smartcard
03:25:11 AM   124      2784    0.00    0.00    0.00    0.00    0.00     2      0.00      0.00  374928   15372   0.05  gsd-datetime
03:25:11 AM   124      2790    0.00    0.00    0.00    0.00    0.00     2      0.00      0.00  679696   20032   0.06  gsd-media-keys
03:25:11 AM   124      2791    0.00    0.00    0.00    0.00    0.00     3      0.00      0.00  235772    5600   0.02  gsd-screensaver
03:25:11 AM   124      2793    0.00    0.00    0.00    0.00    0.00     3      0.00      0.00  320104    9452   0.03  gsd-sound
03:25:11 AM   124      2795    0.00    0.00    0.00    0.00    0.00     3      0.00      0.00  313652   10144   0.03  gsd-a11y-settin
03:25:11 AM   124      2799    0.00    0.00    0.00    0.00    0.00     3      0.00      0.00  313992   10540   0.03  gsd-housekeepin
03:25:11 AM   124      2802    0.00    0.00    0.00    0.00    0.00     3      0.00      0.00  339724   18828   0.06  gsd-power
03:25:11 AM   124      2824    0.00    0.00    0.00    0.00    0.00     2      0.00      0.00  342540   12784   0.04  gsd-printer
03:25:11 AM   119      2837    0.00    0.00    0.00    0.00    0.00     2      0.00      0.00  249328   17548   0.06  colord
03:25:11 AM     0     29120    0.00    0.00    0.00    0.00    0.00     2      0.00      0.00       0       0   0.00  kworker/u17:2-rb_allocator
03:25:11 AM     0     33852    0.00    0.00    0.00    0.00    0.00     1      0.00      0.00       0       0   0.00  kworker/1:0H-kblockd
03:25:11 AM     0     35048    0.00    0.00    0.00    0.00    0.00     0      0.00      0.00       0       0   0.00  kworker/u17:0-thermal_fan_est
03:25:11 AM  1000     39960    0.00    0.00    0.00    0.00    0.00     1      0.00      0.00   19248    9208   0.03  systemd
03:25:11 AM  1000     39961    0.00    0.00    0.00    0.00    0.00     2      0.00      0.00  170940    6304   0.02  (sd-pam)
03:25:11 AM  1000     40037    0.00    0.00    0.00    0.00    0.00     3      0.00      0.00    7812    3952   0.01  dbus-daemon
03:25:11 AM     0     40147    0.00    0.00    0.00    0.00    0.00     1      0.00      0.00       0       0   0.00  kworker/1:0-pm
03:25:11 AM     0     40174    0.00    0.00    0.00    0.00    0.00     2      0.00      0.00       0       0   0.00  kworker/2:2H-kblockd
03:25:11 AM     0     40194    0.00    0.00    0.00    0.00    0.00     3      0.00      0.00       0       0   0.00  kworker/3:0H-kblockd
03:25:11 AM     0     41650    0.00    0.00    0.00    0.00    0.00     3      0.00      0.00       0       0   0.00  kworker/3:0-pm
03:25:11 AM     0     81462    0.00    0.00    0.00    0.00    0.00     2      0.00      0.00       0       0   0.00  kworker/2:2-dm_bufio_cache
03:25:11 AM     0     81478    0.00    0.00    0.00    0.00    0.00     0      0.00      0.00       0       0   0.00  kworker/0:1H-kblockd
03:25:11 AM  1000     84840    0.00    0.00    0.00    0.00    0.00     3      0.00      0.00  240176   10088   0.03  gnome-keyring-d
03:25:11 AM   124     84900    0.00    0.00    0.00    0.00    0.00     1      0.00      0.00  156240    4584   0.01  dconf-service
03:25:11 AM     0     85427    0.00    0.00    0.00    0.00    0.00     0      0.00      0.00       0       0   0.00  kworker/0:2-events
03:25:11 AM     0     86310    0.00    0.00    0.00    0.00    0.00     0      0.00      0.00       0       0   0.00  kworker/u16:1-ext4-rsv-conversion
03:25:11 AM     0     86549    0.00    0.00    0.00    0.00    0.00     2      0.00      0.00   14768    7664   0.02  sshd
03:25:11 AM  1000     86593    0.00    0.00    0.00    0.00    0.00     0      0.00      0.00   15292    6480   0.02  sshd
03:25:11 AM  1000     86594    0.00    0.00    0.00    0.00    0.00     3      0.00      0.00   11860    5896   0.02  bash
03:25:11 AM     0     87290    0.00    0.00    0.00    0.00    0.00     0      0.00      0.00   14768    7584   0.02  sshd
03:25:11 AM  1000     87334    0.00    0.00    0.00    0.00    0.00     0      0.00      0.00   15292    6412   0.02  sshd
03:25:11 AM  1000     87335    0.00    0.00    0.00    0.00    0.00     2      0.00      0.00   11344    5436   0.02  bash
03:25:11 AM     0    137289    0.00    0.00    0.00    0.00    0.00     1      0.00      0.00       0       0   0.00  kworker/1:3-pm
03:25:11 AM     0    142495    0.00    0.00    0.00    0.00    0.00     1      0.00      0.00       0       0   0.00  kworker/1:4-events
03:25:11 AM     0    147908    0.00    0.00    0.00    0.00    0.00     2      0.00      0.00   14768    7636   0.02  sshd
03:25:11 AM  1000    147952    0.00    0.00    0.00    0.00    0.00     1      0.00      0.00   15292    5656   0.02  sshd
03:25:11 AM  1000    147953    0.00    0.00    0.00    0.00    0.00     3      0.00      0.00   11344    5400   0.02  bash
03:25:11 AM     0    148065    0.00    0.00    0.00    0.00    0.00     2      0.00      0.00 1237828   16592   0.05  containerd-shim
03:25:11 AM     0    148086    0.00    0.00    0.00    0.00    0.00     3      0.00      0.00    4560    3504   0.01  bash
03:25:11 AM  1000    148115    0.00    1.00    0.00    0.00    1.00     3      0.00      0.00 1919232   29524   0.09  docker
03:25:11 AM     0    148133    0.00    0.00    0.00    0.00    0.00     1      0.00      0.00    4560    3508   0.01  bash
03:25:11 AM     0    148158    0.00    0.00    0.00    0.00    0.00     1      0.00      0.00  196036   35060   0.11  ros2
03:25:11 AM     0    148159    4.00    2.00    0.00    1.00    6.00     0      0.00      0.00  580336   29036   0.09  scale_truck_con
03:25:11 AM     0    148161    5.00    5.00    0.00    1.00   10.00     1      0.00      0.00  582944   22424   0.07  lrc_node
03:25:11 AM     0    148232    0.00    0.00    0.00    0.00    0.00     1      0.00      0.00   14768    7560   0.02  sshd
03:25:11 AM  1000    148276    0.00    0.00    0.00    0.00    0.00     3      0.00      0.00   15292    6364   0.02  sshd
03:25:11 AM  1000    148277    0.00    0.00    0.00    0.00    0.00     1      0.00      0.00   11860    5928   0.02  bash
03:25:11 AM     0    148558    0.00    0.00    0.00    0.00    0.00     3      0.00      0.00  651044   82972   0.26  python3
03:25:11 AM     0    150604    0.00    0.00    0.00    0.00    0.00     2      0.00      0.00       0       0   0.00  kworker/2:1-mm_percpu_wq
03:25:11 AM     0    150646    0.00    0.00    0.00    0.00    0.00     0      0.00      0.00       0       0   0.00  kworker/0:0H
03:25:11 AM     0    150688    0.00    0.00    0.00    0.00    0.00     2      0.00      0.00       0       0   0.00  kworker/2:0H
03:25:11 AM     0    151786    0.00    0.00    0.00    0.00    0.00     3      0.00      0.00       0       0   0.00  kworker/3:2H
03:25:11 AM     0    151819    0.00    0.00    0.00    0.00    0.00     3      0.00      0.00       0       0   0.00  kworker/3:2-cgroup_destroy
03:25:11 AM     0    151861    0.00    0.00    0.00    0.00    0.00     1      0.00      0.00       0       0   0.00  kworker/u16:0-events_unbound
03:25:11 AM     0    151916    0.00    0.00    0.00    0.00    0.00     0      0.00      0.00       0       0   0.00  kworker/0:0-events
03:25:11 AM     0    151989    0.00    0.00    0.00    0.00    0.00     1      0.00      0.00       0       0   0.00  kworker/1:1H
03:25:11 AM     0    152270    0.00    0.00    0.00    0.00    0.00     1      0.00      0.00       0       0   0.00  kworker/1:2-events
03:25:11 AM     0    152626    0.00    0.00    0.00    0.00    0.00     2      0.00      0.00       0       0   0.00  kworker/2:1H
03:25:11 AM     0    152627    0.00    0.00    0.00    0.00    0.00     3      0.00      0.00       0       0   0.00  kworker/3:1H
03:25:11 AM     0    152628    0.00    0.00    0.00    0.00    0.00     0      0.00      0.00       0       0   0.00  kworker/0:1-events
03:25:11 AM     0    152655    0.00    0.00    0.00    0.00    0.00     1      0.00      0.00       0       0   0.00  kworker/u16:2-events_unbound
03:25:11 AM     0    152798    0.00    0.00    0.00    0.00    0.00     1      0.00      0.00       0       0   0.00  kworker/1:2H
03:25:11 AM     0    152803    0.00    0.00    0.00    0.00    0.00     2      0.00      0.00       0       0   0.00  kworker/2:0
03:25:11 AM     0    152876    0.00    0.00    0.00    0.00    0.00     3      0.00      0.00    4428    3224   0.01  bash
03:25:11 AM  1000    152883    0.00    0.00    0.00    0.00    0.00     3      0.00      0.00    9208    3068   0.01  bash
03:25:11 AM     0    153059    0.00    0.00    0.00    0.00    0.00     1      0.00      0.00    2660     780   0.00  timeout
03:25:11 AM     0    153061    6.00    8.00    0.00    0.00   14.00     2      3.00      0.00  837724   47432   0.15  ros2
03:25:11 AM  1000    153071    6.00   10.00    0.00    0.00   16.00     2      0.00      0.00   17668    9488   0.03  pidstat
03:25:11 AM     0    153136    0.00    0.00    0.00    0.00    0.00     0      0.00      0.00       0       0   0.00  kworker/0:2H
03:25:11 AM     0    153140    0.00    0.00    0.00    0.00    0.00     1      0.00      0.00       0       0   0.00  kworker/1:1

# Time        UID       PID    %usr %system  %guest   %wait    %CPU   CPU  minflt/s  majflt/s     VSZ     RSS   %MEM  Command
03:25:12 AM     0         1    0.00    0.00    0.00    0.00    0.00     0      0.00      0.00  169880   11540   0.04  systemd
03:25:12 AM     0         2    0.00    0.00    0.00    0.00    0.00     0      0.00      0.00       0       0   0.00  kthreadd
03:25:12 AM     0         3    0.00    0.00    0.00    0.00    0.00     0      0.00      0.00       0       0   0.00  rcu_gp
03:25:12 AM     0         4    0.00    0.00    0.00    0.00    0.00     0      0.00      0.00       0       0   0.00  rcu_par_gp
03:25:12 AM     0         8    0.00    0.00    0.00    0.00    0.00     0      0.00      0.00       0       0   0.00  mm_percpu_wq
03:25:12 AM     0         9    0.00    0.00    0.00    0.00    0.00     0      0.00      0.00       0       0   0.00  rcu_tasks_kthre
03:25:12 AM     0        10    0.00    0.00    0.00    0.00    0.00     0      0.00      0.00       0       0   0.00  rcu_tasks_rude_
03:25:12 AM     0        11    0.00    0.00    0.00    0.00    0.00     0      0.00      0.00       0       0   0.00  rcu_tasks_trace
03:25:12 AM     0        12    0.00    0.00    0.00    0.00    0.00     0      0.00      0.00       0       0   0.00  ksoftirqd/0
03:25:12 AM     0        13    0.00    0.00    0.00    0.00    0.00     0      0.00      0.00       0       0   0.00  rcu_preempt
03:25:12 AM     0        14    0.00    0.00    0.00    0.00    0.00     0      0.00      0.00       0       0   0.00  migration/0
03:25:12 AM     0        16    0.00    0.00    0.00    0.00    0.00     0      0.00      0.00       0       0   0.00  cpuhp/0
03:25:12 AM     0        17    0.00    0.00    0.00    0.00    0.00     1      0.00      0.00       0       0   0.00  cpuhp/1
03:25:12 AM     0        18    0.00    0.00    0.00    0.00    0.00     1      0.00      0.00       0       0   0.00  migration/1
03:25:12 AM     0        19    0.00    0.00    0.00    0.00    0.00     1      0.00      0.00       0       0   0.00  ksoftirqd/1
03:25:12 AM     0        22    0.00    0.00    0.00    0.00    0.00     2      0.00      0.00       0       0   0.00  cpuhp/2
03:25:12 AM     0        23    0.00    0.00    0.00    0.00    0.00     2      0.00      0.00       0       0   0.00  migration/2
03:25:12 AM     0        24    0.00    0.00    0.00    0.00    0.00     2      0.00      0.00       0       0   0.00  ksoftirqd/2
03:25:12 AM     0        27    0.00    0.00    0.00    0.00    0.00     3      0.00      0.00       0       0   0.00  cpuhp/3
03:25:12 AM     0        28    0.00    0.00    0.00    0.00    0.00     3      0.00      0.00       0       0   0.00  migration/3
03:25:12 AM     0        29    0.00    0.00    0.00    0.00    0.00     3      0.00      0.00       0       0   0.00  ksoftirqd/3
03:25:12 AM     0        32    0.00    0.00    0.00    0.00    0.00     4      0.00      0.00       0       0   0.00  cpuhp/4
03:25:12 AM     0        33    0.00    0.00    0.00    0.00    0.00     4      0.00      0.00       0       0   0.00  migration/4
03:25:12 AM     0        34    0.00    0.00    0.00    0.00    0.00     4      0.00      0.00       0       0   0.00  ksoftirqd/4
03:25:12 AM     0        36    0.00    0.00    0.00    0.00    0.00     4      0.00      0.00       0       0   0.00  kworker/4:0H-kblockd
03:25:12 AM     0        37    0.00    0.00    0.00    0.00    0.00     5      0.00      0.00       0       0   0.00  cpuhp/5
03:25:12 AM     0        38    0.00    0.00    0.00    0.00    0.00     5      0.00      0.00       0       0   0.00  migration/5
03:25:12 AM     0        39    0.00    0.00    0.00    0.00    0.00     5      0.00      0.00       0       0   0.00  ksoftirqd/5
03:25:12 AM     0        41    0.00    0.00    0.00    0.00    0.00     5      0.00      0.00       0       0   0.00  kworker/5:0H-kblockd
03:25:12 AM     0        42    0.00    0.00    0.00    0.00    0.00     6      0.00      0.00       0       0   0.00  cpuhp/6
03:25:12 AM     0        43    0.00    0.00    0.00    0.00    0.00     6      0.00      0.00       0       0   0.00  migration/6
03:25:12 AM     0        44    0.00    0.00    0.00    0.00    0.00     6      0.00      0.00       0       0   0.00  ksoftirqd/6
03:25:12 AM     0        46    0.00    0.00    0.00    0.00    0.00     6      0.00      0.00       0       0   0.00  kworker/6:0H-events_highpri
03:25:12 AM     0        47    0.00    0.00    0.00    0.00    0.00     7      0.00      0.00       0       0   0.00  cpuhp/7
03:25:12 AM     0        48    0.00    0.00    0.00    0.00    0.00     7      0.00      0.00       0       0   0.00  migration/7
03:25:12 AM     0        49    0.00    0.00    0.00    0.00    0.00     7      0.00      0.00       0       0   0.00  ksoftirqd/7
03:25:12 AM     0        50    0.00    0.00    0.00    0.00    0.00     0      0.00      0.00       0       0   0.00  kworker/7:0-rcu_gp
03:25:12 AM     0        51    0.00    0.00    0.00    0.00    0.00     7      0.00      0.00       0       0   0.00  kworker/7:0H-kblockd
03:25:12 AM     0        52    0.00    0.00    0.00    0.00    0.00     0      0.00      0.00       0       0   0.00  kdevtmpfs
03:25:12 AM     0        53    0.00    0.00    0.00    0.00    0.00     4      0.00      0.00       0       0   0.00  netns
03:25:12 AM     0        54    0.00    0.00    0.00    0.00    0.00     1      0.00      0.00       0       0   0.00  kauditd
03:25:12 AM     0        55    0.00    0.00    0.00    0.00    0.00     0      0.00      0.00       0       0   0.00  irq/87-mc_statu
03:25:12 AM     0        56    0.00    0.00    0.00    0.00    0.00     0      0.00      0.00       0       0   0.00  khungtaskd
03:25:12 AM     0        57    0.00    0.00    0.00    0.00    0.00     3      0.00      0.00       0       0   0.00  oom_reaper
03:25:12 AM     0        58    0.00    0.00    0.00    0.00    0.00     5      0.00      0.00       0       0   0.00  writeback
03:25:12 AM     0        59    0.00    0.00    0.00    0.00    0.00     3      0.00      0.00       0       0   0.00  kcompactd0
03:25:12 AM     0        60    0.00    0.00    0.00    0.00    0.00     1      0.00      0.00       0       0   0.00  ksmd
03:25:12 AM     0        61    0.00    0.00    0.00    0.00    0.00     0      0.00      0.00       0       0   0.00  khugepaged
03:25:12 AM     0        93    0.00    0.00    0.00    0.00    0.00     1      0.00      0.00       0       0   0.00  kintegrityd
03:25:12 AM     0        94    0.00    0.00    0.00    0.00    0.00     1      0.00      0.00       0       0   0.00  kblockd
03:25:12 AM     0        95    0.00    0.00    0.00    0.00    0.00     1      0.00      0.00       0       0   0.00  blkcg_punt_bio
03:25:12 AM     0        97    0.00    0.00    0.00    0.00    0.00     3      0.00      0.00       0       0   0.00  tpm_dev_wq
03:25:12 AM     0        98    0.00    0.00    0.00    0.00    0.00     0      0.00      0.00       0       0   0.00  irq/197-30c0000
03:25:12 AM     0        99    0.00    0.00    0.00    0.00    0.00     1      0.00      0.00       0       0   0.00  devfreq_wq
03:25:12 AM     0       100    0.00    0.00    0.00    0.00    0.00     1      0.00      0.00       0       0   0.00  watchdogd
03:25:12 AM     0       104    0.00    0.00    0.00    0.00    0.00     7      0.00      0.00       0       0   0.00  rpciod
03:25:12 AM     0       106    0.00    0.00    0.00    0.00    0.00     7      0.00      0.00       0       0   0.00  xprtiod
03:25:12 AM     0       108    0.00    0.00    0.00    0.00    0.00     7      0.00      0.00       0       0   0.00  kswapd0
03:25:12 AM     0       109    0.00    0.00    0.00    0.00    0.00     5      0.00      0.00       0       0   0.00  nfsiod
03:25:12 AM     0       112    0.00    0.00    0.00    0.00    0.00     1      0.00      0.00       0       0   0.00  kthrotld
03:25:12 AM     0       113    0.00    0.00    0.00    0.00    0.00     7      0.00      0.00       0       0   0.00  kpcitest
03:25:12 AM     0       116    0.00    0.00    0.00    0.00    0.00     5      0.00      0.00       0       0   0.00  kworker/5:1-events
03:25:12 AM     0       122    0.00    0.00    0.00    0.00    0.00     1      0.00      0.00       0       0   0.00  nvme-wq
03:25:12 AM     0       123    0.00    0.00    0.00    0.00    0.00     5      0.00      0.00       0       0   0.00  nvme-reset-wq
03:25:12 AM     0       124    0.00    0.00    0.00    0.00    0.00     6      0.00      0.00       0       0   0.00  nvme-delete-wq
03:25:12 AM     0       125    0.00    0.00    0.00    0.00    0.00     6      0.00      0.00       0       0   0.00  uas
03:25:12 AM     0       126    0.00    0.00    0.00    0.00    0.00     0      0.00      0.00       0       0   0.00  irq/222-tegra_r
03:25:12 AM     0       127    0.00    0.00    0.00    0.00    0.00     0      0.00      0.00       0       0   0.00  kworker/7:2-events
03:25:12 AM     0       129    0.00    0.00    0.00    0.00    0.00     0      0.00      0.00       0       0   0.00  irq/86-tegra-oc
03:25:12 AM     0       130    0.00    0.00    0.00    0.00    0.00     5      0.00      0.00       0       0   0.00  dm_bufio_cache
03:25:12 AM     0       131    0.00    0.00    0.00    0.00    0.00     0      0.00      0.00       0       0   0.00  irq/223-max7762
03:25:12 AM     0       140    0.00    0.00    0.00    0.00    0.00     0      0.00      0.00       0       0   0.00  irq/55-bc00000.
03:25:12 AM     0       143    0.00    0.00    0.00    0.00    0.00     0      0.00      0.00       0       0   0.00  ipv6_addrconf
03:25:12 AM     0       144    0.00    0.00    0.00    0.00    0.00     6      0.00      0.00       0       0   0.00  krfcommd
03:25:12 AM     0       145    0.00    0.00    0.00    0.00    0.00     0      0.00      0.00       0       0   0.00  kstrp
03:25:12 AM     0       150    0.00    0.00    0.00    0.00    0.00     0      0.00      0.00       0       0   0.00  irq/24-tegra-pc
03:25:12 AM     0       154    0.00    0.00    0.00    0.00    0.00     0      0.00      0.00       0       0   0.00  irq/26-tegra-pc
03:25:12 AM     0       160    0.00    0.00    0.00    0.00    0.00     0      0.00      0.00       0       0   0.00  irq/26-aerdrv
03:25:12 AM     0       161    0.00    0.00    0.00    0.00    0.00     0      0.00      0.00       0       0   0.00  irq/28-tegra-pc
03:25:12 AM     0       162    0.00    0.00    0.00    0.00    0.00     0      0.00      0.00       0       0   0.00  irq/28-aerdrv
03:25:12 AM     0       163    0.00    0.00    0.00    0.00    0.00     5      0.00      0.00       0       0   0.00  host_low_prio_w
03:25:12 AM     0       164    0.00    0.00    0.00    0.00    0.00     0      0.00      0.00       0       0   0.00  irq/57-host_syn
03:25:12 AM     0       165    0.00    0.00    0.00    0.00    0.00     0      0.00      0.00       0       0   0.00  irq/58-host_sta
03:25:12 AM     0       173    0.00    0.00    0.00    0.00    0.00     5      0.00      0.00       0       0   0.00  pva_task_status
03:25:12 AM     0       174    0.00    0.00    0.00    0.00    0.00     0      0.00      0.00       0       0   0.00  irq/75-pva-isr
03:25:12 AM     0       175    0.00    0.00    0.00    0.00    0.00     0      0.00      0.00       0       0   0.00  pva_task_status
03:25:12 AM     0       176    0.00    0.00    0.00    0.00    0.00     0      0.00      0.00       0       0   0.00  irq/76-pva-isr
03:25:12 AM     0       185    0.00    0.00    0.00    0.00    0.00     0      0.00      0.00       0       0   0.00  sdhci
03:25:12 AM     0       186    0.00    0.00    0.00    0.00    0.00     0      0.00      0.00       0       0   0.00  irq/39-mmc0
03:25:12 AM     0       187    0.00    0.00    0.00    0.00    0.00     2      0.00      0.00       0       0   0.00  sdhci
03:25:12 AM     0       189    0.00    0.00    0.00    0.00    0.00     0      0.00      0.00       0       0   0.00  irq/40-mmc1
03:25:12 AM     0       195    0.00    0.00    0.00    0.00    0.00     7      0.00      0.00       0       0   0.00  scsi_eh_0
03:25:12 AM     0       196    0.00    0.00    0.00    0.00    0.00     7      0.00      0.00       0       0   0.00  scsi_tmf_0
03:25:12 AM     0       197    0.00    0.00    0.00    0.00    0.00     0      0.00      0.00       0       0   0.00  kworker/5:2-events
03:25:12 AM     0       198    0.00    0.00    0.00    0.00    0.00     0      0.00      0.00       0       0   0.00  irq/67-15200000
03:25:12 AM     0       199    0.00    0.00    0.00    0.00    0.00     1      0.00      0.00       0       0   0.00  tegradc.0/a
03:25:12 AM     0       200    0.00    0.00    0.00    0.00    0.00     0      0.00      0.00       0       0   0.00  tegradc.0/b
03:25:12 AM     0       201    0.00    0.00    0.00    0.00    0.00     0      0.00      0.00       0       0   0.00  tegradc.0/c
03:25:12 AM     0       202    0.00    0.00    0.00    0.00    0.00     0      0.00      0.00       0       0   0.00  tegradc.0/d
03:25:12 AM     0       203    0.00    0.00    0.00    0.00    0.00     0      0.00      0.00       0       0   0.00  tegradc.0/e
03:25:12 AM     0       204    0.00    0.00    0.00    0.00    0.00     0      0.00      0.00       0       0   0.00  tegradc.0/f
03:25:12 AM     0       205    0.00    0.00    0.00    0.00    0.00     0      0.00      0.00       0       0   0.00  tegradc.0/sl
03:25:12 AM     0       206    0.00    0.00    0.00    0.00    0.00     0      0.00      0.00       0       0   0.00  irq/62-15200000
03:25:12 AM     0       207    0.00    0.00    0.00    0.00    0.00     0      0.00      0.00       0       0   0.00  irq/276-3400000
03:25:12 AM     0       208    0.00    0.00    0.00    0.00    0.00     0      0.00      0.00       0       0   0.00  ufs_eh_wq_0
03:25:12 AM     0       209    0.00    0.00    0.00    0.00    0.00     3      0.00      0.00       0       0   0.00  mmc_complete
03:25:12 AM     0       211    0.00    0.00    0.00    0.00    0.00     0      0.00      0.00       0       0   0.00  irq/278-1520000
03:25:12 AM     0       212    0.00    0.00    0.00    0.00    0.00     0      0.00      0.00       0       0   0.00  irq/203-3610000
03:25:12 AM     0       213    0.00    0.00    0.00    0.00    0.00     0      0.00      0.00       0       0   0.00  irq/221-3610000
03:25:12 AM     0       214    0.00    0.00    0.00    0.00    0.00     0      0.00      0.00       0       0   0.00  irq/30-tegra-pc
03:25:12 AM     0       216    0.00    0.00    0.00    0.00    0.00     0      0.00      0.00       0       0   0.00  kworker/4:3-events
03:25:12 AM     0       218    0.00    0.00    0.00    0.00    0.00     4      0.00      0.00       0       0   0.00  kworker/4:5-events
03:25:12 AM     0       221    0.00    0.00    0.00    0.00    0.00     0      0.00      0.00       0       0   0.00  kworker/6:12-events
03:25:12 AM     0       222    0.00    0.00    0.00    0.00    0.00     0      0.00      0.00       0       0   0.00  kworker/6:13-events
03:25:12 AM     0       225    0.00    0.00    0.00    0.00    0.00     0      0.00      0.00       0       0   0.00  irq/68-tegra_dp
03:25:12 AM     0       226    0.00    0.00    0.00    0.00    0.00     0      0.00      0.00       0       0   0.00  irq/65-15210000
03:25:12 AM     0       227    0.00    0.00    0.00    0.00    0.00     0      0.00      0.00       0       0   0.00  tegradc.1/a
03:25:12 AM     0       228    0.00    0.00    0.00    0.00    0.00     0      0.00      0.00       0       0   0.00  tegradc.1/b
03:25:12 AM     0       229    0.00    0.00    0.00    0.00    0.00     0      0.00      0.00       0       0   0.00  tegradc.1/c
03:25:12 AM     0       230    0.00    0.00    0.00    0.00    0.00     0      0.00      0.00       0       0   0.00  tegradc.1/d
03:25:12 AM     0       231    0.00    0.00    0.00    0.00    0.00     0      0.00      0.00       0       0   0.00  tegradc.1/e
03:25:12 AM     0       232    0.00    0.00    0.00    0.00    0.00     0      0.00      0.00       0       0   0.00  tegradc.1/f
03:25:12 AM     0       233    0.00    0.00    0.00    0.00    0.00     1      0.00      0.00       0       0   0.00  tegradc.1/sl
03:25:12 AM     0       234    0.00    0.00    0.00    0.00    0.00     0      0.00      0.00       0       0   0.00  irq/63-15210000
03:25:12 AM     0       249    0.00    0.00    0.00    0.00    0.00     0      0.00      0.00       0       0   0.00  irq/56-d230000.
03:25:12 AM     0       250    0.00    0.00    0.00    0.00    0.00     0      0.00      0.00       0       0   0.00  irq/69-tegra_dp
03:25:12 AM     0       251    0.00    0.00    0.00    0.00    0.00     0      0.00      0.00       0       0   0.00  irq/66-15220000
03:25:12 AM     0       252    0.00    0.00    0.00    0.00    0.00     0      0.00      0.00       0       0   0.00  tegradc.2/a
03:25:12 AM     0       253    0.00    0.00    0.00    0.00    0.00     0      0.00      0.00       0       0   0.00  tegradc.2/b
03:25:12 AM     0       254    0.00    0.00    0.00    0.00    0.00     0      0.00      0.00       0       0   0.00  tegradc.2/c
03:25:12 AM     0       255    0.00    0.00    0.00    0.00    0.00     0      0.00      0.00       0       0   0.00  tegradc.2/d
03:25:12 AM     0       256    0.00    0.00    0.00    0.00    0.00     0      0.00      0.00       0       0   0.00  tegradc.2/e
03:25:12 AM     0       257    0.00    0.00    0.00    0.00    0.00     0      0.00      0.00       0       0   0.00  tegradc.2/f
03:25:12 AM     0       258    0.00    0.00    0.00    0.00    0.00     0      0.00      0.00       0       0   0.00  tegradc.2/sl
03:25:12 AM     0       259    0.00    0.00    0.00    0.00    0.00     0      0.00      0.00       0       0   0.00  irq/64-15220000
03:25:12 AM     0       275    0.00    0.00    0.00    0.00    0.00     3      0.00      0.00       0       0   0.00  jbd2/mmcblk0p1-
03:25:12 AM     0       276    0.00    0.00    0.00    0.00    0.00     3      0.00      0.00       0       0   0.00  ext4-rsv-conver
03:25:12 AM     0       280    0.00    0.00    0.00    0.00    0.00     7      0.00      0.00       0       0   0.00  kworker/7:1H
03:25:12 AM     0       286    0.00    0.00    0.00    0.00    0.00     5      0.00      0.00       0       0   0.00  kworker/5:1H-kblockd
03:25:12 AM     0       312    0.00    0.00    0.00    0.00    0.00     0      0.00      0.00   61816   32076   0.10  systemd-journal
03:25:12 AM     0       338    0.00    0.00    0.00    0.00    0.00     1      0.00      0.00       0       0   0.00  nvmap-bz
03:25:12 AM     0       339    0.00    0.00    0.00    0.00    0.00     0      0.00      0.00       0       0   0.00  irq/204-gk20a_s
03:25:12 AM     0       340    0.00    0.00    0.00    0.00    0.00     0      0.00      0.00       0       0   0.00  irq/205-gk20a_n
03:25:12 AM     0       345    0.00    0.00    0.00    0.00    0.00     3      0.00      0.00    2776    1492   0.00  tee-supplicant
03:25:12 AM     0       347    0.00    0.00    0.00    0.00    0.00     3      0.00      0.00       0       0   0.00  optee_bus_scan
03:25:12 AM     0       358    0.00    0.00    0.00    0.00    0.00     2      0.00      0.00   22788    7532   0.02  systemd-udevd
03:25:12 AM     0       364    0.00    0.00    0.00    0.00    0.00     1      0.00      0.00    7948    4892   0.02  haveged
03:25:12 AM   126       365    0.00    0.00    0.00    0.00    0.00     3      0.00      0.00    7136    3108   0.01  rpcbind
03:25:12 AM   105       366    0.00    0.00    0.00    0.00    0.00     1      0.00      0.00   25592   13288   0.04  systemd-resolve
03:25:12 AM   103       367    0.00    0.00    0.00    0.00    0.00     0      0.00      0.00   90672    6220   0.02  systemd-timesyn
03:25:12 AM     0       407    0.00    0.00    0.00    0.00    0.00     5      0.00      0.00       0       0   0.00  cfg80211
03:25:12 AM     0       410    0.00    0.00    0.00    0.00    0.00     0      0.00      0.00       0       0   0.00  irq/42-3210000.
03:25:12 AM     0       412    0.00    0.00    0.00    0.00    0.00     2      0.00      0.00       0       0   0.00  spi0
03:25:12 AM     0       413    0.00    1.00    0.00    0.00    1.00     1      0.00      0.00       0       0   0.00  irq/282-iwlwifi
03:25:12 AM     0       416    0.00    0.00    0.00    0.00    0.00     4      0.00      0.00       0       0   0.00  ata_sff
03:25:12 AM     0       419    0.00    0.00    0.00    0.00    0.00     0      0.00      0.00       0       0   0.00  irq/43-c260000.
03:25:12 AM     0       420    0.00    0.00    0.00    0.00    0.00     6      0.00      0.00       0       0   0.00  scsi_eh_1
03:25:12 AM     0       422    0.00    0.00    0.00    0.00    0.00     6      0.00      0.00       0       0   0.00  scsi_tmf_1
03:25:12 AM     0       427    0.00    0.00    0.00    0.00    0.00     0      0.00      0.00       0       0   0.00  spi1
03:25:12 AM     0       430    0.00    0.00    0.00    0.00    0.00     1      0.00      0.00  242072    8880   0.03  accounts-daemon
03:25:12 AM   120       439    0.00    0.00    0.00    0.00    0.00     0      0.00      0.00    7084    3472   0.01  avahi-daemon
03:25:12 AM     0       441    0.00    0.00    0.00    0.00    0.00     1      0.00      0.00    9220    2516   0.01  cron
03:25:12 AM   106       443    0.00    0.00    0.00    0.00    0.00     0      0.00      0.00    9396    5264   0.02  dbus-daemon
03:25:12 AM     0       447    0.00    0.00    0.00    0.00    0.00     0      0.00      0.00  341244   20856   0.07  NetworkManager
03:25:12 AM     0       456    0.00    0.00    0.00    0.00    0.00     4      0.00      0.00   38300   19472   0.06  networkd-dispat
03:25:12 AM     0       473    0.00    0.00    0.00    0.00    0.00     3      0.00      0.00  238860   13352   0.04  polkitd
03:25:12 AM   125       483    0.00    0.00    0.00    0.00    0.00     3      0.00      0.00  220940    8288   0.03  rsyslogd
03:25:12 AM     0       503    0.00    0.00    0.00    0.00    0.00     2      0.00      0.00  235864    4364   0.01  switcheroo-cont
03:25:12 AM     0       514    0.00    0.00    0.00    0.00    0.00     0      0.00      0.00   17076    6760   0.02  systemd-logind
03:25:12 AM     0       523    0.00    0.00    0.00    0.00    0.00     2      0.00      0.00  395556   15680   0.05  udisksd
03:25:12 AM     0       528    0.00    0.00    0.00    0.00    0.00     0      0.00      0.00   12784    8052   0.03  wpa_supplicant
03:25:12 AM     0       548    0.00    1.00    0.00    0.00    1.00     0      0.00      0.00       0       0   0.00  sugov:0
03:25:12 AM   120       555    0.00    0.00    0.00    0.00    0.00     2      0.00      0.00    6896     324   0.00  avahi-daemon
03:25:12 AM     0       585    0.00    0.00    0.00    0.00    0.00     5      0.00      0.00       0       0   0.00  tmp451
03:25:12 AM     0       597    0.00    0.00    0.00    0.00    0.00     3      0.00      0.00       0       0   0.00  irq/286-1-0008
03:25:12 AM     0       600    0.00    0.00    0.00    0.00    0.00     2      0.00      0.00  321792   14480   0.05  ModemManager
03:25:12 AM     0       653    0.00    0.00    0.00    0.00    0.00     1      0.00      0.00    2476     604   0.00  nvfancontrol
03:25:12 AM     0       728    0.00    0.00    0.00    0.00    0.00     4      0.00      0.00       0       0   0.00  adspp_kthread
03:25:12 AM     0       779    0.00    0.00    0.00    0.00    0.00     6      0.00      0.00       0       0   0.00  kworker/6:2H-kblockd
03:25:12 AM     0       876    0.00    0.00    0.00    0.00    0.00     1      0.00      0.00       0       0   0.00  irq/289-2490000
03:25:12 AM     0       887    0.00    0.00    0.00    0.00    0.00     0      0.00      0.00       0       0   0.00  irq/32-eth0.com
03:25:12 AM     0       919    0.00    0.00    0.00    0.00    0.00     4      0.00      0.00       0       0   0.00  file-storage
03:25:12 AM     0       953    0.00    0.00    0.00    0.00    0.00     1      0.00      0.00       0       0   0.00  loop0
03:25:12 AM     0      1048    0.00    0.00    0.00    0.00    0.00     4      0.00      0.00       0       0   0.00  kworker/4:2H-kblockd
03:25:12 AM     0      1091    0.00    0.00    0.00    0.00    0.00     3      0.00      0.00       0       0   0.00  cryptd
03:25:12 AM     0      1147    0.00    0.00    0.00    0.00    0.00     2      0.00      0.00       0       0   0.00  sw-quiesce
03:25:12 AM     0      1148    0.00    0.00    0.00    0.00    0.00     3      0.00      0.00       0       0   0.00  nvgpu_channel_p
03:25:12 AM     0      1151    0.00    0.00    0.00    0.00    0.00     3      0.00      0.00       0       0   0.00  nvgpu_nvs_gv11b
03:25:12 AM     0      1153    0.00    0.00    0.00    0.00    0.00     1      0.00      0.00       0       0   0.00  nvgpu_pg_init_g
03:25:12 AM     0      1157    0.00    0.00    0.00    0.00    0.00     3      0.00      0.00       0       0   0.00  nvgpu_clk_arb_p
03:25:12 AM     0      1162    0.00    0.00    0.00    0.00    0.00     3      0.00      0.00       0       0   0.00  irq/288-rt5659
03:25:12 AM     0      1270    0.00    0.00    0.00    0.00    0.00     3      0.00      0.00   55688   11092   0.03  nvargus-daemon
03:25:12 AM     0      1273    0.00    0.00    0.00    0.00    0.00     3      0.00      0.00   21932    1552   0.00  nvs-service
03:25:12 AM     0      1298    1.00    0.00    0.00    0.00    1.00     1      0.00      0.00 2007972   49164   0.15  containerd
03:25:12 AM     0      1314    0.00    0.00    0.00    0.00    0.00     0      0.00      0.00  240032    7616   0.02  gdm3
03:25:12 AM   108      1326    0.00    0.00    0.00    0.00    0.00     1      0.00      0.00   11468    1896   0.01  kerneloops
03:25:12 AM     0      1327    0.00    0.00    0.00    0.00    0.00     3      0.00      0.00   12236    6576   0.02  sshd
03:25:12 AM     0      1336    0.00    0.00    0.00    0.00    0.00     0      0.00      0.00    7688    1876   0.01  agetty
03:25:12 AM     0      1337    0.00    0.00    0.00    0.00    0.00     2      0.00      0.00    7688    1904   0.01  agetty
03:25:12 AM   108      1339    0.00    0.00    0.00    0.00    0.00     2      0.00      0.00   11468    1820   0.01  kerneloops
03:25:12 AM     0      1340    0.00    0.00    0.00    0.00    0.00     3      0.00      0.00    9216    2824   0.01  nvgetty.sh
03:25:12 AM     0      1379    0.00    0.00    0.00    0.00    0.00     0      0.00      0.00    7688    1848   0.01  getty
03:25:12 AM     0      1554    0.00    1.00    0.00    0.00    1.00     2      0.00      0.00 2111796   86036   0.27  dockerd
03:25:12 AM     0      1677    0.00    0.00    0.00    0.00    0.00     2      0.00      0.00  168472    8256   0.03  gdm-session-wor
03:25:12 AM     0      1711    0.00    0.00    0.00    0.00    0.00     0      0.00      0.00    3248     808   0.00  nvphsd
03:25:12 AM     0      1716    0.00    0.00    0.00    0.00    0.00     3      0.00      0.00    3380    1788   0.01  nvphsd
03:25:12 AM   124      1789    0.00    0.00    0.00    0.00    0.00     3      0.00      0.00   19144    9224   0.03  systemd
03:25:12 AM   124      1804    0.00    0.00    0.00    0.00    0.00     3      0.00      0.00  104488    5436   0.02  (sd-pam)
03:25:12 AM   124      2014    0.00    0.00    0.00    0.00    0.00     1      0.00      0.00  961884   21984   0.07  pulseaudio
03:25:12 AM   124      2032    0.00    0.00    0.00    0.00    0.00     2      0.00      0.00  164156    5924   0.02  gdm-x-session
03:25:12 AM   124      2037    0.00    0.00    0.00    0.00    0.00     2      0.00      0.00 25330232   99256   0.31  Xorg
03:25:12 AM   118      2040    0.00    0.00    0.00    0.00    0.00     1      0.00      0.00  152516    2440   0.01  rtkit-daemon
03:25:12 AM   124      2162    0.00    0.00    0.00    0.00    0.00     2      0.00      0.00    7812    3448   0.01  dbus-daemon
03:25:12 AM   124      2428    0.00    0.00    0.00    0.00    0.00     0      0.00      0.00    4776    1164   0.00  dbus-run-sessio
03:25:12 AM   124      2429    0.00    0.00    0.00    0.00    0.00     2      0.00      0.00    8088    4104   0.01  dbus-daemon
03:25:12 AM   124      2438    0.00    0.00    0.00    0.00    0.00     0      0.00      0.00  559768   14932   0.05  gnome-session-b
03:25:12 AM     0      2457    0.00    0.00    0.00    0.00    0.00     2      0.00      0.00  101692   19628   0.06  jtop
03:25:12 AM   124      2463    0.00    0.00    0.00    0.00    0.00     3      0.00      0.00  309548   10092   0.03  at-spi-bus-laun
03:25:12 AM   124      2470    0.00    0.00    0.00    0.00    0.00     1      0.00      0.00    7676    3468   0.01  dbus-daemon
03:25:12 AM   124      2495    0.00    0.00    0.00    0.00    0.00     2      0.00      0.00 4022996  194924   0.61  gnome-shell
03:25:12 AM     0      2510    0.00    0.00    0.00    0.00    0.00     3      0.00      0.00  175424   16904   0.05  jtop
03:25:12 AM     0      2518    0.00    0.00    0.00    0.00    0.00     2      0.00      0.00  101692   17160   0.05  jtop
03:25:12 AM   124      2696    0.00    0.00    0.00    0.00    0.00     0      0.00      0.00  314420   11212   0.04  ibus-daemon
03:25:12 AM   124      2699    0.00    0.00    0.00    0.00    0.00     2      0.00      0.00  239960   11792   0.04  ibus-dconf
03:25:12 AM   124      2701    0.00    0.00    0.00    0.00    0.00     2      0.00      0.00  189920   16900   0.05  ibus-x11
03:25:12 AM   124      2704    0.00    0.00    0.00    0.00    0.00     3      0.00      0.00  239880    7776   0.02  ibus-portal
03:25:12 AM   124      2715    0.00    0.00    0.00    0.00    0.00     1      0.00      0.00  161420    6880   0.02  at-spi2-registr
03:25:12 AM   124      2719    0.00    0.00    0.00    0.00    0.00     3      0.00      0.00  235804    4672   0.01  xdg-permission-
03:25:12 AM     0      2725    0.00    0.00    0.00    0.00    0.00     0      0.00      0.00  252944    8776   0.03  upowerd
03:25:12 AM   124      2745    0.00    0.00    0.00    0.00    0.00     2      0.00      0.00 3001620   27244   0.09  gjs
03:25:12 AM   124      2764    0.00    0.00    0.00    0.00    0.00     1      0.00      0.00  469396   14236   0.04  gsd-sharing
03:25:12 AM   124      2765    0.00    0.00    0.00    0.00    0.00     1      0.00      0.00  334628   15072   0.05  gsd-wacom
03:25:12 AM   124      2768    0.00    0.00    0.00    0.00    0.00     3      0.00      0.00  571788   19844   0.06  gsd-color
03:25:12 AM   124      2772    0.00    0.00    0.00    0.00    0.00     3      0.00      0.00  338096   17824   0.06  gsd-keyboard
03:25:12 AM   124      2774    0.00    0.00    0.00    0.00    0.00     2      0.00      0.00  322508   11376   0.04  gsd-print-notif
03:25:12 AM   124      2779    0.00    0.00    0.00    0.00    0.00     3      0.00      0.00  166208    7736   0.02  ibus-engine-sim
03:25:12 AM   124      2780    0.00    0.00    0.00    0.00    0.00     1      0.00      0.00  457460    7996   0.03  gsd-rfkill
03:25:12 AM   124      2782    0.00    0.00    0.00    0.00    0.00     1      0.00      0.00  391976    9696   0.03  gsd-smartcard
03:25:12 AM   124      2784    0.00    0.00    0.00    0.00    0.00     2      0.00      0.00  374928   15372   0.05  gsd-datetime
03:25:12 AM   124      2790    0.00    0.00    0.00    0.00    0.00     2      0.00      0.00  679696   20032   0.06  gsd-media-keys
03:25:12 AM   124      2791    0.00    0.00    0.00    0.00    0.00     3      0.00      0.00  235772    5600   0.02  gsd-screensaver
03:25:12 AM   124      2793    0.00    0.00    0.00    0.00    0.00     3      0.00      0.00  320104    9452   0.03  gsd-sound
03:25:12 AM   124      2795    0.00    0.00    0.00    0.00    0.00     3      0.00      0.00  313652   10144   0.03  gsd-a11y-settin
03:25:12 AM   124      2799    0.00    0.00    0.00    0.00    0.00     3      0.00      0.00  313992   10540   0.03  gsd-housekeepin
03:25:12 AM   124      2802    0.00    0.00    0.00    0.00    0.00     3      0.00      0.00  339724   18828   0.06  gsd-power
03:25:12 AM   124      2824    0.00    0.00    0.00    0.00    0.00     2      0.00      0.00  342540   12784   0.04  gsd-printer
03:25:12 AM   119      2837    0.00    0.00    0.00    0.00    0.00     2      0.00      0.00  249328   17548   0.06  colord
03:25:12 AM     0     29120    0.00    0.00    0.00    0.00    0.00     2      0.00      0.00       0       0   0.00  kworker/u17:2-rb_allocator
03:25:12 AM     0     33852    0.00    0.00    0.00    0.00    0.00     1      0.00      0.00       0       0   0.00  kworker/1:0H-kblockd
03:25:12 AM     0     35048    0.00    0.00    0.00    0.00    0.00     0      0.00      0.00       0       0   0.00  kworker/u17:0-thermal_fan_est
03:25:12 AM  1000     39960    0.00    0.00    0.00    0.00    0.00     1      0.00      0.00   19248    9208   0.03  systemd
03:25:12 AM  1000     39961    0.00    0.00    0.00    0.00    0.00     2      0.00      0.00  170940    6304   0.02  (sd-pam)
03:25:12 AM  1000     40037    0.00    0.00    0.00    0.00    0.00     3      0.00      0.00    7812    3952   0.01  dbus-daemon
03:25:12 AM     0     40147    0.00    0.00    0.00    0.00    0.00     1      0.00      0.00       0       0   0.00  kworker/1:0-pm
03:25:12 AM     0     40174    0.00    0.00    0.00    0.00    0.00     2      0.00      0.00       0       0   0.00  kworker/2:2H-kblockd
03:25:12 AM     0     40194    0.00    0.00    0.00    0.00    0.00     3      0.00      0.00       0       0   0.00  kworker/3:0H-kblockd
03:25:12 AM     0     41650    0.00    0.00    0.00    0.00    0.00     3      0.00      0.00       0       0   0.00  kworker/3:0-events
03:25:12 AM     0     81462    0.00    0.00    0.00    0.00    0.00     2      0.00      0.00       0       0   0.00  kworker/2:2-events
03:25:12 AM     0     81478    0.00    0.00    0.00    0.00    0.00     0      0.00      0.00       0       0   0.00  kworker/0:1H-kblockd
03:25:12 AM  1000     84840    0.00    0.00    0.00    0.00    0.00     3      0.00      0.00  240176   10088   0.03  gnome-keyring-d
03:25:12 AM   124     84900    0.00    0.00    0.00    0.00    0.00     1      0.00      0.00  156240    4584   0.01  dconf-service
03:25:12 AM     0     85427    0.00    0.00    0.00    0.00    0.00     0      0.00      0.00       0       0   0.00  kworker/0:2-events
03:25:12 AM     0     86310    0.00    0.00    0.00    0.00    0.00     0      0.00      0.00       0       0   0.00  kworker/u16:1-ext4-rsv-conversion
03:25:12 AM     0     86549    0.00    0.00    0.00    0.00    0.00     2      0.00      0.00   14768    7664   0.02  sshd
03:25:12 AM  1000     86593    0.00    0.00    0.00    0.00    0.00     0      0.00      0.00   15292    6480   0.02  sshd
03:25:12 AM  1000     86594    0.00    0.00    0.00    0.00    0.00     3      0.00      0.00   11860    5896   0.02  bash
03:25:12 AM     0     87290    0.00    0.00    0.00    0.00    0.00     0      0.00      0.00   14768    7584   0.02  sshd
03:25:12 AM  1000     87334    0.00    0.00    0.00    0.00    0.00     0      0.00      0.00   15292    6412   0.02  sshd
03:25:12 AM  1000     87335    0.00    0.00    0.00    0.00    0.00     2      0.00      0.00   11344    5436   0.02  bash
03:25:12 AM     0    137289    0.00    0.00    0.00    0.00    0.00     1      0.00      0.00       0       0   0.00  kworker/1:3-pm
03:25:12 AM     0    142495    0.00    0.00    0.00    0.00    0.00     1      0.00      0.00       0       0   0.00  kworker/1:4-events
03:25:12 AM     0    147908    0.00    0.00    0.00    0.00    0.00     2      0.00      0.00   14768    7636   0.02  sshd
03:25:12 AM  1000    147952    0.00    0.00    0.00    0.00    0.00     1      0.00      0.00   15292    5656   0.02  sshd
03:25:12 AM  1000    147953    0.00    0.00    0.00    0.00    0.00     3      0.00      0.00   11344    5400   0.02  bash
03:25:12 AM     0    148065    0.00    0.00    0.00    0.00    0.00     3      1.00      0.00 1237828   16592   0.05  containerd-shim
03:25:12 AM     0    148086    0.00    0.00    0.00    0.00    0.00     3      0.00      0.00    4560    3504   0.01  bash
03:25:12 AM  1000    148115    0.00    0.00    0.00    0.00    0.00     3      0.00      0.00 1919232   29524   0.09  docker
03:25:12 AM     0    148133    0.00    0.00    0.00    0.00    0.00     1      0.00      0.00    4560    3508   0.01  bash
03:25:12 AM     0    148158    0.00    0.00    0.00    0.00    0.00     1      0.00      0.00  196036   35060   0.11  ros2
03:25:12 AM     0    148159    4.00    2.00    0.00    1.00    6.00     0      0.00      0.00  580284   28984   0.09  scale_truck_con
03:25:12 AM     0    148161    4.00    4.00    0.00    1.00    8.00     1      0.00      0.00  582892   22372   0.07  lrc_node
03:25:12 AM     0    148232    0.00    0.00    0.00    0.00    0.00     1      0.00      0.00   14768    7560   0.02  sshd
03:25:12 AM  1000    148276    0.00    0.00    0.00    0.00    0.00     3      0.00      0.00   15292    6364   0.02  sshd
03:25:12 AM  1000    148277    0.00    0.00    0.00    0.00    0.00     1      0.00      0.00   11860    5928   0.02  bash
03:25:12 AM     0    148558    1.00    0.00    0.00    0.00    1.00     3      0.00      0.00  651044   82972   0.26  python3
03:25:12 AM     0    150604    0.00    0.00    0.00    0.00    0.00     2      0.00      0.00       0       0   0.00  kworker/2:1-mm_percpu_wq
03:25:12 AM     0    150646    0.00    0.00    0.00    0.00    0.00     0      0.00      0.00       0       0   0.00  kworker/0:0H
03:25:12 AM     0    150688    0.00    0.00    0.00    0.00    0.00     2      0.00      0.00       0       0   0.00  kworker/2:0H
03:25:12 AM     0    151786    0.00    0.00    0.00    0.00    0.00     3      0.00      0.00       0       0   0.00  kworker/3:2H
03:25:12 AM     0    151819    0.00    0.00    0.00    0.00    0.00     3      0.00      0.00       0       0   0.00  kworker/3:2-cgroup_destroy
03:25:12 AM     0    151861    0.00    0.00    0.00    0.00    0.00     1      0.00      0.00       0       0   0.00  kworker/u16:0-events_unbound
03:25:12 AM     0    151916    0.00    0.00    0.00    0.00    0.00     0      0.00      0.00       0       0   0.00  kworker/0:0-events
03:25:12 AM     0    151989    0.00    0.00    0.00    0.00    0.00     1      0.00      0.00       0       0   0.00  kworker/1:1H
03:25:12 AM     0    152270    0.00    0.00    0.00    0.00    0.00     1      0.00      0.00       0       0   0.00  kworker/1:2-events
03:25:12 AM     0    152626    0.00    0.00    0.00    0.00    0.00     2      0.00      0.00       0       0   0.00  kworker/2:1H
03:25:12 AM     0    152627    0.00    0.00    0.00    0.00    0.00     3      0.00      0.00       0       0   0.00  kworker/3:1H
03:25:12 AM     0    152628    0.00    0.00    0.00    0.00    0.00     0      0.00      0.00       0       0   0.00  kworker/0:1-events
03:25:12 AM     0    152655    0.00    0.00    0.00    0.00    0.00     1      0.00      0.00       0       0   0.00  kworker/u16:2-events_unbound
03:25:12 AM     0    152798    0.00    0.00    0.00    0.00    0.00     1      0.00      0.00       0       0   0.00  kworker/1:2H
03:25:12 AM     0    152803    0.00    0.00    0.00    0.00    0.00     2      0.00      0.00       0       0   0.00  kworker/2:0
03:25:12 AM  1000    152883    0.00    0.00    0.00    0.00    0.00     3      0.00      0.00    9208    3068   0.01  bash
03:25:12 AM  1000    153071    5.00    9.00    0.00    0.00   14.00     2      0.00      0.00   17668    9488   0.03  pidstat
03:25:12 AM     0    153136    0.00    0.00    0.00    0.00    0.00     0      0.00      0.00       0       0   0.00  kworker/0:2H
03:25:12 AM     0    153140    0.00    0.00    0.00    0.00    0.00     1      0.00      0.00       0       0   0.00  kworker/1:1
