metric,latency_ms
sensor_to_controller,8.845329284667969
sensor_to_controller,28.818130493164062
sensor_to_controller,13.973236083984375
sensor_to_controller,1.4765262603759766
sensor_to_controller,21.143436431884766
sensor_to_controller,10.049104690551758
sensor_to_controller,29.65092658996582
sensor_to_controller,15.014410018920898
sensor_to_controller,1.5883445739746094
sensor_to_controller,21.425724029541016
sensor_to_controller,10.094165802001953
sensor_to_controller,29.900550842285156
sensor_to_controller,15.13361930847168
sensor_to_controller,0.9229183197021484
sensor_to_controller,20.299673080444336
sensor_to_controller,9.126901626586914
sensor_to_controller,28.802871704101562
sensor_to_controller,15.773296356201172
sensor_to_controller,2.3975372314453125
sensor_to_controller,21.425962448120117
sensor_to_controller,8.469581604003906
sensor_to_controller,28.532743453979492
sensor_to_controller,14.551877975463867
sensor_to_controller,2.285480499267578
sensor_to_controller,21.575450897216797
sensor_to_controller,8.030891418457031
sensor_to_controller,28.309106826782227
sensor_to_controller,15.19918441772461
sensor_to_controller,1.1844635009765625
sensor_to_controller,20.632028579711914
sensor_to_controller,9.653806686401367
sensor_to_controller,29.268980026245117
sensor_to_controller,14.896154403686523
sensor_to_controller,1.7180442810058594
sensor_to_controller,21.34847640991211
sensor_to_controller,9.29880142211914
sensor_to_controller,29.1593074798584
sensor_to_controller,15.826225280761719
sensor_to_controller,1.2018680572509766
sensor_to_controller,19.98615264892578
sensor_to_controller,9.23609733581543
sensor_to_controller,28.975486755371094
sensor_to_controller,14.783620834350586
sensor_to_controller,1.1391639709472656
sensor_to_controller,20.292043685913086
sensor_to_controller,9.905576705932617
sensor_to_controller,30.179738998413086
sensor_to_controller,14.56451416015625
sensor_to_controller,3.831624984741211
sensor_to_controller,23.708820343017578
sensor_to_controller,9.536504745483398
sensor_to_controller,29.423236846923828
sensor_to_controller,13.950347900390625
sensor_to_controller,2.6450157165527344
sensor_to_controller,22.758007049560547
sensor_to_controller,8.241415023803711
sensor_to_controller,28.45168113708496
sensor_to_controller,16.211748123168945
sensor_to_controller,1.5692710876464844
sensor_to_controller,21.234512329101562
sensor_to_controller,7.699251174926758
sensor_to_controller,27.776002883911133
sensor_to_controller,13.993024826049805
sensor_to_controller,4.20689582824707
sensor_to_controller,23.371458053588867
sensor_to_controller,8.297204971313477
sensor_to_controller,28.42426300048828
sensor_to_controller,14.30654525756836
sensor_to_controller,3.3669471740722656
sensor_to_controller,22.69744873046875
sensor_to_controller,9.18126106262207
sensor_to_controller,29.246807098388672
sensor_to_controller,13.757705688476562
sensor_to_controller,1.184225082397461
sensor_to_controller,19.902467727661133
sensor_to_controller,7.746219635009766
sensor_to_controller,27.85801887512207
sensor_to_controller,13.528108596801758
sensor_to_controller,3.865480422973633
sensor_to_controller,23.60367774963379
sensor_to_controller,8.642196655273438
sensor_to_controller,28.26714515686035
sensor_to_controller,16.390562057495117
sensor_to_controller,1.3091564178466797
sensor_to_controller,21.408557891845703
sensor_to_controller,9.767293930053711
sensor_to_controller,29.4802188873291
sensor_to_controller,17.209529876708984
sensor_to_controller,2.496004104614258
sensor_to_controller,21.651744842529297
sensor_to_controller,9.914159774780273
sensor_to_controller,29.478073120117188
sensor_to_controller,16.700029373168945
sensor_to_controller,1.3456344604492188
sensor_to_controller,20.53070068359375
sensor_to_controller,9.436607360839844
sensor_to_controller,29.520034790039062
sensor_to_controller,14.98270034790039
sensor_to_controller,2.683877944946289
sensor_to_controller,22.322893142700195
sensor_to_controller,9.577751159667969
sensor_to_controller,29.36100959777832
sensor_to_controller,16.60943031311035
sensor_to_controller,2.199888229370117
sensor_to_controller,21.9266414642334
sensor_to_controller,9.552240371704102
sensor_to_controller,29.65235710144043
sensor_to_controller,16.254425048828125
sensor_to_controller,2.26593017578125
sensor_to_controller,21.672964096069336
sensor_to_controller,10.362386703491211
sensor_to_controller,30.321598052978516
sensor_to_controller,15.000581741333008
sensor_to_controller,3.574371337890625
sensor_to_controller,23.628950119018555
sensor_to_controller,10.261774063110352
sensor_to_controller,30.075788497924805
sensor_to_controller,15.680551528930664
sensor_to_controller,1.7940998077392578
sensor_to_controller,21.636009216308594
sensor_to_controller,10.239839553833008
sensor_to_controller,30.214309692382812
sensor_to_controller,16.655921936035156
sensor_to_controller,3.4155845642089844
sensor_to_controller,23.49567413330078
sensor_to_controller,9.465694427490234
sensor_to_controller,30.35759925842285
sensor_to_controller,12.662410736083984
sensor_to_controller,2.187490463256836
sensor_to_controller,22.049903869628906
sensor_to_controller,8.027791976928711
sensor_to_controller,28.232097625732422
sensor_to_controller,15.533924102783203
sensor_to_controller,35.44902801513672
sensor_to_controller,19.819259643554688
sensor_to_controller,9.809732437133789
sensor_to_controller,29.61111068725586
sensor_to_controller,16.568660736083984
sensor_to_controller,3.2770633697509766
sensor_to_controller,23.206472396850586
sensor_to_controller,7.165193557739258
sensor_to_controller,27.073144912719727
sensor_to_controller,16.789674758911133
sensor_to_controller,3.278017044067383
sensor_to_controller,22.98140525817871
sensor_to_controller,9.777307510375977
sensor_to_controller,29.70266342163086
sensor_to_controller,14.327287673950195
sensor_to_controller,2.7074813842773438
sensor_to_controller,22.756338119506836
sensor_to_controller,11.061668395996094
sensor_to_controller,30.807971954345703
sensor_to_controller,17.104148864746094
sensor_to_controller,3.693103790283203
sensor_to_controller,23.423433303833008
sensor_to_controller,9.850025177001953
sensor_to_controller,29.686689376831055
sensor_to_controller,17.061710357666016
sensor_to_controller,3.140687942504883
sensor_to_controller,22.99809455871582
sensor_to_controller,10.236978530883789
sensor_to_controller,30.560731887817383
sensor_to_controller,14.559745788574219
sensor_to_controller,3.765106201171875
sensor_to_controller,23.383617401123047
sensor_to_controller,9.76705551147461
sensor_to_controller,30.020475387573242
sensor_to_controller,15.564918518066406
sensor_to_controller,3.170490264892578
sensor_to_controller,22.833824157714844
sensor_to_controller,8.630752563476562
sensor_to_controller,29.117107391357422
sensor_to_controller,15.465259552001953
sensor_to_controller,2.4878978729248047
sensor_to_controller,22.364377975463867
sensor_to_controller,9.913921356201172
sensor_to_controller,29.95467185974121
sensor_to_controller,15.184402465820312
sensor_to_controller,2.2492408752441406
sensor_to_controller,20.61295509338379
sensor_to_controller,9.124517440795898
sensor_to_controller,29.216766357421875
sensor_to_controller,14.274120330810547
sensor_to_controller,2.8221607208251953
sensor_to_controller,22.54009246826172
sensor_to_controller,10.083198547363281
sensor_to_controller,30.016660690307617
sensor_to_controller,15.534639358520508
sensor_to_controller,2.8383731842041016
sensor_to_controller,22.55105972290039
sensor_to_controller,10.149955749511719
sensor_to_controller,30.24005889892578
sensor_to_controller,15.236139297485352
sensor_to_controller,1.0020732879638672
sensor_to_controller,20.865678787231445
sensor_to_controller,10.995149612426758
sensor_to_controller,30.773401260375977
sensor_to_controller,16.207456588745117
sensor_to_controller,2.7070045471191406
sensor_to_controller,22.2475528717041
sensor_to_controller,9.991168975830078
sensor_to_controller,29.939651489257812
sensor_to_controller,16.68572425842285
sensor_to_controller,3.948688507080078
sensor_to_controller,23.68927001953125
sensor_to_controller,10.230541229248047
sensor_to_controller,30.227184295654297
sensor_to_controller,15.194892883300781
sensor_to_controller,3.162384033203125
sensor_to_controller,23.50473403930664
sensor_to_controller,9.001016616821289
sensor_to_controller,28.9151668548584
sensor_to_controller,16.622543334960938
sensor_to_controller,1.8160343170166016
sensor_to_controller,22.25518226623535
sensor_to_controller,9.041786193847656
sensor_to_controller,29.25395965576172
sensor_to_controller,16.000986099243164
sensor_to_controller,0.9825229644775391
sensor_to_controller,20.3244686126709
sensor_to_controller,9.697914123535156
sensor_to_controller,29.665470123291016
sensor_to_controller,15.343427658081055
sensor_to_controller,0.7281303405761719
sensor_to_controller,21.095752716064453
sensor_to_controller,8.50534439086914
sensor_to_controller,28.09309959411621
sensor_to_controller,15.611648559570312
sensor_to_controller,1.0082721710205078
sensor_to_controller,20.848751068115234
sensor_to_controller,9.744405746459961
sensor_to_controller,30.005931854248047
sensor_to_controller,15.15817642211914
sensor_to_controller,2.5179386138916016
sensor_to_controller,22.207260131835938
sensor_to_controller,9.668350219726562
sensor_to_controller,29.520750045776367
sensor_to_controller,16.004085540771484
sensor_to_controller,3.5028457641601562
sensor_to_controller,23.192167282104492
sensor_to_controller,10.122299194335938
sensor_to_controller,30.043840408325195
sensor_to_controller,16.13473892211914
sensor_to_controller,3.5614967346191406
sensor_to_controller,23.110151290893555
sensor_to_controller,9.212732315063477
sensor_to_controller,29.094696044921875
sensor_to_controller,15.408039093017578
sensor_to_controller,3.4894943237304688
sensor_to_controller,23.473262786865234
sensor_to_controller,9.363889694213867
sensor_to_controller,29.01625633239746
sensor_to_controller,17.128944396972656
sensor_to_controller,2.7871131896972656
sensor_to_controller,22.3848819732666
sensor_to_controller,9.64975357055664
sensor_to_controller,29.613494873046875
sensor_to_controller,15.888214111328125
sensor_to_controller,2.15911865234375
sensor_to_controller,20.551681518554688
sensor_to_controller,8.769035339355469
sensor_to_controller,28.53560447692871
sensor_to_controller,15.706539154052734
sensor_to_controller,4.3201446533203125
sensor_to_controller,23.921966552734375
sensor_to_controller,8.10551643371582
sensor_to_controller,27.997255325317383
sensor_to_controller,17.10224151611328
sensor_to_controller,3.62396240234375
sensor_to_controller,23.571014404296875
sensor_to_controller,9.390115737915039
sensor_to_controller,28.771638870239258
sensor_to_controller,14.811515808105469
sensor_to_controller,3.4399032592773438
sensor_to_controller,23.297548294067383
sensor_to_controller,9.590625762939453
sensor_to_controller,29.910802841186523
sensor_to_controller,14.803171157836914
sensor_to_controller,3.6704540252685547
sensor_to_controller,23.641347885131836
sensor_to_controller,8.241891860961914
sensor_to_controller,28.410673141479492
sensor_to_controller,17.041444778442383
sensor_to_controller,1.577615737915039
sensor_to_controller,21.2252140045166
sensor_to_controller,10.47205924987793
sensor_to_controller,30.50684928894043
sensor_to_controller,15.483856201171875
sensor_to_controller,3.996133804321289
sensor_to_controller,23.85115623474121
sensor_to_controller,10.17618179321289
sensor_to_controller,29.891252517700195
sensor_to_controller,16.322612762451172
sensor_to_controller,3.0939579010009766
sensor_to_controller,22.841691970825195
sensor_to_controller,10.223388671875
sensor_to_controller,30.827045440673828
sensor_to_controller,14.986515045166016
sensor_to_controller,3.262758255004883
sensor_to_controller,22.869110107421875
sensor_to_controller,9.418010711669922
sensor_to_controller,29.6630859375
sensor_to_controller,14.589309692382812
sensor_to_controller,4.372835159301758
sensor_to_controller,23.740768432617188
sensor_to_controller,10.381460189819336
sensor_to_controller,30.955076217651367
sensor_to_controller,14.203548431396484
sensor_to_controller,4.081010818481445
sensor_to_controller,23.942232131958008
sensor_to_controller,9.905099868774414
sensor_to_controller,29.99591827392578
sensor_to_controller,13.809680938720703
sensor_to_controller,2.809762954711914
sensor_to_controller,22.263288497924805
sensor_to_controller,10.737419128417969
sensor_to_controller,30.811071395874023
sensor_to_controller,15.305042266845703
sensor_to_controller,3.8323402404785156
sensor_to_controller,23.62513542175293
sensor_to_controller,10.159969329833984
sensor_to_controller,30.230998992919922
sensor_to_controller,16.815900802612305
sensor_to_controller,3.1800270080566406
sensor_to_controller,23.56886863708496
sensor_to_controller,9.013652801513672
sensor_to_controller,28.61642837524414
sensor_to_controller,15.122652053833008
sensor_to_controller,2.2318363189697266
sensor_to_controller,21.895647048950195
sensor_to_controller,10.782957077026367
sensor_to_controller,30.09343147277832
sensor_to_controller,17.876863479614258
sensor_to_controller,3.398895263671875
sensor_to_controller,22.780179977416992
sensor_to_controller,9.124517440795898
sensor_to_controller,29.04057502746582
sensor_to_controller,15.50912857055664
sensor_to_controller,1.5883445739746094
sensor_to_controller,20.872116088867188
sensor_to_controller,10.610818862915039
sensor_to_controller,30.40909767150879
sensor_to_controller,16.994476318359375
sensor_to_controller,3.988027572631836
sensor_to_controller,23.83279800415039
sensor_to_controller,9.66024398803711
sensor_to_controller,29.090166091918945
sensor_to_controller,14.943838119506836
sensor_to_controller,2.6886463165283203
sensor_to_controller,22.216320037841797
sensor_to_controller,10.880708694458008
sensor_to_controller,31.02588653564453
sensor_to_controller,14.992475509643555
sensor_to_controller,3.7298202514648438
sensor_to_controller,23.451566696166992
sensor_to_controller,8.982419967651367
sensor_to_controller,29.03437614440918
sensor_to_controller,14.88494873046875
sensor_to_controller,3.0345916748046875
sensor_to_controller,23.10919761657715
sensor_to_controller,10.214567184448242
sensor_to_controller,30.335426330566406
sensor_to_controller,16.747474670410156
sensor_to_controller,3.57818603515625
sensor_to_controller,23.320913314819336
sensor_to_controller,7.867097854614258
sensor_to_controller,27.828454971313477
sensor_to_controller,16.411542892456055
sensor_to_controller,1.1713504791259766
sensor_to_controller,21.14558219909668
sensor_to_controller,9.264945983886719
sensor_to_controller,29.299020767211914
sensor_to_controller,16.51144027709961
sensor_to_controller,3.517627716064453
sensor_to_controller,23.63753318786621
sensor_to_controller,9.591817855834961
sensor_to_controller,29.896020889282227
sensor_to_controller,16.286849975585938
sensor_to_controller,3.040313720703125
sensor_to_controller,23.107528686523438
sensor_to_controller,8.615732192993164
sensor_to_controller,28.785228729248047
sensor_to_controller,16.505002975463867
sensor_to_controller,1.9619464874267578
sensor_to_controller,21.9571590423584
sensor_to_controller,9.302616119384766
sensor_to_controller,29.59895133972168
sensor_to_controller,15.128374099731445
sensor_to_controller,3.2439231872558594
sensor_to_controller,23.08797836303711
sensor_to_controller,10.030984878540039
sensor_to_controller,29.51955795288086
sensor_to_controller,16.014814376831055
sensor_to_controller,3.778219223022461
sensor_to_controller,23.03481101989746
sensor_to_controller,9.843111038208008
sensor_to_controller,29.8001766204834
sensor_to_controller,15.334606170654297
sensor_to_controller,2.4900436401367188
sensor_to_controller,21.74544334411621
sensor_to_controller,10.576009750366211
sensor_to_controller,30.411720275878906
sensor_to_controller,17.520427703857422
sensor_to_controller,4.195928573608398
sensor_to_controller,23.63109588623047
sensor_to_controller,9.718894958496094
sensor_to_controller,29.720306396484375
sensor_to_controller,15.943527221679688
sensor_to_controller,3.547191619873047
sensor_to_controller,23.136615753173828
sensor_to_controller,8.711576461791992
sensor_to_controller,29.1595458984375
sensor_to_controller,15.552282333374023
sensor_to_controller,0.9758472442626953
sensor_to_controller,20.153045654296875
sensor_to_controller,9.855985641479492
sensor_to_controller,30.071496963500977
sensor_to_controller,14.943361282348633
sensor_to_controller,3.6890506744384766
sensor_to_controller,22.971153259277344
sensor_to_controller,7.759332656860352
sensor_to_controller,27.62913703918457
sensor_to_controller,15.614032745361328
sensor_to_controller,4.636287689208984
sensor_to_controller,24.427175521850586
sensor_to_controller,10.604381561279297
sensor_to_controller,30.350685119628906
sensor_to_controller,16.577720642089844
sensor_to_controller,2.684354782104492
sensor_to_controller,22.62711524963379
sensor_to_controller,8.654117584228516
sensor_to_controller,28.8238525390625
sensor_to_controller,16.87335968017578
sensor_to_controller,2.140045166015625
sensor_to_controller,22.47309684753418
sensor_to_controller,9.452104568481445
sensor_to_controller,29.124021530151367
sensor_to_controller,14.152288436889648
sensor_to_controller,3.1883716583251953
sensor_to_controller,22.981882095336914
sensor_to_controller,9.94873046875
sensor_to_controller,30.022382736206055
sensor_to_controller,14.89567756652832
sensor_to_controller,3.7505626678466797
sensor_to_controller,23.413419723510742
sensor_to_controller,7.737398147583008
sensor_to_controller,27.641773223876953
sensor_to_controller,16.062259674072266
sensor_to_controller,3.497600555419922
sensor_to_controller,23.4832763671875
sensor_to_controller,10.001182556152344
sensor_to_controller,29.39438819885254
sensor_to_controller,16.250133514404297
sensor_to_controller,3.3266544342041016
sensor_to_controller,23.01764488220215
sensor_to_controller,9.434223175048828
sensor_to_controller,29.22511100769043
sensor_to_controller,15.227317810058594
sensor_to_controller,3.9179325103759766
sensor_to_controller,23.77009391784668
sensor_to_controller,9.498834609985352
sensor_to_controller,29.324054718017578
sensor_to_controller,15.861749649047852
sensor_to_controller,4.306316375732422
sensor_to_controller,24.063587188720703
sensor_to_controller,9.344339370727539
sensor_to_controller,29.546737670898438
sensor_to_controller,15.974998474121094
sensor_to_controller,3.081083297729492
sensor_to_controller,22.972822189331055
sensor_to_controller,10.082006454467773
sensor_to_controller,30.003786087036133
sensor_to_controller,14.646291732788086
sensor_to_controller,2.5975704193115234
sensor_to_controller,22.507667541503906
sensor_to_controller,8.180618286132812
sensor_to_controller,28.51271629333496
sensor_to_controller,14.883279800415039
sensor_to_controller,3.6656856536865234
sensor_to_controller,23.60701560974121
sensor_to_controller,7.952451705932617
sensor_to_controller,27.88567543029785
sensor_to_controller,17.189502716064453
sensor_to_controller,3.3392906188964844
sensor_to_controller,23.264408111572266
sensor_to_controller,9.553194046020508
sensor_to_controller,30.077457427978516
sensor_to_controller,16.001462936401367
sensor_to_controller,3.5691261291503906
sensor_to_controller,23.20265769958496
sensor_to_controller,10.461807250976562
sensor_to_controller,30.39407730102539
sensor_to_controller,15.624523162841797
sensor_to_controller,3.545999526977539
sensor_to_controller,23.390769958496094
sensor_to_controller,10.38503646850586
sensor_to_controller,30.228853225708008
sensor_to_controller,15.650510787963867
sensor_to_controller,4.500150680541992
sensor_to_controller,24.1851806640625
sensor_to_controller,10.079622268676758
sensor_to_controller,30.176877975463867
sensor_to_controller,15.620708465576172
sensor_to_controller,3.8733482360839844
sensor_to_controller,23.714303970336914
sensor_to_controller,11.189460754394531
sensor_to_controller,30.853748321533203
sensor_to_controller,17.189979553222656
sensor_to_controller,3.7708282470703125
sensor_to_controller,23.651599884033203
sensor_to_controller,8.467674255371094
sensor_to_controller,29.15644645690918
sensor_to_controller,15.216827392578125
sensor_to_controller,3.4797191619873047
sensor_to_controller,23.019790649414062
sensor_to_controller,10.7421875
sensor_to_controller,30.445575714111328
sensor_to_controller,15.308141708374023
sensor_to_controller,1.531839370727539
sensor_to_controller,20.601511001586914
sensor_to_controller,10.097265243530273
sensor_to_controller,30.727148056030273
sensor_to_controller,16.470909118652344
sensor_to_controller,3.325223922729492
sensor_to_controller,23.32925796508789
sensor_to_controller,10.618448257446289
sensor_to_controller,30.602455139160156
sensor_to_controller,17.537832260131836
sensor_to_controller,4.256963729858398
sensor_to_controller,24.271726608276367
sensor_to_controller,9.859561920166016
sensor_to_controller,30.076026916503906
sensor_to_controller,16.431331634521484
sensor_to_controller,3.4492015838623047
sensor_to_controller,23.838043212890625
sensor_to_controller,10.292291641235352
sensor_to_controller,30.543804168701172
sensor_to_controller,15.177726745605469
sensor_to_controller,3.4105777740478516
sensor_to_controller,23.275375366210938
sensor_to_controller,9.485960006713867
sensor_to_controller,29.346704483032227
sensor_to_controller,14.552593231201172
sensor_to_controller,2.630472183227539
sensor_to_controller,22.008180618286133
sensor_to_controller,10.551691055297852
sensor_to_controller,30.2426815032959
sensor_to_controller,15.061140060424805
sensor_to_controller,3.244638442993164
sensor_to_controller,23.047208786010742
sensor_to_controller,10.181427001953125
sensor_to_controller,30.84874153137207
sensor_to_controller,14.965534210205078
sensor_to_controller,2.395153045654297
sensor_to_controller,21.576642990112305
sensor_to_controller,10.684728622436523
sensor_to_controller,30.83062171936035
sensor_to_controller,17.447471618652344
sensor_to_controller,3.433704376220703
sensor_to_controller,23.18263053894043
sensor_to_controller,9.66024398803711
sensor_to_controller,29.234886169433594
sensor_to_controller,15.447139739990234
sensor_to_controller,4.410743713378906
sensor_to_controller,24.079322814941406
sensor_to_controller,10.671615600585938
sensor_to_controller,30.80463409423828
sensor_to_controller,16.089677810668945
sensor_to_controller,4.486560821533203
sensor_to_controller,24.42336082458496
sensor_to_controller,10.175943374633789
sensor_to_controller,30.39717674255371
sensor_to_controller,16.797304153442383
sensor_to_controller,3.7736892700195312
sensor_to_controller,23.630619049072266
sensor_to_controller,10.428428649902344
sensor_to_controller,30.673980712890625
sensor_to_controller,13.81826400756836
sensor_to_controller,4.593133926391602
sensor_to_controller,24.860858917236328
sensor_to_controller,10.241508483886719
sensor_to_controller,29.652833938598633
sensor_to_controller,16.427040100097656
sensor_to_controller,3.838062286376953
sensor_to_controller,23.494958877563477
sensor_to_controller,10.372161865234375
sensor_to_controller,30.144929885864258
sensor_to_controller,15.643835067749023
sensor_to_controller,3.9110183715820312
sensor_to_controller,23.527860641479492
sensor_to_controller,10.35308837890625
sensor_to_controller,30.162572860717773
sensor_to_controller,16.29328727722168
sensor_to_controller,4.563570022583008
sensor_to_controller,24.2767333984375
sensor_to_controller,9.709835052490234
sensor_to_controller,29.324054718017578
sensor_to_controller,16.25680923461914
sensor_to_controller,4.180431365966797
sensor_to_controller,24.019479751586914
sensor_to_controller,9.246826171875
sensor_to_controller,29.347658157348633
sensor_to_controller,14.64533805847168
sensor_to_controller,4.442930221557617
sensor_to_controller,24.124860763549805
sensor_to_controller,10.383129119873047
sensor_to_controller,30.191421508789062
sensor_to_controller,16.77727699279785
sensor_to_controller,3.7496089935302734
sensor_to_controller,23.702621459960938
sensor_to_controller,11.077642440795898
sensor_to_controller,30.36642074584961
sensor_to_controller,17.462968826293945
sensor_to_controller,4.838705062866211
sensor_to_controller,24.362802505493164
sensor_to_controller,7.717132568359375
sensor_to_controller,27.66275405883789
sensor_to_controller,17.971038818359375
sensor_to_controller,2.966642379760742
sensor_to_controller,22.949695587158203
sensor_to_controller,11.14201545715332
sensor_to_controller,31.01348876953125
sensor_to_controller,14.668941497802734
sensor_to_controller,2.5789737701416016
sensor_to_controller,22.7816104888916
sensor_to_controller,8.774518966674805
sensor_to_controller,29.21009063720703
sensor_to_controller,16.16978645324707
sensor_to_controller,4.153966903686523
sensor_to_controller,23.979902267456055
sensor_to_controller,11.406660079956055
sensor_to_controller,31.765460968017578
sensor_to_controller,15.739679336547852
sensor_to_controller,2.0492076873779297
sensor_to_controller,21.65675163269043
sensor_to_controller,10.138273239135742
sensor_to_controller,30.566692352294922
sensor_to_controller,15.83409309387207
sensor_to_controller,4.086017608642578
sensor_to_controller,24.23262596130371
sensor_to_controller,9.270906448364258
sensor_to_controller,28.690814971923828
sensor_to_controller,16.717910766601562
sensor_to_controller,1.5058517456054688
sensor_to_controller,21.69966697692871
sensor_to_controller,9.945154190063477
sensor_to_controller,29.736995697021484
sensor_to_controller,15.789031982421875
sensor_to_controller,2.7246475219726562
sensor_to_controller,22.8731632232666
sensor_to_controller,9.759664535522461
sensor_to_controller,29.633522033691406
sensor_to_controller,16.570091247558594
sensor_to_controller,2.6590824127197266
sensor_to_controller,22.620677947998047
sensor_to_controller,9.514093399047852
sensor_to_controller,29.132604598999023
sensor_to_controller,15.626907348632812
sensor_to_controller,1.5177726745605469
sensor_to_controller,21.598100662231445
sensor_to_controller,9.89389419555664
sensor_to_controller,29.819250106811523
sensor_to_controller,15.464067459106445
sensor_to_controller,4.652500152587891
sensor_to_controller,24.016618728637695
sensor_to_controller,10.107278823852539
sensor_to_controller,29.90555763244629
sensor_to_controller,15.914201736450195
sensor_to_controller,2.1584033966064453
sensor_to_controller,22.205114364624023
sensor_to_controller,9.395837783813477
sensor_to_controller,29.197216033935547
sensor_to_controller,15.921592712402344
sensor_to_controller,3.576517105102539
sensor_to_controller,23.64206314086914
sensor_to_controller,10.22481918334961
sensor_to_controller,30.180931091308594
sensor_to_controller,16.17598533630371
sensor_to_controller,1.1146068572998047
sensor_to_controller,21.008014678955078
sensor_to_controller,10.567665100097656
sensor_to_controller,30.461788177490234
sensor_to_controller,15.191316604614258
sensor_to_controller,3.3845901489257812
sensor_to_controller,23.276567459106445
sensor_to_controller,9.567499160766602
sensor_to_controller,29.488563537597656
sensor_to_controller,16.84260368347168
sensor_to_controller,3.5619735717773438
sensor_to_controller,23.395299911499023
sensor_to_controller,10.043859481811523
sensor_to_controller,29.76679801940918
sensor_to_controller,16.861915588378906
sensor_to_controller,3.322124481201172
sensor_to_controller,23.205280303955078
sensor_to_controller,9.23466682434082
sensor_to_controller,29.14738655090332
sensor_to_controller,15.695810317993164
sensor_to_controller,2.8917789459228516
sensor_to_controller,22.7658748626709
sensor_to_controller,9.485721588134766
sensor_to_controller,29.171228408813477
sensor_to_controller,15.728235244750977
sensor_to_controller,4.6558380126953125
sensor_to_controller,24.161577224731445
sensor_to_controller,9.413003921508789
sensor_to_controller,29.58393096923828
sensor_to_controller,15.532970428466797
sensor_to_controller,4.041910171508789
sensor_to_controller,23.888826370239258
sensor_to_controller,7.972002029418945
sensor_to_controller,28.16462516784668
sensor_to_controller,16.98136329650879
sensor_to_controller,4.726648330688477
sensor_to_controller,24.323701858520508
sensor_to_controller,8.412361145019531
sensor_to_controller,29.121875762939453
sensor_to_controller,15.485286712646484
sensor_to_controller,3.650188446044922
sensor_to_controller,23.485422134399414
sensor_to_controller,11.098384857177734
sensor_to_controller,30.675649642944336
sensor_to_controller,15.046119689941406
sensor_to_controller,3.8390159606933594
sensor_to_controller,23.580312728881836
sensor_to_controller,9.155511856079102
sensor_to_controller,29.5107364654541
sensor_to_controller,16.43824577331543
sensor_to_controller,2.790689468383789
sensor_to_controller,22.770166397094727
sensor_to_controller,10.684013366699219
sensor_to_controller,30.744552612304688
sensor_to_controller,17.053842544555664
sensor_to_controller,4.540920257568359
sensor_to_controller,24.63555335998535
sensor_to_controller,9.962081909179688
sensor_to_controller,30.002117156982422
sensor_to_controller,15.539407730102539
sensor_to_controller,1.8050670623779297
sensor_to_controller,21.533966064453125
sensor_to_controller,9.016990661621094
sensor_to_controller,28.604745864868164
sensor_to_controller,17.276287078857422
sensor_to_controller,4.78363037109375
sensor_to_controller,24.3527889251709
sensor_to_controller,10.840177536010742
sensor_to_controller,30.711889266967773
sensor_to_controller,15.538454055786133
sensor_to_controller,1.7066001892089844
sensor_to_controller,20.82347869873047
sensor_to_controller,10.083198547363281
sensor_to_controller,29.91461753845215
sensor_to_controller,16.358137130737305
sensor_to_controller,3.235340118408203
sensor_to_controller,22.224903106689453
sensor_to_controller,10.416030883789062
sensor_to_controller,30.077457427978516
sensor_to_controller,17.477750778198242
sensor_to_controller,3.8144588470458984
sensor_to_controller,23.566007614135742
sensor_to_controller,10.799884796142578
sensor_to_controller,30.654430389404297
sensor_to_controller,16.319751739501953
sensor_to_controller,3.0057430267333984
sensor_to_controller,23.020267486572266
sensor_to_controller,10.302305221557617
sensor_to_controller,29.746294021606445
sensor_to_controller,16.46876335144043
sensor_to_controller,4.351377487182617
sensor_to_controller,24.126529693603516
sensor_to_controller,10.20669937133789
sensor_to_controller,30.126571655273438
sensor_to_controller,17.600536346435547
sensor_to_controller,4.268884658813477
sensor_to_controller,24.260759353637695
sensor_to_controller,10.886907577514648
sensor_to_controller,30.596494674682617
sensor_to_controller,17.40241050720215
sensor_to_controller,3.6237239837646484
sensor_to_controller,23.557424545288086
sensor_to_controller,10.442733764648438
sensor_to_controller,29.88886833190918
sensor_to_controller,15.46025276184082
sensor_to_controller,3.874063491821289
sensor_to_controller,23.782014846801758
sensor_to_controller,11.487483978271484
sensor_to_controller,31.271934509277344
sensor_to_controller,16.13473892211914
sensor_to_controller,4.688739776611328
sensor_to_controller,24.463891983032227
sensor_to_controller,8.85152816772461
sensor_to_controller,28.92303466796875
sensor_to_controller,16.207456588745117
sensor_to_controller,4.77290153503418
sensor_to_controller,24.66440200805664
sensor_to_controller,10.869264602661133
sensor_to_controller,30.86709976196289
sensor_to_controller,16.252756118774414
sensor_to_controller,3.6928653717041016
sensor_to_controller,23.425817489624023
sensor_to_controller,9.253501892089844
sensor_to_controller,29.034852981567383
sensor_to_controller,16.44277572631836
sensor_to_controller,4.772663116455078
sensor_to_controller,24.39427375793457
sensor_to_controller,10.843038558959961
sensor_to_controller,30.99679946899414
sensor_to_controller,15.924692153930664
sensor_to_controller,3.699779510498047
sensor_to_controller,23.551464080810547
sensor_to_controller,7.901191711425781
sensor_to_controller,28.043508529663086
sensor_to_controller,17.14777946472168
sensor_to_controller,3.778219223022461
sensor_to_controller,23.881912231445312
sensor_to_controller,11.069297790527344
sensor_to_controller,30.977725982666016
sensor_to_controller,15.713691711425781
sensor_to_controller,3.9992332458496094
sensor_to_controller,24.126052856445312
sensor_to_controller,10.012149810791016
sensor_to_controller,29.863834381103516
sensor_to_controller,16.767501831054688
sensor_to_controller,2.6836395263671875
sensor_to_controller,22.906780242919922
sensor_to_controller,9.969949722290039
sensor_to_controller,29.70147132873535
sensor_to_controller,17.15397834777832
sensor_to_controller,2.2950172424316406
sensor_to_controller,22.847890853881836
sensor_to_controller,10.487079620361328
sensor_to_controller,30.140399932861328
sensor_to_controller,16.378164291381836
sensor_to_controller,3.3173561096191406
sensor_to_controller,23.309707641601562
sensor_to_controller,9.774923324584961
sensor_to_controller,29.660940170288086
sensor_to_controller,15.560150146484375
sensor_to_controller,4.005193710327148
sensor_to_controller,24.265766143798828
sensor_to_controller,9.829282760620117
sensor_to_controller,29.64615821838379
sensor_to_controller,16.141414642333984
sensor_to_controller,4.501104354858398
sensor_to_controller,24.5361328125
sensor_to_controller,10.210514068603516
sensor_to_controller,30.011653900146484
sensor_to_controller,16.696691513061523
sensor_to_controller,3.596067428588867
sensor_to_controller,23.73981475830078
sensor_to_controller,10.560989379882812
sensor_to_controller,30.576467514038086
sensor_to_controller,16.801834106445312
sensor_to_controller,3.5772323608398438
sensor_to_controller,23.706674575805664
sensor_to_controller,11.09004020690918
sensor_to_controller,31.067371368408203
sensor_to_controller,17.406940460205078
sensor_to_controller,4.105806350708008
sensor_to_controller,24.02186393737793
sensor_to_controller,10.012149810791016
sensor_to_controller,30.440330505371094
sensor_to_controller,16.666889190673828
sensor_to_controller,3.769397735595703
sensor_to_controller,23.629188537597656
sensor_to_controller,9.807109832763672
sensor_to_controller,29.793977737426758
sensor_to_controller,14.751911163330078
sensor_to_controller,3.8385391235351562
sensor_to_controller,23.687124252319336
sensor_to_controller,10.840892791748047
sensor_to_controller,30.889272689819336
sensor_to_controller,16.347169876098633
sensor_to_controller,1.4927387237548828
sensor_to_controller,21.434307098388672
sensor_to_controller,9.439229965209961
sensor_to_controller,29.516220092773438
sensor_to_controller,15.828132629394531
sensor_to_controller,4.91642951965332
sensor_to_controller,24.733781814575195
sensor_to_controller,9.89985466003418
sensor_to_controller,30.347585678100586
sensor_to_controller,16.321897506713867
sensor_to_controller,5.400896072387695
sensor_to_controller,24.78814125061035
sensor_to_controller,11.234283447265625
sensor_to_controller,31.3718318939209
sensor_to_controller,16.21222496032715
sensor_to_controller,1.888275146484375
sensor_to_controller,22.092580795288086
sensor_to_controller,9.613275527954102
sensor_to_controller,29.361248016357422
sensor_to_controller,16.831398010253906
sensor_to_controller,4.439353942871094
sensor_to_controller,24.099349975585938
sensor_to_controller,10.228872299194336
sensor_to_controller,30.14206886291504
sensor_to_controller,15.804290771484375
sensor_to_controller,5.002021789550781
sensor_to_controller,24.585247039794922
sensor_to_controller,10.276556015014648
sensor_to_controller,30.379056930541992
sensor_to_controller,17.62080192565918
sensor_to_controller,5.18798828125
sensor_to_controller,25.10666847229004
sensor_to_controller,9.809494018554688
sensor_to_controller,29.636859893798828
sensor_to_controller,15.91634750366211
sensor_to_controller,3.9560794830322266
sensor_to_controller,23.960351943969727
sensor_to_controller,10.449409484863281
sensor_to_controller,30.528783798217773
sensor_to_controller,15.989303588867188
sensor_to_controller,1.9924640655517578
sensor_to_controller,21.686792373657227
sensor_to_controller,11.124134063720703
sensor_to_controller,31.284093856811523
sensor_to_controller,15.863656997680664
sensor_to_controller,4.684209823608398
sensor_to_controller,24.639606475830078
sensor_to_controller,10.920524597167969
sensor_to_controller,31.122922897338867
sensor_to_controller,17.6236629486084
sensor_to_controller,4.589557647705078
sensor_to_controller,24.97124671936035
sensor_to_controller,8.305788040161133
sensor_to_controller,28.82528305053711
sensor_to_controller,16.143083572387695
sensor_to_controller,4.562854766845703
sensor_to_controller,24.404048919677734
sensor_to_controller,10.830879211425781
sensor_to_controller,30.45821189880371
sensor_to_controller,17.54617691040039
sensor_to_controller,5.007266998291016
sensor_to_controller,24.90377426147461
sensor_to_controller,10.625362396240234
sensor_to_controller,30.478715896606445
sensor_to_controller,16.788005828857422
sensor_to_controller,3.4589767456054688
sensor_to_controller,23.925065994262695
sensor_to_controller,9.050607681274414
sensor_to_controller,28.912782669067383
sensor_to_controller,17.968416213989258
sensor_to_controller,2.7246475219726562
sensor_to_controller,23.142337799072266
sensor_to_controller,8.919477462768555
sensor_to_controller,29.078245162963867
sensor_to_controller,16.22152328491211
sensor_to_controller,4.808902740478516
sensor_to_controller,24.826765060424805
sensor_to_controller,11.412382125854492
sensor_to_controller,31.28814697265625
sensor_to_controller,17.009258270263672
sensor_to_controller,4.159212112426758
sensor_to_controller,24.213790893554688
sensor_to_controller,10.360479354858398
sensor_to_controller,30.14826774597168
sensor_to_controller,17.20428466796875
sensor_to_controller,4.500865936279297
sensor_to_controller,23.78225326538086
sensor_to_controller,11.125564575195312
sensor_to_controller,31.26692771911621
sensor_to_controller,14.485836029052734
sensor_to_controller,3.8840770721435547
sensor_to_controller,23.259639739990234
sensor_to_controller,11.060476303100586
sensor_to_controller,30.987262725830078
sensor_to_controller,16.931533813476562
sensor_to_controller,4.008769989013672
sensor_to_controller,24.150848388671875
sensor_to_controller,9.13381576538086
sensor_to_controller,28.84960174560547
sensor_to_controller,16.269922256469727
sensor_to_controller,4.805803298950195
sensor_to_controller,25.052547454833984
sensor_to_controller,10.482311248779297
sensor_to_controller,30.42292594909668
sensor_to_controller,15.774965286254883
sensor_to_controller,3.7081241607666016
sensor_to_controller,23.675918579101562
sensor_to_controller,10.150909423828125
sensor_to_controller,30.270099639892578
sensor_to_controller,16.905784606933594
sensor_to_controller,2.708911895751953
sensor_to_controller,22.586584091186523
sensor_to_controller,10.341882705688477
sensor_to_controller,30.12704849243164
sensor_to_controller,16.328811645507812
sensor_to_controller,0.9670257568359375
sensor_to_controller,21.347761154174805
sensor_to_controller,9.470462799072266
sensor_to_controller,29.19912338256836
sensor_to_controller,17.81153678894043
sensor_to_controller,5.143642425537109
sensor_to_controller,24.967432022094727
sensor_to_controller,11.462926864624023
sensor_to_controller,31.213760375976562
sensor_to_controller,17.61174201965332
sensor_to_controller,2.175569534301758
sensor_to_controller,21.963834762573242
sensor_to_controller,10.357856750488281
sensor_to_controller,30.443906784057617
sensor_to_controller,15.391349792480469
sensor_to_controller,3.886699676513672
sensor_to_controller,23.810625076293945
sensor_to_controller,11.298894882202148
sensor_to_controller,31.26382827758789
sensor_to_controller,16.704559326171875
sensor_to_controller,5.095720291137695
sensor_to_controller,25.15864372253418
sensor_to_controller,10.862112045288086
sensor_to_controller,30.620098114013672
sensor_to_controller,17.017602920532227
sensor_to_controller,3.782987594604492
sensor_to_controller,23.611068725585938
sensor_to_controller,10.256767272949219
sensor_to_controller,30.211210250854492
sensor_to_controller,16.339778900146484
sensor_to_controller,4.188299179077148
sensor_to_controller,24.13177490234375
sensor_to_controller,10.24627685546875
sensor_to_controller,30.163288116455078
sensor_to_controller,17.014741897583008
sensor_to_controller,3.827810287475586
sensor_to_controller,23.282527923583984
sensor_to_controller,9.404897689819336
sensor_to_controller,29.057025909423828
sensor_to_controller,16.400814056396484
sensor_to_controller,3.932476043701172
sensor_to_controller,23.991107940673828
sensor_to_controller,9.40561294555664
sensor_to_controller,29.080867767333984
sensor_to_controller,17.24100112915039
sensor_to_controller,4.999637603759766
sensor_to_controller,24.615764617919922
sensor_to_controller,10.353565216064453
sensor_to_controller,30.109882354736328
sensor_to_controller,15.43283462524414
sensor_to_controller,1.1234283447265625
sensor_to_controller,20.690202713012695
sensor_to_controller,7.933139801025391
sensor_to_controller,28.176069259643555
sensor_to_controller,15.709877014160156
sensor_to_controller,3.119230270385742
sensor_to_controller,24.153709411621094
sensor_to_controller,8.908987045288086
sensor_to_controller,29.399871826171875
sensor_to_controller,16.019105911254883
sensor_to_controller,2.882719039916992
sensor_to_controller,23.175716400146484
sensor_to_controller,10.354280471801758
sensor_to_controller,30.185222625732422
sensor_to_controller,17.513751983642578
sensor_to_controller,3.546476364135742
sensor_to_controller,23.453712463378906
sensor_to_controller,10.170698165893555
sensor_to_controller,29.975414276123047
sensor_to_controller,16.394615173339844
sensor_to_controller,3.70025634765625
sensor_to_controller,24.087905883789062
sensor_to_controller,10.172843933105469
sensor_to_controller,29.86001968383789
sensor_to_controller,17.580509185791016
sensor_to_controller,3.2160282135009766
sensor_to_controller,23.596763610839844
sensor_to_controller,10.432243347167969
sensor_to_controller,30.205726623535156
sensor_to_controller,16.73150062561035
sensor_to_controller,3.8573741912841797
sensor_to_controller,24.362564086914062
sensor_to_controller,10.377168655395508
sensor_to_controller,30.328989028930664
sensor_to_controller,16.80302619934082
sensor_to_controller,3.195524215698242
sensor_to_controller,23.062705993652344
sensor_to_controller,9.913921356201172
sensor_to_controller,29.785633087158203
sensor_to_controller,16.358375549316406
sensor_to_controller,3.2148361206054688
sensor_to_controller,23.714065551757812
sensor_to_controller,9.868144989013672
sensor_to_controller,29.680967330932617
sensor_to_controller,17.860889434814453
sensor_to_controller,2.196788787841797
sensor_to_controller,21.841764450073242
sensor_to_controller,11.241674423217773
sensor_to_controller,31.52608871459961
sensor_to_controller,15.137910842895508
sensor_to_controller,3.461122512817383
sensor_to_controller,23.965835571289062
sensor_to_controller,11.07335090637207
sensor_to_controller,30.955076217651367
sensor_to_controller,15.917539596557617
sensor_to_controller,4.982709884643555
sensor_to_controller,24.796009063720703
sensor_to_controller,10.124921798706055
sensor_to_controller,31.132221221923828
sensor_to_controller,16.799211502075195
sensor_to_controller,2.1674633026123047
sensor_to_controller,22.48096466064453
sensor_to_controller,10.026931762695312
sensor_to_controller,29.888153076171875
sensor_to_controller,16.57271385192871
sensor_to_controller,4.792690277099609
sensor_to_controller,24.80149269104004
sensor_to_controller,10.114431381225586
sensor_to_controller,30.06720542907715
sensor_to_controller,16.15738868713379
sensor_to_controller,3.8139820098876953
sensor_to_controller,23.74100685119629
sensor_to_controller,10.540485382080078
sensor_to_controller,30.341386795043945
sensor_to_controller,13.51022720336914
sensor_to_controller,3.854036331176758
sensor_to_controller,24.203062057495117
sensor_to_controller,10.450124740600586
sensor_to_controller,30.032634735107422
sensor_to_controller,16.323089599609375
sensor_to_controller,3.88336181640625
sensor_to_controller,24.451494216918945
sensor_to_controller,10.432720184326172
sensor_to_controller,30.083656311035156
sensor_to_controller,17.53687858581543
sensor_to_controller,3.9746761322021484
sensor_to_controller,24.210453033447266
sensor_to_controller,10.126829147338867
sensor_to_controller,29.8154354095459
sensor_to_controller,16.238927841186523
sensor_to_controller,4.617929458618164
sensor_to_controller,24.398326873779297
sensor_to_controller,10.077476501464844
sensor_to_controller,29.785871505737305
sensor_to_controller,16.96014404296875
sensor_to_controller,4.288673400878906
sensor_to_controller,24.12700653076172
sensor_to_controller,10.462522506713867
sensor_to_controller,30.802488327026367
sensor_to_controller,15.215396881103516
sensor_to_controller,3.94439697265625
sensor_to_controller,23.488283157348633
sensor_to_controller,10.922908782958984
sensor_to_controller,30.91144561767578
sensor_to_controller,15.226602554321289
sensor_to_controller,5.137920379638672
sensor_to_controller,24.932861328125
sensor_to_controller,10.615825653076172
sensor_to_controller,32.790184020996094
sensor_to_controller,14.996051788330078
sensor_to_controller,3.242015838623047
sensor_to_controller,23.41175079345703
sensor_to_controller,9.366273880004883
sensor_to_controller,28.690576553344727
sensor_to_controller,15.106201171875
sensor_to_controller,5.068540573120117
sensor_to_controller,24.808645248413086
sensor_to_controller,10.866403579711914
sensor_to_controller,31.116724014282227
sensor_to_controller,16.454219818115234
sensor_to_controller,4.014730453491211
sensor_to_controller,24.189472198486328
sensor_to_controller,10.86878776550293
sensor_to_controller,30.480146408081055
sensor_to_controller,15.957832336425781
sensor_to_controller,4.382610321044922
sensor_to_controller,23.48947525024414
sensor_to_controller,11.319875717163086
sensor_to_controller,31.27908706665039
sensor_to_controller,16.551971435546875
sensor_to_controller,3.371715545654297
sensor_to_controller,23.4072208404541
sensor_to_controller,11.177778244018555
sensor_to_controller,30.810832977294922
sensor_to_controller,16.611576080322266
sensor_to_controller,5.51605224609375
sensor_to_controller,24.97577667236328
sensor_to_controller,10.960578918457031
sensor_to_controller,30.803918838500977
sensor_to_controller,16.88694953918457
sensor_to_controller,5.446672439575195
sensor_to_controller,24.989604949951172
sensor_to_controller,11.130094528198242
sensor_to_controller,30.90834617614746
sensor_to_controller,16.192913055419922
sensor_to_controller,5.001068115234375
sensor_to_controller,24.79267120361328
sensor_to_controller,10.486125946044922
sensor_to_controller,30.50398826599121
sensor_to_controller,16.707897186279297
sensor_to_controller,4.89354133605957
sensor_to_controller,24.67966079711914
sensor_to_controller,11.184930801391602
sensor_to_controller,31.213760375976562
sensor_to_controller,16.528844833374023
sensor_to_controller,3.814697265625
sensor_to_controller,23.948192596435547
sensor_to_controller,10.68258285522461
sensor_to_controller,30.190467834472656
sensor_to_controller,16.480684280395508
sensor_to_controller,5.003929138183594
sensor_to_controller,24.52826499938965
sensor_to_controller,11.571407318115234
sensor_to_controller,30.886411666870117
sensor_to_controller,17.58098602294922
sensor_to_controller,4.281044006347656
sensor_to_controller,24.06144142150879
sensor_to_controller,9.674549102783203
sensor_to_controller,29.639482498168945
sensor_to_controller,16.76487922668457
sensor_to_controller,4.660844802856445
sensor_to_controller,25.017261505126953
sensor_to_controller,10.780572891235352
sensor_to_controller,30.754566192626953
sensor_to_controller,17.018556594848633
sensor_to_controller,4.661798477172852
sensor_to_controller,23.86784553527832
sensor_to_controller,10.816335678100586
sensor_to_controller,30.531883239746094
sensor_to_controller,17.21334457397461
sensor_to_controller,3.9353370666503906
sensor_to_controller,24.338483810424805
sensor_to_controller,10.873079299926758
sensor_to_controller,30.912399291992188
sensor_to_controller,17.632246017456055
sensor_to_controller,3.163576126098633
sensor_to_controller,22.96757698059082
sensor_to_controller,11.399507522583008
sensor_to_controller,31.365156173706055
sensor_to_controller,16.48688316345215
sensor_to_controller,5.097627639770508
sensor_to_controller,24.887800216674805
sensor_to_controller,11.31892204284668
sensor_to_controller,31.41021728515625
sensor_to_controller,17.708301544189453
sensor_to_controller,5.400657653808594
sensor_to_controller,24.797439575195312
sensor_to_controller,9.755373001098633
sensor_to_controller,29.986143112182617
sensor_to_controller,15.78831672668457
sensor_to_controller,3.590106964111328
sensor_to_controller,23.942232131958008
sensor_to_controller,9.914159774780273
sensor_to_controller,29.58369255065918
sensor_to_controller,17.365694046020508
sensor_to_controller,4.801511764526367
sensor_to_controller,24.763822555541992
sensor_to_controller,10.833024978637695
sensor_to_controller,31.458616256713867
sensor_to_controller,15.520334243774414
sensor_to_controller,0.9281635284423828
sensor_to_controller,20.96271514892578
sensor_to_controller,11.614084243774414
sensor_to_controller,31.139135360717773
sensor_to_controller,17.856836318969727
sensor_to_controller,5.051851272583008
sensor_to_controller,25.153160095214844
sensor_to_controller,11.77835464477539
sensor_to_controller,31.605958938598633
sensor_to_controller,18.039464950561523
sensor_to_controller,3.8208961486816406
sensor_to_controller,23.734569549560547
sensor_to_controller,10.384559631347656
sensor_to_controller,30.121564865112305
sensor_to_controller,16.23392105102539
sensor_to_controller,3.2236576080322266
sensor_to_controller,23.503780364990234
sensor_to_controller,11.04116439819336
sensor_to_controller,31.145095825195312
sensor_to_controller,16.539812088012695
sensor_to_controller,3.0570030212402344
sensor_to_controller,23.205041885375977
sensor_to_controller,9.780168533325195
sensor_to_controller,29.709339141845703
sensor_to_controller,17.217159271240234
sensor_to_controller,3.367900848388672
sensor_to_controller,23.604154586791992
sensor_to_controller,10.069608688354492
sensor_to_controller,29.241323471069336
sensor_to_controller,17.61627197265625
sensor_to_controller,2.0291805267333984
sensor_to_controller,21.646499633789062
sensor_to_controller,8.426666259765625
sensor_to_controller,28.59640121459961
sensor_to_controller,15.521049499511719
sensor_to_controller,3.007173538208008
sensor_to_controller,23.015975952148438
sensor_to_controller,9.696006774902344
sensor_to_controller,29.588699340820312
sensor_to_controller,16.503572463989258
sensor_to_controller,3.1118392944335938
sensor_to_controller,23.1475830078125
sensor_to_controller,10.476827621459961
sensor_to_controller,30.352354049682617
sensor_to_controller,16.150236129760742
sensor_to_controller,4.294395446777344
sensor_to_controller,24.65057373046875
sensor_to_controller,10.159969329833984
sensor_to_controller,29.867172241210938
sensor_to_controller,17.364501953125
sensor_to_controller,5.487680435180664
sensor_to_controller,25.727033615112305
sensor_to_controller,10.085582733154297
sensor_to_controller,29.84929084777832
sensor_to_controller,17.264842987060547
sensor_to_controller,4.143714904785156
sensor_to_controller,24.53756332397461
sensor_to_controller,12.015342712402344
sensor_to_controller,31.731605529785156
sensor_to_controller,17.843961715698242
sensor_to_controller,3.4608840942382812
sensor_to_controller,23.331165313720703
sensor_to_controller,9.788751602172852
sensor_to_controller,30.48110008239746
sensor_to_controller,16.179323196411133
sensor_to_controller,4.967451095581055
sensor_to_controller,24.98626708984375
sensor_to_controller,11.606216430664062
sensor_to_controller,31.213760375976562
sensor_to_controller,16.777753829956055
sensor_to_controller,4.038333892822266
sensor_to_controller,23.900747299194336
sensor_to_controller,10.631561279296875
sensor_to_controller,30.81655502319336
sensor_to_controller,14.745235443115234
sensor_to_controller,2.851724624633789
sensor_to_controller,22.736549377441406
sensor_to_controller,10.7269287109375
sensor_to_controller,30.527591705322266
sensor_to_controller,16.99662208557129
sensor_to_controller,5.115270614624023
sensor_to_controller,24.60765838623047
sensor_to_controller,11.233329772949219
sensor_to_controller,31.274795532226562
sensor_to_controller,15.166997909545898
sensor_to_controller,4.7454833984375
sensor_to_controller,24.513959884643555
sensor_to_controller,10.943412780761719
sensor_to_controller,30.21097183227539
sensor_to_controller,16.997337341308594
sensor_to_controller,4.272937774658203
sensor_to_controller,24.294376373291016
sensor_to_controller,9.897708892822266
sensor_to_controller,29.760360717773438
sensor_to_controller,16.392946243286133
sensor_to_controller,3.495931625366211
sensor_to_controller,23.595094680786133
sensor_to_controller,10.905027389526367
sensor_to_controller,30.88665008544922
sensor_to_controller,16.460657119750977
sensor_to_controller,4.688262939453125
sensor_to_controller,24.265289306640625
sensor_to_controller,13.594627380371094
sensor_to_controller,30.717134475708008
sensor_to_controller,16.980648040771484
sensor_to_controller,5.660533905029297
sensor_to_controller,25.29168128967285
sensor_to_controller,11.624336242675781
sensor_to_controller,31.255245208740234
sensor_to_controller,15.064001083374023
sensor_to_controller,4.314422607421875
sensor_to_controller,24.183988571166992
sensor_to_controller,11.129617691040039
sensor_to_controller,31.25476837158203
sensor_to_controller,15.568971633911133
sensor_to_controller,5.856037139892578
sensor_to_controller,24.532794952392578
sensor_to_controller,11.341333389282227
sensor_to_controller,31.183481216430664
sensor_to_controller,16.1893367767334
sensor_to_controller,4.876375198364258
sensor_to_controller,24.900197982788086
sensor_to_controller,10.486602783203125
sensor_to_controller,30.565261840820312
sensor_to_controller,16.20197296142578
sensor_to_controller,3.7775039672851562
sensor_to_controller,23.35953712463379
sensor_to_controller,12.026071548461914
sensor_to_controller,32.053470611572266
sensor_to_controller,16.2353515625
sensor_to_controller,5.571126937866211
sensor_to_controller,25.14934539794922
sensor_to_controller,10.767459869384766
sensor_to_controller,30.41982650756836
sensor_to_controller,16.465425491333008
sensor_to_controller,4.486083984375
sensor_to_controller,24.520158767700195
sensor_to_controller,9.676218032836914
sensor_to_controller,29.448270797729492
sensor_to_controller,16.014575958251953
sensor_to_controller,3.936767578125
sensor_to_controller,24.183034896850586
sensor_to_controller,9.110450744628906
sensor_to_controller,28.989315032958984
sensor_to_controller,15.774965286254883
sensor_to_controller,3.9212703704833984
sensor_to_controller,23.831605911254883
sensor_to_controller,10.980606079101562
sensor_to_controller,32.41991996765137
sensor_to_controller,17.025232315063477
sensor_to_controller,3.230571746826172
sensor_to_controller,23.44822883605957
sensor_to_controller,11.473894119262695
sensor_to_controller,31.4939022064209
sensor_to_controller,17.83013343811035
sensor_to_controller,4.363775253295898
sensor_to_controller,24.251461029052734
sensor_to_controller,11.032342910766602
sensor_to_controller,31.01944923400879
sensor_to_controller,17.57955551147461
sensor_to_controller,4.105091094970703
sensor_to_controller,24.135589599609375
sensor_to_controller,11.311531066894531
sensor_to_controller,30.88831901550293
sensor_to_controller,17.71402359008789
sensor_to_controller,4.519939422607422
sensor_to_controller,24.881601333618164
sensor_to_controller,10.458230972290039
sensor_to_controller,30.77387809753418
sensor_to_controller,16.733169555664062
sensor_to_controller,4.849910736083984
sensor_to_controller,24.342060089111328
sensor_to_controller,9.833335876464844
sensor_to_controller,29.79254722595215
sensor_to_controller,15.783071517944336
sensor_to_controller,5.2127838134765625
sensor_to_controller,24.849653244018555
sensor_to_controller,11.786222457885742
sensor_to_controller,31.598806381225586
sensor_to_controller,18.126487731933594
sensor_to_controller,5.0983428955078125
sensor_to_controller,25.085926055908203
sensor_to_controller,11.674642562866211
sensor_to_controller,31.746864318847656
sensor_to_controller,15.633106231689453
sensor_to_controller,3.1118392944335938
sensor_to_controller,23.512601852416992
sensor_to_controller,10.763406753540039
sensor_to_controller,30.661344528198242
sensor_to_controller,16.83950424194336
sensor_to_controller,2.1712779998779297
sensor_to_controller,22.08852767944336
sensor_to_controller,10.929346084594727
sensor_to_controller,31.621217727661133
sensor_to_controller,16.834020614624023
sensor_to_controller,4.680395126342773
sensor_to_controller,24.710893630981445
sensor_to_controller,11.70492172241211
sensor_to_controller,32.163381576538086
sensor_to_controller,15.85531234741211
sensor_to_controller,5.218267440795898
sensor_to_controller,25.13742446899414
sensor_to_controller,9.968280792236328
sensor_to_controller,30.08127212524414
sensor_to_controller,17.946958541870117
sensor_to_controller,3.543853759765625
sensor_to_controller,23.792505264282227
sensor_to_controller,10.818719863891602
sensor_to_controller,30.487537384033203
sensor_to_controller,17.674922943115234
sensor_to_controller,6.121397018432617
sensor_to_controller,25.761127471923828
sensor_to_controller,10.439395904541016
sensor_to_controller,30.264616012573242
sensor_to_controller,15.886545181274414
sensor_to_controller,4.2743682861328125
sensor_to_controller,24.29485321044922
sensor_to_controller,11.811256408691406
sensor_to_controller,31.508684158325195
sensor_to_controller,18.145322799682617
sensor_to_controller,3.072500228881836
sensor_to_controller,23.56410026550293
sensor_to_controller,10.878324508666992
sensor_to_controller,30.946016311645508
sensor_to_controller,16.11638069152832
sensor_to_controller,5.893468856811523
sensor_to_controller,25.592327117919922
sensor_to_controller,10.471582412719727
sensor_to_controller,30.194520950317383
sensor_to_controller,16.981124877929688
sensor_to_controller,4.8046112060546875
sensor_to_controller,24.55449104309082
sensor_to_controller,9.995222091674805
sensor_to_controller,30.916929244995117
sensor_to_controller,15.75326919555664
sensor_to_controller,4.798412322998047
sensor_to_controller,24.942636489868164
sensor_to_controller,11.831045150756836
sensor_to_controller,31.96096420288086
sensor_to_controller,16.872406005859375
sensor_to_controller,3.713846206665039
sensor_to_controller,23.648977279663086
controller_to_actuator_command,15.304803848266602
controller_to_actuator_command,16.280651092529297
controller_to_actuator_command,17.261505126953125
controller_to_actuator_command,15.77305793762207
controller_to_actuator_command,16.144752502441406
controller_to_actuator_command,16.041994094848633
controller_to_actuator_command,16.28732681274414
controller_to_actuator_command,16.849517822265625
controller_to_actuator_command,15.751123428344727
controller_to_actuator_command,15.42520523071289
controller_to_actuator_command,16.016483306884766
controller_to_actuator_command,16.060352325439453
controller_to_actuator_command,16.13783836364746
controller_to_actuator_command,15.945196151733398
controller_to_actuator_command,16.23821258544922
controller_to_actuator_command,16.250133514404297
controller_to_actuator_command,16.214609146118164
controller_to_actuator_command,16.27326011657715
controller_to_actuator_command,15.919208526611328
controller_to_actuator_command,16.525745391845703
controller_to_actuator_command,15.704154968261719
controller_to_actuator_command,15.940189361572266
controller_to_actuator_command,16.96157455444336
controller_to_actuator_command,15.391349792480469
controller_to_actuator_command,16.46590232849121
controller_to_actuator_command,15.624761581420898
controller_to_actuator_command,16.138792037963867
controller_to_actuator_command,16.749143600463867
controller_to_actuator_command,14.981269836425781
controller_to_actuator_command,16.6013240814209
controller_to_actuator_command,16.176939010620117
controller_to_actuator_command,16.144752502441406
controller_to_actuator_command,18.358230590820312
controller_to_actuator_command,15.280485153198242
controller_to_actuator_command,16.3266658782959
controller_to_actuator_command,16.146183013916016
controller_to_actuator_command,16.082763671875
controller_to_actuator_command,16.420841217041016
controller_to_actuator_command,15.404462814331055
controller_to_actuator_command,16.44611358642578
controller_to_actuator_command,15.54417610168457
controller_to_actuator_command,16.289710998535156
controller_to_actuator_command,16.088247299194336
controller_to_actuator_command,15.81883430480957
controller_to_actuator_command,16.16072654724121
controller_to_actuator_command,15.894889831542969
controller_to_actuator_command,16.269922256469727
controller_to_actuator_command,15.702962875366211
controller_to_actuator_command,15.230417251586914
controller_to_actuator_command,16.820192337036133
controller_to_actuator_command,16.480684280395508
controller_to_actuator_command,16.359806060791016
controller_to_actuator_command,17.50469207763672
controller_to_actuator_command,15.874862670898438
controller_to_actuator_command,16.292095184326172
controller_to_actuator_command,16.208171844482422
controller_to_actuator_command,16.051054000854492
controller_to_actuator_command,17.434120178222656
controller_to_actuator_command,16.288042068481445
controller_to_actuator_command,16.680479049682617
controller_to_actuator_command,15.95163345336914
controller_to_actuator_command,16.211748123168945
controller_to_actuator_command,16.560077667236328
controller_to_actuator_command,16.011953353881836
controller_to_actuator_command,16.029834747314453
controller_to_actuator_command,15.998125076293945
controller_to_actuator_command,16.135215759277344
controller_to_actuator_command,17.03166961669922
controller_to_actuator_command,16.304492950439453
controller_to_actuator_command,16.529560089111328
controller_to_actuator_command,15.811681747436523
controller_to_actuator_command,16.103744506835938
controller_to_actuator_command,15.822410583496094
controller_to_actuator_command,15.370607376098633
controller_to_actuator_command,16.518354415893555
controller_to_actuator_command,16.04938507080078
controller_to_actuator_command,16.312599182128906
controller_to_actuator_command,17.009258270263672
controller_to_actuator_command,15.410900115966797
controller_to_actuator_command,15.99574089050293
controller_to_actuator_command,16.25347137451172
controller_to_actuator_command,15.9149169921875
controller_to_actuator_command,17.50040054321289
controller_to_actuator_command,14.859199523925781
controller_to_actuator_command,16.396284103393555
controller_to_actuator_command,16.244888305664062
controller_to_actuator_command,15.829086303710938
controller_to_actuator_command,16.68524742126465
controller_to_actuator_command,15.761375427246094
controller_to_actuator_command,16.152620315551758
controller_to_actuator_command,15.766143798828125
controller_to_actuator_command,16.324758529663086
controller_to_actuator_command,17.18306541442871
controller_to_actuator_command,16.167163848876953
controller_to_actuator_command,16.051054000854492
controller_to_actuator_command,16.94965362548828
controller_to_actuator_command,16.608238220214844
controller_to_actuator_command,17.26388931274414
controller_to_actuator_command,15.49530029296875
controller_to_actuator_command,16.336679458618164
controller_to_actuator_command,15.842914581298828
controller_to_actuator_command,16.460657119750977
controller_to_actuator_command,19.165992736816406
controller_to_actuator_command,15.72418212890625
controller_to_actuator_command,16.41225814819336
controller_to_actuator_command,16.23082160949707
controller_to_actuator_command,16.178369522094727
controller_to_actuator_command,17.297744750976562
controller_to_actuator_command,16.576051712036133
controller_to_actuator_command,17.202138900756836
controller_to_actuator_command,16.10398292541504
controller_to_actuator_command,16.35599136352539
controller_to_actuator_command,17.72475242614746
controller_to_actuator_command,16.475439071655273
controller_to_actuator_command,16.27492904663086
controller_to_actuator_command,16.263484954833984
controller_to_actuator_command,16.293048858642578
controller_to_actuator_command,18.052101135253906
controller_to_actuator_command,16.004323959350586
controller_to_actuator_command,16.60466194152832
controller_to_actuator_command,15.986919403076172
controller_to_actuator_command,16.158103942871094
controller_to_actuator_command,17.38905906677246
controller_to_actuator_command,16.342878341674805
controller_to_actuator_command,16.674518585205078
controller_to_actuator_command,16.624927520751953
controller_to_actuator_command,16.35003089904785
controller_to_actuator_command,16.71624183654785
controller_to_actuator_command,16.237497329711914
controller_to_actuator_command,16.517162322998047
controller_to_actuator_command,16.152143478393555
controller_to_actuator_command,16.564369201660156
controller_to_actuator_command,17.97342300415039
controller_to_actuator_command,16.400814056396484
controller_to_actuator_command,16.055583953857422
controller_to_actuator_command,16.43061637878418
controller_to_actuator_command,15.357494354248047
controller_to_actuator_command,17.427921295166016
controller_to_actuator_command,16.531944274902344
controller_to_actuator_command,15.988826751708984
controller_to_actuator_command,16.612768173217773
controller_to_actuator_command,16.216278076171875
controller_to_actuator_command,16.5712833404541
controller_to_actuator_command,16.482114791870117
controller_to_actuator_command,16.33596420288086
controller_to_actuator_command,16.21270179748535
controller_to_actuator_command,16.544818878173828
controller_to_actuator_command,17.760276794433594
controller_to_actuator_command,16.358137130737305
controller_to_actuator_command,16.559123992919922
controller_to_actuator_command,16.19553565979004
controller_to_actuator_command,16.133546829223633
controller_to_actuator_command,16.966819763183594
controller_to_actuator_command,16.593217849731445
controller_to_actuator_command,16.341209411621094
controller_to_actuator_command,16.121387481689453
controller_to_actuator_command,16.352415084838867
controller_to_actuator_command,16.814708709716797
controller_to_actuator_command,15.968799591064453
controller_to_actuator_command,16.35575294494629
controller_to_actuator_command,16.1745548248291
controller_to_actuator_command,16.380786895751953
controller_to_actuator_command,17.461299896240234
controller_to_actuator_command,16.24894142150879
controller_to_actuator_command,16.18337631225586
controller_to_actuator_command,15.92397689819336
controller_to_actuator_command,16.3421630859375
controller_to_actuator_command,16.219377517700195
controller_to_actuator_command,16.505956649780273
controller_to_actuator_command,16.424894332885742
controller_to_actuator_command,16.355276107788086
controller_to_actuator_command,15.861272811889648
controller_to_actuator_command,17.075777053833008
controller_to_actuator_command,16.024112701416016
controller_to_actuator_command,16.20197296142578
controller_to_actuator_command,16.232967376708984
controller_to_actuator_command,16.028404235839844
controller_to_actuator_command,17.064809799194336
controller_to_actuator_command,15.759706497192383
controller_to_actuator_command,16.96300506591797
controller_to_actuator_command,16.45207405090332
controller_to_actuator_command,16.004562377929688
controller_to_actuator_command,16.71457290649414
controller_to_actuator_command,15.602350234985352
controller_to_actuator_command,16.125202178955078
controller_to_actuator_command,15.912771224975586
controller_to_actuator_command,16.007423400878906
controller_to_actuator_command,18.641948699951172
controller_to_actuator_command,14.921188354492188
controller_to_actuator_command,16.73579216003418
controller_to_actuator_command,16.44611358642578
controller_to_actuator_command,16.206979751586914
controller_to_actuator_command,17.827749252319336
controller_to_actuator_command,16.103744506835938
controller_to_actuator_command,16.142606735229492
controller_to_actuator_command,15.915632247924805
controller_to_actuator_command,16.01099967956543
controller_to_actuator_command,17.006397247314453
controller_to_actuator_command,16.1285400390625
controller_to_actuator_command,16.423463821411133
controller_to_actuator_command,16.13140106201172
controller_to_actuator_command,16.158580780029297
controller_to_actuator_command,16.445398330688477
controller_to_actuator_command,16.236543655395508
controller_to_actuator_command,16.38317108154297
controller_to_actuator_command,15.78521728515625
controller_to_actuator_command,16.28851890563965
controller_to_actuator_command,16.438961029052734
controller_to_actuator_command,15.959024429321289
controller_to_actuator_command,16.435861587524414
controller_to_actuator_command,16.050100326538086
controller_to_actuator_command,16.326427459716797
controller_to_actuator_command,15.950202941894531
controller_to_actuator_command,16.12067222595215
controller_to_actuator_command,16.445636749267578
controller_to_actuator_command,16.556501388549805
controller_to_actuator_command,16.383647918701172
controller_to_actuator_command,16.62302017211914
controller_to_actuator_command,15.958547592163086
controller_to_actuator_command,15.765666961669922
controller_to_actuator_command,16.193628311157227
controller_to_actuator_command,16.306400299072266
controller_to_actuator_command,16.399860382080078
controller_to_actuator_command,16.43681526184082
controller_to_actuator_command,16.130447387695312
controller_to_actuator_command,16.02959632873535
controller_to_actuator_command,15.763521194458008
controller_to_actuator_command,15.99431037902832
controller_to_actuator_command,15.865087509155273
controller_to_actuator_command,16.582965850830078
controller_to_actuator_command,16.357898712158203
controller_to_actuator_command,16.373872756958008
controller_to_actuator_command,18.94831657409668
controller_to_actuator_command,16.24321937561035
controller_to_actuator_command,16.103506088256836
controller_to_actuator_command,15.787363052368164
controller_to_actuator_command,16.225814819335938
controller_to_actuator_command,19.069433212280273
controller_to_actuator_command,16.700267791748047
controller_to_actuator_command,16.672849655151367
controller_to_actuator_command,16.127347946166992
controller_to_actuator_command,15.658140182495117
controller_to_actuator_command,17.886877059936523
controller_to_actuator_command,15.800237655639648
controller_to_actuator_command,16.262531280517578
controller_to_actuator_command,15.855789184570312
controller_to_actuator_command,16.08562469482422
controller_to_actuator_command,16.82734489440918
controller_to_actuator_command,15.353679656982422
controller_to_actuator_command,15.970706939697266
controller_to_actuator_command,16.12234115600586
controller_to_actuator_command,16.05224609375
controller_to_actuator_command,16.76154136657715
controller_to_actuator_command,15.718460083007812
controller_to_actuator_command,16.233444213867188
controller_to_actuator_command,15.938520431518555
controller_to_actuator_command,15.96379280090332
controller_to_actuator_command,16.67475700378418
controller_to_actuator_command,16.136884689331055
controller_to_actuator_command,16.69478416442871
controller_to_actuator_command,16.224145889282227
controller_to_actuator_command,16.844511032104492
controller_to_actuator_command,17.15826988220215
controller_to_actuator_command,16.293764114379883
controller_to_actuator_command,16.955137252807617
controller_to_actuator_command,16.425371170043945
controller_to_actuator_command,16.243934631347656
controller_to_actuator_command,17.03023910522461
controller_to_actuator_command,14.947652816772461
controller_to_actuator_command,16.494035720825195
controller_to_actuator_command,15.906810760498047
controller_to_actuator_command,16.376256942749023
controller_to_actuator_command,16.515731811523438
controller_to_actuator_command,16.02625846862793
controller_to_actuator_command,16.45350456237793
controller_to_actuator_command,16.145944595336914
controller_to_actuator_command,16.405344009399414
controller_to_actuator_command,16.608238220214844
controller_to_actuator_command,16.258955001831055
controller_to_actuator_command,16.280412673950195
controller_to_actuator_command,15.573263168334961
controller_to_actuator_command,16.254663467407227
controller_to_actuator_command,17.82512664794922
controller_to_actuator_command,16.367197036743164
controller_to_actuator_command,16.71314239501953
controller_to_actuator_command,16.19744300842285
controller_to_actuator_command,15.897035598754883
controller_to_actuator_command,17.32778549194336
controller_to_actuator_command,16.084671020507812
controller_to_actuator_command,16.18361473083496
controller_to_actuator_command,15.983104705810547
controller_to_actuator_command,15.907526016235352
controller_to_actuator_command,15.812158584594727
controller_to_actuator_command,16.201496124267578
controller_to_actuator_command,16.63041114807129
controller_to_actuator_command,15.929937362670898
controller_to_actuator_command,15.97142219543457
controller_to_actuator_command,18.043041229248047
controller_to_actuator_command,16.167402267456055
controller_to_actuator_command,16.397476196289062
controller_to_actuator_command,16.155719757080078
controller_to_actuator_command,16.346216201782227
controller_to_actuator_command,16.7849063873291
controller_to_actuator_command,16.708850860595703
controller_to_actuator_command,16.299724578857422
controller_to_actuator_command,16.45350456237793
controller_to_actuator_command,15.807390213012695
controller_to_actuator_command,17.0443058013916
controller_to_actuator_command,15.609979629516602
controller_to_actuator_command,16.49785041809082
controller_to_actuator_command,16.309499740600586
controller_to_actuator_command,15.758037567138672
controller_to_actuator_command,16.637563705444336
controller_to_actuator_command,15.927553176879883
controller_to_actuator_command,16.329050064086914
controller_to_actuator_command,16.489744186401367
controller_to_actuator_command,15.87057113647461
controller_to_actuator_command,16.552448272705078
controller_to_actuator_command,15.691041946411133
controller_to_actuator_command,15.790462493896484
controller_to_actuator_command,15.935420989990234
controller_to_actuator_command,15.921592712402344
controller_to_actuator_command,16.238689422607422
controller_to_actuator_command,16.04175567626953
controller_to_actuator_command,16.265869140625
controller_to_actuator_command,16.147136688232422
controller_to_actuator_command,16.2353515625
controller_to_actuator_command,17.236948013305664
controller_to_actuator_command,15.985250473022461
controller_to_actuator_command,16.212940216064453
controller_to_actuator_command,16.237258911132812
controller_to_actuator_command,16.086578369140625
controller_to_actuator_command,16.72506332397461
controller_to_actuator_command,16.41368865966797
controller_to_actuator_command,15.496492385864258
controller_to_actuator_command,15.679121017456055
controller_to_actuator_command,16.178369522094727
controller_to_actuator_command,17.98081398010254
controller_to_actuator_command,16.215085983276367
controller_to_actuator_command,16.271591186523438
controller_to_actuator_command,15.752077102661133
controller_to_actuator_command,16.24155044555664
controller_to_actuator_command,17.746448516845703
controller_to_actuator_command,15.786409378051758
controller_to_actuator_command,16.8764591217041
controller_to_actuator_command,16.393661499023438
controller_to_actuator_command,16.442537307739258
controller_to_actuator_command,20.279407501220703
controller_to_actuator_command,15.71035385131836
controller_to_actuator_command,16.68405532836914
controller_to_actuator_command,15.927314758300781
controller_to_actuator_command,16.344308853149414
controller_to_actuator_command,17.14611053466797
controller_to_actuator_command,15.709400177001953
controller_to_actuator_command,16.23249053955078
controller_to_actuator_command,15.60831069946289
controller_to_actuator_command,16.066789627075195
controller_to_actuator_command,17.841577529907227
controller_to_actuator_command,15.954732894897461
controller_to_actuator_command,16.3114070892334
controller_to_actuator_command,16.257286071777344
controller_to_actuator_command,15.882730484008789
controller_to_actuator_command,16.144514083862305
controller_to_actuator_command,16.00360870361328
controller_to_actuator_command,16.29185676574707
controller_to_actuator_command,16.196012496948242
controller_to_actuator_command,16.161203384399414
controller_to_actuator_command,16.655921936035156
controller_to_actuator_command,16.491413116455078
controller_to_actuator_command,16.386747360229492
controller_to_actuator_command,16.318798065185547
controller_to_actuator_command,16.089439392089844
controller_to_actuator_command,16.225576400756836
controller_to_actuator_command,16.266822814941406
controller_to_actuator_command,16.67165756225586
controller_to_actuator_command,16.48235321044922
controller_to_actuator_command,16.525745391845703
controller_to_actuator_command,17.78411865234375
controller_to_actuator_command,16.59250259399414
controller_to_actuator_command,16.548871994018555
controller_to_actuator_command,16.14212989807129
controller_to_actuator_command,16.178131103515625
controller_to_actuator_command,17.230987548828125
controller_to_actuator_command,15.942096710205078
controller_to_actuator_command,16.377925872802734
controller_to_actuator_command,16.48545265197754
controller_to_actuator_command,16.016483306884766
controller_to_actuator_command,16.947507858276367
controller_to_actuator_command,16.10708236694336
controller_to_actuator_command,16.155242919921875
controller_to_actuator_command,16.112327575683594
controller_to_actuator_command,16.202449798583984
controller_to_actuator_command,16.53766632080078
controller_to_actuator_command,16.03984832763672
controller_to_actuator_command,16.469240188598633
controller_to_actuator_command,16.245603561401367
controller_to_actuator_command,16.356229782104492
controller_to_actuator_command,18.697738647460938
controller_to_actuator_command,16.047954559326172
controller_to_actuator_command,15.84482192993164
controller_to_actuator_command,15.683889389038086
controller_to_actuator_command,16.141891479492188
controller_to_actuator_command,18.236160278320312
controller_to_actuator_command,15.30766487121582
controller_to_actuator_command,16.222715377807617
controller_to_actuator_command,16.221284866333008
controller_to_actuator_command,16.701459884643555
controller_to_actuator_command,18.198490142822266
controller_to_actuator_command,15.583038330078125
controller_to_actuator_command,16.210079193115234
controller_to_actuator_command,16.179800033569336
controller_to_actuator_command,16.247272491455078
controller_to_actuator_command,18.18990707397461
controller_to_actuator_command,16.029834747314453
controller_to_actuator_command,16.56484603881836
controller_to_actuator_command,16.463518142700195
controller_to_actuator_command,16.353845596313477
controller_to_actuator_command,16.73746109008789
controller_to_actuator_command,15.599727630615234
controller_to_actuator_command,16.42322540283203
controller_to_actuator_command,16.284704208374023
controller_to_actuator_command,15.869855880737305
controller_to_actuator_command,19.63973045349121
controller_to_actuator_command,15.352010726928711
controller_to_actuator_command,16.034364700317383
controller_to_actuator_command,16.498327255249023
controller_to_actuator_command,16.077756881713867
controller_to_actuator_command,16.76321029663086
controller_to_actuator_command,15.699386596679688
controller_to_actuator_command,16.72673225402832
controller_to_actuator_command,15.957355499267578
controller_to_actuator_command,16.36219024658203
controller_to_actuator_command,17.34328269958496
controller_to_actuator_command,16.531944274902344
controller_to_actuator_command,16.652345657348633
controller_to_actuator_command,16.393184661865234
controller_to_actuator_command,16.574382781982422
controller_to_actuator_command,17.11893081665039
controller_to_actuator_command,15.981197357177734
controller_to_actuator_command,16.313552856445312
controller_to_actuator_command,16.223669052124023
controller_to_actuator_command,16.25514030456543
controller_to_actuator_command,16.012907028198242
controller_to_actuator_command,16.867399215698242
controller_to_actuator_command,16.272783279418945
controller_to_actuator_command,15.708446502685547
controller_to_actuator_command,16.147136688232422
controller_to_actuator_command,17.110824584960938
controller_to_actuator_command,15.85841178894043
controller_to_actuator_command,16.13140106201172
controller_to_actuator_command,15.90728759765625
controller_to_actuator_command,15.87533950805664
controller_to_actuator_command,17.19832420349121
controller_to_actuator_command,15.835762023925781
controller_to_actuator_command,16.42012596130371
controller_to_actuator_command,16.057729721069336
controller_to_actuator_command,16.222715377807617
controller_to_actuator_command,16.123294830322266
controller_to_actuator_command,15.573501586914062
controller_to_actuator_command,15.700101852416992
controller_to_actuator_command,15.451669692993164
controller_to_actuator_command,16.247272491455078
controller_to_actuator_command,16.696453094482422
controller_to_actuator_command,15.889406204223633
controller_to_actuator_command,16.584157943725586
controller_to_actuator_command,15.841245651245117
controller_to_actuator_command,16.09969139099121
controller_to_actuator_command,17.153263092041016
controller_to_actuator_command,15.52581787109375
controller_to_actuator_command,15.920639038085938
controller_to_actuator_command,15.699625015258789
controller_to_actuator_command,15.858650207519531
controller_to_actuator_command,16.98780059814453
controller_to_actuator_command,15.929698944091797
controller_to_actuator_command,16.08753204345703
controller_to_actuator_command,15.752077102661133
controller_to_actuator_command,15.636682510375977
controller_to_actuator_command,16.9985294342041
controller_to_actuator_command,16.247987747192383
controller_to_actuator_command,16.248464584350586
controller_to_actuator_command,15.877246856689453
controller_to_actuator_command,16.21413230895996
controller_to_actuator_command,17.01831817626953
controller_to_actuator_command,16.162633895874023
controller_to_actuator_command,16.324996948242188
controller_to_actuator_command,16.31617546081543
controller_to_actuator_command,16.285419464111328
controller_to_actuator_command,17.041921615600586
controller_to_actuator_command,16.182422637939453
controller_to_actuator_command,16.797542572021484
controller_to_actuator_command,16.185998916625977
controller_to_actuator_command,16.24584197998047
controller_to_actuator_command,17.43316650390625
controller_to_actuator_command,16.368865966796875
controller_to_actuator_command,16.322612762451172
controller_to_actuator_command,16.371965408325195
controller_to_actuator_command,15.842199325561523
controller_to_actuator_command,18.187761306762695
controller_to_actuator_command,16.49308204650879
controller_to_actuator_command,16.33143424987793
controller_to_actuator_command,16.09182357788086
controller_to_actuator_command,16.305923461914062
controller_to_actuator_command,17.284154891967773
controller_to_actuator_command,16.2045955657959
controller_to_actuator_command,16.2198543548584
controller_to_actuator_command,15.789031982421875
controller_to_actuator_command,16.35575294494629
controller_to_actuator_command,19.11139488220215
controller_to_actuator_command,16.01552963256836
controller_to_actuator_command,15.971183776855469
controller_to_actuator_command,15.68293571472168
controller_to_actuator_command,15.907049179077148
controller_to_actuator_command,17.354965209960938
controller_to_actuator_command,16.412019729614258
controller_to_actuator_command,16.77560806274414
controller_to_actuator_command,16.150712966918945
controller_to_actuator_command,16.582965850830078
controller_to_actuator_command,17.378568649291992
controller_to_actuator_command,16.309738159179688
controller_to_actuator_command,16.28422737121582
controller_to_actuator_command,16.413211822509766
controller_to_actuator_command,15.779733657836914
controller_to_actuator_command,16.98613166809082
controller_to_actuator_command,16.02005958557129
controller_to_actuator_command,16.436338424682617
controller_to_actuator_command,16.07370376586914
controller_to_actuator_command,16.142845153808594
controller_to_actuator_command,18.77427101135254
controller_to_actuator_command,15.549659729003906
controller_to_actuator_command,16.356468200683594
controller_to_actuator_command,16.419172286987305
controller_to_actuator_command,15.720605850219727
controller_to_actuator_command,16.475439071655273
controller_to_actuator_command,16.51740074157715
controller_to_actuator_command,16.24751091003418
controller_to_actuator_command,15.95926284790039
controller_to_actuator_command,16.40176773071289
controller_to_actuator_command,17.453670501708984
controller_to_actuator_command,16.203641891479492
controller_to_actuator_command,15.771627426147461
controller_to_actuator_command,16.30687713623047
controller_to_actuator_command,16.144990921020508
controller_to_actuator_command,17.00735092163086
controller_to_actuator_command,16.366004943847656
controller_to_actuator_command,15.800237655639648
controller_to_actuator_command,16.53265953063965
controller_to_actuator_command,16.201019287109375
controller_to_actuator_command,17.057418823242188
controller_to_actuator_command,15.889167785644531
controller_to_actuator_command,16.23249053955078
controller_to_actuator_command,15.749692916870117
controller_to_actuator_command,15.780448913574219
controller_to_actuator_command,17.823457717895508
controller_to_actuator_command,15.926837921142578
controller_to_actuator_command,16.39389991760254
controller_to_actuator_command,15.782594680786133
controller_to_actuator_command,16.338109970092773
controller_to_actuator_command,16.54958724975586
controller_to_actuator_command,16.204833984375
controller_to_actuator_command,16.194820404052734
controller_to_actuator_command,16.277074813842773
controller_to_actuator_command,15.618562698364258
controller_to_actuator_command,17.496109008789062
controller_to_actuator_command,15.77901840209961
controller_to_actuator_command,16.53003692626953
controller_to_actuator_command,16.516447067260742
controller_to_actuator_command,16.61539077758789
controller_to_actuator_command,16.580581665039062
controller_to_actuator_command,15.918254852294922
controller_to_actuator_command,16.12234115600586
controller_to_actuator_command,15.656232833862305
controller_to_actuator_command,16.410350799560547
controller_to_actuator_command,18.070697784423828
controller_to_actuator_command,15.86771011352539
controller_to_actuator_command,16.41702651977539
controller_to_actuator_command,15.515565872192383
controller_to_actuator_command,15.607357025146484
controller_to_actuator_command,16.463279724121094
controller_to_actuator_command,16.005992889404297
controller_to_actuator_command,16.186952590942383
controller_to_actuator_command,16.221284866333008
controller_to_actuator_command,16.237974166870117
controller_to_actuator_command,17.23504066467285
controller_to_actuator_command,15.89512825012207
controller_to_actuator_command,16.20936393737793
controller_to_actuator_command,16.095876693725586
controller_to_actuator_command,15.780448913574219
controller_to_actuator_command,16.682863235473633
controller_to_actuator_command,16.55411720275879
controller_to_actuator_command,15.843629837036133
controller_to_actuator_command,15.818357467651367
controller_to_actuator_command,16.26420021057129
controller_to_actuator_command,17.08388328552246
controller_to_actuator_command,15.930891036987305
controller_to_actuator_command,16.34669303894043
controller_to_actuator_command,15.755653381347656
controller_to_actuator_command,16.10565185546875
controller_to_actuator_command,17.04120635986328
controller_to_actuator_command,16.30997657775879
controller_to_actuator_command,16.262292861938477
controller_to_actuator_command,15.768766403198242
controller_to_actuator_command,16.211986541748047
controller_to_actuator_command,18.106698989868164
controller_to_actuator_command,15.599966049194336
controller_to_actuator_command,15.881538391113281
controller_to_actuator_command,15.566587448120117
controller_to_actuator_command,16.133546829223633
controller_to_actuator_command,16.592979431152344
controller_to_actuator_command,15.656471252441406
controller_to_actuator_command,15.863418579101562
controller_to_actuator_command,15.94996452331543
controller_to_actuator_command,16.357898712158203
controller_to_actuator_command,17.531156539916992
controller_to_actuator_command,15.64788818359375
controller_to_actuator_command,15.710592269897461
controller_to_actuator_command,15.858888626098633
controller_to_actuator_command,15.98215103149414
controller_to_actuator_command,16.336679458618164
controller_to_actuator_command,16.139984130859375
controller_to_actuator_command,16.279935836791992
controller_to_actuator_command,15.75469970703125
controller_to_actuator_command,16.506671905517578
controller_to_actuator_command,17.179012298583984
controller_to_actuator_command,15.436649322509766
controller_to_actuator_command,16.144752502441406
controller_to_actuator_command,16.02029800415039
controller_to_actuator_command,16.254425048828125
controller_to_actuator_command,17.56906509399414
controller_to_actuator_command,16.35599136352539
controller_to_actuator_command,16.670942306518555
controller_to_actuator_command,15.795230865478516
controller_to_actuator_command,15.857934951782227
controller_to_actuator_command,17.146825790405273
controller_to_actuator_command,16.413450241088867
controller_to_actuator_command,16.073226928710938
controller_to_actuator_command,16.69454574584961
controller_to_actuator_command,16.320228576660156
controller_to_actuator_command,17.363309860229492
controller_to_actuator_command,16.065120697021484
controller_to_actuator_command,16.669034957885742
controller_to_actuator_command,16.330242156982422
controller_to_actuator_command,16.019821166992188
controller_to_actuator_command,16.805171966552734
controller_to_actuator_command,15.71035385131836
controller_to_actuator_command,16.300678253173828
controller_to_actuator_command,16.129493713378906
controller_to_actuator_command,15.767812728881836
controller_to_actuator_command,17.637014389038086
controller_to_actuator_command,15.921831130981445
controller_to_actuator_command,15.999794006347656
controller_to_actuator_command,15.959739685058594
controller_to_actuator_command,16.38174057006836
controller_to_actuator_command,16.30878448486328
controller_to_actuator_command,16.123056411743164
controller_to_actuator_command,16.312360763549805
controller_to_actuator_command,15.923261642456055
controller_to_actuator_command,16.153812408447266
controller_to_actuator_command,16.061782836914062
controller_to_actuator_command,15.92111587524414
controller_to_actuator_command,16.10589027404785
controller_to_actuator_command,16.233205795288086
controller_to_actuator_command,16.454458236694336
controller_to_actuator_command,16.77393913269043
controller_to_actuator_command,15.83552360534668
controller_to_actuator_command,16.107559204101562
controller_to_actuator_command,15.999317169189453
controller_to_actuator_command,16.353845596313477
controller_to_actuator_command,18.13530921936035
controller_to_actuator_command,16.239404678344727
controller_to_actuator_command,16.192197799682617
controller_to_actuator_command,15.79427719116211
controller_to_actuator_command,16.350507736206055
controller_to_actuator_command,17.43292808532715
controller_to_actuator_command,15.405416488647461
controller_to_actuator_command,15.915155410766602
controller_to_actuator_command,15.921831130981445
controller_to_actuator_command,16.252517700195312
controller_to_actuator_command,17.73548126220703
controller_to_actuator_command,16.00480079650879
controller_to_actuator_command,16.08729362487793
controller_to_actuator_command,16.455411911010742
controller_to_actuator_command,16.26729965209961
controller_to_actuator_command,16.25227928161621
controller_to_actuator_command,16.221284866333008
controller_to_actuator_command,16.21222496032715
controller_to_actuator_command,16.593456268310547
controller_to_actuator_command,17.06695556640625
controller_to_actuator_command,18.97597312927246
controller_to_actuator_command,16.347646713256836
controller_to_actuator_command,16.243934631347656
controller_to_actuator_command,16.2506103515625
controller_to_actuator_command,16.211986541748047
controller_to_actuator_command,16.37434959411621
controller_to_actuator_command,16.082763671875
controller_to_actuator_command,16.336917877197266
controller_to_actuator_command,16.39270782470703
controller_to_actuator_command,16.49332046508789
controller_to_actuator_command,16.927719116210938
controller_to_actuator_command,16.127347946166992
controller_to_actuator_command,15.950918197631836
controller_to_actuator_command,16.033172607421875
controller_to_actuator_command,16.17121696472168
controller_to_actuator_command,16.710519790649414
controller_to_actuator_command,15.872001647949219
controller_to_actuator_command,16.38317108154297
controller_to_actuator_command,16.271114349365234
controller_to_actuator_command,16.486644744873047
controller_to_actuator_command,17.86208152770996
controller_to_actuator_command,15.870809555053711
controller_to_actuator_command,16.13330841064453
controller_to_actuator_command,16.314029693603516
controller_to_actuator_command,16.314983367919922
controller_to_actuator_command,17.55380630493164
controller_to_actuator_command,15.496015548706055
controller_to_actuator_command,16.03841781616211
controller_to_actuator_command,15.821456909179688
controller_to_actuator_command,15.655279159545898
controller_to_actuator_command,17.750978469848633
controller_to_actuator_command,15.697002410888672
controller_to_actuator_command,16.06583595275879
controller_to_actuator_command,16.41392707824707
controller_to_actuator_command,16.247272491455078
controller_to_actuator_command,16.711950302124023
controller_to_actuator_command,15.842437744140625
controller_to_actuator_command,16.583681106567383
controller_to_actuator_command,16.649961471557617
controller_to_actuator_command,16.139745712280273
controller_to_actuator_command,17.401456832885742
controller_to_actuator_command,16.23225212097168
controller_to_actuator_command,16.281843185424805
controller_to_actuator_command,15.72418212890625
controller_to_actuator_command,16.397953033447266
controller_to_actuator_command,18.060922622680664
controller_to_actuator_command,16.063451766967773
controller_to_actuator_command,16.1895751953125
controller_to_actuator_command,16.165733337402344
controller_to_actuator_command,15.88582992553711
controller_to_actuator_command,18.409013748168945
controller_to_actuator_command,16.381025314331055
controller_to_actuator_command,16.161203384399414
controller_to_actuator_command,16.2661075592041
controller_to_actuator_command,16.258955001831055
controller_to_actuator_command,17.40717887878418
controller_to_actuator_command,16.222476959228516
controller_to_actuator_command,16.00337028503418
controller_to_actuator_command,15.952348709106445
controller_to_actuator_command,16.18480682373047
controller_to_actuator_command,18.41878890991211
controller_to_actuator_command,16.04938507080078
controller_to_actuator_command,16.646385192871094
controller_to_actuator_command,16.002893447875977
controller_to_actuator_command,16.79539680480957
controller_to_actuator_command,16.5402889251709
controller_to_actuator_command,15.890359878540039
controller_to_actuator_command,16.386032104492188
controller_to_actuator_command,16.417503356933594
controller_to_actuator_command,16.300678253173828
controller_to_actuator_command,18.815040588378906
controller_to_actuator_command,15.681982040405273
controller_to_actuator_command,16.6165828704834
controller_to_actuator_command,16.225099563598633
controller_to_actuator_command,16.36362075805664
controller_to_actuator_command,19.113779067993164
controller_to_actuator_command,15.384435653686523
controller_to_actuator_command,16.332626342773438
controller_to_actuator_command,15.707254409790039
controller_to_actuator_command,16.260147094726562
controller_to_actuator_command,16.96920394897461
controller_to_actuator_command,16.469717025756836
controller_to_actuator_command,16.826868057250977
controller_to_actuator_command,16.15118980407715
controller_to_actuator_command,16.588687896728516
controller_to_actuator_command,17.713546752929688
controller_to_actuator_command,15.99574089050293
controller_to_actuator_command,16.22772216796875
controller_to_actuator_command,15.648603439331055
controller_to_actuator_command,16.21699333190918
controller_to_actuator_command,16.53599739074707
controller_to_actuator_command,16.149520874023438
controller_to_actuator_command,16.5712833404541
controller_to_actuator_command,16.078710556030273
controller_to_actuator_command,16.04294776916504
controller_to_actuator_command,17.51255989074707
controller_to_actuator_command,16.35265350341797
controller_to_actuator_command,16.195058822631836
controller_to_actuator_command,16.24155044555664
controller_to_actuator_command,16.63494110107422
controller_to_actuator_command,16.826391220092773
controller_to_actuator_command,15.627622604370117
controller_to_actuator_command,15.852928161621094
controller_to_actuator_command,15.541553497314453
controller_to_actuator_command,16.19267463684082
controller_to_actuator_command,16.897201538085938
controller_to_actuator_command,16.266822814941406
controller_to_actuator_command,16.67332649230957
controller_to_actuator_command,16.129493713378906
controller_to_actuator_command,16.12067222595215
controller_to_actuator_command,17.689943313598633
controller_to_actuator_command,16.10851287841797
controller_to_actuator_command,16.100168228149414
controller_to_actuator_command,15.928030014038086
controller_to_actuator_command,16.234636306762695
controller_to_actuator_command,16.661405563354492
controller_to_actuator_command,15.920639038085938
controller_to_actuator_command,16.630887985229492
controller_to_actuator_command,16.002655029296875
controller_to_actuator_command,16.295433044433594
controller_to_actuator_command,18.184900283813477
controller_to_actuator_command,15.631914138793945
controller_to_actuator_command,16.072750091552734
controller_to_actuator_command,15.89655876159668
controller_to_actuator_command,16.08753204345703
controller_to_actuator_command,16.434669494628906
controller_to_actuator_command,16.058921813964844
controller_to_actuator_command,16.146183013916016
controller_to_actuator_command,16.07346534729004
controller_to_actuator_command,16.28279685974121
controller_to_actuator_command,16.664505004882812
controller_to_actuator_command,16.199111938476562
controller_to_actuator_command,16.630887985229492
controller_to_actuator_command,16.09039306640625
controller_to_actuator_command,16.20340347290039
controller_to_actuator_command,16.469955444335938
controller_to_actuator_command,16.893863677978516
controller_to_actuator_command,16.49761199951172
controller_to_actuator_command,16.298294067382812
controller_to_actuator_command,16.338348388671875
controller_to_actuator_command,17.278671264648438
controller_to_actuator_command,15.987157821655273
controller_to_actuator_command,16.20769500732422
controller_to_actuator_command,15.720129013061523
controller_to_actuator_command,16.308307647705078
controller_to_actuator_command,17.198801040649414
controller_to_actuator_command,16.201019287109375
controller_to_actuator_command,16.01099967956543
controller_to_actuator_command,15.809059143066406
controller_to_actuator_command,16.2656307220459
controller_to_actuator_command,16.637563705444336
controller_to_actuator_command,16.193389892578125
controller_to_actuator_command,15.775442123413086
controller_to_actuator_command,15.626907348632812
controller_to_actuator_command,16.560077667236328
controller_to_actuator_command,16.714096069335938
controller_to_actuator_command,16.318082809448242
controller_to_actuator_command,15.927314758300781
controller_to_actuator_command,16.004562377929688
controller_to_actuator_command,16.179323196411133
controller_to_actuator_command,16.379117965698242
controller_to_actuator_command,16.370296478271484
controller_to_actuator_command,15.982866287231445
controller_to_actuator_command,16.09659194946289
controller_to_actuator_command,16.587257385253906
controller_to_actuator_command,17.225027084350586
controller_to_actuator_command,15.831470489501953
controller_to_actuator_command,15.833377838134766
controller_to_actuator_command,15.94233512878418
controller_to_actuator_command,16.372203826904297
controller_to_actuator_command,17.40407943725586
controller_to_actuator_command,16.27945899963379
controller_to_actuator_command,16.151905059814453
controller_to_actuator_command,15.741586685180664
controller_to_actuator_command,16.011476516723633
controller_to_actuator_command,17.319917678833008
controller_to_actuator_command,16.257762908935547
controller_to_actuator_command,16.142606735229492
controller_to_actuator_command,16.01696014404297
controller_to_actuator_command,16.404390335083008
controller_to_actuator_command,16.495466232299805
controller_to_actuator_command,16.382217407226562
controller_to_actuator_command,16.491413116455078
controller_to_actuator_command,16.452312469482422
controller_to_actuator_command,16.25204086303711
controller_to_actuator_command,18.55158805847168
controller_to_actuator_command,15.835762023925781
controller_to_actuator_command,16.367435455322266
controller_to_actuator_command,15.868425369262695
controller_to_actuator_command,15.836715698242188
controller_to_actuator_command,16.62611961364746
controller_to_actuator_command,16.259431838989258
controller_to_actuator_command,16.57271385192871
controller_to_actuator_command,16.435861587524414
controller_to_actuator_command,16.245603561401367
controller_to_actuator_command,18.563032150268555
controller_to_actuator_command,16.263961791992188
controller_to_actuator_command,16.265392303466797
controller_to_actuator_command,15.772104263305664
controller_to_actuator_command,15.746593475341797
controller_to_actuator_command,16.9677734375
controller_to_actuator_command,16.023874282836914
controller_to_actuator_command,16.213417053222656
controller_to_actuator_command,16.359329223632812
controller_to_actuator_command,15.962600708007812
controller_to_actuator_command,16.138076782226562
controller_to_actuator_command,15.710115432739258
controller_to_actuator_command,16.80779457092285
controller_to_actuator_command,16.350984573364258
controller_to_actuator_command,16.238689422607422
controller_to_actuator_command,18.962860107421875
controller_to_actuator_command,16.20197296142578
controller_to_actuator_command,16.257047653198242
controller_to_actuator_command,16.129255294799805
controller_to_actuator_command,16.726970672607422
controller_to_actuator_command,17.49277114868164
controller_to_actuator_command,15.719890594482422
controller_to_actuator_command,16.298532485961914
controller_to_actuator_command,15.801429748535156
controller_to_actuator_command,16.556739807128906
controller_to_actuator_command,15.828132629394531
controller_to_actuator_command,15.75326919555664
controller_to_actuator_command,16.18170738220215
controller_to_actuator_command,16.431093215942383
controller_to_actuator_command,16.33167266845703
controller_to_actuator_command,16.74652099609375
controller_to_actuator_command,15.619754791259766
controller_to_actuator_command,15.960931777954102
controller_to_actuator_command,16.46137237548828
controller_to_actuator_command,16.223669052124023
controller_to_actuator_command,17.575502395629883
controller_to_actuator_command,15.995025634765625
controller_to_actuator_command,16.286611557006836
controller_to_actuator_command,15.813112258911133
controller_to_actuator_command,15.865087509155273
controller_to_actuator_command,18.74566078186035
controller_to_actuator_command,16.247987747192383
controller_to_actuator_command,16.344785690307617
controller_to_actuator_command,16.258716583251953
controller_to_actuator_command,16.36195182800293
controller_to_actuator_command,16.34383201599121
controller_to_actuator_command,16.972064971923828
controller_to_actuator_command,16.197681427001953
controller_to_actuator_command,16.18814468383789
controller_to_actuator_command,16.083478927612305
controller_to_actuator_command,17.435312271118164
controller_to_actuator_command,16.350746154785156
controller_to_actuator_command,15.88892936706543
controller_to_actuator_command,16.27373695373535
controller_to_actuator_command,15.795230865478516
controller_to_actuator_command,16.731977462768555
controller_to_actuator_command,16.233205795288086
controller_to_actuator_command,16.302108764648438
controller_to_actuator_command,16.018152236938477
controller_to_actuator_command,16.551971435546875
controller_to_actuator_command,17.242908477783203
controller_to_actuator_command,15.6402587890625
controller_to_actuator_command,16.072988510131836
controller_to_actuator_command,15.706777572631836
controller_to_actuator_command,16.09635353088379
controller_to_actuator_command,16.935110092163086
controller_to_actuator_command,16.078948974609375
controller_to_actuator_command,15.462398529052734
controller_to_actuator_command,16.04175567626953
controller_to_actuator_command,16.01862907409668
controller_to_actuator_command,16.11471176147461
controller_to_actuator_command,16.13926887512207
controller_to_actuator_command,16.056537628173828
controller_to_actuator_command,16.568660736083984
controller_to_actuator_command,16.41225814819336
controller_to_actuator_command,16.27516746520996
controller_to_actuator_command,15.974998474121094
controller_to_actuator_command,16.67642593383789
controller_to_actuator_command,16.371726989746094
controller_to_actuator_command,16.303300857543945
controller_to_actuator_command,16.819477081298828
controller_to_actuator_command,16.014814376831055
controller_to_actuator_command,16.04747772216797
controller_to_actuator_command,16.180992126464844
controller_to_actuator_command,16.387939453125
controller_to_actuator_command,16.390562057495117
controller_to_actuator_command,15.743255615234375
controller_to_actuator_command,16.303062438964844
controller_to_actuator_command,16.12377166748047
controller_to_actuator_command,16.074419021606445
controller_to_actuator_command,19.347429275512695
controller_to_actuator_command,15.590429306030273
controller_to_actuator_command,16.521215438842773
controller_to_actuator_command,15.994787216186523
controller_to_actuator_command,16.29805564880371
controller_to_actuator_command,16.814231872558594
controller_to_actuator_command,15.836954116821289
controller_to_actuator_command,15.885353088378906
controller_to_actuator_command,15.7470703125
controller_to_actuator_command,16.15619659423828
controller_to_actuator_command,16.640901565551758
controller_to_actuator_command,16.270160675048828
controller_to_actuator_command,16.169071197509766
controller_to_actuator_command,15.805721282958984
controller_to_actuator_command,15.806436538696289
controller_to_actuator_command,17.580270767211914
controller_to_actuator_command,16.495466232299805
controller_to_actuator_command,16.462326049804688
controller_to_actuator_command,16.54529571533203
controller_to_actuator_command,16.305208206176758
controller_to_actuator_command,18.81575584411621
controller_to_actuator_command,16.107559204101562
controller_to_actuator_command,16.205310821533203
controller_to_actuator_command,16.943931579589844
controller_to_actuator_command,16.324520111083984
controller_to_actuator_command,16.915559768676758
controller_to_actuator_command,16.468286514282227
controller_to_actuator_command,16.170263290405273
controller_to_actuator_command,16.15452766418457
controller_to_actuator_command,16.442298889160156
controller_to_actuator_command,17.180919647216797
controller_to_actuator_command,15.874862670898438
controller_to_actuator_command,15.968084335327148
controller_to_actuator_command,16.114234924316406
controller_to_actuator_command,16.299009323120117
controller_to_actuator_command,17.599105834960938
controller_to_actuator_command,16.28708839416504
controller_to_actuator_command,16.256093978881836
controller_to_actuator_command,16.752004623413086
controller_to_actuator_command,16.11018180847168
controller_to_actuator_command,17.02117919921875
controller_to_actuator_command,15.94400405883789
controller_to_actuator_command,16.277790069580078
controller_to_actuator_command,16.477108001708984
controller_to_actuator_command,16.106128692626953
controller_to_actuator_command,16.202926635742188
controller_to_actuator_command,15.972137451171875
controller_to_actuator_command,16.239404678344727
controller_to_actuator_command,16.20030403137207
controller_to_actuator_command,16.34812355041504
controller_to_actuator_command,16.947269439697266
controller_to_actuator_command,15.979290008544922
controller_to_actuator_command,16.190767288208008
controller_to_actuator_command,16.278982162475586
controller_to_actuator_command,16.25823974609375
controller_to_actuator_command,17.46058464050293
controller_to_actuator_command,15.593290328979492
controller_to_actuator_command,15.913724899291992
controller_to_actuator_command,16.231060028076172
controller_to_actuator_command,16.09516143798828
controller_to_actuator_command,17.26508140563965
controller_to_actuator_command,15.256881713867188
controller_to_actuator_command,16.364097595214844
controller_to_actuator_command,15.720605850219727
controller_to_actuator_command,16.182422637939453
controller_to_actuator_command,16.790151596069336
controller_to_actuator_command,15.92874526977539
controller_to_actuator_command,16.147613525390625
controller_to_actuator_command,16.179800033569336
controller_to_actuator_command,16.24441146850586
controller_to_actuator_command,17.469167709350586
controller_to_actuator_command,15.630006790161133
controller_to_actuator_command,16.480684280395508
controller_to_actuator_command,15.67983627319336
controller_to_actuator_command,16.120433807373047
controller_to_actuator_command,19.587278366088867
controller_to_actuator_command,15.93780517578125
controller_to_actuator_command,17.04239845275879
controller_to_actuator_command,16.24011993408203
controller_to_actuator_command,16.132116317749023
controller_to_actuator_command,17.57359504699707
controller_to_actuator_command,16.2200927734375
controller_to_actuator_command,14.978408813476562
controller_to_actuator_command,16.498565673828125
controller_to_actuator_command,15.896797180175781
controller_to_actuator_command,17.131567001342773
controller_to_actuator_command,15.812397003173828
controller_to_actuator_command,15.60831069946289
controller_to_actuator_command,16.032934188842773
controller_to_actuator_command,16.331911087036133
controller_to_actuator_command,16.932964324951172
controller_to_actuator_command,16.04461669921875
controller_to_actuator_command,15.902519226074219
controller_to_actuator_command,16.231060028076172
controller_to_actuator_command,16.261577606201172
controller_to_actuator_command,16.772747039794922
controller_to_actuator_command,16.393184661865234
controller_to_actuator_command,16.048669815063477
controller_to_actuator_command,16.057491302490234
controller_to_actuator_command,16.30878448486328
controller_to_actuator_command,16.952991485595703
controller_to_actuator_command,16.08753204345703
controller_to_actuator_command,15.537261962890625
controller_to_actuator_command,16.324520111083984
controller_to_actuator_command,16.37721061706543
controller_to_actuator_command,17.951488494873047
controller_to_actuator_command,16.190290451049805
controller_to_actuator_command,15.583515167236328
controller_to_actuator_command,15.768289566040039
controller_to_actuator_command,15.839815139770508
controller_to_actuator_command,18.11695098876953
controller_to_actuator_command,15.801191329956055
controller_to_actuator_command,16.34955406188965
controller_to_actuator_command,16.496896743774414
controller_to_actuator_command,16.205549240112305
controller_to_actuator_command,17.569303512573242
controller_to_actuator_command,16.459226608276367
controller_to_actuator_command,16.031265258789062
controller_to_actuator_command,15.909433364868164
controller_to_actuator_command,16.205310821533203
controller_to_actuator_command,18.281221389770508
controller_to_actuator_command,16.4029598236084
controller_to_actuator_command,16.267776489257812
controller_to_actuator_command,16.353130340576172
controller_to_actuator_command,16.20197296142578
controller_to_actuator_command,16.60609245300293
controller_to_actuator_command,16.541719436645508
controller_to_actuator_command,16.21866226196289
controller_to_actuator_command,16.248226165771484
controller_to_actuator_command,16.59393310546875
controller_to_actuator_command,16.70980453491211
controller_to_actuator_command,16.04938507080078
controller_to_actuator_command,16.31021499633789
controller_to_actuator_command,15.8538818359375
controller_to_actuator_command,14.976978302001953
controller_to_actuator_command,16.518831253051758
controller_to_actuator_command,16.264677047729492
controller_to_actuator_command,16.005992889404297
controller_to_actuator_command,16.199827194213867
controller_to_actuator_command,16.40176773071289
controller_to_actuator_command,17.33684539794922
controller_to_actuator_command,16.346216201782227
controller_to_actuator_command,16.213178634643555
controller_to_actuator_command,16.724109649658203
controller_to_actuator_command,16.196489334106445
controller_to_actuator_command,16.8609619140625
controller_to_actuator_command,16.342639923095703
controller_to_actuator_command,16.29948616027832
controller_to_actuator_command,15.938520431518555
controller_to_actuator_command,16.279935836791992
controller_to_actuator_command,16.50071144104004
controller_to_actuator_command,16.025543212890625
controller_to_actuator_command,15.786170959472656
controller_to_actuator_command,15.944719314575195
controller_to_actuator_command,16.35599136352539
controller_to_actuator_command,16.84093475341797
controller_to_actuator_command,16.512393951416016
controller_to_actuator_command,15.76995849609375
controller_to_actuator_command,15.762805938720703
controller_to_actuator_command,16.187429428100586
controller_to_actuator_command,17.484426498413086
controller_to_actuator_command,16.01696014404297
controller_to_actuator_command,15.845060348510742
controller_to_actuator_command,16.202211380004883
controller_to_actuator_command,16.268014907836914
controller_to_actuator_command,16.571760177612305
controller_to_actuator_command,15.859365463256836
controller_to_actuator_command,16.151905059814453
controller_to_actuator_command,15.922069549560547
controller_to_actuator_command,16.14069938659668
controller_to_actuator_command,16.589641571044922
controller_to_actuator_command,16.150951385498047
controller_to_actuator_command,16.37125015258789
controller_to_actuator_command,16.04437828063965
controller_to_actuator_command,15.78974723815918
controller_to_actuator_command,16.194581985473633
controller_to_actuator_command,15.645027160644531
controller_to_actuator_command,16.214847564697266
controller_to_actuator_command,15.764713287353516
controller_to_actuator_command,16.109228134155273
controller_to_actuator_command,16.74485206604004
controller_to_actuator_command,16.089200973510742
controller_to_actuator_command,16.17574691772461
controller_to_actuator_command,16.631364822387695
controller_to_actuator_command,14.067649841308594
controller_to_actuator_command,16.807079315185547
controller_to_actuator_command,16.25847816467285
controller_to_actuator_command,16.682147979736328
controller_to_actuator_command,15.581607818603516
controller_to_actuator_command,16.613006591796875
controller_to_actuator_command,16.376256942749023
controller_to_actuator_command,16.36815071105957
controller_to_actuator_command,16.431331634521484
controller_to_actuator_command,16.152381896972656
controller_to_actuator_command,16.462087631225586
controller_to_actuator_command,16.697168350219727
controller_to_actuator_command,16.265153884887695
controller_to_actuator_command,15.857219696044922
controller_to_actuator_command,16.08586311340332
controller_to_actuator_command,16.34955406188965
controller_to_actuator_command,16.89767837524414
controller_to_actuator_command,15.202522277832031
controller_to_actuator_command,16.4029598236084
controller_to_actuator_command,16.277074813842773
controller_to_actuator_command,16.066312789916992
controller_to_actuator_command,17.370939254760742
controller_to_actuator_command,16.14069938659668
controller_to_actuator_command,16.142606735229492
controller_to_actuator_command,16.08872413635254
controller_to_actuator_command,16.318559646606445
controller_to_actuator_command,17.122268676757812
controller_to_actuator_command,15.514850616455078
controller_to_actuator_command,16.210079193115234
controller_to_actuator_command,16.15738868713379
controller_to_actuator_command,16.17288589477539
controller_to_actuator_command,16.848087310791016
controller_to_actuator_command,15.918254852294922
controller_to_actuator_command,16.45064353942871
controller_to_actuator_command,16.38054847717285
controller_to_actuator_command,16.39842987060547
controller_to_actuator_command,16.553163528442383
controller_to_actuator_command,15.799999237060547
controller_to_actuator_command,16.045570373535156
controller_to_actuator_command,16.176462173461914
controller_to_actuator_command,16.175031661987305
controller_to_actuator_command,16.499757766723633
controller_to_actuator_command,15.9149169921875
controller_to_actuator_command,16.470909118652344
controller_to_actuator_command,16.27373695373535
controller_to_actuator_command,16.302108764648438
controller_to_actuator_command,17.010211944580078
controller_to_actuator_command,16.144514083862305
controller_to_actuator_command,15.997648239135742
controller_to_actuator_command,15.852689743041992
controller_to_actuator_command,16.217947006225586
controller_to_actuator_command,16.87908172607422
controller_to_actuator_command,15.65694808959961
controller_to_actuator_command,16.485929489135742
controller_to_actuator_command,15.688419342041016
controller_to_actuator_command,16.62302017211914
controller_to_actuator_command,17.157793045043945
controller_to_actuator_command,15.672922134399414
controller_to_actuator_command,15.737533569335938
controller_to_actuator_command,16.16835594177246
controller_to_actuator_command,16.2050724029541
controller_to_actuator_command,17.158031463623047
controller_to_actuator_command,15.990972518920898
controller_to_actuator_command,15.86008071899414
controller_to_actuator_command,16.44754409790039
controller_to_actuator_command,16.212940216064453
controller_to_actuator_command,17.36140251159668
controller_to_actuator_command,15.236854553222656
controller_to_actuator_command,16.095876693725586
controller_to_actuator_command,16.357421875
controller_to_actuator_command,16.41225814819336
controller_to_actuator_command,16.880512237548828
controller_to_actuator_command,16.408205032348633
controller_to_actuator_command,16.077756881713867
controller_to_actuator_command,16.190528869628906
controller_to_actuator_command,16.175270080566406
controller_to_actuator_command,16.84284210205078
controller_to_actuator_command,16.343355178833008
controller_to_actuator_command,16.29018783569336
controller_to_actuator_command,16.012907028198242
controller_to_actuator_command,16.484975814819336
controller_to_actuator_command,16.281604766845703
controller_to_actuator_command,16.19124412536621
controller_to_actuator_command,16.262054443359375
controller_to_actuator_command,16.014814376831055
controller_to_actuator_command,16.18051528930664
controller_to_actuator_command,17.54474639892578
controller_to_actuator_command,15.645027160644531
controller_to_actuator_command,16.359329223632812
controller_to_actuator_command,16.1893367767334
controller_to_actuator_command,16.251087188720703
controller_to_actuator_command,16.68095588684082
controller_to_actuator_command,16.166210174560547
controller_to_actuator_command,16.0372257232666
controller_to_actuator_command,16.02029800415039
controller_to_actuator_command,16.51763916015625
controller_to_actuator_command,16.739606857299805
controller_to_actuator_command,16.206741333007812
controller_to_actuator_command,16.148090362548828
controller_to_actuator_command,16.241788864135742
controller_to_actuator_command,15.638589859008789
controller_to_actuator_command,19.05679702758789
controller_to_actuator_command,16.187667846679688
controller_to_actuator_command,16.262531280517578
controller_to_actuator_command,16.14975929260254
controller_to_actuator_command,16.711711883544922
controller_to_actuator_command,16.92676544189453
controller_to_actuator_command,15.95163345336914
controller_to_actuator_command,16.107797622680664
controller_to_actuator_command,16.01719856262207
controller_to_actuator_command,16.194581985473633
controller_to_actuator_command,17.912864685058594
controller_to_actuator_command,15.874624252319336
controller_to_actuator_command,16.039133071899414
controller_to_actuator_command,16.21103286743164
controller_to_actuator_command,16.184329986572266
controller_to_actuator_command,17.39811897277832
controller_to_actuator_command,16.196250915527344
controller_to_actuator_command,16.163349151611328
controller_to_actuator_command,16.227006912231445
controller_to_actuator_command,15.984296798706055
controller_to_actuator_command,16.765356063842773
controller_to_actuator_command,16.098976135253906
controller_to_actuator_command,15.912532806396484
controller_to_actuator_command,16.54648780822754
controller_to_actuator_command,16.17908477783203
controller_to_actuator_command,17.907381057739258
controller_to_actuator_command,16.161680221557617
controller_to_actuator_command,15.915870666503906
controller_to_actuator_command,15.330076217651367
controller_to_actuator_command,16.17884635925293
controller_to_actuator_command,19.141197204589844
controller_to_actuator_command,15.802383422851562
controller_to_actuator_command,16.518354415893555
controller_to_actuator_command,16.396760940551758
controller_to_actuator_command,16.10851287841797
controller_to_actuator_command,18.713712692260742
controller_to_actuator_command,16.69764518737793
controller_to_actuator_command,16.501188278198242
controller_to_actuator_command,16.2506103515625
controller_to_actuator_command,16.15285873413086
controller_to_actuator_command,18.631458282470703
controller_to_actuator_command,16.083955764770508
controller_to_actuator_command,16.27326011657715
controller_to_actuator_command,16.112089157104492
controller_to_actuator_command,16.306400299072266
controller_to_actuator_command,16.245365142822266
controller_to_actuator_command,16.23225212097168
controller_to_actuator_command,15.701055526733398
controller_to_actuator_command,15.879154205322266
controller_to_actuator_command,16.405820846557617
controller_to_actuator_command,16.398906707763672
controller_to_actuator_command,16.25800132751465
controller_to_actuator_command,15.826225280761719
controller_to_actuator_command,16.263961791992188
controller_to_actuator_command,16.153573989868164
controller_to_actuator_command,15.715599060058594
controller_to_actuator_command,16.181230545043945
controller_to_actuator_command,15.970945358276367
controller_to_actuator_command,15.70439338684082
controller_to_actuator_command,16.153812408447266
controller_to_actuator_command,17.085790634155273
controller_to_actuator_command,16.046524047851562
controller_to_actuator_command,16.347408294677734
controller_to_actuator_command,16.34836196899414
controller_to_actuator_command,15.62643051147461
controller_to_actuator_command,15.79141616821289
controller_to_actuator_command,16.22176170349121
controller_to_actuator_command,16.375303268432617
controller_to_actuator_command,15.97285270690918
controller_to_actuator_command,16.65973663330078
controller_to_actuator_command,17.30179786682129
controller_to_actuator_command,16.038179397583008
controller_to_actuator_command,16.08562469482422
controller_to_actuator_command,15.797138214111328
controller_to_actuator_command,15.75922966003418
controller_to_actuator_command,15.811920166015625
controller_to_actuator_command,15.778541564941406
controller_to_actuator_command,16.051530838012695
controller_to_actuator_command,16.344785690307617
controller_to_actuator_command,16.314983367919922
controller_to_actuator_command,16.827821731567383
controller_to_actuator_command,15.91348648071289
controller_to_actuator_command,16.24917984008789
controller_to_actuator_command,16.144990921020508
controller_to_actuator_command,15.92254638671875
controller_to_actuator_command,16.369104385375977
controller_to_actuator_command,16.3424015045166
controller_to_actuator_command,16.623735427856445
controller_to_actuator_command,15.861988067626953
controller_to_actuator_command,16.763687133789062
controller_to_actuator_command,16.438007354736328
controller_to_actuator_command,16.00813865661621
controller_to_actuator_command,16.011476516723633
controller_to_actuator_command,16.44277572631836
controller_to_actuator_command,16.411781311035156
controller_to_actuator_command,16.36815071105957
controller_to_actuator_command,16.109466552734375
controller_to_actuator_command,16.30401611328125
controller_to_actuator_command,16.389131546020508
controller_to_actuator_command,16.477108001708984
controller_to_actuator_command,16.991376876831055
controller_to_actuator_command,15.437126159667969
controller_to_actuator_command,16.938447952270508
controller_to_actuator_command,13.930320739746094
controller_to_actuator_command,16.698598861694336
controller_to_actuator_command,16.905784606933594
controller_to_actuator_command,15.839815139770508
controller_to_actuator_command,16.222715377807617
controller_to_actuator_command,15.66767692565918
controller_to_actuator_command,16.282081604003906
controller_to_actuator_command,16.041040420532227
controller_to_actuator_command,16.817569732666016
controller_to_actuator_command,16.35265350341797
controller_to_actuator_command,16.11804962158203
controller_to_actuator_command,16.10565185546875
controller_to_actuator_command,16.43967628479004
controller_to_actuator_command,15.580415725708008
controller_to_actuator_command,16.544103622436523
controller_to_actuator_command,16.638755798339844
controller_to_actuator_command,16.27039909362793
controller_to_actuator_command,17.121076583862305
controller_to_actuator_command,15.857458114624023
controller_to_actuator_command,16.292333602905273
controller_to_actuator_command,16.354084014892578
controller_to_actuator_command,16.046762466430664
controller_to_actuator_command,16.80755615234375
controller_to_actuator_command,15.547752380371094
controller_to_actuator_command,16.365528106689453
controller_to_actuator_command,16.141891479492188
controller_to_actuator_command,16.28732681274414
controller_to_actuator_command,16.770601272583008
controller_to_actuator_command,15.380382537841797
controller_to_actuator_command,15.900611877441406
controller_to_actuator_command,16.1440372467041
controller_to_actuator_command,16.440629959106445
controller_to_actuator_command,16.812562942504883
controller_to_actuator_command,15.875816345214844
controller_to_actuator_command,15.841484069824219
controller_to_actuator_command,15.793561935424805
controller_to_actuator_command,16.17121696472168
controller_to_actuator_command,16.840696334838867
controller_to_actuator_command,16.125202178955078
controller_to_actuator_command,15.969038009643555
controller_to_actuator_command,15.993118286132812
controller_to_actuator_command,16.27635955810547
controller_to_actuator_command,16.82591438293457
controller_to_actuator_command,15.600919723510742
controller_to_actuator_command,16.330480575561523
controller_to_actuator_command,16.471147537231445
controller_to_actuator_command,14.734745025634766
controller_to_actuator_command,16.349315643310547
controller_to_actuator_command,16.086816787719727
controller_to_actuator_command,16.152381896972656
controller_to_actuator_command,16.0214900970459
controller_to_actuator_command,16.21079444885254
controller_to_actuator_command,16.399621963500977
controller_to_actuator_command,15.93160629272461
controller_to_actuator_command,16.141891479492188
controller_to_actuator_command,16.07513427734375
controller_to_actuator_command,16.48545265197754
controller_to_actuator_command,16.595125198364258
controller_to_actuator_command,15.78211784362793
controller_to_actuator_command,15.727758407592773
controller_to_actuator_command,15.895843505859375
controller_to_actuator_command,16.19553565979004
controller_to_actuator_command,17.665624618530273
controller_to_actuator_command,15.856742858886719
controller_to_actuator_command,15.682220458984375
controller_to_actuator_command,16.076087951660156
controller_to_actuator_command,15.765905380249023
controller_to_actuator_command,16.600370407104492
controller_to_actuator_command,16.130447387695312
controller_to_actuator_command,16.3729190826416
controller_to_actuator_command,16.14546775817871
controller_to_actuator_command,16.52383804321289
controller_to_actuator_command,16.7238712310791
controller_to_actuator_command,16.1590576171875
controller_to_actuator_command,16.399860382080078
controller_to_actuator_command,15.858888626098633
controller_to_actuator_command,16.39533042907715
controller_to_actuator_command,16.576528549194336
controller_to_actuator_command,16.014575958251953
controller_to_actuator_command,16.047954559326172
controller_to_actuator_command,16.239643096923828
controller_to_actuator_command,16.441822052001953
controller_to_actuator_command,17.242431640625
controller_to_actuator_command,16.30234718322754
controller_to_actuator_command,16.03412628173828
controller_to_actuator_command,16.958951950073242
controller_to_actuator_command,16.552209854125977
controller_to_actuator_command,17.862558364868164
controller_to_actuator_command,16.02935791015625
controller_to_actuator_command,16.122102737426758
controller_to_actuator_command,16.12234115600586
controller_to_actuator_command,15.423297882080078
controller_to_actuator_command,16.185760498046875
controller_to_actuator_command,16.026973724365234
controller_to_actuator_command,16.041040420532227
controller_to_actuator_command,16.282081604003906
controller_to_actuator_command,15.69366455078125
controller_to_actuator_command,16.644001007080078
controller_to_actuator_command,15.946626663208008
controller_to_actuator_command,16.217947006225586
controller_to_actuator_command,15.99264144897461
controller_to_actuator_command,16.518592834472656
controller_to_actuator_command,17.246723175048828
controller_to_actuator_command,16.263961791992188
controller_to_actuator_command,16.41058921813965
controller_to_actuator_command,15.936851501464844
controller_to_actuator_command,16.423702239990234
controller_to_actuator_command,16.8912410736084
controller_to_actuator_command,15.505552291870117
controller_to_actuator_command,15.944242477416992
controller_to_actuator_command,16.314983367919922
controller_to_actuator_command,16.182661056518555
controller_to_actuator_command,16.622066497802734
controller_to_actuator_command,16.21389389038086
controller_to_actuator_command,16.440391540527344
controller_to_actuator_command,16.271591186523438
controller_to_actuator_command,16.59393310546875
controller_to_actuator_command,16.589879989624023
controller_to_actuator_command,16.0372257232666
controller_to_actuator_command,15.850543975830078
controller_to_actuator_command,16.3116455078125
controller_to_actuator_command,16.147613525390625
controller_to_actuator_command,16.638517379760742
controller_to_actuator_command,15.677213668823242
controller_to_actuator_command,16.09015464782715
controller_to_actuator_command,15.836000442504883
controller_to_actuator_command,16.59679412841797
controller_to_actuator_command,16.854286193847656
controller_to_actuator_command,15.854120254516602
controller_to_actuator_command,16.11781120300293
controller_to_actuator_command,16.25204086303711
controller_to_actuator_command,15.910863876342773
controller_to_actuator_command,16.892433166503906
controller_to_actuator_command,15.825033187866211
controller_to_actuator_command,16.549110412597656
controller_to_actuator_command,16.481876373291016
controller_to_actuator_command,16.261816024780273
controller_to_actuator_command,16.012191772460938
controller_to_actuator_command,16.053199768066406
controller_to_actuator_command,16.298532485961914
end_to_end_command,24.861812591552734
end_to_end_command,44.878482818603516
end_to_end_command,30.111074447631836
end_to_end_command,17.421722412109375
end_to_end_command,37.381649017333984
end_to_end_command,26.299238204956055
end_to_end_command,45.865535736083984
end_to_end_command,31.287670135498047
end_to_end_command,17.507553100585938
end_to_end_command,37.95146942138672
end_to_end_command,25.798320770263672
end_to_end_command,45.84074020385742
end_to_end_command,32.09519386291504
end_to_end_command,16.314268112182617
end_to_end_command,36.76557540893555
end_to_end_command,24.751663208007812
end_to_end_command,44.94166374206543
end_to_end_command,32.52243995666504
end_to_end_command,17.378807067871094
end_to_end_command,38.027286529541016
end_to_end_command,24.646520614624023
end_to_end_command,44.6774959564209
end_to_end_command,32.91010856628418
end_to_end_command,17.56596565246582
end_to_end_command,37.902116775512695
end_to_end_command,24.177074432373047
end_to_end_command,44.39187049865723
end_to_end_command,31.620025634765625
end_to_end_command,16.588926315307617
end_to_end_command,37.078142166137695
end_to_end_command,25.197982788085938
end_to_end_command,45.55869102478027
end_to_end_command,30.98440170288086
end_to_end_command,17.53687858581543
end_to_end_command,37.50920295715332
end_to_end_command,25.19369125366211
end_to_end_command,45.429229736328125
end_to_end_command,31.52918815612793
end_to_end_command,16.43228530883789
end_to_end_command,36.806344985961914
end_to_end_command,25.716781616210938
end_to_end_command,45.33529281616211
end_to_end_command,32.288312911987305
end_to_end_command,17.014026641845703
end_to_end_command,36.58413887023926
end_to_end_command,26.11374855041504
end_to_end_command,46.23079299926758
end_to_end_command,31.998634338378906
end_to_end_command,20.119667053222656
end_to_end_command,40.389299392700195
end_to_end_command,25.48813819885254
end_to_end_command,45.63498497009277
end_to_end_command,30.510425567626953
end_to_end_command,18.65696907043457
end_to_end_command,38.787841796875
end_to_end_command,24.239540100097656
end_to_end_command,44.586896896362305
end_to_end_command,33.243417739868164
end_to_end_command,17.873764038085938
end_to_end_command,37.76407241821289
end_to_end_command,23.51093292236328
end_to_end_command,43.87974739074707
end_to_end_command,29.8154354095459
end_to_end_command,19.577503204345703
end_to_end_command,39.88981246948242
end_to_end_command,24.346590042114258
end_to_end_command,44.73686218261719
end_to_end_command,31.31580352783203
end_to_end_command,18.777847290039062
end_to_end_command,38.69318962097168
end_to_end_command,25.43473243713379
end_to_end_command,45.16172409057617
end_to_end_command,31.258106231689453
end_to_end_command,16.043424606323242
end_to_end_command,36.29875183105469
end_to_end_command,23.991107940673828
end_to_end_command,43.68710517883301
end_to_end_command,30.213356018066406
end_to_end_command,19.626855850219727
end_to_end_command,39.75629806518555
end_to_end_command,24.408340454101562
end_to_end_command,44.59190368652344
end_to_end_command,33.57362747192383
end_to_end_command,17.476320266723633
end_to_end_command,37.459611892700195
end_to_end_command,26.716947555541992
end_to_end_command,46.088457107543945
end_to_end_command,34.473419189453125
end_to_end_command,17.991304397583008
end_to_end_command,37.98842430114746
end_to_end_command,25.7570743560791
end_to_end_command,45.938730239868164
end_to_end_command,35.86602210998535
end_to_end_command,17.06981658935547
end_to_end_command,36.94295883178711
end_to_end_command,25.667428970336914
end_to_end_command,45.69840431213379
end_to_end_command,32.28044509887695
end_to_end_command,19.259929656982422
end_to_end_command,39.52503204345703
end_to_end_command,25.681734085083008
end_to_end_command,45.71700096130371
end_to_end_command,34.33418273925781
end_to_end_command,18.67532730102539
end_to_end_command,38.20157051086426
end_to_end_command,25.815725326538086
end_to_end_command,45.94540596008301
end_to_end_command,34.30652618408203
end_to_end_command,18.270254135131836
end_to_end_command,38.277626037597656
end_to_end_command,26.349306106567383
end_to_end_command,46.47970199584961
end_to_end_command,32.38964080810547
end_to_end_command,19.91724967956543
end_to_end_command,40.30346870422363
end_to_end_command,26.886701583862305
end_to_end_command,46.425819396972656
end_to_end_command,32.396793365478516
end_to_end_command,18.031597137451172
end_to_end_command,38.15317153930664
end_to_end_command,26.391983032226562
end_to_end_command,46.77867889404297
end_to_end_command,34.62934494018555
end_to_end_command,19.81639862060547
end_to_end_command,39.5512580871582
end_to_end_command,25.896310806274414
end_to_end_command,45.7150936126709
end_to_end_command,30.09033203125
end_to_end_command,18.71943473815918
end_to_end_command,38.03873062133789
end_to_end_command,24.640560150146484
end_to_end_command,44.4483757019043
end_to_end_command,32.105207443237305
end_to_end_command,51.931142807006836
end_to_end_command,36.15522384643555
end_to_end_command,26.02243423461914
end_to_end_command,46.15592956542969
end_to_end_command,34.32893753051758
end_to_end_command,19.63520050048828
end_to_end_command,39.76559638977051
end_to_end_command,23.360729217529297
end_to_end_command,43.20669174194336
end_to_end_command,33.75649452209473
end_to_end_command,19.871234893798828
end_to_end_command,39.322614669799805
end_to_end_command,25.89869499206543
end_to_end_command,46.05507850646973
end_to_end_command,31.141996383666992
end_to_end_command,18.676280975341797
end_to_end_command,39.112091064453125
end_to_end_command,27.236223220825195
end_to_end_command,47.188758850097656
end_to_end_command,34.56544876098633
end_to_end_command,19.942045211791992
end_to_end_command,39.60680961608887
end_to_end_command,25.774002075195312
end_to_end_command,46.028852462768555
end_to_end_command,33.28108787536621
end_to_end_command,19.646644592285156
end_to_end_command,39.42298889160156
end_to_end_command,26.592254638671875
end_to_end_command,46.42200469970703
end_to_end_command,31.635522842407227
end_to_end_command,19.78921890258789
end_to_end_command,39.58559036254883
end_to_end_command,26.000022888183594
end_to_end_command,46.048879623413086
end_to_end_command,32.62972831726074
end_to_end_command,18.93019676208496
end_to_end_command,39.79682922363281
end_to_end_command,25.082826614379883
end_to_end_command,45.12166976928711
end_to_end_command,32.179832458496094
end_to_end_command,18.090248107910156
end_to_end_command,38.489580154418945
end_to_end_command,25.826692581176758
end_to_end_command,45.96209526062012
end_to_end_command,33.826351165771484
end_to_end_command,17.170429229736328
end_to_end_command,37.34874725341797
end_to_end_command,25.57063102722168
end_to_end_command,45.42374610900879
end_to_end_command,32.10186958312988
end_to_end_command,18.925905227661133
end_to_end_command,38.68269920349121
end_to_end_command,25.998830795288086
end_to_end_command,46.02766036987305
end_to_end_command,32.54103660583496
end_to_end_command,18.9669132232666
end_to_end_command,38.97452354431152
end_to_end_command,26.281356811523438
end_to_end_command,46.39863967895508
end_to_end_command,31.681537628173828
end_to_end_command,17.238616943359375
end_to_end_command,37.248849868774414
end_to_end_command,26.780366897583008
end_to_end_command,47.061920166015625
end_to_end_command,32.64641761779785
end_to_end_command,18.66602897644043
end_to_end_command,38.683414459228516
end_to_end_command,26.041269302368164
end_to_end_command,46.26607894897461
end_to_end_command,32.63592720031738
end_to_end_command,20.069360733032227
end_to_end_command,40.13490676879883
end_to_end_command,26.78704261779785
end_to_end_command,46.61083221435547
end_to_end_command,31.817913055419922
end_to_end_command,19.12093162536621
end_to_end_command,39.27040100097656
end_to_end_command,25.194644927978516
end_to_end_command,45.221567153930664
end_to_end_command,33.022403717041016
end_to_end_command,18.252849578857422
end_to_end_command,38.385629653930664
end_to_end_command,25.071382522583008
end_to_end_command,45.01748085021973
end_to_end_command,31.995296478271484
end_to_end_command,16.847610473632812
end_to_end_command,36.90743446350098
end_to_end_command,26.05581283569336
end_to_end_command,46.03934288024902
end_to_end_command,34.291744232177734
end_to_end_command,16.971349716186523
end_to_end_command,37.19925880432129
end_to_end_command,24.292707443237305
end_to_end_command,44.31891441345215
end_to_end_command,34.681081771850586
end_to_end_command,17.708539962768555
end_to_end_command,37.5216007232666
end_to_end_command,25.871753692626953
end_to_end_command,45.664072036743164
end_to_end_command,33.045053482055664
end_to_end_command,18.31817626953125
end_to_end_command,38.469791412353516
end_to_end_command,25.524139404296875
end_to_end_command,45.606374740600586
end_to_end_command,32.831430435180664
end_to_end_command,18.856525421142578
end_to_end_command,39.16287422180176
end_to_end_command,26.244640350341797
end_to_end_command,46.096086502075195
end_to_end_command,32.89628028869629
end_to_end_command,19.279956817626953
end_to_end_command,39.34359550476074
end_to_end_command,25.15125274658203
end_to_end_command,45.058488845825195
end_to_end_command,32.08279609680176
end_to_end_command,19.626379013061523
end_to_end_command,40.168046951293945
end_to_end_command,25.588035583496094
end_to_end_command,45.86076736450195
end_to_end_command,34.287214279174805
end_to_end_command,19.08087730407715
end_to_end_command,39.34001922607422
end_to_end_command,26.075124740600586
end_to_end_command,45.85742950439453
end_to_end_command,32.918453216552734
end_to_end_command,17.10677146911621
end_to_end_command,37.04571723937988
end_to_end_command,24.675846099853516
end_to_end_command,44.911861419677734
end_to_end_command,32.22227096557617
end_to_end_command,20.346403121948242
end_to_end_command,40.375471115112305
end_to_end_command,24.251461029052734
end_to_end_command,44.4025993347168
end_to_end_command,33.710479736328125
end_to_end_command,19.882917404174805
end_to_end_command,39.85142707824707
end_to_end_command,24.96337890625
end_to_end_command,45.026302337646484
end_to_end_command,32.63664245605469
end_to_end_command,19.807100296020508
end_to_end_command,40.010690689086914
end_to_end_command,25.788068771362305
end_to_end_command,45.807838439941406
end_to_end_command,32.13095664978027
end_to_end_command,19.755125045776367
end_to_end_command,39.8249626159668
end_to_end_command,24.22499656677246
end_to_end_command,44.318199157714844
end_to_end_command,32.85360336303711
end_to_end_command,17.779111862182617
end_to_end_command,37.85562515258789
end_to_end_command,26.401996612548828
end_to_end_command,46.478271484375
end_to_end_command,33.52689743041992
end_to_end_command,20.163536071777344
end_to_end_command,40.24863243103027
end_to_end_command,26.33190155029297
end_to_end_command,46.23746871948242
end_to_end_command,33.10751914978027
end_to_end_command,19.80280876159668
end_to_end_command,39.14141654968262
end_to_end_command,26.67689323425293
end_to_end_command,46.63443565368652
end_to_end_command,32.03082084655762
end_to_end_command,18.872737884521484
end_to_end_command,39.366960525512695
end_to_end_command,25.727510452270508
end_to_end_command,45.42112350463867
end_to_end_command,31.22687339782715
end_to_end_command,20.30038833618164
end_to_end_command,40.0698184967041
end_to_end_command,26.871204376220703
end_to_end_command,46.82564735412598
end_to_end_command,30.755996704101562
end_to_end_command,19.772052764892578
end_to_end_command,39.73269462585449
end_to_end_command,25.84052085876465
end_to_end_command,45.917510986328125
end_to_end_command,30.048370361328125
end_to_end_command,18.851518630981445
end_to_end_command,38.529157638549805
end_to_end_command,26.88455581665039
end_to_end_command,47.04642295837402
end_to_end_command,32.54199028015137
end_to_end_command,19.817590713500977
end_to_end_command,39.83807563781738
end_to_end_command,26.397228240966797
end_to_end_command,46.31757736206055
end_to_end_command,33.540964126586914
end_to_end_command,19.59371566772461
end_to_end_command,39.06536102294922
end_to_end_command,24.692773818969727
end_to_end_command,44.79479789733887
end_to_end_command,33.10346603393555
end_to_end_command,18.446922302246094
end_to_end_command,38.16723823547363
end_to_end_command,26.5350341796875
end_to_end_command,46.33498191833496
end_to_end_command,35.62331199645996
end_to_end_command,19.185304641723633
end_to_end_command,39.656639099121094
end_to_end_command,25.518178939819336
end_to_end_command,45.48311233520508
end_to_end_command,35.788536071777344
end_to_end_command,17.29869842529297
end_to_end_command,37.55617141723633
end_to_end_command,26.53813362121582
end_to_end_command,46.7534065246582
end_to_end_command,34.140586853027344
end_to_end_command,19.69742774963379
end_to_end_command,40.06528854370117
end_to_end_command,25.2685546875
end_to_end_command,45.15695571899414
end_to_end_command,32.78541564941406
end_to_end_command,18.64337921142578
end_to_end_command,38.527727127075195
end_to_end_command,27.13799476623535
end_to_end_command,46.90861701965332
end_to_end_command,31.13698959350586
end_to_end_command,19.733428955078125
end_to_end_command,39.74342346191406
end_to_end_command,25.17843246459961
end_to_end_command,45.195579528808594
end_to_end_command,31.540870666503906
end_to_end_command,19.526004791259766
end_to_end_command,39.49594497680664
end_to_end_command,26.53336524963379
end_to_end_command,46.42486572265625
end_to_end_command,32.97305107116699
end_to_end_command,19.845008850097656
end_to_end_command,39.992570877075195
end_to_end_command,24.349451065063477
end_to_end_command,44.35420036315918
end_to_end_command,34.195661544799805
end_to_end_command,17.763853073120117
end_to_end_command,37.694454193115234
end_to_end_command,25.407075881958008
end_to_end_command,45.47715187072754
end_to_end_command,33.742427825927734
end_to_end_command,19.45972442626953
end_to_end_command,40.015459060668945
end_to_end_command,26.0772705078125
end_to_end_command,45.91250419616699
end_to_end_command,33.234357833862305
end_to_end_command,19.147396087646484
end_to_end_command,39.26277160644531
end_to_end_command,24.728059768676758
end_to_end_command,44.98767852783203
end_to_end_command,33.04266929626465
end_to_end_command,18.001794815063477
end_to_end_command,38.42639923095703
end_to_end_command,25.548219680786133
end_to_end_command,45.95518112182617
end_to_end_command,33.82611274719238
end_to_end_command,19.29187774658203
end_to_end_command,38.93280029296875
end_to_end_command,25.714874267578125
end_to_end_command,45.66144943237305
end_to_end_command,34.25097465515137
end_to_end_command,19.08588409423828
end_to_end_command,39.25752639770508
end_to_end_command,26.064395904541016
end_to_end_command,46.50163650512695
end_to_end_command,33.53309631347656
end_to_end_command,18.073081970214844
end_to_end_command,37.955522537231445
end_to_end_command,26.755809783935547
end_to_end_command,46.658992767333984
end_to_end_command,35.71033477783203
end_to_end_command,20.22576332092285
end_to_end_command,40.19594192504883
end_to_end_command,26.18241310119629
end_to_end_command,46.07415199279785
end_to_end_command,32.68098831176758
end_to_end_command,19.14691925048828
end_to_end_command,39.55984115600586
end_to_end_command,24.996280670166016
end_to_end_command,45.029401779174805
end_to_end_command,35.192012786865234
end_to_end_command,16.327857971191406
end_to_end_command,36.18741035461426
end_to_end_command,26.354312896728516
end_to_end_command,46.149253845214844
end_to_end_command,31.706571578979492
end_to_end_command,19.388437271118164
end_to_end_command,39.697885513305664
end_to_end_command,23.71668815612793
end_to_end_command,43.9913272857666
end_to_end_command,32.95731544494629
end_to_end_command,21.168231964111328
end_to_end_command,41.07952117919922
end_to_end_command,26.99756622314453
end_to_end_command,46.92506790161133
end_to_end_command,33.696651458740234
end_to_end_command,18.665552139282227
end_to_end_command,38.9406681060791
end_to_end_command,24.87778663635254
end_to_end_command,45.07899284362793
end_to_end_command,32.88626670837402
end_to_end_command,19.007444381713867
end_to_end_command,38.745880126953125
end_to_end_command,25.160551071166992
end_to_end_command,45.27115821838379
end_to_end_command,31.263113021850586
end_to_end_command,19.046783447265625
end_to_end_command,39.11328315734863
end_to_end_command,25.85601806640625
end_to_end_command,45.897722244262695
end_to_end_command,32.09400177001953
end_to_end_command,19.58632469177246
end_to_end_command,39.83354568481445
end_to_end_command,23.795127868652344
end_to_end_command,43.86448860168457
end_to_end_command,32.18555450439453
end_to_end_command,19.071102142333984
end_to_end_command,39.18337821960449
end_to_end_command,25.452852249145508
end_to_end_command,45.64166069030762
end_to_end_command,32.94658660888672
end_to_end_command,19.216060638427734
end_to_end_command,39.601802825927734
end_to_end_command,25.275468826293945
end_to_end_command,45.32480239868164
end_to_end_command,32.38058090209961
end_to_end_command,19.443750381469727
end_to_end_command,39.69073295593262
end_to_end_command,25.19845962524414
end_to_end_command,45.18270492553711
end_to_end_command,32.84955024719238
end_to_end_command,20.23601531982422
end_to_end_command,40.151119232177734
end_to_end_command,25.096416473388672
end_to_end_command,45.183420181274414
end_to_end_command,32.973527908325195
end_to_end_command,19.329071044921875
end_to_end_command,39.22128677368164
end_to_end_command,25.959253311157227
end_to_end_command,46.217918395996094
end_to_end_command,31.664609909057617
end_to_end_command,18.760204315185547
end_to_end_command,38.832664489746094
end_to_end_command,24.496793746948242
end_to_end_command,44.79813575744629
end_to_end_command,31.925201416015625
end_to_end_command,19.848108291625977
end_to_end_command,40.404558181762695
end_to_end_command,24.138450622558594
end_to_end_command,44.13151741027832
end_to_end_command,34.6226692199707
end_to_end_command,19.70815658569336
end_to_end_command,39.58702087402344
end_to_end_command,25.925159454345703
end_to_end_command,45.91965675354004
end_to_end_command,34.18922424316406
end_to_end_command,20.06220817565918
end_to_end_command,39.53409194946289
end_to_end_command,26.553630828857422
end_to_end_command,46.70000076293945
end_to_end_command,32.90867805480957
end_to_end_command,19.750595092773438
end_to_end_command,39.61062431335449
end_to_end_command,26.174068450927734
end_to_end_command,46.5846061706543
end_to_end_command,34.761905670166016
end_to_end_command,20.51568031311035
end_to_end_command,40.15636444091797
end_to_end_command,25.762557983398438
end_to_end_command,46.083927154541016
end_to_end_command,32.97567367553711
end_to_end_command,20.285367965698242
end_to_end_command,40.489912033081055
end_to_end_command,27.340173721313477
end_to_end_command,47.43671417236328
end_to_end_command,34.56854820251465
end_to_end_command,20.08056640625
end_to_end_command,39.93582725524902
end_to_end_command,24.88088607788086
end_to_end_command,44.936180114746094
end_to_end_command,32.202959060668945
end_to_end_command,19.499778747558594
end_to_end_command,39.45612907409668
end_to_end_command,26.81589126586914
end_to_end_command,46.58842086791992
end_to_end_command,34.08241271972656
end_to_end_command,17.081499099731445
end_to_end_command,36.95797920227051
end_to_end_command,26.516437530517578
end_to_end_command,46.44775390625
end_to_end_command,32.94634819030762
end_to_end_command,19.84262466430664
end_to_end_command,39.57676887512207
end_to_end_command,26.57771110534668
end_to_end_command,47.00422286987305
end_to_end_command,34.99150276184082
end_to_end_command,20.46060562133789
end_to_end_command,40.04335403442383
end_to_end_command,26.166439056396484
end_to_end_command,46.221017837524414
end_to_end_command,33.438682556152344
end_to_end_command,19.81520652770996
end_to_end_command,39.63828086853027
end_to_end_command,26.824951171875
end_to_end_command,46.74482345581055
end_to_end_command,32.235145568847656
end_to_end_command,19.299745559692383
end_to_end_command,39.50786590576172
end_to_end_command,25.235652923583984
end_to_end_command,45.127153396606445
end_to_end_command,32.37605094909668
end_to_end_command,18.557310104370117
end_to_end_command,38.40208053588867
end_to_end_command,26.334285736083984
end_to_end_command,46.58079147338867
end_to_end_command,31.610727310180664
end_to_end_command,19.449472427368164
end_to_end_command,39.24202919006348
end_to_end_command,26.4585018157959
end_to_end_command,46.46730422973633
end_to_end_command,32.46164321899414
end_to_end_command,18.174171447753906
end_to_end_command,38.106679916381836
end_to_end_command,27.201175689697266
end_to_end_command,47.44601249694824
end_to_end_command,34.028053283691406
end_to_end_command,19.351959228515625
end_to_end_command,39.30497169494629
end_to_end_command,25.316476821899414
end_to_end_command,45.64523696899414
end_to_end_command,33.51783752441406
end_to_end_command,20.278453826904297
end_to_end_command,40.4963493347168
end_to_end_command,26.18718147277832
end_to_end_command,46.411991119384766
end_to_end_command,32.55295753479004
end_to_end_command,20.4925537109375
end_to_end_command,40.610313415527344
end_to_end_command,26.397228240966797
end_to_end_command,46.63515090942383
end_to_end_command,34.032344818115234
end_to_end_command,19.6688175201416
end_to_end_command,39.839982986450195
end_to_end_command,26.52430534362793
end_to_end_command,46.454429626464844
end_to_end_command,30.501127243041992
end_to_end_command,21.14725112915039
end_to_end_command,40.70448875427246
end_to_end_command,26.059865951538086
end_to_end_command,45.91703414916992
end_to_end_command,33.51092338562012
end_to_end_command,19.768953323364258
end_to_end_command,39.841651916503906
end_to_end_command,26.12781524658203
end_to_end_command,46.25058174133301
end_to_end_command,32.685041427612305
end_to_end_command,20.22099494934082
end_to_end_command,39.79015350341797
end_to_end_command,26.121854782104492
end_to_end_command,46.37455940246582
end_to_end_command,34.399986267089844
end_to_end_command,20.163536071777344
end_to_end_command,40.15827178955078
end_to_end_command,25.27642250061035
end_to_end_command,45.45760154724121
end_to_end_command,32.849788665771484
end_to_end_command,19.836902618408203
end_to_end_command,39.88289833068848
end_to_end_command,25.19679069519043
end_to_end_command,45.705556869506836
end_to_end_command,32.17649459838867
end_to_end_command,20.090818405151367
end_to_end_command,39.835453033447266
end_to_end_command,26.24201774597168
end_to_end_command,46.1735725402832
end_to_end_command,33.113956451416016
end_to_end_command,19.88959312438965
end_to_end_command,39.98255729675293
end_to_end_command,26.83234214782715
end_to_end_command,46.87309265136719
end_to_end_command,34.64198112487793
end_to_end_command,20.275354385375977
end_to_end_command,40.50755500793457
end_to_end_command,23.737430572509766
end_to_end_command,43.917179107666016
end_to_end_command,35.540103912353516
end_to_end_command,19.322633743286133
end_to_end_command,39.62063789367676
end_to_end_command,26.937246322631836
end_to_end_command,46.87142372131348
end_to_end_command,31.815767288208008
end_to_end_command,18.99242401123047
end_to_end_command,38.85483741760254
end_to_end_command,25.469064712524414
end_to_end_command,45.53031921386719
end_to_end_command,33.53309631347656
end_to_end_command,20.219087600708008
end_to_end_command,40.6489372253418
end_to_end_command,27.736902236938477
end_to_end_command,47.785282135009766
end_to_end_command,32.544851303100586
end_to_end_command,17.75956153869629
end_to_end_command,37.95742988586426
end_to_end_command,26.26776695251465
end_to_end_command,46.33450508117676
end_to_end_command,33.471107482910156
end_to_end_command,20.007848739624023
end_to_end_command,40.23241996765137
end_to_end_command,25.23064613342285
end_to_end_command,45.07255554199219
end_to_end_command,33.026695251464844
end_to_end_command,17.628908157348633
end_to_end_command,38.012027740478516
end_to_end_command,25.86841583251953
end_to_end_command,45.89080810546875
end_to_end_command,31.850814819335938
end_to_end_command,18.645763397216797
end_to_end_command,38.97905349731445
end_to_end_command,25.992870330810547
end_to_end_command,46.08798027038574
end_to_end_command,33.34403038024902
end_to_end_command,18.494606018066406
end_to_end_command,38.72823715209961
end_to_end_command,25.513410568237305
end_to_end_command,45.4864501953125
end_to_end_command,33.762216567993164
end_to_end_command,17.757177352905273
end_to_end_command,37.79029846191406
end_to_end_command,25.68817138671875
end_to_end_command,46.16975784301758
end_to_end_command,32.896995544433594
end_to_end_command,20.05791664123535
end_to_end_command,39.9317741394043
end_to_end_command,26.029109954833984
end_to_end_command,46.1580753326416
end_to_end_command,33.64968299865723
end_to_end_command,18.163204193115234
end_to_end_command,38.29240798950195
end_to_end_command,25.85124969482422
end_to_end_command,45.464515686035156
end_to_end_command,32.173871994018555
end_to_end_command,19.797801971435547
end_to_end_command,39.85428810119629
end_to_end_command,26.818275451660156
end_to_end_command,47.247886657714844
end_to_end_command,35.15195846557617
end_to_end_command,17.46225357055664
end_to_end_command,37.251949310302734
end_to_end_command,26.818275451660156
end_to_end_command,46.67377471923828
end_to_end_command,31.56566619873047
end_to_end_command,19.46735382080078
end_to_end_command,39.61348533630371
end_to_end_command,25.960206985473633
end_to_end_command,45.98188400268555
end_to_end_command,33.77032279968262
end_to_end_command,19.689321517944336
end_to_end_command,39.34621810913086
end_to_end_command,26.0770320892334
end_to_end_command,45.93801498413086
end_to_end_command,33.57243537902832
end_to_end_command,19.19412612915039
end_to_end_command,39.58845138549805
end_to_end_command,25.505781173706055
end_to_end_command,45.63403129577637
end_to_end_command,33.557891845703125
end_to_end_command,18.762588500976562
end_to_end_command,38.89918327331543
end_to_end_command,25.79975128173828
end_to_end_command,45.4862117767334
end_to_end_command,33.28204154968262
end_to_end_command,20.151853561401367
end_to_end_command,40.199995040893555
end_to_end_command,25.234460830688477
end_to_end_command,45.23921012878418
end_to_end_command,33.28394889831543
end_to_end_command,19.73891258239746
end_to_end_command,39.95466232299805
end_to_end_command,24.385929107666016
end_to_end_command,44.41189765930176
end_to_end_command,33.69331359863281
end_to_end_command,20.5690860748291
end_to_end_command,40.90738296508789
end_to_end_command,25.06232261657715
end_to_end_command,45.26162147521973
end_to_end_command,32.88674354553223
end_to_end_command,19.8824405670166
end_to_end_command,39.76726531982422
end_to_end_command,26.822566986083984
end_to_end_command,47.0736026763916
end_to_end_command,33.10704231262207
end_to_end_command,19.902467727661133
end_to_end_command,39.769887924194336
end_to_end_command,25.321245193481445
end_to_end_command,45.39656639099121
end_to_end_command,34.847259521484375
end_to_end_command,19.171714782714844
end_to_end_command,38.93136978149414
end_to_end_command,26.95012092590332
end_to_end_command,47.00350761413574
end_to_end_command,34.461021423339844
end_to_end_command,20.763397216796875
end_to_end_command,40.63892364501953
end_to_end_command,25.914430618286133
end_to_end_command,46.18692398071289
end_to_end_command,33.95819664001465
end_to_end_command,17.85445213317871
end_to_end_command,38.18035125732422
end_to_end_command,25.01988410949707
end_to_end_command,45.400142669677734
end_to_end_command,33.81657600402832
end_to_end_command,20.67399024963379
end_to_end_command,40.738821029663086
end_to_end_command,27.257680892944336
end_to_end_command,47.0125675201416
end_to_end_command,34.35349464416504
end_to_end_command,17.388582229614258
end_to_end_command,37.44006156921387
end_to_end_command,26.308298110961914
end_to_end_command,46.27823829650879
end_to_end_command,35.47191619873047
end_to_end_command,18.619775772094727
end_to_end_command,38.55752944946289
end_to_end_command,26.1232852935791
end_to_end_command,46.33760452270508
end_to_end_command,34.44695472717285
end_to_end_command,20.284175872802734
end_to_end_command,40.39287567138672
end_to_end_command,26.951074600219727
end_to_end_command,47.24311828613281
end_to_end_command,34.03329849243164
end_to_end_command,19.001483917236328
end_to_end_command,39.247989654541016
end_to_end_command,25.950908660888672
end_to_end_command,45.963287353515625
end_to_end_command,33.0047607421875
end_to_end_command,20.500898361206055
end_to_end_command,40.69781303405762
end_to_end_command,26.285409927368164
end_to_end_command,46.16951942443848
end_to_end_command,35.11309623718262
end_to_end_command,20.621538162231445
end_to_end_command,40.45581817626953
end_to_end_command,27.12845802307129
end_to_end_command,47.231435775756836
end_to_end_command,34.22880172729492
end_to_end_command,19.251346588134766
end_to_end_command,39.41035270690918
end_to_end_command,25.98428726196289
end_to_end_command,46.08154296875
end_to_end_command,32.35745429992676
end_to_end_command,20.140886306762695
end_to_end_command,40.45534133911133
end_to_end_command,27.61697769165039
end_to_end_command,47.39260673522949
end_to_end_command,33.82468223571777
end_to_end_command,20.797252655029297
end_to_end_command,40.56406021118164
end_to_end_command,24.779558181762695
end_to_end_command,45.157670974731445
end_to_end_command,32.86886215209961
end_to_end_command,20.693540573120117
end_to_end_command,41.29528999328613
end_to_end_command,26.871919631958008
end_to_end_command,47.162532806396484
end_to_end_command,34.43765640258789
end_to_end_command,19.324779510498047
end_to_end_command,39.49856758117676
end_to_end_command,25.150060653686523
end_to_end_command,45.122385025024414
end_to_end_command,32.877445220947266
end_to_end_command,20.831584930419922
end_to_end_command,40.540456771850586
end_to_end_command,26.91650390625
end_to_end_command,47.27959632873535
end_to_end_command,32.58919715881348
end_to_end_command,19.89889144897461
end_to_end_command,40.18235206604004
end_to_end_command,23.99158477783203
end_to_end_command,44.24691200256348
end_to_end_command,33.61773490905762
end_to_end_command,20.672082901000977
end_to_end_command,40.37952423095703
end_to_end_command,27.367591857910156
end_to_end_command,47.31607437133789
end_to_end_command,32.99236297607422
end_to_end_command,19.986391067504883
end_to_end_command,40.33374786376953
end_to_end_command,25.73227882385254
end_to_end_command,46.172142028808594
end_to_end_command,33.9663028717041
end_to_end_command,18.884658813476562
end_to_end_command,38.91777992248535
end_to_end_command,25.779008865356445
end_to_end_command,45.96710205078125
end_to_end_command,33.791542053222656
end_to_end_command,18.488407135009766
end_to_end_command,38.62333297729492
end_to_end_command,26.11398696899414
end_to_end_command,46.700477600097656
end_to_end_command,33.09226036071777
end_to_end_command,19.635438919067383
end_to_end_command,39.237022399902344
end_to_end_command,25.77948570251465
end_to_end_command,45.84026336669922
end_to_end_command,31.939268112182617
end_to_end_command,20.375490188598633
end_to_end_command,40.24863243103027
end_to_end_command,25.925874710083008
end_to_end_command,46.233415603637695
end_to_end_command,33.36644172668457
end_to_end_command,20.33257484436035
end_to_end_command,40.369510650634766
end_to_end_command,26.152849197387695
end_to_end_command,46.38385772705078
end_to_end_command,34.10077095031738
end_to_end_command,19.875526428222656
end_to_end_command,39.891719818115234
end_to_end_command,26.302576065063477
end_to_end_command,46.58794403076172
end_to_end_command,34.12175178527832
end_to_end_command,19.83499526977539
end_to_end_command,39.849281311035156
end_to_end_command,27.10700035095215
end_to_end_command,47.47176170349121
end_to_end_command,33.90240669250488
end_to_end_command,20.48802375793457
end_to_end_command,40.51327705383301
end_to_end_command,26.464462280273438
end_to_end_command,46.6923713684082
end_to_end_command,35.21847724914551
end_to_end_command,19.605159759521484
end_to_end_command,39.99662399291992
end_to_end_command,25.675535202026367
end_to_end_command,45.630693435668945
end_to_end_command,31.37803077697754
end_to_end_command,20.097970962524414
end_to_end_command,40.25983810424805
end_to_end_command,27.27675437927246
end_to_end_command,47.1348762512207
end_to_end_command,34.91020202636719
end_to_end_command,17.75670051574707
end_to_end_command,37.69969940185547
end_to_end_command,25.211334228515625
end_to_end_command,45.262813568115234
end_to_end_command,32.79590606689453
end_to_end_command,20.940303802490234
end_to_end_command,40.94719886779785
end_to_end_command,26.259183883666992
end_to_end_command,46.3101863861084
end_to_end_command,32.45997428894043
end_to_end_command,21.111011505126953
end_to_end_command,41.5959358215332
end_to_end_command,27.585268020629883
end_to_end_command,47.61052131652832
end_to_end_command,35.17508506774902
end_to_end_command,18.090248107910156
end_to_end_command,38.34962844848633
end_to_end_command,25.742530822753906
end_to_end_command,46.088218688964844
end_to_end_command,34.32416915893555
end_to_end_command,20.159244537353516
end_to_end_command,40.39788246154785
end_to_end_command,26.030302047729492
end_to_end_command,46.698808670043945
end_to_end_command,31.632423400878906
end_to_end_command,20.755290985107422
end_to_end_command,40.76695442199707
end_to_end_command,26.70764923095703
end_to_end_command,46.71072959899902
end_to_end_command,34.36732292175293
end_to_end_command,20.807743072509766
end_to_end_command,41.06760025024414
end_to_end_command,26.27086639404297
end_to_end_command,45.86052894592285
end_to_end_command,33.49184989929199
end_to_end_command,19.95110511779785
end_to_end_command,40.24696350097656
end_to_end_command,26.262521743774414
end_to_end_command,46.39387130737305
end_to_end_command,34.73496437072754
end_to_end_command,18.24045181274414
end_to_end_command,38.031578063964844
end_to_end_command,27.382850646972656
end_to_end_command,47.64604568481445
end_to_end_command,32.207489013671875
end_to_end_command,21.656274795532227
end_to_end_command,40.83728790283203
end_to_end_command,27.10866928100586
end_to_end_command,47.20640182495117
end_to_end_command,35.05897521972656
end_to_end_command,20.940303802490234
end_to_end_command,40.86017608642578
end_to_end_command,24.579524993896484
end_to_end_command,44.620513916015625
end_to_end_command,32.87506103515625
end_to_end_command,20.79606056213379
end_to_end_command,40.70615768432617
end_to_end_command,26.849031448364258
end_to_end_command,47.010183334350586
end_to_end_command,34.789085388183594
end_to_end_command,20.647525787353516
end_to_end_command,40.976762771606445
end_to_end_command,26.33213996887207
end_to_end_command,46.575069427490234
end_to_end_command,33.72311592102051
end_to_end_command,19.537925720214844
end_to_end_command,39.38746452331543
end_to_end_command,25.092363357543945
end_to_end_command,44.93141174316406
end_to_end_command,34.08312797546387
end_to_end_command,18.863916397094727
end_to_end_command,39.198875427246094
end_to_end_command,25.48813819885254
end_to_end_command,45.49050331115723
end_to_end_command,32.49669075012207
end_to_end_command,20.78390121459961
end_to_end_command,41.503190994262695
end_to_end_command,27.784109115600586
end_to_end_command,47.591447830200195
end_to_end_command,33.8287353515625
end_to_end_command,20.174026489257812
end_to_end_command,40.261268615722656
end_to_end_command,26.541471481323242
end_to_end_command,46.53620719909668
end_to_end_command,33.59484672546387
end_to_end_command,20.244121551513672
end_to_end_command,40.0853157043457
end_to_end_command,27.24933624267578
end_to_end_command,47.341346740722656
end_to_end_command,33.83326530456543
end_to_end_command,19.474506378173828
end_to_end_command,39.78085517883301
end_to_end_command,27.05526351928711
end_to_end_command,47.28531837463379
end_to_end_command,33.745765686035156
end_to_end_command,19.84572410583496
end_to_end_command,40.03620147705078
end_to_end_command,24.88088607788086
end_to_end_command,45.00579833984375
end_to_end_command,32.910823822021484
end_to_end_command,21.075963973999023
end_to_end_command,41.22161865234375
end_to_end_command,26.28803253173828
end_to_end_command,46.22936248779297
end_to_end_command,33.3552360534668
end_to_end_command,20.203590393066406
end_to_end_command,40.13824462890625
end_to_end_command,26.696205139160156
end_to_end_command,46.575307846069336
end_to_end_command,35.721540451049805
end_to_end_command,18.816471099853516
end_to_end_command,38.79189491271973
end_to_end_command,27.28581428527832
end_to_end_command,46.451568603515625
end_to_end_command,33.24437141418457
end_to_end_command,17.435312271118164
end_to_end_command,37.51802444458008
end_to_end_command,25.624990463256836
end_to_end_command,45.641422271728516
end_to_end_command,34.99245643615723
end_to_end_command,21.018505096435547
end_to_end_command,40.935516357421875
end_to_end_command,27.57716178894043
end_to_end_command,47.51276969909668
end_to_end_command,35.21084785461426
end_to_end_command,18.462657928466797
end_to_end_command,38.21992874145508
end_to_end_command,27.109861373901367
end_to_end_command,46.5540885925293
end_to_end_command,32.41252899169922
end_to_end_command,19.830703735351562
end_to_end_command,40.08841514587402
end_to_end_command,27.776002883911133
end_to_end_command,47.369956970214844
end_to_end_command,32.90748596191406
end_to_end_command,21.06785774230957
end_to_end_command,41.398048400878906
end_to_end_command,27.062416076660156
end_to_end_command,46.96822166442871
end_to_end_command,33.96487236022949
end_to_end_command,19.762277603149414
end_to_end_command,39.801836013793945
end_to_end_command,26.535749435424805
end_to_end_command,46.46944999694824
end_to_end_command,33.800363540649414
end_to_end_command,19.78158950805664
end_to_end_command,40.04549980163574
end_to_end_command,26.477336883544922
end_to_end_command,46.25844955444336
end_to_end_command,34.279823303222656
end_to_end_command,19.084692001342773
end_to_end_command,39.64662551879883
end_to_end_command,25.125503540039062
end_to_end_command,45.23944854736328
end_to_end_command,33.19096565246582
end_to_end_command,19.861221313476562
end_to_end_command,40.13872146606445
end_to_end_command,25.585412979125977
end_to_end_command,45.325279235839844
end_to_end_command,34.71016883850098
end_to_end_command,20.6296443939209
end_to_end_command,41.09644889831543
end_to_end_command,26.033401489257812
end_to_end_command,46.230316162109375
end_to_end_command,35.02011299133301
end_to_end_command,17.061233520507812
end_to_end_command,37.732601165771484
end_to_end_command,24.173259735107422
end_to_end_command,44.30818557739258
end_to_end_command,33.28347206115723
end_to_end_command,19.339323043823242
end_to_end_command,39.132118225097656
end_to_end_command,25.40755271911621
end_to_end_command,45.296669006347656
end_to_end_command,33.150672912597656
end_to_end_command,18.69511604309082
end_to_end_command,38.784027099609375
end_to_end_command,26.38721466064453
end_to_end_command,46.517133712768555
end_to_end_command,34.44671630859375
end_to_end_command,19.591093063354492
end_to_end_command,39.356231689453125
end_to_end_command,26.401758193969727
end_to_end_command,46.23699188232422
end_to_end_command,33.167362213134766
end_to_end_command,20.093441009521484
end_to_end_command,40.13657569885254
end_to_end_command,26.230335235595703
end_to_end_command,46.16880416870117
end_to_end_command,34.53350067138672
end_to_end_command,19.303560256958008
end_to_end_command,39.13402557373047
end_to_end_command,26.756763458251953
end_to_end_command,46.582937240600586
end_to_end_command,34.6829891204834
end_to_end_command,20.047664642333984
end_to_end_command,39.94607925415039
end_to_end_command,26.145458221435547
end_to_end_command,46.16880416870117
end_to_end_command,34.91997718811035
end_to_end_command,18.996715545654297
end_to_end_command,39.41226005554199
end_to_end_command,26.410818099975586
end_to_end_command,45.99118232727051
end_to_end_command,33.92767906188965
end_to_end_command,19.674062728881836
end_to_end_command,39.745330810546875
end_to_end_command,25.777578353881836
end_to_end_command,45.88627815246582
end_to_end_command,36.14211082458496
end_to_end_command,18.599748611450195
end_to_end_command,38.109540939331055
end_to_end_command,27.594804763793945
end_to_end_command,47.72806167602539
end_to_end_command,31.744003295898438
end_to_end_command,20.00284194946289
end_to_end_command,40.18449783325195
end_to_end_command,27.321577072143555
end_to_end_command,47.54900932312012
end_to_end_command,32.62734413146973
end_to_end_command,21.032094955444336
end_to_end_command,41.106224060058594
end_to_end_command,25.978803634643555
end_to_end_command,46.10919952392578
end_to_end_command,33.31804275512695
end_to_end_command,18.432140350341797
end_to_end_command,38.48695755004883
end_to_end_command,26.22675895690918
end_to_end_command,46.289920806884766
end_to_end_command,33.90955924987793
end_to_end_command,21.138906478881836
end_to_end_command,41.014671325683594
end_to_end_command,26.83854103088379
end_to_end_command,46.263694763183594
end_to_end_command,33.01835060119629
end_to_end_command,20.1566219329834
end_to_end_command,40.04049301147461
end_to_end_command,26.479005813598633
end_to_end_command,46.62132263183594
end_to_end_command,30.01093864440918
end_to_end_command,19.879579544067383
end_to_end_command,39.98923301696777
end_to_end_command,26.39484405517578
end_to_end_command,46.38862609863281
end_to_end_command,33.164024353027344
end_to_end_command,20.395755767822266
end_to_end_command,40.221452713012695
end_to_end_command,26.195526123046875
end_to_end_command,46.27108573913574
end_to_end_command,35.021305084228516
end_to_end_command,19.991636276245117
end_to_end_command,40.05551338195801
end_to_end_command,26.32904052734375
end_to_end_command,46.08345031738281
end_to_end_command,32.81068801879883
end_to_end_command,20.477294921875
end_to_end_command,40.55023193359375
end_to_end_command,25.99954605102539
end_to_end_command,45.926570892333984
end_to_end_command,33.54978561401367
end_to_end_command,20.439624786376953
end_to_end_command,40.49825668334961
end_to_end_command,26.506900787353516
end_to_end_command,46.59223556518555
end_to_end_command,31.40997886657715
end_to_end_command,19.58942413330078
end_to_end_command,39.7031307220459
end_to_end_command,26.6876220703125
end_to_end_command,47.020673751831055
end_to_end_command,31.971454620361328
end_to_end_command,21.227121353149414
end_to_end_command,41.10860824584961
end_to_end_command,27.247190475463867
end_to_end_command,46.85783386230469
end_to_end_command,31.803131103515625
end_to_end_command,19.5004940032959
end_to_end_command,40.09389877319336
end_to_end_command,24.9478816986084
end_to_end_command,45.3035831451416
end_to_end_command,31.482458114624023
end_to_end_command,21.436691284179688
end_to_end_command,41.23997688293457
end_to_end_command,27.01878547668457
end_to_end_command,47.57881164550781
end_to_end_command,33.15138816833496
end_to_end_command,20.279884338378906
end_to_end_command,40.04669189453125
end_to_end_command,26.95465087890625
end_to_end_command,46.8297004699707
end_to_end_command,32.85551071166992
end_to_end_command,19.585132598876953
end_to_end_command,39.89243507385254
end_to_end_command,27.59695053100586
end_to_end_command,47.34539985656738
end_to_end_command,33.92291069030762
end_to_end_command,19.512414932250977
end_to_end_command,39.549827575683594
end_to_end_command,27.266502380371094
end_to_end_command,47.12939262390137
end_to_end_command,33.73384475708008
end_to_end_command,21.030902862548828
end_to_end_command,41.185855865478516
end_to_end_command,27.11796760559082
end_to_end_command,46.97680473327637
end_to_end_command,33.735036849975586
end_to_end_command,21.364927291870117
end_to_end_command,41.44024848937988
end_to_end_command,27.510643005371094
end_to_end_command,47.30677604675293
end_to_end_command,32.746076583862305
end_to_end_command,20.801067352294922
end_to_end_command,40.83824157714844
end_to_end_command,26.662588119506836
end_to_end_command,46.679019927978516
end_to_end_command,33.20765495300293
end_to_end_command,20.80845832824707
end_to_end_command,41.150569915771484
end_to_end_command,27.458667755126953
end_to_end_command,47.515869140625
end_to_end_command,33.5390567779541
end_to_end_command,19.959211349487305
end_to_end_command,39.94584083557129
end_to_end_command,26.5352725982666
end_to_end_command,46.40841484069824
end_to_end_command,33.35976600646973
end_to_end_command,20.660877227783203
end_to_end_command,41.01419448852539
end_to_end_command,27.25982666015625
end_to_end_command,47.50943183898926
end_to_end_command,34.738779067993164
end_to_end_command,19.95396614074707
end_to_end_command,39.79897499084473
end_to_end_command,25.842905044555664
end_to_end_command,45.84455490112305
end_to_end_command,33.92291069030762
end_to_end_command,20.651817321777344
end_to_end_command,40.877342224121094
end_to_end_command,27.228116989135742
end_to_end_command,46.967506408691406
end_to_end_command,34.37995910644531
end_to_end_command,19.898653030395508
end_to_end_command,39.963722229003906
end_to_end_command,27.173757553100586
end_to_end_command,46.94414138793945
end_to_end_command,34.09385681152344
end_to_end_command,20.343542098999023
end_to_end_command,40.41624069213867
end_to_end_command,27.063608169555664
end_to_end_command,47.087669372558594
end_to_end_command,34.475088119506836
end_to_end_command,19.50693130493164
end_to_end_command,39.25776481628418
end_to_end_command,27.41241455078125
end_to_end_command,47.85013198852539
end_to_end_command,32.76848793029785
end_to_end_command,21.28887176513672
end_to_end_command,41.14985466003418
end_to_end_command,27.333736419677734
end_to_end_command,47.59073257446289
end_to_end_command,35.253047943115234
end_to_end_command,21.045684814453125
end_to_end_command,41.156768798828125
end_to_end_command,25.94470977783203
end_to_end_command,46.23723030090332
end_to_end_command,32.46927261352539
end_to_end_command,19.756317138671875
end_to_end_command,39.97945785522461
end_to_end_command,25.934457778930664
end_to_end_command,46.10133171081543
end_to_end_command,34.10530090332031
end_to_end_command,21.00825309753418
end_to_end_command,40.91191291809082
end_to_end_command,27.074813842773438
end_to_end_command,47.097206115722656
end_to_end_command,34.577131271362305
end_to_end_command,17.11583137512207
end_to_end_command,37.22524642944336
end_to_end_command,27.763843536376953
end_to_end_command,47.850847244262695
end_to_end_command,34.78360176086426
end_to_end_command,21.00348472595215
end_to_end_command,41.26095771789551
end_to_end_command,27.79555320739746
end_to_end_command,47.800540924072266
end_to_end_command,35.95232963562012
end_to_end_command,19.695520401000977
end_to_end_command,39.77370262145996
end_to_end_command,26.595592498779297
end_to_end_command,46.30589485168457
end_to_end_command,33.63204002380371
end_to_end_command,19.41990852355957
end_to_end_command,39.66712951660156
end_to_end_command,27.268171310424805
end_to_end_command,47.12939262390137
end_to_end_command,33.30516815185547
end_to_end_command,19.15597915649414
end_to_end_command,39.11757469177246
end_to_end_command,26.326656341552734
end_to_end_command,45.888423919677734
end_to_end_command,35.12454032897949
end_to_end_command,19.52958106994629
end_to_end_command,39.5200252532959
end_to_end_command,25.39968490600586
end_to_end_command,45.420169830322266
end_to_end_command,36.757469177246094
end_to_end_command,17.83156394958496
end_to_end_command,38.16485404968262
end_to_end_command,24.823427200317383
end_to_end_command,44.70491409301758
end_to_end_command,34.23476219177246
end_to_end_command,19.704818725585938
end_to_end_command,39.51716423034668
end_to_end_command,25.946617126464844
end_to_end_command,45.74155807495117
end_to_end_command,35.13503074645996
end_to_end_command,19.1957950592041
end_to_end_command,39.42084312438965
end_to_end_command,26.588916778564453
end_to_end_command,46.65875434875488
end_to_end_command,32.39560127258301
end_to_end_command,20.526647567749023
end_to_end_command,40.35162925720215
end_to_end_command,26.03912353515625
end_to_end_command,46.272993087768555
end_to_end_command,33.76340866088867
end_to_end_command,21.745681762695312
end_to_end_command,41.55325889587402
end_to_end_command,26.349544525146484
end_to_end_command,46.002864837646484
end_to_end_command,32.98044204711914
end_to_end_command,20.3249454498291
end_to_end_command,40.50850868225098
end_to_end_command,27.719736099243164
end_to_end_command,47.88541793823242
end_to_end_command,34.929752349853516
end_to_end_command,19.507408142089844
end_to_end_command,39.67857360839844
end_to_end_command,26.137113571166992
end_to_end_command,46.10753059387207
end_to_end_command,31.970739364624023
end_to_end_command,21.189212799072266
end_to_end_command,41.36157035827637
end_to_end_command,27.579069137573242
end_to_end_command,47.873497009277344
end_to_end_command,34.079551696777344
end_to_end_command,20.076513290405273
end_to_end_command,39.986371994018555
end_to_end_command,26.428699493408203
end_to_end_command,46.57578468322754
end_to_end_command,30.55715560913086
end_to_end_command,18.630266189575195
end_to_end_command,38.7880802154541
end_to_end_command,27.071714401245117
end_to_end_command,46.84257507324219
end_to_end_command,33.82444381713867
end_to_end_command,21.028757095336914
end_to_end_command,40.85683822631836
end_to_end_command,27.378320693969727
end_to_end_command,47.19734191894531
end_to_end_command,31.536102294921875
end_to_end_command,21.0878849029541
end_to_end_command,41.1376953125
end_to_end_command,26.805400848388672
end_to_end_command,46.97465896606445
end_to_end_command,33.43534469604492
end_to_end_command,20.281076431274414
end_to_end_command,40.30585289001465
end_to_end_command,26.340484619140625
end_to_end_command,46.172142028808594
end_to_end_command,32.7610969543457
end_to_end_command,19.605398178100586
end_to_end_command,39.89911079406738
end_to_end_command,27.294158935546875
end_to_end_command,47.3637580871582
end_to_end_command,33.45203399658203
end_to_end_command,20.125389099121094
end_to_end_command,41.20373725891113
end_to_end_command,27.524948120117188
end_to_end_command,47.415733337402344
end_to_end_command,33.88643264770508
end_to_end_command,21.500349044799805
end_to_end_command,41.51439666748047
end_to_end_command,27.29201316833496
end_to_end_command,47.53732681274414
end_to_end_command,31.10504150390625
end_to_end_command,21.13199234008789
end_to_end_command,40.53664207458496
end_to_end_command,27.24766731262207
end_to_end_command,47.36042022705078
end_to_end_command,32.00864791870117
end_to_end_command,21.436452865600586
end_to_end_command,41.0768985748291
end_to_end_command,27.98008918762207
end_to_end_command,47.453880310058594
end_to_end_command,33.3104133605957
end_to_end_command,20.73383331298828
end_to_end_command,41.19253158569336
end_to_end_command,26.840686798095703
end_to_end_command,46.61202430725098
end_to_end_command,33.00952911376953
end_to_end_command,19.32525634765625
end_to_end_command,39.72506523132324
end_to_end_command,28.1679630279541
end_to_end_command,48.340797424316406
end_to_end_command,33.00595283508301
end_to_end_command,20.951509475708008
end_to_end_command,41.049957275390625
end_to_end_command,26.911497116088867
end_to_end_command,46.860456466674805
end_to_end_command,33.27798843383789
end_to_end_command,20.361900329589844
end_to_end_command,40.361642837524414
end_to_end_command,25.46977996826172
end_to_end_command,45.61948776245117
end_to_end_command,32.85527229309082
end_to_end_command,20.061969757080078
end_to_end_command,40.15207290649414
end_to_end_command,25.10356903076172
end_to_end_command,45.26567459106445
end_to_end_command,32.60087966918945
end_to_end_command,19.52219009399414
end_to_end_command,40.162086486816406
end_to_end_command,27.451753616333008
end_to_end_command,47.15466499328613
end_to_end_command,33.37454795837402
end_to_end_command,19.3173885345459
end_to_end_command,39.60061073303223
end_to_end_command,27.495384216308594
end_to_end_command,47.70469665527344
end_to_end_command,34.22975540161133
end_to_end_command,20.295381546020508
end_to_end_command,40.39335250854492
end_to_end_command,27.10747718811035
end_to_end_command,47.50490188598633
end_to_end_command,34.17468070983887
end_to_end_command,19.887208938598633
end_to_end_command,39.86334800720215
end_to_end_command,27.207374572753906
end_to_end_command,47.08385467529297
end_to_end_command,35.379648208618164
end_to_end_command,20.37668228149414
end_to_end_command,40.56382179260254
end_to_end_command,26.534318923950195
end_to_end_command,46.5397834777832
end_to_end_command,33.333539962768555
end_to_end_command,20.980358123779297
end_to_end_command,40.71497917175293
end_to_end_command,25.978803634643555
end_to_end_command,46.31638526916504
end_to_end_command,32.50694274902344
end_to_end_command,21.371841430664062
end_to_end_command,41.24951362609863
end_to_end_command,27.645111083984375
end_to_end_command,47.994136810302734
end_to_end_command,34.70301628112793
end_to_end_command,21.112918853759766
end_to_end_command,41.133880615234375
end_to_end_command,27.91428565979004
end_to_end_command,48.18868637084961
end_to_end_command,32.87553787231445
end_to_end_command,19.414186477661133
end_to_end_command,39.54672813415527
end_to_end_command,27.72235870361328
end_to_end_command,47.21355438232422
end_to_end_command,34.70206260681152
end_to_end_command,18.20063591003418
end_to_end_command,38.21063041687012
end_to_end_command,27.051687240600586
end_to_end_command,47.04451560974121
end_to_end_command,33.0197811126709
end_to_end_command,20.707368850708008
end_to_end_command,40.75193405151367
end_to_end_command,27.987003326416016
end_to_end_command,47.857046127319336
end_to_end_command,32.49931335449219
end_to_end_command,21.164894104003906
end_to_end_command,41.35537147521973
end_to_end_command,25.960922241210938
end_to_end_command,46.5998649597168
end_to_end_command,35.193681716918945
end_to_end_command,19.807815551757812
end_to_end_command,40.203094482421875
end_to_end_command,26.755571365356445
end_to_end_command,46.91123962402344
end_to_end_command,34.56616401672363
end_to_end_command,21.626949310302734
end_to_end_command,41.70536994934082
end_to_end_command,26.754379272460938
end_to_end_command,46.4472770690918
end_to_end_command,32.50861167907715
end_to_end_command,20.488262176513672
end_to_end_command,40.73524475097656
end_to_end_command,28.082847595214844
end_to_end_command,48.102617263793945
end_to_end_command,34.73520278930664
end_to_end_command,19.109725952148438
end_to_end_command,39.41464424133301
end_to_end_command,27.189970016479492
end_to_end_command,47.09362983703613
end_to_end_command,32.75489807128906
end_to_end_command,21.570682525634766
end_to_end_command,41.68248176574707
end_to_end_command,26.30758285522461
end_to_end_command,46.79131507873535
end_to_end_command,33.835411071777344
end_to_end_command,20.65873146057129
end_to_end_command,40.67230224609375
end_to_end_command,26.247262954711914
end_to_end_command,46.82779312133789
end_to_end_command,32.64570236206055
end_to_end_command,20.623445510864258
end_to_end_command,41.49174690246582
end_to_end_command,28.31292152404785
end_to_end_command,48.22278022766113
end_to_end_command,32.88459777832031
end_to_end_command,19.767045974731445
end_to_end_command,39.947509765625
