metric,latency_ms
sensor_to_controller,4.6176910400390625
sensor_to_controller,24.692296981811523
sensor_to_controller,12.726306915283203
sensor_to_controller,0.835418701171875
sensor_to_controller,19.404172897338867
sensor_to_controller,7.91168212890625
sensor_to_controller,27.597427368164062
sensor_to_controller,12.604236602783203
sensor_to_controller,0.9455680847167969
sensor_to_controller,19.638538360595703
sensor_to_controller,5.842685699462891
sensor_to_controller,26.08013153076172
sensor_to_controller,13.491392135620117
sensor_to_controller,1.2028217315673828
sensor_to_controller,20.66969871520996
sensor_to_controller,7.553339004516602
sensor_to_controller,27.485132217407227
sensor_to_controller,14.501571655273438
sensor_to_controller,2.648591995239258
sensor_to_controller,22.501468658447266
sensor_to_controller,7.245302200317383
sensor_to_controller,27.048587799072266
sensor_to_controller,15.089035034179688
sensor_to_controller,1.89971923828125
sensor_to_controller,21.640777587890625
sensor_to_controller,8.337974548339844
sensor_to_controller,27.925491333007812
sensor_to_controller,14.082193374633789
sensor_to_controller,1.447916030883789
sensor_to_controller,20.709753036499023
sensor_to_controller,7.372140884399414
sensor_to_controller,27.271509170532227
sensor_to_controller,13.79084587097168
sensor_to_controller,1.859903335571289
sensor_to_controller,21.09527587890625
sensor_to_controller,6.393671035766602
sensor_to_controller,26.91364288330078
sensor_to_controller,13.623476028442383
sensor_to_controller,2.330303192138672
sensor_to_controller,19.924163818359375
sensor_to_controller,6.892681121826172
sensor_to_controller,27.14061737060547
sensor_to_controller,13.374090194702148
sensor_to_controller,0.12469291687011719
sensor_to_controller,18.58663558959961
sensor_to_controller,7.3089599609375
sensor_to_controller,27.3129940032959
sensor_to_controller,13.4735107421875
sensor_to_controller,2.1715164184570312
sensor_to_controller,20.261526107788086
sensor_to_controller,7.966756820678711
sensor_to_controller,27.9083251953125
sensor_to_controller,12.85243034362793
sensor_to_controller,2.291440963745117
sensor_to_controller,20.506620407104492
sensor_to_controller,8.318424224853516
sensor_to_controller,28.13267707824707
sensor_to_controller,12.721538543701172
sensor_to_controller,32.96685218811035
sensor_to_controller,19.137859344482422
sensor_to_controller,7.564783096313477
sensor_to_controller,27.56214141845703
sensor_to_controller,13.019800186157227
sensor_to_controller,2.1550655364990234
sensor_to_controller,21.417617797851562
sensor_to_controller,7.453203201293945
sensor_to_controller,27.70090103149414
sensor_to_controller,13.5040283203125
sensor_to_controller,1.7175674438476562
sensor_to_controller,20.372867584228516
sensor_to_controller,8.057832717895508
sensor_to_controller,27.94647216796875
sensor_to_controller,12.773990631103516
sensor_to_controller,0.25534629821777344
sensor_to_controller,18.11504364013672
sensor_to_controller,7.864475250244141
sensor_to_controller,27.72808074951172
sensor_to_controller,12.421369552612305
sensor_to_controller,1.5022754669189453
sensor_to_controller,20.70474624633789
sensor_to_controller,8.06879997253418
sensor_to_controller,27.57859230041504
sensor_to_controller,13.364791870117188
sensor_to_controller,0.8628368377685547
sensor_to_controller,20.695209503173828
sensor_to_controller,8.072614669799805
sensor_to_controller,27.706146240234375
sensor_to_controller,13.086080551147461
sensor_to_controller,2.124309539794922
sensor_to_controller,22.802352905273438
sensor_to_controller,8.26883316040039
sensor_to_controller,28.181791305541992
sensor_to_controller,13.669013977050781
sensor_to_controller,2.104043960571289
sensor_to_controller,21.191120147705078
sensor_to_controller,7.854700088500977
sensor_to_controller,27.608871459960938
sensor_to_controller,14.117717742919922
sensor_to_controller,1.0960102081298828
sensor_to_controller,20.323991775512695
sensor_to_controller,8.595705032348633
sensor_to_controller,28.438329696655273
sensor_to_controller,14.739990234375
sensor_to_controller,2.218484878540039
sensor_to_controller,20.82347869873047
sensor_to_controller,6.445169448852539
sensor_to_controller,25.991201400756836
sensor_to_controller,12.022733688354492
sensor_to_controller,2.152681350708008
sensor_to_controller,22.509098052978516
sensor_to_controller,7.693052291870117
sensor_to_controller,27.437210083007812
sensor_to_controller,13.573169708251953
sensor_to_controller,1.9643306732177734
sensor_to_controller,21.933794021606445
sensor_to_controller,7.110118865966797
sensor_to_controller,27.185440063476562
sensor_to_controller,14.245271682739258
sensor_to_controller,2.7647018432617188
sensor_to_controller,20.197153091430664
sensor_to_controller,6.570100784301758
sensor_to_controller,26.86452865600586
sensor_to_controller,13.315200805664062
sensor_to_controller,2.110004425048828
sensor_to_controller,19.806385040283203
sensor_to_controller,7.034540176391602
sensor_to_controller,27.096986770629883
sensor_to_controller,13.604402542114258
sensor_to_controller,0.9853839874267578
sensor_to_controller,20.05457878112793
sensor_to_controller,7.624626159667969
sensor_to_controller,27.270078659057617
sensor_to_controller,14.01972770690918
sensor_to_controller,1.9681453704833984
sensor_to_controller,21.136760711669922
sensor_to_controller,6.333351135253906
sensor_to_controller,26.500463485717773
sensor_to_controller,12.728214263916016
sensor_to_controller,1.129150390625
sensor_to_controller,21.13962173461914
sensor_to_controller,7.538795471191406
sensor_to_controller,27.38046646118164
sensor_to_controller,12.213945388793945
sensor_to_controller,1.894235610961914
sensor_to_controller,19.422292709350586
sensor_to_controller,7.565975189208984
sensor_to_controller,27.557373046875
sensor_to_controller,13.646125793457031
sensor_to_controller,1.5294551849365234
sensor_to_controller,20.559310913085938
sensor_to_controller,7.215261459350586
sensor_to_controller,26.86476707458496
sensor_to_controller,14.073610305786133
sensor_to_controller,1.4104843139648438
sensor_to_controller,19.731998443603516
sensor_to_controller,7.0476531982421875
sensor_to_controller,27.051925659179688
sensor_to_controller,12.965679168701172
sensor_to_controller,0.07486343383789062
sensor_to_controller,19.695758819580078
sensor_to_controller,6.636857986450195
sensor_to_controller,27.15444564819336
sensor_to_controller,13.202667236328125
sensor_to_controller,2.450227737426758
sensor_to_controller,21.430492401123047
sensor_to_controller,8.501291275024414
sensor_to_controller,28.490304946899414
sensor_to_controller,13.862371444702148
sensor_to_controller,1.7228126525878906
sensor_to_controller,21.666765213012695
sensor_to_controller,8.442878723144531
sensor_to_controller,27.66728401184082
sensor_to_controller,12.222766876220703
sensor_to_controller,2.2249221801757812
sensor_to_controller,20.59316635131836
sensor_to_controller,6.88624382019043
sensor_to_controller,27.43816375732422
sensor_to_controller,13.50092887878418
sensor_to_controller,33.29968452453613
sensor_to_controller,18.81694793701172
sensor_to_controller,7.221698760986328
sensor_to_controller,26.909828186035156
sensor_to_controller,13.825654983520508
sensor_to_controller,1.2145042419433594
sensor_to_controller,21.309614181518555
sensor_to_controller,7.107973098754883
sensor_to_controller,27.24313735961914
sensor_to_controller,13.237953186035156
sensor_to_controller,2.160787582397461
sensor_to_controller,22.245168685913086
sensor_to_controller,7.623910903930664
sensor_to_controller,27.543306350708008
sensor_to_controller,13.277292251586914
sensor_to_controller,2.043485641479492
sensor_to_controller,21.380901336669922
sensor_to_controller,8.38160514831543
sensor_to_controller,28.41639518737793
sensor_to_controller,14.158487319946289
sensor_to_controller,1.6126632690429688
sensor_to_controller,21.50416374206543
sensor_to_controller,7.99250602722168
sensor_to_controller,28.361797332763672
sensor_to_controller,14.801740646362305
sensor_to_controller,1.3654232025146484
sensor_to_controller,21.315574645996094
sensor_to_controller,7.237672805786133
sensor_to_controller,27.393579483032227
sensor_to_controller,12.916803359985352
sensor_to_controller,0.2627372741699219
sensor_to_controller,19.895315170288086
sensor_to_controller,8.17108154296875
sensor_to_controller,27.527332305908203
sensor_to_controller,14.478445053100586
sensor_to_controller,1.4390945434570312
sensor_to_controller,21.661043167114258
sensor_to_controller,5.966663360595703
sensor_to_controller,26.198387145996094
sensor_to_controller,13.04483413696289
sensor_to_controller,1.667022705078125
sensor_to_controller,20.90167999267578
sensor_to_controller,7.531404495239258
sensor_to_controller,27.25982666015625
sensor_to_controller,14.731645584106445
sensor_to_controller,1.9445419311523438
sensor_to_controller,21.520376205444336
sensor_to_controller,8.004188537597656
sensor_to_controller,27.693510055541992
sensor_to_controller,14.487266540527344
sensor_to_controller,1.7437934875488281
sensor_to_controller,21.3165283203125
sensor_to_controller,7.382631301879883
sensor_to_controller,27.44317054748535
sensor_to_controller,12.935876846313477
sensor_to_controller,2.1047592163085938
sensor_to_controller,21.47841453552246
sensor_to_controller,8.069038391113281
sensor_to_controller,27.27341651916504
sensor_to_controller,14.022350311279297
sensor_to_controller,1.9965171813964844
sensor_to_controller,21.483421325683594
sensor_to_controller,7.001161575317383
sensor_to_controller,26.841402053833008
sensor_to_controller,13.328790664672852
sensor_to_controller,0.74005126953125
sensor_to_controller,20.938634872436523
sensor_to_controller,8.468866348266602
sensor_to_controller,28.461217880249023
sensor_to_controller,15.210151672363281
sensor_to_controller,0.7076263427734375
sensor_to_controller,20.45130729675293
sensor_to_controller,7.231950759887695
sensor_to_controller,27.64153480529785
sensor_to_controller,14.365673065185547
sensor_to_controller,0.09107589721679688
sensor_to_controller,18.5239315032959
sensor_to_controller,8.409976959228516
sensor_to_controller,28.45311164855957
sensor_to_controller,14.175176620483398
sensor_to_controller,2.5277137756347656
sensor_to_controller,22.515058517456055
sensor_to_controller,7.714748382568359
sensor_to_controller,27.122020721435547
sensor_to_controller,14.41049575805664
sensor_to_controller,1.9459724426269531
sensor_to_controller,21.394729614257812
sensor_to_controller,6.486177444458008
sensor_to_controller,26.575803756713867
sensor_to_controller,14.153003692626953
sensor_to_controller,2.3844242095947266
sensor_to_controller,22.817134857177734
sensor_to_controller,7.812738418579102
sensor_to_controller,27.57859230041504
sensor_to_controller,13.489723205566406
sensor_to_controller,1.6703605651855469
sensor_to_controller,20.659446716308594
sensor_to_controller,8.199214935302734
sensor_to_controller,28.06997299194336
sensor_to_controller,14.061212539672852
sensor_to_controller,1.8858909606933594
sensor_to_controller,20.69854736328125
sensor_to_controller,7.92694091796875
sensor_to_controller,27.659177780151367
sensor_to_controller,13.082265853881836
sensor_to_controller,0.09989738464355469
sensor_to_controller,19.403457641601562
sensor_to_controller,7.449150085449219
sensor_to_controller,27.78315544128418
sensor_to_controller,13.392448425292969
sensor_to_controller,2.056598663330078
sensor_to_controller,22.391796112060547
sensor_to_controller,7.338047027587891
sensor_to_controller,27.17733383178711
sensor_to_controller,13.487815856933594
sensor_to_controller,35.100460052490234
sensor_to_controller,17.94743537902832
sensor_to_controller,7.09986686706543
sensor_to_controller,27.349472045898438
sensor_to_controller,13.275861740112305
sensor_to_controller,0.7593631744384766
sensor_to_controller,19.889354705810547
sensor_to_controller,7.14421272277832
sensor_to_controller,26.98040008544922
sensor_to_controller,13.850688934326172
sensor_to_controller,0.9684562683105469
sensor_to_controller,19.77086067199707
sensor_to_controller,8.697271347045898
sensor_to_controller,28.743505477905273
sensor_to_controller,14.446496963500977
sensor_to_controller,2.0036697387695312
sensor_to_controller,22.325992584228516
sensor_to_controller,7.333278656005859
sensor_to_controller,27.672290802001953
sensor_to_controller,13.616800308227539
sensor_to_controller,1.2729167938232422
sensor_to_controller,20.077943801879883
sensor_to_controller,8.234500885009766
sensor_to_controller,28.345108032226562
sensor_to_controller,14.56451416015625
sensor_to_controller,3.1135082244873047
sensor_to_controller,21.702289581298828
sensor_to_controller,8.246421813964844
sensor_to_controller,28.013229370117188
sensor_to_controller,13.570785522460938
sensor_to_controller,2.053499221801758
sensor_to_controller,21.614789962768555
sensor_to_controller,7.563352584838867
sensor_to_controller,27.53162384033203
sensor_to_controller,13.52381706237793
sensor_to_controller,1.2660026550292969
sensor_to_controller,21.21138572692871
sensor_to_controller,6.9293975830078125
sensor_to_controller,27.57549285888672
sensor_to_controller,13.053655624389648
sensor_to_controller,2.6099681854248047
sensor_to_controller,21.039724349975586
sensor_to_controller,7.796764373779297
sensor_to_controller,27.76789665222168
sensor_to_controller,14.23501968383789
sensor_to_controller,1.5439987182617188
sensor_to_controller,21.504640579223633
sensor_to_controller,6.548404693603516
sensor_to_controller,26.71647071838379
sensor_to_controller,12.032032012939453
sensor_to_controller,1.42669677734375
sensor_to_controller,21.29077911376953
sensor_to_controller,6.868124008178711
sensor_to_controller,26.86023712158203
sensor_to_controller,15.012741088867188
sensor_to_controller,0.7894039154052734
sensor_to_controller,20.04694938659668
sensor_to_controller,6.30950927734375
sensor_to_controller,26.383638381958008
sensor_to_controller,13.541698455810547
sensor_to_controller,3.2694339752197266
sensor_to_controller,21.503448486328125
sensor_to_controller,7.874488830566406
sensor_to_controller,27.930259704589844
sensor_to_controller,14.015913009643555
sensor_to_controller,1.3079643249511719
sensor_to_controller,20.27297019958496
sensor_to_controller,6.748437881469727
sensor_to_controller,27.051210403442383
sensor_to_controller,12.666940689086914
sensor_to_controller,0.30112266540527344
sensor_to_controller,18.341779708862305
sensor_to_controller,8.20159912109375
sensor_to_controller,28.2745361328125
sensor_to_controller,13.561487197875977
sensor_to_controller,1.9626617431640625
sensor_to_controller,21.086931228637695
sensor_to_controller,7.442235946655273
sensor_to_controller,27.21548080444336
sensor_to_controller,13.925790786743164
sensor_to_controller,1.1792182922363281
sensor_to_controller,21.096229553222656
sensor_to_controller,7.734060287475586
sensor_to_controller,27.666330337524414
sensor_to_controller,14.759063720703125
sensor_to_controller,2.2172927856445312
sensor_to_controller,22.110700607299805
sensor_to_controller,8.283138275146484
sensor_to_controller,28.293132781982422
sensor_to_controller,14.182329177856445
sensor_to_controller,1.02996826171875
sensor_to_controller,20.20740509033203
sensor_to_controller,8.002996444702148
sensor_to_controller,28.30338478088379
sensor_to_controller,13.380289077758789
sensor_to_controller,1.96075439453125
sensor_to_controller,19.328832626342773
sensor_to_controller,8.140802383422852
sensor_to_controller,28.042078018188477
sensor_to_controller,13.950824737548828
sensor_to_controller,1.5001296997070312
sensor_to_controller,19.804954528808594
sensor_to_controller,8.331298828125
sensor_to_controller,27.579784393310547
sensor_to_controller,14.308452606201172
sensor_to_controller,1.5232563018798828
sensor_to_controller,21.387100219726562
sensor_to_controller,8.047819137573242
sensor_to_controller,28.01060676574707
sensor_to_controller,13.936281204223633
sensor_to_controller,2.6018619537353516
sensor_to_controller,22.43947982788086
sensor_to_controller,7.2307586669921875
sensor_to_controller,26.859045028686523
sensor_to_controller,14.534711837768555
sensor_to_controller,2.6581287384033203
sensor_to_controller,22.891521453857422
sensor_to_controller,9.004354476928711
sensor_to_controller,28.806209564208984
sensor_to_controller,15.267610549926758
sensor_to_controller,0.5252361297607422
sensor_to_controller,20.284175872802734
sensor_to_controller,8.305072784423828
sensor_to_controller,28.102636337280273
sensor_to_controller,14.423608779907227
sensor_to_controller,2.3651123046875
sensor_to_controller,22.77350425720215
sensor_to_controller,7.958650588989258
sensor_to_controller,28.034687042236328
sensor_to_controller,14.652252197265625
sensor_to_controller,2.085447311401367
sensor_to_controller,22.17411994934082
sensor_to_controller,7.7190399169921875
sensor_to_controller,27.46868133544922
sensor_to_controller,14.45770263671875
sensor_to_controller,1.9233226776123047
sensor_to_controller,22.04728126525879
sensor_to_controller,8.306264877319336
sensor_to_controller,27.901887893676758
sensor_to_controller,14.771699905395508
sensor_to_controller,0.8556842803955078
sensor_to_controller,19.73104476928711
sensor_to_controller,7.7190399169921875
sensor_to_controller,27.596235275268555
sensor_to_controller,14.304161071777344
sensor_to_controller,1.5947818756103516
sensor_to_controller,20.129919052124023
sensor_to_controller,8.3465576171875
sensor_to_controller,28.34463119506836
sensor_to_controller,13.385772705078125
sensor_to_controller,0.0553131103515625
sensor_to_controller,20.07007598876953
sensor_to_controller,7.597923278808594
sensor_to_controller,27.585983276367188
sensor_to_controller,14.804601669311523
sensor_to_controller,2.6504993438720703
sensor_to_controller,22.507190704345703
sensor_to_controller,8.01706314086914
sensor_to_controller,28.10835838317871
sensor_to_controller,13.43679428100586
sensor_to_controller,1.972198486328125
sensor_to_controller,21.53778076171875
sensor_to_controller,8.260488510131836
sensor_to_controller,28.210163116455078
sensor_to_controller,14.108896255493164
sensor_to_controller,1.2524127960205078
sensor_to_controller,20.191431045532227
sensor_to_controller,8.096933364868164
sensor_to_controller,27.998685836791992
sensor_to_controller,13.269424438476562
sensor_to_controller,2.4695396423339844
sensor_to_controller,21.50726318359375
sensor_to_controller,7.328271865844727
sensor_to_controller,27.703523635864258
sensor_to_controller,14.09459114074707
sensor_to_controller,0.14090538024902344
sensor_to_controller,19.339323043823242
sensor_to_controller,8.925199508666992
sensor_to_controller,28.86509895324707
sensor_to_controller,14.658451080322266
sensor_to_controller,2.683401107788086
sensor_to_controller,23.02074432373047
sensor_to_controller,8.157491683959961
sensor_to_controller,27.714014053344727
sensor_to_controller,14.738321304321289
sensor_to_controller,1.9102096557617188
sensor_to_controller,21.872758865356445
sensor_to_controller,8.059263229370117
sensor_to_controller,27.997970581054688
sensor_to_controller,13.416290283203125
sensor_to_controller,1.4026165008544922
sensor_to_controller,21.11220359802246
sensor_to_controller,7.356405258178711
sensor_to_controller,27.198076248168945
sensor_to_controller,13.354301452636719
sensor_to_controller,0.1747608184814453
sensor_to_controller,20.161867141723633
sensor_to_controller,6.0825347900390625
sensor_to_controller,26.3826847076416
sensor_to_controller,14.605522155761719
sensor_to_controller,1.4710426330566406
sensor_to_controller,21.451473236083984
sensor_to_controller,7.899761199951172
sensor_to_controller,27.75740623474121
sensor_to_controller,13.968467712402344
sensor_to_controller,1.8486976623535156
sensor_to_controller,21.361112594604492
sensor_to_controller,8.165597915649414
sensor_to_controller,27.615070343017578
sensor_to_controller,13.167142868041992
sensor_to_controller,4.482269287109375
sensor_to_controller,21.953582763671875
sensor_to_controller,7.513999938964844
sensor_to_controller,27.909040451049805
sensor_to_controller,14.62864875793457
sensor_to_controller,1.2233257293701172
sensor_to_controller,20.5838680267334
sensor_to_controller,8.930444717407227
sensor_to_controller,28.687477111816406
sensor_to_controller,15.427827835083008
sensor_to_controller,2.0515918731689453
sensor_to_controller,20.972728729248047
sensor_to_controller,7.223606109619141
sensor_to_controller,27.769804000854492
sensor_to_controller,14.589071273803711
sensor_to_controller,2.7718544006347656
sensor_to_controller,23.029088973999023
sensor_to_controller,8.113384246826172
sensor_to_controller,28.2285213470459
sensor_to_controller,14.196395874023438
sensor_to_controller,2.8412342071533203
sensor_to_controller,22.752761840820312
sensor_to_controller,7.835149765014648
sensor_to_controller,27.922391891479492
sensor_to_controller,13.893604278564453
sensor_to_controller,2.523183822631836
sensor_to_controller,22.317171096801758
sensor_to_controller,7.865667343139648
sensor_to_controller,27.880191802978516
sensor_to_controller,15.201568603515625
sensor_to_controller,1.4553070068359375
sensor_to_controller,21.629810333251953
sensor_to_controller,7.730007171630859
sensor_to_controller,27.652263641357422
sensor_to_controller,14.57834243774414
sensor_to_controller,0.4782676696777344
sensor_to_controller,20.582914352416992
sensor_to_controller,8.912324905395508
sensor_to_controller,28.769254684448242
sensor_to_controller,15.028238296508789
sensor_to_controller,2.1202564239501953
sensor_to_controller,20.320653915405273
sensor_to_controller,8.986711502075195
sensor_to_controller,28.901338577270508
sensor_to_controller,15.029668807983398
sensor_to_controller,1.6031265258789062
sensor_to_controller,21.41880989074707
sensor_to_controller,8.126974105834961
sensor_to_controller,27.929067611694336
sensor_to_controller,13.79084587097168
sensor_to_controller,0.102996826171875
sensor_to_controller,19.684553146362305
sensor_to_controller,7.231473922729492
sensor_to_controller,27.437210083007812
sensor_to_controller,14.519929885864258
sensor_to_controller,2.2788047790527344
sensor_to_controller,22.62568473815918
sensor_to_controller,7.843255996704102
sensor_to_controller,28.102636337280273
sensor_to_controller,14.790534973144531
sensor_to_controller,1.2805461883544922
sensor_to_controller,21.21448516845703
sensor_to_controller,9.053230285644531
sensor_to_controller,28.855085372924805
sensor_to_controller,15.300750732421875
sensor_to_controller,1.2295246124267578
sensor_to_controller,20.71547508239746
sensor_to_controller,8.918046951293945
sensor_to_controller,28.722286224365234
sensor_to_controller,15.06805419921875
sensor_to_controller,1.6014575958251953
sensor_to_controller,20.464181900024414
sensor_to_controller,8.354902267456055
sensor_to_controller,28.028488159179688
sensor_to_controller,14.163970947265625
sensor_to_controller,1.8367767333984375
sensor_to_controller,21.82912826538086
sensor_to_controller,8.214235305786133
sensor_to_controller,28.230667114257812
sensor_to_controller,14.920949935913086
sensor_to_controller,1.783609390258789
sensor_to_controller,21.997690200805664
sensor_to_controller,8.142232894897461
sensor_to_controller,28.334617614746094
sensor_to_controller,14.215230941772461
sensor_to_controller,1.1487007141113281
sensor_to_controller,20.440101623535156
sensor_to_controller,6.7272186279296875
sensor_to_controller,26.73792839050293
sensor_to_controller,13.421773910522461
sensor_to_controller,3.162860870361328
sensor_to_controller,21.378278732299805
sensor_to_controller,7.1239471435546875
sensor_to_controller,27.170658111572266
sensor_to_controller,13.87643814086914
sensor_to_controller,2.0084381103515625
sensor_to_controller,23.270606994628906
sensor_to_controller,7.665157318115234
sensor_to_controller,27.90689468383789
sensor_to_controller,13.487577438354492
sensor_to_controller,1.8589496612548828
sensor_to_controller,21.216869354248047
sensor_to_controller,7.718801498413086
sensor_to_controller,27.835369110107422
sensor_to_controller,13.663768768310547
sensor_to_controller,1.4615058898925781
sensor_to_controller,21.322250366210938
sensor_to_controller,8.309364318847656
sensor_to_controller,28.138399124145508
sensor_to_controller,14.781951904296875
sensor_to_controller,2.114534378051758
sensor_to_controller,22.106170654296875
sensor_to_controller,7.83538818359375
sensor_to_controller,28.188228607177734
sensor_to_controller,13.868331909179688
sensor_to_controller,2.0837783813476562
sensor_to_controller,22.47905731201172
sensor_to_controller,7.2879791259765625
sensor_to_controller,27.277231216430664
sensor_to_controller,14.069557189941406
sensor_to_controller,1.6968250274658203
sensor_to_controller,22.114038467407227
sensor_to_controller,8.876562118530273
sensor_to_controller,28.634071350097656
sensor_to_controller,14.723062515258789
sensor_to_controller,2.8662681579589844
sensor_to_controller,23.376941680908203
sensor_to_controller,7.921695709228516
sensor_to_controller,27.892112731933594
sensor_to_controller,14.664649963378906
sensor_to_controller,2.8340816497802734
sensor_to_controller,22.47333526611328
sensor_to_controller,7.768154144287109
sensor_to_controller,27.762889862060547
sensor_to_controller,14.048099517822266
sensor_to_controller,2.2919178009033203
sensor_to_controller,22.600650787353516
sensor_to_controller,7.898092269897461
sensor_to_controller,28.04422378540039
sensor_to_controller,14.108419418334961
sensor_to_controller,1.9540786743164062
sensor_to_controller,22.238492965698242
sensor_to_controller,7.3528289794921875
sensor_to_controller,27.550935745239258
sensor_to_controller,14.059066772460938
sensor_to_controller,1.0781288146972656
sensor_to_controller,19.8209285736084
sensor_to_controller,7.052898406982422
sensor_to_controller,26.76558494567871
sensor_to_controller,14.703989028930664
sensor_to_controller,1.0981559753417969
sensor_to_controller,20.260095596313477
sensor_to_controller,6.942510604858398
sensor_to_controller,27.11796760559082
sensor_to_controller,14.875173568725586
sensor_to_controller,1.756906509399414
sensor_to_controller,22.15743064880371
sensor_to_controller,8.081436157226562
sensor_to_controller,27.901172637939453
sensor_to_controller,14.812231063842773
sensor_to_controller,2.446413040161133
sensor_to_controller,22.463321685791016
sensor_to_controller,8.229970932006836
sensor_to_controller,28.188705444335938
sensor_to_controller,14.688730239868164
sensor_to_controller,2.7098655700683594
sensor_to_controller,23.03171157836914
sensor_to_controller,7.684230804443359
sensor_to_controller,27.302265167236328
sensor_to_controller,14.079093933105469
sensor_to_controller,1.3365745544433594
sensor_to_controller,20.816564559936523
sensor_to_controller,7.078647613525391
sensor_to_controller,27.27532386779785
sensor_to_controller,14.056205749511719
sensor_to_controller,1.8131732940673828
sensor_to_controller,22.04728126525879
sensor_to_controller,7.977724075317383
sensor_to_controller,27.787208557128906
sensor_to_controller,15.124797821044922
sensor_to_controller,2.4132728576660156
sensor_to_controller,19.249677658081055
sensor_to_controller,7.973909378051758
sensor_to_controller,28.06568145751953
sensor_to_controller,13.599872589111328
sensor_to_controller,1.2860298156738281
sensor_to_controller,20.814895629882812
sensor_to_controller,8.836984634399414
sensor_to_controller,28.848886489868164
sensor_to_controller,14.863729476928711
sensor_to_controller,2.1467208862304688
sensor_to_controller,22.321462631225586
sensor_to_controller,7.751703262329102
sensor_to_controller,28.040647506713867
sensor_to_controller,13.333559036254883
sensor_to_controller,1.2717247009277344
sensor_to_controller,20.847320556640625
sensor_to_controller,7.964134216308594
sensor_to_controller,28.252601623535156
sensor_to_controller,13.100862503051758
sensor_to_controller,1.0094642639160156
sensor_to_controller,20.854949951171875
sensor_to_controller,7.2727203369140625
sensor_to_controller,28.298377990722656
sensor_to_controller,14.318466186523438
sensor_to_controller,2.0346641540527344
sensor_to_controller,21.87490463256836
sensor_to_controller,7.813692092895508
sensor_to_controller,27.48703956604004
sensor_to_controller,13.49782943725586
sensor_to_controller,0.07367134094238281
sensor_to_controller,19.05035972595215
sensor_to_controller,7.454633712768555
sensor_to_controller,27.559518814086914
sensor_to_controller,14.309406280517578
sensor_to_controller,2.165555953979492
sensor_to_controller,22.402048110961914
sensor_to_controller,8.400201797485352
sensor_to_controller,28.453588485717773
sensor_to_controller,13.72528076171875
sensor_to_controller,1.89971923828125
sensor_to_controller,21.620512008666992
sensor_to_controller,7.878303527832031
sensor_to_controller,27.878999710083008
sensor_to_controller,14.327287673950195
sensor_to_controller,1.04522705078125
sensor_to_controller,20.780563354492188
sensor_to_controller,7.554769515991211
sensor_to_controller,27.431726455688477
sensor_to_controller,14.119386672973633
sensor_to_controller,2.3953914642333984
sensor_to_controller,22.235393524169922
sensor_to_controller,8.250951766967773
sensor_to_controller,27.994871139526367
sensor_to_controller,13.750314712524414
sensor_to_controller,2.64739990234375
sensor_to_controller,22.711753845214844
sensor_to_controller,8.348464965820312
sensor_to_controller,28.046846389770508
sensor_to_controller,13.170957565307617
sensor_to_controller,1.556396484375
sensor_to_controller,21.01731300354004
sensor_to_controller,7.407903671264648
sensor_to_controller,27.551889419555664
sensor_to_controller,13.897895812988281
sensor_to_controller,0.21028518676757812
sensor_to_controller,19.74177360534668
sensor_to_controller,7.912397384643555
sensor_to_controller,27.823448181152344
sensor_to_controller,14.03951644897461
sensor_to_controller,1.5799999237060547
sensor_to_controller,20.704030990600586
sensor_to_controller,7.431268692016602
sensor_to_controller,27.443885803222656
sensor_to_controller,14.292001724243164
sensor_to_controller,1.2974739074707031
sensor_to_controller,20.429611206054688
sensor_to_controller,7.822275161743164
sensor_to_controller,27.64105796813965
sensor_to_controller,14.405488967895508
sensor_to_controller,2.0551681518554688
sensor_to_controller,22.145509719848633
sensor_to_controller,8.118391036987305
sensor_to_controller,28.469085693359375
sensor_to_controller,13.284444808959961
sensor_to_controller,0.15687942504882812
sensor_to_controller,19.4547176361084
sensor_to_controller,8.035421371459961
sensor_to_controller,27.979612350463867
sensor_to_controller,15.456676483154297
sensor_to_controller,1.4827251434326172
sensor_to_controller,21.17609977722168
sensor_to_controller,9.182929992675781
sensor_to_controller,28.915882110595703
sensor_to_controller,15.876531600952148
sensor_to_controller,2.3000240325927734
sensor_to_controller,22.431135177612305
sensor_to_controller,7.818937301635742
sensor_to_controller,27.866840362548828
sensor_to_controller,14.767885208129883
sensor_to_controller,2.412557601928711
sensor_to_controller,22.69911766052246
sensor_to_controller,8.225440979003906
sensor_to_controller,28.21660041809082
sensor_to_controller,14.225244522094727
sensor_to_controller,2.2003650665283203
sensor_to_controller,21.904706954956055
sensor_to_controller,8.476495742797852
sensor_to_controller,28.438091278076172
sensor_to_controller,13.420820236206055
sensor_to_controller,2.345561981201172
sensor_to_controller,21.892309188842773
sensor_to_controller,8.479118347167969
sensor_to_controller,28.447389602661133
sensor_to_controller,15.366077423095703
sensor_to_controller,2.382516860961914
sensor_to_controller,21.36826515197754
sensor_to_controller,7.912158966064453
sensor_to_controller,28.059720993041992
sensor_to_controller,14.205694198608398
sensor_to_controller,3.3867359161376953
sensor_to_controller,22.405624389648438
sensor_to_controller,7.789850234985352
sensor_to_controller,27.656078338623047
sensor_to_controller,13.792991638183594
sensor_to_controller,1.7197132110595703
sensor_to_controller,21.9571590423584
sensor_to_controller,7.766008377075195
sensor_to_controller,27.703285217285156
sensor_to_controller,14.3585205078125
sensor_to_controller,2.0182132720947266
sensor_to_controller,21.708250045776367
sensor_to_controller,8.084774017333984
sensor_to_controller,27.902841567993164
sensor_to_controller,13.668298721313477
sensor_to_controller,2.836942672729492
sensor_to_controller,22.6442813873291
sensor_to_controller,8.493185043334961
sensor_to_controller,29.21009063720703
sensor_to_controller,13.730049133300781
sensor_to_controller,2.701997756958008
sensor_to_controller,22.91417121887207
sensor_to_controller,8.478879928588867
sensor_to_controller,28.763532638549805
sensor_to_controller,15.142679214477539
sensor_to_controller,1.1928081512451172
sensor_to_controller,19.65808868408203
sensor_to_controller,7.722616195678711
sensor_to_controller,27.705907821655273
sensor_to_controller,14.342546463012695
sensor_to_controller,2.3508071899414062
sensor_to_controller,22.654294967651367
sensor_to_controller,8.323431015014648
sensor_to_controller,28.40876579284668
sensor_to_controller,15.059947967529297
sensor_to_controller,2.735614776611328
sensor_to_controller,23.195981979370117
sensor_to_controller,8.689641952514648
sensor_to_controller,28.63311767578125
sensor_to_controller,14.910697937011719
sensor_to_controller,1.5692710876464844
sensor_to_controller,21.76809310913086
sensor_to_controller,8.605480194091797
sensor_to_controller,28.316259384155273
sensor_to_controller,14.316797256469727
sensor_to_controller,2.0940303802490234
sensor_to_controller,22.161245346069336
sensor_to_controller,8.21065902709961
sensor_to_controller,28.14340591430664
sensor_to_controller,15.027999877929688
sensor_to_controller,2.470254898071289
sensor_to_controller,22.893905639648438
sensor_to_controller,7.9936981201171875
sensor_to_controller,27.965784072875977
sensor_to_controller,14.808893203735352
sensor_to_controller,2.8634071350097656
sensor_to_controller,22.90940284729004
sensor_to_controller,7.699489593505859
sensor_to_controller,27.823686599731445
sensor_to_controller,14.266729354858398
sensor_to_controller,2.2614002227783203
sensor_to_controller,22.49598503112793
sensor_to_controller,7.658720016479492
sensor_to_controller,27.602434158325195
sensor_to_controller,14.289379119873047
sensor_to_controller,1.997232437133789
sensor_to_controller,22.022008895874023
sensor_to_controller,8.196830749511719
sensor_to_controller,28.22113037109375
sensor_to_controller,13.817548751831055
sensor_to_controller,2.779722213745117
sensor_to_controller,23.011207580566406
sensor_to_controller,8.262395858764648
sensor_to_controller,28.000354766845703
sensor_to_controller,14.5721435546875
sensor_to_controller,2.7735233306884766
sensor_to_controller,23.18120002746582
sensor_to_controller,8.15439224243164
sensor_to_controller,27.932405471801758
sensor_to_controller,14.484405517578125
sensor_to_controller,2.035856246948242
sensor_to_controller,22.370338439941406
sensor_to_controller,8.263587951660156
sensor_to_controller,28.095722198486328
sensor_to_controller,13.361692428588867
sensor_to_controller,2.0453929901123047
sensor_to_controller,20.624876022338867
sensor_to_controller,7.80034065246582
sensor_to_controller,27.49800682067871
sensor_to_controller,13.980865478515625
sensor_to_controller,0.27251243591308594
sensor_to_controller,19.50216293334961
sensor_to_controller,8.102655410766602
sensor_to_controller,27.85944938659668
sensor_to_controller,13.222932815551758
sensor_to_controller,2.367734909057617
sensor_to_controller,21.451234817504883
sensor_to_controller,8.254528045654297
sensor_to_controller,28.10835838317871
sensor_to_controller,12.755393981933594
sensor_to_controller,1.4350414276123047
sensor_to_controller,21.26336097717285
sensor_to_controller,9.607315063476562
sensor_to_controller,28.90610694885254
sensor_to_controller,16.021728515625
sensor_to_controller,1.7998218536376953
sensor_to_controller,21.1946964263916
sensor_to_controller,8.487701416015625
sensor_to_controller,28.330087661743164
sensor_to_controller,14.281511306762695
sensor_to_controller,1.0662078857421875
sensor_to_controller,20.946502685546875
sensor_to_controller,8.466720581054688
sensor_to_controller,28.246641159057617
sensor_to_controller,15.949010848999023
sensor_to_controller,1.2898445129394531
sensor_to_controller,20.933151245117188
sensor_to_controller,8.268594741821289
sensor_to_controller,28.189897537231445
sensor_to_controller,13.417959213256836
sensor_to_controller,2.4008750915527344
sensor_to_controller,20.85280418395996
sensor_to_controller,8.749723434448242
sensor_to_controller,28.45454216003418
sensor_to_controller,15.25425910949707
sensor_to_controller,2.0449161529541016
sensor_to_controller,22.172927856445312
sensor_to_controller,8.382797241210938
sensor_to_controller,28.143882751464844
sensor_to_controller,13.582229614257812
sensor_to_controller,1.5416145324707031
sensor_to_controller,21.78049087524414
sensor_to_controller,7.332563400268555
sensor_to_controller,27.411222457885742
sensor_to_controller,15.062093734741211
sensor_to_controller,1.4197826385498047
sensor_to_controller,20.191669464111328
sensor_to_controller,7.499217987060547
sensor_to_controller,27.218341827392578
sensor_to_controller,14.056921005249023
sensor_to_controller,1.829385757446289
sensor_to_controller,20.66326141357422
sensor_to_controller,7.440328598022461
sensor_to_controller,27.251720428466797
sensor_to_controller,15.191793441772461
sensor_to_controller,2.741098403930664
sensor_to_controller,22.802352905273438
sensor_to_controller,7.982969284057617
sensor_to_controller,27.82917022705078
sensor_to_controller,14.554977416992188
sensor_to_controller,1.935720443725586
sensor_to_controller,22.31287956237793
sensor_to_controller,8.53586196899414
sensor_to_controller,28.522014617919922
sensor_to_controller,14.089107513427734
sensor_to_controller,0.28586387634277344
sensor_to_controller,18.88275146484375
sensor_to_controller,7.089138031005859
sensor_to_controller,27.14395523071289
sensor_to_controller,13.626813888549805
sensor_to_controller,2.099752426147461
sensor_to_controller,20.961999893188477
sensor_to_controller,6.943225860595703
sensor_to_controller,27.095794677734375
sensor_to_controller,14.728546142578125
sensor_to_controller,1.749277114868164
sensor_to_controller,21.41118049621582
sensor_to_controller,8.863449096679688
sensor_to_controller,28.627872467041016
sensor_to_controller,15.557289123535156
sensor_to_controller,1.0426044464111328
sensor_to_controller,20.103931427001953
sensor_to_controller,9.144783020019531
sensor_to_controller,29.215335845947266
sensor_to_controller,15.66457748413086
sensor_to_controller,1.5251636505126953
sensor_to_controller,20.667552947998047
sensor_to_controller,9.173393249511719
sensor_to_controller,29.153108596801758
sensor_to_controller,15.265464782714844
sensor_to_controller,2.122163772583008
sensor_to_controller,21.375179290771484
sensor_to_controller,8.393287658691406
sensor_to_controller,28.264522552490234
sensor_to_controller,14.947175979614258
sensor_to_controller,2.7959346771240234
sensor_to_controller,22.696971893310547
sensor_to_controller,8.201837539672852
sensor_to_controller,27.909040451049805
sensor_to_controller,14.063119888305664
sensor_to_controller,1.920938491821289
sensor_to_controller,22.017955780029297
sensor_to_controller,7.657289505004883
sensor_to_controller,27.79221534729004
sensor_to_controller,14.846086502075195
sensor_to_controller,1.9304752349853516
sensor_to_controller,21.463632583618164
sensor_to_controller,9.086847305297852
sensor_to_controller,28.42545509338379
sensor_to_controller,15.752315521240234
sensor_to_controller,2.2013187408447266
sensor_to_controller,22.19986915588379
sensor_to_controller,8.287429809570312
sensor_to_controller,28.09429168701172
sensor_to_controller,15.6402587890625
sensor_to_controller,1.6715526580810547
sensor_to_controller,21.575212478637695
sensor_to_controller,7.650613784790039
sensor_to_controller,27.645349502563477
sensor_to_controller,14.596939086914062
sensor_to_controller,1.8281936645507812
sensor_to_controller,21.956682205200195
sensor_to_controller,9.280920028686523
sensor_to_controller,29.17170524597168
sensor_to_controller,14.404773712158203
sensor_to_controller,2.3076534271240234
sensor_to_controller,21.87061309814453
sensor_to_controller,9.348154067993164
sensor_to_controller,29.289960861206055
sensor_to_controller,15.575647354125977
sensor_to_controller,1.5141963958740234
sensor_to_controller,21.339893341064453
sensor_to_controller,7.680416107177734
sensor_to_controller,27.724504470825195
sensor_to_controller,13.967514038085938
sensor_to_controller,1.8563270568847656
sensor_to_controller,21.91162109375
sensor_to_controller,9.061574935913086
sensor_to_controller,28.754711151123047
sensor_to_controller,15.093088150024414
sensor_to_controller,0.07653236389160156
sensor_to_controller,19.852876663208008
sensor_to_controller,8.587837219238281
sensor_to_controller,28.951406478881836
sensor_to_controller,15.044450759887695
sensor_to_controller,2.505779266357422
sensor_to_controller,22.716760635375977
sensor_to_controller,7.648468017578125
sensor_to_controller,27.472734451293945
sensor_to_controller,14.66989517211914
sensor_to_controller,3.2196044921875
sensor_to_controller,23.192405700683594
sensor_to_controller,9.23776626586914
sensor_to_controller,29.013872146606445
sensor_to_controller,14.450788497924805
sensor_to_controller,1.7719268798828125
sensor_to_controller,21.4388370513916
sensor_to_controller,8.330583572387695
sensor_to_controller,28.464794158935547
sensor_to_controller,13.63062858581543
sensor_to_controller,3.1697750091552734
sensor_to_controller,23.030519485473633
sensor_to_controller,9.406328201293945
sensor_to_controller,29.378175735473633
sensor_to_controller,15.292882919311523
sensor_to_controller,2.1893978118896484
sensor_to_controller,20.725011825561523
sensor_to_controller,8.173465728759766
sensor_to_controller,28.165102005004883
sensor_to_controller,13.97252082824707
sensor_to_controller,0.9164810180664062
sensor_to_controller,21.010875701904297
sensor_to_controller,7.930517196655273
sensor_to_controller,27.820825576782227
sensor_to_controller,14.63770866394043
sensor_to_controller,2.6967525482177734
sensor_to_controller,22.594451904296875
sensor_to_controller,7.8487396240234375
sensor_to_controller,27.906179428100586
sensor_to_controller,15.119075775146484
sensor_to_controller,1.8396377563476562
sensor_to_controller,21.73328399658203
sensor_to_controller,7.791757583618164
sensor_to_controller,27.92501449584961
sensor_to_controller,14.826774597167969
sensor_to_controller,2.4251937866210938
sensor_to_controller,22.627592086791992
sensor_to_controller,7.803440093994141
sensor_to_controller,27.628660202026367
sensor_to_controller,15.263795852661133
sensor_to_controller,2.7513504028320312
sensor_to_controller,22.524356842041016
sensor_to_controller,8.159399032592773
sensor_to_controller,27.834653854370117
sensor_to_controller,14.604806900024414
sensor_to_controller,3.043651580810547
sensor_to_controller,23.531198501586914
sensor_to_controller,8.553743362426758
sensor_to_controller,28.532028198242188
sensor_to_controller,14.987707138061523
sensor_to_controller,2.6586055755615234
sensor_to_controller,22.816896438598633
sensor_to_controller,9.386539459228516
sensor_to_controller,29.376983642578125
sensor_to_controller,15.470743179321289
sensor_to_controller,1.6412734985351562
sensor_to_controller,21.2557315826416
sensor_to_controller,8.462190628051758
sensor_to_controller,28.439760208129883
sensor_to_controller,15.541315078735352
sensor_to_controller,0.05602836608886719
sensor_to_controller,19.851207733154297
sensor_to_controller,7.528543472290039
sensor_to_controller,27.446269989013672
sensor_to_controller,14.288187026977539
sensor_to_controller,2.4023056030273438
sensor_to_controller,22.42255210876465
sensor_to_controller,5.921363830566406
sensor_to_controller,26.088714599609375
sensor_to_controller,13.300180435180664
sensor_to_controller,1.5876293182373047
sensor_to_controller,21.25263214111328
sensor_to_controller,8.140802383422852
sensor_to_controller,28.49292755126953
sensor_to_controller,14.248847961425781
sensor_to_controller,1.2590885162353516
sensor_to_controller,20.2486515045166
sensor_to_controller,8.691072463989258
sensor_to_controller,28.55992317199707
sensor_to_controller,15.656709671020508
sensor_to_controller,2.2194385528564453
sensor_to_controller,22.594690322875977
sensor_to_controller,7.985591888427734
sensor_to_controller,28.204917907714844
sensor_to_controller,15.483617782592773
sensor_to_controller,1.8029212951660156
sensor_to_controller,19.680023193359375
sensor_to_controller,7.248640060424805
sensor_to_controller,27.28438377380371
sensor_to_controller,14.749765396118164
sensor_to_controller,2.7697086334228516
sensor_to_controller,21.152973175048828
sensor_to_controller,8.072853088378906
sensor_to_controller,27.907133102416992
sensor_to_controller,14.333486557006836
sensor_to_controller,2.6235580444335938
sensor_to_controller,23.211240768432617
sensor_to_controller,8.266448974609375
sensor_to_controller,27.823448181152344
sensor_to_controller,15.505552291870117
sensor_to_controller,3.0438899993896484
sensor_to_controller,23.260831832885742
sensor_to_controller,8.513689041137695
sensor_to_controller,28.63931655883789
sensor_to_controller,14.489412307739258
sensor_to_controller,1.3659000396728516
sensor_to_controller,20.302295684814453
sensor_to_controller,9.042024612426758
sensor_to_controller,28.783082962036133
sensor_to_controller,15.661239624023438
sensor_to_controller,0.13184547424316406
sensor_to_controller,18.87798309326172
sensor_to_controller,7.956027984619141
sensor_to_controller,28.77640724182129
sensor_to_controller,14.943361282348633
sensor_to_controller,1.148223876953125
sensor_to_controller,19.910097122192383
sensor_to_controller,8.005857467651367
sensor_to_controller,28.139352798461914
sensor_to_controller,13.745546340942383
sensor_to_controller,1.7287731170654297
sensor_to_controller,22.7663516998291
sensor_to_controller,7.466793060302734
sensor_to_controller,27.77266502380371
sensor_to_controller,14.480352401733398
sensor_to_controller,2.0596981048583984
sensor_to_controller,22.306203842163086
sensor_to_controller,7.603883743286133
sensor_to_controller,27.689218521118164
sensor_to_controller,15.185832977294922
sensor_to_controller,2.2308826446533203
sensor_to_controller,22.58014678955078
sensor_to_controller,8.23068618774414
sensor_to_controller,28.39350700378418
sensor_to_controller,15.544414520263672
sensor_to_controller,1.424551010131836
sensor_to_controller,21.347999572753906
sensor_to_controller,7.542848587036133
sensor_to_controller,27.719497680664062
sensor_to_controller,15.211820602416992
sensor_to_controller,1.4429092407226562
sensor_to_controller,21.758556365966797
sensor_to_controller,9.193897247314453
sensor_to_controller,28.96738052368164
sensor_to_controller,13.983964920043945
sensor_to_controller,3.386974334716797
sensor_to_controller,22.983551025390625
sensor_to_controller,8.121252059936523
sensor_to_controller,28.365135192871094
sensor_to_controller,14.834403991699219
sensor_to_controller,2.3593902587890625
sensor_to_controller,22.44281768798828
sensor_to_controller,7.827043533325195
sensor_to_controller,27.78172492980957
sensor_to_controller,15.503406524658203
sensor_to_controller,2.768278121948242
sensor_to_controller,22.70960807800293
sensor_to_controller,8.397102355957031
sensor_to_controller,28.775930404663086
sensor_to_controller,15.213489532470703
sensor_to_controller,2.545595169067383
sensor_to_controller,22.584915161132812
sensor_to_controller,7.947444915771484
sensor_to_controller,27.96149253845215
sensor_to_controller,14.693498611450195
sensor_to_controller,1.8069744110107422
sensor_to_controller,20.277023315429688
sensor_to_controller,7.883310317993164
sensor_to_controller,29.82020378112793
sensor_to_controller,13.483524322509766
sensor_to_controller,2.2165775299072266
sensor_to_controller,22.247791290283203
sensor_to_controller,8.353710174560547
sensor_to_controller,27.805566787719727
sensor_to_controller,14.9688720703125
sensor_to_controller,2.228260040283203
sensor_to_controller,22.462844848632812
sensor_to_controller,8.52060317993164
sensor_to_controller,28.603792190551758
sensor_to_controller,14.697551727294922
sensor_to_controller,2.173185348510742
sensor_to_controller,22.147655487060547
sensor_to_controller,8.407354354858398
sensor_to_controller,28.092145919799805
sensor_to_controller,15.058040618896484
sensor_to_controller,2.853870391845703
sensor_to_controller,22.986173629760742
sensor_to_controller,9.361505508422852
sensor_to_controller,29.242753982543945
sensor_to_controller,15.647172927856445
sensor_to_controller,2.834796905517578
sensor_to_controller,22.609233856201172
sensor_to_controller,7.2612762451171875
sensor_to_controller,26.937484741210938
sensor_to_controller,16.27516746520996
sensor_to_controller,2.0842552185058594
sensor_to_controller,21.982908248901367
sensor_to_controller,7.864952087402344
sensor_to_controller,27.696847915649414
sensor_to_controller,15.647172927856445
sensor_to_controller,3.028392791748047
sensor_to_controller,20.801544189453125
sensor_to_controller,8.26716423034668
sensor_to_controller,28.051137924194336
sensor_to_controller,14.065742492675781
sensor_to_controller,1.5633106231689453
sensor_to_controller,21.60191535949707
sensor_to_controller,8.73112678527832
sensor_to_controller,28.724193572998047
sensor_to_controller,14.43934440612793
sensor_to_controller,3.1480789184570312
sensor_to_controller,22.58133888244629
sensor_to_controller,8.43667984008789
sensor_to_controller,28.666019439697266
sensor_to_controller,15.211343765258789
sensor_to_controller,2.041339874267578
sensor_to_controller,20.087480545043945
sensor_to_controller,7.203817367553711
sensor_to_controller,27.407407760620117
sensor_to_controller,14.488458633422852
sensor_to_controller,2.0322799682617188
sensor_to_controller,21.05426788330078
sensor_to_controller,8.198261260986328
sensor_to_controller,28.341293334960938
sensor_to_controller,15.28167724609375
sensor_to_controller,2.8645992279052734
sensor_to_controller,22.93705940246582
sensor_to_controller,8.14676284790039
sensor_to_controller,28.18155288696289
sensor_to_controller,15.328645706176758
sensor_to_controller,2.5517940521240234
sensor_to_controller,22.65453338623047
sensor_to_controller,8.133649826049805
sensor_to_controller,27.759552001953125
sensor_to_controller,13.63682746887207
sensor_to_controller,1.661539077758789
sensor_to_controller,21.47817611694336
sensor_to_controller,7.586956024169922
sensor_to_controller,27.58049964904785
sensor_to_controller,14.711856842041016
sensor_to_controller,1.8396377563476562
sensor_to_controller,21.13795280456543
sensor_to_controller,8.416414260864258
sensor_to_controller,27.97722816467285
sensor_to_controller,16.7388916015625
sensor_to_controller,2.1958351135253906
sensor_to_controller,22.230863571166992
sensor_to_controller,7.307767868041992
sensor_to_controller,27.370691299438477
sensor_to_controller,14.681816101074219
sensor_to_controller,2.200603485107422
sensor_to_controller,22.177457809448242
sensor_to_controller,8.596181869506836
sensor_to_controller,28.414487838745117
sensor_to_controller,15.081405639648438
sensor_to_controller,2.8924942016601562
sensor_to_controller,22.576093673706055
sensor_to_controller,8.497953414916992
sensor_to_controller,28.48672866821289
sensor_to_controller,15.305280685424805
sensor_to_controller,1.8796920776367188
sensor_to_controller,21.906375885009766
sensor_to_controller,8.467435836791992
sensor_to_controller,28.6409854888916
sensor_to_controller,15.162229537963867
sensor_to_controller,3.1082630157470703
sensor_to_controller,23.265361785888672
sensor_to_controller,9.022951126098633
sensor_to_controller,28.722047805786133
sensor_to_controller,13.953208923339844
sensor_to_controller,4.239320755004883
sensor_to_controller,23.152589797973633
sensor_to_controller,8.26883316040039
sensor_to_controller,27.933597564697266
sensor_to_controller,13.602256774902344
sensor_to_controller,1.191854476928711
sensor_to_controller,20.55048942565918
sensor_to_controller,9.007453918457031
sensor_to_controller,29.156923294067383
sensor_to_controller,15.415191650390625
sensor_to_controller,2.694368362426758
sensor_to_controller,23.105859756469727
sensor_to_controller,8.522510528564453
sensor_to_controller,27.95577049255371
sensor_to_controller,15.119075775146484
sensor_to_controller,3.060579299926758
sensor_to_controller,22.859811782836914
sensor_to_controller,7.959842681884766
sensor_to_controller,27.861356735229492
sensor_to_controller,14.394283294677734
sensor_to_controller,2.492189407348633
sensor_to_controller,22.297143936157227
sensor_to_controller,8.225440979003906
sensor_to_controller,28.473615646362305
sensor_to_controller,14.279842376708984
sensor_to_controller,2.8324127197265625
sensor_to_controller,22.661209106445312
sensor_to_controller,8.968353271484375
sensor_to_controller,28.583526611328125
sensor_to_controller,15.277624130249023
sensor_to_controller,2.274751663208008
sensor_to_controller,22.69768714904785
sensor_to_controller,7.8067779541015625
sensor_to_controller,27.8470516204834
sensor_to_controller,14.317989349365234
sensor_to_controller,2.3877620697021484
sensor_to_controller,22.790193557739258
sensor_to_controller,9.263753890991211
sensor_to_controller,28.857707977294922
sensor_to_controller,14.772176742553711
sensor_to_controller,0.09942054748535156
sensor_to_controller,19.468069076538086
sensor_to_controller,9.268999099731445
sensor_to_controller,29.242753982543945
sensor_to_controller,14.092445373535156
sensor_to_controller,0.08106231689453125
sensor_to_controller,19.018173217773438
sensor_to_controller,9.714126586914062
sensor_to_controller,29.65545654296875
sensor_to_controller,14.748811721801758
sensor_to_controller,2.1283626556396484
sensor_to_controller,22.417545318603516
sensor_to_controller,8.910417556762695
sensor_to_controller,28.62238883972168
sensor_to_controller,14.556169509887695
sensor_to_controller,1.0819435119628906
sensor_to_controller,20.495891571044922
sensor_to_controller,8.76164436340332
sensor_to_controller,28.87248992919922
sensor_to_controller,16.1893367767334
sensor_to_controller,1.3284683227539062
sensor_to_controller,19.620895385742188
sensor_to_controller,9.346961975097656
sensor_to_controller,28.923988342285156
sensor_to_controller,14.882326126098633
sensor_to_controller,1.9347667694091797
sensor_to_controller,21.459341049194336
sensor_to_controller,8.642196655273438
sensor_to_controller,28.481006622314453
sensor_to_controller,15.268564224243164
sensor_to_controller,2.148866653442383
sensor_to_controller,20.34735679626465
sensor_to_controller,9.63592529296875
sensor_to_controller,29.438257217407227
sensor_to_controller,16.029834747314453
sensor_to_controller,2.686738967895508
sensor_to_controller,22.774934768676758
sensor_to_controller,7.97271728515625
sensor_to_controller,28.126001358032227
sensor_to_controller,15.304803848266602
sensor_to_controller,1.1188983917236328
sensor_to_controller,21.417856216430664
sensor_to_controller,7.704734802246094
sensor_to_controller,27.706384658813477
sensor_to_controller,14.130830764770508
sensor_to_controller,1.6710758209228516
sensor_to_controller,22.139310836791992
sensor_to_controller,8.068084716796875
sensor_to_controller,27.738094329833984
sensor_to_controller,16.03555679321289
sensor_to_controller,2.463102340698242
sensor_to_controller,22.609949111938477
sensor_to_controller,8.519411087036133
sensor_to_controller,28.229475021362305
sensor_to_controller,15.66314697265625
sensor_to_controller,2.9146671295166016
sensor_to_controller,22.661447525024414
sensor_to_controller,8.442878723144531
sensor_to_controller,28.409719467163086
sensor_to_controller,14.624834060668945
sensor_to_controller,1.8894672393798828
sensor_to_controller,22.02582359313965
sensor_to_controller,9.886741638183594
sensor_to_controller,28.969287872314453
sensor_to_controller,16.308307647705078
sensor_to_controller,2.7272701263427734
sensor_to_controller,22.918701171875
sensor_to_controller,8.542299270629883
sensor_to_controller,28.929471969604492
sensor_to_controller,15.388727188110352
sensor_to_controller,3.1805038452148438
sensor_to_controller,23.362398147583008
sensor_to_controller,8.411169052124023
sensor_to_controller,28.490781784057617
sensor_to_controller,14.176130294799805
sensor_to_controller,1.0142326354980469
sensor_to_controller,20.626544952392578
sensor_to_controller,8.541584014892578
sensor_to_controller,28.217315673828125
sensor_to_controller,15.567541122436523
sensor_to_controller,2.2950172424316406
sensor_to_controller,20.877361297607422
sensor_to_controller,7.7533721923828125
sensor_to_controller,27.878761291503906
sensor_to_controller,16.117095947265625
sensor_to_controller,1.5957355499267578
sensor_to_controller,20.860671997070312
sensor_to_controller,8.299827575683594
sensor_to_controller,28.11598777770996
sensor_to_controller,15.305280685424805
sensor_to_controller,2.9630661010742188
sensor_to_controller,23.220062255859375
sensor_to_controller,8.878231048583984
sensor_to_controller,28.44691276550293
sensor_to_controller,14.694452285766602
sensor_to_controller,2.6769638061523438
sensor_to_controller,22.510051727294922
sensor_to_controller,7.577180862426758
sensor_to_controller,27.558088302612305
sensor_to_controller,15.574932098388672
sensor_to_controller,2.6979446411132812
sensor_to_controller,22.749662399291992
sensor_to_controller,7.557392120361328
sensor_to_controller,27.580738067626953
sensor_to_controller,14.057636260986328
sensor_to_controller,3.1545162200927734
sensor_to_controller,22.77684211730957
sensor_to_controller,9.459257125854492
sensor_to_controller,29.389381408691406
sensor_to_controller,16.76011085510254
sensor_to_controller,2.681255340576172
sensor_to_controller,22.673606872558594
sensor_to_controller,9.355545043945312
sensor_to_controller,29.28948402404785
sensor_to_controller,16.146183013916016
sensor_to_controller,1.338958740234375
sensor_to_controller,20.6148624420166
sensor_to_controller,8.392572402954102
sensor_to_controller,28.829574584960938
sensor_to_controller,14.285802841186523
sensor_to_controller,2.2149085998535156
sensor_to_controller,22.698640823364258
sensor_to_controller,8.366823196411133
sensor_to_controller,28.426647186279297
controller_to_actuator_command,16.398191452026367
controller_to_actuator_command,16.105175018310547
controller_to_actuator_command,16.19267463684082
controller_to_actuator_command,14.961481094360352
controller_to_actuator_command,16.429901123046875
controller_to_actuator_command,16.09969139099121
controller_to_actuator_command,16.267061233520508
controller_to_actuator_command,16.332149505615234
controller_to_actuator_command,14.894485473632812
controller_to_actuator_command,16.2198543548584
controller_to_actuator_command,16.265153884887695
controller_to_actuator_command,16.085147857666016
controller_to_actuator_command,16.37578010559082
controller_to_actuator_command,15.709638595581055
controller_to_actuator_command,16.835689544677734
controller_to_actuator_command,16.824722290039062
controller_to_actuator_command,16.2508487701416
controller_to_actuator_command,15.850067138671875
controller_to_actuator_command,15.864372253417969
controller_to_actuator_command,16.370773315429688
controller_to_actuator_command,15.832901000976562
controller_to_actuator_command,16.341686248779297
controller_to_actuator_command,16.010284423828125
controller_to_actuator_command,15.606403350830078
controller_to_actuator_command,16.152143478393555
controller_to_actuator_command,15.61737060546875
controller_to_actuator_command,16.185283660888672
controller_to_actuator_command,15.594244003295898
controller_to_actuator_command,15.243768692016602
controller_to_actuator_command,16.01862907409668
controller_to_actuator_command,15.860795974731445
controller_to_actuator_command,16.125202178955078
controller_to_actuator_command,15.921354293823242
controller_to_actuator_command,15.189409255981445
controller_to_actuator_command,16.4031982421875
controller_to_actuator_command,16.498565673828125
controller_to_actuator_command,15.848875045776367
controller_to_actuator_command,15.87533950805664
controller_to_actuator_command,13.623952865600586
controller_to_actuator_command,16.13306999206543
controller_to_actuator_command,15.98501205444336
controller_to_actuator_command,15.72418212890625
controller_to_actuator_command,15.672683715820312
controller_to_actuator_command,14.605522155761719
controller_to_actuator_command,15.826225280761719
controller_to_actuator_command,16.341447830200195
controller_to_actuator_command,16.21723175048828
controller_to_actuator_command,16.195058822631836
controller_to_actuator_command,14.9078369140625
controller_to_actuator_command,16.48545265197754
controller_to_actuator_command,16.05391502380371
controller_to_actuator_command,15.856266021728516
controller_to_actuator_command,16.12067222595215
controller_to_actuator_command,14.720678329467773
controller_to_actuator_command,16.875267028808594
controller_to_actuator_command,16.093015670776367
controller_to_actuator_command,16.4339542388916
controller_to_actuator_command,16.100168228149414
controller_to_actuator_command,15.646696090698242
controller_to_actuator_command,16.11042022705078
controller_to_actuator_command,16.3118839263916
controller_to_actuator_command,16.208410263061523
controller_to_actuator_command,15.741586685180664
controller_to_actuator_command,14.894485473632812
controller_to_actuator_command,15.834331512451172
controller_to_actuator_command,16.067028045654297
controller_to_actuator_command,16.13903045654297
controller_to_actuator_command,16.228437423706055
controller_to_actuator_command,15.035867691040039
controller_to_actuator_command,16.297578811645508
controller_to_actuator_command,16.158103942871094
controller_to_actuator_command,16.069889068603516
controller_to_actuator_command,16.2050724029541
controller_to_actuator_command,13.913869857788086
controller_to_actuator_command,16.123533248901367
controller_to_actuator_command,15.82479476928711
controller_to_actuator_command,16.238689422607422
controller_to_actuator_command,15.93923568725586
controller_to_actuator_command,15.670537948608398
controller_to_actuator_command,16.849279403686523
controller_to_actuator_command,15.342950820922852
controller_to_actuator_command,16.73579216003418
controller_to_actuator_command,16.271352767944336
controller_to_actuator_command,15.883922576904297
controller_to_actuator_command,16.440629959106445
controller_to_actuator_command,16.061782836914062
controller_to_actuator_command,16.510963439941406
controller_to_actuator_command,16.08133316040039
controller_to_actuator_command,15.150070190429688
controller_to_actuator_command,14.676094055175781
controller_to_actuator_command,16.00027084350586
controller_to_actuator_command,16.134023666381836
controller_to_actuator_command,16.15452766418457
controller_to_actuator_command,15.121698379516602
controller_to_actuator_command,16.41058921813965
controller_to_actuator_command,16.423463821411133
controller_to_actuator_command,16.009092330932617
controller_to_actuator_command,16.222715377807617
controller_to_actuator_command,15.748262405395508
controller_to_actuator_command,16.602754592895508
controller_to_actuator_command,16.027450561523438
controller_to_actuator_command,15.969514846801758
controller_to_actuator_command,15.882015228271484
controller_to_actuator_command,14.638662338256836
controller_to_actuator_command,16.564607620239258
controller_to_actuator_command,15.816211700439453
controller_to_actuator_command,16.37744903564453
controller_to_actuator_command,15.788078308105469
controller_to_actuator_command,16.10875129699707
controller_to_actuator_command,15.833854675292969
controller_to_actuator_command,15.88892936706543
controller_to_actuator_command,16.109704971313477
controller_to_actuator_command,15.87224006652832
controller_to_actuator_command,16.118526458740234
controller_to_actuator_command,16.46733283996582
controller_to_actuator_command,16.124725341796875
controller_to_actuator_command,16.219139099121094
controller_to_actuator_command,16.607046127319336
controller_to_actuator_command,14.030933380126953
controller_to_actuator_command,16.935110092163086
controller_to_actuator_command,16.213417053222656
controller_to_actuator_command,16.075611114501953
controller_to_actuator_command,15.93470573425293
controller_to_actuator_command,14.471054077148438
controller_to_actuator_command,16.538381576538086
controller_to_actuator_command,16.4639949798584
controller_to_actuator_command,16.791343688964844
controller_to_actuator_command,16.504764556884766
controller_to_actuator_command,15.857934951782227
controller_to_actuator_command,16.597986221313477
controller_to_actuator_command,15.85531234741211
controller_to_actuator_command,16.07060432434082
controller_to_actuator_command,15.787124633789062
controller_to_actuator_command,16.035079956054688
controller_to_actuator_command,16.83783531188965
controller_to_actuator_command,16.28589630126953
controller_to_actuator_command,16.156911849975586
controller_to_actuator_command,15.667200088500977
controller_to_actuator_command,16.390562057495117
controller_to_actuator_command,16.81995391845703
controller_to_actuator_command,16.211271286010742
controller_to_actuator_command,16.21222496032715
controller_to_actuator_command,16.472816467285156
controller_to_actuator_command,14.016866683959961
controller_to_actuator_command,16.803741455078125
controller_to_actuator_command,15.763282775878906
controller_to_actuator_command,15.625238418579102
controller_to_actuator_command,15.861749649047852
controller_to_actuator_command,15.153884887695312
controller_to_actuator_command,16.157150268554688
controller_to_actuator_command,16.194820404052734
controller_to_actuator_command,16.580820083618164
controller_to_actuator_command,16.24011993408203
controller_to_actuator_command,14.642953872680664
controller_to_actuator_command,16.399860382080078
controller_to_actuator_command,15.949726104736328
controller_to_actuator_command,16.089200973510742
controller_to_actuator_command,18.111228942871094
controller_to_actuator_command,15.581607818603516
controller_to_actuator_command,15.605926513671875
controller_to_actuator_command,16.361474990844727
controller_to_actuator_command,15.78211784362793
controller_to_actuator_command,15.623807907104492
controller_to_actuator_command,15.14124870300293
controller_to_actuator_command,17.20714569091797
controller_to_actuator_command,16.436338424682617
controller_to_actuator_command,16.69907569885254
controller_to_actuator_command,16.267776489257812
controller_to_actuator_command,15.71965217590332
controller_to_actuator_command,19.80137825012207
controller_to_actuator_command,15.254020690917969
controller_to_actuator_command,15.357255935668945
controller_to_actuator_command,16.344547271728516
controller_to_actuator_command,14.187097549438477
controller_to_actuator_command,16.002655029296875
controller_to_actuator_command,15.977144241333008
controller_to_actuator_command,15.821218490600586
controller_to_actuator_command,16.118526458740234
controller_to_actuator_command,16.602277755737305
controller_to_actuator_command,16.46590232849121
controller_to_actuator_command,16.29185676574707
controller_to_actuator_command,16.603708267211914
controller_to_actuator_command,15.788555145263672
controller_to_actuator_command,16.102075576782227
controller_to_actuator_command,16.356468200683594
controller_to_actuator_command,15.967130661010742
controller_to_actuator_command,16.00503921508789
controller_to_actuator_command,15.785455703735352
controller_to_actuator_command,15.910625457763672
controller_to_actuator_command,16.274690628051758
controller_to_actuator_command,16.00790023803711
controller_to_actuator_command,16.326427459716797
controller_to_actuator_command,16.19863510131836
controller_to_actuator_command,15.398502349853516
controller_to_actuator_command,16.079187393188477
controller_to_actuator_command,16.602516174316406
controller_to_actuator_command,16.287565231323242
controller_to_actuator_command,15.983343124389648
controller_to_actuator_command,16.050338745117188
controller_to_actuator_command,16.310930252075195
controller_to_actuator_command,16.188383102416992
controller_to_actuator_command,16.350984573364258
controller_to_actuator_command,16.041040420532227
controller_to_actuator_command,16.031265258789062
controller_to_actuator_command,16.00956916809082
controller_to_actuator_command,16.263246536254883
controller_to_actuator_command,16.47043228149414
controller_to_actuator_command,16.596555709838867
controller_to_actuator_command,15.967607498168945
controller_to_actuator_command,16.399860382080078
controller_to_actuator_command,15.465021133422852
controller_to_actuator_command,16.41368865966797
controller_to_actuator_command,16.03531837463379
controller_to_actuator_command,16.34526252746582
controller_to_actuator_command,16.476154327392578
controller_to_actuator_command,16.109943389892578
controller_to_actuator_command,16.00360870361328
controller_to_actuator_command,15.87224006652832
controller_to_actuator_command,15.897512435913086
controller_to_actuator_command,16.577482223510742
controller_to_actuator_command,15.943765640258789
controller_to_actuator_command,15.8538818359375
controller_to_actuator_command,16.115903854370117
controller_to_actuator_command,16.049861907958984
controller_to_actuator_command,16.93105697631836
controller_to_actuator_command,16.31617546081543
controller_to_actuator_command,16.46113395690918
controller_to_actuator_command,15.989542007446289
controller_to_actuator_command,16.074657440185547
controller_to_actuator_command,16.30234718322754
controller_to_actuator_command,15.952110290527344
controller_to_actuator_command,15.967130661010742
controller_to_actuator_command,15.844106674194336
controller_to_actuator_command,15.428304672241211
controller_to_actuator_command,15.94686508178711
controller_to_actuator_command,15.265703201293945
controller_to_actuator_command,16.118764877319336
controller_to_actuator_command,16.036272048950195
controller_to_actuator_command,15.399932861328125
controller_to_actuator_command,16.063451766967773
controller_to_actuator_command,15.913248062133789
controller_to_actuator_command,15.920639038085938
controller_to_actuator_command,15.675544738769531
controller_to_actuator_command,16.54219627380371
controller_to_actuator_command,16.48998260498047
controller_to_actuator_command,16.236543655395508
controller_to_actuator_command,16.387939453125
controller_to_actuator_command,16.4337158203125
controller_to_actuator_command,16.01719856262207
controller_to_actuator_command,16.309738159179688
controller_to_actuator_command,16.089916229248047
controller_to_actuator_command,15.73801040649414
controller_to_actuator_command,16.292810440063477
controller_to_actuator_command,15.157938003540039
controller_to_actuator_command,16.893863677978516
controller_to_actuator_command,16.461610794067383
controller_to_actuator_command,16.263723373413086
controller_to_actuator_command,15.79141616821289
controller_to_actuator_command,15.994548797607422
controller_to_actuator_command,16.005277633666992
controller_to_actuator_command,15.53654670715332
controller_to_actuator_command,16.369104385375977
controller_to_actuator_command,15.863180160522461
controller_to_actuator_command,15.331029891967773
controller_to_actuator_command,15.726566314697266
controller_to_actuator_command,16.132831573486328
controller_to_actuator_command,16.025066375732422
controller_to_actuator_command,15.527963638305664
controller_to_actuator_command,16.28422737121582
controller_to_actuator_command,16.068220138549805
controller_to_actuator_command,16.11614227294922
controller_to_actuator_command,16.127824783325195
controller_to_actuator_command,16.0064697265625
controller_to_actuator_command,15.243768692016602
controller_to_actuator_command,16.1435604095459
controller_to_actuator_command,16.27182960510254
controller_to_actuator_command,16.409873962402344
controller_to_actuator_command,16.267776489257812
controller_to_actuator_command,15.285253524780273
controller_to_actuator_command,16.431331634521484
controller_to_actuator_command,15.680551528930664
controller_to_actuator_command,16.038179397583008
controller_to_actuator_command,15.723943710327148
controller_to_actuator_command,15.53797721862793
controller_to_actuator_command,16.13783836364746
controller_to_actuator_command,16.46280288696289
controller_to_actuator_command,16.354084014892578
controller_to_actuator_command,16.16835594177246
controller_to_actuator_command,16.30878448486328
controller_to_actuator_command,15.975475311279297
controller_to_actuator_command,16.236543655395508
controller_to_actuator_command,16.400575637817383
controller_to_actuator_command,15.817880630493164
controller_to_actuator_command,15.013694763183594
controller_to_actuator_command,16.043663024902344
controller_to_actuator_command,16.07346534729004
controller_to_actuator_command,16.221284866333008
controller_to_actuator_command,16.521692276000977
controller_to_actuator_command,15.601396560668945
controller_to_actuator_command,16.47472381591797
controller_to_actuator_command,16.066789627075195
controller_to_actuator_command,16.18337631225586
controller_to_actuator_command,16.257286071777344
controller_to_actuator_command,15.164852142333984
controller_to_actuator_command,16.361713409423828
controller_to_actuator_command,16.531705856323242
controller_to_actuator_command,16.395092010498047
controller_to_actuator_command,16.074419021606445
controller_to_actuator_command,16.106605529785156
controller_to_actuator_command,15.896320343017578
controller_to_actuator_command,16.228437423706055
controller_to_actuator_command,15.977859497070312
controller_to_actuator_command,15.939712524414062
controller_to_actuator_command,15.577316284179688
controller_to_actuator_command,17.30942726135254
controller_to_actuator_command,16.36958122253418
controller_to_actuator_command,16.31021499633789
controller_to_actuator_command,16.077518463134766
controller_to_actuator_command,14.530181884765625
controller_to_actuator_command,16.00790023803711
controller_to_actuator_command,15.718460083007812
controller_to_actuator_command,15.893936157226562
controller_to_actuator_command,15.947818756103516
controller_to_actuator_command,15.660762786865234
controller_to_actuator_command,16.453027725219727
controller_to_actuator_command,15.940189361572266
controller_to_actuator_command,16.31450653076172
controller_to_actuator_command,16.02339744567871
controller_to_actuator_command,16.03841781616211
controller_to_actuator_command,16.29638671875
controller_to_actuator_command,16.2203311920166
controller_to_actuator_command,15.604734420776367
controller_to_actuator_command,15.932321548461914
controller_to_actuator_command,14.582633972167969
controller_to_actuator_command,16.147851943969727
controller_to_actuator_command,16.106367111206055
controller_to_actuator_command,16.02911949157715
controller_to_actuator_command,16.104459762573242
controller_to_actuator_command,15.935420989990234
controller_to_actuator_command,17.348051071166992
controller_to_actuator_command,16.614913940429688
controller_to_actuator_command,15.777349472045898
controller_to_actuator_command,16.227245330810547
controller_to_actuator_command,15.917301177978516
controller_to_actuator_command,17.060279846191406
controller_to_actuator_command,16.059398651123047
controller_to_actuator_command,16.218185424804688
controller_to_actuator_command,15.926599502563477
controller_to_actuator_command,15.408515930175781
controller_to_actuator_command,15.904903411865234
controller_to_actuator_command,16.227006912231445
controller_to_actuator_command,16.207456588745117
controller_to_actuator_command,16.07036590576172
controller_to_actuator_command,15.49530029296875
controller_to_actuator_command,16.78776741027832
controller_to_actuator_command,16.38484001159668
controller_to_actuator_command,16.657352447509766
controller_to_actuator_command,17.12632179260254
controller_to_actuator_command,15.242338180541992
controller_to_actuator_command,16.187429428100586
controller_to_actuator_command,16.080141067504883
controller_to_actuator_command,15.894412994384766
controller_to_actuator_command,15.769243240356445
controller_to_actuator_command,14.713764190673828
controller_to_actuator_command,16.729116439819336
controller_to_actuator_command,16.18790626525879
controller_to_actuator_command,16.318559646606445
controller_to_actuator_command,15.889167785644531
controller_to_actuator_command,15.566110610961914
controller_to_actuator_command,16.225814819335938
controller_to_actuator_command,15.95759391784668
controller_to_actuator_command,16.224384307861328
controller_to_actuator_command,15.71035385131836
controller_to_actuator_command,16.251802444458008
controller_to_actuator_command,15.717267990112305
controller_to_actuator_command,15.988588333129883
controller_to_actuator_command,16.339540481567383
controller_to_actuator_command,16.133546829223633
controller_to_actuator_command,15.746116638183594
controller_to_actuator_command,16.131162643432617
controller_to_actuator_command,15.91038703918457
controller_to_actuator_command,16.119956970214844
controller_to_actuator_command,16.048431396484375
controller_to_actuator_command,15.000104904174805
controller_to_actuator_command,16.082048416137695
controller_to_actuator_command,16.109943389892578
controller_to_actuator_command,16.15142822265625
controller_to_actuator_command,15.66767692565918
controller_to_actuator_command,13.465642929077148
controller_to_actuator_command,16.298532485961914
controller_to_actuator_command,16.016006469726562
controller_to_actuator_command,16.184091567993164
controller_to_actuator_command,15.655755996704102
controller_to_actuator_command,14.215707778930664
controller_to_actuator_command,16.132593154907227
controller_to_actuator_command,15.694141387939453
controller_to_actuator_command,16.410112380981445
controller_to_actuator_command,15.975236892700195
controller_to_actuator_command,15.959024429321289
controller_to_actuator_command,16.22462272644043
controller_to_actuator_command,16.042232513427734
controller_to_actuator_command,16.379117965698242
controller_to_actuator_command,16.387939453125
controller_to_actuator_command,16.050100326538086
controller_to_actuator_command,16.2811279296875
controller_to_actuator_command,15.73944091796875
controller_to_actuator_command,16.16358757019043
controller_to_actuator_command,15.785455703735352
controller_to_actuator_command,16.138553619384766
controller_to_actuator_command,16.8306827545166
controller_to_actuator_command,15.972137451171875
controller_to_actuator_command,16.204357147216797
controller_to_actuator_command,15.937328338623047
controller_to_actuator_command,16.483306884765625
controller_to_actuator_command,16.45493507385254
controller_to_actuator_command,16.34669303894043
controller_to_actuator_command,16.23821258544922
controller_to_actuator_command,15.782356262207031
controller_to_actuator_command,16.268491744995117
controller_to_actuator_command,16.217708587646484
controller_to_actuator_command,15.927314758300781
controller_to_actuator_command,16.063213348388672
controller_to_actuator_command,16.163110733032227
controller_to_actuator_command,16.153335571289062
controller_to_actuator_command,16.097307205200195
controller_to_actuator_command,15.990734100341797
controller_to_actuator_command,16.6170597076416
controller_to_actuator_command,16.40486717224121
controller_to_actuator_command,16.241073608398438
controller_to_actuator_command,16.082048416137695
controller_to_actuator_command,15.911102294921875
controller_to_actuator_command,16.63947105407715
controller_to_actuator_command,17.008543014526367
controller_to_actuator_command,15.564918518066406
controller_to_actuator_command,16.35885238647461
controller_to_actuator_command,16.060829162597656
controller_to_actuator_command,16.308069229125977
controller_to_actuator_command,15.952825546264648
controller_to_actuator_command,15.110492706298828
controller_to_actuator_command,16.58344268798828
controller_to_actuator_command,16.310453414916992
controller_to_actuator_command,16.321897506713867
controller_to_actuator_command,16.31641387939453
controller_to_actuator_command,16.08586311340332
controller_to_actuator_command,16.266822814941406
controller_to_actuator_command,16.195058822631836
controller_to_actuator_command,16.348600387573242
controller_to_actuator_command,15.710115432739258
controller_to_actuator_command,16.18790626525879
controller_to_actuator_command,16.261577606201172
controller_to_actuator_command,16.02029800415039
controller_to_actuator_command,16.171932220458984
controller_to_actuator_command,15.829086303710938
controller_to_actuator_command,15.16413688659668
controller_to_actuator_command,15.727519989013672
controller_to_actuator_command,15.784025192260742
controller_to_actuator_command,16.405344009399414
controller_to_actuator_command,16.31784439086914
controller_to_actuator_command,14.784812927246094
controller_to_actuator_command,16.03865623474121
controller_to_actuator_command,15.90275764465332
controller_to_actuator_command,16.1592960357666
controller_to_actuator_command,15.96212387084961
controller_to_actuator_command,15.09404182434082
controller_to_actuator_command,15.970230102539062
controller_to_actuator_command,16.082763671875
controller_to_actuator_command,15.882253646850586
controller_to_actuator_command,15.496253967285156
controller_to_actuator_command,15.742301940917969
controller_to_actuator_command,17.28081703186035
controller_to_actuator_command,16.52693748474121
controller_to_actuator_command,16.52812957763672
controller_to_actuator_command,16.026020050048828
controller_to_actuator_command,15.892267227172852
controller_to_actuator_command,15.578269958496094
controller_to_actuator_command,15.509843826293945
controller_to_actuator_command,16.32833480834961
controller_to_actuator_command,16.80755615234375
controller_to_actuator_command,15.825748443603516
controller_to_actuator_command,16.178369522094727
controller_to_actuator_command,15.859842300415039
controller_to_actuator_command,15.913248062133789
controller_to_actuator_command,15.968799591064453
controller_to_actuator_command,15.928506851196289
controller_to_actuator_command,15.892982482910156
controller_to_actuator_command,16.366958618164062
controller_to_actuator_command,16.27182960510254
controller_to_actuator_command,16.1440372467041
controller_to_actuator_command,16.14975929260254
controller_to_actuator_command,16.066551208496094
controller_to_actuator_command,16.108274459838867
controller_to_actuator_command,16.320228576660156
controller_to_actuator_command,16.312360763549805
controller_to_actuator_command,15.943050384521484
controller_to_actuator_command,16.182661056518555
controller_to_actuator_command,16.118288040161133
controller_to_actuator_command,16.005754470825195
controller_to_actuator_command,16.07036590576172
controller_to_actuator_command,15.503168106079102
controller_to_actuator_command,16.43085479736328
controller_to_actuator_command,15.66004753112793
controller_to_actuator_command,16.131162643432617
controller_to_actuator_command,15.766620635986328
controller_to_actuator_command,13.345956802368164
controller_to_actuator_command,15.921592712402344
controller_to_actuator_command,16.173839569091797
controller_to_actuator_command,15.915632247924805
controller_to_actuator_command,16.256332397460938
controller_to_actuator_command,15.918493270874023
controller_to_actuator_command,16.92938804626465
controller_to_actuator_command,15.933513641357422
controller_to_actuator_command,16.288280487060547
controller_to_actuator_command,16.282320022583008
controller_to_actuator_command,15.169858932495117
controller_to_actuator_command,16.47782325744629
controller_to_actuator_command,16.37554168701172
controller_to_actuator_command,16.025781631469727
controller_to_actuator_command,15.735149383544922
controller_to_actuator_command,16.23702049255371
controller_to_actuator_command,16.004562377929688
controller_to_actuator_command,15.90418815612793
controller_to_actuator_command,16.164541244506836
controller_to_actuator_command,15.801429748535156
controller_to_actuator_command,15.801429748535156
controller_to_actuator_command,16.122102737426758
controller_to_actuator_command,15.932559967041016
controller_to_actuator_command,16.005516052246094
controller_to_actuator_command,16.034364700317383
controller_to_actuator_command,15.665292739868164
controller_to_actuator_command,16.071796417236328
controller_to_actuator_command,15.749216079711914
controller_to_actuator_command,15.981912612915039
controller_to_actuator_command,16.07966423034668
controller_to_actuator_command,16.50404930114746
controller_to_actuator_command,15.969514846801758
controller_to_actuator_command,15.94686508178711
controller_to_actuator_command,16.16835594177246
controller_to_actuator_command,16.338586807250977
controller_to_actuator_command,16.64137840270996
controller_to_actuator_command,16.630887985229492
controller_to_actuator_command,16.02315902709961
controller_to_actuator_command,16.096830368041992
controller_to_actuator_command,16.29924774169922
controller_to_actuator_command,14.643192291259766
controller_to_actuator_command,16.677379608154297
controller_to_actuator_command,16.373395919799805
controller_to_actuator_command,16.40772819519043
controller_to_actuator_command,15.815496444702148
controller_to_actuator_command,15.735626220703125
controller_to_actuator_command,16.12401008605957
controller_to_actuator_command,15.794515609741211
controller_to_actuator_command,15.928268432617188
controller_to_actuator_command,16.339778900146484
controller_to_actuator_command,15.90275764465332
controller_to_actuator_command,16.376018524169922
controller_to_actuator_command,16.28899574279785
controller_to_actuator_command,16.371488571166992
controller_to_actuator_command,16.21222496032715
controller_to_actuator_command,16.310930252075195
controller_to_actuator_command,16.05701446533203
controller_to_actuator_command,16.190528869628906
controller_to_actuator_command,15.851974487304688
controller_to_actuator_command,16.056537628173828
controller_to_actuator_command,16.304969787597656
controller_to_actuator_command,16.65949821472168
controller_to_actuator_command,16.16525650024414
controller_to_actuator_command,16.263961791992188
controller_to_actuator_command,15.869140625
controller_to_actuator_command,15.95306396484375
controller_to_actuator_command,16.48426055908203
controller_to_actuator_command,16.015291213989258
controller_to_actuator_command,16.27349853515625
controller_to_actuator_command,15.662670135498047
controller_to_actuator_command,14.85133171081543
controller_to_actuator_command,16.1590576171875
controller_to_actuator_command,15.689849853515625
controller_to_actuator_command,16.43228530883789
controller_to_actuator_command,16.028404235839844
controller_to_actuator_command,16.142845153808594
controller_to_actuator_command,16.193389892578125
controller_to_actuator_command,15.832901000976562
controller_to_actuator_command,16.2351131439209
controller_to_actuator_command,15.767097473144531
controller_to_actuator_command,16.258955001831055
controller_to_actuator_command,16.110897064208984
controller_to_actuator_command,16.03221893310547
controller_to_actuator_command,16.0830020904541
controller_to_actuator_command,16.736984252929688
controller_to_actuator_command,15.757083892822266
controller_to_actuator_command,16.45064353942871
controller_to_actuator_command,16.27063751220703
controller_to_actuator_command,16.561031341552734
controller_to_actuator_command,15.940189361572266
controller_to_actuator_command,14.151573181152344
controller_to_actuator_command,16.285419464111328
controller_to_actuator_command,16.1590576171875
controller_to_actuator_command,16.534090042114258
controller_to_actuator_command,16.209840774536133
controller_to_actuator_command,16.209840774536133
controller_to_actuator_command,14.807462692260742
controller_to_actuator_command,16.32094383239746
controller_to_actuator_command,16.35003089904785
controller_to_actuator_command,16.29042625427246
controller_to_actuator_command,15.838861465454102
controller_to_actuator_command,16.42584800720215
controller_to_actuator_command,16.04437828063965
controller_to_actuator_command,16.220569610595703
controller_to_actuator_command,16.034603118896484
controller_to_actuator_command,15.891790390014648
controller_to_actuator_command,16.449928283691406
controller_to_actuator_command,16.124725341796875
controller_to_actuator_command,16.182422637939453
controller_to_actuator_command,16.4182186126709
controller_to_actuator_command,16.103506088256836
controller_to_actuator_command,16.4186954498291
controller_to_actuator_command,16.31474494934082
controller_to_actuator_command,16.210556030273438
controller_to_actuator_command,16.414880752563477
controller_to_actuator_command,16.106605529785156
controller_to_actuator_command,15.531778335571289
controller_to_actuator_command,16.32213592529297
controller_to_actuator_command,16.583919525146484
controller_to_actuator_command,16.199827194213867
controller_to_actuator_command,16.185283660888672
controller_to_actuator_command,16.115188598632812
controller_to_actuator_command,16.056299209594727
controller_to_actuator_command,16.293764114379883
controller_to_actuator_command,15.971660614013672
controller_to_actuator_command,16.095399856567383
controller_to_actuator_command,15.879154205322266
controller_to_actuator_command,16.216039657592773
controller_to_actuator_command,16.34502410888672
controller_to_actuator_command,16.223669052124023
controller_to_actuator_command,15.861034393310547
controller_to_actuator_command,16.388654708862305
controller_to_actuator_command,16.099929809570312
controller_to_actuator_command,16.538143157958984
controller_to_actuator_command,16.310691833496094
controller_to_actuator_command,16.22915267944336
controller_to_actuator_command,16.127347946166992
controller_to_actuator_command,15.961647033691406
controller_to_actuator_command,16.15762710571289
controller_to_actuator_command,15.659570693969727
controller_to_actuator_command,16.283035278320312
controller_to_actuator_command,16.029834747314453
controller_to_actuator_command,16.29352569580078
controller_to_actuator_command,16.18814468383789
controller_to_actuator_command,16.87455177307129
controller_to_actuator_command,15.313148498535156
controller_to_actuator_command,16.564369201660156
controller_to_actuator_command,15.88749885559082
controller_to_actuator_command,16.017436981201172
controller_to_actuator_command,15.307903289794922
controller_to_actuator_command,15.545368194580078
controller_to_actuator_command,16.620874404907227
controller_to_actuator_command,16.08443260192871
controller_to_actuator_command,16.025066375732422
controller_to_actuator_command,16.109704971313477
controller_to_actuator_command,16.13616943359375
controller_to_actuator_command,15.90418815612793
controller_to_actuator_command,16.33000373840332
controller_to_actuator_command,16.222715377807617
controller_to_actuator_command,16.06130599975586
controller_to_actuator_command,16.173124313354492
controller_to_actuator_command,16.199827194213867
controller_to_actuator_command,16.292095184326172
controller_to_actuator_command,16.44158363342285
controller_to_actuator_command,15.893697738647461
controller_to_actuator_command,16.195297241210938
controller_to_actuator_command,16.157865524291992
controller_to_actuator_command,15.955209732055664
controller_to_actuator_command,16.362667083740234
controller_to_actuator_command,15.812873840332031
controller_to_actuator_command,15.420675277709961
controller_to_actuator_command,15.781164169311523
controller_to_actuator_command,16.146421432495117
controller_to_actuator_command,16.0830020904541
controller_to_actuator_command,15.344381332397461
controller_to_actuator_command,15.943765640258789
controller_to_actuator_command,15.875577926635742
controller_to_actuator_command,15.939950942993164
controller_to_actuator_command,16.38627052307129
controller_to_actuator_command,17.314672470092773
controller_to_actuator_command,13.825178146362305
controller_to_actuator_command,16.21246337890625
controller_to_actuator_command,16.242027282714844
controller_to_actuator_command,16.253948211669922
controller_to_actuator_command,15.686750411987305
controller_to_actuator_command,15.766382217407227
controller_to_actuator_command,17.067670822143555
controller_to_actuator_command,16.684770584106445
controller_to_actuator_command,16.307830810546875
controller_to_actuator_command,16.129732131958008
controller_to_actuator_command,16.04294776916504
controller_to_actuator_command,16.134262084960938
controller_to_actuator_command,16.271114349365234
controller_to_actuator_command,15.969991683959961
controller_to_actuator_command,15.80500602722168
controller_to_actuator_command,15.738487243652344
controller_to_actuator_command,16.08419418334961
controller_to_actuator_command,16.05987548828125
controller_to_actuator_command,15.535354614257812
controller_to_actuator_command,16.368865966796875
controller_to_actuator_command,16.3877010345459
controller_to_actuator_command,16.452312469482422
controller_to_actuator_command,16.30544662475586
controller_to_actuator_command,15.169858932495117
controller_to_actuator_command,16.19744300842285
controller_to_actuator_command,16.247272491455078
controller_to_actuator_command,16.2506103515625
controller_to_actuator_command,15.706539154052734
controller_to_actuator_command,16.44301414489746
controller_to_actuator_command,16.508102416992188
controller_to_actuator_command,15.472888946533203
controller_to_actuator_command,16.808271408081055
controller_to_actuator_command,15.940427780151367
controller_to_actuator_command,16.295909881591797
controller_to_actuator_command,16.23988151550293
controller_to_actuator_command,15.999555587768555
controller_to_actuator_command,15.911579132080078
controller_to_actuator_command,15.9149169921875
controller_to_actuator_command,16.141891479492188
controller_to_actuator_command,16.52050018310547
controller_to_actuator_command,15.705347061157227
controller_to_actuator_command,16.431570053100586
controller_to_actuator_command,16.122817993164062
controller_to_actuator_command,16.615629196166992
controller_to_actuator_command,16.145706176757812
controller_to_actuator_command,15.532970428466797
controller_to_actuator_command,16.264915466308594
controller_to_actuator_command,15.894412994384766
controller_to_actuator_command,16.22295379638672
controller_to_actuator_command,16.303062438964844
controller_to_actuator_command,15.807390213012695
controller_to_actuator_command,16.221284866333008
controller_to_actuator_command,15.69676399230957
controller_to_actuator_command,16.357898712158203
controller_to_actuator_command,16.29328727722168
controller_to_actuator_command,15.926837921142578
controller_to_actuator_command,15.967130661010742
controller_to_actuator_command,15.62643051147461
controller_to_actuator_command,15.804529190063477
controller_to_actuator_command,15.72418212890625
controller_to_actuator_command,15.509366989135742
controller_to_actuator_command,16.18027687072754
controller_to_actuator_command,16.286134719848633
controller_to_actuator_command,16.136884689331055
controller_to_actuator_command,16.550064086914062
controller_to_actuator_command,16.112327575683594
controller_to_actuator_command,16.619443893432617
controller_to_actuator_command,16.104698181152344
controller_to_actuator_command,16.665220260620117
controller_to_actuator_command,16.222000122070312
controller_to_actuator_command,15.102624893188477
controller_to_actuator_command,16.29781723022461
controller_to_actuator_command,16.07203483581543
controller_to_actuator_command,16.162395477294922
controller_to_actuator_command,16.129016876220703
controller_to_actuator_command,15.369176864624023
controller_to_actuator_command,16.193389892578125
controller_to_actuator_command,15.938520431518555
controller_to_actuator_command,16.312837600708008
controller_to_actuator_command,16.071557998657227
controller_to_actuator_command,16.56198501586914
controller_to_actuator_command,16.5252685546875
controller_to_actuator_command,16.2203311920166
controller_to_actuator_command,15.775680541992188
controller_to_actuator_command,16.398191452026367
controller_to_actuator_command,15.711545944213867
controller_to_actuator_command,16.4487361907959
controller_to_actuator_command,16.030311584472656
controller_to_actuator_command,16.139507293701172
controller_to_actuator_command,16.603469848632812
controller_to_actuator_command,16.411781311035156
controller_to_actuator_command,16.831636428833008
controller_to_actuator_command,16.127586364746094
controller_to_actuator_command,16.485929489135742
controller_to_actuator_command,16.263723373413086
controller_to_actuator_command,16.045331954956055
controller_to_actuator_command,16.12114906311035
controller_to_actuator_command,16.200542449951172
controller_to_actuator_command,16.573667526245117
controller_to_actuator_command,16.130447387695312
controller_to_actuator_command,16.065597534179688
controller_to_actuator_command,15.728235244750977
controller_to_actuator_command,16.12401008605957
controller_to_actuator_command,16.531705856323242
controller_to_actuator_command,16.103029251098633
controller_to_actuator_command,16.13020896911621
controller_to_actuator_command,16.511201858520508
controller_to_actuator_command,16.031980514526367
controller_to_actuator_command,16.133546829223633
controller_to_actuator_command,15.8233642578125
controller_to_actuator_command,15.813112258911133
controller_to_actuator_command,16.414165496826172
controller_to_actuator_command,16.112089157104492
controller_to_actuator_command,16.15166664123535
controller_to_actuator_command,16.12544059753418
controller_to_actuator_command,15.431404113769531
controller_to_actuator_command,16.62898063659668
controller_to_actuator_command,16.016244888305664
controller_to_actuator_command,16.240835189819336
controller_to_actuator_command,16.39533042907715
controller_to_actuator_command,15.190601348876953
controller_to_actuator_command,16.223430633544922
controller_to_actuator_command,15.82479476928711
controller_to_actuator_command,16.43824577331543
controller_to_actuator_command,16.137361526489258
controller_to_actuator_command,16.382932662963867
controller_to_actuator_command,16.03531837463379
controller_to_actuator_command,16.24298095703125
controller_to_actuator_command,16.393184661865234
controller_to_actuator_command,16.02005958557129
controller_to_actuator_command,15.581846237182617
controller_to_actuator_command,16.19887351989746
controller_to_actuator_command,15.970706939697266
controller_to_actuator_command,16.148090362548828
controller_to_actuator_command,16.3114070892334
controller_to_actuator_command,15.832901000976562
controller_to_actuator_command,16.780376434326172
controller_to_actuator_command,15.977144241333008
controller_to_actuator_command,15.781402587890625
controller_to_actuator_command,16.03531837463379
controller_to_actuator_command,16.032934188842773
controller_to_actuator_command,15.818595886230469
controller_to_actuator_command,15.816450119018555
controller_to_actuator_command,15.820026397705078
controller_to_actuator_command,16.585350036621094
controller_to_actuator_command,14.868974685668945
controller_to_actuator_command,16.298770904541016
controller_to_actuator_command,15.879631042480469
controller_to_actuator_command,16.104698181152344
controller_to_actuator_command,17.529726028442383
controller_to_actuator_command,16.11328125
controller_to_actuator_command,16.00337028503418
controller_to_actuator_command,16.174793243408203
controller_to_actuator_command,16.29161834716797
controller_to_actuator_command,16.11924171447754
controller_to_actuator_command,16.269207000732422
controller_to_actuator_command,15.94996452331543
controller_to_actuator_command,16.721248626708984
controller_to_actuator_command,16.30115509033203
controller_to_actuator_command,16.069889068603516
controller_to_actuator_command,15.916824340820312
controller_to_actuator_command,15.995025634765625
controller_to_actuator_command,15.885114669799805
controller_to_actuator_command,16.275644302368164
controller_to_actuator_command,16.39389991760254
controller_to_actuator_command,15.920639038085938
controller_to_actuator_command,16.12997055053711
controller_to_actuator_command,16.075849533081055
controller_to_actuator_command,16.527414321899414
controller_to_actuator_command,16.214847564697266
controller_to_actuator_command,16.113996505737305
controller_to_actuator_command,15.770196914672852
controller_to_actuator_command,16.075849533081055
controller_to_actuator_command,16.398191452026367
controller_to_actuator_command,16.275882720947266
controller_to_actuator_command,16.015052795410156
controller_to_actuator_command,16.05391502380371
controller_to_actuator_command,16.202449798583984
controller_to_actuator_command,16.08586311340332
controller_to_actuator_command,16.50214195251465
controller_to_actuator_command,16.016006469726562
controller_to_actuator_command,16.00337028503418
controller_to_actuator_command,15.949249267578125
controller_to_actuator_command,16.150236129760742
controller_to_actuator_command,16.383647918701172
controller_to_actuator_command,16.10708236694336
controller_to_actuator_command,16.482114791870117
controller_to_actuator_command,16.128063201904297
controller_to_actuator_command,16.308307647705078
controller_to_actuator_command,15.789031982421875
controller_to_actuator_command,16.09969139099121
controller_to_actuator_command,15.873908996582031
controller_to_actuator_command,16.1285400390625
controller_to_actuator_command,16.462087631225586
controller_to_actuator_command,15.899181365966797
controller_to_actuator_command,15.992879867553711
controller_to_actuator_command,15.946388244628906
controller_to_actuator_command,15.613079071044922
controller_to_actuator_command,16.1130428314209
controller_to_actuator_command,16.225337982177734
controller_to_actuator_command,16.160011291503906
controller_to_actuator_command,15.960693359375
controller_to_actuator_command,16.053199768066406
controller_to_actuator_command,16.147851943969727
controller_to_actuator_command,15.96689224243164
controller_to_actuator_command,14.37067985534668
controller_to_actuator_command,16.518115997314453
controller_to_actuator_command,15.734672546386719
controller_to_actuator_command,16.19696617126465
controller_to_actuator_command,15.733718872070312
controller_to_actuator_command,15.26331901550293
controller_to_actuator_command,16.436100006103516
controller_to_actuator_command,15.974044799804688
controller_to_actuator_command,16.060829162597656
controller_to_actuator_command,15.738248825073242
controller_to_actuator_command,14.93525505065918
controller_to_actuator_command,16.075849533081055
controller_to_actuator_command,16.08872413635254
controller_to_actuator_command,16.191482543945312
controller_to_actuator_command,16.13903045654297
controller_to_actuator_command,16.198396682739258
controller_to_actuator_command,16.252994537353516
controller_to_actuator_command,15.754461288452148
controller_to_actuator_command,16.16954803466797
controller_to_actuator_command,16.254425048828125
controller_to_actuator_command,15.427589416503906
controller_to_actuator_command,16.486167907714844
controller_to_actuator_command,16.225814819335938
controller_to_actuator_command,16.390085220336914
controller_to_actuator_command,16.384601593017578
controller_to_actuator_command,16.010761260986328
controller_to_actuator_command,17.421960830688477
controller_to_actuator_command,16.206741333007812
controller_to_actuator_command,16.262531280517578
controller_to_actuator_command,16.154766082763672
controller_to_actuator_command,16.310691833496094
controller_to_actuator_command,16.02649688720703
controller_to_actuator_command,16.000986099243164
controller_to_actuator_command,15.863418579101562
controller_to_actuator_command,16.233444213867188
controller_to_actuator_command,15.05136489868164
controller_to_actuator_command,16.820192337036133
controller_to_actuator_command,16.133546829223633
controller_to_actuator_command,16.501903533935547
controller_to_actuator_command,15.909671783447266
controller_to_actuator_command,16.34836196899414
controller_to_actuator_command,16.388893127441406
controller_to_actuator_command,15.627622604370117
controller_to_actuator_command,16.034603118896484
controller_to_actuator_command,16.379833221435547
controller_to_actuator_command,16.16835594177246
controller_to_actuator_command,16.16382598876953
controller_to_actuator_command,16.210317611694336
controller_to_actuator_command,16.608715057373047
controller_to_actuator_command,16.79253578186035
controller_to_actuator_command,15.321731567382812
controller_to_actuator_command,16.42131805419922
controller_to_actuator_command,15.75922966003418
controller_to_actuator_command,16.727447509765625
controller_to_actuator_command,16.87169075012207
controller_to_actuator_command,15.247821807861328
controller_to_actuator_command,16.39699935913086
controller_to_actuator_command,15.869140625
controller_to_actuator_command,16.36958122253418
controller_to_actuator_command,15.980005264282227
controller_to_actuator_command,15.974998474121094
controller_to_actuator_command,16.004562377929688
controller_to_actuator_command,15.878915786743164
controller_to_actuator_command,16.24464988708496
controller_to_actuator_command,16.16525650024414
controller_to_actuator_command,16.36791229248047
controller_to_actuator_command,16.07537269592285
controller_to_actuator_command,15.863180160522461
controller_to_actuator_command,16.37101173400879
controller_to_actuator_command,16.67022705078125
controller_to_actuator_command,14.951229095458984
controller_to_actuator_command,16.854047775268555
controller_to_actuator_command,16.09063148498535
controller_to_actuator_command,15.952587127685547
controller_to_actuator_command,16.655921936035156
controller_to_actuator_command,15.300750732421875
controller_to_actuator_command,16.63517951965332
controller_to_actuator_command,16.21866226196289
controller_to_actuator_command,16.063213348388672
controller_to_actuator_command,15.79904556274414
controller_to_actuator_command,16.127824783325195
controller_to_actuator_command,16.454696655273438
controller_to_actuator_command,15.979528427124023
controller_to_actuator_command,16.296863555908203
controller_to_actuator_command,16.44730567932129
controller_to_actuator_command,15.504598617553711
controller_to_actuator_command,16.532421112060547
controller_to_actuator_command,16.12544059753418
controller_to_actuator_command,15.986442565917969
controller_to_actuator_command,16.192197799682617
controller_to_actuator_command,15.630006790161133
controller_to_actuator_command,16.793489456176758
controller_to_actuator_command,16.08753204345703
controller_to_actuator_command,16.12710952758789
controller_to_actuator_command,16.281604766845703
controller_to_actuator_command,15.28310775756836
controller_to_actuator_command,16.23082160949707
controller_to_actuator_command,15.75922966003418
controller_to_actuator_command,16.179323196411133
controller_to_actuator_command,16.12114906311035
controller_to_actuator_command,15.840768814086914
controller_to_actuator_command,16.196012496948242
controller_to_actuator_command,15.952348709106445
controller_to_actuator_command,16.475439071655273
controller_to_actuator_command,16.35599136352539
controller_to_actuator_command,16.039133071899414
controller_to_actuator_command,15.873908996582031
controller_to_actuator_command,16.22748374938965
controller_to_actuator_command,16.013383865356445
controller_to_actuator_command,15.67840576171875
controller_to_actuator_command,15.634536743164062
controller_to_actuator_command,16.243934631347656
controller_to_actuator_command,15.686750411987305
controller_to_actuator_command,16.484737396240234
controller_to_actuator_command,15.977621078491211
controller_to_actuator_command,16.065120697021484
controller_to_actuator_command,16.21103286743164
controller_to_actuator_command,15.764713287353516
controller_to_actuator_command,16.082286834716797
controller_to_actuator_command,14.586448669433594
controller_to_actuator_command,16.30687713623047
controller_to_actuator_command,16.47639274597168
controller_to_actuator_command,16.133785247802734
controller_to_actuator_command,16.216516494750977
controller_to_actuator_command,16.75558090209961
controller_to_actuator_command,15.988588333129883
controller_to_actuator_command,16.22462272644043
controller_to_actuator_command,16.228199005126953
controller_to_actuator_command,16.192197799682617
controller_to_actuator_command,16.073226928710938
controller_to_actuator_command,15.925168991088867
controller_to_actuator_command,16.298770904541016
controller_to_actuator_command,16.063690185546875
controller_to_actuator_command,16.275405883789062
controller_to_actuator_command,16.042232513427734
controller_to_actuator_command,15.630483627319336
controller_to_actuator_command,15.81430435180664
controller_to_actuator_command,16.156911849975586
controller_to_actuator_command,16.430377960205078
controller_to_actuator_command,15.980243682861328
controller_to_actuator_command,16.219615936279297
controller_to_actuator_command,16.473770141601562
controller_to_actuator_command,15.52724838256836
controller_to_actuator_command,16.409873962402344
controller_to_actuator_command,16.8459415435791
controller_to_actuator_command,15.984535217285156
controller_to_actuator_command,15.716075897216797
controller_to_actuator_command,16.237735748291016
controller_to_actuator_command,16.10422134399414
controller_to_actuator_command,16.03388786315918
controller_to_actuator_command,16.323566436767578
controller_to_actuator_command,16.27635955810547
controller_to_actuator_command,16.222715377807617
controller_to_actuator_command,16.57891273498535
controller_to_actuator_command,16.888141632080078
controller_to_actuator_command,15.833377838134766
controller_to_actuator_command,16.3726806640625
controller_to_actuator_command,16.019344329833984
controller_to_actuator_command,16.077518463134766
controller_to_actuator_command,16.269922256469727
controller_to_actuator_command,15.513896942138672
controller_to_actuator_command,16.303300857543945
controller_to_actuator_command,16.046762466430664
controller_to_actuator_command,16.483545303344727
controller_to_actuator_command,16.11185073852539
controller_to_actuator_command,16.19744300842285
controller_to_actuator_command,16.406774520874023
controller_to_actuator_command,16.2503719329834
controller_to_actuator_command,16.215801239013672
controller_to_actuator_command,16.513347625732422
controller_to_actuator_command,14.995574951171875
controller_to_actuator_command,16.424894332885742
controller_to_actuator_command,15.753030776977539
controller_to_actuator_command,15.96689224243164
controller_to_actuator_command,15.771150588989258
controller_to_actuator_command,16.317367553710938
controller_to_actuator_command,16.150712966918945
controller_to_actuator_command,15.871763229370117
controller_to_actuator_command,16.331911087036133
controller_to_actuator_command,16.42751693725586
controller_to_actuator_command,15.918493270874023
controller_to_actuator_command,16.473770141601562
controller_to_actuator_command,16.12710952758789
controller_to_actuator_command,16.046762466430664
controller_to_actuator_command,16.364097595214844
controller_to_actuator_command,15.903711318969727
controller_to_actuator_command,16.27969741821289
controller_to_actuator_command,15.990972518920898
controller_to_actuator_command,16.083478927612305
controller_to_actuator_command,15.841960906982422
controller_to_actuator_command,16.103267669677734
controller_to_actuator_command,16.031980514526367
controller_to_actuator_command,15.659332275390625
controller_to_actuator_command,16.03531837463379
controller_to_actuator_command,16.17121696472168
controller_to_actuator_command,15.964746475219727
controller_to_actuator_command,16.22605323791504
controller_to_actuator_command,15.813589096069336
controller_to_actuator_command,16.406774520874023
controller_to_actuator_command,16.005516052246094
controller_to_actuator_command,16.225099563598633
controller_to_actuator_command,15.776634216308594
controller_to_actuator_command,16.007184982299805
controller_to_actuator_command,16.36505126953125
controller_to_actuator_command,16.1898136138916
controller_to_actuator_command,16.427993774414062
controller_to_actuator_command,16.32094383239746
controller_to_actuator_command,16.23678207397461
controller_to_actuator_command,16.10112190246582
controller_to_actuator_command,16.27373695373535
controller_to_actuator_command,15.813827514648438
controller_to_actuator_command,16.147136688232422
controller_to_actuator_command,15.789508819580078
controller_to_actuator_command,16.33739471435547
controller_to_actuator_command,16.95847511291504
controller_to_actuator_command,15.90871810913086
controller_to_actuator_command,16.28732681274414
controller_to_actuator_command,15.981197357177734
controller_to_actuator_command,16.360044479370117
controller_to_actuator_command,16.243457794189453
controller_to_actuator_command,15.197277069091797
controller_to_actuator_command,15.137434005737305
controller_to_actuator_command,15.957117080688477
controller_to_actuator_command,15.86008071899414
controller_to_actuator_command,15.851736068725586
controller_to_actuator_command,15.688180923461914
controller_to_actuator_command,16.60633087158203
controller_to_actuator_command,16.00027084350586
controller_to_actuator_command,15.518665313720703
controller_to_actuator_command,16.254901885986328
controller_to_actuator_command,15.587568283081055
controller_to_actuator_command,17.529964447021484
controller_to_actuator_command,16.2508487701416
controller_to_actuator_command,16.463756561279297
controller_to_actuator_command,16.82281494140625
controller_to_actuator_command,16.10112190246582
controller_to_actuator_command,15.56253433227539
controller_to_actuator_command,16.216278076171875
controller_to_actuator_command,16.30711555480957
controller_to_actuator_command,16.560792922973633
controller_to_actuator_command,14.068841934204102
controller_to_actuator_command,16.331195831298828
controller_to_actuator_command,16.13926887512207
controller_to_actuator_command,16.70050621032715
controller_to_actuator_command,16.05534553527832
controller_to_actuator_command,14.568805694580078
controller_to_actuator_command,16.231060028076172
controller_to_actuator_command,15.910148620605469
controller_to_actuator_command,16.671419143676758
controller_to_actuator_command,16.440629959106445
controller_to_actuator_command,16.09635353088379
controller_to_actuator_command,15.614986419677734
controller_to_actuator_command,16.112804412841797
controller_to_actuator_command,16.547679901123047
controller_to_actuator_command,16.25967025756836
controller_to_actuator_command,16.09349250793457
controller_to_actuator_command,15.851974487304688
controller_to_actuator_command,16.253232955932617
controller_to_actuator_command,16.18194580078125
controller_to_actuator_command,16.564607620239258
controller_to_actuator_command,15.417098999023438
controller_to_actuator_command,16.51787757873535
controller_to_actuator_command,15.896081924438477
controller_to_actuator_command,17.454147338867188
controller_to_actuator_command,15.062332153320312
controller_to_actuator_command,15.354633331298828
controller_to_actuator_command,16.705751419067383
controller_to_actuator_command,15.873193740844727
controller_to_actuator_command,15.541315078735352
controller_to_actuator_command,16.480445861816406
controller_to_actuator_command,15.336036682128906
controller_to_actuator_command,16.882658004760742
controller_to_actuator_command,16.071557998657227
controller_to_actuator_command,16.129732131958008
controller_to_actuator_command,15.951156616210938
controller_to_actuator_command,16.30854606628418
controller_to_actuator_command,15.36250114440918
controller_to_actuator_command,16.149044036865234
controller_to_actuator_command,16.12257957458496
controller_to_actuator_command,16.391277313232422
controller_to_actuator_command,16.109943389892578
controller_to_actuator_command,15.812397003173828
controller_to_actuator_command,16.628265380859375
controller_to_actuator_command,16.35599136352539
controller_to_actuator_command,16.632795333862305
controller_to_actuator_command,16.073942184448242
controller_to_actuator_command,15.934228897094727
controller_to_actuator_command,16.107559204101562
controller_to_actuator_command,16.194820404052734
controller_to_actuator_command,16.45827293395996
controller_to_actuator_command,16.123533248901367
controller_to_actuator_command,16.386747360229492
controller_to_actuator_command,16.178131103515625
controller_to_actuator_command,16.721010208129883
controller_to_actuator_command,16.31450653076172
controller_to_actuator_command,16.139507293701172
controller_to_actuator_command,16.260623931884766
controller_to_actuator_command,15.702009201049805
controller_to_actuator_command,15.984535217285156
controller_to_actuator_command,16.19243621826172
controller_to_actuator_command,15.108108520507812
controller_to_actuator_command,15.59138298034668
controller_to_actuator_command,16.124486923217773
controller_to_actuator_command,16.50834083557129
controller_to_actuator_command,16.26133918762207
controller_to_actuator_command,16.42632484436035
controller_to_actuator_command,16.185760498046875
controller_to_actuator_command,15.94233512878418
controller_to_actuator_command,16.215801239013672
controller_to_actuator_command,17.426490783691406
controller_to_actuator_command,15.897512435913086
controller_to_actuator_command,16.108036041259766
controller_to_actuator_command,16.208648681640625
controller_to_actuator_command,16.06893539428711
controller_to_actuator_command,16.254663467407227
controller_to_actuator_command,16.040802001953125
controller_to_actuator_command,16.069650650024414
controller_to_actuator_command,16.173362731933594
controller_to_actuator_command,17.130374908447266
controller_to_actuator_command,16.403913497924805
controller_to_actuator_command,14.787673950195312
controller_to_actuator_command,16.55411720275879
controller_to_actuator_command,16.330957412719727
controller_to_actuator_command,14.88947868347168
controller_to_actuator_command,16.422510147094727
controller_to_actuator_command,16.271114349365234
controller_to_actuator_command,16.17574691772461
controller_to_actuator_command,15.629768371582031
controller_to_actuator_command,16.157150268554688
controller_to_actuator_command,16.295433044433594
controller_to_actuator_command,15.90871810913086
controller_to_actuator_command,16.259431838989258
controller_to_actuator_command,16.044139862060547
controller_to_actuator_command,16.25800132751465
controller_to_actuator_command,16.16215705871582
controller_to_actuator_command,16.25847816467285
controller_to_actuator_command,16.582965850830078
controller_to_actuator_command,15.616416931152344
controller_to_actuator_command,16.138076782226562
controller_to_actuator_command,16.387224197387695
controller_to_actuator_command,16.167402267456055
controller_to_actuator_command,16.309261322021484
controller_to_actuator_command,16.060829162597656
controller_to_actuator_command,16.427993774414062
controller_to_actuator_command,18.93138885498047
controller_to_actuator_command,16.56508445739746
controller_to_actuator_command,16.071081161499023
controller_to_actuator_command,16.039133071899414
controller_to_actuator_command,16.38197898864746
controller_to_actuator_command,15.990972518920898
controller_to_actuator_command,16.49641990661621
controller_to_actuator_command,16.29185676574707
controller_to_actuator_command,15.627622604370117
controller_to_actuator_command,16.26753807067871
controller_to_actuator_command,16.130447387695312
controller_to_actuator_command,14.07480239868164
controller_to_actuator_command,16.27802848815918
controller_to_actuator_command,15.93923568725586
controller_to_actuator_command,16.13616943359375
controller_to_actuator_command,15.861034393310547
controller_to_actuator_command,15.81263542175293
controller_to_actuator_command,15.91348648071289
controller_to_actuator_command,15.852928161621094
controller_to_actuator_command,15.839099884033203
controller_to_actuator_command,16.196727752685547
controller_to_actuator_command,16.11495018005371
controller_to_actuator_command,16.109943389892578
controller_to_actuator_command,16.248703002929688
controller_to_actuator_command,16.35909080505371
controller_to_actuator_command,16.251564025878906
controller_to_actuator_command,14.547586441040039
controller_to_actuator_command,16.69478416442871
controller_to_actuator_command,16.11948013305664
controller_to_actuator_command,15.995264053344727
controller_to_actuator_command,15.886783599853516
controller_to_actuator_command,15.517711639404297
controller_to_actuator_command,16.600608825683594
controller_to_actuator_command,16.190767288208008
controller_to_actuator_command,16.14546775817871
controller_to_actuator_command,16.044139862060547
controller_to_actuator_command,15.983343124389648
controller_to_actuator_command,15.945911407470703
controller_to_actuator_command,16.164064407348633
controller_to_actuator_command,16.184329986572266
controller_to_actuator_command,16.0062313079834
controller_to_actuator_command,15.864849090576172
controller_to_actuator_command,15.820026397705078
controller_to_actuator_command,15.590429306030273
controller_to_actuator_command,16.034364700317383
controller_to_actuator_command,16.34979248046875
controller_to_actuator_command,16.27063751220703
controller_to_actuator_command,16.593217849731445
controller_to_actuator_command,15.984296798706055
controller_to_actuator_command,16.113996505737305
controller_to_actuator_command,15.109777450561523
controller_to_actuator_command,15.224933624267578
controller_to_actuator_command,16.333341598510742
controller_to_actuator_command,15.697717666625977
controller_to_actuator_command,16.437053680419922
controller_to_actuator_command,16.595125198364258
controller_to_actuator_command,15.838861465454102
controller_to_actuator_command,16.094207763671875
controller_to_actuator_command,16.05224609375
controller_to_actuator_command,16.265153884887695
controller_to_actuator_command,16.362667083740234
controller_to_actuator_command,15.889644622802734
controller_to_actuator_command,15.880346298217773
controller_to_actuator_command,15.953540802001953
controller_to_actuator_command,15.939712524414062
controller_to_actuator_command,16.922712326049805
controller_to_actuator_command,15.763998031616211
controller_to_actuator_command,16.18051528930664
controller_to_actuator_command,16.056537628173828
controller_to_actuator_command,16.412019729614258
controller_to_actuator_command,16.18671417236328
controller_to_actuator_command,15.960454940795898
controller_to_actuator_command,16.216278076171875
controller_to_actuator_command,16.293048858642578
controller_to_actuator_command,16.118288040161133
controller_to_actuator_command,16.042232513427734
controller_to_actuator_command,16.034364700317383
controller_to_actuator_command,15.878438949584961
controller_to_actuator_command,15.66624641418457
controller_to_actuator_command,16.101598739624023
controller_to_actuator_command,16.525983810424805
controller_to_actuator_command,15.444278717041016
controller_to_actuator_command,16.449451446533203
controller_to_actuator_command,15.89655876159668
controller_to_actuator_command,16.29042625427246
controller_to_actuator_command,16.437292098999023
controller_to_actuator_command,15.952348709106445
controller_to_actuator_command,16.457080841064453
controller_to_actuator_command,16.15166664123535
controller_to_actuator_command,16.31784439086914
controller_to_actuator_command,16.072750091552734
controller_to_actuator_command,16.07966423034668
controller_to_actuator_command,16.163349151611328
controller_to_actuator_command,15.552282333374023
controller_to_actuator_command,16.513347625732422
controller_to_actuator_command,16.089439392089844
controller_to_actuator_command,15.811443328857422
controller_to_actuator_command,16.13140106201172
controller_to_actuator_command,15.893697738647461
controller_to_actuator_command,16.350984573364258
controller_to_actuator_command,17.452239990234375
controller_to_actuator_command,16.20650291442871
controller_to_actuator_command,16.40176773071289
controller_to_actuator_command,16.281604766845703
controller_to_actuator_command,15.889883041381836
controller_to_actuator_command,15.93470573425293
controller_to_actuator_command,15.561819076538086
controller_to_actuator_command,15.9149169921875
controller_to_actuator_command,16.23225212097168
controller_to_actuator_command,16.1135196685791
controller_to_actuator_command,16.24774932861328
controller_to_actuator_command,16.014814376831055
controller_to_actuator_command,15.74254035949707
controller_to_actuator_command,16.131877899169922
controller_to_actuator_command,16.42155647277832
controller_to_actuator_command,16.041278839111328
controller_to_actuator_command,16.295671463012695
controller_to_actuator_command,16.02339744567871
controller_to_actuator_command,15.845060348510742
controller_to_actuator_command,16.266822814941406
controller_to_actuator_command,16.595125198364258
controller_to_actuator_command,16.002416610717773
controller_to_actuator_command,16.66116714477539
controller_to_actuator_command,15.836954116821289
controller_to_actuator_command,15.86461067199707
controller_to_actuator_command,17.26984977722168
controller_to_actuator_command,15.3350830078125
controller_to_actuator_command,16.290664672851562
controller_to_actuator_command,15.880107879638672
controller_to_actuator_command,16.055583953857422
controller_to_actuator_command,15.925407409667969
controller_to_actuator_command,15.951871871948242
controller_to_actuator_command,15.682697296142578
controller_to_actuator_command,15.94996452331543
controller_to_actuator_command,16.17264747619629
controller_to_actuator_command,16.577720642089844
controller_to_actuator_command,15.436410903930664
controller_to_actuator_command,16.24894142150879
controller_to_actuator_command,16.04437828063965
controller_to_actuator_command,16.25680923461914
controller_to_actuator_command,17.995834350585938
controller_to_actuator_command,14.646291732788086
controller_to_actuator_command,16.18480682373047
controller_to_actuator_command,15.72561264038086
controller_to_actuator_command,16.68715476989746
controller_to_actuator_command,15.897035598754883
controller_to_actuator_command,15.711545944213867
controller_to_actuator_command,16.177654266357422
controller_to_actuator_command,16.031742095947266
controller_to_actuator_command,16.484975814819336
controller_to_actuator_command,16.412019729614258
controller_to_actuator_command,14.594078063964844
controller_to_actuator_command,16.24011993408203
controller_to_actuator_command,16.155242919921875
controller_to_actuator_command,16.297578811645508
controller_to_actuator_command,17.25029945373535
controller_to_actuator_command,16.068696975708008
controller_to_actuator_command,16.031980514526367
controller_to_actuator_command,16.14069938659668
controller_to_actuator_command,16.27492904663086
controller_to_actuator_command,16.901493072509766
controller_to_actuator_command,16.618967056274414
controller_to_actuator_command,16.030550003051758
controller_to_actuator_command,16.377925872802734
controller_to_actuator_command,16.254425048828125
controller_to_actuator_command,18.37944984436035
controller_to_actuator_command,16.223907470703125
controller_to_actuator_command,15.91801643371582
controller_to_actuator_command,15.875577926635742
controller_to_actuator_command,16.518354415893555
controller_to_actuator_command,15.818357467651367
controller_to_actuator_command,16.317367553710938
controller_to_actuator_command,16.13306999206543
controller_to_actuator_command,15.887737274169922
controller_to_actuator_command,16.582965850830078
controller_to_actuator_command,17.433643341064453
controller_to_actuator_command,15.70892333984375
controller_to_actuator_command,16.33167266845703
controller_to_actuator_command,15.80500602722168
controller_to_actuator_command,15.882730484008789
controller_to_actuator_command,17.928600311279297
controller_to_actuator_command,16.068220138549805
controller_to_actuator_command,16.368627548217773
controller_to_actuator_command,15.755891799926758
controller_to_actuator_command,16.38960838317871
controller_to_actuator_command,18.264055252075195
controller_to_actuator_command,16.16215705871582
controller_to_actuator_command,16.008377075195312
controller_to_actuator_command,16.030550003051758
controller_to_actuator_command,15.982627868652344
controller_to_actuator_command,17.183542251586914
controller_to_actuator_command,16.07489585876465
controller_to_actuator_command,15.845537185668945
controller_to_actuator_command,16.086101531982422
controller_to_actuator_command,16.52073860168457
controller_to_actuator_command,16.592979431152344
controller_to_actuator_command,15.943765640258789
controller_to_actuator_command,16.35456085205078
controller_to_actuator_command,15.63405990600586
controller_to_actuator_command,16.490459442138672
controller_to_actuator_command,16.77680015563965
controller_to_actuator_command,15.164613723754883
controller_to_actuator_command,16.55411720275879
controller_to_actuator_command,16.17288589477539
controller_to_actuator_command,16.621828079223633
controller_to_actuator_command,16.41106605529785
controller_to_actuator_command,15.531539916992188
controller_to_actuator_command,16.223669052124023
controller_to_actuator_command,16.00956916809082
controller_to_actuator_command,16.392230987548828
controller_to_actuator_command,15.885114669799805
controller_to_actuator_command,16.09206199645996
controller_to_actuator_command,16.63970947265625
controller_to_actuator_command,15.785932540893555
controller_to_actuator_command,16.452312469482422
controller_to_actuator_command,16.19577407836914
controller_to_actuator_command,15.925407409667969
controller_to_actuator_command,16.164779663085938
controller_to_actuator_command,16.2050724029541
controller_to_actuator_command,16.362667083740234
controller_to_actuator_command,15.607595443725586
controller_to_actuator_command,15.885114669799805
controller_to_actuator_command,15.875816345214844
controller_to_actuator_command,16.04604721069336
controller_to_actuator_command,16.0677433013916
controller_to_actuator_command,15.963554382324219
controller_to_actuator_command,15.721321105957031
controller_to_actuator_command,16.364097595214844
controller_to_actuator_command,15.816926956176758
controller_to_actuator_command,16.205310821533203
controller_to_actuator_command,16.504287719726562
controller_to_actuator_command,15.945672988891602
controller_to_actuator_command,16.47639274597168
controller_to_actuator_command,16.25800132751465
controller_to_actuator_command,16.407489776611328
controller_to_actuator_command,16.52693748474121
controller_to_actuator_command,15.293121337890625
controller_to_actuator_command,15.989542007446289
controller_to_actuator_command,16.2200927734375
controller_to_actuator_command,16.119956970214844
controller_to_actuator_command,15.996456146240234
controller_to_actuator_command,16.251802444458008
controller_to_actuator_command,15.638589859008789
controller_to_actuator_command,16.167163848876953
end_to_end_command,21.01588249206543
end_to_end_command,40.79747200012207
end_to_end_command,28.918981552124023
end_to_end_command,15.796899795532227
end_to_end_command,35.83407402038574
end_to_end_command,24.01137351989746
end_to_end_command,43.86448860168457
end_to_end_command,28.936386108398438
end_to_end_command,15.84005355834961
end_to_end_command,35.8583927154541
end_to_end_command,22.107839584350586
end_to_end_command,42.165279388427734
end_to_end_command,29.867172241210938
end_to_end_command,16.912460327148438
end_to_end_command,37.505388259887695
end_to_end_command,24.378061294555664
end_to_end_command,43.73598098754883
end_to_end_command,30.351638793945312
end_to_end_command,18.512964248657227
end_to_end_command,38.87224197387695
end_to_end_command,23.078203201293945
end_to_end_command,43.39027404785156
end_to_end_command,31.099319458007812
end_to_end_command,17.506122589111328
end_to_end_command,37.79292106628418
end_to_end_command,23.955345153808594
end_to_end_command,44.110774993896484
end_to_end_command,29.676437377929688
end_to_end_command,16.69168472290039
end_to_end_command,36.7283821105957
end_to_end_command,23.23293685913086
end_to_end_command,43.396711349487305
end_to_end_command,29.712200164794922
end_to_end_command,17.049312591552734
end_to_end_command,37.49847412109375
end_to_end_command,22.892236709594727
end_to_end_command,42.76251792907715
end_to_end_command,29.498815536499023
end_to_end_command,15.954256057739258
end_to_end_command,36.057233810424805
end_to_end_command,22.87769317626953
end_to_end_command,42.86479949951172
end_to_end_command,29.04677391052246
end_to_end_command,14.730215072631836
end_to_end_command,34.41286087036133
end_to_end_command,23.650407791137695
end_to_end_command,43.53022575378418
end_to_end_command,29.668569564819336
end_to_end_command,17.07935333251953
end_to_end_command,36.746978759765625
end_to_end_command,24.020671844482422
end_to_end_command,43.764591217041016
end_to_end_command,28.973102569580078
end_to_end_command,17.01211929321289
end_to_end_command,37.381887435913086
end_to_end_command,24.411439895629883
end_to_end_command,44.56663131713867
end_to_end_command,28.821706771850586
end_to_end_command,48.613548278808594
end_to_end_command,35.2482795715332
end_to_end_command,23.876667022705078
end_to_end_command,43.770551681518555
end_to_end_command,28.76138687133789
end_to_end_command,17.049551010131836
end_to_end_command,37.251949310302734
end_to_end_command,23.520231246948242
end_to_end_command,43.83993148803711
end_to_end_command,29.732465744018555
end_to_end_command,16.753435134887695
end_to_end_command,36.67044639587402
end_to_end_command,24.2159366607666
end_to_end_command,44.016361236572266
end_to_end_command,28.979063034057617
end_to_end_command,14.16921615600586
end_to_end_command,34.238576889038086
end_to_end_command,23.68927001953125
end_to_end_command,43.96677017211914
end_to_end_command,28.360605239868164
end_to_end_command,17.172813415527344
end_to_end_command,37.554025650024414
end_to_end_command,23.41175079345703
end_to_end_command,44.31438446044922
end_to_end_command,29.636144638061523
end_to_end_command,16.74675941467285
end_to_end_command,37.13583946228027
end_to_end_command,24.134397506713867
end_to_end_command,44.21710968017578
end_to_end_command,29.16741371154785
end_to_end_command,17.27437973022461
end_to_end_command,37.47844696044922
end_to_end_command,24.26910400390625
end_to_end_command,44.31581497192383
end_to_end_command,29.82354164123535
end_to_end_command,17.22574234008789
end_to_end_command,37.60170936584473
end_to_end_command,24.27816390991211
end_to_end_command,43.617963790893555
end_to_end_command,30.34043312072754
end_to_end_command,16.84427261352539
end_to_end_command,36.9267463684082
end_to_end_command,24.62315559387207
end_to_end_command,44.40784454345703
end_to_end_command,30.622005462646484
end_to_end_command,16.857147216796875
end_to_end_command,37.38808631896973
end_to_end_command,22.261381149291992
end_to_end_command,42.36865043640137
end_to_end_command,27.81081199645996
end_to_end_command,18.261432647705078
end_to_end_command,38.342952728271484
end_to_end_command,23.581981658935547
end_to_end_command,43.54691505432129
end_to_end_command,29.445409774780273
end_to_end_command,18.082857131958008
end_to_end_command,38.401126861572266
end_to_end_command,23.234844207763672
end_to_end_command,43.404579162597656
end_to_end_command,30.852317810058594
end_to_end_command,16.795635223388672
end_to_end_command,37.13226318359375
end_to_end_command,22.783517837524414
end_to_end_command,42.94013977050781
end_to_end_command,29.249906539916992
end_to_end_command,16.581058502197266
end_to_end_command,36.34476661682129
end_to_end_command,23.49853515625
end_to_end_command,43.88833045959473
end_to_end_command,30.109167098999023
end_to_end_command,16.843318939208984
end_to_end_command,36.652565002441406
end_to_end_command,23.479938507080078
end_to_end_command,43.34068298339844
end_to_end_command,29.806852340698242
end_to_end_command,18.003225326538086
end_to_end_command,37.97459602355957
end_to_end_command,22.619247436523438
end_to_end_command,42.65737533569336
end_to_end_command,28.395414352416992
end_to_end_command,17.519712448120117
end_to_end_command,37.95957565307617
end_to_end_command,23.75006675720215
end_to_end_command,43.59269142150879
end_to_end_command,28.6867618560791
end_to_end_command,15.911102294921875
end_to_end_command,36.22603416442871
end_to_end_command,23.32925796508789
end_to_end_command,43.1826114654541
end_to_end_command,29.507875442504883
end_to_end_command,16.683340072631836
end_to_end_command,36.716461181640625
end_to_end_command,23.41008186340332
end_to_end_command,43.445587158203125
end_to_end_command,30.313730239868164
end_to_end_command,16.053438186645508
end_to_end_command,36.131858825683594
end_to_end_command,22.997379302978516
end_to_end_command,43.14112663269043
end_to_end_command,31.076908111572266
end_to_end_command,15.656471252441406
end_to_end_command,35.30168533325195
end_to_end_command,22.998332977294922
end_to_end_command,42.93656349182129
end_to_end_command,28.826475143432617
end_to_end_command,17.591476440429688
end_to_end_command,38.637638092041016
end_to_end_command,24.93762969970703
end_to_end_command,45.18938064575195
end_to_end_command,30.13014793395996
end_to_end_command,17.44246482849121
end_to_end_command,41.468143463134766
end_to_end_command,23.6968994140625
end_to_end_command,43.024539947509766
end_to_end_command,28.56731414794922
end_to_end_command,16.412019729614258
end_to_end_command,36.595821380615234
end_to_end_command,22.863388061523438
end_to_end_command,43.259382247924805
end_to_end_command,29.619455337524414
end_to_end_command,49.90196228027344
end_to_end_command,35.28285026550293
end_to_end_command,23.5135555267334
end_to_end_command,43.51353645324707
end_to_end_command,29.61421012878418
end_to_end_command,17.316579818725586
end_to_end_command,37.66608238220215
end_to_end_command,23.075103759765625
end_to_end_command,43.24817657470703
end_to_end_command,29.023408889770508
end_to_end_command,18.071413040161133
end_to_end_command,38.519859313964844
end_to_end_command,23.631811141967773
end_to_end_command,43.869733810424805
end_to_end_command,29.475927352905273
end_to_end_command,17.441987991333008
end_to_end_command,37.4600887298584
end_to_end_command,24.984121322631836
end_to_end_command,44.70396041870117
end_to_end_command,30.141830444335938
end_to_end_command,17.663002014160156
end_to_end_command,37.815093994140625
end_to_end_command,24.180889129638672
end_to_end_command,44.71278190612793
end_to_end_command,30.84278106689453
end_to_end_command,17.39668846130371
end_to_end_command,37.325143814086914
end_to_end_command,23.500919342041016
end_to_end_command,43.86401176452637
end_to_end_command,29.51335906982422
end_to_end_command,16.230344772338867
end_to_end_command,36.295175552368164
end_to_end_command,23.6361026763916
end_to_end_command,43.94102096557617
end_to_end_command,30.513763427734375
end_to_end_command,17.78435707092285
end_to_end_command,38.137197494506836
end_to_end_command,22.07660675048828
end_to_end_command,42.201995849609375
end_to_end_command,28.91707420349121
end_to_end_command,17.56453514099121
end_to_end_command,37.47916221618652
end_to_end_command,23.475170135498047
end_to_end_command,43.11370849609375
end_to_end_command,30.847549438476562
end_to_end_command,17.994403839111328
end_to_end_command,38.451433181762695
end_to_end_command,24.320363998413086
end_to_end_command,44.15464401245117
end_to_end_command,30.476808547973633
end_to_end_command,17.818450927734375
end_to_end_command,37.61887550354004
end_to_end_command,23.334741592407227
end_to_end_command,43.410301208496094
end_to_end_command,28.779983520507812
end_to_end_command,17.533063888549805
end_to_end_command,37.42527961730957
end_to_end_command,23.334741592407227
end_to_end_command,43.392181396484375
end_to_end_command,30.058622360229492
end_to_end_command,17.39645004272461
end_to_end_command,37.54687309265137
end_to_end_command,22.914409637451172
end_to_end_command,42.762041091918945
end_to_end_command,29.004335403442383
end_to_end_command,17.28224754333496
end_to_end_command,37.42861747741699
end_to_end_command,24.70541000366211
end_to_end_command,44.84915733337402
end_to_end_command,31.64386749267578
end_to_end_command,16.724824905395508
end_to_end_command,36.76104545593262
end_to_end_command,23.321866989135742
end_to_end_command,43.37954521179199
end_to_end_command,30.658483505249023
end_to_end_command,15.249013900756836
end_to_end_command,35.417795181274414
end_to_end_command,24.8715877532959
end_to_end_command,44.716835021972656
end_to_end_command,29.96659278869629
end_to_end_command,18.522262573242188
end_to_end_command,38.52033615112305
end_to_end_command,23.25129508972168
end_to_end_command,43.49112510681152
end_to_end_command,30.2736759185791
end_to_end_command,17.277002334594727
end_to_end_command,37.12129592895508
end_to_end_command,22.619009017944336
end_to_end_command,42.60087013244629
end_to_end_command,29.680967330932617
end_to_end_command,18.668651580810547
end_to_end_command,38.88535499572754
end_to_end_command,23.92888069152832
end_to_end_command,43.706417083740234
end_to_end_command,29.496192932128906
end_to_end_command,16.91412925720215
end_to_end_command,36.80300712585449
end_to_end_command,24.471044540405273
end_to_end_command,44.4798469543457
end_to_end_command,30.328989028930664
end_to_end_command,17.171144485473633
end_to_end_command,37.129878997802734
end_to_end_command,23.607492446899414
end_to_end_command,43.697357177734375
end_to_end_command,28.806209564208984
end_to_end_command,15.637874603271484
end_to_end_command,35.54129600524902
end_to_end_command,23.91195297241211
end_to_end_command,44.13723945617676
end_to_end_command,29.56080436706543
end_to_end_command,18.36538314819336
end_to_end_command,38.367271423339844
end_to_end_command,23.5745906829834
end_to_end_command,43.57790946960449
end_to_end_command,29.305696487426758
end_to_end_command,50.11415481567383
end_to_end_command,33.991098403930664
end_to_end_command,23.17333221435547
end_to_end_command,43.570756912231445
end_to_end_command,29.79755401611328
end_to_end_command,16.360759735107422
end_to_end_command,36.364078521728516
end_to_end_command,23.211002349853516
end_to_end_command,43.16377639770508
end_to_end_command,30.107975006103516
end_to_end_command,16.13330841064453
end_to_end_command,36.1325740814209
end_to_end_command,25.22897720336914
end_to_end_command,45.13859748840332
end_to_end_command,30.520915985107422
end_to_end_command,18.110275268554688
end_to_end_command,38.222312927246094
end_to_end_command,23.561716079711914
end_to_end_command,43.650150299072266
end_to_end_command,29.5565128326416
end_to_end_command,16.85023307800293
end_to_end_command,37.38737106323242
end_to_end_command,24.604082107543945
end_to_end_command,44.65532302856445
end_to_end_command,30.642032623291016
end_to_end_command,17.64369010925293
end_to_end_command,37.71018981933594
end_to_end_command,23.964881896972656
end_to_end_command,43.90716552734375
end_to_end_command,29.518604278564453
end_to_end_command,17.714262008666992
end_to_end_command,38.06781768798828
end_to_end_command,23.503541946411133
end_to_end_command,43.84613037109375
end_to_end_command,29.54721450805664
end_to_end_command,17.304420471191406
end_to_end_command,37.50777244567871
end_to_end_command,23.149728775024414
end_to_end_command,43.180227279663086
end_to_end_command,28.985977172851562
end_to_end_command,17.192602157592773
end_to_end_command,37.18757629394531
end_to_end_command,23.90313148498535
end_to_end_command,43.79701614379883
end_to_end_command,30.339479446411133
end_to_end_command,17.479419708251953
end_to_end_command,38.852691650390625
end_to_end_command,23.163318634033203
end_to_end_command,42.49382019042969
end_to_end_command,28.25927734375
end_to_end_command,17.343997955322266
end_to_end_command,38.35105895996094
end_to_end_command,22.927522659301758
end_to_end_command,43.07842254638672
end_to_end_command,30.939340591430664
end_to_end_command,16.197919845581055
end_to_end_command,35.951852798461914
end_to_end_command,22.536516189575195
end_to_end_command,42.591094970703125
end_to_end_command,29.612064361572266
end_to_end_command,18.764734268188477
end_to_end_command,38.291215896606445
end_to_end_command,24.259328842163086
end_to_end_command,44.58761215209961
end_to_end_command,31.142234802246094
end_to_end_command,16.550302505493164
end_to_end_command,36.46039962768555
end_to_end_command,22.82857894897461
end_to_end_command,42.94562339782715
end_to_end_command,28.43618392944336
end_to_end_command,15.014886856079102
end_to_end_command,35.07089614868164
end_to_end_command,24.38950538635254
end_to_end_command,44.593095779418945
end_to_end_command,29.450654983520508
end_to_end_command,17.528772354125977
end_to_end_command,37.31274604797363
end_to_end_command,23.399829864501953
end_to_end_command,43.43986511230469
end_to_end_command,29.636144638061523
end_to_end_command,17.431020736694336
end_to_end_command,36.81349754333496
end_to_end_command,23.72264862060547
end_to_end_command,44.0058708190918
end_to_end_command,30.892610549926758
end_to_end_command,17.963409423828125
end_to_end_command,38.24186325073242
end_to_end_command,24.193525314331055
end_to_end_command,44.413089752197266
end_to_end_command,30.23076057434082
end_to_end_command,16.030073165893555
end_to_end_command,36.28945350646973
end_to_end_command,24.112939834594727
end_to_end_command,44.45481300354004
end_to_end_command,29.04796600341797
end_to_end_command,15.426397323608398
end_to_end_command,35.62736511230469
end_to_end_command,24.156808853149414
end_to_end_command,44.22616958618164
end_to_end_command,29.60658073425293
end_to_end_command,15.715837478637695
end_to_end_command,35.93754768371582
end_to_end_command,24.025440216064453
end_to_end_command,43.98989677429199
end_to_end_command,30.283689498901367
end_to_end_command,17.482280731201172
end_to_end_command,37.61172294616699
end_to_end_command,24.090051651000977
end_to_end_command,44.38972473144531
end_to_end_command,30.324220657348633
end_to_end_command,18.651962280273438
end_to_end_command,38.72060775756836
end_to_end_command,22.970199584960938
end_to_end_command,43.02263259887695
end_to_end_command,30.320167541503906
end_to_end_command,18.796682357788086
end_to_end_command,39.72220420837402
end_to_end_command,24.976491928100586
end_to_end_command,45.01056671142578
end_to_end_command,31.204938888549805
end_to_end_command,17.008543014526367
end_to_end_command,36.73911094665527
end_to_end_command,24.651765823364258
end_to_end_command,44.34084892272949
end_to_end_command,30.205965042114258
end_to_end_command,18.633604049682617
end_to_end_command,38.99121284484863
end_to_end_command,23.88596534729004
end_to_end_command,44.097900390625
end_to_end_command,30.81536293029785
end_to_end_command,18.23878288269043
end_to_end_command,38.271427154541016
end_to_end_command,23.709774017333984
end_to_end_command,44.08574104309082
end_to_end_command,30.86256980895996
end_to_end_command,18.164396286010742
end_to_end_command,38.129329681396484
end_to_end_command,24.21736717224121
end_to_end_command,44.541358947753906
end_to_end_command,31.780242919921875
end_to_end_command,16.420602798461914
end_to_end_command,36.08989715576172
end_to_end_command,23.779869079589844
end_to_end_command,43.90430450439453
end_to_end_command,30.256986618041992
end_to_end_command,16.70527458190918
end_to_end_command,36.713361740112305
end_to_end_command,24.657011032104492
end_to_end_command,44.66652870178223
end_to_end_command,29.702186584472656
end_to_end_command,16.141176223754883
end_to_end_command,36.33689880371094
end_to_end_command,23.79298210144043
end_to_end_command,43.93458366394043
end_to_end_command,30.51471710205078
end_to_end_command,18.83840560913086
end_to_end_command,38.768768310546875
end_to_end_command,24.03736114501953
end_to_end_command,44.280290603637695
end_to_end_command,29.265880584716797
end_to_end_command,17.136335372924805
end_to_end_command,37.26530075073242
end_to_end_command,24.044513702392578
end_to_end_command,44.61550712585449
end_to_end_command,30.426740646362305
end_to_end_command,16.0372257232666
end_to_end_command,36.23008728027344
end_to_end_command,23.999691009521484
end_to_end_command,44.157981872558594
end_to_end_command,29.231548309326172
end_to_end_command,17.563581466674805
end_to_end_command,37.47749328613281
end_to_end_command,23.411035537719727
end_to_end_command,43.585777282714844
end_to_end_command,29.590845108032227
end_to_end_command,15.883207321166992
end_to_end_command,36.620140075683594
end_to_end_command,25.452136993408203
end_to_end_command,45.39322853088379
end_to_end_command,30.684471130371094
end_to_end_command,18.575668334960938
end_to_end_command,38.59901428222656
end_to_end_command,23.667335510253906
end_to_end_command,44.042348861694336
end_to_end_command,31.54587745666504
end_to_end_command,17.735958099365234
end_to_end_command,38.05112838745117
end_to_end_command,23.919105529785156
end_to_end_command,43.91121864318848
end_to_end_command,29.385089874267578
end_to_end_command,17.33112335205078
end_to_end_command,37.00518608093262
end_to_end_command,23.723363876342773
end_to_end_command,43.469905853271484
end_to_end_command,29.49833869934082
end_to_end_command,16.324520111083984
end_to_end_command,36.22841835021973
end_to_end_command,22.19080924987793
end_to_end_command,42.70291328430176
end_to_end_command,30.917882919311523
end_to_end_command,17.414093017578125
end_to_end_command,37.63413429260254
end_to_end_command,24.018049240112305
end_to_end_command,43.763160705566406
end_to_end_command,30.038833618164062
end_to_end_command,17.351865768432617
end_to_end_command,37.79196739196777
end_to_end_command,23.825645446777344
end_to_end_command,43.746232986450195
end_to_end_command,28.93376350402832
end_to_end_command,17.82822608947754
end_to_end_command,37.87517547607422
end_to_end_command,23.68783950805664
end_to_end_command,43.82467269897461
end_to_end_command,30.884981155395508
end_to_end_command,17.14181900024414
end_to_end_command,37.51325607299805
end_to_end_command,24.86395835876465
end_to_end_command,44.97575759887695
end_to_end_command,31.710147857666016
end_to_end_command,17.221450805664062
end_to_end_command,37.450551986694336
end_to_end_command,23.59914779663086
end_to_end_command,43.79558563232422
end_to_end_command,30.324220657348633
end_to_end_command,19.008874893188477
end_to_end_command,39.03365135192871
end_to_end_command,24.0175724029541
end_to_end_command,44.393062591552734
end_to_end_command,29.997825622558594
end_to_end_command,18.642663955688477
end_to_end_command,38.87486457824707
end_to_end_command,23.767709732055664
end_to_end_command,43.927907943725586
end_to_end_command,29.927968978881836
end_to_end_command,18.1884765625
end_to_end_command,38.388967514038086
end_to_end_command,23.614883422851562
end_to_end_command,43.862104415893555
end_to_end_command,31.281232833862305
end_to_end_command,17.9593563079834
end_to_end_command,37.59932518005371
end_to_end_command,23.67687225341797
end_to_end_command,43.82061958312988
end_to_end_command,30.916929244995117
end_to_end_command,17.119646072387695
end_to_end_command,37.213802337646484
end_to_end_command,24.935483932495117
end_to_end_command,44.866085052490234
end_to_end_command,31.327486038208008
end_to_end_command,16.76344871520996
end_to_end_command,36.99803352355957
end_to_end_command,25.360107421875
end_to_end_command,45.30906677246094
end_to_end_command,30.845165252685547
end_to_end_command,17.33875274658203
end_to_end_command,37.54281997680664
end_to_end_command,23.921489715576172
end_to_end_command,43.85733604431152
end_to_end_command,30.130624771118164
end_to_end_command,16.005754470825195
end_to_end_command,36.06057167053223
end_to_end_command,23.520469665527344
end_to_end_command,43.808698654174805
end_to_end_command,30.732154846191406
end_to_end_command,18.58973503112793
end_to_end_command,38.68269920349121
end_to_end_command,24.033784866333008
end_to_end_command,43.95461082458496
end_to_end_command,30.84707260131836
end_to_end_command,17.58551597595215
end_to_end_command,37.87398338317871
end_to_end_command,25.218486785888672
end_to_end_command,45.11904716491699
end_to_end_command,31.169891357421875
end_to_end_command,17.182588577270508
end_to_end_command,37.19973564147949
end_to_end_command,24.933338165283203
end_to_end_command,44.995784759521484
end_to_end_command,30.730724334716797
end_to_end_command,16.452789306640625
end_to_end_command,36.623239517211914
end_to_end_command,24.04475212097168
end_to_end_command,44.46077346801758
end_to_end_command,30.19237518310547
end_to_end_command,17.97962188720703
end_to_end_command,38.022518157958984
end_to_end_command,24.047136306762695
end_to_end_command,44.46578025817871
end_to_end_command,30.688047409057617
end_to_end_command,18.042564392089844
end_to_end_command,38.10858726501465
end_to_end_command,24.17445182800293
end_to_end_command,44.417619705200195
end_to_end_command,30.95221519470215
end_to_end_command,16.905784606933594
end_to_end_command,36.89074516296387
end_to_end_command,22.99785614013672
end_to_end_command,43.298959732055664
end_to_end_command,29.361963272094727
end_to_end_command,17.314434051513672
end_to_end_command,37.66369819641113
end_to_end_command,23.283004760742188
end_to_end_command,43.70474815368652
end_to_end_command,30.086278915405273
end_to_end_command,18.218278884887695
end_to_end_command,38.07806968688965
end_to_end_command,23.986101150512695
end_to_end_command,44.25692558288574
end_to_end_command,29.778003692626953
end_to_end_command,17.697811126708984
end_to_end_command,37.642717361450195
end_to_end_command,23.763179779052734
end_to_end_command,44.055938720703125
end_to_end_command,29.69837188720703
end_to_end_command,17.353296279907227
end_to_end_command,37.772178649902344
end_to_end_command,24.43408966064453
end_to_end_command,44.32082176208496
end_to_end_command,31.200170516967773
end_to_end_command,18.218040466308594
end_to_end_command,38.52486610412598
end_to_end_command,24.15013313293457
end_to_end_command,44.39878463745117
end_to_end_command,30.283212661743164
end_to_end_command,18.190383911132812
end_to_end_command,38.01083564758301
end_to_end_command,23.61011505126953
end_to_end_command,43.86115074157715
end_to_end_command,30.269384384155273
end_to_end_command,17.882108688354492
end_to_end_command,38.22922706604004
end_to_end_command,24.932861328125
end_to_end_command,44.92783546447754
end_to_end_command,30.69472312927246
end_to_end_command,18.961668014526367
end_to_end_command,39.25609588623047
end_to_end_command,24.13773536682129
end_to_end_command,44.23713684082031
end_to_end_command,30.88831901550293
end_to_end_command,18.69511604309082
end_to_end_command,38.861989974975586
end_to_end_command,23.868083953857422
end_to_end_command,44.30103302001953
end_to_end_command,30.35879135131836
end_to_end_command,18.52107048034668
end_to_end_command,38.72799873352051
end_to_end_command,23.859739303588867
end_to_end_command,44.20185089111328
end_to_end_command,29.767990112304688
end_to_end_command,18.23711395263672
end_to_end_command,38.268327713012695
end_to_end_command,23.64635467529297
end_to_end_command,43.73908042907715
end_to_end_command,30.933618545532227
end_to_end_command,16.391277313232422
end_to_end_command,36.385297775268555
end_to_end_command,22.940397262573242
end_to_end_command,42.78302192687988
end_to_end_command,30.011892318725586
end_to_end_command,16.643524169921875
end_to_end_command,36.8809700012207
end_to_end_command,23.02694320678711
end_to_end_command,43.14303398132324
end_to_end_command,30.984878540039062
end_to_end_command,17.893075942993164
end_to_end_command,38.06161880493164
end_to_end_command,24.411439895629883
end_to_end_command,44.12388801574707
end_to_end_command,30.873537063598633
end_to_end_command,18.619537353515625
end_to_end_command,38.66314888000488
end_to_end_command,24.522066116333008
end_to_end_command,44.63028907775879
end_to_end_command,30.582427978515625
end_to_end_command,18.905162811279297
end_to_end_command,39.18957710266113
end_to_end_command,23.639440536499023
end_to_end_command,43.66493225097656
end_to_end_command,29.8919677734375
end_to_end_command,16.75724983215332
end_to_end_command,36.59772872924805
end_to_end_command,23.225069046020508
end_to_end_command,43.35832595825195
end_to_end_command,29.40058708190918
end_to_end_command,17.756938934326172
end_to_end_command,37.92285919189453
end_to_end_command,23.917675018310547
end_to_end_command,44.173479080200195
end_to_end_command,32.439470291137695
end_to_end_command,16.23845100402832
end_to_end_command,35.462141036987305
end_to_end_command,24.2159366607666
end_to_end_command,44.31962966918945
end_to_end_command,29.286623001098633
end_to_end_command,17.052412033081055
end_to_end_command,37.88256645202637
end_to_end_command,25.52175521850586
end_to_end_command,45.15671730041504
end_to_end_command,30.99346160888672
end_to_end_command,18.189668655395508
end_to_end_command,38.45572471618652
end_to_end_command,24.022817611694336
end_to_end_command,44.01063919067383
end_to_end_command,29.138565063476562
end_to_end_command,17.010211944580078
end_to_end_command,36.931514739990234
end_to_end_command,24.024009704589844
end_to_end_command,43.78795623779297
end_to_end_command,29.469728469848633
end_to_end_command,17.397165298461914
end_to_end_command,37.3072624206543
end_to_end_command,23.578166961669922
end_to_end_command,43.46823692321777
end_to_end_command,30.51590919494629
end_to_end_command,18.281936645507812
end_to_end_command,38.12551498413086
end_to_end_command,23.520231246948242
end_to_end_command,43.9300537109375
end_to_end_command,30.005931854248047
end_to_end_command,15.546560287475586
end_to_end_command,35.8586311340332
end_to_end_command,23.395061492919922
end_to_end_command,43.85542869567871
end_to_end_command,30.549287796020508
end_to_end_command,18.165111541748047
end_to_end_command,38.31362724304199
end_to_end_command,24.31511878967285
end_to_end_command,44.59547996520996
end_to_end_command,30.24578094482422
end_to_end_command,17.605066299438477
end_to_end_command,38.05208206176758
end_to_end_command,24.001121520996094
end_to_end_command,44.49462890625
end_to_end_command,30.472993850708008
end_to_end_command,16.578197479248047
end_to_end_command,37.04547882080078
end_to_end_command,23.449182510375977
end_to_end_command,43.654680252075195
end_to_end_command,30.422449111938477
end_to_end_command,18.202781677246094
end_to_end_command,38.45667839050293
end_to_end_command,23.947715759277344
end_to_end_command,44.35276985168457
end_to_end_command,30.043601989746094
end_to_end_command,18.574237823486328
end_to_end_command,38.678884506225586
end_to_end_command,23.974895477294922
end_to_end_command,43.851375579833984
end_to_end_command,28.895139694213867
end_to_end_command,17.065763473510742
end_to_end_command,37.19758987426758
end_to_end_command,23.69403839111328
end_to_end_command,43.68877410888672
end_to_end_command,30.447959899902344
end_to_end_command,16.322612762451172
end_to_end_command,36.3612174987793
end_to_end_command,24.0170955657959
end_to_end_command,44.48866844177246
end_to_end_command,30.261516571044922
end_to_end_command,16.68262481689453
end_to_end_command,37.001848220825195
end_to_end_command,23.50330352783203
end_to_end_command,43.60628128051758
end_to_end_command,30.421018600463867
end_to_end_command,16.666650772094727
end_to_end_command,36.62300109863281
end_to_end_command,23.76079559326172
end_to_end_command,43.953895568847656
end_to_end_command,30.477046966552734
end_to_end_command,18.61715316772461
end_to_end_command,38.67077827453613
end_to_end_command,24.338722229003906
end_to_end_command,44.24476623535156
end_to_end_command,29.682636260986328
end_to_end_command,15.868425369262695
end_to_end_command,35.9034538269043
end_to_end_command,24.065732955932617
end_to_end_command,44.11911964416504
end_to_end_command,32.06014633178711
end_to_end_command,17.894506454467773
end_to_end_command,38.00773620605469
end_to_end_command,25.310516357421875
end_to_end_command,45.401811599731445
end_to_end_command,32.140254974365234
end_to_end_command,18.345355987548828
end_to_end_command,38.552284240722656
end_to_end_command,24.019479751586914
end_to_end_command,44.440507888793945
end_to_end_command,30.898332595825195
end_to_end_command,18.4781551361084
end_to_end_command,38.42735290527344
end_to_end_command,24.349451065063477
end_to_end_command,44.74830627441406
end_to_end_command,30.32827377319336
end_to_end_command,18.33057403564453
end_to_end_command,38.41590881347656
end_to_end_command,24.50847625732422
end_to_end_command,44.571638107299805
end_to_end_command,29.244184494018555
end_to_end_command,18.158674240112305
end_to_end_command,38.306474685668945
end_to_end_command,24.59120750427246
end_to_end_command,44.599056243896484
end_to_end_command,31.491518020629883
end_to_end_command,17.813920974731445
end_to_end_command,37.99724578857422
end_to_end_command,23.928403854370117
end_to_end_command,44.30055618286133
end_to_end_command,30.601024627685547
end_to_end_command,18.57733726501465
end_to_end_command,38.62905502319336
end_to_end_command,23.61464500427246
end_to_end_command,44.09432411193848
end_to_end_command,29.93035316467285
end_to_end_command,18.102645874023438
end_to_end_command,37.99247741699219
end_to_end_command,24.008989334106445
end_to_end_command,44.09646987915039
end_to_end_command,30.37858009338379
end_to_end_command,17.600059509277344
end_to_end_command,37.90712356567383
end_to_end_command,24.05548095703125
end_to_end_command,44.05093193054199
end_to_end_command,29.979705810546875
end_to_end_command,18.669843673706055
end_to_end_command,39.42465782165527
end_to_end_command,24.47032928466797
end_to_end_command,44.991493225097656
end_to_end_command,29.76536750793457
end_to_end_command,18.73493194580078
end_to_end_command,38.73276710510254
end_to_end_command,24.295330047607422
end_to_end_command,44.58355903625488
end_to_end_command,31.728029251098633
end_to_end_command,16.061782836914062
end_to_end_command,35.95685958862305
end_to_end_command,23.60224723815918
end_to_end_command,43.81060600280762
end_to_end_command,31.872272491455078
end_to_end_command,18.464088439941406
end_to_end_command,38.65766525268555
end_to_end_command,24.49822425842285
end_to_end_command,44.70038414001465
end_to_end_command,31.179189682006836
end_to_end_command,19.00482177734375
end_to_end_command,39.14594650268555
end_to_end_command,25.410890579223633
end_to_end_command,44.93427276611328
end_to_end_command,30.980587005615234
end_to_end_command,17.486095428466797
end_to_end_command,37.763118743896484
end_to_end_command,24.4905948638916
end_to_end_command,44.59190368652344
end_to_end_command,30.710697174072266
end_to_end_command,18.01466941833496
end_to_end_command,38.291215896606445
end_to_end_command,24.286508560180664
end_to_end_command,44.670820236206055
end_to_end_command,31.242847442626953
end_to_end_command,18.584251403808594
end_to_end_command,38.66410255432129
end_to_end_command,24.069547653198242
end_to_end_command,44.363975524902344
end_to_end_command,31.084775924682617
end_to_end_command,18.878459930419922
end_to_end_command,38.96331787109375
end_to_end_command,23.901939392089844
end_to_end_command,43.909549713134766
end_to_end_command,30.768871307373047
end_to_end_command,18.277406692504883
end_to_end_command,38.49935531616211
end_to_end_command,23.607969284057617
end_to_end_command,43.75267028808594
end_to_end_command,30.67302703857422
end_to_end_command,18.10431480407715
end_to_end_command,38.50412368774414
end_to_end_command,24.324893951416016
end_to_end_command,44.52943801879883
end_to_end_command,29.60658073425293
end_to_end_command,18.879413604736328
end_to_end_command,38.88511657714844
end_to_end_command,24.39093589782715
end_to_end_command,44.46244239807129
end_to_end_command,30.471324920654297
end_to_end_command,18.766403198242188
end_to_end_command,39.12758827209473
end_to_end_command,23.767471313476562
end_to_end_command,44.045448303222656
end_to_end_command,30.70974349975586
end_to_end_command,18.19586753845215
end_to_end_command,38.331031799316406
end_to_end_command,24.316787719726562
end_to_end_command,44.243574142456055
end_to_end_command,29.328584671020508
end_to_end_command,16.416072845458984
end_to_end_command,37.14299201965332
end_to_end_command,23.53501319885254
end_to_end_command,43.69497299194336
end_to_end_command,29.714584350585938
end_to_end_command,15.535831451416016
end_to_end_command,35.938262939453125
end_to_end_command,24.07670021057129
end_to_end_command,43.920278549194336
end_to_end_command,28.961181640625
end_to_end_command,17.302989959716797
end_to_end_command,37.52708435058594
end_to_end_command,24.343252182006836
end_to_end_command,44.29984092712402
end_to_end_command,28.894424438476562
end_to_end_command,17.633438110351562
end_to_end_command,37.51635551452637
end_to_end_command,25.36177635192871
end_to_end_command,45.07565498352051
end_to_end_command,32.276153564453125
end_to_end_command,17.2274112701416
end_to_end_command,37.680864334106445
end_to_end_command,24.713516235351562
end_to_end_command,44.72017288208008
end_to_end_command,30.666112899780273
end_to_end_command,17.076969146728516
end_to_end_command,38.36846351623535
end_to_end_command,24.6734619140625
end_to_end_command,44.509172439575195
end_to_end_command,32.103776931762695
end_to_end_command,17.600536346435547
end_to_end_command,36.95964813232422
end_to_end_command,24.269580841064453
end_to_end_command,44.05331611633301
end_to_end_command,29.651403427124023
end_to_end_command,17.452239990234375
end_to_end_command,37.672996520996094
end_to_end_command,24.883270263671875
end_to_end_command,44.95644569396973
end_to_end_command,31.163930892944336
end_to_end_command,18.393278121948242
end_to_end_command,38.56182098388672
end_to_end_command,24.010419845581055
end_to_end_command,44.17848587036133
end_to_end_command,29.96206283569336
end_to_end_command,17.709970474243164
end_to_end_command,37.94431686401367
end_to_end_command,23.54288101196289
end_to_end_command,44.01993751525879
end_to_end_command,31.854629516601562
end_to_end_command,16.741514205932617
end_to_end_command,36.61298751831055
end_to_end_command,23.258447647094727
end_to_end_command,43.9457893371582
end_to_end_command,30.928611755371094
end_to_end_command,17.077207565307617
end_to_end_command,37.06026077270508
end_to_end_command,23.30946922302246
end_to_end_command,43.62130165100098
end_to_end_command,31.171798706054688
end_to_end_command,18.716096878051758
end_to_end_command,38.806915283203125
end_to_end_command,23.86188507080078
end_to_end_command,44.07382011413574
end_to_end_command,30.720233917236328
end_to_end_command,18.303632736206055
end_to_end_command,38.38825225830078
end_to_end_command,24.3990421295166
end_to_end_command,44.89302635192871
end_to_end_command,30.759334564208984
end_to_end_command,15.237092971801758
end_to_end_command,35.736799240112305
end_to_end_command,23.17976951599121
end_to_end_command,43.09654235839844
end_to_end_command,30.28273582458496
end_to_end_command,17.400503158569336
end_to_end_command,37.5971794128418
end_to_end_command,23.161888122558594
end_to_end_command,43.15900802612305
end_to_end_command,30.527591705322266
end_to_end_command,17.87710189819336
end_to_end_command,37.86587715148926
end_to_end_command,24.84297752380371
end_to_end_command,44.92473602294922
end_to_end_command,32.004594802856445
end_to_end_command,16.547203063964844
end_to_end_command,36.6363525390625
end_to_end_command,25.27022361755371
end_to_end_command,45.201778411865234
end_to_end_command,31.856775283813477
end_to_end_command,17.155170440673828
end_to_end_command,37.461042404174805
end_to_end_command,25.26092529296875
end_to_end_command,45.28021812438965
end_to_end_command,31.547069549560547
end_to_end_command,17.405271530151367
end_to_end_command,37.606000900268555
end_to_end_command,24.152517318725586
end_to_end_command,44.44384574890137
end_to_end_command,31.06832504272461
end_to_end_command,18.636703491210938
end_to_end_command,38.89298439025879
end_to_end_command,24.154186248779297
end_to_end_command,44.38447952270508
end_to_end_command,30.419111251831055
end_to_end_command,17.960071563720703
end_to_end_command,37.89186477661133
end_to_end_command,23.88477325439453
end_to_end_command,43.805599212646484
end_to_end_command,30.524492263793945
end_to_end_command,17.565011978149414
end_to_end_command,37.70756721496582
end_to_end_command,24.773597717285156
end_to_end_command,44.91019248962402
end_to_end_command,31.729936599731445
end_to_end_command,18.26643943786621
end_to_end_command,38.41090202331543
end_to_end_command,24.052143096923828
end_to_end_command,44.176578521728516
end_to_end_command,30.226707458496094
end_to_end_command,17.978429794311523
end_to_end_command,38.051605224609375
end_to_end_command,23.784399032592773
end_to_end_command,43.86186599731445
end_to_end_command,31.352519989013672
end_to_end_command,17.816781997680664
end_to_end_command,38.181304931640625
end_to_end_command,25.509119033813477
end_to_end_command,45.3639030456543
end_to_end_command,30.47800064086914
end_to_end_command,18.23282241821289
end_to_end_command,38.16938400268555
end_to_end_command,25.41184425354004
end_to_end_command,45.56536674499512
end_to_end_command,31.61787986755371
end_to_end_command,17.14468002319336
end_to_end_command,37.154197692871094
end_to_end_command,23.83732795715332
end_to_end_command,44.15488243103027
end_to_end_command,29.947757720947266
end_to_end_command,18.075942993164062
end_to_end_command,38.38539123535156
end_to_end_command,24.588823318481445
end_to_end_command,45.16458511352539
end_to_end_command,31.939029693603516
end_to_end_command,16.061067581176758
end_to_end_command,35.568952560424805
end_to_end_command,24.825572967529297
end_to_end_command,45.05562782287598
end_to_end_command,31.078338623046875
end_to_end_command,18.829345703125
end_to_end_command,38.993120193481445
end_to_end_command,23.871183395385742
end_to_end_command,44.0516471862793
end_to_end_command,31.55803680419922
end_to_end_command,19.052982330322266
end_to_end_command,39.565086364746094
end_to_end_command,25.257110595703125
end_to_end_command,45.09139060974121
end_to_end_command,30.72071075439453
end_to_end_command,17.285823822021484
end_to_end_command,37.74213790893555
end_to_end_command,24.37734603881836
end_to_end_command,44.94833946228027
end_to_end_command,29.74247932434082
end_to_end_command,19.367218017578125
end_to_end_command,39.437294006347656
end_to_end_command,25.656700134277344
end_to_end_command,45.593976974487305
end_to_end_command,31.806230545043945
end_to_end_command,17.184972763061523
end_to_end_command,37.149906158447266
end_to_end_command,23.926496505737305
end_to_end_command,44.13199424743652
end_to_end_command,29.743671417236328
end_to_end_command,17.233848571777344
end_to_end_command,37.16158866882324
end_to_end_command,23.80228042602539
end_to_end_command,44.15273666381836
end_to_end_command,31.06522560119629
end_to_end_command,18.615245819091797
end_to_end_command,39.06822204589844
end_to_end_command,23.975849151611328
end_to_end_command,43.95294189453125
end_to_end_command,31.483173370361328
end_to_end_command,17.743349075317383
end_to_end_command,38.01298141479492
end_to_end_command,23.782730102539062
end_to_end_command,44.008493423461914
end_to_end_command,30.66873550415039
end_to_end_command,18.528461456298828
end_to_end_command,38.65957260131836
end_to_end_command,23.462772369384766
end_to_end_command,43.663978576660156
end_to_end_command,31.435012817382812
end_to_end_command,18.716096878051758
end_to_end_command,38.750410079956055
end_to_end_command,23.97298812866211
end_to_end_command,44.24142837524414
end_to_end_command,30.610322952270508
end_to_end_command,19.26875114440918
end_to_end_command,39.30783271789551
end_to_end_command,24.560928344726562
end_to_end_command,44.89707946777344
end_to_end_command,31.177520751953125
end_to_end_command,19.086599349975586
end_to_end_command,39.137840270996094
end_to_end_command,25.623321533203125
end_to_end_command,45.478105545043945
end_to_end_command,31.74448013305664
end_to_end_command,17.455101013183594
end_to_end_command,37.40286827087402
end_to_end_command,24.251699447631836
end_to_end_command,44.77715492248535
end_to_end_command,32.49979019165039
end_to_end_command,15.964746475219727
end_to_end_command,36.13853454589844
end_to_end_command,23.509740829467773
end_to_end_command,43.80631446838379
end_to_end_command,30.531644821166992
end_to_end_command,17.59958267211914
end_to_end_command,37.55998611450195
end_to_end_command,21.878480911254883
end_to_end_command,41.948795318603516
end_to_end_command,29.15191650390625
end_to_end_command,17.27581024169922
end_to_end_command,37.85896301269531
end_to_end_command,24.14107322692871
end_to_end_command,44.011592864990234
end_to_end_command,30.50374984741211
end_to_end_command,16.846656799316406
end_to_end_command,37.778615951538086
end_to_end_command,24.94192123413086
end_to_end_command,45.02367973327637
end_to_end_command,32.47952461242676
end_to_end_command,18.320560455322266
end_to_end_command,38.15722465515137
end_to_end_command,24.20186996459961
end_to_end_command,44.512033462524414
end_to_end_command,32.044410705566406
end_to_end_command,15.871763229370117
end_to_end_command,36.0112190246582
end_to_end_command,23.387908935546875
end_to_end_command,43.98488998413086
end_to_end_command,30.805110931396484
end_to_end_command,17.33851432800293
end_to_end_command,37.384033203125
end_to_end_command,23.983001708984375
end_to_end_command,44.57855224609375
end_to_end_command,30.77411651611328
end_to_end_command,18.719911575317383
end_to_end_command,38.82622718811035
end_to_end_command,24.379253387451172
end_to_end_command,44.37112808227539
end_to_end_command,31.765222549438477
end_to_end_command,19.13738250732422
end_to_end_command,39.11280632019043
end_to_end_command,24.766921997070312
end_to_end_command,44.82126235961914
end_to_end_command,31.054019927978516
end_to_end_command,16.78299903869629
end_to_end_command,36.820173263549805
end_to_end_command,24.938106536865234
end_to_end_command,46.23723030090332
end_to_end_command,30.72357177734375
end_to_end_command,15.486478805541992
end_to_end_command,35.5837345123291
end_to_end_command,23.829221725463867
end_to_end_command,44.31772232055664
end_to_end_command,31.42380714416504
end_to_end_command,16.48426055908203
end_to_end_command,36.792755126953125
end_to_end_command,24.077415466308594
end_to_end_command,44.26908493041992
end_to_end_command,29.69670295715332
end_to_end_command,18.03731918334961
end_to_end_command,38.12885284423828
end_to_end_command,23.61583709716797
end_to_end_command,43.89524459838867
end_to_end_command,30.87162971496582
end_to_end_command,18.169641494750977
end_to_end_command,38.118600845336914
end_to_end_command,24.232149124145508
end_to_end_command,44.045209884643555
end_to_end_command,31.818628311157227
end_to_end_command,18.304824829101562
end_to_end_command,38.51437568664551
end_to_end_command,24.338245391845703
end_to_end_command,44.588327407836914
end_to_end_command,32.00268745422363
end_to_end_command,17.548084259033203
end_to_end_command,37.7347469329834
end_to_end_command,23.720979690551758
end_to_end_command,44.440507888793945
end_to_end_command,31.52632713317871
end_to_end_command,17.582416534423828
end_to_end_command,38.01918029785156
end_to_end_command,24.895906448364258
end_to_end_command,44.9519157409668
end_to_end_command,30.176401138305664
end_to_end_command,18.49508285522461
end_to_end_command,38.574934005737305
end_to_end_command,24.245738983154297
end_to_end_command,44.87347602844238
end_to_end_command,31.09574317932129
end_to_end_command,18.785715103149414
end_to_end_command,38.628578186035156
end_to_end_command,23.769378662109375
end_to_end_command,43.99752616882324
end_to_end_command,32.92989730834961
end_to_end_command,18.665790557861328
end_to_end_command,38.817644119262695
end_to_end_command,24.605751037597656
end_to_end_command,44.844865798950195
end_to_end_command,31.46815299987793
end_to_end_command,18.586397171020508
end_to_end_command,38.65456581115723
end_to_end_command,24.120807647705078
end_to_end_command,45.091867446899414
end_to_end_command,31.097412109375
end_to_end_command,16.594648361206055
end_to_end_command,36.83114051818848
end_to_end_command,24.21426773071289
end_to_end_command,44.70968246459961
end_to_end_command,29.906034469604492
end_to_end_command,18.48769187927246
end_to_end_command,38.42353820800781
end_to_end_command,23.983478546142578
end_to_end_command,43.962717056274414
end_to_end_command,31.264305114746094
end_to_end_command,18.136978149414062
end_to_end_command,38.72227668762207
end_to_end_command,24.564743041992188
end_to_end_command,44.861793518066406
end_to_end_command,30.859708786010742
end_to_end_command,18.431663513183594
end_to_end_command,38.730621337890625
end_to_end_command,24.023771286010742
end_to_end_command,44.23022270202637
end_to_end_command,31.44526481628418
end_to_end_command,19.021272659301758
end_to_end_command,39.29543495178223
end_to_end_command,25.422334671020508
end_to_end_command,45.67074775695801
end_to_end_command,34.578561782836914
end_to_end_command,19.39988136291504
end_to_end_command,38.680315017700195
end_to_end_command,23.3004093170166
end_to_end_command,43.3194637298584
end_to_end_command,32.26613998413086
end_to_end_command,18.58067512512207
end_to_end_command,38.27476501464844
end_to_end_command,23.49257469177246
end_to_end_command,43.964385986328125
end_to_end_command,31.777620315551758
end_to_end_command,17.103195190429688
end_to_end_command,37.079572677612305
end_to_end_command,24.20639991760254
end_to_end_command,44.187307357788086
end_to_end_command,29.926776885986328
end_to_end_command,17.375946044921875
end_to_end_command,37.51540184020996
end_to_end_command,24.584054946899414
end_to_end_command,44.56329345703125
end_to_end_command,30.636072158813477
end_to_end_command,19.263029098510742
end_to_end_command,38.69128227233887
end_to_end_command,24.685382843017578
end_to_end_command,45.02511024475098
end_to_end_command,31.462907791137695
end_to_end_command,16.588926315307617
end_to_end_command,36.782264709472656
end_to_end_command,23.32329750061035
end_to_end_command,43.402671813964844
end_to_end_command,30.375242233276367
end_to_end_command,17.549991607666016
end_to_end_command,37.654876708984375
end_to_end_command,24.389028549194336
end_to_end_command,44.48676109313965
end_to_end_command,31.325817108154297
end_to_end_command,18.847942352294922
end_to_end_command,38.88297080993652
end_to_end_command,24.310827255249023
end_to_end_command,44.365882873535156
end_to_end_command,31.334877014160156
end_to_end_command,18.416643142700195
end_to_end_command,38.47455978393555
end_to_end_command,23.724079132080078
end_to_end_command,43.79391670227051
end_to_end_command,29.98661994934082
end_to_end_command,17.93217658996582
end_to_end_command,38.071393966674805
end_to_end_command,23.571252822875977
end_to_end_command,43.694496154785156
end_to_end_command,29.82163429260254
end_to_end_command,17.064571380615234
end_to_end_command,37.47129440307617
end_to_end_command,24.114131927490234
end_to_end_command,44.41428184509277
end_to_end_command,33.33401679992676
end_to_end_command,18.034696578979492
end_to_end_command,38.32507133483887
end_to_end_command,23.360013961791992
end_to_end_command,43.63584518432617
end_to_end_command,31.044483184814453
end_to_end_command,18.090248107910156
end_to_end_command,38.057804107666016
end_to_end_command,24.54972267150879
end_to_end_command,44.35420036315918
end_to_end_command,32.00411796569824
end_to_end_command,18.656492233276367
end_to_end_command,38.756608963012695
end_to_end_command,24.55449104309082
end_to_end_command,44.89874839782715
end_to_end_command,31.491994857788086
end_to_end_command,17.840147018432617
end_to_end_command,38.12265396118164
end_to_end_command,24.76048469543457
end_to_end_command,44.759273529052734
end_to_end_command,31.2044620513916
end_to_end_command,19.142627716064453
end_to_end_command,39.14380073547363
end_to_end_command,24.689197540283203
end_to_end_command,44.823646545410156
end_to_end_command,30.47919273376465
end_to_end_command,19.6835994720459
end_to_end_command,39.602041244506836
end_to_end_command,24.16539192199707
end_to_end_command,44.22402381896973
end_to_end_command,30.039548873901367
end_to_end_command,17.144203186035156
end_to_end_command,37.00757026672363
end_to_end_command,25.159120559692383
end_to_end_command,45.47476768493652
end_to_end_command,31.48794174194336
end_to_end_command,18.774032592773438
end_to_end_command,39.269208908081055
end_to_end_command,24.074792861938477
end_to_end_command,44.46911811828613
end_to_end_command,31.208515167236328
end_to_end_command,18.87202262878418
end_to_end_command,38.99121284484863
end_to_end_command,23.853540420532227
end_to_end_command,44.21234130859375
end_to_end_command,31.84652328491211
end_to_end_command,18.698692321777344
end_to_end_command,38.69891166687012
end_to_end_command,24.50704574584961
end_to_end_command,44.36349868774414
end_to_end_command,30.214548110961914
end_to_end_command,18.39423179626465
end_to_end_command,38.57612609863281
end_to_end_command,25.200605392456055
end_to_end_command,44.69704627990723
end_to_end_command,31.525373458862305
end_to_end_command,18.289566040039062
end_to_end_command,38.44022750854492
end_to_end_command,23.938655853271484
end_to_end_command,44.26860809326172
end_to_end_command,30.359268188476562
end_to_end_command,18.683433532714844
end_to_end_command,38.81359100341797
end_to_end_command,25.108814239501953
end_to_end_command,45.12453079223633
end_to_end_command,31.36730194091797
end_to_end_command,16.101837158203125
end_to_end_command,36.12923622131348
end_to_end_command,25.105953216552734
end_to_end_command,45.107364654541016
end_to_end_command,31.362295150756836
end_to_end_command,15.416145324707031
end_to_end_command,35.308837890625
end_to_end_command,25.594234466552734
end_to_end_command,45.71104049682617
end_to_end_command,30.674219131469727
end_to_end_command,18.08023452758789
end_to_end_command,38.100242614746094
end_to_end_command,24.860382080078125
end_to_end_command,44.79503631591797
end_to_end_command,31.13389015197754
end_to_end_command,16.518354415893555
end_to_end_command,36.74483299255371
end_to_end_command,24.80602264404297
end_to_end_command,45.12929916381836
end_to_end_command,34.185171127319336
end_to_end_command,15.974760055541992
end_to_end_command,35.805702209472656
end_to_end_command,25.072574615478516
end_to_end_command,45.61114311218262
end_to_end_command,30.779361724853516
end_to_end_command,17.646312713623047
end_to_end_command,37.63699531555176
end_to_end_command,24.673938751220703
end_to_end_command,44.96598243713379
end_to_end_command,31.680583953857422
end_to_end_command,16.742944717407227
end_to_end_command,36.58747673034668
end_to_end_command,25.791168212890625
end_to_end_command,45.735836029052734
end_to_end_command,33.280134201049805
end_to_end_command,18.755435943603516
end_to_end_command,38.806915283203125
end_to_end_command,24.11341667175293
end_to_end_command,44.400930404663086
end_to_end_command,32.20629692077637
end_to_end_command,17.737865447998047
end_to_end_command,37.44840621948242
end_to_end_command,24.082660675048828
end_to_end_command,43.9608097076416
end_to_end_command,32.51028060913086
end_to_end_command,17.894983291625977
end_to_end_command,38.05732727050781
end_to_end_command,23.943662643432617
end_to_end_command,44.25644874572754
end_to_end_command,31.853914260864258
end_to_end_command,18.78046989440918
end_to_end_command,38.743019104003906
end_to_end_command,24.407148361206055
end_to_end_command,44.81244087219238
end_to_end_command,33.0967903137207
end_to_end_command,18.62359046936035
end_to_end_command,38.993120193481445
end_to_end_command,24.24788475036621
end_to_end_command,44.292449951171875
end_to_end_command,32.55343437194824
end_to_end_command,17.957687377929688
end_to_end_command,38.39445114135742
end_to_end_command,25.64263343811035
end_to_end_command,45.358896255493164
end_to_end_command,34.57236289978027
end_to_end_command,18.889427185058594
end_to_end_command,38.92707824707031
end_to_end_command,24.57284927368164
end_to_end_command,44.912099838256836
end_to_end_command,32.572269439697266
end_to_end_command,19.255399703979492
end_to_end_command,39.20793533325195
end_to_end_command,24.497270584106445
end_to_end_command,45.01152038574219
end_to_end_command,30.76910972595215
end_to_end_command,16.957998275756836
end_to_end_command,36.98110580444336
end_to_end_command,24.175643920898438
end_to_end_command,44.7077751159668
end_to_end_command,32.34434127807617
end_to_end_command,17.459630966186523
end_to_end_command,37.43147850036621
end_to_end_command,23.926258087158203
end_to_end_command,44.50058937072754
end_to_end_command,32.52816200256348
end_to_end_command,17.127275466918945
end_to_end_command,37.084341049194336
end_to_end_command,24.309396743774414
end_to_end_command,44.50821876525879
end_to_end_command,31.19039535522461
end_to_end_command,19.05512809753418
end_to_end_command,39.859771728515625
end_to_end_command,24.66416358947754
end_to_end_command,44.89922523498535
end_to_end_command,30.890226364135742
end_to_end_command,18.602371215820312
end_to_end_command,38.67483139038086
end_to_end_command,23.78225326538086
end_to_end_command,43.92075538635254
end_to_end_command,31.182527542114258
end_to_end_command,18.583059310913086
end_to_end_command,38.625478744506836
end_to_end_command,23.603439331054688
end_to_end_command,43.648481369018555
end_to_end_command,30.021190643310547
end_to_end_command,18.875837326049805
end_to_end_command,39.140939712524414
end_to_end_command,25.27618408203125
end_to_end_command,45.59469223022461
end_to_end_command,33.2643985748291
end_to_end_command,18.626928329467773
end_to_end_command,39.14999961853027
end_to_end_command,25.61354637145996
end_to_end_command,45.69697380065918
end_to_end_command,32.67312049865723
end_to_end_command,16.632080078125
end_to_end_command,36.60440444946289
end_to_end_command,24.6126651763916
end_to_end_command,44.94953155517578
end_to_end_command,30.282258987426758
end_to_end_command,18.466711044311523
end_to_end_command,38.33723068237305
end_to_end_command,24.533987045288086
