metric,latency_ms
sensor_to_controller,8.45956802368164
sensor_to_controller,28.356552124023438
sensor_to_controller,15.428543090820312
sensor_to_controller,2.7604103088378906
sensor_to_controller,20.438671112060547
sensor_to_controller,7.718801498413086
sensor_to_controller,27.88829803466797
sensor_to_controller,12.941598892211914
sensor_to_controller,0.8499622344970703
sensor_to_controller,19.957542419433594
sensor_to_controller,7.304906845092773
sensor_to_controller,27.14681625366211
sensor_to_controller,13.522624969482422
sensor_to_controller,0.1437664031982422
sensor_to_controller,19.358396530151367
sensor_to_controller,8.402824401855469
sensor_to_controller,28.389692306518555
sensor_to_controller,14.338254928588867
sensor_to_controller,1.964569091796875
sensor_to_controller,21.770238876342773
sensor_to_controller,10.01882553100586
sensor_to_controller,28.28383445739746
sensor_to_controller,14.127492904663086
sensor_to_controller,2.309083938598633
sensor_to_controller,20.642757415771484
sensor_to_controller,7.922887802124023
sensor_to_controller,27.677297592163086
sensor_to_controller,14.834880828857422
sensor_to_controller,1.5921592712402344
sensor_to_controller,20.3397274017334
sensor_to_controller,7.910966873168945
sensor_to_controller,27.9541015625
sensor_to_controller,13.43846321105957
sensor_to_controller,1.2712478637695312
sensor_to_controller,20.422697067260742
sensor_to_controller,7.346868515014648
sensor_to_controller,27.40788459777832
sensor_to_controller,14.453887939453125
sensor_to_controller,1.436471939086914
sensor_to_controller,20.259857177734375
sensor_to_controller,7.475852966308594
sensor_to_controller,27.750730514526367
sensor_to_controller,12.264490127563477
sensor_to_controller,1.6667842864990234
sensor_to_controller,21.08597755432129
sensor_to_controller,7.618904113769531
sensor_to_controller,27.666568756103516
sensor_to_controller,13.670921325683594
sensor_to_controller,34.247636795043945
sensor_to_controller,18.832921981811523
sensor_to_controller,7.489204406738281
sensor_to_controller,27.58479118347168
sensor_to_controller,14.128684997558594
sensor_to_controller,1.7423629760742188
sensor_to_controller,20.457029342651367
sensor_to_controller,8.045673370361328
sensor_to_controller,27.81534194946289
sensor_to_controller,15.060186386108398
sensor_to_controller,1.4257431030273438
sensor_to_controller,20.80512046813965
sensor_to_controller,6.544828414916992
sensor_to_controller,26.510000228881836
sensor_to_controller,15.173196792602539
sensor_to_controller,2.0279884338378906
sensor_to_controller,21.233558654785156
sensor_to_controller,8.5601806640625
sensor_to_controller,28.47886085510254
sensor_to_controller,14.263629913330078
sensor_to_controller,2.4497509002685547
sensor_to_controller,22.95970916748047
sensor_to_controller,7.598876953125
sensor_to_controller,27.433395385742188
sensor_to_controller,15.658378601074219
sensor_to_controller,2.767801284790039
sensor_to_controller,22.954702377319336
sensor_to_controller,7.496833801269531
sensor_to_controller,27.55594253540039
sensor_to_controller,13.893604278564453
sensor_to_controller,1.524209976196289
sensor_to_controller,19.577980041503906
sensor_to_controller,8.607625961303711
sensor_to_controller,28.496265411376953
sensor_to_controller,14.196634292602539
sensor_to_controller,1.2209415435791016
sensor_to_controller,20.366668701171875
sensor_to_controller,7.498264312744141
sensor_to_controller,27.45509147644043
sensor_to_controller,13.970375061035156
sensor_to_controller,0.25963783264160156
sensor_to_controller,19.047975540161133
sensor_to_controller,7.744312286376953
sensor_to_controller,27.922391891479492
sensor_to_controller,14.219045639038086
sensor_to_controller,2.5310516357421875
sensor_to_controller,22.96900749206543
sensor_to_controller,7.888317108154297
sensor_to_controller,28.090715408325195
sensor_to_controller,13.956546783447266
sensor_to_controller,34.54256057739258
sensor_to_controller,19.275426864624023
sensor_to_controller,7.429361343383789
sensor_to_controller,27.173280715942383
sensor_to_controller,14.129638671875
sensor_to_controller,1.5988349914550781
sensor_to_controller,20.32184600830078
sensor_to_controller,8.790254592895508
sensor_to_controller,28.396129608154297
sensor_to_controller,13.51165771484375
sensor_to_controller,34.99913215637207
sensor_to_controller,18.509387969970703
sensor_to_controller,7.277727127075195
sensor_to_controller,27.423381805419922
sensor_to_controller,14.415979385375977
sensor_to_controller,0.8380413055419922
sensor_to_controller,20.854711532592773
sensor_to_controller,7.337093353271484
sensor_to_controller,27.286767959594727
sensor_to_controller,14.264822006225586
sensor_to_controller,0.7696151733398438
sensor_to_controller,19.893646240234375
sensor_to_controller,8.737325668334961
sensor_to_controller,27.92668342590332
sensor_to_controller,13.822317123413086
sensor_to_controller,2.0072460174560547
sensor_to_controller,21.64602279663086
sensor_to_controller,8.154630661010742
sensor_to_controller,27.843475341796875
sensor_to_controller,12.470245361328125
sensor_to_controller,2.6636123657226562
sensor_to_controller,21.496295928955078
sensor_to_controller,9.189367294311523
sensor_to_controller,29.167652130126953
sensor_to_controller,15.6402587890625
sensor_to_controller,1.979827880859375
sensor_to_controller,21.21567726135254
sensor_to_controller,7.626056671142578
sensor_to_controller,27.57883071899414
sensor_to_controller,14.609813690185547
sensor_to_controller,35.58063507080078
sensor_to_controller,18.805742263793945
sensor_to_controller,8.769035339355469
sensor_to_controller,28.557538986206055
sensor_to_controller,14.307498931884766
sensor_to_controller,2.5157928466796875
sensor_to_controller,21.213531494140625
sensor_to_controller,8.504152297973633
sensor_to_controller,28.43308448791504
sensor_to_controller,13.723373413085938
sensor_to_controller,1.45721435546875
sensor_to_controller,19.68526840209961
sensor_to_controller,7.785558700561523
sensor_to_controller,27.785539627075195
sensor_to_controller,14.940500259399414
sensor_to_controller,1.4421939849853516
sensor_to_controller,20.099163055419922
sensor_to_controller,8.111953735351562
sensor_to_controller,28.306007385253906
sensor_to_controller,13.469696044921875
sensor_to_controller,1.1272430419921875
sensor_to_controller,19.991636276245117
sensor_to_controller,8.749961853027344
sensor_to_controller,28.70464324951172
sensor_to_controller,14.850139617919922
sensor_to_controller,1.09100341796875
sensor_to_controller,20.691871643066406
sensor_to_controller,6.899833679199219
sensor_to_controller,27.022123336791992
sensor_to_controller,13.214588165283203
sensor_to_controller,0.9706020355224609
sensor_to_controller,19.044160842895508
sensor_to_controller,7.57288932800293
sensor_to_controller,27.785062789916992
sensor_to_controller,14.54782485961914
sensor_to_controller,1.764059066772461
sensor_to_controller,21.825551986694336
sensor_to_controller,8.136272430419922
sensor_to_controller,27.837753295898438
sensor_to_controller,14.58883285522461
sensor_to_controller,2.4566650390625
sensor_to_controller,22.893428802490234
sensor_to_controller,8.135557174682617
sensor_to_controller,28.030872344970703
sensor_to_controller,14.391183853149414
sensor_to_controller,2.0270347595214844
sensor_to_controller,22.351741790771484
sensor_to_controller,8.509159088134766
sensor_to_controller,28.646469116210938
sensor_to_controller,13.631582260131836
sensor_to_controller,34.722089767456055
sensor_to_controller,18.516063690185547
sensor_to_controller,7.606983184814453
sensor_to_controller,27.15015411376953
sensor_to_controller,14.88041877746582
sensor_to_controller,0.9407997131347656
sensor_to_controller,19.863605499267578
sensor_to_controller,8.687257766723633
sensor_to_controller,29.004335403442383
sensor_to_controller,14.428377151489258
sensor_to_controller,1.2946128845214844
sensor_to_controller,20.2181339263916
sensor_to_controller,7.9097747802734375
sensor_to_controller,28.033971786499023
sensor_to_controller,13.706684112548828
sensor_to_controller,0.8640289306640625
sensor_to_controller,19.681453704833984
sensor_to_controller,7.973194122314453
sensor_to_controller,28.078317642211914
sensor_to_controller,13.617992401123047
sensor_to_controller,2.373218536376953
sensor_to_controller,22.88055419921875
sensor_to_controller,8.108139038085938
sensor_to_controller,28.196334838867188
sensor_to_controller,13.725519180297852
sensor_to_controller,1.1572837829589844
sensor_to_controller,20.54619789123535
sensor_to_controller,7.541656494140625
sensor_to_controller,27.711153030395508
sensor_to_controller,11.774778366088867
sensor_to_controller,0.9808540344238281
sensor_to_controller,20.310640335083008
sensor_to_controller,8.083820343017578
sensor_to_controller,28.35392951965332
sensor_to_controller,14.408588409423828
sensor_to_controller,34.69133377075195
sensor_to_controller,20.891427993774414
sensor_to_controller,7.321596145629883
sensor_to_controller,27.884483337402344
sensor_to_controller,12.637615203857422
sensor_to_controller,32.746076583862305
sensor_to_controller,18.635272979736328
sensor_to_controller,7.31348991394043
sensor_to_controller,27.428865432739258
sensor_to_controller,13.186216354370117
sensor_to_controller,1.7328262329101562
sensor_to_controller,21.07524871826172
sensor_to_controller,8.62574577331543
sensor_to_controller,28.66196632385254
sensor_to_controller,15.997648239135742
sensor_to_controller,3.1156539916992188
sensor_to_controller,22.321462631225586
sensor_to_controller,9.45591926574707
sensor_to_controller,29.23107147216797
sensor_to_controller,15.974283218383789
sensor_to_controller,2.022266387939453
sensor_to_controller,22.74799346923828
sensor_to_controller,7.404804229736328
sensor_to_controller,27.49323844909668
sensor_to_controller,14.245033264160156
sensor_to_controller,0.9031295776367188
sensor_to_controller,20.589351654052734
sensor_to_controller,7.2460174560546875
sensor_to_controller,27.112245559692383
sensor_to_controller,14.887809753417969
sensor_to_controller,1.6276836395263672
sensor_to_controller,21.050214767456055
sensor_to_controller,8.083343505859375
sensor_to_controller,27.982473373413086
sensor_to_controller,14.059782028198242
sensor_to_controller,2.110004425048828
sensor_to_controller,20.448684692382812
sensor_to_controller,7.91621208190918
sensor_to_controller,28.38134765625
sensor_to_controller,13.626337051391602
sensor_to_controller,2.779722213745117
sensor_to_controller,21.41594886779785
sensor_to_controller,8.192300796508789
sensor_to_controller,28.223276138305664
sensor_to_controller,14.634847640991211
sensor_to_controller,2.304553985595703
sensor_to_controller,20.327091217041016
sensor_to_controller,8.367061614990234
sensor_to_controller,28.667688369750977
sensor_to_controller,14.646053314208984
sensor_to_controller,1.0085105895996094
sensor_to_controller,20.535945892333984
sensor_to_controller,7.856607437133789
sensor_to_controller,27.84419059753418
sensor_to_controller,14.836788177490234
sensor_to_controller,2.981424331665039
sensor_to_controller,22.527217864990234
sensor_to_controller,9.051322937011719
sensor_to_controller,28.82099151611328
sensor_to_controller,14.430999755859375
sensor_to_controller,0.6921291351318359
sensor_to_controller,19.36030387878418
sensor_to_controller,8.513689041137695
sensor_to_controller,28.501272201538086
sensor_to_controller,15.216588973999023
sensor_to_controller,0.9205341339111328
sensor_to_controller,20.60079574584961
sensor_to_controller,8.888721466064453
sensor_to_controller,28.578996658325195
sensor_to_controller,14.756917953491211
sensor_to_controller,2.2954940795898438
sensor_to_controller,20.99013328552246
sensor_to_controller,8.359670639038086
sensor_to_controller,28.61762046813965
sensor_to_controller,14.176607131958008
sensor_to_controller,2.1975040435791016
sensor_to_controller,20.567893981933594
sensor_to_controller,8.880615234375
sensor_to_controller,28.861284255981445
sensor_to_controller,15.89345932006836
sensor_to_controller,2.072572708129883
sensor_to_controller,20.859479904174805
sensor_to_controller,7.438898086547852
sensor_to_controller,27.11963653564453
sensor_to_controller,14.400959014892578
sensor_to_controller,35.299062728881836
sensor_to_controller,18.431663513183594
sensor_to_controller,7.298469543457031
sensor_to_controller,27.155160903930664
sensor_to_controller,14.682292938232422
sensor_to_controller,2.7484893798828125
sensor_to_controller,21.289587020874023
sensor_to_controller,6.8073272705078125
sensor_to_controller,26.89957618713379
sensor_to_controller,14.492273330688477
sensor_to_controller,2.2411346435546875
sensor_to_controller,20.0347900390625
sensor_to_controller,7.6141357421875
sensor_to_controller,27.838706970214844
sensor_to_controller,13.879060745239258
sensor_to_controller,0.47087669372558594
sensor_to_controller,19.305706024169922
sensor_to_controller,8.211612701416016
sensor_to_controller,28.074979782104492
sensor_to_controller,14.685630798339844
sensor_to_controller,34.63864326477051
sensor_to_controller,19.479036331176758
sensor_to_controller,7.266759872436523
sensor_to_controller,27.33159065246582
sensor_to_controller,14.099597930908203
sensor_to_controller,2.1598339080810547
sensor_to_controller,22.554397583007812
sensor_to_controller,7.6999664306640625
sensor_to_controller,27.86421775817871
sensor_to_controller,14.396190643310547
sensor_to_controller,1.2369155883789062
sensor_to_controller,20.47419548034668
sensor_to_controller,6.937503814697266
sensor_to_controller,27.144670486450195
sensor_to_controller,14.941930770874023
sensor_to_controller,3.036022186279297
sensor_to_controller,22.65191078186035
sensor_to_controller,8.238554000854492
sensor_to_controller,28.5031795501709
sensor_to_controller,14.782905578613281
sensor_to_controller,1.382589340209961
sensor_to_controller,20.223379135131836
sensor_to_controller,7.222652435302734
sensor_to_controller,26.93462371826172
sensor_to_controller,15.411138534545898
sensor_to_controller,1.6019344329833984
sensor_to_controller,21.654844284057617
sensor_to_controller,7.643938064575195
sensor_to_controller,27.689695358276367
sensor_to_controller,14.935493469238281
sensor_to_controller,1.6810894012451172
sensor_to_controller,22.523164749145508
sensor_to_controller,7.721662521362305
sensor_to_controller,28.11264991760254
sensor_to_controller,13.866901397705078
sensor_to_controller,1.8756389617919922
sensor_to_controller,20.7979679107666
sensor_to_controller,9.218931198120117
sensor_to_controller,29.311180114746094
sensor_to_controller,14.324665069580078
sensor_to_controller,1.2292861938476562
sensor_to_controller,21.506071090698242
sensor_to_controller,8.192300796508789
sensor_to_controller,28.15866470336914
sensor_to_controller,15.284299850463867
sensor_to_controller,1.8451213836669922
sensor_to_controller,21.81529998779297
sensor_to_controller,9.099960327148438
sensor_to_controller,28.506040573120117
sensor_to_controller,14.268159866333008
sensor_to_controller,1.3570785522460938
sensor_to_controller,21.43239974975586
sensor_to_controller,8.884906768798828
sensor_to_controller,28.427839279174805
sensor_to_controller,15.740394592285156
sensor_to_controller,1.4319419860839844
sensor_to_controller,20.843982696533203
sensor_to_controller,8.880853652954102
sensor_to_controller,28.662443161010742
sensor_to_controller,15.323877334594727
sensor_to_controller,2.783060073852539
sensor_to_controller,21.83699607849121
sensor_to_controller,8.253335952758789
sensor_to_controller,28.47576141357422
sensor_to_controller,15.764474868774414
sensor_to_controller,1.4081001281738281
sensor_to_controller,20.93648910522461
sensor_to_controller,7.478237152099609
sensor_to_controller,27.446269989013672
sensor_to_controller,15.369415283203125
sensor_to_controller,2.463817596435547
sensor_to_controller,22.160053253173828
sensor_to_controller,7.671833038330078
sensor_to_controller,27.792692184448242
sensor_to_controller,13.35597038269043
sensor_to_controller,1.2123584747314453
sensor_to_controller,19.873619079589844
sensor_to_controller,8.611202239990234
sensor_to_controller,28.619766235351562
sensor_to_controller,14.351844787597656
sensor_to_controller,2.816915512084961
sensor_to_controller,22.054433822631836
sensor_to_controller,7.727861404418945
sensor_to_controller,27.678489685058594
sensor_to_controller,15.064239501953125
sensor_to_controller,2.25067138671875
sensor_to_controller,21.747827529907227
sensor_to_controller,8.323907852172852
sensor_to_controller,28.403282165527344
sensor_to_controller,13.301372528076172
sensor_to_controller,1.1913776397705078
sensor_to_controller,19.669771194458008
sensor_to_controller,7.847070693969727
sensor_to_controller,28.213024139404297
sensor_to_controller,14.477729797363281
sensor_to_controller,2.7170181274414062
sensor_to_controller,22.87125587463379
sensor_to_controller,7.891416549682617
sensor_to_controller,27.70543098449707
sensor_to_controller,13.573169708251953
sensor_to_controller,2.7608871459960938
sensor_to_controller,19.870519638061523
sensor_to_controller,8.946657180786133
sensor_to_controller,28.54013442993164
sensor_to_controller,14.68348503112793
sensor_to_controller,1.7423629760742188
sensor_to_controller,20.740747451782227
sensor_to_controller,7.5283050537109375
sensor_to_controller,27.583837509155273
sensor_to_controller,14.75214958190918
sensor_to_controller,2.1779537200927734
sensor_to_controller,22.033214569091797
sensor_to_controller,7.825374603271484
sensor_to_controller,27.17757225036621
sensor_to_controller,14.769315719604492
sensor_to_controller,1.0995864868164062
sensor_to_controller,21.321773529052734
sensor_to_controller,8.212566375732422
sensor_to_controller,27.6644229888916
sensor_to_controller,14.154434204101562
sensor_to_controller,1.8463134765625
sensor_to_controller,21.12269401550293
sensor_to_controller,8.687496185302734
sensor_to_controller,28.582096099853516
sensor_to_controller,14.61935043334961
sensor_to_controller,2.5787353515625
sensor_to_controller,22.85623550415039
sensor_to_controller,8.299112319946289
sensor_to_controller,28.35369110107422
sensor_to_controller,13.65208625793457
sensor_to_controller,1.1284351348876953
sensor_to_controller,20.904541015625
sensor_to_controller,8.510589599609375
sensor_to_controller,28.24091911315918
sensor_to_controller,14.383792877197266
sensor_to_controller,1.6651153564453125
sensor_to_controller,22.09305763244629
sensor_to_controller,8.21542739868164
sensor_to_controller,28.519392013549805
sensor_to_controller,13.789176940917969
sensor_to_controller,1.852273941040039
sensor_to_controller,21.988391876220703
sensor_to_controller,8.442401885986328
sensor_to_controller,28.397083282470703
sensor_to_controller,14.63627815246582
sensor_to_controller,1.119375228881836
sensor_to_controller,20.071029663085938
sensor_to_controller,8.608102798461914
sensor_to_controller,28.517484664916992
sensor_to_controller,14.811038970947266
sensor_to_controller,1.2798309326171875
sensor_to_controller,19.47307586669922
sensor_to_controller,7.604837417602539
sensor_to_controller,27.80914306640625
sensor_to_controller,13.793468475341797
sensor_to_controller,1.4488697052001953
sensor_to_controller,21.556854248046875
sensor_to_controller,9.521007537841797
sensor_to_controller,29.401540756225586
sensor_to_controller,14.740943908691406
sensor_to_controller,1.2798309326171875
sensor_to_controller,20.772218704223633
sensor_to_controller,8.072376251220703
sensor_to_controller,28.075456619262695
sensor_to_controller,14.997482299804688
sensor_to_controller,2.7992725372314453
sensor_to_controller,23.488283157348633
sensor_to_controller,6.953716278076172
sensor_to_controller,27.10723876953125
sensor_to_controller,14.344453811645508
sensor_to_controller,2.06756591796875
sensor_to_controller,21.03114128112793
sensor_to_controller,8.84556770324707
sensor_to_controller,28.61928939819336
sensor_to_controller,13.998746871948242
sensor_to_controller,1.4960765838623047
sensor_to_controller,20.97344398498535
sensor_to_controller,8.368968963623047
sensor_to_controller,28.338909149169922
sensor_to_controller,14.648675918579102
sensor_to_controller,1.5473365783691406
sensor_to_controller,20.478248596191406
sensor_to_controller,6.849050521850586
sensor_to_controller,26.833295822143555
sensor_to_controller,15.407800674438477
sensor_to_controller,2.228975296020508
sensor_to_controller,22.554636001586914
sensor_to_controller,8.124351501464844
sensor_to_controller,28.23948860168457
sensor_to_controller,14.744281768798828
sensor_to_controller,0.438690185546875
sensor_to_controller,20.130634307861328
sensor_to_controller,7.832765579223633
sensor_to_controller,27.60028839111328
sensor_to_controller,16.0830020904541
sensor_to_controller,2.5446414947509766
sensor_to_controller,21.518230438232422
sensor_to_controller,8.336544036865234
sensor_to_controller,28.856754302978516
sensor_to_controller,13.721704483032227
sensor_to_controller,2.907991409301758
sensor_to_controller,22.315502166748047
sensor_to_controller,9.21487808227539
sensor_to_controller,28.31721305847168
sensor_to_controller,14.313220977783203
sensor_to_controller,0.6940364837646484
sensor_to_controller,20.374298095703125
sensor_to_controller,7.418155670166016
sensor_to_controller,27.73880958557129
sensor_to_controller,14.639139175415039
sensor_to_controller,1.8391609191894531
sensor_to_controller,21.53778076171875
sensor_to_controller,9.087800979614258
sensor_to_controller,28.725147247314453
sensor_to_controller,16.891956329345703
sensor_to_controller,2.7582645416259766
sensor_to_controller,22.461652755737305
sensor_to_controller,8.86225700378418
sensor_to_controller,28.73516082763672
sensor_to_controller,15.201330184936523
sensor_to_controller,2.5763511657714844
sensor_to_controller,22.259235382080078
sensor_to_controller,9.514331817626953
sensor_to_controller,28.859615325927734
sensor_to_controller,14.73546028137207
sensor_to_controller,0.5762577056884766
sensor_to_controller,19.35863494873047
sensor_to_controller,8.275747299194336
sensor_to_controller,27.914762496948242
sensor_to_controller,15.031099319458008
sensor_to_controller,2.368927001953125
sensor_to_controller,23.127079010009766
sensor_to_controller,8.59689712524414
sensor_to_controller,28.810739517211914
sensor_to_controller,13.834476470947266
sensor_to_controller,2.8183460235595703
sensor_to_controller,22.291898727416992
sensor_to_controller,8.931159973144531
sensor_to_controller,29.205799102783203
sensor_to_controller,16.73436164855957
sensor_to_controller,1.8246173858642578
sensor_to_controller,21.28291130065918
sensor_to_controller,7.987499237060547
sensor_to_controller,27.861833572387695
sensor_to_controller,14.547348022460938
sensor_to_controller,2.5436878204345703
sensor_to_controller,22.063493728637695
sensor_to_controller,9.43899154663086
sensor_to_controller,29.027462005615234
sensor_to_controller,15.86604118347168
sensor_to_controller,0.9710788726806641
sensor_to_controller,20.901203155517578
sensor_to_controller,7.911920547485352
sensor_to_controller,28.11408042907715
sensor_to_controller,14.734745025634766
sensor_to_controller,1.62506103515625
sensor_to_controller,19.78158950805664
sensor_to_controller,8.929252624511719
sensor_to_controller,28.792858123779297
sensor_to_controller,14.44864273071289
sensor_to_controller,1.6498565673828125
sensor_to_controller,20.42675018310547
sensor_to_controller,8.353233337402344
sensor_to_controller,28.07474136352539
sensor_to_controller,14.522790908813477
sensor_to_controller,1.279592514038086
sensor_to_controller,20.748138427734375
sensor_to_controller,9.435653686523438
sensor_to_controller,29.339075088500977
sensor_to_controller,16.28422737121582
sensor_to_controller,2.3381710052490234
sensor_to_controller,21.90566062927246
sensor_to_controller,8.600234985351562
sensor_to_controller,28.93376350402832
sensor_to_controller,15.005826950073242
sensor_to_controller,1.0454654693603516
sensor_to_controller,20.21169662475586
sensor_to_controller,8.467912673950195
sensor_to_controller,28.356075286865234
sensor_to_controller,15.070915222167969
sensor_to_controller,1.2021064758300781
sensor_to_controller,19.901275634765625
sensor_to_controller,8.834123611450195
sensor_to_controller,28.853416442871094
sensor_to_controller,15.256166458129883
sensor_to_controller,1.4400482177734375
sensor_to_controller,20.84660530090332
sensor_to_controller,9.009599685668945
sensor_to_controller,29.127836227416992
sensor_to_controller,14.521598815917969
sensor_to_controller,2.6633739471435547
sensor_to_controller,21.99411392211914
sensor_to_controller,8.879899978637695
sensor_to_controller,29.017925262451172
sensor_to_controller,14.804840087890625
sensor_to_controller,2.7005672454833984
sensor_to_controller,22.74322509765625
sensor_to_controller,8.112430572509766
sensor_to_controller,27.715206146240234
sensor_to_controller,15.758991241455078
sensor_to_controller,1.9009113311767578
sensor_to_controller,20.976781845092773
sensor_to_controller,8.050918579101562
sensor_to_controller,28.306007385253906
sensor_to_controller,16.00360870361328
sensor_to_controller,1.5921592712402344
sensor_to_controller,21.65365219116211
sensor_to_controller,8.728504180908203
sensor_to_controller,28.59663963317871
sensor_to_controller,14.039754867553711
sensor_to_controller,3.587484359741211
sensor_to_controller,21.956682205200195
sensor_to_controller,7.625341415405273
sensor_to_controller,27.54521369934082
sensor_to_controller,14.45770263671875
sensor_to_controller,2.5246143341064453
sensor_to_controller,23.036956787109375
sensor_to_controller,8.982658386230469
sensor_to_controller,29.089927673339844
sensor_to_controller,15.450477600097656
sensor_to_controller,3.0465126037597656
sensor_to_controller,23.575544357299805
sensor_to_controller,9.623527526855469
sensor_to_controller,29.01148796081543
sensor_to_controller,13.444900512695312
sensor_to_controller,1.0042190551757812
sensor_to_controller,20.779132843017578
sensor_to_controller,9.429693222045898
sensor_to_controller,29.756546020507812
sensor_to_controller,14.122247695922852
sensor_to_controller,1.8286705017089844
sensor_to_controller,21.901369094848633
sensor_to_controller,8.362531661987305
sensor_to_controller,28.4426212310791
sensor_to_controller,14.596223831176758
sensor_to_controller,2.0706653594970703
sensor_to_controller,21.558046340942383
sensor_to_controller,9.704113006591797
sensor_to_controller,29.52742576599121
sensor_to_controller,15.696525573730469
sensor_to_controller,2.9244422912597656
sensor_to_controller,21.283864974975586
sensor_to_controller,8.866548538208008
sensor_to_controller,28.658390045166016
sensor_to_controller,14.197349548339844
sensor_to_controller,2.1538734436035156
sensor_to_controller,22.017240524291992
sensor_to_controller,8.259057998657227
sensor_to_controller,27.878761291503906
sensor_to_controller,15.373706817626953
sensor_to_controller,2.632617950439453
sensor_to_controller,22.805213928222656
sensor_to_controller,8.174657821655273
sensor_to_controller,28.07307243347168
sensor_to_controller,13.963937759399414
sensor_to_controller,3.3235549926757812
sensor_to_controller,22.989511489868164
sensor_to_controller,8.899211883544922
sensor_to_controller,29.10757064819336
sensor_to_controller,16.648530960083008
sensor_to_controller,3.1862258911132812
sensor_to_controller,23.02837371826172
sensor_to_controller,7.774829864501953
sensor_to_controller,27.637958526611328
sensor_to_controller,15.268564224243164
sensor_to_controller,1.834869384765625
sensor_to_controller,21.97551727294922
sensor_to_controller,9.638547897338867
sensor_to_controller,29.47402000427246
sensor_to_controller,14.752864837646484
sensor_to_controller,3.2281875610351562
sensor_to_controller,22.920608520507812
sensor_to_controller,8.59379768371582
sensor_to_controller,28.40733528137207
sensor_to_controller,13.701438903808594
sensor_to_controller,1.4529228210449219
sensor_to_controller,21.010398864746094
sensor_to_controller,9.073972702026367
sensor_to_controller,29.093027114868164
sensor_to_controller,15.90275764465332
sensor_to_controller,2.919912338256836
sensor_to_controller,22.762775421142578
sensor_to_controller,8.453607559204102
sensor_to_controller,27.969837188720703
sensor_to_controller,16.22176170349121
sensor_to_controller,1.1551380157470703
sensor_to_controller,20.58553695678711
sensor_to_controller,9.314537048339844
sensor_to_controller,28.913497924804688
sensor_to_controller,15.008211135864258
sensor_to_controller,2.4771690368652344
sensor_to_controller,20.717620849609375
sensor_to_controller,9.380340576171875
sensor_to_controller,29.27994728088379
sensor_to_controller,16.228914260864258
sensor_to_controller,2.8901100158691406
sensor_to_controller,23.01502227783203
sensor_to_controller,9.421825408935547
sensor_to_controller,29.002904891967773
sensor_to_controller,15.036344528198242
sensor_to_controller,2.3407936096191406
sensor_to_controller,22.670269012451172
sensor_to_controller,8.603096008300781
sensor_to_controller,28.781652450561523
sensor_to_controller,14.88184928894043
sensor_to_controller,1.1255741119384766
sensor_to_controller,22.13311195373535
sensor_to_controller,7.8105926513671875
sensor_to_controller,28.046131134033203
sensor_to_controller,15.437126159667969
sensor_to_controller,0.5755424499511719
sensor_to_controller,19.927978515625
sensor_to_controller,8.307456970214844
sensor_to_controller,28.74588966369629
sensor_to_controller,15.781164169311523
sensor_to_controller,2.268552780151367
sensor_to_controller,21.95596694946289
sensor_to_controller,9.308099746704102
sensor_to_controller,29.023408889770508
sensor_to_controller,14.335155487060547
sensor_to_controller,1.4111995697021484
sensor_to_controller,20.86019515991211
sensor_to_controller,7.787942886352539
sensor_to_controller,27.887582778930664
sensor_to_controller,13.951778411865234
sensor_to_controller,3.079652786254883
sensor_to_controller,22.55845069885254
sensor_to_controller,9.626388549804688
sensor_to_controller,29.328107833862305
sensor_to_controller,14.868736267089844
sensor_to_controller,2.0716190338134766
sensor_to_controller,21.650314331054688
sensor_to_controller,9.447336196899414
sensor_to_controller,29.21581268310547
sensor_to_controller,16.21270179748535
sensor_to_controller,2.5429725646972656
sensor_to_controller,22.420883178710938
sensor_to_controller,8.748292922973633
sensor_to_controller,28.303861618041992
sensor_to_controller,15.464067459106445
sensor_to_controller,1.6510486602783203
sensor_to_controller,21.454572677612305
sensor_to_controller,9.160995483398438
sensor_to_controller,29.00409698486328
sensor_to_controller,15.366315841674805
sensor_to_controller,2.2385120391845703
sensor_to_controller,21.90256118774414
sensor_to_controller,9.423255920410156
sensor_to_controller,29.43873405456543
sensor_to_controller,16.032695770263672
sensor_to_controller,1.9822120666503906
sensor_to_controller,21.68726921081543
sensor_to_controller,8.785009384155273
sensor_to_controller,28.632402420043945
sensor_to_controller,14.748573303222656
sensor_to_controller,2.9697418212890625
sensor_to_controller,22.312641143798828
sensor_to_controller,8.240938186645508
sensor_to_controller,28.031349182128906
sensor_to_controller,14.788627624511719
sensor_to_controller,2.6063919067382812
sensor_to_controller,22.093534469604492
sensor_to_controller,8.675575256347656
sensor_to_controller,28.62715721130371
sensor_to_controller,16.7543888092041
sensor_to_controller,2.3145675659179688
sensor_to_controller,20.842552185058594
sensor_to_controller,9.904861450195312
sensor_to_controller,30.027151107788086
sensor_to_controller,14.307260513305664
sensor_to_controller,2.0503997802734375
sensor_to_controller,21.990060806274414
sensor_to_controller,9.975433349609375
sensor_to_controller,29.28638458251953
sensor_to_controller,14.906883239746094
sensor_to_controller,3.2105445861816406
sensor_to_controller,22.925138473510742
sensor_to_controller,9.673357009887695
sensor_to_controller,29.654264450073242
sensor_to_controller,14.350175857543945
sensor_to_controller,2.6726722717285156
sensor_to_controller,22.537946701049805
sensor_to_controller,8.673667907714844
sensor_to_controller,28.609752655029297
sensor_to_controller,13.753175735473633
sensor_to_controller,3.165006637573242
sensor_to_controller,22.399187088012695
sensor_to_controller,9.357213973999023
sensor_to_controller,29.073238372802734
sensor_to_controller,14.21046257019043
sensor_to_controller,2.2916793823242188
sensor_to_controller,21.602392196655273
sensor_to_controller,9.433507919311523
sensor_to_controller,29.250383377075195
sensor_to_controller,15.186548233032227
sensor_to_controller,1.6834735870361328
sensor_to_controller,20.92123031616211
sensor_to_controller,9.837627410888672
sensor_to_controller,29.490947723388672
sensor_to_controller,14.71710205078125
sensor_to_controller,1.5687942504882812
sensor_to_controller,20.864248275756836
sensor_to_controller,9.00411605834961
sensor_to_controller,28.869152069091797
sensor_to_controller,13.94033432006836
sensor_to_controller,2.6290416717529297
sensor_to_controller,22.137880325317383
sensor_to_controller,8.823871612548828
sensor_to_controller,28.856277465820312
sensor_to_controller,13.830900192260742
sensor_to_controller,2.2881031036376953
sensor_to_controller,22.435426712036133
sensor_to_controller,9.395360946655273
sensor_to_controller,29.450178146362305
sensor_to_controller,15.567541122436523
sensor_to_controller,2.0449161529541016
sensor_to_controller,21.42953872680664
sensor_to_controller,9.944677352905273
sensor_to_controller,29.5412540435791
sensor_to_controller,14.739751815795898
sensor_to_controller,2.9625892639160156
sensor_to_controller,22.80735969543457
sensor_to_controller,9.601116180419922
sensor_to_controller,29.678821563720703
sensor_to_controller,15.455007553100586
sensor_to_controller,3.213167190551758
sensor_to_controller,22.74298667907715
sensor_to_controller,9.315252304077148
sensor_to_controller,29.280900955200195
sensor_to_controller,15.209436416625977
sensor_to_controller,2.559661865234375
sensor_to_controller,22.471904754638672
sensor_to_controller,9.218931198120117
sensor_to_controller,29.40511703491211
sensor_to_controller,15.464544296264648
sensor_to_controller,1.7819404602050781
sensor_to_controller,21.808862686157227
sensor_to_controller,8.831262588500977
sensor_to_controller,29.322147369384766
sensor_to_controller,15.245437622070312
sensor_to_controller,2.3450851440429688
sensor_to_controller,21.588563919067383
sensor_to_controller,8.977174758911133
sensor_to_controller,29.115676879882812
sensor_to_controller,15.004634857177734
sensor_to_controller,2.4008750915527344
sensor_to_controller,21.850109100341797
sensor_to_controller,7.542848587036133
sensor_to_controller,27.5118350982666
sensor_to_controller,14.995098114013672
sensor_to_controller,0.5655288696289062
sensor_to_controller,20.509958267211914
sensor_to_controller,8.203506469726562
sensor_to_controller,27.83370018005371
sensor_to_controller,14.545202255249023
sensor_to_controller,2.760171890258789
sensor_to_controller,22.652626037597656
sensor_to_controller,8.772611618041992
sensor_to_controller,28.919458389282227
sensor_to_controller,15.273809432983398
sensor_to_controller,1.3630390167236328
sensor_to_controller,21.20232582092285
sensor_to_controller,7.304668426513672
sensor_to_controller,27.875423431396484
sensor_to_controller,14.915227890014648
sensor_to_controller,2.8023719787597656
sensor_to_controller,22.5832462310791
sensor_to_controller,8.812427520751953
sensor_to_controller,28.835535049438477
sensor_to_controller,13.70692253112793
sensor_to_controller,3.329753875732422
sensor_to_controller,23.030519485473633
sensor_to_controller,8.662939071655273
sensor_to_controller,28.158903121948242
sensor_to_controller,14.616966247558594
sensor_to_controller,1.1706352233886719
sensor_to_controller,20.546913146972656
sensor_to_controller,8.247137069702148
sensor_to_controller,28.409957885742188
sensor_to_controller,13.832569122314453
sensor_to_controller,2.5420188903808594
sensor_to_controller,22.03845977783203
sensor_to_controller,9.608268737792969
sensor_to_controller,29.320478439331055
sensor_to_controller,15.62047004699707
sensor_to_controller,2.747774124145508
sensor_to_controller,22.19533920288086
sensor_to_controller,9.040117263793945
sensor_to_controller,28.948307037353516
sensor_to_controller,14.804601669311523
sensor_to_controller,1.8858909606933594
sensor_to_controller,21.42930030822754
sensor_to_controller,9.284257888793945
sensor_to_controller,29.420852661132812
sensor_to_controller,15.557289123535156
sensor_to_controller,2.6235580444335938
sensor_to_controller,23.02408218383789
sensor_to_controller,9.0179443359375
sensor_to_controller,28.99909019470215
sensor_to_controller,15.43283462524414
sensor_to_controller,2.6738643646240234
sensor_to_controller,22.428512573242188
sensor_to_controller,8.014678955078125
sensor_to_controller,28.12337875366211
sensor_to_controller,14.587163925170898
sensor_to_controller,1.6968250274658203
sensor_to_controller,20.831584930419922
sensor_to_controller,8.469581604003906
sensor_to_controller,28.661727905273438
sensor_to_controller,14.312267303466797
sensor_to_controller,2.331972122192383
sensor_to_controller,21.07524871826172
sensor_to_controller,7.9708099365234375
sensor_to_controller,28.223514556884766
sensor_to_controller,14.959573745727539
sensor_to_controller,1.1157989501953125
sensor_to_controller,20.348072052001953
sensor_to_controller,8.679628372192383
sensor_to_controller,29.213428497314453
sensor_to_controller,14.722108840942383
sensor_to_controller,1.252889633178711
sensor_to_controller,21.222591400146484
sensor_to_controller,8.99815559387207
sensor_to_controller,29.280424118041992
sensor_to_controller,14.50490951538086
sensor_to_controller,1.4157295227050781
sensor_to_controller,20.313501358032227
sensor_to_controller,7.680416107177734
sensor_to_controller,27.800559997558594
sensor_to_controller,15.26021957397461
sensor_to_controller,2.915620803833008
sensor_to_controller,22.737741470336914
sensor_to_controller,9.541034698486328
sensor_to_controller,29.278039932250977
sensor_to_controller,15.55633544921875
sensor_to_controller,2.3195743560791016
sensor_to_controller,22.2322940826416
sensor_to_controller,9.592056274414062
sensor_to_controller,29.547691345214844
sensor_to_controller,17.04120635986328
sensor_to_controller,3.4508705139160156
sensor_to_controller,23.46038818359375
sensor_to_controller,8.773326873779297
sensor_to_controller,28.637170791625977
sensor_to_controller,16.524791717529297
sensor_to_controller,3.2987594604492188
sensor_to_controller,23.2088565826416
sensor_to_controller,9.955883026123047
sensor_to_controller,29.853105545043945
sensor_to_controller,16.148805618286133
sensor_to_controller,1.817941665649414
sensor_to_controller,20.578384399414062
sensor_to_controller,10.287046432495117
sensor_to_controller,30.157089233398438
sensor_to_controller,18.677711486816406
sensor_to_controller,1.9040107727050781
sensor_to_controller,21.98958396911621
sensor_to_controller,7.449150085449219
sensor_to_controller,27.45652198791504
sensor_to_controller,15.16103744506836
sensor_to_controller,2.3140907287597656
sensor_to_controller,22.494077682495117
sensor_to_controller,10.261297225952148
sensor_to_controller,28.379440307617188
sensor_to_controller,15.225410461425781
sensor_to_controller,2.7048587799072266
sensor_to_controller,22.89295196533203
sensor_to_controller,9.488105773925781
sensor_to_controller,29.201030731201172
sensor_to_controller,14.765501022338867
sensor_to_controller,1.768350601196289
sensor_to_controller,20.95484733581543
sensor_to_controller,8.46409797668457
sensor_to_controller,28.01656723022461
sensor_to_controller,15.178918838500977
sensor_to_controller,2.9358863830566406
sensor_to_controller,22.802114486694336
sensor_to_controller,7.178783416748047
sensor_to_controller,27.142763137817383
sensor_to_controller,16.106128692626953
sensor_to_controller,2.0723342895507812
sensor_to_controller,22.157669067382812
sensor_to_controller,8.855819702148438
sensor_to_controller,29.09994125366211
sensor_to_controller,17.25172996520996
sensor_to_controller,2.6226043701171875
sensor_to_controller,22.30978012084961
sensor_to_controller,8.242368698120117
sensor_to_controller,28.03969383239746
sensor_to_controller,16.44110679626465
sensor_to_controller,2.3512840270996094
sensor_to_controller,22.031307220458984
sensor_to_controller,9.78994369506836
sensor_to_controller,29.817819595336914
sensor_to_controller,16.681909561157227
sensor_to_controller,3.0999183654785156
sensor_to_controller,22.742748260498047
sensor_to_controller,8.598089218139648
sensor_to_controller,28.725862503051758
sensor_to_controller,15.68913459777832
sensor_to_controller,0.8428096771240234
sensor_to_controller,20.93958854675293
sensor_to_controller,9.746074676513672
sensor_to_controller,29.98661994934082
sensor_to_controller,14.528989791870117
sensor_to_controller,1.3685226440429688
sensor_to_controller,21.39449119567871
sensor_to_controller,10.188579559326172
sensor_to_controller,29.763221740722656
sensor_to_controller,14.403343200683594
sensor_to_controller,3.1821727752685547
sensor_to_controller,22.891759872436523
sensor_to_controller,10.336637496948242
sensor_to_controller,30.4563045501709
sensor_to_controller,15.19012451171875
sensor_to_controller,2.975940704345703
sensor_to_controller,22.893667221069336
sensor_to_controller,8.407354354858398
sensor_to_controller,28.472185134887695
sensor_to_controller,14.645099639892578
sensor_to_controller,1.856088638305664
sensor_to_controller,22.087812423706055
sensor_to_controller,8.939266204833984
sensor_to_controller,28.66053581237793
sensor_to_controller,13.938426971435547
sensor_to_controller,2.519845962524414
sensor_to_controller,22.428035736083984
sensor_to_controller,9.010076522827148
sensor_to_controller,29.170751571655273
sensor_to_controller,13.86713981628418
sensor_to_controller,2.1238327026367188
sensor_to_controller,20.982027053833008
sensor_to_controller,10.181188583374023
sensor_to_controller,30.074357986450195
sensor_to_controller,15.097618103027344
sensor_to_controller,3.401041030883789
sensor_to_controller,22.771358489990234
sensor_to_controller,9.534120559692383
sensor_to_controller,29.35934066772461
sensor_to_controller,13.17596435546875
sensor_to_controller,3.9222240447998047
sensor_to_controller,22.802114486694336
sensor_to_controller,9.171724319458008
sensor_to_controller,28.982877731323242
sensor_to_controller,13.738155364990234
sensor_to_controller,2.7878284454345703
sensor_to_controller,22.67313003540039
sensor_to_controller,8.495092391967773
sensor_to_controller,28.491735458374023
sensor_to_controller,15.18392562866211
sensor_to_controller,2.536773681640625
sensor_to_controller,22.542953491210938
sensor_to_controller,9.112119674682617
sensor_to_controller,29.285192489624023
sensor_to_controller,15.532732009887695
sensor_to_controller,1.1882781982421875
sensor_to_controller,21.330833435058594
sensor_to_controller,9.088993072509766
sensor_to_controller,28.953075408935547
sensor_to_controller,15.099525451660156
sensor_to_controller,2.7396678924560547
sensor_to_controller,22.7048397064209
sensor_to_controller,8.599042892456055
sensor_to_controller,28.51700782775879
sensor_to_controller,15.877962112426758
sensor_to_controller,1.5685558319091797
sensor_to_controller,20.895957946777344
sensor_to_controller,8.297204971313477
sensor_to_controller,28.328895568847656
sensor_to_controller,15.061616897583008
sensor_to_controller,2.1893978118896484
sensor_to_controller,22.68362045288086
sensor_to_controller,9.253740310668945
sensor_to_controller,28.96404266357422
sensor_to_controller,13.738155364990234
sensor_to_controller,2.616405487060547
sensor_to_controller,21.906614303588867
sensor_to_controller,9.234905242919922
sensor_to_controller,29.140472412109375
sensor_to_controller,16.119956970214844
sensor_to_controller,1.6269683837890625
sensor_to_controller,21.709442138671875
sensor_to_controller,9.338140487670898
sensor_to_controller,29.26468849182129
sensor_to_controller,15.20228385925293
sensor_to_controller,2.3987293243408203
sensor_to_controller,22.7203369140625
sensor_to_controller,9.06062126159668
sensor_to_controller,29.123306274414062
sensor_to_controller,13.68093490600586
sensor_to_controller,2.7883052825927734
sensor_to_controller,22.520065307617188
sensor_to_controller,9.754419326782227
sensor_to_controller,29.702186584472656
sensor_to_controller,15.72561264038086
sensor_to_controller,2.951383590698242
sensor_to_controller,22.33147621154785
sensor_to_controller,7.539272308349609
sensor_to_controller,27.313947677612305
sensor_to_controller,15.528440475463867
sensor_to_controller,2.1071434020996094
sensor_to_controller,22.220134735107422
sensor_to_controller,9.475231170654297
sensor_to_controller,29.237747192382812
sensor_to_controller,14.337539672851562
sensor_to_controller,1.7769336700439453
sensor_to_controller,21.735668182373047
sensor_to_controller,9.491920471191406
sensor_to_controller,29.40678596496582
sensor_to_controller,13.905525207519531
sensor_to_controller,1.7962455749511719
sensor_to_controller,21.38805389404297
sensor_to_controller,9.857416152954102
sensor_to_controller,29.643774032592773
sensor_to_controller,16.857147216796875
sensor_to_controller,1.1928081512451172
sensor_to_controller,18.792152404785156
sensor_to_controller,6.71076774597168
sensor_to_controller,26.42369270324707
sensor_to_controller,16.145944595336914
sensor_to_controller,2.9075145721435547
sensor_to_controller,22.350072860717773
sensor_to_controller,9.249448776245117
sensor_to_controller,28.780460357666016
sensor_to_controller,14.939069747924805
sensor_to_controller,2.8421878814697266
sensor_to_controller,22.920846939086914
sensor_to_controller,9.634256362915039
sensor_to_controller,29.636859893798828
sensor_to_controller,14.48965072631836
sensor_to_controller,1.1565685272216797
sensor_to_controller,20.077228546142578
sensor_to_controller,8.625030517578125
sensor_to_controller,28.569698333740234
sensor_to_controller,14.944791793823242
sensor_to_controller,1.987457275390625
sensor_to_controller,21.488666534423828
sensor_to_controller,9.99140739440918
sensor_to_controller,29.796838760375977
sensor_to_controller,13.826370239257812
sensor_to_controller,3.4949779510498047
sensor_to_controller,23.0562686920166
sensor_to_controller,9.476900100708008
sensor_to_controller,29.54268455505371
sensor_to_controller,14.204740524291992
sensor_to_controller,1.1539459228515625
sensor_to_controller,21.27528190612793
sensor_to_controller,9.619474411010742
sensor_to_controller,29.757261276245117
sensor_to_controller,15.264749526977539
sensor_to_controller,2.259492874145508
sensor_to_controller,22.118091583251953
sensor_to_controller,8.830547332763672
sensor_to_controller,28.93853187561035
sensor_to_controller,15.968799591064453
sensor_to_controller,2.5396347045898438
sensor_to_controller,22.0339298248291
sensor_to_controller,9.894371032714844
sensor_to_controller,29.95443344116211
sensor_to_controller,13.91744613647461
sensor_to_controller,2.192258834838867
sensor_to_controller,22.09925651550293
sensor_to_controller,9.484529495239258
sensor_to_controller,29.445886611938477
sensor_to_controller,14.248132705688477
sensor_to_controller,2.5343894958496094
sensor_to_controller,22.780418395996094
sensor_to_controller,9.095907211303711
sensor_to_controller,29.07252311706543
sensor_to_controller,15.345573425292969
sensor_to_controller,1.039266586303711
sensor_to_controller,20.772933959960938
sensor_to_controller,9.78851318359375
sensor_to_controller,29.757022857666016
sensor_to_controller,16.548871994018555
sensor_to_controller,1.8732547760009766
sensor_to_controller,21.671533584594727
sensor_to_controller,9.557247161865234
sensor_to_controller,29.517173767089844
sensor_to_controller,16.45517349243164
sensor_to_controller,2.881765365600586
sensor_to_controller,22.167682647705078
sensor_to_controller,9.807109832763672
sensor_to_controller,29.724597930908203
sensor_to_controller,16.181468963623047
sensor_to_controller,3.416776657104492
sensor_to_controller,23.331880569458008
sensor_to_controller,9.372711181640625
sensor_to_controller,29.2971134185791
sensor_to_controller,15.80190658569336
sensor_to_controller,0.18596649169921875
sensor_to_controller,19.77849006652832
sensor_to_controller,8.742094039916992
sensor_to_controller,28.594970703125
sensor_to_controller,15.723705291748047
sensor_to_controller,2.6977062225341797
sensor_to_controller,23.0715274810791
sensor_to_controller,9.776592254638672
sensor_to_controller,29.58822250366211
sensor_to_controller,14.320135116577148
sensor_to_controller,3.0264854431152344
sensor_to_controller,22.739171981811523
sensor_to_controller,8.267402648925781
sensor_to_controller,28.056621551513672
sensor_to_controller,14.91403579711914
sensor_to_controller,3.5085678100585938
sensor_to_controller,23.647546768188477
sensor_to_controller,9.562015533447266
sensor_to_controller,29.573440551757812
sensor_to_controller,14.960765838623047
sensor_to_controller,1.237630844116211
sensor_to_controller,20.195484161376953
sensor_to_controller,9.626150131225586
sensor_to_controller,29.48284149169922
sensor_to_controller,14.671087265014648
sensor_to_controller,2.897977828979492
sensor_to_controller,23.748397827148438
sensor_to_controller,8.430957794189453
sensor_to_controller,28.38730812072754
sensor_to_controller,15.562772750854492
sensor_to_controller,1.0170936584472656
sensor_to_controller,21.295547485351562
sensor_to_controller,9.67550277709961
sensor_to_controller,29.47378158569336
sensor_to_controller,15.065193176269531
sensor_to_controller,2.5506019592285156
sensor_to_controller,22.143125534057617
sensor_to_controller,8.479118347167969
sensor_to_controller,28.29122543334961
sensor_to_controller,14.642715454101562
sensor_to_controller,1.501321792602539
sensor_to_controller,21.0878849029541
sensor_to_controller,8.332252502441406
sensor_to_controller,28.153181076049805
sensor_to_controller,14.397144317626953
sensor_to_controller,0.9026527404785156
sensor_to_controller,19.8366641998291
sensor_to_controller,9.568214416503906
sensor_to_controller,29.62946891784668
sensor_to_controller,14.344930648803711
sensor_to_controller,1.2428760528564453
sensor_to_controller,20.650625228881836
sensor_to_controller,9.981632232666016
sensor_to_controller,29.6938419342041
sensor_to_controller,15.820026397705078
sensor_to_controller,2.657651901245117
sensor_to_controller,22.322416305541992
sensor_to_controller,9.84048843383789
sensor_to_controller,29.67381477355957
sensor_to_controller,14.72616195678711
sensor_to_controller,2.275705337524414
sensor_to_controller,22.045373916625977
sensor_to_controller,9.761571884155273
sensor_to_controller,29.761552810668945
sensor_to_controller,16.947031021118164
sensor_to_controller,2.133607864379883
sensor_to_controller,21.711349487304688
sensor_to_controller,8.699178695678711
sensor_to_controller,28.63168716430664
sensor_to_controller,14.79482650756836
sensor_to_controller,1.6970634460449219
sensor_to_controller,21.251440048217773
sensor_to_controller,7.649660110473633
sensor_to_controller,27.521133422851562
sensor_to_controller,14.599084854125977
sensor_to_controller,2.468109130859375
sensor_to_controller,21.927356719970703
sensor_to_controller,8.374452590942383
sensor_to_controller,28.148174285888672
sensor_to_controller,15.079259872436523
sensor_to_controller,1.1425018310546875
sensor_to_controller,21.256446838378906
sensor_to_controller,9.03940200805664
sensor_to_controller,29.355764389038086
sensor_to_controller,15.892267227172852
sensor_to_controller,3.1998157501220703
sensor_to_controller,23.237943649291992
sensor_to_controller,9.758710861206055
sensor_to_controller,29.793262481689453
sensor_to_controller,15.866756439208984
sensor_to_controller,3.2906532287597656
sensor_to_controller,23.006439208984375
sensor_to_controller,9.594202041625977
sensor_to_controller,29.276132583618164
sensor_to_controller,14.737367630004883
sensor_to_controller,3.739595413208008
sensor_to_controller,23.7271785736084
sensor_to_controller,8.804559707641602
sensor_to_controller,28.300046920776367
sensor_to_controller,15.52724838256836
sensor_to_controller,3.0219554901123047
sensor_to_controller,23.096799850463867
sensor_to_controller,9.470939636230469
sensor_to_controller,28.898239135742188
sensor_to_controller,14.976024627685547
sensor_to_controller,2.2153854370117188
sensor_to_controller,21.660327911376953
sensor_to_controller,9.631633758544922
sensor_to_controller,29.72102165222168
sensor_to_controller,16.378402709960938
sensor_to_controller,2.6667118072509766
sensor_to_controller,22.66860008239746
sensor_to_controller,9.621620178222656
sensor_to_controller,29.645919799804688
sensor_to_controller,15.745401382446289
sensor_to_controller,1.3151168823242188
sensor_to_controller,20.904541015625
sensor_to_controller,7.506370544433594
sensor_to_controller,27.65941619873047
sensor_to_controller,14.61338996887207
sensor_to_controller,2.1088123321533203
sensor_to_controller,21.99387550354004
sensor_to_controller,9.495019912719727
sensor_to_controller,29.388427734375
sensor_to_controller,15.92564582824707
sensor_to_controller,2.9337406158447266
sensor_to_controller,23.000240325927734
sensor_to_controller,8.381128311157227
sensor_to_controller,28.256893157958984
sensor_to_controller,15.478372573852539
sensor_to_controller,0.5545616149902344
sensor_to_controller,20.39957046508789
sensor_to_controller,10.633468627929688
sensor_to_controller,31.12006187438965
sensor_to_controller,15.099525451660156
sensor_to_controller,2.299070358276367
sensor_to_controller,22.10235595703125
sensor_to_controller,8.344888687133789
sensor_to_controller,28.377532958984375
sensor_to_controller,13.797760009765625
sensor_to_controller,2.815723419189453
sensor_to_controller,22.650957107543945
sensor_to_controller,9.485483169555664
sensor_to_controller,29.53052520751953
sensor_to_controller,14.763116836547852
sensor_to_controller,0.38623809814453125
sensor_to_controller,19.895553588867188
sensor_to_controller,7.944345474243164
sensor_to_controller,28.181791305541992
sensor_to_controller,15.414237976074219
sensor_to_controller,2.6111602783203125
sensor_to_controller,22.52817153930664
sensor_to_controller,9.75656509399414
sensor_to_controller,29.728412628173828
sensor_to_controller,14.369010925292969
sensor_to_controller,2.839803695678711
sensor_to_controller,22.9337215423584
sensor_to_controller,10.14399528503418
sensor_to_controller,30.165433883666992
sensor_to_controller,15.252351760864258
sensor_to_controller,1.3468265533447266
sensor_to_controller,20.67112922668457
sensor_to_controller,8.728504180908203
sensor_to_controller,28.911828994750977
sensor_to_controller,16.358375549316406
sensor_to_controller,2.292156219482422
sensor_to_controller,21.977663040161133
sensor_to_controller,9.911775588989258
sensor_to_controller,29.862403869628906
sensor_to_controller,15.341997146606445
sensor_to_controller,3.123044967651367
sensor_to_controller,22.630929946899414
sensor_to_controller,9.670495986938477
sensor_to_controller,29.526472091674805
sensor_to_controller,16.9527530670166
sensor_to_controller,3.109455108642578
sensor_to_controller,22.612571716308594
sensor_to_controller,8.450508117675781
sensor_to_controller,28.355836868286133
sensor_to_controller,15.796184539794922
sensor_to_controller,2.4335384368896484
sensor_to_controller,20.128965377807617
sensor_to_controller,10.268688201904297
sensor_to_controller,29.795408248901367
sensor_to_controller,15.906810760498047
sensor_to_controller,2.3801326751708984
sensor_to_controller,22.13263511657715
sensor_to_controller,10.159969329833984
sensor_to_controller,30.06458282470703
sensor_to_controller,16.331195831298828
sensor_to_controller,2.372264862060547
sensor_to_controller,22.370338439941406
sensor_to_controller,9.712457656860352
sensor_to_controller,29.514074325561523
sensor_to_controller,15.403032302856445
sensor_to_controller,1.6334056854248047
sensor_to_controller,20.849227905273438
sensor_to_controller,8.646726608276367
sensor_to_controller,28.62381935119629
sensor_to_controller,17.28534698486328
sensor_to_controller,2.278566360473633
sensor_to_controller,22.01056480407715
sensor_to_controller,8.847236633300781
sensor_to_controller,28.49578857421875
sensor_to_controller,14.816761016845703
sensor_to_controller,2.1772384643554688
sensor_to_controller,21.49200439453125
sensor_to_controller,10.007619857788086
sensor_to_controller,29.81400489807129
sensor_to_controller,14.313220977783203
sensor_to_controller,1.4846324920654297
sensor_to_controller,20.862102508544922
sensor_to_controller,9.327888488769531
sensor_to_controller,28.66816520690918
sensor_to_controller,15.10310173034668
sensor_to_controller,3.2587051391601562
sensor_to_controller,23.519515991210938
sensor_to_controller,8.846282958984375
sensor_to_controller,28.559446334838867
sensor_to_controller,16.19863510131836
sensor_to_controller,2.004861831665039
sensor_to_controller,22.925853729248047
sensor_to_controller,8.916854858398438
sensor_to_controller,28.557538986206055
sensor_to_controller,15.998601913452148
sensor_to_controller,3.803730010986328
sensor_to_controller,23.652315139770508
sensor_to_controller,9.866952896118164
sensor_to_controller,30.011892318725586
sensor_to_controller,16.921520233154297
sensor_to_controller,3.6957263946533203
sensor_to_controller,21.975040435791016
sensor_to_controller,9.86170768737793
sensor_to_controller,29.7548770904541
sensor_to_controller,16.744613647460938
sensor_to_controller,1.7278194427490234
sensor_to_controller,21.333694458007812
sensor_to_controller,8.642196655273438
sensor_to_controller,28.42855453491211
sensor_to_controller,16.056060791015625
sensor_to_controller,2.306222915649414
sensor_to_controller,22.4761962890625
sensor_to_controller,9.513139724731445
sensor_to_controller,29.569387435913086
sensor_to_controller,15.349149703979492
sensor_to_controller,3.8118362426757812
sensor_to_controller,23.79584312438965
sensor_to_controller,8.486509323120117
sensor_to_controller,28.481721878051758
sensor_to_controller,15.112638473510742
sensor_to_controller,3.2486915588378906
sensor_to_controller,23.02265167236328
sensor_to_controller,9.6435546875
sensor_to_controller,29.66475486755371
sensor_to_controller,14.176130294799805
sensor_to_controller,3.3714771270751953
sensor_to_controller,22.79067039489746
sensor_to_controller,10.168075561523438
sensor_to_controller,30.068397521972656
sensor_to_controller,16.92938804626465
sensor_to_controller,2.3031234741210938
sensor_to_controller,22.171735763549805
sensor_to_controller,10.291099548339844
sensor_to_controller,30.1210880279541
sensor_to_controller,16.25657081604004
sensor_to_controller,1.2269020080566406
sensor_to_controller,20.570993423461914
sensor_to_controller,9.923696517944336
sensor_to_controller,29.897689819335938
sensor_to_controller,15.341997146606445
sensor_to_controller,2.7048587799072266
sensor_to_controller,22.246599197387695
sensor_to_controller,10.130167007446289
sensor_to_controller,30.194759368896484
sensor_to_controller,14.32037353515625
sensor_to_controller,3.7047863006591797
sensor_to_controller,23.313522338867188
sensor_to_controller,9.854793548583984
sensor_to_controller,29.560327529907227
sensor_to_controller,15.90871810913086
sensor_to_controller,1.4946460723876953
controller_to_actuator_command,16.658782958984375
controller_to_actuator_command,16.206026077270508
controller_to_actuator_command,16.28589630126953
controller_to_actuator_command,15.85078239440918
controller_to_actuator_command,13.82589340209961
controller_to_actuator_command,16.724109649658203
controller_to_actuator_command,16.49761199951172
controller_to_actuator_command,16.252517700195312
controller_to_actuator_command,16.24608039855957
controller_to_actuator_command,15.590429306030273
controller_to_actuator_command,16.948223114013672
controller_to_actuator_command,15.954732894897461
controller_to_actuator_command,16.054153442382812
controller_to_actuator_command,15.439987182617188
controller_to_actuator_command,15.911579132080078
controller_to_actuator_command,16.41535758972168
controller_to_actuator_command,16.11495018005371
controller_to_actuator_command,16.25800132751465
controller_to_actuator_command,15.998125076293945
controller_to_actuator_command,16.205549240112305
controller_to_actuator_command,16.755342483520508
controller_to_actuator_command,14.785051345825195
controller_to_actuator_command,16.460180282592773
controller_to_actuator_command,16.250133514404297
controller_to_actuator_command,14.934778213500977
controller_to_actuator_command,16.454458236694336
controller_to_actuator_command,15.752792358398438
controller_to_actuator_command,16.519784927368164
controller_to_actuator_command,15.681266784667969
controller_to_actuator_command,15.111446380615234
controller_to_actuator_command,16.373634338378906
controller_to_actuator_command,15.856742858886719
controller_to_actuator_command,16.01862907409668
controller_to_actuator_command,16.182661056518555
controller_to_actuator_command,15.248537063598633
controller_to_actuator_command,16.026973724365234
controller_to_actuator_command,16.15762710571289
controller_to_actuator_command,16.49188995361328
controller_to_actuator_command,15.97142219543457
controller_to_actuator_command,15.03443717956543
controller_to_actuator_command,16.40462875366211
controller_to_actuator_command,16.14212989807129
controller_to_actuator_command,15.925168991088867
controller_to_actuator_command,15.826225280761719
controller_to_actuator_command,15.703439712524414
controller_to_actuator_command,16.107559204101562
controller_to_actuator_command,16.12544059753418
controller_to_actuator_command,16.512393951416016
controller_to_actuator_command,16.20769500732422
controller_to_actuator_command,15.523672103881836
controller_to_actuator_command,16.582012176513672
controller_to_actuator_command,16.317129135131836
controller_to_actuator_command,16.16382598876953
controller_to_actuator_command,15.881776809692383
controller_to_actuator_command,15.460968017578125
controller_to_actuator_command,16.547203063964844
controller_to_actuator_command,15.92254638671875
controller_to_actuator_command,16.02458953857422
controller_to_actuator_command,16.2198543548584
controller_to_actuator_command,15.626907348632812
controller_to_actuator_command,16.582489013671875
controller_to_actuator_command,16.152143478393555
controller_to_actuator_command,16.14069938659668
controller_to_actuator_command,16.23368263244629
controller_to_actuator_command,15.589475631713867
controller_to_actuator_command,16.609668731689453
controller_to_actuator_command,16.676664352416992
controller_to_actuator_command,16.782522201538086
controller_to_actuator_command,16.025781631469727
controller_to_actuator_command,16.22462272644043
controller_to_actuator_command,16.133546829223633
controller_to_actuator_command,16.490936279296875
controller_to_actuator_command,16.553163528442383
controller_to_actuator_command,15.977144241333008
controller_to_actuator_command,15.779972076416016
controller_to_actuator_command,15.820980072021484
controller_to_actuator_command,16.120433807373047
controller_to_actuator_command,16.469717025756836
controller_to_actuator_command,16.41082763671875
controller_to_actuator_command,14.720678329467773
controller_to_actuator_command,16.60013198852539
controller_to_actuator_command,16.22486114501953
controller_to_actuator_command,15.974998474121094
controller_to_actuator_command,16.27349853515625
controller_to_actuator_command,15.461444854736328
controller_to_actuator_command,16.19243621826172
controller_to_actuator_command,16.12687110900879
controller_to_actuator_command,16.391277313232422
controller_to_actuator_command,16.675949096679688
controller_to_actuator_command,15.218019485473633
controller_to_actuator_command,16.694307327270508
controller_to_actuator_command,16.105175018310547
controller_to_actuator_command,16.38340950012207
controller_to_actuator_command,15.971660614013672
controller_to_actuator_command,16.069650650024414
controller_to_actuator_command,16.284942626953125
controller_to_actuator_command,16.276836395263672
controller_to_actuator_command,16.19863510131836
controller_to_actuator_command,16.628265380859375
controller_to_actuator_command,15.938043594360352
controller_to_actuator_command,16.457557678222656
controller_to_actuator_command,16.155481338500977
controller_to_actuator_command,16.422033309936523
controller_to_actuator_command,16.046524047851562
controller_to_actuator_command,15.45858383178711
controller_to_actuator_command,16.428470611572266
controller_to_actuator_command,15.782356262207031
controller_to_actuator_command,16.50238037109375
controller_to_actuator_command,16.588687896728516
controller_to_actuator_command,15.239238739013672
controller_to_actuator_command,16.598224639892578
controller_to_actuator_command,16.151905059814453
controller_to_actuator_command,16.33167266845703
controller_to_actuator_command,16.156435012817383
controller_to_actuator_command,15.93470573425293
controller_to_actuator_command,16.379833221435547
controller_to_actuator_command,16.098499298095703
controller_to_actuator_command,16.762495040893555
controller_to_actuator_command,16.851186752319336
controller_to_actuator_command,15.760421752929688
controller_to_actuator_command,16.843318939208984
controller_to_actuator_command,15.20681381225586
controller_to_actuator_command,15.954971313476562
controller_to_actuator_command,15.424489974975586
controller_to_actuator_command,15.947341918945312
controller_to_actuator_command,16.141653060913086
controller_to_actuator_command,15.65861701965332
controller_to_actuator_command,16.18170738220215
controller_to_actuator_command,15.990257263183594
controller_to_actuator_command,15.332460403442383
controller_to_actuator_command,17.100095748901367
controller_to_actuator_command,16.282081604003906
controller_to_actuator_command,16.438722610473633
controller_to_actuator_command,16.733169555664062
controller_to_actuator_command,15.215635299682617
controller_to_actuator_command,16.6015625
controller_to_actuator_command,16.097307205200195
controller_to_actuator_command,16.849279403686523
controller_to_actuator_command,16.41845703125
controller_to_actuator_command,15.636682510375977
controller_to_actuator_command,16.681671142578125
controller_to_actuator_command,16.16835594177246
controller_to_actuator_command,16.208171844482422
controller_to_actuator_command,16.150236129760742
controller_to_actuator_command,15.368461608886719
controller_to_actuator_command,16.78180694580078
controller_to_actuator_command,16.11018180847168
controller_to_actuator_command,16.427993774414062
controller_to_actuator_command,15.725374221801758
controller_to_actuator_command,14.51253890991211
controller_to_actuator_command,16.321897506713867
controller_to_actuator_command,15.82193374633789
controller_to_actuator_command,16.21842384338379
controller_to_actuator_command,16.67952537536621
controller_to_actuator_command,15.149116516113281
controller_to_actuator_command,16.896963119506836
controller_to_actuator_command,16.475200653076172
controller_to_actuator_command,15.737295150756836
controller_to_actuator_command,15.925168991088867
controller_to_actuator_command,15.224218368530273
controller_to_actuator_command,16.354799270629883
controller_to_actuator_command,16.264677047729492
controller_to_actuator_command,16.242504119873047
controller_to_actuator_command,15.665292739868164
controller_to_actuator_command,15.382766723632812
controller_to_actuator_command,16.218900680541992
controller_to_actuator_command,16.381263732910156
controller_to_actuator_command,16.032695770263672
controller_to_actuator_command,15.97285270690918
controller_to_actuator_command,14.12653923034668
controller_to_actuator_command,16.556978225708008
controller_to_actuator_command,16.241073608398438
controller_to_actuator_command,16.260147094726562
controller_to_actuator_command,15.831947326660156
controller_to_actuator_command,16.037464141845703
controller_to_actuator_command,16.013383865356445
controller_to_actuator_command,15.859365463256836
controller_to_actuator_command,16.843080520629883
controller_to_actuator_command,15.744686126708984
controller_to_actuator_command,16.33477210998535
controller_to_actuator_command,15.796184539794922
controller_to_actuator_command,16.06464385986328
controller_to_actuator_command,16.43061637878418
controller_to_actuator_command,16.16811752319336
controller_to_actuator_command,16.28422737121582
controller_to_actuator_command,15.995979309082031
controller_to_actuator_command,15.682220458984375
controller_to_actuator_command,15.771627426147461
controller_to_actuator_command,16.743898391723633
controller_to_actuator_command,15.17343521118164
controller_to_actuator_command,16.51597023010254
controller_to_actuator_command,15.865087509155273
controller_to_actuator_command,16.330242156982422
controller_to_actuator_command,16.27969741821289
controller_to_actuator_command,15.724897384643555
controller_to_actuator_command,16.702651977539062
controller_to_actuator_command,15.964269638061523
controller_to_actuator_command,15.859842300415039
controller_to_actuator_command,15.877723693847656
controller_to_actuator_command,15.19465446472168
controller_to_actuator_command,16.22748374938965
controller_to_actuator_command,16.350507736206055
controller_to_actuator_command,16.170740127563477
controller_to_actuator_command,16.223430633544922
controller_to_actuator_command,15.29073715209961
controller_to_actuator_command,16.541719436645508
controller_to_actuator_command,16.207218170166016
controller_to_actuator_command,16.327619552612305
controller_to_actuator_command,15.778541564941406
controller_to_actuator_command,16.297340393066406
controller_to_actuator_command,15.806436538696289
controller_to_actuator_command,15.766620635986328
controller_to_actuator_command,15.800714492797852
controller_to_actuator_command,16.73126220703125
controller_to_actuator_command,15.916585922241211
controller_to_actuator_command,16.506671905517578
controller_to_actuator_command,16.11042022705078
controller_to_actuator_command,16.207456588745117
controller_to_actuator_command,15.505313873291016
controller_to_actuator_command,15.984773635864258
controller_to_actuator_command,17.127037048339844
controller_to_actuator_command,16.110658645629883
controller_to_actuator_command,16.031980514526367
controller_to_actuator_command,15.90275764465332
controller_to_actuator_command,15.976428985595703
controller_to_actuator_command,15.022993087768555
controller_to_actuator_command,16.247034072875977
controller_to_actuator_command,15.921831130981445
controller_to_actuator_command,16.100168228149414
controller_to_actuator_command,15.973091125488281
controller_to_actuator_command,16.578197479248047
controller_to_actuator_command,16.20030403137207
controller_to_actuator_command,16.205549240112305
controller_to_actuator_command,16.203880310058594
controller_to_actuator_command,16.181468963623047
controller_to_actuator_command,16.81375503540039
controller_to_actuator_command,15.975475311279297
controller_to_actuator_command,16.267776489257812
controller_to_actuator_command,15.854120254516602
controller_to_actuator_command,15.244483947753906
controller_to_actuator_command,16.444683074951172
controller_to_actuator_command,16.23249053955078
controller_to_actuator_command,15.918254852294922
controller_to_actuator_command,16.30997657775879
controller_to_actuator_command,16.146183013916016
controller_to_actuator_command,15.743255615234375
controller_to_actuator_command,16.052961349487305
controller_to_actuator_command,16.411542892456055
controller_to_actuator_command,16.155719757080078
controller_to_actuator_command,15.581130981445312
controller_to_actuator_command,16.286849975585938
controller_to_actuator_command,16.01576805114746
controller_to_actuator_command,16.56651496887207
controller_to_actuator_command,15.678167343139648
controller_to_actuator_command,15.651226043701172
controller_to_actuator_command,16.312122344970703
controller_to_actuator_command,15.935420989990234
controller_to_actuator_command,16.45183563232422
controller_to_actuator_command,16.869544982910156
controller_to_actuator_command,15.083074569702148
controller_to_actuator_command,16.396522521972656
controller_to_actuator_command,16.46900177001953
controller_to_actuator_command,16.025304794311523
controller_to_actuator_command,16.06464385986328
controller_to_actuator_command,14.647245407104492
controller_to_actuator_command,16.341209411621094
controller_to_actuator_command,16.18480682373047
controller_to_actuator_command,16.468524932861328
controller_to_actuator_command,16.41225814819336
controller_to_actuator_command,14.59956169128418
controller_to_actuator_command,17.016887664794922
controller_to_actuator_command,16.173601150512695
controller_to_actuator_command,16.080856323242188
controller_to_actuator_command,15.66171646118164
controller_to_actuator_command,15.977621078491211
controller_to_actuator_command,16.339778900146484
controller_to_actuator_command,16.403675079345703
controller_to_actuator_command,16.458511352539062
controller_to_actuator_command,16.054630279541016
controller_to_actuator_command,15.851736068725586
controller_to_actuator_command,16.4339542388916
controller_to_actuator_command,15.800714492797852
controller_to_actuator_command,16.5860652923584
controller_to_actuator_command,16.5860652923584
controller_to_actuator_command,15.415430068969727
controller_to_actuator_command,16.736745834350586
controller_to_actuator_command,16.002416610717773
controller_to_actuator_command,16.674518585205078
controller_to_actuator_command,16.341447830200195
controller_to_actuator_command,15.94996452331543
controller_to_actuator_command,16.180753707885742
controller_to_actuator_command,15.622854232788086
controller_to_actuator_command,16.091585159301758
controller_to_actuator_command,15.84482192993164
controller_to_actuator_command,15.28787612915039
controller_to_actuator_command,16.360044479370117
controller_to_actuator_command,16.004085540771484
controller_to_actuator_command,15.919923782348633
controller_to_actuator_command,15.951156616210938
controller_to_actuator_command,15.038251876831055
controller_to_actuator_command,16.42894744873047
controller_to_actuator_command,15.94400405883789
controller_to_actuator_command,16.18337631225586
controller_to_actuator_command,15.69223403930664
controller_to_actuator_command,14.873504638671875
controller_to_actuator_command,16.616344451904297
controller_to_actuator_command,16.18504524230957
controller_to_actuator_command,16.389131546020508
controller_to_actuator_command,16.686677932739258
controller_to_actuator_command,15.614032745361328
controller_to_actuator_command,17.29440689086914
controller_to_actuator_command,16.167879104614258
controller_to_actuator_command,16.82448387145996
controller_to_actuator_command,16.023874282836914
controller_to_actuator_command,14.583826065063477
controller_to_actuator_command,16.577720642089844
controller_to_actuator_command,16.396522521972656
controller_to_actuator_command,16.301870346069336
controller_to_actuator_command,16.449689865112305
controller_to_actuator_command,14.473676681518555
controller_to_actuator_command,16.606807708740234
controller_to_actuator_command,16.422033309936523
controller_to_actuator_command,16.076326370239258
controller_to_actuator_command,16.376972198486328
controller_to_actuator_command,15.278100967407227
controller_to_actuator_command,16.31307601928711
controller_to_actuator_command,15.787839889526367
controller_to_actuator_command,16.422033309936523
controller_to_actuator_command,16.302108764648438
controller_to_actuator_command,16.002178192138672
controller_to_actuator_command,16.464948654174805
controller_to_actuator_command,16.45493507385254
controller_to_actuator_command,16.332149505615234
controller_to_actuator_command,16.501188278198242
controller_to_actuator_command,16.429662704467773
controller_to_actuator_command,15.891075134277344
controller_to_actuator_command,16.29042625427246
controller_to_actuator_command,16.160964965820312
controller_to_actuator_command,15.649795532226562
controller_to_actuator_command,15.660524368286133
controller_to_actuator_command,16.33906364440918
controller_to_actuator_command,16.45636558532715
controller_to_actuator_command,16.39533042907715
controller_to_actuator_command,15.915632247924805
controller_to_actuator_command,15.819311141967773
controller_to_actuator_command,16.41559600830078
controller_to_actuator_command,16.225814819335938
controller_to_actuator_command,15.961170196533203
controller_to_actuator_command,16.353845596313477
controller_to_actuator_command,15.563011169433594
controller_to_actuator_command,16.73150062561035
controller_to_actuator_command,16.385793685913086
controller_to_actuator_command,16.577959060668945
controller_to_actuator_command,15.626668930053711
controller_to_actuator_command,15.980958938598633
controller_to_actuator_command,16.62588119506836
controller_to_actuator_command,16.453981399536133
controller_to_actuator_command,16.539573669433594
controller_to_actuator_command,16.080617904663086
controller_to_actuator_command,16.37411117553711
controller_to_actuator_command,15.742301940917969
controller_to_actuator_command,16.092538833618164
controller_to_actuator_command,15.978813171386719
controller_to_actuator_command,16.079425811767578
controller_to_actuator_command,15.069961547851562
controller_to_actuator_command,16.356229782104492
controller_to_actuator_command,15.669107437133789
controller_to_actuator_command,15.757560729980469
controller_to_actuator_command,15.997171401977539
controller_to_actuator_command,16.402244567871094
controller_to_actuator_command,16.07489585876465
controller_to_actuator_command,16.350507736206055
controller_to_actuator_command,16.257762908935547
controller_to_actuator_command,16.60442352294922
controller_to_actuator_command,15.85078239440918
controller_to_actuator_command,16.06893539428711
controller_to_actuator_command,15.585660934448242
controller_to_actuator_command,16.20626449584961
controller_to_actuator_command,16.1440372467041
controller_to_actuator_command,16.178369522094727
controller_to_actuator_command,16.410350799560547
controller_to_actuator_command,16.003131866455078
controller_to_actuator_command,16.29781723022461
controller_to_actuator_command,16.489028930664062
controller_to_actuator_command,15.718460083007812
controller_to_actuator_command,16.431808471679688
controller_to_actuator_command,16.260623931884766
controller_to_actuator_command,16.40772819519043
controller_to_actuator_command,16.675949096679688
controller_to_actuator_command,15.595674514770508
controller_to_actuator_command,16.4945125579834
controller_to_actuator_command,16.540050506591797
controller_to_actuator_command,16.233205795288086
controller_to_actuator_command,16.182422637939453
controller_to_actuator_command,16.193389892578125
controller_to_actuator_command,16.56794548034668
controller_to_actuator_command,16.28875732421875
controller_to_actuator_command,16.4339542388916
controller_to_actuator_command,16.464948654174805
controller_to_actuator_command,15.591621398925781
controller_to_actuator_command,16.34979248046875
controller_to_actuator_command,16.337156295776367
controller_to_actuator_command,16.733407974243164
controller_to_actuator_command,16.61229133605957
controller_to_actuator_command,15.262842178344727
controller_to_actuator_command,16.506195068359375
controller_to_actuator_command,16.176700592041016
controller_to_actuator_command,16.16072654724121
controller_to_actuator_command,15.843629837036133
controller_to_actuator_command,15.442848205566406
controller_to_actuator_command,16.301393508911133
controller_to_actuator_command,16.16835594177246
controller_to_actuator_command,16.262531280517578
controller_to_actuator_command,16.114234924316406
controller_to_actuator_command,15.410423278808594
controller_to_actuator_command,16.235828399658203
controller_to_actuator_command,15.970230102539062
controller_to_actuator_command,16.064882278442383
controller_to_actuator_command,15.990734100341797
controller_to_actuator_command,14.908075332641602
controller_to_actuator_command,16.18790626525879
controller_to_actuator_command,16.355276107788086
controller_to_actuator_command,16.093730926513672
controller_to_actuator_command,15.787363052368164
controller_to_actuator_command,16.25537872314453
controller_to_actuator_command,15.993833541870117
controller_to_actuator_command,15.84768295288086
controller_to_actuator_command,16.153335571289062
controller_to_actuator_command,16.657352447509766
controller_to_actuator_command,13.782978057861328
controller_to_actuator_command,16.49785041809082
controller_to_actuator_command,15.685796737670898
controller_to_actuator_command,16.877412796020508
controller_to_actuator_command,16.675233840942383
controller_to_actuator_command,16.251087188720703
controller_to_actuator_command,16.566753387451172
controller_to_actuator_command,16.330242156982422
controller_to_actuator_command,16.091585159301758
controller_to_actuator_command,16.652822494506836
controller_to_actuator_command,15.466451644897461
controller_to_actuator_command,15.988349914550781
controller_to_actuator_command,15.638113021850586
controller_to_actuator_command,16.455650329589844
controller_to_actuator_command,16.515016555786133
controller_to_actuator_command,16.448020935058594
controller_to_actuator_command,16.341209411621094
controller_to_actuator_command,15.60068130493164
controller_to_actuator_command,16.280651092529297
controller_to_actuator_command,16.48259162902832
controller_to_actuator_command,15.294075012207031
controller_to_actuator_command,16.358613967895508
controller_to_actuator_command,15.851497650146484
controller_to_actuator_command,16.252994537353516
controller_to_actuator_command,15.824556350708008
controller_to_actuator_command,16.336441040039062
controller_to_actuator_command,15.961408615112305
controller_to_actuator_command,16.15166664123535
controller_to_actuator_command,16.129732131958008
controller_to_actuator_command,16.206026077270508
controller_to_actuator_command,15.917062759399414
controller_to_actuator_command,16.17288589477539
controller_to_actuator_command,15.998363494873047
controller_to_actuator_command,16.052961349487305
controller_to_actuator_command,16.67618751525879
controller_to_actuator_command,16.596317291259766
controller_to_actuator_command,17.02427864074707
controller_to_actuator_command,15.964269638061523
controller_to_actuator_command,15.665292739868164
controller_to_actuator_command,15.975475311279297
controller_to_actuator_command,15.974998474121094
controller_to_actuator_command,15.646696090698242
controller_to_actuator_command,16.353368759155273
controller_to_actuator_command,16.307353973388672
controller_to_actuator_command,16.307353973388672
controller_to_actuator_command,15.427589416503906
controller_to_actuator_command,16.552448272705078
controller_to_actuator_command,16.010046005249023
controller_to_actuator_command,16.232967376708984
controller_to_actuator_command,16.411542892456055
controller_to_actuator_command,14.700889587402344
controller_to_actuator_command,16.64590835571289
controller_to_actuator_command,16.400814056396484
controller_to_actuator_command,16.075849533081055
controller_to_actuator_command,15.835285186767578
controller_to_actuator_command,16.1898136138916
controller_to_actuator_command,15.841007232666016
controller_to_actuator_command,15.67983627319336
controller_to_actuator_command,16.054153442382812
controller_to_actuator_command,15.881538391113281
controller_to_actuator_command,15.296459197998047
controller_to_actuator_command,15.589237213134766
controller_to_actuator_command,16.039133071899414
controller_to_actuator_command,16.237258911132812
controller_to_actuator_command,15.685796737670898
controller_to_actuator_command,16.19577407836914
controller_to_actuator_command,15.83409309387207
controller_to_actuator_command,16.345977783203125
controller_to_actuator_command,16.315937042236328
controller_to_actuator_command,16.232967376708984
controller_to_actuator_command,15.080928802490234
controller_to_actuator_command,16.22748374938965
controller_to_actuator_command,15.712976455688477
controller_to_actuator_command,16.397714614868164
controller_to_actuator_command,16.707420349121094
controller_to_actuator_command,16.18790626525879
controller_to_actuator_command,16.590118408203125
controller_to_actuator_command,16.042232513427734
controller_to_actuator_command,16.504526138305664
controller_to_actuator_command,16.53122901916504
controller_to_actuator_command,15.446186065673828
controller_to_actuator_command,16.76487922668457
controller_to_actuator_command,16.22295379638672
controller_to_actuator_command,15.823125839233398
controller_to_actuator_command,16.613006591796875
controller_to_actuator_command,16.047000885009766
controller_to_actuator_command,15.71035385131836
controller_to_actuator_command,15.901327133178711
controller_to_actuator_command,16.0369873046875
controller_to_actuator_command,16.582250595092773
controller_to_actuator_command,16.68095588684082
controller_to_actuator_command,16.55292510986328
controller_to_actuator_command,16.330480575561523
controller_to_actuator_command,16.445398330688477
controller_to_actuator_command,16.164779663085938
controller_to_actuator_command,15.607118606567383
controller_to_actuator_command,16.778230667114258
controller_to_actuator_command,16.445159912109375
controller_to_actuator_command,15.87533950805664
controller_to_actuator_command,15.732526779174805
controller_to_actuator_command,15.534639358520508
controller_to_actuator_command,16.86882972717285
controller_to_actuator_command,15.672445297241211
controller_to_actuator_command,16.33429527282715
controller_to_actuator_command,16.391992568969727
controller_to_actuator_command,15.960931777954102
controller_to_actuator_command,16.430377960205078
controller_to_actuator_command,15.967369079589844
controller_to_actuator_command,15.667200088500977
controller_to_actuator_command,16.294240951538086
controller_to_actuator_command,16.101837158203125
controller_to_actuator_command,16.576051712036133
controller_to_actuator_command,16.07990264892578
controller_to_actuator_command,16.53265953063965
controller_to_actuator_command,15.624761581420898
controller_to_actuator_command,15.252351760864258
controller_to_actuator_command,15.794515609741211
controller_to_actuator_command,16.383647918701172
controller_to_actuator_command,16.3118839263916
controller_to_actuator_command,15.830278396606445
controller_to_actuator_command,15.594244003295898
controller_to_actuator_command,16.07036590576172
controller_to_actuator_command,15.39301872253418
controller_to_actuator_command,16.23702049255371
controller_to_actuator_command,16.301631927490234
controller_to_actuator_command,15.233993530273438
controller_to_actuator_command,16.346454620361328
controller_to_actuator_command,15.931129455566406
controller_to_actuator_command,16.243457794189453
controller_to_actuator_command,15.507221221923828
controller_to_actuator_command,16.13163948059082
controller_to_actuator_command,15.531063079833984
controller_to_actuator_command,15.499353408813477
controller_to_actuator_command,15.635490417480469
controller_to_actuator_command,15.728473663330078
controller_to_actuator_command,15.38848876953125
controller_to_actuator_command,16.418933868408203
controller_to_actuator_command,16.133785247802734
controller_to_actuator_command,16.05963706970215
controller_to_actuator_command,16.196012496948242
controller_to_actuator_command,15.721797943115234
controller_to_actuator_command,16.30377769470215
controller_to_actuator_command,15.750646591186523
controller_to_actuator_command,15.798330307006836
controller_to_actuator_command,17.17543601989746
controller_to_actuator_command,15.66624641418457
controller_to_actuator_command,16.384124755859375
controller_to_actuator_command,16.044139862060547
controller_to_actuator_command,16.498088836669922
controller_to_actuator_command,16.07227325439453
controller_to_actuator_command,16.06154441833496
controller_to_actuator_command,16.535043716430664
controller_to_actuator_command,16.205787658691406
controller_to_actuator_command,16.270875930786133
controller_to_actuator_command,16.825199127197266
controller_to_actuator_command,14.919519424438477
controller_to_actuator_command,16.501903533935547
controller_to_actuator_command,15.812397003173828
controller_to_actuator_command,16.641855239868164
controller_to_actuator_command,16.611337661743164
controller_to_actuator_command,15.423059463500977
controller_to_actuator_command,16.638517379760742
controller_to_actuator_command,15.661478042602539
controller_to_actuator_command,15.926837921142578
controller_to_actuator_command,16.027212142944336
controller_to_actuator_command,15.917301177978516
controller_to_actuator_command,16.435623168945312
controller_to_actuator_command,15.906333923339844
controller_to_actuator_command,16.234397888183594
controller_to_actuator_command,15.961170196533203
controller_to_actuator_command,15.390634536743164
controller_to_actuator_command,15.909194946289062
controller_to_actuator_command,16.113996505737305
controller_to_actuator_command,15.85841178894043
controller_to_actuator_command,16.31784439086914
controller_to_actuator_command,15.80500602722168
controller_to_actuator_command,16.720294952392578
controller_to_actuator_command,16.180992126464844
controller_to_actuator_command,16.6780948638916
controller_to_actuator_command,16.286134719848633
controller_to_actuator_command,15.521526336669922
controller_to_actuator_command,16.597270965576172
controller_to_actuator_command,16.1893367767334
controller_to_actuator_command,16.545534133911133
controller_to_actuator_command,16.35289192199707
controller_to_actuator_command,16.12234115600586
controller_to_actuator_command,16.93248748779297
controller_to_actuator_command,15.972375869750977
controller_to_actuator_command,15.937089920043945
controller_to_actuator_command,16.029834747314453
controller_to_actuator_command,15.279293060302734
controller_to_actuator_command,16.309738159179688
controller_to_actuator_command,15.916585922241211
controller_to_actuator_command,16.113758087158203
controller_to_actuator_command,16.337871551513672
controller_to_actuator_command,15.892744064331055
controller_to_actuator_command,15.825271606445312
controller_to_actuator_command,15.739202499389648
controller_to_actuator_command,16.490459442138672
controller_to_actuator_command,16.188383102416992
controller_to_actuator_command,15.674591064453125
controller_to_actuator_command,16.882658004760742
controller_to_actuator_command,16.029834747314453
controller_to_actuator_command,16.231536865234375
controller_to_actuator_command,15.491724014282227
controller_to_actuator_command,16.309738159179688
controller_to_actuator_command,16.604900360107422
controller_to_actuator_command,15.907049179077148
controller_to_actuator_command,16.024351119995117
controller_to_actuator_command,15.454769134521484
controller_to_actuator_command,14.358758926391602
controller_to_actuator_command,16.54219627380371
controller_to_actuator_command,16.080141067504883
controller_to_actuator_command,16.216516494750977
controller_to_actuator_command,15.828847885131836
controller_to_actuator_command,16.527414321899414
controller_to_actuator_command,15.830516815185547
controller_to_actuator_command,15.975713729858398
controller_to_actuator_command,15.821695327758789
controller_to_actuator_command,15.579700469970703
controller_to_actuator_command,16.329288482666016
controller_to_actuator_command,15.822172164916992
controller_to_actuator_command,15.654563903808594
controller_to_actuator_command,16.06464385986328
controller_to_actuator_command,16.234397888183594
controller_to_actuator_command,16.125202178955078
controller_to_actuator_command,16.48879051208496
controller_to_actuator_command,16.05510711669922
controller_to_actuator_command,15.765666961669922
controller_to_actuator_command,16.60776138305664
controller_to_actuator_command,15.999317169189453
controller_to_actuator_command,16.16501808166504
controller_to_actuator_command,16.51310920715332
controller_to_actuator_command,16.133785247802734
controller_to_actuator_command,16.081809997558594
controller_to_actuator_command,15.872716903686523
controller_to_actuator_command,16.277790069580078
controller_to_actuator_command,15.71512222290039
controller_to_actuator_command,16.078472137451172
controller_to_actuator_command,16.609668731689453
controller_to_actuator_command,14.56308364868164
controller_to_actuator_command,16.38031005859375
controller_to_actuator_command,16.224145889282227
controller_to_actuator_command,16.303539276123047
controller_to_actuator_command,15.960454940795898
controller_to_actuator_command,15.58542251586914
controller_to_actuator_command,16.070842742919922
controller_to_actuator_command,16.093969345092773
controller_to_actuator_command,16.31021499633789
controller_to_actuator_command,16.896724700927734
controller_to_actuator_command,16.340970993041992
controller_to_actuator_command,16.344785690307617
controller_to_actuator_command,15.696048736572266
controller_to_actuator_command,15.967130661010742
controller_to_actuator_command,16.065120697021484
controller_to_actuator_command,15.809297561645508
controller_to_actuator_command,16.57414436340332
controller_to_actuator_command,15.826940536499023
controller_to_actuator_command,16.02315902709961
controller_to_actuator_command,15.661001205444336
controller_to_actuator_command,15.598058700561523
controller_to_actuator_command,15.784025192260742
controller_to_actuator_command,16.31641387939453
controller_to_actuator_command,16.19696617126465
controller_to_actuator_command,15.612363815307617
controller_to_actuator_command,16.16978645324707
controller_to_actuator_command,16.18218421936035
controller_to_actuator_command,15.824556350708008
controller_to_actuator_command,16.37101173400879
controller_to_actuator_command,15.98811149597168
controller_to_actuator_command,15.855550765991211
controller_to_actuator_command,16.232728958129883
controller_to_actuator_command,16.0830020904541
controller_to_actuator_command,16.179561614990234
controller_to_actuator_command,16.005992889404297
controller_to_actuator_command,16.042709350585938
controller_to_actuator_command,16.38054847717285
controller_to_actuator_command,16.406536102294922
controller_to_actuator_command,16.13473892211914
controller_to_actuator_command,16.025543212890625
controller_to_actuator_command,15.485525131225586
controller_to_actuator_command,15.756845474243164
controller_to_actuator_command,15.716314315795898
controller_to_actuator_command,16.191720962524414
controller_to_actuator_command,15.608787536621094
controller_to_actuator_command,15.234947204589844
controller_to_actuator_command,16.140222549438477
controller_to_actuator_command,15.520572662353516
controller_to_actuator_command,16.08872413635254
controller_to_actuator_command,16.954660415649414
controller_to_actuator_command,14.424324035644531
controller_to_actuator_command,15.977144241333008
controller_to_actuator_command,16.196489334106445
controller_to_actuator_command,16.272783279418945
controller_to_actuator_command,17.270565032958984
controller_to_actuator_command,15.994787216186523
controller_to_actuator_command,16.153573989868164
controller_to_actuator_command,15.613555908203125
controller_to_actuator_command,16.26873016357422
controller_to_actuator_command,16.224384307861328
controller_to_actuator_command,16.40176773071289
controller_to_actuator_command,15.928983688354492
controller_to_actuator_command,16.19863510131836
controller_to_actuator_command,15.996456146240234
controller_to_actuator_command,16.272544860839844
controller_to_actuator_command,15.66457748413086
controller_to_actuator_command,14.567375183105469
controller_to_actuator_command,16.289949417114258
controller_to_actuator_command,15.837907791137695
controller_to_actuator_command,16.735076904296875
controller_to_actuator_command,15.864372253417969
controller_to_actuator_command,16.521930694580078
controller_to_actuator_command,16.574621200561523
controller_to_actuator_command,16.131162643432617
controller_to_actuator_command,16.054391860961914
controller_to_actuator_command,15.754461288452148
controller_to_actuator_command,16.090869903564453
controller_to_actuator_command,15.810728073120117
controller_to_actuator_command,16.99995994567871
controller_to_actuator_command,15.853166580200195
controller_to_actuator_command,15.976667404174805
controller_to_actuator_command,16.629934310913086
controller_to_actuator_command,15.970706939697266
controller_to_actuator_command,15.856027603149414
controller_to_actuator_command,15.927553176879883
controller_to_actuator_command,15.970706939697266
controller_to_actuator_command,16.70670509338379
controller_to_actuator_command,15.863656997680664
controller_to_actuator_command,16.24274253845215
controller_to_actuator_command,17.59195327758789
controller_to_actuator_command,15.563488006591797
controller_to_actuator_command,16.353845596313477
controller_to_actuator_command,15.928030014038086
controller_to_actuator_command,16.200542449951172
controller_to_actuator_command,16.130447387695312
controller_to_actuator_command,16.118288040161133
controller_to_actuator_command,16.351699829101562
controller_to_actuator_command,15.891313552856445
controller_to_actuator_command,16.873598098754883
controller_to_actuator_command,16.341209411621094
controller_to_actuator_command,16.34383201599121
controller_to_actuator_command,16.444921493530273
controller_to_actuator_command,16.222715377807617
controller_to_actuator_command,16.312599182128906
controller_to_actuator_command,17.577171325683594
controller_to_actuator_command,16.20650291442871
controller_to_actuator_command,16.46280288696289
controller_to_actuator_command,15.729665756225586
controller_to_actuator_command,16.05987548828125
controller_to_actuator_command,18.51654052734375
controller_to_actuator_command,15.803813934326172
controller_to_actuator_command,16.217470169067383
controller_to_actuator_command,15.932559967041016
controller_to_actuator_command,16.34955406188965
controller_to_actuator_command,16.016244888305664
controller_to_actuator_command,15.909433364868164
controller_to_actuator_command,16.776561737060547
controller_to_actuator_command,15.813827514648438
controller_to_actuator_command,15.782594680786133
controller_to_actuator_command,15.62190055847168
controller_to_actuator_command,15.598773956298828
controller_to_actuator_command,16.18337631225586
controller_to_actuator_command,16.2353515625
controller_to_actuator_command,16.57557487487793
controller_to_actuator_command,16.478300094604492
controller_to_actuator_command,15.372991561889648
controller_to_actuator_command,16.32380485534668
controller_to_actuator_command,15.94400405883789
controller_to_actuator_command,16.44134521484375
controller_to_actuator_command,15.650272369384766
controller_to_actuator_command,15.94400405883789
controller_to_actuator_command,16.17884635925293
controller_to_actuator_command,15.561342239379883
controller_to_actuator_command,16.10541343688965
controller_to_actuator_command,16.020536422729492
controller_to_actuator_command,16.431093215942383
controller_to_actuator_command,16.44611358642578
controller_to_actuator_command,15.878915786743164
controller_to_actuator_command,16.093015670776367
controller_to_actuator_command,16.04175567626953
controller_to_actuator_command,15.777349472045898
controller_to_actuator_command,16.55864715576172
controller_to_actuator_command,15.982866287231445
controller_to_actuator_command,15.954256057739258
controller_to_actuator_command,17.14015007019043
controller_to_actuator_command,15.538454055786133
controller_to_actuator_command,16.36481285095215
controller_to_actuator_command,15.69986343383789
controller_to_actuator_command,16.23082160949707
controller_to_actuator_command,15.989065170288086
controller_to_actuator_command,15.784740447998047
controller_to_actuator_command,17.194509506225586
controller_to_actuator_command,16.068696975708008
controller_to_actuator_command,16.62158966064453
controller_to_actuator_command,16.491174697875977
controller_to_actuator_command,15.639543533325195
controller_to_actuator_command,16.78323745727539
controller_to_actuator_command,15.708208084106445
controller_to_actuator_command,17.711639404296875
controller_to_actuator_command,16.439199447631836
controller_to_actuator_command,15.791177749633789
controller_to_actuator_command,16.474246978759766
controller_to_actuator_command,15.752315521240234
controller_to_actuator_command,16.02911949157715
controller_to_actuator_command,15.72728157043457
controller_to_actuator_command,15.949010848999023
controller_to_actuator_command,16.460180282592773
controller_to_actuator_command,15.768051147460938
controller_to_actuator_command,15.992164611816406
controller_to_actuator_command,15.925168991088867
controller_to_actuator_command,16.45517349243164
controller_to_actuator_command,16.071319580078125
controller_to_actuator_command,15.861272811889648
controller_to_actuator_command,15.700578689575195
controller_to_actuator_command,18.17488670349121
controller_to_actuator_command,15.631437301635742
controller_to_actuator_command,16.268491744995117
controller_to_actuator_command,15.681028366088867
controller_to_actuator_command,16.2200927734375
controller_to_actuator_command,16.791582107543945
controller_to_actuator_command,15.97738265991211
controller_to_actuator_command,16.257286071777344
controller_to_actuator_command,15.992879867553711
controller_to_actuator_command,15.894174575805664
controller_to_actuator_command,16.185283660888672
controller_to_actuator_command,15.768051147460938
controller_to_actuator_command,16.546010971069336
controller_to_actuator_command,16.417741775512695
controller_to_actuator_command,16.106605529785156
controller_to_actuator_command,17.542362213134766
controller_to_actuator_command,15.855789184570312
controller_to_actuator_command,16.095399856567383
controller_to_actuator_command,15.925407409667969
controller_to_actuator_command,16.009092330932617
controller_to_actuator_command,15.959024429321289
controller_to_actuator_command,16.280174255371094
controller_to_actuator_command,16.48545265197754
controller_to_actuator_command,16.202211380004883
controller_to_actuator_command,15.80357551574707
controller_to_actuator_command,15.671014785766602
controller_to_actuator_command,15.482664108276367
controller_to_actuator_command,16.368627548217773
controller_to_actuator_command,15.937328338623047
controller_to_actuator_command,15.872478485107422
controller_to_actuator_command,17.68326759338379
controller_to_actuator_command,15.442848205566406
controller_to_actuator_command,16.324520111083984
controller_to_actuator_command,16.17741584777832
controller_to_actuator_command,16.56651496887207
controller_to_actuator_command,16.455411911010742
controller_to_actuator_command,16.362905502319336
controller_to_actuator_command,16.215801239013672
controller_to_actuator_command,15.730142593383789
controller_to_actuator_command,16.464710235595703
controller_to_actuator_command,16.039609909057617
controller_to_actuator_command,15.737056732177734
controller_to_actuator_command,15.845298767089844
controller_to_actuator_command,16.097068786621094
controller_to_actuator_command,16.369104385375977
controller_to_actuator_command,16.247987747192383
controller_to_actuator_command,15.194892883300781
controller_to_actuator_command,15.071630477905273
controller_to_actuator_command,16.400814056396484
controller_to_actuator_command,15.865325927734375
controller_to_actuator_command,15.988349914550781
controller_to_actuator_command,15.880823135375977
controller_to_actuator_command,16.72053337097168
controller_to_actuator_command,16.13163948059082
controller_to_actuator_command,15.838146209716797
controller_to_actuator_command,16.71886444091797
controller_to_actuator_command,15.49983024597168
controller_to_actuator_command,15.444517135620117
controller_to_actuator_command,15.690326690673828
controller_to_actuator_command,16.80755615234375
controller_to_actuator_command,16.276121139526367
controller_to_actuator_command,15.828371047973633
controller_to_actuator_command,16.73746109008789
controller_to_actuator_command,15.908956527709961
controller_to_actuator_command,15.737056732177734
controller_to_actuator_command,15.984296798706055
controller_to_actuator_command,15.238046646118164
controller_to_actuator_command,16.224384307861328
controller_to_actuator_command,15.620946884155273
controller_to_actuator_command,16.214847564697266
controller_to_actuator_command,15.970468521118164
controller_to_actuator_command,15.540599822998047
controller_to_actuator_command,16.6475772857666
controller_to_actuator_command,16.35885238647461
controller_to_actuator_command,16.11638069152832
controller_to_actuator_command,16.10088348388672
controller_to_actuator_command,15.950202941894531
controller_to_actuator_command,16.50261878967285
controller_to_actuator_command,16.217708587646484
controller_to_actuator_command,16.107797622680664
controller_to_actuator_command,16.857147216796875
controller_to_actuator_command,16.175031661987305
controller_to_actuator_command,15.89822769165039
controller_to_actuator_command,15.951395034790039
controller_to_actuator_command,16.274213790893555
controller_to_actuator_command,16.182422637939453
controller_to_actuator_command,15.491247177124023
controller_to_actuator_command,16.11638069152832
controller_to_actuator_command,16.07203483581543
controller_to_actuator_command,16.279220581054688
controller_to_actuator_command,16.354799270629883
controller_to_actuator_command,15.71798324584961
controller_to_actuator_command,17.03500747680664
controller_to_actuator_command,16.586780548095703
controller_to_actuator_command,16.115665435791016
controller_to_actuator_command,17.154932022094727
controller_to_actuator_command,14.812231063842773
controller_to_actuator_command,15.764474868774414
controller_to_actuator_command,16.248703002929688
controller_to_actuator_command,16.006946563720703
controller_to_actuator_command,15.902519226074219
controller_to_actuator_command,15.979528427124023
controller_to_actuator_command,16.901731491088867
controller_to_actuator_command,16.13330841064453
controller_to_actuator_command,15.788078308105469
controller_to_actuator_command,18.403053283691406
controller_to_actuator_command,16.06917381286621
controller_to_actuator_command,16.27635955810547
controller_to_actuator_command,16.00337028503418
controller_to_actuator_command,15.642881393432617
controller_to_actuator_command,18.93901824951172
controller_to_actuator_command,15.484333038330078
controller_to_actuator_command,16.36338233947754
controller_to_actuator_command,16.398906707763672
controller_to_actuator_command,16.323089599609375
controller_to_actuator_command,16.762256622314453
controller_to_actuator_command,16.097307205200195
controller_to_actuator_command,16.344547271728516
controller_to_actuator_command,15.671014785766602
controller_to_actuator_command,16.347408294677734
controller_to_actuator_command,15.757083892822266
controller_to_actuator_command,16.21222496032715
controller_to_actuator_command,16.27516746520996
controller_to_actuator_command,16.17288589477539
controller_to_actuator_command,16.35289192199707
controller_to_actuator_command,17.960548400878906
controller_to_actuator_command,16.053438186645508
controller_to_actuator_command,15.934944152832031
controller_to_actuator_command,16.116619110107422
controller_to_actuator_command,16.153573989868164
controller_to_actuator_command,16.267061233520508
controller_to_actuator_command,16.338825225830078
controller_to_actuator_command,16.854286193847656
controller_to_actuator_command,16.126155853271484
controller_to_actuator_command,16.109228134155273
controller_to_actuator_command,16.75558090209961
controller_to_actuator_command,15.40064811706543
controller_to_actuator_command,16.226768493652344
controller_to_actuator_command,16.08586311340332
controller_to_actuator_command,15.960693359375
controller_to_actuator_command,14.272689819335938
controller_to_actuator_command,16.222476959228516
controller_to_actuator_command,16.034364700317383
controller_to_actuator_command,16.483783721923828
controller_to_actuator_command,16.22295379638672
controller_to_actuator_command,16.01266860961914
controller_to_actuator_command,16.2050724029541
controller_to_actuator_command,16.37434959411621
controller_to_actuator_command,14.660120010375977
controller_to_actuator_command,16.12544059753418
controller_to_actuator_command,15.878438949584961
controller_to_actuator_command,16.13306999206543
controller_to_actuator_command,16.2200927734375
controller_to_actuator_command,15.55633544921875
controller_to_actuator_command,15.943288803100586
controller_to_actuator_command,15.970230102539062
controller_to_actuator_command,15.808582305908203
controller_to_actuator_command,17.258882522583008
controller_to_actuator_command,15.789985656738281
controller_to_actuator_command,16.149520874023438
controller_to_actuator_command,16.080617904663086
controller_to_actuator_command,15.949487686157227
controller_to_actuator_command,16.51620864868164
controller_to_actuator_command,16.088485717773438
controller_to_actuator_command,16.034841537475586
controller_to_actuator_command,16.17884635925293
controller_to_actuator_command,16.139984130859375
controller_to_actuator_command,16.216039657592773
controller_to_actuator_command,16.0825252532959
controller_to_actuator_command,16.18814468383789
controller_to_actuator_command,17.273426055908203
controller_to_actuator_command,15.827655792236328
controller_to_actuator_command,16.3576602935791
controller_to_actuator_command,15.74850082397461
controller_to_actuator_command,16.190052032470703
controller_to_actuator_command,17.90475845336914
controller_to_actuator_command,15.775442123413086
controller_to_actuator_command,16.14832878112793
controller_to_actuator_command,15.974998474121094
controller_to_actuator_command,15.922307968139648
controller_to_actuator_command,17.012834548950195
controller_to_actuator_command,15.285491943359375
controller_to_actuator_command,16.29352569580078
controller_to_actuator_command,16.178131103515625
controller_to_actuator_command,16.074419021606445
controller_to_actuator_command,16.37554168701172
controller_to_actuator_command,16.062498092651367
controller_to_actuator_command,16.075611114501953
controller_to_actuator_command,16.275405883789062
controller_to_actuator_command,15.67530632019043
controller_to_actuator_command,16.598224639892578
controller_to_actuator_command,16.43657684326172
controller_to_actuator_command,15.99740982055664
controller_to_actuator_command,15.534639358520508
controller_to_actuator_command,16.588211059570312
controller_to_actuator_command,18.15509796142578
controller_to_actuator_command,16.042232513427734
controller_to_actuator_command,17.220735549926758
controller_to_actuator_command,15.918254852294922
controller_to_actuator_command,15.636205673217773
controller_to_actuator_command,17.628908157348633
controller_to_actuator_command,15.57302474975586
controller_to_actuator_command,16.08586311340332
controller_to_actuator_command,15.912532806396484
controller_to_actuator_command,16.16358757019043
controller_to_actuator_command,15.988588333129883
controller_to_actuator_command,16.023874282836914
controller_to_actuator_command,16.20769500732422
controller_to_actuator_command,15.733957290649414
controller_to_actuator_command,15.94686508178711
controller_to_actuator_command,16.16382598876953
controller_to_actuator_command,16.132593154907227
controller_to_actuator_command,16.515254974365234
controller_to_actuator_command,15.983819961547852
controller_to_actuator_command,16.16501808166504
controller_to_actuator_command,15.637636184692383
controller_to_actuator_command,15.091419219970703
controller_to_actuator_command,16.15166664123535
controller_to_actuator_command,15.938997268676758
controller_to_actuator_command,16.367197036743164
controller_to_actuator_command,15.815496444702148
controller_to_actuator_command,16.119003295898438
controller_to_actuator_command,16.147375106811523
controller_to_actuator_command,15.73944091796875
controller_to_actuator_command,16.328811645507812
controller_to_actuator_command,16.87312126159668
controller_to_actuator_command,14.76597785949707
controller_to_actuator_command,16.641855239868164
controller_to_actuator_command,15.66004753112793
controller_to_actuator_command,15.964984893798828
controller_to_actuator_command,17.044544219970703
controller_to_actuator_command,15.720367431640625
controller_to_actuator_command,16.192913055419922
controller_to_actuator_command,16.180038452148438
controller_to_actuator_command,16.23392105102539
controller_to_actuator_command,15.961408615112305
controller_to_actuator_command,16.02768898010254
controller_to_actuator_command,16.12567901611328
controller_to_actuator_command,16.13903045654297
controller_to_actuator_command,16.080141067504883
controller_to_actuator_command,16.237497329711914
controller_to_actuator_command,16.11614227294922
controller_to_actuator_command,16.44134521484375
controller_to_actuator_command,16.156911849975586
controller_to_actuator_command,16.237735748291016
controller_to_actuator_command,15.979290008544922
controller_to_actuator_command,15.867471694946289
controller_to_actuator_command,16.05677604675293
controller_to_actuator_command,15.880346298217773
controller_to_actuator_command,16.252994537353516
controller_to_actuator_command,15.976428985595703
controller_to_actuator_command,15.963315963745117
controller_to_actuator_command,16.289472579956055
controller_to_actuator_command,16.160964965820312
controller_to_actuator_command,15.959739685058594
controller_to_actuator_command,16.176700592041016
controller_to_actuator_command,16.176939010620117
controller_to_actuator_command,16.09945297241211
controller_to_actuator_command,15.816926956176758
controller_to_actuator_command,16.115188598632812
controller_to_actuator_command,15.815258026123047
controller_to_actuator_command,15.596151351928711
controller_to_actuator_command,16.476869583129883
controller_to_actuator_command,16.30568504333496
controller_to_actuator_command,16.231060028076172
controller_to_actuator_command,17.47441291809082
controller_to_actuator_command,15.978336334228516
controller_to_actuator_command,16.39103889465332
controller_to_actuator_command,15.850067138671875
controller_to_actuator_command,15.992164611816406
controller_to_actuator_command,16.05391502380371
controller_to_actuator_command,16.058683395385742
controller_to_actuator_command,15.585184097290039
controller_to_actuator_command,16.017436981201172
controller_to_actuator_command,16.082286834716797
controller_to_actuator_command,17.196178436279297
controller_to_actuator_command,16.108274459838867
controller_to_actuator_command,16.161441802978516
controller_to_actuator_command,16.068220138549805
controller_to_actuator_command,16.17145538330078
controller_to_actuator_command,15.660285949707031
controller_to_actuator_command,15.79141616821289
controller_to_actuator_command,16.491174697875977
controller_to_actuator_command,16.271352767944336
controller_to_actuator_command,16.539812088012695
controller_to_actuator_command,16.949892044067383
controller_to_actuator_command,16.402721405029297
controller_to_actuator_command,16.232728958129883
controller_to_actuator_command,16.105175018310547
controller_to_actuator_command,16.294002532958984
controller_to_actuator_command,17.743587493896484
controller_to_actuator_command,16.134262084960938
controller_to_actuator_command,16.22319221496582
controller_to_actuator_command,15.952825546264648
controller_to_actuator_command,15.941858291625977
controller_to_actuator_command,16.695737838745117
controller_to_actuator_command,16.318559646606445
controller_to_actuator_command,16.239166259765625
controller_to_actuator_command,16.137123107910156
controller_to_actuator_command,16.721725463867188
controller_to_actuator_command,15.784263610839844
controller_to_actuator_command,14.226198196411133
controller_to_actuator_command,16.698122024536133
controller_to_actuator_command,16.237735748291016
controller_to_actuator_command,16.322851181030273
controller_to_actuator_command,16.8459415435791
controller_to_actuator_command,15.629768371582031
controller_to_actuator_command,16.353130340576172
controller_to_actuator_command,15.90418815612793
controller_to_actuator_command,16.161441802978516
controller_to_actuator_command,18.129587173461914
controller_to_actuator_command,15.985965728759766
controller_to_actuator_command,16.2351131439209
controller_to_actuator_command,15.816211700439453
controller_to_actuator_command,15.780925750732422
controller_to_actuator_command,16.543865203857422
controller_to_actuator_command,15.189647674560547
controller_to_actuator_command,16.404390335083008
controller_to_actuator_command,15.951871871948242
controller_to_actuator_command,15.826702117919922
controller_to_actuator_command,17.14181900024414
controller_to_actuator_command,15.761613845825195
controller_to_actuator_command,16.402721405029297
controller_to_actuator_command,15.885114669799805
controller_to_actuator_command,16.44134521484375
controller_to_actuator_command,16.843557357788086
controller_to_actuator_command,15.433073043823242
controller_to_actuator_command,15.980243682861328
controller_to_actuator_command,15.997648239135742
controller_to_actuator_command,15.995264053344727
controller_to_actuator_command,15.749931335449219
controller_to_actuator_command,16.74509048461914
controller_to_actuator_command,16.185998916625977
controller_to_actuator_command,16.025066375732422
controller_to_actuator_command,16.025781631469727
controller_to_actuator_command,17.435550689697266
controller_to_actuator_command,16.399145126342773
controller_to_actuator_command,16.754150390625
controller_to_actuator_command,16.427040100097656
controller_to_actuator_command,16.215801239013672
controller_to_actuator_command,17.795324325561523
controller_to_actuator_command,15.937566757202148
controller_to_actuator_command,16.361236572265625
controller_to_actuator_command,16.15738868713379
controller_to_actuator_command,16.358613967895508
controller_to_actuator_command,17.353534698486328
controller_to_actuator_command,16.501426696777344
controller_to_actuator_command,16.465187072753906
controller_to_actuator_command,15.947103500366211
controller_to_actuator_command,16.251564025878906
controller_to_actuator_command,17.132997512817383
controller_to_actuator_command,16.487598419189453
controller_to_actuator_command,16.54839515686035
controller_to_actuator_command,16.11495018005371
controller_to_actuator_command,16.228675842285156
controller_to_actuator_command,16.47353172302246
controller_to_actuator_command,16.16501808166504
controller_to_actuator_command,16.566753387451172
controller_to_actuator_command,16.07227325439453
controller_to_actuator_command,16.25347137451172
controller_to_actuator_command,16.02315902709961
controller_to_actuator_command,16.46590232849121
controller_to_actuator_command,16.295433044433594
controller_to_actuator_command,16.07656478881836
controller_to_actuator_command,16.35599136352539
controller_to_actuator_command,17.38739013671875
controller_to_actuator_command,15.889883041381836
controller_to_actuator_command,16.458988189697266
controller_to_actuator_command,16.10398292541504
controller_to_actuator_command,16.434907913208008
controller_to_actuator_command,17.56000518798828
controller_to_actuator_command,15.763044357299805
controller_to_actuator_command,16.13903045654297
controller_to_actuator_command,16.062498092651367
controller_to_actuator_command,16.76487922668457
controller_to_actuator_command,16.313791275024414
controller_to_actuator_command,16.061782836914062
controller_to_actuator_command,16.73269271850586
controller_to_actuator_command,16.24584197998047
controller_to_actuator_command,16.13640785217285
controller_to_actuator_command,17.123699188232422
controller_to_actuator_command,16.29185676574707
controller_to_actuator_command,15.920162200927734
controller_to_actuator_command,15.913009643554688
controller_to_actuator_command,16.350269317626953
controller_to_actuator_command,16.614675521850586
controller_to_actuator_command,15.782594680786133
controller_to_actuator_command,16.39699935913086
controller_to_actuator_command,15.783071517944336
controller_to_actuator_command,16.153812408447266
controller_to_actuator_command,17.41504669189453
controller_to_actuator_command,16.125917434692383
controller_to_actuator_command,16.18504524230957
controller_to_actuator_command,15.917301177978516
controller_to_actuator_command,15.872001647949219
controller_to_actuator_command,20.463228225708008
controller_to_actuator_command,15.463113784790039
controller_to_actuator_command,16.56484603881836
controller_to_actuator_command,15.982627868652344
controller_to_actuator_command,16.62302017211914
controller_to_actuator_command,16.591310501098633
controller_to_actuator_command,16.389131546020508
controller_to_actuator_command,15.563726425170898
controller_to_actuator_command,16.153573989868164
controller_to_actuator_command,16.589879989624023
controller_to_actuator_command,16.203641891479492
controller_to_actuator_command,16.31617546081543
controller_to_actuator_command,16.739606857299805
controller_to_actuator_command,15.738725662231445
controller_to_actuator_command,16.141891479492188
controller_to_actuator_command,17.09294319152832
controller_to_actuator_command,15.929698944091797
controller_to_actuator_command,16.633033752441406
controller_to_actuator_command,15.981674194335938
controller_to_actuator_command,16.26420021057129
controller_to_actuator_command,17.903804779052734
controller_to_actuator_command,16.16215705871582
controller_to_actuator_command,16.625165939331055
controller_to_actuator_command,16.01433753967285
controller_to_actuator_command,16.363143920898438
controller_to_actuator_command,16.435623168945312
controller_to_actuator_command,15.346527099609375
controller_to_actuator_command,16.401290893554688
controller_to_actuator_command,16.391277313232422
controller_to_actuator_command,16.379594802856445
controller_to_actuator_command,16.78752899169922
controller_to_actuator_command,15.515804290771484
controller_to_actuator_command,16.01409912109375
controller_to_actuator_command,16.137123107910156
controller_to_actuator_command,16.29352569580078
controller_to_actuator_command,17.7459716796875
controller_to_actuator_command,16.42298698425293
controller_to_actuator_command,16.466856002807617
controller_to_actuator_command,16.413450241088867
controller_to_actuator_command,16.71314239501953
controller_to_actuator_command,16.12544059753418
controller_to_actuator_command,16.367197036743164
controller_to_actuator_command,16.466856002807617
controller_to_actuator_command,16.579627990722656
controller_to_actuator_command,16.26873016357422
controller_to_actuator_command,16.309499740600586
controller_to_actuator_command,16.503334045410156
controller_to_actuator_command,16.579627990722656
controller_to_actuator_command,16.123294830322266
controller_to_actuator_command,16.207218170166016
controller_to_actuator_command,17.019271850585938
controller_to_actuator_command,16.004562377929688
controller_to_actuator_command,16.433238983154297
controller_to_actuator_command,15.946388244628906
controller_to_actuator_command,16.040563583374023
controller_to_actuator_command,16.394853591918945
controller_to_actuator_command,15.54250717163086
controller_to_actuator_command,16.032695770263672
controller_to_actuator_command,15.886306762695312
controller_to_actuator_command,16.394853591918945
controller_to_actuator_command,16.350984573364258
controller_to_actuator_command,16.35575294494629
controller_to_actuator_command,16.3724422454834
controller_to_actuator_command,15.980243682861328
controller_to_actuator_command,15.713214874267578
controller_to_actuator_command,16.40009880065918
controller_to_actuator_command,16.327857971191406
controller_to_actuator_command,16.26729965209961
controller_to_actuator_command,16.62302017211914
controller_to_actuator_command,16.357421875
controller_to_actuator_command,18.069982528686523
controller_to_actuator_command,15.531539916992188
controller_to_actuator_command,16.09015464782715
controller_to_actuator_command,15.736818313598633
controller_to_actuator_command,15.992164611816406
controller_to_actuator_command,15.98668098449707
controller_to_actuator_command,15.442609786987305
controller_to_actuator_command,15.800952911376953
controller_to_actuator_command,15.764236450195312
controller_to_actuator_command,16.333818435668945
controller_to_actuator_command,16.831636428833008
controller_to_actuator_command,16.229867935180664
controller_to_actuator_command,16.380786895751953
controller_to_actuator_command,15.734195709228516
controller_to_actuator_command,16.090869903564453
controller_to_actuator_command,17.331838607788086
controller_to_actuator_command,15.566587448120117
controller_to_actuator_command,16.170978546142578
controller_to_actuator_command,15.99574089050293
controller_to_actuator_command,16.26300811767578
controller_to_actuator_command,15.974044799804688
controller_to_actuator_command,17.049789428710938
controller_to_actuator_command,16.22772216796875
controller_to_actuator_command,15.824317932128906
controller_to_actuator_command,16.539335250854492
controller_to_actuator_command,16.74675941467285
controller_to_actuator_command,16.0675048828125
controller_to_actuator_command,16.918659210205078
controller_to_actuator_command,16.19863510131836
controller_to_actuator_command,15.986442565917969
controller_to_actuator_command,17.86017417907715
controller_to_actuator_command,16.216754913330078
controller_to_actuator_command,16.205549240112305
controller_to_actuator_command,16.01266860961914
controller_to_actuator_command,16.150474548339844
controller_to_actuator_command,16.567468643188477
controller_to_actuator_command,16.00027084350586
controller_to_actuator_command,16.004085540771484
controller_to_actuator_command,15.90108871459961
controller_to_actuator_command,16.419649124145508
controller_to_actuator_command,16.271352767944336
controller_to_actuator_command,16.399621963500977
controller_to_actuator_command,16.38627052307129
controller_to_actuator_command,16.037940979003906
controller_to_actuator_command,15.61737060546875
controller_to_actuator_command,15.821695327758789
controller_to_actuator_command,15.558242797851562
controller_to_actuator_command,15.980243682861328
controller_to_actuator_command,16.252994537353516
controller_to_actuator_command,16.082763671875
controller_to_actuator_command,17.04549789428711
controller_to_actuator_command,16.532182693481445
controller_to_actuator_command,16.779422760009766
controller_to_actuator_command,16.547203063964844
controller_to_actuator_command,16.403913497924805
controller_to_actuator_command,19.44756507873535
controller_to_actuator_command,15.751123428344727
controller_to_actuator_command,16.46280288696289
controller_to_actuator_command,16.5102481842041
controller_to_actuator_command,15.899896621704102
controller_to_actuator_command,15.730857849121094
controller_to_actuator_command,16.040802001953125
controller_to_actuator_command,15.964031219482422
controller_to_actuator_command,16.01243019104004
controller_to_actuator_command,16.273975372314453
controller_to_actuator_command,17.775774002075195
controller_to_actuator_command,16.366004943847656
controller_to_actuator_command,16.371965408325195
controller_to_actuator_command,16.308307647705078
controller_to_actuator_command,16.262054443359375
controller_to_actuator_command,17.874956130981445
controller_to_actuator_command,15.862703323364258
controller_to_actuator_command,16.571521759033203
controller_to_actuator_command,16.2966251373291
controller_to_actuator_command,16.486644744873047
controller_to_actuator_command,14.637231826782227
controller_to_actuator_command,16.330718994140625
controller_to_actuator_command,16.31021499633789
controller_to_actuator_command,16.1588191986084
controller_to_actuator_command,16.408205032348633
controller_to_actuator_command,16.98446273803711
controller_to_actuator_command,15.909910202026367
controller_to_actuator_command,16.46900177001953
controller_to_actuator_command,16.193628311157227
controller_to_actuator_command,16.453266143798828
controller_to_actuator_command,17.191410064697266
controller_to_actuator_command,15.594720840454102
controller_to_actuator_command,16.641855239868164
controller_to_actuator_command,16.745805740356445
controller_to_actuator_command,16.71457290649414
controller_to_actuator_command,17.338275909423828
controller_to_actuator_command,14.519929885864258
controller_to_actuator_command,15.885591506958008
controller_to_actuator_command,16.1135196685791
controller_to_actuator_command,16.47353172302246
controller_to_actuator_command,17.534255981445312
controller_to_actuator_command,15.956640243530273
controller_to_actuator_command,16.3116455078125
controller_to_actuator_command,16.57271385192871
controller_to_actuator_command,16.314983367919922
controller_to_actuator_command,17.67754554748535
controller_to_actuator_command,16.00027084350586
controller_to_actuator_command,16.173362731933594
controller_to_actuator_command,15.845537185668945
controller_to_actuator_command,16.382694244384766
controller_to_actuator_command,16.608715057373047
controller_to_actuator_command,15.969991683959961
controller_to_actuator_command,16.524791717529297
controller_to_actuator_command,16.090869903564453
controller_to_actuator_command,16.29328727722168
controller_to_actuator_command,17.335176467895508
controller_to_actuator_command,15.746355056762695
controller_to_actuator_command,16.00503921508789
controller_to_actuator_command,15.590190887451172
controller_to_actuator_command,16.153573989868164
controller_to_actuator_command,17.540454864501953
controller_to_actuator_command,15.691518783569336
controller_to_actuator_command,16.05510711669922
controller_to_actuator_command,15.681028366088867
controller_to_actuator_command,16.15452766418457
controller_to_actuator_command,16.524314880371094
controller_to_actuator_command,15.270709991455078
controller_to_actuator_command,16.00790023803711
controller_to_actuator_command,15.672922134399414
controller_to_actuator_command,16.423940658569336
controller_to_actuator_command,16.560792922973633
controller_to_actuator_command,15.729188919067383
controller_to_actuator_command,15.622138977050781
controller_to_actuator_command,15.915155410766602
controller_to_actuator_command,16.404390335083008
controller_to_actuator_command,16.52216911315918
controller_to_actuator_command,16.30854606628418
controller_to_actuator_command,15.465259552001953
controller_to_actuator_command,15.680313110351562
controller_to_actuator_command,16.119003295898438
controller_to_actuator_command,16.824007034301758
controller_to_actuator_command,15.824079513549805
controller_to_actuator_command,15.876531600952148
controller_to_actuator_command,16.204833984375
controller_to_actuator_command,15.978097915649414
controller_to_actuator_command,17.8987979888916
controller_to_actuator_command,14.677047729492188
controller_to_actuator_command,16.1287784576416
controller_to_actuator_command,15.91038703918457
controller_to_actuator_command,16.31784439086914
controller_to_actuator_command,16.16191864013672
controller_to_actuator_command,16.063213348388672
controller_to_actuator_command,16.225576400756836
controller_to_actuator_command,16.259193420410156
controller_to_actuator_command,16.36052131652832
controller_to_actuator_command,17.658233642578125
controller_to_actuator_command,16.347646713256836
controller_to_actuator_command,16.04485511779785
controller_to_actuator_command,16.215801239013672
controller_to_actuator_command,16.236305236816406
controller_to_actuator_command,16.240358352661133
controller_to_actuator_command,16.016721725463867
controller_to_actuator_command,16.085147857666016
controller_to_actuator_command,15.895366668701172
controller_to_actuator_command,16.188383102416992
controller_to_actuator_command,16.393423080444336
controller_to_actuator_command,16.573190689086914
controller_to_actuator_command,16.356229782104492
controller_to_actuator_command,16.165494918823242
controller_to_actuator_command,16.466617584228516
controller_to_actuator_command,17.25292205810547
controller_to_actuator_command,16.14522933959961
controller_to_actuator_command,16.665220260620117
controller_to_actuator_command,16.138553619384766
controller_to_actuator_command,16.348838806152344
controller_to_actuator_command,16.020774841308594
controller_to_actuator_command,16.125917434692383
controller_to_actuator_command,16.237974166870117
controller_to_actuator_command,16.286611557006836
controller_to_actuator_command,16.40915870666504
controller_to_actuator_command,16.922473907470703
controller_to_actuator_command,15.893697738647461
controller_to_actuator_command,16.552209854125977
controller_to_actuator_command,16.099929809570312
controller_to_actuator_command,16.314268112182617
controller_to_actuator_command,17.079591751098633
controller_to_actuator_command,16.152381896972656
controller_to_actuator_command,16.448020935058594
controller_to_actuator_command,16.16525650024414
controller_to_actuator_command,16.113758087158203
controller_to_actuator_command,16.803503036499023
controller_to_actuator_command,15.609264373779297
controller_to_actuator_command,15.893936157226562
controller_to_actuator_command,16.024112701416016
controller_to_actuator_command,16.180753707885742
controller_to_actuator_command,17.931222915649414
end_to_end_command,24.66559410095215
end_to_end_command,44.64244842529297
end_to_end_command,31.279325485229492
end_to_end_command,16.5863037109375
end_to_end_command,37.16278076171875
end_to_end_command,24.216413497924805
end_to_end_command,44.14081573486328
end_to_end_command,29.187679290771484
end_to_end_command,16.440391540527344
end_to_end_command,36.905765533447266
end_to_end_command,23.259639739990234
end_to_end_command,43.20096969604492
end_to_end_command,28.96261215209961
end_to_end_command,16.05534553527832
end_to_end_command,35.77375411987305
end_to_end_command,24.51777458190918
end_to_end_command,44.6476936340332
end_to_end_command,30.336380004882812
end_to_end_command,18.17011833190918
end_to_end_command,38.52558135986328
end_to_end_command,24.803876876831055
end_to_end_command,44.744014739990234
end_to_end_command,30.377626419067383
end_to_end_command,17.24386215209961
end_to_end_command,37.09721565246582
end_to_end_command,23.67568016052246
end_to_end_command,44.19708251953125
end_to_end_command,30.51614761352539
end_to_end_command,16.70360565185547
end_to_end_command,36.713361740112305
end_to_end_command,23.767709732055664
end_to_end_command,43.97273063659668
end_to_end_command,29.621124267578125
end_to_end_command,16.519784927368164
end_to_end_command,36.44967079162598
end_to_end_command,23.50449562072754
end_to_end_command,43.8997745513916
end_to_end_command,30.425310134887695
end_to_end_command,16.470909118652344
end_to_end_command,36.664485931396484
end_to_end_command,23.617982864379883
end_to_end_command,43.675899505615234
end_to_end_command,28.090715408325195
end_to_end_command,17.370223999023438
end_to_end_command,37.19353675842285
end_to_end_command,23.74434471130371
end_to_end_command,44.17896270751953
end_to_end_command,29.878616333007812
end_to_end_command,49.77130889892578
end_to_end_command,35.414934158325195
end_to_end_command,23.806333541870117
end_to_end_command,43.74861717224121
end_to_end_command,30.010461807250977
end_to_end_command,17.203330993652344
end_to_end_command,37.00423240661621
end_to_end_command,23.968219757080078
end_to_end_command,43.83993148803711
end_to_end_command,31.280040740966797
end_to_end_command,17.052650451660156
end_to_end_command,37.38760948181152
end_to_end_command,22.696971893310547
end_to_end_command,42.650699615478516
end_to_end_command,31.406879425048828
end_to_end_command,17.617464065551758
end_to_end_command,37.84322738647461
end_to_end_command,25.236845016479492
end_to_end_command,45.261383056640625
end_to_end_command,30.289411544799805
end_to_end_command,18.674373626708984
end_to_end_command,39.0932559967041
end_to_end_command,24.089813232421875
end_to_end_command,43.98655891418457
end_to_end_command,31.635522842407227
end_to_end_command,18.547773361206055
end_to_end_command,38.77568244934082
end_to_end_command,23.617267608642578
end_to_end_command,44.02565956115723
end_to_end_command,30.304431915283203
end_to_end_command,16.244888305664062
end_to_end_command,36.1781120300293
end_to_end_command,24.832487106323242
end_to_end_command,44.47126388549805
end_to_end_command,30.47013282775879
end_to_end_command,16.68238639831543
end_to_end_command,36.559104919433594
end_to_end_command,23.62513542175293
end_to_end_command,43.84636878967285
end_to_end_command,30.646324157714844
end_to_end_command,15.477657318115234
end_to_end_command,35.74228286743164
end_to_end_command,23.8494873046875
end_to_end_command,44.30580139160156
end_to_end_command,30.190706253051758
end_to_end_command,18.6007022857666
end_to_end_command,39.253950119018555
end_to_end_command,24.16515350341797
end_to_end_command,44.289350509643555
end_to_end_command,30.58481216430664
end_to_end_command,50.48060417175293
end_to_end_command,35.73298454284668
end_to_end_command,23.584842681884766
end_to_end_command,43.595314025878906
end_to_end_command,30.176162719726562
end_to_end_command,17.057418823242188
end_to_end_command,36.75031661987305
end_to_end_command,24.57261085510254
end_to_end_command,44.89850997924805
end_to_end_command,30.100345611572266
end_to_end_command,50.23837089538574
end_to_end_command,35.10761260986328
end_to_end_command,23.42963218688965
end_to_end_command,43.75505447387695
end_to_end_command,30.57241439819336
end_to_end_command,16.772747039794922
end_to_end_command,37.23454475402832
end_to_end_command,23.435592651367188
end_to_end_command,44.04926300048828
end_to_end_command,31.116008758544922
end_to_end_command,16.53003692626953
end_to_end_command,36.73696517944336
end_to_end_command,23.94413948059082
end_to_end_command,43.88165473937988
end_to_end_command,29.246807098388672
end_to_end_command,17.954587936401367
end_to_end_command,37.787675857543945
end_to_end_command,23.813247680664062
end_to_end_command,44.02518272399902
end_to_end_command,28.46050262451172
end_to_end_command,17.99607276916504
end_to_end_command,38.596391677856445
end_to_end_command,25.47144889831543
end_to_end_command,45.606374740600586
end_to_end_command,32.37342834472656
end_to_end_command,17.195463180541992
end_to_end_command,37.81723976135254
end_to_end_command,23.723363876342773
end_to_end_command,44.428110122680664
end_to_end_command,31.028270721435547
end_to_end_command,51.21731758117676
end_to_end_command,35.48741340637207
end_to_end_command,24.93739128112793
end_to_end_command,44.76571083068848
end_to_end_command,30.457735061645508
end_to_end_command,17.884254455566406
end_to_end_command,37.995338439941406
end_to_end_command,24.614334106445312
end_to_end_command,44.8610782623291
end_to_end_command,29.448747634887695
end_to_end_command,15.96975326538086
end_to_end_command,36.00716590881348
end_to_end_command,23.607492446899414
end_to_end_command,44.003963470458984
end_to_end_command,31.620025634765625
end_to_end_command,16.591310501098633
end_to_end_command,36.99612617492676
end_to_end_command,24.587154388427734
end_to_end_command,44.04330253601074
end_to_end_command,29.394865036010742
end_to_end_command,16.35146141052246
end_to_end_command,36.346435546875
end_to_end_command,25.014638900756836
end_to_end_command,44.947147369384766
end_to_end_command,30.515432357788086
end_to_end_command,16.473770141601562
end_to_end_command,36.9107723236084
end_to_end_command,23.281097412109375
end_to_end_command,43.054819107055664
end_to_end_command,29.187440872192383
end_to_end_command,15.09714126586914
end_to_end_command,35.601139068603516
end_to_end_command,23.813962936401367
end_to_end_command,44.045209884643555
end_to_end_command,30.379772186279297
end_to_end_command,17.801523208618164
end_to_end_command,37.83893585205078
end_to_end_command,23.995637893676758
end_to_end_command,44.68083381652832
end_to_end_command,30.333518981933594
end_to_end_command,18.79143714904785
end_to_end_command,38.689613342285156
end_to_end_command,24.2002010345459
end_to_end_command,44.46148872375488
end_to_end_command,30.559301376342773
end_to_end_command,18.311262130737305
end_to_end_command,38.347721099853516
end_to_end_command,24.19137954711914
end_to_end_command,44.4180965423584
end_to_end_command,30.37548065185547
end_to_end_command,49.895524978637695
end_to_end_command,35.032033920288086
end_to_end_command,23.472070693969727
end_to_end_command,43.48039627075195
end_to_end_command,31.16011619567871
end_to_end_command,16.66569709777832
end_to_end_command,36.56625747680664
end_to_end_command,24.651527404785156
end_to_end_command,44.86417770385742
end_to_end_command,30.306100845336914
end_to_end_command,16.489267349243164
end_to_end_command,36.44561767578125
end_to_end_command,24.260282516479492
end_to_end_command,44.2047119140625
end_to_end_command,29.93011474609375
end_to_end_command,16.154766082763672
end_to_end_command,36.22317314147949
end_to_end_command,24.18041229248047
end_to_end_command,44.40593719482422
end_to_end_command,29.396533966064453
end_to_end_command,18.67055892944336
end_to_end_command,38.68699073791504
end_to_end_command,23.874759674072266
end_to_end_command,43.99704933166504
end_to_end_command,30.4567813873291
end_to_end_command,17.073869705200195
end_to_end_command,37.05286979675293
end_to_end_command,23.652076721191406
end_to_end_command,43.918609619140625
end_to_end_command,27.280092239379883
end_to_end_command,16.965627670288086
end_to_end_command,37.43767738342285
end_to_end_command,24.19447898864746
end_to_end_command,44.38591003417969
end_to_end_command,30.31134605407715
end_to_end_command,50.667762756347656
end_to_end_command,35.91442108154297
end_to_end_command,23.56863021850586
end_to_end_command,43.80631446838379
end_to_end_command,28.737783432006836
end_to_end_command,48.719167709350586
end_to_end_command,35.213470458984375
end_to_end_command,23.5137939453125
end_to_end_command,43.63441467285156
end_to_end_command,29.39009666442871
end_to_end_command,17.914295196533203
end_to_end_command,37.88900375366211
end_to_end_command,24.601221084594727
end_to_end_command,44.92974281311035
end_to_end_command,31.851768493652344
end_to_end_command,18.360137939453125
end_to_end_command,38.76614570617676
end_to_end_command,25.68840980529785
end_to_end_command,45.14932632446289
end_to_end_command,32.28425979614258
end_to_end_command,18.16844940185547
end_to_end_command,38.491249084472656
end_to_end_command,23.457765579223633
end_to_end_command,43.904781341552734
end_to_end_command,30.400753021240234
end_to_end_command,16.48426055908203
end_to_end_command,36.87620162963867
end_to_end_command,23.26178550720215
end_to_end_command,43.67876052856445
end_to_end_command,30.565977096557617
end_to_end_command,17.27890968322754
end_to_end_command,37.36233711242676
end_to_end_command,24.01876449584961
end_to_end_command,44.434309005737305
end_to_end_command,30.9293270111084
end_to_end_command,17.193078994750977
end_to_end_command,36.84520721435547
end_to_end_command,24.38521385192871
end_to_end_command,44.40665245056152
end_to_end_command,29.690980911254883
end_to_end_command,17.42696762084961
end_to_end_command,37.757158279418945
end_to_end_command,24.377107620239258
end_to_end_command,44.69180107116699
end_to_end_command,31.04710578918457
end_to_end_command,16.904115676879883
end_to_end_command,37.34397888183594
end_to_end_command,24.54066276550293
end_to_end_command,44.748544692993164
end_to_end_command,30.307769775390625
end_to_end_command,16.98613166809082
end_to_end_command,36.87572479248047
end_to_end_command,24.260282516479492
end_to_end_command,44.30270195007324
end_to_end_command,30.89141845703125
end_to_end_command,18.833160400390625
end_to_end_command,38.961172103881836
end_to_end_command,24.85203742980957
end_to_end_command,45.40705680847168
end_to_end_command,31.017065048217773
end_to_end_command,16.107559204101562
end_to_end_command,36.097049713134766
end_to_end_command,24.51610565185547
end_to_end_command,45.175790786743164
end_to_end_command,31.55803680419922
end_to_end_command,16.870498657226562
end_to_end_command,36.78154945373535
end_to_end_command,24.51157569885254
end_to_end_command,44.67058181762695
end_to_end_command,30.60173988342285
end_to_end_command,17.583370208740234
end_to_end_command,37.35017776489258
end_to_end_command,24.36375617980957
end_to_end_command,44.53754425048828
end_to_end_command,30.127763748168945
end_to_end_command,17.235755920410156
end_to_end_command,36.99684143066406
end_to_end_command,24.82461929321289
end_to_end_command,45.044660568237305
end_to_end_command,31.585693359375
end_to_end_command,16.946077346801758
end_to_end_command,37.4758243560791
end_to_end_command,23.623943328857422
end_to_end_command,43.50876808166504
end_to_end_command,31.087636947631836
end_to_end_command,50.913095474243164
end_to_end_command,35.726070404052734
end_to_end_command,23.46634864807129
end_to_end_command,43.979644775390625
end_to_end_command,30.706167221069336
end_to_end_command,17.33231544494629
end_to_end_command,37.86730766296387
end_to_end_command,23.20384979248047
end_to_end_command,43.201446533203125
end_to_end_command,30.94196319580078
end_to_end_command,16.714811325073242
end_to_end_command,36.641597747802734
end_to_end_command,24.036169052124023
end_to_end_command,43.9150333404541
end_to_end_command,30.256032943725586
end_to_end_command,15.748977661132812
end_to_end_command,35.61878204345703
end_to_end_command,23.999452590942383
end_to_end_command,44.497013092041016
end_to_end_command,30.98773956298828
end_to_end_command,50.64082145690918
end_to_end_command,35.94398498535156
end_to_end_command,23.721694946289062
end_to_end_command,43.663740158081055
end_to_end_command,30.600786209106445
end_to_end_command,18.589496612548828
end_to_end_command,38.445472717285156
end_to_end_command,23.990392684936523
end_to_end_command,44.02518272399902
end_to_end_command,30.04598617553711
end_to_end_command,16.89743995666504
end_to_end_command,36.81325912475586
end_to_end_command,23.393869400024414
end_to_end_command,43.540000915527344
end_to_end_command,30.857563018798828
end_to_end_command,18.85533332824707
end_to_end_command,39.06750679016113
end_to_end_command,24.46436882019043
end_to_end_command,44.4643497467041
end_to_end_command,31.136751174926758
end_to_end_command,16.945600509643555
end_to_end_command,36.95487976074219
end_to_end_command,23.60844612121582
end_to_end_command,43.512582778930664
end_to_end_command,31.03780746459961
end_to_end_command,17.58289337158203
end_to_end_command,38.28072547912598
end_to_end_command,24.097919464111328
end_to_end_command,44.22926902770996
end_to_end_command,31.016111373901367
end_to_end_command,18.055200576782227
end_to_end_command,38.26546669006348
end_to_end_command,23.81420135498047
end_to_end_command,44.09146308898926
end_to_end_command,29.946327209472656
end_to_end_command,16.945600509643555
end_to_end_command,37.154197692871094
end_to_end_command,24.888038635253906
end_to_end_command,45.06874084472656
end_to_end_command,30.321836471557617
end_to_end_command,17.63153076171875
end_to_end_command,37.58096694946289
end_to_end_command,24.542808532714844
end_to_end_command,44.41642761230469
end_to_end_command,31.888723373413086
end_to_end_command,17.695903778076172
end_to_end_command,37.88423538208008
end_to_end_command,24.68562126159668
end_to_end_command,44.71230506896973
end_to_end_command,30.41219711303711
end_to_end_command,17.53544807434082
end_to_end_command,37.842750549316406
end_to_end_command,24.888038635253906
end_to_end_command,44.725656509399414
end_to_end_command,32.22942352294922
end_to_end_command,17.150402069091797
end_to_end_command,37.27579116821289
end_to_end_command,25.141477584838867
end_to_end_command,45.07017135620117
end_to_end_command,31.999826431274414
end_to_end_command,18.378734588623047
end_to_end_command,38.33150863647461
end_to_end_command,24.793386459350586
end_to_end_command,44.708967208862305
end_to_end_command,31.946897506713867
end_to_end_command,17.601490020751953
end_to_end_command,37.50443458557129
end_to_end_command,23.76699447631836
end_to_end_command,43.88022422790527
end_to_end_command,31.83436393737793
end_to_end_command,18.055438995361328
end_to_end_command,38.50984573364258
end_to_end_command,24.008989334106445
end_to_end_command,44.526100158691406
end_to_end_command,29.96826171875
end_to_end_command,16.475200653076172
end_to_end_command,36.37981414794922
end_to_end_command,24.78790283203125
end_to_end_command,44.78049278259277
end_to_end_command,30.19547462463379
end_to_end_command,18.259763717651367
end_to_end_command,38.35582733154297
end_to_end_command,23.896217346191406
end_to_end_command,43.94102096557617
end_to_end_command,31.17847442626953
end_to_end_command,17.661094665527344
end_to_end_command,37.98365592956543
end_to_end_command,24.294137954711914
end_to_end_command,44.46816444396973
end_to_end_command,29.29210662841797
end_to_end_command,16.09945297241211
end_to_end_command,35.8576774597168
end_to_end_command,24.202346801757812
end_to_end_command,44.30675506591797
end_to_end_command,30.265092849731445
end_to_end_command,18.972396850585938
end_to_end_command,38.865089416503906
end_to_end_command,23.739099502563477
end_to_end_command,43.85876655578613
end_to_end_command,30.23052215576172
end_to_end_command,16.543865203857422
end_to_end_command,36.368370056152344
end_to_end_command,24.63245391845703
end_to_end_command,45.41754722595215
end_to_end_command,31.358718872070312
end_to_end_command,17.993450164794922
end_to_end_command,37.3075008392334
end_to_end_command,23.85854721069336
end_to_end_command,43.67542266845703
end_to_end_command,31.404972076416016
end_to_end_command,17.644405364990234
end_to_end_command,38.02156448364258
end_to_end_command,23.46348762512207
end_to_end_command,43.633222579956055
end_to_end_command,31.284332275390625
end_to_end_command,17.547607421875
end_to_end_command,37.66298294067383
end_to_end_command,23.813247680664062
end_to_end_command,43.9450740814209
end_to_end_command,30.637025833129883
end_to_end_command,17.14038848876953
end_to_end_command,37.48130798339844
end_to_end_command,24.53899383544922
end_to_end_command,44.83509063720703
end_to_end_command,30.443906784057617
end_to_end_command,18.915176391601562
end_to_end_command,38.817644119262695
end_to_end_command,24.45077896118164
end_to_end_command,44.48342323303223
end_to_end_command,29.858112335205078
end_to_end_command,17.04549789428711
end_to_end_command,37.07742691040039
end_to_end_command,24.508953094482422
end_to_end_command,44.293880462646484
end_to_end_command,31.059980392456055
end_to_end_command,18.261432647705078
end_to_end_command,39.11733627319336
end_to_end_command,24.179697036743164
end_to_end_command,44.18468475341797
end_to_end_command,29.764652252197266
end_to_end_command,17.827272415161133
end_to_end_command,37.635087966918945
end_to_end_command,24.7957706451416
end_to_end_command,44.704437255859375
end_to_end_command,30.943632125854492
end_to_end_command,16.546964645385742
end_to_end_command,36.623477935791016
end_to_end_command,24.618148803710938
end_to_end_command,44.75045204162598
end_to_end_command,31.22258186340332
end_to_end_command,15.980720520019531
end_to_end_command,36.11898422241211
end_to_end_command,24.005651473999023
end_to_end_command,43.884992599487305
end_to_end_command,29.628753662109375
end_to_end_command,17.638683319091797
end_to_end_command,37.39786148071289
end_to_end_command,25.200843811035156
end_to_end_command,45.4556941986084
end_to_end_command,30.622482299804688
end_to_end_command,16.576290130615234
end_to_end_command,36.3614559173584
end_to_end_command,24.111509323120117
end_to_end_command,44.31271553039551
end_to_end_command,30.683279037475586
end_to_end_command,18.995046615600586
end_to_end_command,39.3223762512207
end_to_end_command,23.299694061279297
end_to_end_command,43.42317581176758
end_to_end_command,30.577421188354492
end_to_end_command,17.148494720458984
end_to_end_command,37.25862503051758
end_to_end_command,24.558544158935547
end_to_end_command,45.01700401306152
end_to_end_command,30.706167221069336
end_to_end_command,17.683982849121094
end_to_end_command,37.56356239318848
end_to_end_command,24.41120147705078
end_to_end_command,44.843435287475586
end_to_end_command,31.17990493774414
end_to_end_command,16.99352264404297
end_to_end_command,37.24312782287598
end_to_end_command,23.072004318237305
end_to_end_command,42.65642166137695
end_to_end_command,32.02080726623535
end_to_end_command,18.275976181030273
end_to_end_command,38.26498985290527
end_to_end_command,24.025678634643555
end_to_end_command,44.27647590637207
end_to_end_command,31.3265323638916
end_to_end_command,17.119646072387695
end_to_end_command,36.68355941772461
end_to_end_command,24.163246154785156
end_to_end_command,44.04568672180176
end_to_end_command,32.24778175354004
end_to_end_command,18.15176010131836
end_to_end_command,38.29646110534668
end_to_end_command,24.78170394897461
end_to_end_command,44.732093811035156
end_to_end_command,29.45423126220703
end_to_end_command,18.442630767822266
end_to_end_command,39.1843318939209
end_to_end_command,24.8873233795166
end_to_end_command,44.65150833129883
end_to_end_command,30.70521354675293
end_to_end_command,16.65496826171875
end_to_end_command,36.8046760559082
end_to_end_command,23.38552474975586
end_to_end_command,43.406009674072266
end_to_end_command,30.933380126953125
end_to_end_command,17.940998077392578
end_to_end_command,38.11383247375488
end_to_end_command,25.16770362854004
end_to_end_command,45.2578067779541
end_to_end_command,32.5167179107666
end_to_end_command,18.010616302490234
end_to_end_command,38.256168365478516
end_to_end_command,25.24590492248535
end_to_end_command,45.04704475402832
end_to_end_command,31.03160858154297
end_to_end_command,18.170595169067383
end_to_end_command,38.3296012878418
end_to_end_command,24.907350540161133
end_to_end_command,45.096635818481445
end_to_end_command,31.037092208862305
end_to_end_command,15.810251235961914
end_to_end_command,35.7050895690918
end_to_end_command,24.206876754760742
end_to_end_command,44.158220291137695
end_to_end_command,30.538320541381836
end_to_end_command,18.500566482543945
end_to_end_command,38.65814208984375
end_to_end_command,24.096250534057617
end_to_end_command,44.44622993469238
end_to_end_command,29.562950134277344
end_to_end_command,18.20683479309082
end_to_end_command,38.710832595825195
end_to_end_command,25.064945220947266
end_to_end_command,45.26543617248535
end_to_end_command,32.93037414550781
end_to_end_command,17.546415328979492
end_to_end_command,37.58668899536133
end_to_end_command,23.73814582824707
end_to_end_command,43.66016387939453
end_to_end_command,31.7227840423584
end_to_end_command,18.20993423461914
end_to_end_command,38.44761848449707
end_to_end_command,25.483131408691406
end_to_end_command,45.525550842285156
end_to_end_command,31.93831443786621
end_to_end_command,17.032623291015625
end_to_end_command,37.43624687194824
end_to_end_command,24.117708206176758
end_to_end_command,44.38495635986328
end_to_end_command,31.55994415283203
end_to_end_command,16.544580459594727
end_to_end_command,36.28349304199219
end_to_end_command,24.741649627685547
end_to_end_command,45.43471336364746
end_to_end_command,31.059980392456055
end_to_end_command,17.07291603088379
end_to_end_command,37.06526756286621
end_to_end_command,24.014711380004883
end_to_end_command,44.00157928466797
end_to_end_command,30.550003051757812
end_to_end_command,17.1968936920166
end_to_end_command,37.18376159667969
end_to_end_command,25.34198760986328
end_to_end_command,45.57347297668457
end_to_end_command,32.24539756774902
end_to_end_command,17.728805541992188
end_to_end_command,37.81485557556152
end_to_end_command,24.714231491088867
end_to_end_command,44.79217529296875
end_to_end_command,31.323671340942383
end_to_end_command,16.85047149658203
end_to_end_command,36.93199157714844
end_to_end_command,24.64890480041504
end_to_end_command,45.034170150756836
end_to_end_command,31.3570499420166
end_to_end_command,16.7236328125
end_to_end_command,36.4985466003418
end_to_end_command,25.023460388183594
end_to_end_command,45.39895057678223
end_to_end_command,31.609058380126953
end_to_end_command,17.562389373779297
end_to_end_command,37.77909278869629
end_to_end_command,24.981975555419922
end_to_end_command,45.06492614746094
end_to_end_command,30.551433563232422
end_to_end_command,17.94266700744629
end_to_end_command,38.30385208129883
end_to_end_command,24.796485900878906
end_to_end_command,45.131683349609375
end_to_end_command,31.142711639404297
end_to_end_command,18.593311309814453
end_to_end_command,38.56849670410156
end_to_end_command,23.851633071899414
end_to_end_command,44.205665588378906
end_to_end_command,31.94737434387207
end_to_end_command,17.575502395629883
end_to_end_command,37.859439849853516
end_to_end_command,24.080753326416016
end_to_end_command,44.53754425048828
end_to_end_command,31.495332717895508
end_to_end_command,17.901897430419922
end_to_end_command,38.25855255126953
end_to_end_command,24.63555335998535
end_to_end_command,44.62099075317383
end_to_end_command,29.494524002075195
end_to_end_command,17.946243286132812
end_to_end_command,38.498878479003906
end_to_end_command,23.705482482910156
end_to_end_command,43.7617301940918
end_to_end_command,30.286550521850586
end_to_end_command,19.05202865600586
end_to_end_command,38.86747360229492
end_to_end_command,24.958372116088867
end_to_end_command,44.91162300109863
end_to_end_command,31.03017807006836
end_to_end_command,19.37580108642578
end_to_end_command,39.3977165222168
end_to_end_command,25.278091430664062
end_to_end_command,45.07613182067871
end_to_end_command,29.679298400878906
end_to_end_command,17.12942123413086
end_to_end_command,37.26792335510254
end_to_end_command,25.484800338745117
end_to_end_command,45.522212982177734
end_to_end_command,30.730009078979492
end_to_end_command,17.827987670898438
end_to_end_command,38.06638717651367
end_to_end_command,24.875640869140625
end_to_end_command,44.576406478881836
end_to_end_command,30.67803382873535
end_to_end_command,17.943382263183594
end_to_end_command,37.83583641052246
end_to_end_command,25.419235229492188
end_to_end_command,45.60589790344238
end_to_end_command,32.30619430541992
end_to_end_command,17.487525939941406
end_to_end_command,37.664175033569336
end_to_end_command,25.090694427490234
end_to_end_command,44.96192932128906
end_to_end_command,30.157804489135742
end_to_end_command,17.739295959472656
end_to_end_command,38.088083267211914
end_to_end_command,24.35302734375
end_to_end_command,44.1889762878418
end_to_end_command,32.27043151855469
end_to_end_command,18.973588943481445
end_to_end_command,39.14999961853027
end_to_end_command,23.87070655822754
end_to_end_command,44.04020309448242
end_to_end_command,30.0290584564209
end_to_end_command,19.13285255432129
end_to_end_command,39.563655853271484
end_to_end_command,24.726152420043945
end_to_end_command,45.13072967529297
end_to_end_command,32.309532165527344
end_to_end_command,18.784284591674805
end_to_end_command,38.81239891052246
end_to_end_command,24.091243743896484
end_to_end_command,43.83492469787598
end_to_end_command,30.88092803955078
end_to_end_command,18.004655838012695
end_to_end_command,38.15770149230957
end_to_end_command,25.463104248046875
end_to_end_command,45.84503173828125
end_to_end_command,30.740976333618164
end_to_end_command,19.083738327026367
end_to_end_command,39.153337478637695
end_to_end_command,24.676799774169922
end_to_end_command,44.586896896362305
end_to_end_command,29.70743179321289
end_to_end_command,17.49563217163086
end_to_end_command,37.390947341918945
end_to_end_command,25.48050880432129
end_to_end_command,45.227766036987305
end_to_end_command,31.928300857543945
end_to_end_command,18.405437469482422
end_to_end_command,38.51962089538574
end_to_end_command,24.169921875
end_to_end_command,44.16155815124512
end_to_end_command,31.830549240112305
end_to_end_command,16.390085220336914
end_to_end_command,36.725759506225586
end_to_end_command,24.83510971069336
end_to_end_command,45.00222206115723
end_to_end_command,31.962871551513672
end_to_end_command,16.901493072509766
end_to_end_command,36.69476509094238
end_to_end_command,25.57682991027832
end_to_end_command,45.552730560302734
end_to_end_command,33.49947929382324
end_to_end_command,18.884897232055664
end_to_end_command,39.168596267700195
end_to_end_command,25.035381317138672
end_to_end_command,45.27163505554199
end_to_end_command,31.26072883605957
end_to_end_command,18.74256134033203
end_to_end_command,38.599252700805664
end_to_end_command,24.80173110961914
end_to_end_command,44.77810859680176
end_to_end_command,31.154394149780273
end_to_end_command,16.790151596069336
end_to_end_command,36.70048713684082
end_to_end_command,24.100542068481445
end_to_end_command,43.8840389251709
end_to_end_command,32.172203063964844
end_to_end_command,16.43991470336914
end_to_end_command,36.44990921020508
end_to_end_command,24.882078170776367
end_to_end_command,44.877052307128906
end_to_end_command,31.835556030273438
end_to_end_command,18.023014068603516
end_to_end_command,38.046836853027344
end_to_end_command,25.11882781982422
end_to_end_command,46.02336883544922
end_to_end_command,30.188322067260742
end_to_end_command,17.387866973876953
end_to_end_command,37.490129470825195
end_to_end_command,23.758649826049805
end_to_end_command,43.74361038208008
end_to_end_command,29.879331588745117
end_to_end_command,19.05035972595215
end_to_end_command,39.26515579223633
end_to_end_command,25.49004554748535
end_to_end_command,45.57085037231445
end_to_end_command,32.460689544677734
end_to_end_command,17.635107040405273
end_to_end_command,38.004159927368164
end_to_end_command,25.3753662109375
end_to_end_command,45.41635513305664
end_to_end_command,32.343149185180664
end_to_end_command,18.6612606048584
end_to_end_command,38.7725830078125
end_to_end_command,24.639606475830078
end_to_end_command,45.177459716796875
end_to_end_command,31.80527687072754
end_to_end_command,17.99488067626953
end_to_end_command,37.89949417114258
end_to_end_command,25.383710861206055
end_to_end_command,45.31669616699219
end_to_end_command,32.9434871673584
end_to_end_command,18.44501495361328
end_to_end_command,38.36536407470703
end_to_end_command,25.152921676635742
end_to_end_command,45.49860954284668
end_to_end_command,34.54923629760742
end_to_end_command,17.786026000976562
end_to_end_command,37.90473937988281
end_to_end_command,24.71756935119629
end_to_end_command,44.981956481933594
end_to_end_command,30.76481819152832
end_to_end_command,18.879175186157227
end_to_end_command,39.089202880859375
end_to_end_command,24.054765701293945
end_to_end_command,43.81394386291504
end_to_end_command,30.4105281829834
end_to_end_command,18.20516586303711
end_to_end_command,38.27691078186035
end_to_end_command,24.910926818847656
end_to_end_command,45.20273208618164
end_to_end_command,33.232688903808594
end_to_end_command,17.687559127807617
end_to_end_command,37.16635704040527
end_to_end_command,25.848865509033203
end_to_end_command,46.468496322631836
end_to_end_command,29.95753288269043
end_to_end_command,17.994403839111328
end_to_end_command,38.168907165527344
end_to_end_command,25.536775588989258
end_to_end_command,45.39179801940918
end_to_end_command,30.927419662475586
end_to_end_command,19.641637802124023
end_to_end_command,39.37125205993652
end_to_end_command,25.55227279663086
end_to_end_command,45.74728012084961
end_to_end_command,30.391931533813477
end_to_end_command,18.450021743774414
end_to_end_command,39.09659385681152
end_to_end_command,24.65653419494629
end_to_end_command,44.564008712768555
end_to_end_command,30.893325805664062
end_to_end_command,18.703460693359375
end_to_end_command,38.763999938964844
end_to_end_command,25.057077407836914
end_to_end_command,45.304059982299805
end_to_end_command,30.199527740478516
end_to_end_command,18.076419830322266
end_to_end_command,38.79690170288086
end_to_end_command,25.50220489501953
end_to_end_command,45.87197303771973
end_to_end_command,31.677722930908203
end_to_end_command,17.323017120361328
end_to_end_command,37.7044677734375
end_to_end_command,25.545835494995117
end_to_end_command,47.20258712768555
end_to_end_command,31.156301498413086
end_to_end_command,17.35997200012207
end_to_end_command,37.3384952545166
end_to_end_command,24.756431579589844
end_to_end_command,44.898271560668945
end_to_end_command,29.66761589050293
end_to_end_command,18.578052520751953
end_to_end_command,38.598060607910156
end_to_end_command,24.591922760009766
end_to_end_command,44.84844207763672
end_to_end_command,29.75606918334961
end_to_end_command,18.743276596069336
end_to_end_command,38.50674629211426
end_to_end_command,25.256633758544922
end_to_end_command,45.1507568359375
end_to_end_command,33.742427825927734
end_to_end_command,17.676353454589844
end_to_end_command,37.69803047180176
end_to_end_command,25.62570571899414
end_to_end_command,45.7613468170166
end_to_end_command,31.531333923339844
end_to_end_command,18.939971923828125
end_to_end_command,39.064645767211914
end_to_end_command,25.593996047973633
end_to_end_command,45.57299613952637
end_to_end_command,31.640291213989258
end_to_end_command,18.981218338012695
end_to_end_command,39.288997650146484
end_to_end_command,25.732994079589844
end_to_end_command,45.38750648498535
end_to_end_command,32.75179862976074
end_to_end_command,18.415451049804688
end_to_end_command,38.567304611206055
end_to_end_command,25.144338607788086
end_to_end_command,45.41420936584473
end_to_end_command,31.423568725585938
end_to_end_command,18.062114715576172
end_to_end_command,38.294315338134766
end_to_end_command,25.03347396850586
end_to_end_command,45.125722885131836
end_to_end_command,30.916452407836914
end_to_end_command,17.827749252319336
end_to_end_command,37.957191467285156
end_to_end_command,24.91450309753418
end_to_end_command,44.988155364990234
end_to_end_command,32.68790245056152
end_to_end_command,17.84372329711914
end_to_end_command,38.17462921142578
end_to_end_command,23.720264434814453
end_to_end_command,44.07835006713867
end_to_end_command,31.450510025024414
end_to_end_command,16.928434371948242
end_to_end_command,36.725759506225586
end_to_end_command,23.93364906311035
end_to_end_command,44.298410415649414
end_to_end_command,30.58481216430664
end_to_end_command,18.497228622436523
end_to_end_command,38.4979248046875
end_to_end_command,24.869680404663086
end_to_end_command,45.2885627746582
end_to_end_command,31.52179718017578
end_to_end_command,16.557931900024414
end_to_end_command,36.273956298828125
end_to_end_command,23.705482482910156
end_to_end_command,43.74074935913086
end_to_end_command,30.90357780456543
end_to_end_command,18.683195114135742
end_to_end_command,39.30377960205078
end_to_end_command,24.944067001342773
end_to_end_command,44.67368125915527
end_to_end_command,30.4257869720459
end_to_end_command,18.8295841217041
end_to_end_command,38.47503662109375
end_to_end_command,24.3532657623291
end_to_end_command,44.96645927429199
end_to_end_command,30.89308738708496
end_to_end_command,16.999006271362305
end_to_end_command,37.28437423706055
end_to_end_command,24.15609359741211
end_to_end_command,44.14701461791992
end_to_end_command,29.816865921020508
end_to_end_command,17.780065536499023
end_to_end_command,38.26284408569336
end_to_end_command,25.229215621948242
end_to_end_command,45.53532600402832
end_to_end_command,31.590938568115234
end_to_end_command,18.288373947143555
end_to_end_command,38.84291648864746
end_to_end_command,25.398969650268555
end_to_end_command,45.064687728881836
end_to_end_command,30.905485153198242
end_to_end_command,17.83609390258789
end_to_end_command,37.93191909790039
end_to_end_command,25.50196647644043
end_to_end_command,45.52865028381348
end_to_end_command,32.41443634033203
end_to_end_command,18.7985897064209
end_to_end_command,38.92230987548828
end_to_end_command,24.96933937072754
end_to_end_command,45.2733039855957
end_to_end_command,31.615257263183594
end_to_end_command,18.165111541748047
end_to_end_command,38.54489326477051
end_to_end_command,24.086713790893555
end_to_end_command,44.4025993347168
end_to_end_command,30.94196319580078
end_to_end_command,17.41480827331543
end_to_end_command,37.86659240722656
end_to_end_command,25.05636215209961
end_to_end_command,44.77739334106445
end_to_end_command,31.467199325561523
end_to_end_command,17.144203186035156
end_to_end_command,36.83972358703613
end_to_end_command,24.219512939453125
end_to_end_command,44.23046112060547
end_to_end_command,30.862092971801758
end_to_end_command,17.095327377319336
end_to_end_command,37.24980354309082
end_to_end_command,24.812936782836914
end_to_end_command,45.00150680541992
end_to_end_command,33.12516212463379
end_to_end_command,17.322063446044922
end_to_end_command,37.49895095825195
end_to_end_command,25.00152587890625
end_to_end_command,44.92330551147461
end_to_end_command,33.44392776489258
end_to_end_command,16.900062561035156
end_to_end_command,36.676883697509766
end_to_end_command,24.079322814941406
end_to_end_command,44.12364959716797
end_to_end_command,32.02247619628906
end_to_end_command,19.012928009033203
end_to_end_command,39.08228874206543
end_to_end_command,25.21204948425293
end_to_end_command,45.62544822692871
end_to_end_command,31.313419342041016
end_to_end_command,18.53179931640625
end_to_end_command,38.50746154785156
end_to_end_command,25.764942169189453
end_to_end_command,45.900583267211914
end_to_end_command,35.00175476074219
end_to_end_command,19.504308700561523
end_to_end_command,39.39533233642578
end_to_end_command,24.88994598388672
end_to_end_command,44.79074478149414
end_to_end_command,32.791852951049805
end_to_end_command,19.637584686279297
end_to_end_command,40.06314277648926
end_to_end_command,26.08203887939453
end_to_end_command,45.96233367919922
end_to_end_command,32.90438652038574
end_to_end_command,17.218589782714844
end_to_end_command,36.805152893066406
end_to_end_command,26.372909545898438
end_to_end_command,46.11778259277344
end_to_end_command,32.950401306152344
end_to_end_command,18.126487731933594
end_to_end_command,38.023948669433594
end_to_end_command,23.932933807373047
end_to_end_command,43.67947578430176
end_to_end_command,31.1737060546875
end_to_end_command,18.519163131713867
end_to_end_command,38.86842727661133
end_to_end_command,24.921417236328125
end_to_end_command,44.50488090515137
end_to_end_command,31.103849411010742
end_to_end_command,18.837928771972656
end_to_end_command,39.11304473876953
end_to_end_command,25.04444122314453
end_to_end_command,45.14431953430176
end_to_end_command,30.73573112487793
end_to_end_command,17.576932907104492
end_to_end_command,38.21372985839844
end_to_end_command,24.25408363342285
end_to_end_command,44.16608810424805
end_to_end_command,31.259536743164062
end_to_end_command,18.885374069213867
end_to_end_command,39.31832313537598
end_to_end_command,23.267269134521484
end_to_end_command,43.17760467529297
end_to_end_command,32.28497505187988
end_to_end_command,18.212318420410156
end_to_end_command,38.373708724975586
end_to_end_command,24.938344955444336
end_to_end_command,45.2880859375
end_to_end_command,34.525156021118164
end_to_end_command,18.450260162353516
end_to_end_command,38.66744041442871
end_to_end_command,23.990869522094727
end_to_end_command,44.229745864868164
end_to_end_command,34.34586524963379
end_to_end_command,18.126726150512695
end_to_end_command,38.179636001586914
end_to_end_command,25.764942169189453
end_to_end_command,45.74012756347656
end_to_end_command,33.69474411010742
end_to_end_command,18.38541030883789
end_to_end_command,39.03627395629883
end_to_end_command,24.776220321655273
end_to_end_command,44.8002815246582
end_to_end_command,32.06467628479004
end_to_end_command,16.90530776977539
end_to_end_command,37.01519966125488
end_to_end_command,26.021480560302734
end_to_end_command,45.66192626953125
end_to_end_command,31.127214431762695
end_to_end_command,17.805099487304688
end_to_end_command,37.39190101623535
end_to_end_command,25.72321891784668
end_to_end_command,46.35143280029297
end_to_end_command,32.558441162109375
end_to_end_command,19.22440528869629
end_to_end_command,40.11249542236328
end_to_end_command,26.254892349243164
end_to_end_command,46.09251022338867
end_to_end_command,32.81903266906738
end_to_end_command,18.548965454101562
end_to_end_command,38.979530334472656
end_to_end_command,24.319887161254883
end_to_end_command,44.635772705078125
end_to_end_command,30.63368797302246
end_to_end_command,17.879962921142578
end_to_end_command,38.29550743103027
end_to_end_command,24.6732234954834
end_to_end_command,44.60740089416504
end_to_end_command,30.102252960205078
end_to_end_command,18.65243911743164
end_to_end_command,38.94329071044922
end_to_end_command,24.993896484375
end_to_end_command,45.33576965332031
end_to_end_command,29.504776000976562
end_to_end_command,17.215251922607422
end_to_end_command,37.13369369506836
end_to_end_command,26.12018585205078
end_to_end_command,46.44155502319336
end_to_end_command,30.913114547729492
end_to_end_command,19.520044326782227
end_to_end_command,38.91873359680176
end_to_end_command,25.273561477661133
end_to_end_command,45.68815231323242
end_to_end_command,30.04908561706543
end_to_end_command,18.688201904296875
end_to_end_command,39.4439697265625
end_to_end_command,24.831771850585938
end_to_end_command,44.94786262512207
end_to_end_command,30.782699584960938
end_to_end_command,18.508195877075195
end_to_end_command,38.86604309082031
end_to_end_command,24.67513084411621
end_to_end_command,44.725656509399414
end_to_end_command,31.145334243774414
end_to_end_command,18.564462661743164
end_to_end_command,38.66863250732422
end_to_end_command,25.251150131225586
end_to_end_command,45.365333557128906
end_to_end_command,31.77022933959961
end_to_end_command,17.304420471191406
end_to_end_command,37.772178649902344
end_to_end_command,25.24590492248535
end_to_end_command,45.19081115722656
end_to_end_command,31.078815460205078
end_to_end_command,18.607139587402344
end_to_end_command,38.76161575317383
end_to_end_command,24.479389190673828
end_to_end_command,44.770002365112305
end_to_end_command,31.85439109802246
end_to_end_command,17.531871795654297
end_to_end_command,37.1854305267334
end_to_end_command,24.45816993713379
end_to_end_command,44.28863525390625
end_to_end_command,31.238317489624023
end_to_end_command,18.366336822509766
end_to_end_command,38.78307342529297
end_to_end_command,25.070667266845703
end_to_end_command,45.07923126220703
end_to_end_command,29.55341339111328
end_to_end_command,18.212556838989258
end_to_end_command,38.38348388671875
end_to_end_command,25.540590286254883
end_to_end_command,45.37153244018555
end_to_end_command,33.594369888305664
end_to_end_command,17.605304718017578
end_to_end_command,38.100481033325195
end_to_end_command,25.188207626342773
end_to_end_command,45.256853103637695
end_to_end_command,31.25619888305664
end_to_end_command,18.457412719726562
end_to_end_command,38.30552101135254
end_to_end_command,25.07805824279785
end_to_end_command,45.20559310913086
end_to_end_command,30.877113342285156
end_to_end_command,18.89657974243164
end_to_end_command,38.6815071105957
end_to_end_command,25.82263946533203
end_to_end_command,45.87364196777344
end_to_end_command,31.38589859008789
end_to_end_command,18.742799758911133
end_to_end_command,38.82265090942383
end_to_end_command,23.810625076293945
end_to_end_command,43.853759765625
end_to_end_command,32.47833251953125
end_to_end_command,18.509864807128906
end_to_end_command,38.452863693237305
end_to_end_command,25.580406188964844
end_to_end_command,45.5317497253418
end_to_end_command,32.08112716674805
end_to_end_command,17.911195755004883
end_to_end_command,37.95886039733887
end_to_end_command,25.444746017456055
end_to_end_command,45.3486442565918
end_to_end_command,30.60126304626465
end_to_end_command,18.114805221557617
end_to_end_command,37.627220153808594
end_to_end_command,25.994539260864258
end_to_end_command,46.36549949645996
end_to_end_command,32.64141082763672
end_to_end_command,15.41900634765625
end_to_end_command,35.49027442932129
end_to_end_command,22.948503494262695
end_to_end_command,42.746543884277344
end_to_end_command,32.991886138916016
end_to_end_command,18.537282943725586
end_to_end_command,38.703203201293945
end_to_end_command,25.153636932373047
end_to_end_command,44.94190216064453
end_to_end_command,33.06865692138672
end_to_end_command,18.828153610229492
end_to_end_command,39.15596008300781
end_to_end_command,25.450468063354492
end_to_end_command,45.41778564453125
end_to_end_command,31.03351593017578
end_to_end_command,16.346216201782227
end_to_end_command,36.481618881225586
end_to_end_command,24.576902389526367
end_to_end_command,44.396400451660156
end_to_end_command,32.08661079406738
end_to_end_command,17.74907112121582
end_to_end_command,37.891387939453125
end_to_end_command,25.876522064208984
end_to_end_command,46.23818397521973
end_to_end_command,30.6699275970459
end_to_end_command,18.928050994873047
end_to_end_command,39.03651237487793
end_to_end_command,25.47454833984375
end_to_end_command,45.53794860839844
end_to_end_command,29.95467185974121
end_to_end_command,17.899036407470703
end_to_end_command,37.461280822753906
end_to_end_command,25.644540786743164
end_to_end_command,45.783042907714844
end_to_end_command,32.700300216674805
end_to_end_command,18.65863800048828
end_to_end_command,38.87224197387695
end_to_end_command,25.257587432861328
end_to_end_command,45.15433311462402
end_to_end_command,33.76412391662598
end_to_end_command,18.477201461791992
end_to_end_command,38.39516639709473
end_to_end_command,26.051759719848633
end_to_end_command,46.31304740905762
end_to_end_command,31.270980834960938
end_to_end_command,18.69368553161621
end_to_end_command,38.564443588256836
end_to_end_command,25.43163299560547
end_to_end_command,45.69745063781738
end_to_end_command,31.38113021850586
end_to_end_command,19.021987915039062
end_to_end_command,39.328813552856445
end_to_end_command,25.210857391357422
end_to_end_command,45.301198959350586
end_to_end_command,31.81910514831543
end_to_end_command,17.20428466796875
end_to_end_command,37.33968734741211
end_to_end_command,25.86078643798828
end_to_end_command,46.010494232177734
end_to_end_command,32.572031021118164
end_to_end_command,18.339157104492188
end_to_end_command,37.96696662902832
end_to_end_command,25.633811950683594
end_to_end_command,45.873165130615234
end_to_end_command,33.84256362915039
end_to_end_command,18.771648406982422
end_to_end_command,38.626670837402344
end_to_end_command,25.91109275817871
end_to_end_command,46.15950584411621
end_to_end_command,33.74147415161133
end_to_end_command,19.179821014404297
end_to_end_command,39.47091102600098
end_to_end_command,25.435209274291992
end_to_end_command,46.06199264526367
end_to_end_command,32.11569786071777
end_to_end_command,16.24774932861328
end_to_end_command,36.51118278503418
end_to_end_command,24.98793601989746
end_to_end_command,44.73137855529785
end_to_end_command,32.84740447998047
end_to_end_command,18.98956298828125
end_to_end_command,38.991689682006836
end_to_end_command,25.68960189819336
end_to_end_command,45.93849182128906
end_to_end_command,30.934810638427734
end_to_end_command,18.809080123901367
end_to_end_command,39.13617134094238
end_to_end_command,24.050474166870117
end_to_end_command,44.21043395996094
end_to_end_command,32.32908248901367
end_to_end_command,19.634485244750977
end_to_end_command,39.83259201049805
end_to_end_command,25.47931671142578
end_to_end_command,45.44544219970703
end_to_end_command,35.423994064331055
end_to_end_command,16.70074462890625
end_to_end_command,36.76033020019531
end_to_end_command,25.60877799987793
end_to_end_command,46.10586166381836
end_to_end_command,31.26239776611328
end_to_end_command,19.287109375
end_to_end_command,39.312124252319336
end_to_end_command,24.584531784057617
end_to_end_command,44.97718811035156
end_to_end_command,31.766414642333984
end_to_end_command,17.333269119262695
end_to_end_command,38.03515434265137
end_to_end_command,25.414228439331055
end_to_end_command,45.61567306518555
end_to_end_command,32.15813636779785
end_to_end_command,18.480300903320312
end_to_end_command,38.77615928649902
end_to_end_command,24.460792541503906
end_to_end_command,44.5554256439209
end_to_end_command,32.5465202331543
end_to_end_command,17.66347885131836
end_to_end_command,37.713050842285156
end_to_end_command,24.346590042114258
end_to_end_command,44.51632499694824
end_to_end_command,30.832767486572266
end_to_end_command,16.24917984008789
end_to_end_command,36.23795509338379
end_to_end_command,25.959491729736328
end_to_end_command,46.009063720703125
end_to_end_command,31.13245964050293
end_to_end_command,16.75868034362793
end_to_end_command,36.664724349975586
end_to_end_command,26.118755340576172
end_to_end_command,45.98736763000488
end_to_end_command,33.56599807739258
end_to_end_command,19.080638885498047
end_to_end_command,38.78927230834961
end_to_end_command,26.253938674926758
end_to_end_command,46.3869571685791
end_to_end_command,30.85160255432129
end_to_end_command,18.642902374267578
end_to_end_command,38.512229919433594
end_to_end_command,26.34119987487793
end_to_end_command,46.030282974243164
end_to_end_command,33.25653076171875
end_to_end_command,18.63694190979004
end_to_end_command,38.290977478027344
end_to_end_command,24.822473526000977
end_to_end_command,44.838905334472656
end_to_end_command,31.814098358154297
end_to_end_command,17.70162582397461
end_to_end_command,37.68467903137207
end_to_end_command,23.59604835510254
end_to_end_command,43.561697006225586
end_to_end_command,30.993938446044922
end_to_end_command,18.010616302490234
end_to_end_command,37.960052490234375
end_to_end_command,24.260759353637695
end_to_end_command,44.54302787780762
end_to_end_command,31.43024444580078
end_to_end_command,17.498254776000977
end_to_end_command,37.628889083862305
end_to_end_command,25.01964569091797
end_to_end_command,45.068979263305664
end_to_end_command,32.29236602783203
end_to_end_command,19.527673721313477
end_to_end_command,39.5052433013916
end_to_end_command,26.381731033325195
end_to_end_command,46.15068435668945
end_to_end_command,33.93673896789551
end_to_end_command,18.822193145751953
end_to_end_command,39.09659385681152
end_to_end_command,25.33102035522461
end_to_end_command,45.26829719543457
end_to_end_command,30.724048614501953
end_to_end_command,19.182205200195312
end_to_end_command,39.52813148498535
end_to_end_command,24.568796157836914
end_to_end_command,44.63386535644531
end_to_end_command,32.35888481140137
end_to_end_command,19.25182342529297
end_to_end_command,39.47758674621582
end_to_end_command,25.205135345458984
end_to_end_command,44.98910903930664
end_to_end_command,32.30786323547363
end_to_end_command,17.781972885131836
end_to_end_command,37.83130645751953
end_to_end_command,25.62737464904785
end_to_end_command,45.98402976989746
end_to_end_command,32.352447509765625
end_to_end_command,19.716501235961914
end_to_end_command,38.89632225036621
end_to_end_command,25.445938110351562
end_to_end_command,46.18525505065918
end_to_end_command,32.49216079711914
end_to_end_command,17.38262176513672
end_to_end_command,37.82320022583008
end_to_end_command,23.705005645751953
end_to_end_command,43.64585876464844
end_to_end_command,32.47356414794922
end_to_end_command,18.3255672454834
end_to_end_command,38.199424743652344
end_to_end_command,25.507688522338867
end_to_end_command,45.538902282714844
end_to_end_command,32.49311447143555
end_to_end_command,18.934011459350586
end_to_end_command,39.00432586669922
end_to_end_command,24.282217025756836
end_to_end_command,44.67654228210449
end_to_end_command,31.749725341796875
end_to_end_command,16.95418357849121
end_to_end_command,36.78584098815918
end_to_end_command,26.671409606933594
end_to_end_command,46.7374324798584
end_to_end_command,30.921220779418945
end_to_end_command,17.85731315612793
end_to_end_command,38.08259963989258
end_to_end_command,24.597883224487305
end_to_end_command,44.460296630859375
end_to_end_command,30.843257904052734
end_to_end_command,19.3479061126709
end_to_end_command,39.43037986755371
end_to_end_command,26.032686233520508
end_to_end_command,45.934438705444336
end_to_end_command,34.2106819152832
end_to_end_command,16.137361526489258
end_to_end_command,36.35835647583008
end_to_end_command,24.454593658447266
end_to_end_command,44.081687927246094
end_to_end_command,31.145095825195312
end_to_end_command,18.651962280273438
end_to_end_command,38.49220275878906
end_to_end_command,25.76899528503418
end_to_end_command,46.00238800048828
end_to_end_command,32.144784927368164
end_to_end_command,19.205808639526367
end_to_end_command,39.305686950683594
end_to_end_command,26.452302932739258
end_to_end_command,46.42748832702637
end_to_end_command,33.1273078918457
end_to_end_command,17.209529876708984
end_to_end_command,37.24265098571777
end_to_end_command,25.025129318237305
end_to_end_command,45.39847373962402
end_to_end_command,30.995607376098633
end_to_end_command,18.622875213623047
end_to_end_command,38.28787803649902
end_to_end_command,26.070594787597656
end_to_end_command,46.27060890197754
end_to_end_command,32.326459884643555
end_to_end_command,19.032955169677734
end_to_end_command,39.099931716918945
end_to_end_command,25.864124298095703
end_to_end_command,45.97973823547363
end_to_end_command,34.14416313171387
end_to_end_command,18.70417594909668
end_to_end_command,39.25442695617676
end_to_end_command,25.196313858032227
end_to_end_command,45.07040977478027
end_to_end_command,33.13446044921875
end_to_end_command,16.953468322753906
end_to_end_command,36.014556884765625
end_to_end_command,26.3822078704834
end_to_end_command,46.26893997192383
end_to_end_command,33.44106674194336
end_to_end_command,18.336772918701172
end_to_end_command,38.44428062438965
end_to_end_command,26.732683181762695
end_to_end_command,46.37956619262695
end_to_end_command,34.00874137878418
end_to_end_command,18.372535705566406
end_to_end_command,38.543701171875
end_to_end_command,25.557994842529297
end_to_end_command,45.89676856994629
end_to_end_command,32.01174736022949
end_to_end_command,17.603397369384766
end_to_end_command,37.374019622802734
end_to_end_command,24.73759651184082
end_to_end_command,44.91710662841797
end_to_end_command,34.62052345275879
end_to_end_command,18.024921417236328
end_to_end_command,38.01560401916504
end_to_end_command,24.437427520751953
end_to_end_command,44.649362564086914
end_to_end_command,32.357215881347656
end_to_end_command,17.868757247924805
end_to_end_command,37.54711151123047
end_to_end_command,25.688648223876953
end_to_end_command,45.96853256225586
end_to_end_command,30.837535858154297
end_to_end_command,16.755342483520508
end_to_end_command,36.87000274658203
end_to_end_command,25.000810623168945
end_to_end_command,45.092105865478516
end_to_end_command,31.663894653320312
end_to_end_command,18.98789405822754
end_to_end_command,39.14165496826172
end_to_end_command,24.761438369750977
end_to_end_command,44.963836669921875
end_to_end_command,32.72080421447754
end_to_end_command,18.31340789794922
end_to_end_command,38.39111328125
end_to_end_command,24.59716796875
end_to_end_command,44.67654228210449
end_to_end_command,32.822608947753906
end_to_end_command,19.627809524536133
end_to_end_command,39.528846740722656
end_to_end_command,26.071786880493164
end_to_end_command,45.989990234375
end_to_end_command,34.8203182220459
end_to_end_command,18.372774124145508
end_to_end_command,38.10381889343262
end_to_end_command,25.7720947265625
end_to_end_command,46.07272148132324
end_to_end_command,32.906532287597656
end_to_end_command,17.791032791137695
end_to_end_command,37.55927085876465
end_to_end_command,24.901390075683594
end_to_end_command,44.78907585144043
end_to_end_command,33.71429443359375
end_to_end_command,18.65386962890625
end_to_end_command,38.52105140686035
end_to_end_command,25.728940963745117
end_to_end_command,45.80569267272949
end_to_end_command,31.589508056640625
end_to_end_command,19.82855796813965
end_to_end_command,39.880990982055664
end_to_end_command,24.38187599182129
end_to_end_command,44.67010498046875
end_to_end_command,31.506061553955078
end_to_end_command,19.821882247924805
end_to_end_command,39.37888145446777
end_to_end_command,25.809049606323242
end_to_end_command,46.13137245178223
end_to_end_command,31.429052352905273
end_to_end_command,19.516706466674805
end_to_end_command,39.45589065551758
end_to_end_command,26.306629180908203
end_to_end_command,46.417236328125
end_to_end_command,32.95016288757324
end_to_end_command,18.429040908813477
end_to_end_command,38.40970993041992
end_to_end_command,26.57771110534668
end_to_end_command,46.53024673461914
end_to_end_command,33.17904472351074
end_to_end_command,17.1205997467041
end_to_end_command,37.12320327758789
end_to_end_command,26.02362632751465
end_to_end_command,46.211957931518555
end_to_end_command,32.42158889770508
end_to_end_command,18.857240676879883
end_to_end_command,38.69462013244629
end_to_end_command,26.29542350769043
end_to_end_command,46.30851745605469
end_to_end_command,31.123876571655273
end_to_end_command,19.314050674438477
end_to_end_command,39.20745849609375
end_to_end_command,25.87890625
end_to_end_command,45.74108123779297
end_to_end_command,33.83994102478027
