metric,latency_ms
sensor_to_controller,7.93004035949707
sensor_to_controller,27.821063995361328
sensor_to_controller,13.90385627746582
sensor_to_controller,1.531839370727539
sensor_to_controller,20.449399948120117
sensor_to_controller,7.570981979370117
sensor_to_controller,27.603864669799805
sensor_to_controller,14.51420783996582
sensor_to_controller,35.22086143493652
sensor_to_controller,18.709421157836914
sensor_to_controller,7.456779479980469
sensor_to_controller,27.48847007751465
sensor_to_controller,15.023469924926758
sensor_to_controller,2.1991729736328125
sensor_to_controller,22.168874740600586
sensor_to_controller,7.308244705200195
sensor_to_controller,27.48847007751465
sensor_to_controller,14.13416862487793
sensor_to_controller,2.4497509002685547
sensor_to_controller,21.582365036010742
sensor_to_controller,7.790803909301758
sensor_to_controller,27.988910675048828
sensor_to_controller,13.257980346679688
sensor_to_controller,2.0422935485839844
sensor_to_controller,21.782398223876953
sensor_to_controller,7.698535919189453
sensor_to_controller,27.6792049407959
sensor_to_controller,13.498783111572266
sensor_to_controller,2.3839473724365234
sensor_to_controller,22.56464958190918
sensor_to_controller,8.027791976928711
sensor_to_controller,27.864933013916016
sensor_to_controller,13.774871826171875
sensor_to_controller,0.8645057678222656
sensor_to_controller,20.319700241088867
sensor_to_controller,6.737470626831055
sensor_to_controller,26.626110076904297
sensor_to_controller,14.186382293701172
sensor_to_controller,1.7764568328857422
sensor_to_controller,20.150423049926758
sensor_to_controller,8.041620254516602
sensor_to_controller,28.05495262145996
sensor_to_controller,15.040159225463867
sensor_to_controller,2.379179000854492
sensor_to_controller,22.154808044433594
sensor_to_controller,9.33074951171875
sensor_to_controller,29.16431427001953
sensor_to_controller,13.22174072265625
sensor_to_controller,1.859903335571289
sensor_to_controller,21.988391876220703
sensor_to_controller,8.178949356079102
sensor_to_controller,28.316736221313477
sensor_to_controller,14.13869857788086
sensor_to_controller,1.3158321380615234
sensor_to_controller,19.971609115600586
sensor_to_controller,7.277250289916992
sensor_to_controller,27.128219604492188
sensor_to_controller,14.731645584106445
sensor_to_controller,2.3114681243896484
sensor_to_controller,21.89922332763672
sensor_to_controller,8.396625518798828
sensor_to_controller,28.506755828857422
sensor_to_controller,14.760732650756836
sensor_to_controller,2.759218215942383
sensor_to_controller,21.893978118896484
sensor_to_controller,8.361577987670898
sensor_to_controller,28.0611515045166
sensor_to_controller,14.613866806030273
sensor_to_controller,2.0046234130859375
sensor_to_controller,20.84946632385254
sensor_to_controller,8.848190307617188
sensor_to_controller,28.85270118713379
sensor_to_controller,16.903162002563477
sensor_to_controller,2.164125442504883
sensor_to_controller,21.785974502563477
sensor_to_controller,8.31151008605957
sensor_to_controller,28.24091911315918
sensor_to_controller,14.426231384277344
sensor_to_controller,0.7483959197998047
sensor_to_controller,20.21002769470215
sensor_to_controller,8.803606033325195
sensor_to_controller,28.41782569885254
sensor_to_controller,16.181230545043945
sensor_to_controller,36.43298149108887
sensor_to_controller,19.74797248840332
sensor_to_controller,8.423805236816406
sensor_to_controller,28.510332107543945
sensor_to_controller,13.018131256103516
sensor_to_controller,2.3474693298339844
sensor_to_controller,21.984338760375977
sensor_to_controller,8.477926254272461
sensor_to_controller,28.725147247314453
sensor_to_controller,14.456748962402344
sensor_to_controller,1.912832260131836
sensor_to_controller,21.22640609741211
sensor_to_controller,8.09621810913086
sensor_to_controller,27.882814407348633
sensor_to_controller,15.969276428222656
sensor_to_controller,35.980224609375
sensor_to_controller,20.052194595336914
sensor_to_controller,8.188009262084961
sensor_to_controller,28.230667114257812
sensor_to_controller,14.835596084594727
sensor_to_controller,0.34165382385253906
sensor_to_controller,18.18084716796875
sensor_to_controller,8.365631103515625
sensor_to_controller,27.82464027404785
sensor_to_controller,13.355493545532227
sensor_to_controller,2.7136802673339844
sensor_to_controller,22.668123245239258
sensor_to_controller,8.011579513549805
sensor_to_controller,27.861833572387695
sensor_to_controller,14.51873779296875
sensor_to_controller,2.4356842041015625
sensor_to_controller,21.738767623901367
sensor_to_controller,7.588863372802734
sensor_to_controller,27.556419372558594
sensor_to_controller,13.841867446899414
sensor_to_controller,3.206968307495117
sensor_to_controller,23.064851760864258
sensor_to_controller,9.310007095336914
sensor_to_controller,28.908967971801758
sensor_to_controller,13.719558715820312
sensor_to_controller,1.316070556640625
sensor_to_controller,21.39115333557129
sensor_to_controller,8.79359245300293
sensor_to_controller,28.707504272460938
sensor_to_controller,14.035463333129883
sensor_to_controller,3.2815933227539062
sensor_to_controller,22.258520126342773
sensor_to_controller,8.892536163330078
sensor_to_controller,28.80406379699707
sensor_to_controller,15.879154205322266
sensor_to_controller,1.4119148254394531
sensor_to_controller,19.222259521484375
sensor_to_controller,9.14764404296875
sensor_to_controller,29.199600219726562
sensor_to_controller,15.094518661499023
sensor_to_controller,2.3882389068603516
sensor_to_controller,22.00460433959961
sensor_to_controller,8.881807327270508
sensor_to_controller,28.51104736328125
sensor_to_controller,15.077829360961914
sensor_to_controller,0.18215179443359375
sensor_to_controller,19.45018768310547
sensor_to_controller,6.998777389526367
sensor_to_controller,27.164697647094727
sensor_to_controller,15.995264053344727
sensor_to_controller,1.4233589172363281
sensor_to_controller,19.59514617919922
sensor_to_controller,8.539199829101562
sensor_to_controller,28.535127639770508
sensor_to_controller,15.950918197631836
sensor_to_controller,1.7385482788085938
sensor_to_controller,21.016359329223633
sensor_to_controller,9.891986846923828
sensor_to_controller,29.664039611816406
sensor_to_controller,12.990713119506836
sensor_to_controller,1.798391342163086
sensor_to_controller,21.085500717163086
sensor_to_controller,8.430719375610352
sensor_to_controller,28.793811798095703
sensor_to_controller,15.47694206237793
sensor_to_controller,2.402067184448242
sensor_to_controller,20.188331604003906
sensor_to_controller,7.920026779174805
sensor_to_controller,28.220415115356445
sensor_to_controller,14.632225036621094
sensor_to_controller,1.0361671447753906
sensor_to_controller,20.953655242919922
sensor_to_controller,9.62209701538086
sensor_to_controller,29.435396194458008
sensor_to_controller,15.456438064575195
sensor_to_controller,1.4958381652832031
sensor_to_controller,20.27416229248047
sensor_to_controller,8.34512710571289
sensor_to_controller,28.287649154663086
sensor_to_controller,14.906883239746094
sensor_to_controller,1.9986629486083984
sensor_to_controller,21.931886672973633
sensor_to_controller,7.811069488525391
sensor_to_controller,27.75716781616211
sensor_to_controller,13.70692253112793
sensor_to_controller,1.4307498931884766
sensor_to_controller,20.610570907592773
sensor_to_controller,9.178876876831055
sensor_to_controller,29.381275177001953
sensor_to_controller,14.755964279174805
sensor_to_controller,1.0068416595458984
sensor_to_controller,20.13254165649414
sensor_to_controller,8.648157119750977
sensor_to_controller,28.44071388244629
sensor_to_controller,13.14687728881836
sensor_to_controller,2.4917125701904297
sensor_to_controller,21.898984909057617
sensor_to_controller,9.027481079101562
sensor_to_controller,28.853654861450195
sensor_to_controller,14.885187149047852
sensor_to_controller,2.9604434967041016
sensor_to_controller,23.3461856842041
sensor_to_controller,8.43358039855957
sensor_to_controller,28.782367706298828
sensor_to_controller,14.66059684753418
sensor_to_controller,1.734018325805664
sensor_to_controller,20.31564712524414
sensor_to_controller,9.674310684204102
sensor_to_controller,29.404640197753906
sensor_to_controller,14.400959014892578
sensor_to_controller,1.6989707946777344
sensor_to_controller,21.708250045776367
sensor_to_controller,8.440017700195312
sensor_to_controller,28.330326080322266
sensor_to_controller,13.42010498046875
sensor_to_controller,1.8985271453857422
sensor_to_controller,21.236896514892578
sensor_to_controller,8.280277252197266
sensor_to_controller,28.41806411743164
sensor_to_controller,14.210224151611328
sensor_to_controller,1.4176368713378906
sensor_to_controller,20.51258087158203
sensor_to_controller,9.044408798217773
sensor_to_controller,29.068946838378906
sensor_to_controller,16.108036041259766
sensor_to_controller,2.7256011962890625
sensor_to_controller,22.36485481262207
sensor_to_controller,7.884740829467773
sensor_to_controller,28.00917625427246
sensor_to_controller,14.596939086914062
sensor_to_controller,1.4355182647705078
sensor_to_controller,20.321130752563477
sensor_to_controller,8.191585540771484
sensor_to_controller,28.223752975463867
sensor_to_controller,14.911174774169922
sensor_to_controller,1.7957687377929688
sensor_to_controller,21.080732345581055
sensor_to_controller,8.915424346923828
sensor_to_controller,28.83315086364746
sensor_to_controller,14.975309371948242
sensor_to_controller,3.0074119567871094
sensor_to_controller,22.845745086669922
sensor_to_controller,8.162498474121094
sensor_to_controller,28.213024139404297
sensor_to_controller,13.910055160522461
sensor_to_controller,2.6607513427734375
sensor_to_controller,22.346973419189453
sensor_to_controller,8.346080780029297
sensor_to_controller,28.4574031829834
sensor_to_controller,15.006065368652344
sensor_to_controller,1.2102127075195312
sensor_to_controller,20.526409149169922
sensor_to_controller,7.802009582519531
sensor_to_controller,28.105974197387695
sensor_to_controller,14.415502548217773
sensor_to_controller,3.1976699829101562
sensor_to_controller,22.258281707763672
sensor_to_controller,8.079051971435547
sensor_to_controller,27.964115142822266
sensor_to_controller,13.715505599975586
sensor_to_controller,2.8400421142578125
sensor_to_controller,22.197484970092773
sensor_to_controller,8.66842269897461
sensor_to_controller,28.500080108642578
sensor_to_controller,14.722824096679688
sensor_to_controller,0.6823539733886719
sensor_to_controller,20.48206329345703
sensor_to_controller,9.033918380737305
sensor_to_controller,29.26802635192871
sensor_to_controller,14.994621276855469
sensor_to_controller,2.987384796142578
sensor_to_controller,22.382259368896484
sensor_to_controller,7.841348648071289
sensor_to_controller,27.98914909362793
sensor_to_controller,14.79649543762207
sensor_to_controller,3.6478042602539062
sensor_to_controller,22.750377655029297
sensor_to_controller,8.558034896850586
sensor_to_controller,28.325319290161133
sensor_to_controller,14.261245727539062
sensor_to_controller,2.530336380004883
sensor_to_controller,22.754669189453125
sensor_to_controller,8.501291275024414
sensor_to_controller,28.824329376220703
sensor_to_controller,14.32657241821289
sensor_to_controller,2.5615692138671875
sensor_to_controller,22.08566665649414
sensor_to_controller,7.7266693115234375
sensor_to_controller,27.83679962158203
sensor_to_controller,14.55831527709961
sensor_to_controller,0.9632110595703125
sensor_to_controller,20.64371109008789
sensor_to_controller,9.03773307800293
sensor_to_controller,28.555631637573242
sensor_to_controller,14.968156814575195
sensor_to_controller,1.5285015106201172
sensor_to_controller,20.98870277404785
sensor_to_controller,8.996963500976562
sensor_to_controller,28.94282341003418
sensor_to_controller,15.258550643920898
sensor_to_controller,0.9932518005371094
sensor_to_controller,20.50304412841797
sensor_to_controller,7.993936538696289
sensor_to_controller,27.843713760375977
sensor_to_controller,13.670206069946289
sensor_to_controller,3.5986900329589844
sensor_to_controller,23.24056625366211
sensor_to_controller,7.81559944152832
sensor_to_controller,27.70400047302246
sensor_to_controller,14.228105545043945
sensor_to_controller,2.615690231323242
sensor_to_controller,23.2846736907959
sensor_to_controller,8.036375045776367
sensor_to_controller,27.50682830810547
sensor_to_controller,14.858245849609375
sensor_to_controller,2.0439624786376953
sensor_to_controller,21.899700164794922
sensor_to_controller,8.451700210571289
sensor_to_controller,28.468847274780273
sensor_to_controller,13.057947158813477
sensor_to_controller,1.104116439819336
sensor_to_controller,20.367145538330078
sensor_to_controller,9.755849838256836
sensor_to_controller,29.48904037475586
sensor_to_controller,15.152931213378906
sensor_to_controller,1.161336898803711
sensor_to_controller,20.7366943359375
sensor_to_controller,9.025812149047852
sensor_to_controller,29.093027114868164
sensor_to_controller,14.810562133789062
sensor_to_controller,2.797842025756836
sensor_to_controller,22.64547348022461
sensor_to_controller,8.032083511352539
sensor_to_controller,28.134584426879883
sensor_to_controller,16.092777252197266
sensor_to_controller,1.1057853698730469
sensor_to_controller,20.364046096801758
sensor_to_controller,8.667469024658203
sensor_to_controller,28.687477111816406
sensor_to_controller,14.264583587646484
sensor_to_controller,1.1610984802246094
sensor_to_controller,19.81639862060547
sensor_to_controller,9.36579704284668
sensor_to_controller,29.369115829467773
sensor_to_controller,15.660285949707031
sensor_to_controller,2.210855484008789
sensor_to_controller,22.099018096923828
sensor_to_controller,9.449958801269531
sensor_to_controller,28.82981300354004
sensor_to_controller,14.469146728515625
sensor_to_controller,1.0747909545898438
sensor_to_controller,20.255565643310547
sensor_to_controller,9.51695442199707
sensor_to_controller,29.38079833984375
sensor_to_controller,15.69056510925293
sensor_to_controller,0.90789794921875
sensor_to_controller,20.781755447387695
sensor_to_controller,7.938623428344727
sensor_to_controller,27.645587921142578
sensor_to_controller,14.538049697875977
sensor_to_controller,2.3310184478759766
sensor_to_controller,22.169828414916992
sensor_to_controller,8.668661117553711
sensor_to_controller,28.265714645385742
sensor_to_controller,14.048337936401367
sensor_to_controller,2.3055076599121094
sensor_to_controller,22.36032485961914
sensor_to_controller,10.042428970336914
sensor_to_controller,30.187129974365234
sensor_to_controller,14.58740234375
sensor_to_controller,2.7642250061035156
sensor_to_controller,22.812366485595703
sensor_to_controller,9.143590927124023
sensor_to_controller,29.018878936767578
sensor_to_controller,15.56253433227539
sensor_to_controller,2.4001598358154297
sensor_to_controller,22.573232650756836
sensor_to_controller,7.871150970458984
sensor_to_controller,28.229475021362305
sensor_to_controller,14.435529708862305
sensor_to_controller,34.73639488220215
sensor_to_controller,18.679380416870117
sensor_to_controller,7.886409759521484
sensor_to_controller,27.859210968017578
sensor_to_controller,15.483379364013672
sensor_to_controller,2.5348663330078125
sensor_to_controller,22.61519432067871
sensor_to_controller,8.813619613647461
sensor_to_controller,29.062271118164062
sensor_to_controller,13.279199600219727
sensor_to_controller,0.9708404541015625
sensor_to_controller,20.528316497802734
sensor_to_controller,7.496118545532227
sensor_to_controller,27.69017219543457
sensor_to_controller,16.220569610595703
sensor_to_controller,1.901865005493164
sensor_to_controller,22.340059280395508
sensor_to_controller,8.210897445678711
sensor_to_controller,27.842998504638672
sensor_to_controller,13.828754425048828
sensor_to_controller,2.0313262939453125
sensor_to_controller,21.770477294921875
sensor_to_controller,8.85152816772461
sensor_to_controller,28.834819793701172
sensor_to_controller,13.682842254638672
sensor_to_controller,2.9082298278808594
sensor_to_controller,22.762537002563477
sensor_to_controller,8.90350341796875
sensor_to_controller,28.667211532592773
sensor_to_controller,14.556407928466797
sensor_to_controller,3.3185482025146484
sensor_to_controller,23.119688034057617
sensor_to_controller,9.120702743530273
sensor_to_controller,28.72180938720703
sensor_to_controller,14.55235481262207
sensor_to_controller,2.875804901123047
sensor_to_controller,23.166179656982422
sensor_to_controller,8.543968200683594
sensor_to_controller,28.752565383911133
sensor_to_controller,15.17629623413086
sensor_to_controller,1.1382102966308594
sensor_to_controller,20.311355590820312
sensor_to_controller,8.737325668334961
sensor_to_controller,29.018402099609375
sensor_to_controller,14.492511749267578
sensor_to_controller,2.1104812622070312
sensor_to_controller,21.71158790588379
sensor_to_controller,9.563207626342773
sensor_to_controller,29.794931411743164
sensor_to_controller,14.725446701049805
sensor_to_controller,2.7811527252197266
sensor_to_controller,22.67289161682129
sensor_to_controller,8.763551712036133
sensor_to_controller,28.583288192749023
sensor_to_controller,14.81175422668457
sensor_to_controller,2.0914077758789062
sensor_to_controller,21.433591842651367
sensor_to_controller,8.853673934936523
sensor_to_controller,28.366804122924805
sensor_to_controller,15.15650749206543
sensor_to_controller,1.4729499816894531
sensor_to_controller,21.568775177001953
sensor_to_controller,8.434534072875977
sensor_to_controller,28.28836441040039
sensor_to_controller,14.22262191772461
sensor_to_controller,2.7704238891601562
sensor_to_controller,22.437095642089844
sensor_to_controller,8.60285758972168
sensor_to_controller,28.63287925720215
sensor_to_controller,15.064716339111328
sensor_to_controller,2.744436264038086
sensor_to_controller,22.91274070739746
sensor_to_controller,8.709192276000977
sensor_to_controller,28.67746353149414
sensor_to_controller,14.649391174316406
sensor_to_controller,1.7101764678955078
sensor_to_controller,21.480321884155273
sensor_to_controller,7.951259613037109
sensor_to_controller,28.340816497802734
sensor_to_controller,15.011787414550781
sensor_to_controller,1.0576248168945312
sensor_to_controller,21.28314971923828
sensor_to_controller,9.027242660522461
sensor_to_controller,28.2742977142334
sensor_to_controller,13.956546783447266
sensor_to_controller,0.9250640869140625
sensor_to_controller,20.229578018188477
sensor_to_controller,8.235454559326172
sensor_to_controller,28.275728225708008
sensor_to_controller,15.187263488769531
sensor_to_controller,2.7332305908203125
sensor_to_controller,22.934675216674805
sensor_to_controller,9.41610336303711
sensor_to_controller,28.78570556640625
sensor_to_controller,13.834953308105469
sensor_to_controller,2.4459362030029297
sensor_to_controller,22.27163314819336
sensor_to_controller,7.960796356201172
sensor_to_controller,27.642250061035156
sensor_to_controller,14.30511474609375
sensor_to_controller,2.3622512817382812
sensor_to_controller,22.631406784057617
sensor_to_controller,8.86082649230957
sensor_to_controller,29.04677391052246
sensor_to_controller,15.125036239624023
sensor_to_controller,1.9252300262451172
sensor_to_controller,20.814180374145508
sensor_to_controller,8.794546127319336
sensor_to_controller,29.618501663208008
sensor_to_controller,13.615131378173828
sensor_to_controller,3.1392574310302734
sensor_to_controller,22.96924591064453
sensor_to_controller,8.48531723022461
sensor_to_controller,28.530120849609375
sensor_to_controller,14.342069625854492
sensor_to_controller,1.1394023895263672
sensor_to_controller,21.594524383544922
sensor_to_controller,7.904291152954102
sensor_to_controller,27.78935432434082
sensor_to_controller,14.537334442138672
sensor_to_controller,2.7213096618652344
sensor_to_controller,22.25494384765625
sensor_to_controller,8.53872299194336
sensor_to_controller,28.798580169677734
sensor_to_controller,14.986753463745117
sensor_to_controller,0.9722709655761719
sensor_to_controller,19.738435745239258
sensor_to_controller,9.727239608764648
sensor_to_controller,29.384613037109375
sensor_to_controller,15.387535095214844
sensor_to_controller,2.889394760131836
sensor_to_controller,22.19223976135254
sensor_to_controller,7.907390594482422
sensor_to_controller,28.110980987548828
sensor_to_controller,15.264272689819336
sensor_to_controller,2.9211044311523438
sensor_to_controller,23.041963577270508
sensor_to_controller,7.544755935668945
sensor_to_controller,27.92644500732422
sensor_to_controller,14.444351196289062
sensor_to_controller,2.476930618286133
sensor_to_controller,22.46713638305664
sensor_to_controller,7.951021194458008
sensor_to_controller,28.167247772216797
sensor_to_controller,15.330076217651367
sensor_to_controller,2.6345252990722656
sensor_to_controller,22.585391998291016
sensor_to_controller,7.813692092895508
sensor_to_controller,27.547836303710938
sensor_to_controller,16.350984573364258
sensor_to_controller,2.4886131286621094
sensor_to_controller,22.360563278198242
sensor_to_controller,8.76164436340332
sensor_to_controller,28.31244468688965
sensor_to_controller,15.386343002319336
sensor_to_controller,3.235340118408203
sensor_to_controller,23.194313049316406
sensor_to_controller,8.610248565673828
sensor_to_controller,28.2900333404541
sensor_to_controller,14.963388442993164
sensor_to_controller,3.4248828887939453
sensor_to_controller,24.50394630432129
sensor_to_controller,7.92241096496582
sensor_to_controller,27.878761291503906
sensor_to_controller,12.772798538208008
sensor_to_controller,40.999650955200195
sensor_to_controller,11.670112609863281
sensor_to_controller,8.608102798461914
sensor_to_controller,28.75351905822754
sensor_to_controller,16.529560089111328
sensor_to_controller,2.9802322387695312
sensor_to_controller,22.90630340576172
sensor_to_controller,9.956121444702148
sensor_to_controller,29.81424331665039
sensor_to_controller,14.332771301269531
sensor_to_controller,2.685546875
sensor_to_controller,22.56608009338379
sensor_to_controller,7.993936538696289
sensor_to_controller,27.378559112548828
sensor_to_controller,15.953302383422852
sensor_to_controller,1.638650894165039
sensor_to_controller,21.3015079498291
sensor_to_controller,8.51297378540039
sensor_to_controller,28.516769409179688
sensor_to_controller,15.418291091918945
sensor_to_controller,3.1042098999023438
sensor_to_controller,22.960662841796875
sensor_to_controller,8.51297378540039
sensor_to_controller,28.24878692626953
sensor_to_controller,14.339923858642578
sensor_to_controller,5.589962005615234
sensor_to_controller,22.947311401367188
sensor_to_controller,8.720874786376953
sensor_to_controller,28.82099151611328
sensor_to_controller,13.821601867675781
sensor_to_controller,1.3775825500488281
sensor_to_controller,20.806074142456055
sensor_to_controller,7.8220367431640625
sensor_to_controller,27.88543701171875
sensor_to_controller,15.105247497558594
sensor_to_controller,1.9910335540771484
sensor_to_controller,21.526575088500977
sensor_to_controller,9.61756706237793
sensor_to_controller,29.397964477539062
sensor_to_controller,16.16668701171875
sensor_to_controller,2.5255680084228516
sensor_to_controller,21.20184898376465
sensor_to_controller,8.910417556762695
sensor_to_controller,28.66649627685547
sensor_to_controller,15.302896499633789
sensor_to_controller,2.836465835571289
sensor_to_controller,22.808313369750977
sensor_to_controller,8.626461029052734
sensor_to_controller,28.741121292114258
sensor_to_controller,13.753414154052734
sensor_to_controller,1.7383098602294922
sensor_to_controller,21.440982818603516
sensor_to_controller,8.671760559082031
sensor_to_controller,30.49778938293457
sensor_to_controller,14.68038558959961
sensor_to_controller,34.77883338928223
sensor_to_controller,19.74630355834961
sensor_to_controller,9.083986282348633
sensor_to_controller,28.92446517944336
sensor_to_controller,15.877723693847656
sensor_to_controller,2.9251575469970703
sensor_to_controller,22.257089614868164
sensor_to_controller,9.131193161010742
sensor_to_controller,29.15501594543457
sensor_to_controller,15.323877334594727
sensor_to_controller,2.590179443359375
sensor_to_controller,22.388219833374023
sensor_to_controller,8.423566818237305
sensor_to_controller,27.883529663085938
sensor_to_controller,13.850927352905273
sensor_to_controller,3.0603408813476562
sensor_to_controller,22.88532257080078
sensor_to_controller,8.832454681396484
sensor_to_controller,28.83601188659668
sensor_to_controller,14.76597785949707
sensor_to_controller,3.258228302001953
sensor_to_controller,23.024797439575195
sensor_to_controller,8.054971694946289
sensor_to_controller,27.936935424804688
sensor_to_controller,14.288187026977539
sensor_to_controller,2.9571056365966797
sensor_to_controller,22.5982666015625
sensor_to_controller,7.347583770751953
sensor_to_controller,27.218103408813477
sensor_to_controller,14.21356201171875
sensor_to_controller,0.19598007202148438
sensor_to_controller,19.192934036254883
sensor_to_controller,7.470846176147461
sensor_to_controller,27.9695987701416
sensor_to_controller,15.093088150024414
sensor_to_controller,2.4957656860351562
sensor_to_controller,22.150039672851562
sensor_to_controller,9.397029876708984
sensor_to_controller,29.316425323486328
sensor_to_controller,17.148494720458984
sensor_to_controller,3.586292266845703
sensor_to_controller,23.05769920349121
sensor_to_controller,8.887529373168945
sensor_to_controller,29.02841567993164
sensor_to_controller,14.585256576538086
sensor_to_controller,1.7235279083251953
sensor_to_controller,21.8508243560791
sensor_to_controller,8.524417877197266
sensor_to_controller,28.527498245239258
sensor_to_controller,14.317750930786133
sensor_to_controller,3.1402111053466797
sensor_to_controller,22.897958755493164
sensor_to_controller,9.441614151000977
sensor_to_controller,29.06942367553711
sensor_to_controller,14.851570129394531
sensor_to_controller,3.0634403228759766
sensor_to_controller,22.859811782836914
sensor_to_controller,9.092330932617188
sensor_to_controller,29.145479202270508
sensor_to_controller,15.382051467895508
sensor_to_controller,2.608776092529297
sensor_to_controller,22.4306583404541
sensor_to_controller,8.994579315185547
sensor_to_controller,28.652667999267578
sensor_to_controller,16.26276969909668
sensor_to_controller,3.1752586364746094
sensor_to_controller,22.737979888916016
sensor_to_controller,8.994817733764648
sensor_to_controller,28.407812118530273
sensor_to_controller,15.36250114440918
sensor_to_controller,1.9235610961914062
sensor_to_controller,22.54319190979004
sensor_to_controller,9.332656860351562
sensor_to_controller,29.1597843170166
sensor_to_controller,13.950824737548828
sensor_to_controller,2.8061866760253906
sensor_to_controller,21.706819534301758
sensor_to_controller,9.322166442871094
sensor_to_controller,29.266357421875
sensor_to_controller,15.49839973449707
sensor_to_controller,3.465890884399414
sensor_to_controller,23.004770278930664
sensor_to_controller,8.355140686035156
sensor_to_controller,28.4273624420166
sensor_to_controller,14.580726623535156
sensor_to_controller,2.3546218872070312
sensor_to_controller,21.25096321105957
sensor_to_controller,8.384227752685547
sensor_to_controller,28.44858169555664
sensor_to_controller,15.256881713867188
sensor_to_controller,1.7352104187011719
sensor_to_controller,22.249221801757812
sensor_to_controller,8.96906852722168
sensor_to_controller,28.87558937072754
sensor_to_controller,14.133453369140625
sensor_to_controller,2.025604248046875
sensor_to_controller,21.537065505981445
sensor_to_controller,8.848428726196289
sensor_to_controller,28.72753143310547
sensor_to_controller,14.657974243164062
sensor_to_controller,1.9316673278808594
sensor_to_controller,21.32105827331543
sensor_to_controller,8.158206939697266
sensor_to_controller,27.84252166748047
sensor_to_controller,12.968778610229492
sensor_to_controller,1.6982555389404297
sensor_to_controller,21.640539169311523
sensor_to_controller,7.538318634033203
sensor_to_controller,27.333498001098633
sensor_to_controller,16.06464385986328
sensor_to_controller,1.5392303466796875
sensor_to_controller,20.79033851623535
sensor_to_controller,9.84048843383789
sensor_to_controller,29.6785831451416
sensor_to_controller,16.510963439941406
sensor_to_controller,1.4674663543701172
sensor_to_controller,21.543025970458984
sensor_to_controller,8.666276931762695
sensor_to_controller,29.107332229614258
sensor_to_controller,14.035224914550781
sensor_to_controller,1.741647720336914
sensor_to_controller,21.973133087158203
sensor_to_controller,9.443998336791992
sensor_to_controller,29.647350311279297
sensor_to_controller,16.174793243408203
sensor_to_controller,2.0961761474609375
sensor_to_controller,21.944284439086914
sensor_to_controller,8.139371871948242
sensor_to_controller,28.291702270507812
sensor_to_controller,15.63715934753418
sensor_to_controller,2.5424957275390625
sensor_to_controller,22.860050201416016
sensor_to_controller,8.72492790222168
sensor_to_controller,28.397321701049805
sensor_to_controller,14.833211898803711
sensor_to_controller,1.6262531280517578
sensor_to_controller,21.471500396728516
sensor_to_controller,9.69243049621582
sensor_to_controller,29.505014419555664
sensor_to_controller,16.78013801574707
sensor_to_controller,2.8367042541503906
sensor_to_controller,22.598743438720703
sensor_to_controller,9.086370468139648
sensor_to_controller,28.928518295288086
sensor_to_controller,15.732765197753906
sensor_to_controller,3.116607666015625
sensor_to_controller,22.675037384033203
sensor_to_controller,8.521080017089844
sensor_to_controller,28.435707092285156
sensor_to_controller,13.977766036987305
sensor_to_controller,2.4771690368652344
sensor_to_controller,22.287845611572266
sensor_to_controller,8.183717727661133
sensor_to_controller,28.32937240600586
sensor_to_controller,15.041112899780273
sensor_to_controller,2.752065658569336
sensor_to_controller,23.11110496520996
sensor_to_controller,8.046627044677734
sensor_to_controller,28.019189834594727
sensor_to_controller,15.221595764160156
sensor_to_controller,2.577066421508789
sensor_to_controller,22.842884063720703
sensor_to_controller,8.807182312011719
sensor_to_controller,28.46837043762207
sensor_to_controller,15.105724334716797
sensor_to_controller,2.3910999298095703
sensor_to_controller,21.96025848388672
sensor_to_controller,9.331703186035156
sensor_to_controller,29.305696487426758
sensor_to_controller,16.167640686035156
sensor_to_controller,2.3920536041259766
sensor_to_controller,22.312402725219727
sensor_to_controller,8.79526138305664
sensor_to_controller,28.47743034362793
sensor_to_controller,16.95394515991211
sensor_to_controller,1.8591880798339844
sensor_to_controller,21.859169006347656
sensor_to_controller,9.763956069946289
sensor_to_controller,29.83832359313965
sensor_to_controller,14.922857284545898
sensor_to_controller,2.9287338256835938
sensor_to_controller,22.733211517333984
sensor_to_controller,8.939981460571289
sensor_to_controller,29.03604507446289
sensor_to_controller,15.913009643554688
sensor_to_controller,2.5484561920166016
sensor_to_controller,22.441625595092773
sensor_to_controller,10.048151016235352
sensor_to_controller,30.091047286987305
sensor_to_controller,15.683650970458984
sensor_to_controller,1.9371509552001953
sensor_to_controller,21.83818817138672
sensor_to_controller,9.572505950927734
sensor_to_controller,29.36697006225586
sensor_to_controller,16.428232192993164
sensor_to_controller,3.3426284790039062
sensor_to_controller,23.21147918701172
sensor_to_controller,9.592771530151367
sensor_to_controller,29.410362243652344
sensor_to_controller,16.07990264892578
sensor_to_controller,2.742767333984375
sensor_to_controller,22.513628005981445
sensor_to_controller,9.53817367553711
sensor_to_controller,29.226064682006836
sensor_to_controller,14.358758926391602
sensor_to_controller,1.6665458679199219
sensor_to_controller,21.57425880432129
sensor_to_controller,6.800651550292969
sensor_to_controller,26.649951934814453
sensor_to_controller,14.822721481323242
sensor_to_controller,0.2849102020263672
sensor_to_controller,20.1265811920166
sensor_to_controller,8.96596908569336
sensor_to_controller,28.639554977416992
sensor_to_controller,15.647411346435547
sensor_to_controller,1.7611980438232422
sensor_to_controller,21.567583084106445
sensor_to_controller,9.163379669189453
sensor_to_controller,28.600215911865234
sensor_to_controller,17.01211929321289
sensor_to_controller,2.9573440551757812
sensor_to_controller,23.269176483154297
sensor_to_controller,8.311033248901367
sensor_to_controller,28.095722198486328
sensor_to_controller,14.972209930419922
sensor_to_controller,2.4559497833251953
sensor_to_controller,22.881031036376953
sensor_to_controller,9.094476699829102
sensor_to_controller,28.690099716186523
sensor_to_controller,14.778614044189453
sensor_to_controller,1.5940666198730469
sensor_to_controller,21.387100219726562
sensor_to_controller,9.125232696533203
sensor_to_controller,29.04820442199707
sensor_to_controller,15.347719192504883
sensor_to_controller,3.4911632537841797
sensor_to_controller,24.029016494750977
sensor_to_controller,8.115053176879883
sensor_to_controller,27.8017520904541
sensor_to_controller,14.751434326171875
sensor_to_controller,2.714872360229492
sensor_to_controller,22.1710205078125
sensor_to_controller,9.167194366455078
sensor_to_controller,29.186487197875977
sensor_to_controller,16.194581985473633
sensor_to_controller,3.625154495239258
sensor_to_controller,23.53692054748535
sensor_to_controller,8.544206619262695
sensor_to_controller,28.209924697875977
sensor_to_controller,15.403985977172852
sensor_to_controller,1.0190010070800781
sensor_to_controller,21.167993545532227
sensor_to_controller,9.365320205688477
sensor_to_controller,29.28781509399414
sensor_to_controller,15.977144241333008
sensor_to_controller,3.0989646911621094
sensor_to_controller,23.173809051513672
sensor_to_controller,8.899450302124023
sensor_to_controller,29.057741165161133
sensor_to_controller,13.995647430419922
sensor_to_controller,3.088235855102539
sensor_to_controller,22.82261848449707
sensor_to_controller,7.750749588012695
sensor_to_controller,27.6947021484375
sensor_to_controller,16.592025756835938
sensor_to_controller,3.6411285400390625
sensor_to_controller,23.421525955200195
sensor_to_controller,9.121417999267578
sensor_to_controller,29.342174530029297
sensor_to_controller,15.694856643676758
sensor_to_controller,3.3218860626220703
sensor_to_controller,23.363113403320312
sensor_to_controller,9.440898895263672
sensor_to_controller,29.318809509277344
sensor_to_controller,15.634536743164062
sensor_to_controller,2.531766891479492
sensor_to_controller,22.906064987182617
sensor_to_controller,9.33694839477539
sensor_to_controller,29.148578643798828
sensor_to_controller,13.408660888671875
sensor_to_controller,2.170085906982422
sensor_to_controller,21.842479705810547
sensor_to_controller,8.426904678344727
sensor_to_controller,28.33843231201172
sensor_to_controller,14.072179794311523
sensor_to_controller,2.340555191040039
sensor_to_controller,22.512197494506836
sensor_to_controller,8.07046890258789
sensor_to_controller,28.231382369995117
sensor_to_controller,15.854358673095703
sensor_to_controller,1.989126205444336
sensor_to_controller,21.863698959350586
sensor_to_controller,9.415149688720703
sensor_to_controller,29.225826263427734
sensor_to_controller,14.490127563476562
sensor_to_controller,2.2962093353271484
sensor_to_controller,21.901369094848633
sensor_to_controller,8.265972137451172
sensor_to_controller,28.447389602661133
sensor_to_controller,15.074968338012695
sensor_to_controller,3.2999515533447266
sensor_to_controller,23.13995361328125
sensor_to_controller,9.870529174804688
sensor_to_controller,29.5870304107666
sensor_to_controller,16.750574111938477
sensor_to_controller,1.9707679748535156
sensor_to_controller,22.104501724243164
sensor_to_controller,8.636713027954102
sensor_to_controller,28.99169921875
sensor_to_controller,15.165567398071289
sensor_to_controller,3.5331249237060547
sensor_to_controller,23.0865478515625
sensor_to_controller,9.990930557250977
sensor_to_controller,29.84166145324707
sensor_to_controller,15.636444091796875
sensor_to_controller,1.6515254974365234
sensor_to_controller,21.72684669494629
sensor_to_controller,9.155511856079102
sensor_to_controller,29.154539108276367
sensor_to_controller,15.13671875
sensor_to_controller,3.275632858276367
sensor_to_controller,22.749662399291992
sensor_to_controller,8.674383163452148
sensor_to_controller,28.819561004638672
sensor_to_controller,14.054298400878906
sensor_to_controller,2.6619434356689453
sensor_to_controller,22.588491439819336
sensor_to_controller,8.969306945800781
sensor_to_controller,29.078245162963867
sensor_to_controller,14.17994499206543
sensor_to_controller,3.1960010528564453
sensor_to_controller,23.267269134521484
sensor_to_controller,9.940624237060547
sensor_to_controller,30.024051666259766
sensor_to_controller,15.819549560546875
sensor_to_controller,2.7680397033691406
sensor_to_controller,22.68242835998535
sensor_to_controller,8.860111236572266
sensor_to_controller,28.78117561340332
sensor_to_controller,15.810966491699219
sensor_to_controller,2.6307106018066406
sensor_to_controller,22.240161895751953
sensor_to_controller,9.312629699707031
sensor_to_controller,29.043197631835938
sensor_to_controller,14.425277709960938
sensor_to_controller,0.6723403930664062
sensor_to_controller,20.177602767944336
sensor_to_controller,8.862018585205078
sensor_to_controller,28.855085372924805
sensor_to_controller,14.784574508666992
sensor_to_controller,3.856658935546875
sensor_to_controller,23.67877960205078
sensor_to_controller,8.486270904541016
sensor_to_controller,28.41639518737793
sensor_to_controller,16.203641891479492
sensor_to_controller,3.535747528076172
sensor_to_controller,23.25153350830078
sensor_to_controller,8.510589599609375
sensor_to_controller,28.41019630432129
sensor_to_controller,15.961170196533203
sensor_to_controller,1.2793540954589844
sensor_to_controller,20.65277099609375
sensor_to_controller,9.701728820800781
sensor_to_controller,29.554367065429688
sensor_to_controller,16.635894775390625
sensor_to_controller,1.3828277587890625
sensor_to_controller,20.14923095703125
sensor_to_controller,9.036779403686523
sensor_to_controller,28.72014045715332
sensor_to_controller,17.222166061401367
sensor_to_controller,3.663778305053711
sensor_to_controller,23.44655990600586
sensor_to_controller,10.358572006225586
sensor_to_controller,29.852867126464844
sensor_to_controller,16.843557357788086
sensor_to_controller,1.9631385803222656
sensor_to_controller,21.81220054626465
sensor_to_controller,9.843826293945312
sensor_to_controller,29.46758270263672
sensor_to_controller,17.03643798828125
sensor_to_controller,3.6449432373046875
sensor_to_controller,23.27418327331543
sensor_to_controller,8.537054061889648
sensor_to_controller,28.78713607788086
sensor_to_controller,14.884471893310547
sensor_to_controller,3.254413604736328
sensor_to_controller,23.1015682220459
sensor_to_controller,9.955644607543945
sensor_to_controller,29.94847297668457
sensor_to_controller,16.707420349121094
sensor_to_controller,2.2745132446289062
sensor_to_controller,22.715330123901367
sensor_to_controller,7.975578308105469
sensor_to_controller,28.26237678527832
sensor_to_controller,15.797853469848633
sensor_to_controller,2.93731689453125
sensor_to_controller,23.189783096313477
sensor_to_controller,9.104251861572266
sensor_to_controller,29.13379669189453
sensor_to_controller,15.48314094543457
sensor_to_controller,3.205537796020508
sensor_to_controller,22.800922393798828
sensor_to_controller,9.758710861206055
sensor_to_controller,29.199600219726562
sensor_to_controller,14.650344848632812
sensor_to_controller,2.871274948120117
sensor_to_controller,22.720813751220703
sensor_to_controller,8.101940155029297
sensor_to_controller,28.348922729492188
sensor_to_controller,16.338109970092773
sensor_to_controller,1.25885009765625
sensor_to_controller,20.305156707763672
sensor_to_controller,9.061098098754883
sensor_to_controller,28.698205947875977
sensor_to_controller,14.125347137451172
sensor_to_controller,2.603769302368164
sensor_to_controller,22.480487823486328
sensor_to_controller,9.321212768554688
sensor_to_controller,29.410600662231445
sensor_to_controller,14.979839324951172
sensor_to_controller,3.0367374420166016
sensor_to_controller,23.134469985961914
sensor_to_controller,8.653640747070312
sensor_to_controller,28.432607650756836
sensor_to_controller,14.217138290405273
sensor_to_controller,2.1076202392578125
sensor_to_controller,21.818876266479492
sensor_to_controller,7.791042327880859
sensor_to_controller,27.84872055053711
sensor_to_controller,15.644311904907227
sensor_to_controller,2.6960372924804688
sensor_to_controller,22.501230239868164
sensor_to_controller,10.083436965942383
sensor_to_controller,30.001163482666016
sensor_to_controller,15.627145767211914
sensor_to_controller,1.934051513671875
sensor_to_controller,21.786212921142578
sensor_to_controller,8.191585540771484
sensor_to_controller,28.516292572021484
sensor_to_controller,14.663457870483398
sensor_to_controller,3.6962032318115234
sensor_to_controller,23.438215255737305
sensor_to_controller,10.277271270751953
sensor_to_controller,30.08246421813965
sensor_to_controller,15.764713287353516
sensor_to_controller,2.6464462280273438
sensor_to_controller,22.676944732666016
sensor_to_controller,9.248018264770508
sensor_to_controller,28.9151668548584
sensor_to_controller,15.695810317993164
sensor_to_controller,3.832578659057617
sensor_to_controller,23.88286590576172
sensor_to_controller,9.081602096557617
sensor_to_controller,29.03270721435547
sensor_to_controller,15.473604202270508
sensor_to_controller,4.295587539672852
sensor_to_controller,26.71051025390625
sensor_to_controller,8.146047592163086
sensor_to_controller,27.925968170166016
sensor_to_controller,14.152050018310547
sensor_to_controller,3.2308101654052734
sensor_to_controller,22.866487503051758
sensor_to_controller,9.56273078918457
sensor_to_controller,29.40201759338379
sensor_to_controller,15.908241271972656
sensor_to_controller,3.1473636627197266
sensor_to_controller,23.279905319213867
sensor_to_controller,9.500980377197266
sensor_to_controller,29.50310707092285
sensor_to_controller,16.763687133789062
sensor_to_controller,3.2656192779541016
sensor_to_controller,23.120880126953125
sensor_to_controller,8.519649505615234
sensor_to_controller,28.584957122802734
sensor_to_controller,15.57612419128418
sensor_to_controller,3.51715087890625
sensor_to_controller,22.99189567565918
sensor_to_controller,9.610414505004883
sensor_to_controller,29.527902603149414
sensor_to_controller,15.66767692565918
sensor_to_controller,3.2486915588378906
sensor_to_controller,23.015975952148438
sensor_to_controller,9.81283187866211
sensor_to_controller,29.64496612548828
sensor_to_controller,16.88241958618164
sensor_to_controller,2.8951168060302734
sensor_to_controller,22.838354110717773
sensor_to_controller,10.246753692626953
sensor_to_controller,29.805421829223633
sensor_to_controller,16.71147346496582
sensor_to_controller,3.616809844970703
sensor_to_controller,23.3609676361084
sensor_to_controller,10.059595108032227
sensor_to_controller,30.0142765045166
sensor_to_controller,16.826868057250977
sensor_to_controller,3.8759708404541016
sensor_to_controller,23.470640182495117
sensor_to_controller,9.451866149902344
sensor_to_controller,29.321908950805664
sensor_to_controller,14.878511428833008
sensor_to_controller,2.0258426666259766
sensor_to_controller,21.503925323486328
sensor_to_controller,9.98687744140625
sensor_to_controller,29.892921447753906
sensor_to_controller,16.29328727722168
sensor_to_controller,3.3597946166992188
sensor_to_controller,23.5903263092041
sensor_to_controller,9.401798248291016
sensor_to_controller,31.10504150390625
sensor_to_controller,15.409708023071289
sensor_to_controller,3.2172203063964844
sensor_to_controller,23.105859756469727
sensor_to_controller,9.382009506225586
sensor_to_controller,29.097795486450195
sensor_to_controller,14.952898025512695
sensor_to_controller,3.1147003173828125
sensor_to_controller,23.52452278137207
sensor_to_controller,8.759498596191406
sensor_to_controller,28.717517852783203
sensor_to_controller,16.071319580078125
sensor_to_controller,1.8992424011230469
sensor_to_controller,21.877527236938477
sensor_to_controller,9.70911979675293
sensor_to_controller,29.271602630615234
sensor_to_controller,15.875101089477539
sensor_to_controller,3.438234329223633
sensor_to_controller,22.61042594909668
sensor_to_controller,8.385181427001953
sensor_to_controller,28.433561325073242
sensor_to_controller,15.720367431640625
sensor_to_controller,3.1266212463378906
sensor_to_controller,23.003578186035156
sensor_to_controller,9.352445602416992
sensor_to_controller,29.412031173706055
sensor_to_controller,15.733003616333008
sensor_to_controller,3.1294822692871094
sensor_to_controller,23.24819564819336
sensor_to_controller,8.771896362304688
sensor_to_controller,28.76138687133789
sensor_to_controller,15.985727310180664
sensor_to_controller,4.066228866577148
sensor_to_controller,23.45442771911621
sensor_to_controller,9.346961975097656
sensor_to_controller,29.568910598754883
sensor_to_controller,14.627933502197266
sensor_to_controller,2.206087112426758
sensor_to_controller,22.127389907836914
sensor_to_controller,9.022235870361328
sensor_to_controller,29.180526733398438
sensor_to_controller,17.303466796875
sensor_to_controller,1.3513565063476562
sensor_to_controller,21.18682861328125
sensor_to_controller,9.540557861328125
sensor_to_controller,29.49833869934082
sensor_to_controller,15.661001205444336
sensor_to_controller,3.4580230712890625
sensor_to_controller,23.80657196044922
sensor_to_controller,9.166955947875977
sensor_to_controller,28.975486755371094
sensor_to_controller,15.380382537841797
sensor_to_controller,2.4404525756835938
sensor_to_controller,22.836923599243164
sensor_to_controller,9.447336196899414
sensor_to_controller,29.416799545288086
sensor_to_controller,16.85333251953125
sensor_to_controller,0.9918212890625
sensor_to_controller,21.330595016479492
sensor_to_controller,8.292913436889648
sensor_to_controller,28.414249420166016
sensor_to_controller,16.322851181030273
sensor_to_controller,2.9892921447753906
sensor_to_controller,22.68075942993164
sensor_to_controller,9.604692459106445
sensor_to_controller,29.74724769592285
sensor_to_controller,15.554189682006836
sensor_to_controller,2.9952526092529297
sensor_to_controller,23.086071014404297
sensor_to_controller,9.033203125
sensor_to_controller,29.04653549194336
sensor_to_controller,15.64478874206543
sensor_to_controller,3.160715103149414
sensor_to_controller,23.245811462402344
sensor_to_controller,8.701562881469727
sensor_to_controller,28.87248992919922
sensor_to_controller,14.408111572265625
sensor_to_controller,2.8624534606933594
sensor_to_controller,22.879838943481445
sensor_to_controller,10.02645492553711
sensor_to_controller,30.030488967895508
sensor_to_controller,17.333984375
sensor_to_controller,2.5658607482910156
sensor_to_controller,22.334575653076172
sensor_to_controller,8.651018142700195
sensor_to_controller,28.78284454345703
sensor_to_controller,17.10033416748047
sensor_to_controller,3.4182071685791016
sensor_to_controller,23.08487892150879
sensor_to_controller,10.62321662902832
sensor_to_controller,30.55739402770996
sensor_to_controller,16.267061233520508
sensor_to_controller,3.9463043212890625
sensor_to_controller,23.633241653442383
sensor_to_controller,9.484291076660156
sensor_to_controller,29.27422523498535
sensor_to_controller,16.385555267333984
sensor_to_controller,3.1964778900146484
sensor_to_controller,23.04673194885254
sensor_to_controller,9.630918502807617
sensor_to_controller,29.404640197753906
sensor_to_controller,15.423774719238281
sensor_to_controller,1.4777183532714844
sensor_to_controller,21.601200103759766
sensor_to_controller,9.13691520690918
sensor_to_controller,28.972148895263672
sensor_to_controller,15.691041946411133
sensor_to_controller,1.8799304962158203
sensor_to_controller,21.734237670898438
sensor_to_controller,10.495662689208984
sensor_to_controller,30.092239379882812
sensor_to_controller,16.58034324645996
sensor_to_controller,3.2205581665039062
sensor_to_controller,22.6593017578125
sensor_to_controller,9.979486465454102
sensor_to_controller,29.836654663085938
sensor_to_controller,15.966415405273438
sensor_to_controller,3.5719871520996094
sensor_to_controller,23.62513542175293
sensor_to_controller,10.059118270874023
sensor_to_controller,29.715538024902344
sensor_to_controller,16.62921905517578
sensor_to_controller,3.8559436798095703
sensor_to_controller,23.54121208190918
sensor_to_controller,7.810354232788086
sensor_to_controller,27.60028839111328
sensor_to_controller,15.700101852416992
sensor_to_controller,3.153562545776367
sensor_to_controller,23.407459259033203
sensor_to_controller,8.28242301940918
sensor_to_controller,27.985811233520508
sensor_to_controller,15.959024429321289
sensor_to_controller,4.283905029296875
sensor_to_controller,24.23691749572754
sensor_to_controller,7.317543029785156
sensor_to_controller,27.084827423095703
sensor_to_controller,15.69366455078125
sensor_to_controller,3.5886764526367188
sensor_to_controller,23.256778717041016
sensor_to_controller,8.960485458374023
sensor_to_controller,28.97357940673828
sensor_to_controller,16.333341598510742
sensor_to_controller,2.329587936401367
sensor_to_controller,21.722793579101562
sensor_to_controller,9.907722473144531
sensor_to_controller,29.984235763549805
sensor_to_controller,14.182090759277344
sensor_to_controller,2.6018619537353516
sensor_to_controller,22.34196662902832
sensor_to_controller,10.130643844604492
sensor_to_controller,29.970407485961914
sensor_to_controller,16.670703887939453
sensor_to_controller,3.542661666870117
sensor_to_controller,23.418903350830078
sensor_to_controller,9.128093719482422
sensor_to_controller,28.92756462097168
sensor_to_controller,15.782833099365234
sensor_to_controller,2.5789737701416016
sensor_to_controller,22.675275802612305
sensor_to_controller,8.455038070678711
sensor_to_controller,28.512239456176758
sensor_to_controller,16.274690628051758
sensor_to_controller,2.6459693908691406
sensor_to_controller,22.886037826538086
sensor_to_controller,8.432149887084961
sensor_to_controller,28.49555015563965
sensor_to_controller,16.742944717407227
sensor_to_controller,1.5015602111816406
sensor_to_controller,22.151947021484375
sensor_to_controller,9.561538696289062
sensor_to_controller,29.129743576049805
sensor_to_controller,14.922857284545898
sensor_to_controller,3.8347244262695312
sensor_to_controller,23.427963256835938
sensor_to_controller,9.977340698242188
sensor_to_controller,30.034542083740234
sensor_to_controller,15.628576278686523
sensor_to_controller,3.1540393829345703
sensor_to_controller,23.271799087524414
sensor_to_controller,9.99903678894043
sensor_to_controller,29.91008758544922
sensor_to_controller,15.943527221679688
sensor_to_controller,3.6597251892089844
sensor_to_controller,23.283004760742188
sensor_to_controller,8.960247039794922
sensor_to_controller,29.341936111450195
sensor_to_controller,16.055822372436523
sensor_to_controller,2.492189407348633
sensor_to_controller,21.604537963867188
sensor_to_controller,8.309602737426758
sensor_to_controller,28.529882431030273
sensor_to_controller,14.252185821533203
sensor_to_controller,3.645181655883789
sensor_to_controller,23.621320724487305
sensor_to_controller,10.290384292602539
sensor_to_controller,30.114412307739258
sensor_to_controller,16.242504119873047
sensor_to_controller,4.501104354858398
sensor_to_controller,24.51920509338379
sensor_to_controller,10.189294815063477
sensor_to_controller,30.121326446533203
sensor_to_controller,16.57581329345703
sensor_to_controller,1.0581016540527344
sensor_to_controller,21.256446838378906
sensor_to_controller,10.438203811645508
sensor_to_controller,29.459238052368164
sensor_to_controller,17.233610153198242
sensor_to_controller,3.550291061401367
sensor_to_controller,23.401737213134766
sensor_to_controller,7.618427276611328
sensor_to_controller,27.57096290588379
sensor_to_controller,14.756441116333008
sensor_to_controller,3.3082962036132812
sensor_to_controller,23.290634155273438
sensor_to_controller,9.193181991577148
sensor_to_controller,29.05440330505371
sensor_to_controller,16.583681106567383
sensor_to_controller,2.86865234375
sensor_to_controller,22.7508544921875
sensor_to_controller,9.962797164916992
sensor_to_controller,29.824256896972656
sensor_to_controller,15.62952995300293
sensor_to_controller,2.028942108154297
sensor_to_controller,22.50981330871582
sensor_to_controller,9.364843368530273
sensor_to_controller,29.05130386352539
sensor_to_controller,16.383886337280273
sensor_to_controller,2.9039382934570312
sensor_to_controller,22.990703582763672
sensor_to_controller,9.395599365234375
sensor_to_controller,29.468774795532227
sensor_to_controller,14.36614990234375
sensor_to_controller,1.9583702087402344
sensor_to_controller,21.77906036376953
sensor_to_controller,9.33980941772461
sensor_to_controller,29.332399368286133
sensor_to_controller,15.843868255615234
sensor_to_controller,3.459930419921875
sensor_to_controller,23.474931716918945
sensor_to_controller,9.433746337890625
sensor_to_controller,29.253482818603516
sensor_to_controller,15.03753662109375
sensor_to_controller,3.497600555419922
sensor_to_controller,23.69546890258789
sensor_to_controller,9.890556335449219
sensor_to_controller,29.415130615234375
sensor_to_controller,15.833139419555664
sensor_to_controller,1.249074935913086
sensor_to_controller,21.000385284423828
sensor_to_controller,10.192155838012695
sensor_to_controller,30.122995376586914
sensor_to_controller,16.579151153564453
sensor_to_controller,2.5205612182617188
sensor_to_controller,22.835969924926758
sensor_to_controller,10.259151458740234
sensor_to_controller,30.305862426757812
sensor_to_controller,15.991449356079102
sensor_to_controller,2.8922557830810547
sensor_to_controller,22.97067642211914
sensor_to_controller,9.544134140014648
sensor_to_controller,29.299259185791016
sensor_to_controller,15.748262405395508
sensor_to_controller,2.5899410247802734
sensor_to_controller,23.056983947753906
sensor_to_controller,9.51242446899414
sensor_to_controller,29.65092658996582
sensor_to_controller,14.419078826904297
sensor_to_controller,4.429817199707031
sensor_to_controller,24.397611618041992
sensor_to_controller,9.9334716796875
sensor_to_controller,29.956817626953125
sensor_to_controller,16.336917877197266
sensor_to_controller,3.9560794830322266
sensor_to_controller,23.66018295288086
sensor_to_controller,10.593891143798828
sensor_to_controller,30.55596351623535
sensor_to_controller,16.814231872558594
sensor_to_controller,0.26988983154296875
sensor_to_controller,19.786357879638672
sensor_to_controller,10.881662368774414
sensor_to_controller,31.247854232788086
sensor_to_controller,15.30599594116211
sensor_to_controller,3.773212432861328
sensor_to_controller,23.566722869873047
sensor_to_controller,10.246753692626953
sensor_to_controller,30.05051612854004
sensor_to_controller,16.330718994140625
sensor_to_controller,4.725456237792969
sensor_to_controller,24.600744247436523
sensor_to_controller,9.32765007019043
sensor_to_controller,29.259204864501953
sensor_to_controller,15.542030334472656
sensor_to_controller,2.8543472290039062
sensor_to_controller,22.995948791503906
sensor_to_controller,10.728597640991211
sensor_to_controller,30.498266220092773
sensor_to_controller,16.511917114257812
sensor_to_controller,4.013776779174805
sensor_to_controller,24.005651473999023
sensor_to_controller,9.1705322265625
sensor_to_controller,29.20222282409668
sensor_to_controller,16.07489585876465
sensor_to_controller,3.7314891815185547
sensor_to_controller,23.969173431396484
sensor_to_controller,9.358882904052734
sensor_to_controller,28.998613357543945
sensor_to_controller,17.01974868774414
sensor_to_controller,2.521991729736328
sensor_to_controller,22.58610725402832
sensor_to_controller,8.89134407043457
sensor_to_controller,29.19745445251465
sensor_to_controller,15.022516250610352
sensor_to_controller,4.293680191040039
sensor_to_controller,24.17278289794922
sensor_to_controller,10.044574737548828
sensor_to_controller,29.758453369140625
sensor_to_controller,15.567779541015625
sensor_to_controller,3.8421154022216797
sensor_to_controller,24.16539192199707
sensor_to_controller,9.152889251708984
sensor_to_controller,29.34122085571289
sensor_to_controller,15.691757202148438
sensor_to_controller,3.1137466430664062
sensor_to_controller,22.954225540161133
sensor_to_controller,9.991645812988281
sensor_to_controller,29.93488311767578
sensor_to_controller,17.143726348876953
sensor_to_controller,4.123926162719727
sensor_to_controller,23.869991302490234
sensor_to_controller,9.074211120605469
sensor_to_controller,28.796911239624023
sensor_to_controller,13.826370239257812
sensor_to_controller,3.5855770111083984
sensor_to_controller,23.157358169555664
sensor_to_controller,9.654998779296875
sensor_to_controller,29.53052520751953
sensor_to_controller,14.860391616821289
sensor_to_controller,3.8156509399414062
sensor_to_controller,23.5595703125
sensor_to_controller,9.844779968261719
sensor_to_controller,29.564619064331055
sensor_to_controller,17.309904098510742
sensor_to_controller,4.676342010498047
sensor_to_controller,24.359464645385742
sensor_to_controller,9.259700775146484
sensor_to_controller,29.12425994873047
sensor_to_controller,16.286849975585938
sensor_to_controller,4.288434982299805
sensor_to_controller,23.814678192138672
sensor_to_controller,10.96034049987793
sensor_to_controller,30.272722244262695
sensor_to_controller,16.543865203857422
sensor_to_controller,1.1630058288574219
sensor_to_controller,19.83356475830078
sensor_to_controller,9.91964340209961
sensor_to_controller,29.761791229248047
sensor_to_controller,14.409542083740234
sensor_to_controller,1.4407634735107422
sensor_to_controller,21.095752716064453
sensor_to_controller,10.435104370117188
sensor_to_controller,30.27653694152832
sensor_to_controller,15.64478874206543
sensor_to_controller,4.201173782348633
sensor_to_controller,24.516582489013672
sensor_to_controller,9.378433227539062
sensor_to_controller,29.404401779174805
sensor_to_controller,15.79737663269043
sensor_to_controller,3.901958465576172
controller_to_actuator_command,16.138792037963867
controller_to_actuator_command,16.18671417236328
controller_to_actuator_command,16.343355178833008
controller_to_actuator_command,16.693830490112305
controller_to_actuator_command,15.343427658081055
controller_to_actuator_command,15.94853401184082
controller_to_actuator_command,16.25800132751465
controller_to_actuator_command,17.247438430786133
controller_to_actuator_command,16.74628257751465
controller_to_actuator_command,15.217065811157227
controller_to_actuator_command,16.675233840942383
controller_to_actuator_command,16.051292419433594
controller_to_actuator_command,16.222000122070312
controller_to_actuator_command,15.803098678588867
controller_to_actuator_command,16.337871551513672
controller_to_actuator_command,16.49308204650879
controller_to_actuator_command,17.23337173461914
controller_to_actuator_command,16.28422737121582
controller_to_actuator_command,16.009092330932617
controller_to_actuator_command,15.25425910949707
controller_to_actuator_command,16.338109970092773
controller_to_actuator_command,15.955448150634766
controller_to_actuator_command,15.965700149536133
controller_to_actuator_command,15.999078750610352
controller_to_actuator_command,16.161680221557617
controller_to_actuator_command,16.25204086303711
controller_to_actuator_command,16.150712966918945
controller_to_actuator_command,16.1285400390625
controller_to_actuator_command,15.211820602416992
controller_to_actuator_command,16.3116455078125
controller_to_actuator_command,16.18051528930664
controller_to_actuator_command,16.26276969909668
controller_to_actuator_command,16.25514030456543
controller_to_actuator_command,16.452789306640625
controller_to_actuator_command,15.816688537597656
controller_to_actuator_command,16.501665115356445
controller_to_actuator_command,16.46900177001953
controller_to_actuator_command,16.314029693603516
controller_to_actuator_command,16.484975814819336
controller_to_actuator_command,14.858722686767578
controller_to_actuator_command,16.80469512939453
controller_to_actuator_command,15.92564582824707
controller_to_actuator_command,16.623497009277344
controller_to_actuator_command,15.843629837036133
controller_to_actuator_command,16.95108413696289
controller_to_actuator_command,16.570091247558594
controller_to_actuator_command,16.225337982177734
controller_to_actuator_command,16.224384307861328
controller_to_actuator_command,16.501426696777344
controller_to_actuator_command,15.869379043579102
controller_to_actuator_command,15.892505645751953
controller_to_actuator_command,16.132116317749023
controller_to_actuator_command,16.099929809570312
controller_to_actuator_command,16.5102481842041
controller_to_actuator_command,15.044450759887695
controller_to_actuator_command,16.640186309814453
controller_to_actuator_command,16.738176345825195
controller_to_actuator_command,16.499042510986328
controller_to_actuator_command,16.51167869567871
controller_to_actuator_command,16.150474548339844
controller_to_actuator_command,16.636133193969727
controller_to_actuator_command,15.831232070922852
controller_to_actuator_command,15.908479690551758
controller_to_actuator_command,15.65408706665039
controller_to_actuator_command,15.082836151123047
controller_to_actuator_command,16.212940216064453
controller_to_actuator_command,15.817403793334961
controller_to_actuator_command,16.325712203979492
controller_to_actuator_command,16.676902770996094
controller_to_actuator_command,15.694141387939453
controller_to_actuator_command,16.884803771972656
controller_to_actuator_command,16.33906364440918
controller_to_actuator_command,16.208648681640625
controller_to_actuator_command,15.254020690917969
controller_to_actuator_command,15.880584716796875
controller_to_actuator_command,16.342639923095703
controller_to_actuator_command,16.21532440185547
controller_to_actuator_command,16.45803451538086
controller_to_actuator_command,16.213178634643555
controller_to_actuator_command,15.70582389831543
controller_to_actuator_command,16.671419143676758
controller_to_actuator_command,16.023874282836914
controller_to_actuator_command,16.402482986450195
controller_to_actuator_command,16.51144027709961
controller_to_actuator_command,16.266345977783203
controller_to_actuator_command,16.173601150512695
controller_to_actuator_command,16.21270179748535
controller_to_actuator_command,15.890121459960938
controller_to_actuator_command,16.310453414916992
controller_to_actuator_command,15.5792236328125
controller_to_actuator_command,15.976905822753906
controller_to_actuator_command,16.104698181152344
controller_to_actuator_command,15.87533950805664
controller_to_actuator_command,16.004323959350586
controller_to_actuator_command,15.285491943359375
controller_to_actuator_command,16.17598533630371
controller_to_actuator_command,16.059160232543945
controller_to_actuator_command,16.288280487060547
controller_to_actuator_command,16.447782516479492
controller_to_actuator_command,16.483068466186523
controller_to_actuator_command,16.39723777770996
controller_to_actuator_command,16.558170318603516
controller_to_actuator_command,16.437292098999023
controller_to_actuator_command,16.246557235717773
controller_to_actuator_command,14.288902282714844
controller_to_actuator_command,16.3118839263916
controller_to_actuator_command,15.388965606689453
controller_to_actuator_command,15.961170196533203
controller_to_actuator_command,16.62588119506836
controller_to_actuator_command,15.905141830444336
controller_to_actuator_command,15.863180160522461
controller_to_actuator_command,15.76685905456543
controller_to_actuator_command,15.970945358276367
controller_to_actuator_command,15.978097915649414
controller_to_actuator_command,15.529632568359375
controller_to_actuator_command,16.1893367767334
controller_to_actuator_command,15.82646369934082
controller_to_actuator_command,16.146421432495117
controller_to_actuator_command,16.23368263244629
controller_to_actuator_command,16.534090042114258
controller_to_actuator_command,16.040325164794922
controller_to_actuator_command,16.11804962158203
controller_to_actuator_command,16.02005958557129
controller_to_actuator_command,18.59140396118164
controller_to_actuator_command,16.423940658569336
controller_to_actuator_command,16.357421875
controller_to_actuator_command,16.07799530029297
controller_to_actuator_command,16.190052032470703
controller_to_actuator_command,15.413284301757812
controller_to_actuator_command,15.294075012207031
controller_to_actuator_command,16.311168670654297
controller_to_actuator_command,15.900611877441406
controller_to_actuator_command,16.159772872924805
controller_to_actuator_command,17.22431182861328
controller_to_actuator_command,14.210939407348633
controller_to_actuator_command,16.518831253051758
controller_to_actuator_command,16.336917877197266
controller_to_actuator_command,16.479015350341797
controller_to_actuator_command,17.72141456604004
controller_to_actuator_command,16.23225212097168
controller_to_actuator_command,16.47162437438965
controller_to_actuator_command,16.04604721069336
controller_to_actuator_command,16.766071319580078
controller_to_actuator_command,16.390323638916016
controller_to_actuator_command,16.036272048950195
controller_to_actuator_command,16.31784439086914
controller_to_actuator_command,16.2661075592041
controller_to_actuator_command,16.25347137451172
controller_to_actuator_command,16.735553741455078
controller_to_actuator_command,14.602899551391602
controller_to_actuator_command,17.030000686645508
controller_to_actuator_command,16.78943634033203
controller_to_actuator_command,16.312599182128906
controller_to_actuator_command,16.48116111755371
controller_to_actuator_command,15.67530632019043
controller_to_actuator_command,16.470670700073242
controller_to_actuator_command,16.13926887512207
controller_to_actuator_command,16.437053680419922
controller_to_actuator_command,16.04771614074707
controller_to_actuator_command,15.342473983764648
controller_to_actuator_command,16.277790069580078
controller_to_actuator_command,15.947580337524414
controller_to_actuator_command,15.872001647949219
controller_to_actuator_command,16.315460205078125
controller_to_actuator_command,14.339923858642578
controller_to_actuator_command,16.42131805419922
controller_to_actuator_command,16.05701446533203
controller_to_actuator_command,16.045570373535156
controller_to_actuator_command,18.897056579589844
controller_to_actuator_command,16.000747680664062
controller_to_actuator_command,16.15619659423828
controller_to_actuator_command,16.188383102416992
controller_to_actuator_command,16.515016555786133
controller_to_actuator_command,16.567707061767578
controller_to_actuator_command,14.771223068237305
controller_to_actuator_command,16.232013702392578
controller_to_actuator_command,15.958786010742188
controller_to_actuator_command,16.653060913085938
controller_to_actuator_command,16.17741584777832
controller_to_actuator_command,16.449928283691406
controller_to_actuator_command,16.362428665161133
controller_to_actuator_command,16.187667846679688
controller_to_actuator_command,16.15428924560547
controller_to_actuator_command,15.815496444702148
controller_to_actuator_command,15.690088272094727
controller_to_actuator_command,16.546010971069336
controller_to_actuator_command,16.719579696655273
controller_to_actuator_command,16.346454620361328
controller_to_actuator_command,15.932798385620117
controller_to_actuator_command,15.264749526977539
controller_to_actuator_command,16.66879653930664
controller_to_actuator_command,15.691041946411133
controller_to_actuator_command,16.39270782470703
controller_to_actuator_command,15.542030334472656
controller_to_actuator_command,16.04771614074707
controller_to_actuator_command,17.502784729003906
controller_to_actuator_command,16.461849212646484
controller_to_actuator_command,16.763925552368164
controller_to_actuator_command,15.745401382446289
controller_to_actuator_command,16.177654266357422
controller_to_actuator_command,15.84482192993164
controller_to_actuator_command,15.953302383422852
controller_to_actuator_command,15.732049942016602
controller_to_actuator_command,18.702983856201172
controller_to_actuator_command,15.231132507324219
controller_to_actuator_command,16.740083694458008
controller_to_actuator_command,15.822410583496094
controller_to_actuator_command,16.413211822509766
controller_to_actuator_command,17.440319061279297
controller_to_actuator_command,15.862464904785156
controller_to_actuator_command,15.83242416381836
controller_to_actuator_command,15.845060348510742
controller_to_actuator_command,16.373634338378906
controller_to_actuator_command,15.793085098266602
controller_to_actuator_command,16.278982162475586
controller_to_actuator_command,16.326904296875
controller_to_actuator_command,16.087770462036133
controller_to_actuator_command,16.035079956054688
controller_to_actuator_command,16.01099967956543
controller_to_actuator_command,15.288114547729492
controller_to_actuator_command,16.242504119873047
controller_to_actuator_command,16.13616943359375
controller_to_actuator_command,16.14856719970703
controller_to_actuator_command,16.330957412719727
controller_to_actuator_command,15.666723251342773
controller_to_actuator_command,16.344785690307617
controller_to_actuator_command,16.086816787719727
controller_to_actuator_command,16.22152328491211
controller_to_actuator_command,16.64113998413086
controller_to_actuator_command,15.038013458251953
controller_to_actuator_command,16.09969139099121
controller_to_actuator_command,16.15738868713379
controller_to_actuator_command,16.1135196685791
controller_to_actuator_command,15.970945358276367
controller_to_actuator_command,15.83242416381836
controller_to_actuator_command,16.28589630126953
controller_to_actuator_command,16.131162643432617
controller_to_actuator_command,16.298294067382812
controller_to_actuator_command,16.18027687072754
controller_to_actuator_command,15.856266021728516
controller_to_actuator_command,16.156435012817383
controller_to_actuator_command,16.119003295898438
controller_to_actuator_command,16.091346740722656
controller_to_actuator_command,16.210556030273438
controller_to_actuator_command,15.949487686157227
controller_to_actuator_command,16.229867935180664
controller_to_actuator_command,15.943288803100586
controller_to_actuator_command,16.14236831665039
controller_to_actuator_command,16.431570053100586
controller_to_actuator_command,15.612125396728516
controller_to_actuator_command,16.27039909362793
controller_to_actuator_command,16.367197036743164
controller_to_actuator_command,15.954732894897461
controller_to_actuator_command,16.170740127563477
controller_to_actuator_command,15.496253967285156
controller_to_actuator_command,16.134262084960938
controller_to_actuator_command,15.91038703918457
controller_to_actuator_command,16.630887985229492
controller_to_actuator_command,15.927314758300781
controller_to_actuator_command,15.458822250366211
controller_to_actuator_command,16.58463478088379
controller_to_actuator_command,15.74563980102539
controller_to_actuator_command,15.946626663208008
controller_to_actuator_command,16.257286071777344
controller_to_actuator_command,17.430543899536133
controller_to_actuator_command,16.618013381958008
controller_to_actuator_command,16.4644718170166
controller_to_actuator_command,15.932798385620117
controller_to_actuator_command,15.510797500610352
controller_to_actuator_command,15.711784362792969
controller_to_actuator_command,16.484498977661133
controller_to_actuator_command,16.056299209594727
controller_to_actuator_command,15.863895416259766
controller_to_actuator_command,16.21532440185547
controller_to_actuator_command,15.081405639648438
controller_to_actuator_command,16.4642333984375
controller_to_actuator_command,16.208887100219727
controller_to_actuator_command,16.32523536682129
controller_to_actuator_command,15.468597412109375
controller_to_actuator_command,16.056299209594727
controller_to_actuator_command,16.04318618774414
controller_to_actuator_command,15.833616256713867
controller_to_actuator_command,15.536308288574219
controller_to_actuator_command,16.270160675048828
controller_to_actuator_command,15.50149917602539
controller_to_actuator_command,16.39866828918457
controller_to_actuator_command,16.078710556030273
controller_to_actuator_command,16.063928604125977
controller_to_actuator_command,16.180038452148438
controller_to_actuator_command,16.286134719848633
controller_to_actuator_command,17.38595962524414
controller_to_actuator_command,16.327619552612305
controller_to_actuator_command,16.43967628479004
controller_to_actuator_command,15.866279602050781
controller_to_actuator_command,15.900850296020508
controller_to_actuator_command,16.70551300048828
controller_to_actuator_command,16.463756561279297
controller_to_actuator_command,16.196012496948242
controller_to_actuator_command,16.813278198242188
controller_to_actuator_command,15.759944915771484
controller_to_actuator_command,16.451358795166016
controller_to_actuator_command,15.963554382324219
controller_to_actuator_command,16.414165496826172
controller_to_actuator_command,16.41678810119629
controller_to_actuator_command,16.149282455444336
controller_to_actuator_command,16.19434356689453
controller_to_actuator_command,16.312599182128906
controller_to_actuator_command,16.156673431396484
controller_to_actuator_command,16.01719856262207
controller_to_actuator_command,16.164541244506836
controller_to_actuator_command,15.782594680786133
controller_to_actuator_command,15.84005355834961
controller_to_actuator_command,16.340970993041992
controller_to_actuator_command,16.025781631469727
controller_to_actuator_command,15.92397689819336
controller_to_actuator_command,16.31641387939453
controller_to_actuator_command,15.879392623901367
controller_to_actuator_command,16.1592960357666
controller_to_actuator_command,16.542434692382812
controller_to_actuator_command,15.588998794555664
controller_to_actuator_command,16.422510147094727
controller_to_actuator_command,16.071319580078125
controller_to_actuator_command,16.2656307220459
controller_to_actuator_command,15.742063522338867
controller_to_actuator_command,15.651941299438477
controller_to_actuator_command,16.705989837646484
controller_to_actuator_command,15.717029571533203
controller_to_actuator_command,15.84315299987793
controller_to_actuator_command,17.219066619873047
controller_to_actuator_command,15.73801040649414
controller_to_actuator_command,15.969038009643555
controller_to_actuator_command,16.46590232849121
controller_to_actuator_command,16.67332649230957
controller_to_actuator_command,16.93439483642578
controller_to_actuator_command,15.973567962646484
controller_to_actuator_command,16.880035400390625
controller_to_actuator_command,15.886545181274414
controller_to_actuator_command,15.922307968139648
controller_to_actuator_command,16.723155975341797
controller_to_actuator_command,14.927387237548828
controller_to_actuator_command,16.36528968811035
controller_to_actuator_command,16.231536865234375
controller_to_actuator_command,16.571044921875
controller_to_actuator_command,17.738819122314453
controller_to_actuator_command,16.267776489257812
controller_to_actuator_command,16.684532165527344
controller_to_actuator_command,15.237092971801758
controller_to_actuator_command,16.013622283935547
controller_to_actuator_command,19.29926872253418
controller_to_actuator_command,15.69986343383789
controller_to_actuator_command,16.883373260498047
controller_to_actuator_command,16.184329986572266
controller_to_actuator_command,16.32547378540039
controller_to_actuator_command,17.748355865478516
controller_to_actuator_command,16.748905181884766
controller_to_actuator_command,16.40033721923828
controller_to_actuator_command,15.632867813110352
controller_to_actuator_command,16.262531280517578
controller_to_actuator_command,16.202688217163086
controller_to_actuator_command,15.518665313720703
controller_to_actuator_command,15.558719635009766
controller_to_actuator_command,15.64335823059082
controller_to_actuator_command,16.109466552734375
controller_to_actuator_command,15.496015548706055
controller_to_actuator_command,16.117095947265625
controller_to_actuator_command,16.5252685546875
controller_to_actuator_command,16.3881778717041
controller_to_actuator_command,16.080617904663086
controller_to_actuator_command,17.078638076782227
controller_to_actuator_command,16.15452766418457
controller_to_actuator_command,16.284942626953125
controller_to_actuator_command,15.479564666748047
controller_to_actuator_command,15.883445739746094
controller_to_actuator_command,16.39556884765625
controller_to_actuator_command,16.0520076751709
controller_to_actuator_command,15.974998474121094
controller_to_actuator_command,16.093730926513672
controller_to_actuator_command,16.454219818115234
controller_to_actuator_command,16.641616821289062
controller_to_actuator_command,16.136646270751953
controller_to_actuator_command,16.56055450439453
controller_to_actuator_command,16.089677810668945
controller_to_actuator_command,16.462087631225586
controller_to_actuator_command,16.101598739624023
controller_to_actuator_command,16.045808792114258
controller_to_actuator_command,16.05677604675293
controller_to_actuator_command,16.078710556030273
controller_to_actuator_command,15.790700912475586
controller_to_actuator_command,18.602609634399414
controller_to_actuator_command,15.765190124511719
controller_to_actuator_command,16.322851181030273
controller_to_actuator_command,16.370773315429688
controller_to_actuator_command,16.2961483001709
controller_to_actuator_command,17.52161979675293
controller_to_actuator_command,16.37554168701172
controller_to_actuator_command,16.015052795410156
controller_to_actuator_command,15.967130661010742
controller_to_actuator_command,16.47019386291504
controller_to_actuator_command,16.171693801879883
controller_to_actuator_command,15.69223403930664
controller_to_actuator_command,16.327857971191406
controller_to_actuator_command,16.00503921508789
controller_to_actuator_command,16.206741333007812
controller_to_actuator_command,16.20340347290039
controller_to_actuator_command,16.376495361328125
controller_to_actuator_command,16.43824577331543
controller_to_actuator_command,16.086816787719727
controller_to_actuator_command,16.654253005981445
controller_to_actuator_command,17.055511474609375
controller_to_actuator_command,15.68746566772461
controller_to_actuator_command,16.034364700317383
controller_to_actuator_command,15.78831672668457
controller_to_actuator_command,16.34812355041504
controller_to_actuator_command,16.07227325439453
controller_to_actuator_command,16.075611114501953
controller_to_actuator_command,15.889167785644531
controller_to_actuator_command,16.543865203857422
controller_to_actuator_command,16.115665435791016
controller_to_actuator_command,16.54839515686035
controller_to_actuator_command,15.680551528930664
controller_to_actuator_command,16.360998153686523
controller_to_actuator_command,16.328096389770508
controller_to_actuator_command,16.109228134155273
controller_to_actuator_command,15.730619430541992
controller_to_actuator_command,16.205549240112305
controller_to_actuator_command,16.724586486816406
controller_to_actuator_command,16.4644718170166
controller_to_actuator_command,16.40772819519043
controller_to_actuator_command,16.444921493530273
controller_to_actuator_command,16.185998916625977
controller_to_actuator_command,16.82138442993164
controller_to_actuator_command,15.89512825012207
controller_to_actuator_command,15.967130661010742
controller_to_actuator_command,18.179893493652344
controller_to_actuator_command,15.516519546508789
controller_to_actuator_command,16.240358352661133
controller_to_actuator_command,15.755176544189453
controller_to_actuator_command,16.296863555908203
controller_to_actuator_command,16.234397888183594
controller_to_actuator_command,16.210079193115234
controller_to_actuator_command,16.565799713134766
controller_to_actuator_command,16.04628562927246
controller_to_actuator_command,16.074419021606445
controller_to_actuator_command,16.988039016723633
controller_to_actuator_command,15.405416488647461
controller_to_actuator_command,15.945196151733398
controller_to_actuator_command,15.985965728759766
controller_to_actuator_command,16.068220138549805
controller_to_actuator_command,15.865802764892578
controller_to_actuator_command,16.17717742919922
controller_to_actuator_command,16.249656677246094
controller_to_actuator_command,16.284465789794922
controller_to_actuator_command,16.232728958129883
controller_to_actuator_command,18.04041862487793
controller_to_actuator_command,15.797615051269531
controller_to_actuator_command,16.18671417236328
controller_to_actuator_command,15.949487686157227
controller_to_actuator_command,15.921831130981445
controller_to_actuator_command,16.582012176513672
controller_to_actuator_command,16.025781631469727
controller_to_actuator_command,16.2351131439209
controller_to_actuator_command,15.344381332397461
controller_to_actuator_command,16.29948616027832
controller_to_actuator_command,18.111467361450195
controller_to_actuator_command,15.738248825073242
controller_to_actuator_command,16.294002532958984
controller_to_actuator_command,16.045808792114258
controller_to_actuator_command,16.291141510009766
controller_to_actuator_command,16.017913818359375
controller_to_actuator_command,16.639232635498047
controller_to_actuator_command,16.071319580078125
controller_to_actuator_command,15.551090240478516
controller_to_actuator_command,16.282320022583008
controller_to_actuator_command,16.002416610717773
controller_to_actuator_command,16.4182186126709
controller_to_actuator_command,16.098737716674805
controller_to_actuator_command,15.671968460083008
controller_to_actuator_command,16.36791229248047
controller_to_actuator_command,15.880107879638672
controller_to_actuator_command,15.80500602722168
controller_to_actuator_command,15.656232833862305
controller_to_actuator_command,15.967369079589844
controller_to_actuator_command,15.90871810913086
controller_to_actuator_command,16.89600944519043
controller_to_actuator_command,15.573263168334961
controller_to_actuator_command,16.592025756835938
controller_to_actuator_command,16.53456687927246
controller_to_actuator_command,15.722274780273438
controller_to_actuator_command,16.771554946899414
controller_to_actuator_command,15.46931266784668
controller_to_actuator_command,15.77615737915039
controller_to_actuator_command,16.086339950561523
controller_to_actuator_command,16.96324348449707
controller_to_actuator_command,16.546010971069336
controller_to_actuator_command,16.147613525390625
controller_to_actuator_command,16.066789627075195
controller_to_actuator_command,16.059160232543945
controller_to_actuator_command,16.284465789794922
controller_to_actuator_command,17.246723175048828
controller_to_actuator_command,15.380144119262695
controller_to_actuator_command,15.80810546875
controller_to_actuator_command,16.208171844482422
controller_to_actuator_command,16.184568405151367
controller_to_actuator_command,16.71767234802246
controller_to_actuator_command,14.837980270385742
controller_to_actuator_command,16.72983169555664
controller_to_actuator_command,16.03221893310547
controller_to_actuator_command,16.301631927490234
controller_to_actuator_command,16.167163848876953
controller_to_actuator_command,15.836000442504883
controller_to_actuator_command,16.241788864135742
controller_to_actuator_command,15.911340713500977
controller_to_actuator_command,16.24441146850586
controller_to_actuator_command,16.04485511779785
controller_to_actuator_command,16.410112380981445
controller_to_actuator_command,15.878915786743164
controller_to_actuator_command,16.19434356689453
controller_to_actuator_command,15.86151123046875
controller_to_actuator_command,16.04294776916504
controller_to_actuator_command,15.743732452392578
controller_to_actuator_command,16.14975929260254
controller_to_actuator_command,16.3726806640625
controller_to_actuator_command,16.313552856445312
controller_to_actuator_command,16.33906364440918
controller_to_actuator_command,16.080141067504883
controller_to_actuator_command,16.597270965576172
controller_to_actuator_command,15.825271606445312
controller_to_actuator_command,16.215801239013672
controller_to_actuator_command,16.376256942749023
controller_to_actuator_command,16.446590423583984
controller_to_actuator_command,16.35575294494629
controller_to_actuator_command,15.789031982421875
controller_to_actuator_command,16.205310821533203
controller_to_actuator_command,16.02792739868164
controller_to_actuator_command,15.993118286132812
controller_to_actuator_command,16.127824783325195
controller_to_actuator_command,15.778303146362305
controller_to_actuator_command,15.926837921142578
controller_to_actuator_command,15.796899795532227
controller_to_actuator_command,15.849590301513672
controller_to_actuator_command,14.71853256225586
controller_to_actuator_command,16.163349151611328
controller_to_actuator_command,16.275405883789062
controller_to_actuator_command,28.03635597229004
controller_to_actuator_command,9.732484817504883
controller_to_actuator_command,15.980005264282227
controller_to_actuator_command,16.755342483520508
controller_to_actuator_command,15.985488891601562
controller_to_actuator_command,16.843080520629883
controller_to_actuator_command,16.115665435791016
controller_to_actuator_command,16.351938247680664
controller_to_actuator_command,15.984535217285156
controller_to_actuator_command,16.407012939453125
controller_to_actuator_command,19.33121681213379
controller_to_actuator_command,16.12997055053711
controller_to_actuator_command,16.301870346069336
controller_to_actuator_command,15.776872634887695
controller_to_actuator_command,16.12091064453125
controller_to_actuator_command,15.755653381347656
controller_to_actuator_command,15.434980392456055
controller_to_actuator_command,15.88582992553711
controller_to_actuator_command,16.3726806640625
controller_to_actuator_command,16.385555267333984
controller_to_actuator_command,15.906095504760742
controller_to_actuator_command,15.859842300415039
controller_to_actuator_command,16.132831573486328
controller_to_actuator_command,15.82026481628418
controller_to_actuator_command,16.21556282043457
controller_to_actuator_command,16.0977840423584
controller_to_actuator_command,13.12708854675293
controller_to_actuator_command,16.521692276000977
controller_to_actuator_command,15.595436096191406
controller_to_actuator_command,15.648603439331055
controller_to_actuator_command,16.423940658569336
controller_to_actuator_command,15.511274337768555
controller_to_actuator_command,16.477584838867188
controller_to_actuator_command,15.917778015136719
controller_to_actuator_command,16.140222549438477
controller_to_actuator_command,16.436338424682617
controller_to_actuator_command,16.267776489257812
controller_to_actuator_command,16.83974266052246
controller_to_actuator_command,16.633272171020508
controller_to_actuator_command,16.58344268798828
controller_to_actuator_command,16.04151725769043
controller_to_actuator_command,14.760494232177734
controller_to_actuator_command,16.546964645385742
controller_to_actuator_command,15.890121459960938
controller_to_actuator_command,16.37411117553711
controller_to_actuator_command,16.260385513305664
controller_to_actuator_command,16.018390655517578
controller_to_actuator_command,15.891551971435547
controller_to_actuator_command,15.881538391113281
controller_to_actuator_command,17.145156860351562
controller_to_actuator_command,17.18282699584961
controller_to_actuator_command,15.628337860107422
controller_to_actuator_command,16.157150268554688
controller_to_actuator_command,15.653610229492188
controller_to_actuator_command,14.191389083862305
controller_to_actuator_command,16.399145126342773
controller_to_actuator_command,16.341209411621094
controller_to_actuator_command,16.930580139160156
controller_to_actuator_command,16.29161834716797
controller_to_actuator_command,16.159772872924805
controller_to_actuator_command,16.357421875
controller_to_actuator_command,15.90108871459961
controller_to_actuator_command,16.503572463989258
controller_to_actuator_command,17.128944396972656
controller_to_actuator_command,16.22772216796875
controller_to_actuator_command,16.173124313354492
controller_to_actuator_command,15.835285186767578
controller_to_actuator_command,15.993356704711914
controller_to_actuator_command,15.472650527954102
controller_to_actuator_command,16.177654266357422
controller_to_actuator_command,16.72506332397461
controller_to_actuator_command,16.01696014404297
controller_to_actuator_command,16.54815673828125
controller_to_actuator_command,16.186237335205078
controller_to_actuator_command,16.26443862915039
controller_to_actuator_command,18.253564834594727
controller_to_actuator_command,16.119956970214844
controller_to_actuator_command,16.276836395263672
controller_to_actuator_command,15.998125076293945
controller_to_actuator_command,16.095399856567383
controller_to_actuator_command,17.231464385986328
controller_to_actuator_command,15.972614288330078
controller_to_actuator_command,16.36815071105957
controller_to_actuator_command,15.87057113647461
controller_to_actuator_command,16.537189483642578
controller_to_actuator_command,16.153812408447266
controller_to_actuator_command,15.567541122436523
controller_to_actuator_command,16.635894775390625
controller_to_actuator_command,16.135692596435547
controller_to_actuator_command,15.848636627197266
controller_to_actuator_command,15.89202880859375
controller_to_actuator_command,16.190052032470703
controller_to_actuator_command,16.330718994140625
controller_to_actuator_command,16.07203483581543
controller_to_actuator_command,16.26443862915039
controller_to_actuator_command,16.566038131713867
controller_to_actuator_command,15.661239624023438
controller_to_actuator_command,16.09492301940918
controller_to_actuator_command,15.876054763793945
controller_to_actuator_command,16.10541343688965
controller_to_actuator_command,18.365144729614258
controller_to_actuator_command,16.053199768066406
controller_to_actuator_command,15.860795974731445
controller_to_actuator_command,15.983104705810547
controller_to_actuator_command,16.051530838012695
controller_to_actuator_command,16.7081356048584
controller_to_actuator_command,16.226530075073242
controller_to_actuator_command,16.55888557434082
controller_to_actuator_command,16.04914665222168
controller_to_actuator_command,16.32094383239746
controller_to_actuator_command,15.898942947387695
controller_to_actuator_command,15.853166580200195
controller_to_actuator_command,16.536951065063477
controller_to_actuator_command,16.01886749267578
controller_to_actuator_command,16.632080078125
controller_to_actuator_command,16.093730926513672
controller_to_actuator_command,16.27802848815918
controller_to_actuator_command,16.535520553588867
controller_to_actuator_command,16.25347137451172
controller_to_actuator_command,16.607046127319336
controller_to_actuator_command,18.566370010375977
controller_to_actuator_command,15.624761581420898
controller_to_actuator_command,16.521453857421875
controller_to_actuator_command,15.490055084228516
controller_to_actuator_command,16.182661056518555
controller_to_actuator_command,18.052101135253906
controller_to_actuator_command,16.585111618041992
controller_to_actuator_command,16.366243362426758
controller_to_actuator_command,15.95926284790039
controller_to_actuator_command,16.1895751953125
controller_to_actuator_command,18.635034561157227
controller_to_actuator_command,15.772819519042969
controller_to_actuator_command,17.141103744506836
controller_to_actuator_command,16.431331634521484
controller_to_actuator_command,16.299962997436523
controller_to_actuator_command,17.71235466003418
controller_to_actuator_command,15.696525573730469
controller_to_actuator_command,16.298294067382812
controller_to_actuator_command,16.03078842163086
controller_to_actuator_command,15.85841178894043
controller_to_actuator_command,16.182661056518555
controller_to_actuator_command,15.220165252685547
controller_to_actuator_command,16.023635864257812
controller_to_actuator_command,16.138553619384766
controller_to_actuator_command,16.358613967895508
controller_to_actuator_command,16.10851287841797
controller_to_actuator_command,16.358613967895508
controller_to_actuator_command,15.75469970703125
controller_to_actuator_command,16.35885238647461
controller_to_actuator_command,16.053438186645508
controller_to_actuator_command,18.038034439086914
controller_to_actuator_command,15.39754867553711
controller_to_actuator_command,16.13473892211914
controller_to_actuator_command,15.849113464355469
controller_to_actuator_command,16.060590744018555
controller_to_actuator_command,18.441200256347656
controller_to_actuator_command,15.775203704833984
controller_to_actuator_command,16.557931900024414
controller_to_actuator_command,15.729665756225586
controller_to_actuator_command,15.913248062133789
controller_to_actuator_command,16.776084899902344
controller_to_actuator_command,16.5708065032959
controller_to_actuator_command,16.78609848022461
controller_to_actuator_command,15.773534774780273
controller_to_actuator_command,16.309261322021484
controller_to_actuator_command,19.281387329101562
controller_to_actuator_command,15.781641006469727
controller_to_actuator_command,16.210079193115234
controller_to_actuator_command,16.431808471679688
controller_to_actuator_command,16.345977783203125
controller_to_actuator_command,16.48569107055664
controller_to_actuator_command,16.60609245300293
controller_to_actuator_command,16.48569107055664
controller_to_actuator_command,16.20960235595703
controller_to_actuator_command,15.911579132080078
controller_to_actuator_command,17.470598220825195
controller_to_actuator_command,16.590356826782227
controller_to_actuator_command,16.280412673950195
controller_to_actuator_command,16.530513763427734
controller_to_actuator_command,16.2508487701416
controller_to_actuator_command,17.98272132873535
controller_to_actuator_command,15.989542007446289
controller_to_actuator_command,16.050338745117188
controller_to_actuator_command,16.26300811767578
controller_to_actuator_command,16.269683837890625
controller_to_actuator_command,16.676902770996094
controller_to_actuator_command,16.37887954711914
controller_to_actuator_command,16.011476516723633
controller_to_actuator_command,15.723228454589844
controller_to_actuator_command,16.138792037963867
controller_to_actuator_command,18.359899520874023
controller_to_actuator_command,16.62302017211914
controller_to_actuator_command,16.378402709960938
controller_to_actuator_command,15.820503234863281
controller_to_actuator_command,16.290903091430664
controller_to_actuator_command,16.94202423095703
controller_to_actuator_command,16.15452766418457
controller_to_actuator_command,16.632795333862305
controller_to_actuator_command,16.314029693603516
controller_to_actuator_command,16.442298889160156
controller_to_actuator_command,18.46170425415039
controller_to_actuator_command,15.570878982543945
controller_to_actuator_command,16.359567642211914
controller_to_actuator_command,15.90871810913086
controller_to_actuator_command,16.22152328491211
controller_to_actuator_command,15.763282775878906
controller_to_actuator_command,16.079187393188477
controller_to_actuator_command,16.25847816467285
controller_to_actuator_command,15.927791595458984
controller_to_actuator_command,15.943765640258789
controller_to_actuator_command,16.231536865234375
controller_to_actuator_command,16.23845100402832
controller_to_actuator_command,15.983104705810547
controller_to_actuator_command,15.99264144897461
controller_to_actuator_command,16.28732681274414
controller_to_actuator_command,17.03953742980957
controller_to_actuator_command,16.058683395385742
controller_to_actuator_command,15.849828720092773
controller_to_actuator_command,15.827655792236328
controller_to_actuator_command,16.19744300842285
controller_to_actuator_command,17.011404037475586
controller_to_actuator_command,16.025781631469727
controller_to_actuator_command,16.467571258544922
controller_to_actuator_command,16.396522521972656
controller_to_actuator_command,16.391754150390625
controller_to_actuator_command,17.327308654785156
controller_to_actuator_command,16.06440544128418
controller_to_actuator_command,16.57867431640625
controller_to_actuator_command,15.642166137695312
controller_to_actuator_command,16.0982608795166
controller_to_actuator_command,18.032073974609375
controller_to_actuator_command,16.379117965698242
controller_to_actuator_command,16.13759994506836
controller_to_actuator_command,15.977144241333008
controller_to_actuator_command,16.010761260986328
controller_to_actuator_command,15.902519226074219
controller_to_actuator_command,16.072750091552734
controller_to_actuator_command,16.196250915527344
controller_to_actuator_command,16.448497772216797
controller_to_actuator_command,16.347646713256836
controller_to_actuator_command,17.510414123535156
controller_to_actuator_command,16.550064086914062
controller_to_actuator_command,16.9064998626709
controller_to_actuator_command,16.281604766845703
controller_to_actuator_command,16.554832458496094
controller_to_actuator_command,18.547534942626953
controller_to_actuator_command,16.470909118652344
controller_to_actuator_command,16.773700714111328
controller_to_actuator_command,16.14546775817871
controller_to_actuator_command,17.395973205566406
controller_to_actuator_command,17.99154281616211
controller_to_actuator_command,16.121864318847656
controller_to_actuator_command,16.439437866210938
controller_to_actuator_command,16.12687110900879
controller_to_actuator_command,16.132116317749023
controller_to_actuator_command,18.19300651550293
controller_to_actuator_command,16.32404327392578
controller_to_actuator_command,16.64900779724121
controller_to_actuator_command,15.81883430480957
controller_to_actuator_command,16.258716583251953
controller_to_actuator_command,17.98248291015625
controller_to_actuator_command,16.9069766998291
controller_to_actuator_command,16.63041114807129
controller_to_actuator_command,15.953540802001953
controller_to_actuator_command,16.393661499023438
controller_to_actuator_command,16.65472984313965
controller_to_actuator_command,15.753746032714844
controller_to_actuator_command,16.06297492980957
controller_to_actuator_command,16.043663024902344
controller_to_actuator_command,16.652584075927734
controller_to_actuator_command,16.24464988708496
controller_to_actuator_command,15.820980072021484
controller_to_actuator_command,16.293048858642578
controller_to_actuator_command,15.33651351928711
controller_to_actuator_command,16.012907028198242
controller_to_actuator_command,16.669034957885742
controller_to_actuator_command,16.10565185546875
controller_to_actuator_command,16.58344268798828
controller_to_actuator_command,15.764951705932617
controller_to_actuator_command,16.62278175354004
controller_to_actuator_command,17.389535903930664
controller_to_actuator_command,16.22462272644043
controller_to_actuator_command,15.938520431518555
controller_to_actuator_command,16.14093780517578
controller_to_actuator_command,16.30568504333496
controller_to_actuator_command,18.216609954833984
controller_to_actuator_command,16.488075256347656
controller_to_actuator_command,16.902685165405273
controller_to_actuator_command,16.45040512084961
controller_to_actuator_command,16.65663719177246
controller_to_actuator_command,17.67587661743164
controller_to_actuator_command,16.04914665222168
controller_to_actuator_command,15.58542251586914
controller_to_actuator_command,15.815973281860352
controller_to_actuator_command,16.369104385375977
controller_to_actuator_command,17.659902572631836
controller_to_actuator_command,15.344619750976562
controller_to_actuator_command,16.170978546142578
controller_to_actuator_command,16.02911949157715
controller_to_actuator_command,16.077280044555664
controller_to_actuator_command,16.644001007080078
controller_to_actuator_command,15.827417373657227
controller_to_actuator_command,16.00193977355957
controller_to_actuator_command,15.598058700561523
controller_to_actuator_command,16.263484954833984
controller_to_actuator_command,16.448974609375
controller_to_actuator_command,16.176223754882812
controller_to_actuator_command,16.49641990661621
controller_to_actuator_command,16.127586364746094
controller_to_actuator_command,16.08896255493164
controller_to_actuator_command,18.147706985473633
controller_to_actuator_command,15.858650207519531
controller_to_actuator_command,15.995264053344727
controller_to_actuator_command,15.855550765991211
controller_to_actuator_command,15.851736068725586
controller_to_actuator_command,17.110824584960938
controller_to_actuator_command,15.720129013061523
controller_to_actuator_command,16.351938247680664
controller_to_actuator_command,16.257286071777344
controller_to_actuator_command,16.47663116455078
controller_to_actuator_command,18.463850021362305
controller_to_actuator_command,16.297101974487305
controller_to_actuator_command,17.02737808227539
controller_to_actuator_command,16.66736602783203
controller_to_actuator_command,16.188859939575195
controller_to_actuator_command,17.678022384643555
controller_to_actuator_command,16.355514526367188
controller_to_actuator_command,16.49165153503418
controller_to_actuator_command,15.884160995483398
controller_to_actuator_command,16.260862350463867
controller_to_actuator_command,17.394065856933594
controller_to_actuator_command,16.236305236816406
controller_to_actuator_command,15.859842300415039
controller_to_actuator_command,15.853643417358398
controller_to_actuator_command,16.054630279541016
controller_to_actuator_command,17.772674560546875
controller_to_actuator_command,15.689373016357422
controller_to_actuator_command,16.212940216064453
controller_to_actuator_command,16.143083572387695
controller_to_actuator_command,16.511917114257812
controller_to_actuator_command,17.26818084716797
controller_to_actuator_command,16.335487365722656
controller_to_actuator_command,16.383647918701172
controller_to_actuator_command,16.112565994262695
controller_to_actuator_command,16.233444213867188
controller_to_actuator_command,16.222238540649414
controller_to_actuator_command,16.269207000732422
controller_to_actuator_command,16.466140747070312
controller_to_actuator_command,16.068220138549805
controller_to_actuator_command,16.47043228149414
controller_to_actuator_command,17.12179183959961
controller_to_actuator_command,16.0214900970459
controller_to_actuator_command,15.780448913574219
controller_to_actuator_command,16.257524490356445
controller_to_actuator_command,16.31474494934082
controller_to_actuator_command,16.063451766967773
controller_to_actuator_command,15.850067138671875
controller_to_actuator_command,16.344547271728516
controller_to_actuator_command,15.729665756225586
controller_to_actuator_command,16.11018180847168
controller_to_actuator_command,15.35177230834961
controller_to_actuator_command,17.660140991210938
controller_to_actuator_command,16.123056411743164
controller_to_actuator_command,16.324996948242188
controller_to_actuator_command,16.20769500732422
controller_to_actuator_command,16.38007164001465
controller_to_actuator_command,16.332149505615234
controller_to_actuator_command,16.661882400512695
controller_to_actuator_command,16.219377517700195
controller_to_actuator_command,16.425371170043945
controller_to_actuator_command,16.284465789794922
controller_to_actuator_command,16.257524490356445
controller_to_actuator_command,16.46900177001953
controller_to_actuator_command,16.080617904663086
controller_to_actuator_command,16.129255294799805
controller_to_actuator_command,18.86296272277832
controller_to_actuator_command,15.523672103881836
controller_to_actuator_command,16.356706619262695
controller_to_actuator_command,16.054868698120117
controller_to_actuator_command,15.924453735351562
controller_to_actuator_command,16.692399978637695
controller_to_actuator_command,16.307592391967773
controller_to_actuator_command,16.34836196899414
controller_to_actuator_command,16.21413230895996
controller_to_actuator_command,16.13450050354004
controller_to_actuator_command,17.06552505493164
controller_to_actuator_command,16.686439514160156
controller_to_actuator_command,16.30234718322754
controller_to_actuator_command,16.248226165771484
controller_to_actuator_command,16.153812408447266
controller_to_actuator_command,17.85421371459961
controller_to_actuator_command,15.619277954101562
controller_to_actuator_command,15.836715698242188
controller_to_actuator_command,16.25800132751465
controller_to_actuator_command,16.385793685913086
controller_to_actuator_command,17.144203186035156
controller_to_actuator_command,15.88892936706543
controller_to_actuator_command,16.43991470336914
controller_to_actuator_command,15.804529190063477
controller_to_actuator_command,16.284704208374023
controller_to_actuator_command,16.991615295410156
controller_to_actuator_command,16.18671417236328
controller_to_actuator_command,16.536474227905273
controller_to_actuator_command,16.460657119750977
controller_to_actuator_command,16.415119171142578
controller_to_actuator_command,16.259193420410156
controller_to_actuator_command,15.594482421875
controller_to_actuator_command,15.729904174804688
controller_to_actuator_command,16.236066818237305
controller_to_actuator_command,16.396760940551758
controller_to_actuator_command,17.51232147216797
controller_to_actuator_command,15.75613021850586
controller_to_actuator_command,16.344308853149414
controller_to_actuator_command,15.899181365966797
controller_to_actuator_command,16.266345977783203
controller_to_actuator_command,16.515016555786133
controller_to_actuator_command,16.150951385498047
controller_to_actuator_command,16.29018783569336
controller_to_actuator_command,15.824079513549805
controller_to_actuator_command,16.254186630249023
controller_to_actuator_command,16.231060028076172
controller_to_actuator_command,15.380144119262695
controller_to_actuator_command,17.020702362060547
controller_to_actuator_command,16.16215705871582
controller_to_actuator_command,16.68548583984375
controller_to_actuator_command,17.458438873291016
controller_to_actuator_command,16.170740127563477
controller_to_actuator_command,16.350507736206055
controller_to_actuator_command,15.439510345458984
controller_to_actuator_command,16.234397888183594
controller_to_actuator_command,18.02206039428711
controller_to_actuator_command,16.35289192199707
controller_to_actuator_command,16.242265701293945
controller_to_actuator_command,16.257524490356445
controller_to_actuator_command,16.720294952392578
controller_to_actuator_command,17.650842666625977
controller_to_actuator_command,16.07966423034668
controller_to_actuator_command,16.649961471557617
controller_to_actuator_command,16.344785690307617
controller_to_actuator_command,16.036272048950195
controller_to_actuator_command,17.229080200195312
controller_to_actuator_command,16.403913497924805
controller_to_actuator_command,16.81375503540039
controller_to_actuator_command,16.3877010345459
controller_to_actuator_command,16.329050064086914
controller_to_actuator_command,16.547441482543945
controller_to_actuator_command,16.110658645629883
controller_to_actuator_command,16.035795211791992
controller_to_actuator_command,16.082048416137695
controller_to_actuator_command,16.1590576171875
controller_to_actuator_command,17.127513885498047
controller_to_actuator_command,16.07823371887207
controller_to_actuator_command,15.796422958374023
controller_to_actuator_command,16.447782516479492
controller_to_actuator_command,16.55101776123047
controller_to_actuator_command,16.95871353149414
controller_to_actuator_command,15.554189682006836
controller_to_actuator_command,16.63041114807129
controller_to_actuator_command,15.434026718139648
controller_to_actuator_command,16.38627052307129
controller_to_actuator_command,16.966819763183594
controller_to_actuator_command,16.21222496032715
controller_to_actuator_command,16.571044921875
controller_to_actuator_command,16.420602798461914
controller_to_actuator_command,16.21413230895996
controller_to_actuator_command,18.630027770996094
controller_to_actuator_command,15.847444534301758
controller_to_actuator_command,16.927003860473633
controller_to_actuator_command,15.697956085205078
controller_to_actuator_command,16.285419464111328
controller_to_actuator_command,17.44818687438965
controller_to_actuator_command,15.991449356079102
controller_to_actuator_command,16.664981842041016
controller_to_actuator_command,16.2811279296875
controller_to_actuator_command,16.162395477294922
controller_to_actuator_command,16.09325408935547
controller_to_actuator_command,16.027212142944336
controller_to_actuator_command,15.985488891601562
controller_to_actuator_command,15.931129455566406
controller_to_actuator_command,16.18194580078125
controller_to_actuator_command,16.10732078552246
controller_to_actuator_command,16.033411026000977
controller_to_actuator_command,16.47329330444336
controller_to_actuator_command,15.890121459960938
controller_to_actuator_command,16.054391860961914
controller_to_actuator_command,17.231464385986328
controller_to_actuator_command,16.358137130737305
controller_to_actuator_command,16.40176773071289
controller_to_actuator_command,16.23249053955078
controller_to_actuator_command,16.169309616088867
controller_to_actuator_command,16.716957092285156
controller_to_actuator_command,16.138315200805664
controller_to_actuator_command,16.46566390991211
controller_to_actuator_command,16.330242156982422
controller_to_actuator_command,16.213178634643555
controller_to_actuator_command,18.458843231201172
controller_to_actuator_command,16.214847564697266
controller_to_actuator_command,16.280174255371094
controller_to_actuator_command,16.291141510009766
controller_to_actuator_command,16.49951934814453
controller_to_actuator_command,17.029285430908203
controller_to_actuator_command,15.999317169189453
controller_to_actuator_command,16.060352325439453
controller_to_actuator_command,15.65408706665039
controller_to_actuator_command,16.119718551635742
controller_to_actuator_command,16.73746109008789
controller_to_actuator_command,16.027450561523438
controller_to_actuator_command,15.974998474121094
controller_to_actuator_command,15.96832275390625
controller_to_actuator_command,16.360759735107422
controller_to_actuator_command,17.94147491455078
controller_to_actuator_command,15.960693359375
controller_to_actuator_command,14.204740524291992
controller_to_actuator_command,15.740633010864258
controller_to_actuator_command,16.065597534179688
controller_to_actuator_command,16.53289794921875
controller_to_actuator_command,16.054868698120117
controller_to_actuator_command,16.613245010375977
controller_to_actuator_command,16.150712966918945
controller_to_actuator_command,16.61515235900879
controller_to_actuator_command,16.292095184326172
controller_to_actuator_command,16.13306999206543
controller_to_actuator_command,16.298294067382812
controller_to_actuator_command,16.37125015258789
controller_to_actuator_command,16.321420669555664
controller_to_actuator_command,16.827821731567383
controller_to_actuator_command,15.792369842529297
controller_to_actuator_command,16.17288589477539
controller_to_actuator_command,16.110658645629883
controller_to_actuator_command,16.338348388671875
controller_to_actuator_command,16.808271408081055
controller_to_actuator_command,15.764951705932617
controller_to_actuator_command,16.3877010345459
controller_to_actuator_command,15.729188919067383
controller_to_actuator_command,16.039609909057617
controller_to_actuator_command,18.407821655273438
controller_to_actuator_command,16.29805564880371
controller_to_actuator_command,16.34693145751953
controller_to_actuator_command,15.71345329284668
controller_to_actuator_command,16.110658645629883
controller_to_actuator_command,16.827106475830078
controller_to_actuator_command,16.239404678344727
controller_to_actuator_command,16.34979248046875
controller_to_actuator_command,15.905618667602539
controller_to_actuator_command,16.35146141052246
controller_to_actuator_command,16.210317611694336
controller_to_actuator_command,15.76685905456543
controller_to_actuator_command,16.256093978881836
controller_to_actuator_command,15.78664779663086
controller_to_actuator_command,16.710758209228516
controller_to_actuator_command,16.579389572143555
controller_to_actuator_command,15.546560287475586
controller_to_actuator_command,15.894412994384766
controller_to_actuator_command,15.821695327758789
controller_to_actuator_command,16.022682189941406
controller_to_actuator_command,15.703916549682617
controller_to_actuator_command,15.17176628112793
controller_to_actuator_command,15.74563980102539
controller_to_actuator_command,16.004085540771484
controller_to_actuator_command,16.174793243408203
controller_to_actuator_command,16.31927490234375
controller_to_actuator_command,16.472816467285156
controller_to_actuator_command,15.981197357177734
controller_to_actuator_command,15.751123428344727
controller_to_actuator_command,14.914512634277344
controller_to_actuator_command,16.77727699279785
controller_to_actuator_command,16.053199768066406
controller_to_actuator_command,15.87986946105957
controller_to_actuator_command,15.887022018432617
controller_to_actuator_command,16.844749450683594
controller_to_actuator_command,16.477346420288086
controller_to_actuator_command,16.13926887512207
controller_to_actuator_command,15.826225280761719
controller_to_actuator_command,15.928268432617188
controller_to_actuator_command,16.798734664916992
controller_to_actuator_command,16.267061233520508
controller_to_actuator_command,16.028881072998047
controller_to_actuator_command,16.109228134155273
controller_to_actuator_command,15.71202278137207
controller_to_actuator_command,16.297340393066406
controller_to_actuator_command,18.39470863342285
controller_to_actuator_command,15.56849479675293
controller_to_actuator_command,16.19243621826172
controller_to_actuator_command,16.414642333984375
controller_to_actuator_command,16.509294509887695
controller_to_actuator_command,17.043590545654297
controller_to_actuator_command,15.706777572631836
controller_to_actuator_command,16.163349151611328
controller_to_actuator_command,15.868186950683594
controller_to_actuator_command,16.00503921508789
controller_to_actuator_command,17.057180404663086
controller_to_actuator_command,15.89512825012207
controller_to_actuator_command,15.802145004272461
controller_to_actuator_command,16.108036041259766
controller_to_actuator_command,16.15762710571289
controller_to_actuator_command,17.539501190185547
controller_to_actuator_command,15.27261734008789
controller_to_actuator_command,16.096115112304688
controller_to_actuator_command,16.03388786315918
controller_to_actuator_command,15.78974723815918
controller_to_actuator_command,15.52128791809082
controller_to_actuator_command,16.356468200683594
controller_to_actuator_command,16.36981964111328
controller_to_actuator_command,16.34836196899414
controller_to_actuator_command,16.26753807067871
controller_to_actuator_command,18.54109764099121
controller_to_actuator_command,16.078472137451172
controller_to_actuator_command,16.59703254699707
controller_to_actuator_command,16.295909881591797
controller_to_actuator_command,16.480207443237305
controller_to_actuator_command,16.492843627929688
controller_to_actuator_command,15.713930130004883
controller_to_actuator_command,15.452146530151367
controller_to_actuator_command,15.851974487304688
controller_to_actuator_command,16.086816787719727
controller_to_actuator_command,17.456769943237305
controller_to_actuator_command,16.086101531982422
controller_to_actuator_command,15.82789421081543
controller_to_actuator_command,16.086339950561523
controller_to_actuator_command,16.191720962524414
controller_to_actuator_command,18.366098403930664
controller_to_actuator_command,16.724824905395508
controller_to_actuator_command,16.066551208496094
controller_to_actuator_command,16.04318618774414
controller_to_actuator_command,15.954256057739258
controller_to_actuator_command,17.203807830810547
controller_to_actuator_command,16.128063201904297
controller_to_actuator_command,16.530275344848633
controller_to_actuator_command,16.55721664428711
controller_to_actuator_command,15.98358154296875
controller_to_actuator_command,16.925573348999023
controller_to_actuator_command,16.020774841308594
controller_to_actuator_command,16.017675399780273
controller_to_actuator_command,16.075849533081055
controller_to_actuator_command,16.163349151611328
controller_to_actuator_command,16.863584518432617
controller_to_actuator_command,15.923023223876953
controller_to_actuator_command,15.953302383422852
controller_to_actuator_command,15.92874526977539
controller_to_actuator_command,15.683650970458984
controller_to_actuator_command,16.770362854003906
controller_to_actuator_command,16.277074813842773
controller_to_actuator_command,16.124248504638672
controller_to_actuator_command,16.06893539428711
controller_to_actuator_command,16.16215705871582
controller_to_actuator_command,16.262054443359375
controller_to_actuator_command,16.29805564880371
controller_to_actuator_command,16.870737075805664
controller_to_actuator_command,16.293764114379883
controller_to_actuator_command,16.312122344970703
controller_to_actuator_command,16.658306121826172
controller_to_actuator_command,16.332387924194336
controller_to_actuator_command,16.840219497680664
controller_to_actuator_command,16.45970344543457
controller_to_actuator_command,16.260862350463867
controller_to_actuator_command,17.10963249206543
controller_to_actuator_command,15.752315521240234
controller_to_actuator_command,15.95926284790039
controller_to_actuator_command,16.36052131652832
controller_to_actuator_command,16.30234718322754
controller_to_actuator_command,16.856908798217773
controller_to_actuator_command,15.87224006652832
controller_to_actuator_command,16.41678810119629
controller_to_actuator_command,15.827178955078125
controller_to_actuator_command,16.138076782226562
controller_to_actuator_command,18.160104751586914
controller_to_actuator_command,16.256332397460938
controller_to_actuator_command,16.499042510986328
controller_to_actuator_command,15.90275764465332
controller_to_actuator_command,16.109466552734375
controller_to_actuator_command,16.440868377685547
controller_to_actuator_command,16.49641990661621
controller_to_actuator_command,17.0135498046875
controller_to_actuator_command,16.14069938659668
controller_to_actuator_command,16.547679901123047
controller_to_actuator_command,17.37046241760254
controller_to_actuator_command,15.76089859008789
controller_to_actuator_command,16.328096389770508
controller_to_actuator_command,16.089439392089844
controller_to_actuator_command,16.313791275024414
controller_to_actuator_command,18.665313720703125
controller_to_actuator_command,17.02094078063965
controller_to_actuator_command,16.404151916503906
controller_to_actuator_command,15.683174133300781
controller_to_actuator_command,16.315698623657227
controller_to_actuator_command,17.90642738342285
controller_to_actuator_command,16.037702560424805
controller_to_actuator_command,16.36958122253418
controller_to_actuator_command,16.04771614074707
controller_to_actuator_command,16.977310180664062
controller_to_actuator_command,18.026351928710938
controller_to_actuator_command,15.965700149536133
controller_to_actuator_command,15.653848648071289
controller_to_actuator_command,15.957355499267578
controller_to_actuator_command,16.376256942749023
controller_to_actuator_command,17.393827438354492
controller_to_actuator_command,15.964031219482422
controller_to_actuator_command,16.547441482543945
controller_to_actuator_command,16.181468963623047
controller_to_actuator_command,16.976356506347656
controller_to_actuator_command,18.7530517578125
controller_to_actuator_command,15.66767692565918
controller_to_actuator_command,16.18218421936035
controller_to_actuator_command,16.039133071899414
controller_to_actuator_command,16.581296920776367
controller_to_actuator_command,16.394615173339844
controller_to_actuator_command,15.905141830444336
controller_to_actuator_command,16.433238983154297
controller_to_actuator_command,16.18051528930664
controller_to_actuator_command,16.05224609375
controller_to_actuator_command,17.419815063476562
controller_to_actuator_command,16.243457794189453
controller_to_actuator_command,16.435861587524414
controller_to_actuator_command,16.25204086303711
controller_to_actuator_command,16.31474494934082
controller_to_actuator_command,16.704082489013672
controller_to_actuator_command,15.55013656616211
controller_to_actuator_command,16.066551208496094
controller_to_actuator_command,15.803813934326172
controller_to_actuator_command,16.325950622558594
controller_to_actuator_command,16.84880256652832
controller_to_actuator_command,16.19863510131836
controller_to_actuator_command,16.430377960205078
controller_to_actuator_command,16.071796417236328
controller_to_actuator_command,16.40629768371582
controller_to_actuator_command,16.88861846923828
controller_to_actuator_command,16.309738159179688
controller_to_actuator_command,16.244888305664062
controller_to_actuator_command,16.5555477142334
controller_to_actuator_command,16.39842987060547
controller_to_actuator_command,17.853975296020508
controller_to_actuator_command,16.43681526184082
controller_to_actuator_command,15.855550765991211
controller_to_actuator_command,15.593767166137695
controller_to_actuator_command,16.269683837890625
controller_to_actuator_command,16.749858856201172
controller_to_actuator_command,16.08729362487793
controller_to_actuator_command,16.718626022338867
controller_to_actuator_command,16.880512237548828
controller_to_actuator_command,16.316652297973633
controller_to_actuator_command,16.561508178710938
controller_to_actuator_command,16.417741775512695
controller_to_actuator_command,16.156911849975586
controller_to_actuator_command,16.169309616088867
controller_to_actuator_command,16.394853591918945
controller_to_actuator_command,17.583847045898438
controller_to_actuator_command,15.702962875366211
controller_to_actuator_command,16.28398895263672
controller_to_actuator_command,16.245365142822266
controller_to_actuator_command,16.54505729675293
controller_to_actuator_command,17.217159271240234
controller_to_actuator_command,15.205860137939453
controller_to_actuator_command,16.227245330810547
controller_to_actuator_command,16.31474494934082
controller_to_actuator_command,15.933513641357422
controller_to_actuator_command,17.420291900634766
controller_to_actuator_command,15.747547149658203
controller_to_actuator_command,16.645431518554688
controller_to_actuator_command,16.4792537689209
controller_to_actuator_command,16.35885238647461
controller_to_actuator_command,16.561269760131836
controller_to_actuator_command,15.953302383422852
controller_to_actuator_command,16.089916229248047
controller_to_actuator_command,16.061067581176758
controller_to_actuator_command,16.24274253845215
controller_to_actuator_command,16.131877899169922
controller_to_actuator_command,16.882658004760742
controller_to_actuator_command,16.55101776123047
controller_to_actuator_command,15.597105026245117
controller_to_actuator_command,16.48235321044922
controller_to_actuator_command,16.699790954589844
controller_to_actuator_command,15.798330307006836
controller_to_actuator_command,16.181468963623047
controller_to_actuator_command,16.091346740722656
controller_to_actuator_command,16.243457794189453
controller_to_actuator_command,17.848491668701172
controller_to_actuator_command,16.14856719970703
controller_to_actuator_command,16.307592391967773
controller_to_actuator_command,15.88129997253418
controller_to_actuator_command,16.363143920898438
controller_to_actuator_command,17.20595359802246
controller_to_actuator_command,16.013383865356445
controller_to_actuator_command,16.281604766845703
controller_to_actuator_command,15.683412551879883
controller_to_actuator_command,16.134262084960938
controller_to_actuator_command,17.573833465576172
controller_to_actuator_command,16.29781723022461
controller_to_actuator_command,16.02029800415039
controller_to_actuator_command,16.247272491455078
controller_to_actuator_command,16.315698623657227
controller_to_actuator_command,16.903162002563477
controller_to_actuator_command,16.07823371887207
controller_to_actuator_command,16.223430633544922
controller_to_actuator_command,15.823841094970703
controller_to_actuator_command,15.902280807495117
controller_to_actuator_command,17.889738082885742
controller_to_actuator_command,16.274452209472656
controller_to_actuator_command,16.190528869628906
controller_to_actuator_command,15.977859497070312
controller_to_actuator_command,16.034603118896484
controller_to_actuator_command,17.41170883178711
controller_to_actuator_command,15.989542007446289
controller_to_actuator_command,16.353845596313477
controller_to_actuator_command,15.887260437011719
controller_to_actuator_command,16.471147537231445
controller_to_actuator_command,16.52240753173828
controller_to_actuator_command,16.18647575378418
controller_to_actuator_command,15.619277954101562
controller_to_actuator_command,15.653610229492188
controller_to_actuator_command,16.167640686035156
controller_to_actuator_command,16.915321350097656
controller_to_actuator_command,16.094684600830078
controller_to_actuator_command,16.7999267578125
controller_to_actuator_command,16.268253326416016
controller_to_actuator_command,16.291141510009766
controller_to_actuator_command,17.1968936920166
controller_to_actuator_command,16.338586807250977
controller_to_actuator_command,16.235828399658203
controller_to_actuator_command,16.431093215942383
controller_to_actuator_command,16.225814819335938
controller_to_actuator_command,16.9527530670166
controller_to_actuator_command,16.18218421936035
controller_to_actuator_command,16.30878448486328
controller_to_actuator_command,16.09349250793457
controller_to_actuator_command,16.39080047607422
controller_to_actuator_command,17.419099807739258
controller_to_actuator_command,16.254663467407227
controller_to_actuator_command,16.34979248046875
controller_to_actuator_command,15.998363494873047
controller_to_actuator_command,15.989065170288086
controller_to_actuator_command,16.812801361083984
controller_to_actuator_command,16.35146141052246
controller_to_actuator_command,16.242265701293945
controller_to_actuator_command,15.85841178894043
controller_to_actuator_command,16.100645065307617
controller_to_actuator_command,15.940666198730469
controller_to_actuator_command,16.141414642333984
controller_to_actuator_command,16.324996948242188
controller_to_actuator_command,16.21103286743164
controller_to_actuator_command,16.135215759277344
controller_to_actuator_command,17.757177352905273
controller_to_actuator_command,16.072750091552734
controller_to_actuator_command,16.221284866333008
controller_to_actuator_command,16.07656478881836
controller_to_actuator_command,15.924930572509766
controller_to_actuator_command,16.23678207397461
controller_to_actuator_command,16.220569610595703
controller_to_actuator_command,16.22772216796875
controller_to_actuator_command,15.796184539794922
controller_to_actuator_command,16.434192657470703
controller_to_actuator_command,17.342805862426758
controller_to_actuator_command,15.667200088500977
controller_to_actuator_command,15.868186950683594
controller_to_actuator_command,15.937566757202148
controller_to_actuator_command,16.279220581054688
controller_to_actuator_command,17.06671714782715
controller_to_actuator_command,16.179561614990234
controller_to_actuator_command,16.602039337158203
controller_to_actuator_command,16.358137130737305
controller_to_actuator_command,16.672134399414062
controller_to_actuator_command,18.268108367919922
controller_to_actuator_command,15.807390213012695
controller_to_actuator_command,16.40772819519043
controller_to_actuator_command,16.130685806274414
controller_to_actuator_command,16.417503356933594
controller_to_actuator_command,17.023801803588867
controller_to_actuator_command,16.089439392089844
controller_to_actuator_command,16.214847564697266
controller_to_actuator_command,15.813112258911133
controller_to_actuator_command,16.05510711669922
controller_to_actuator_command,16.402244567871094
controller_to_actuator_command,16.323566436767578
controller_to_actuator_command,16.33739471435547
controller_to_actuator_command,15.875577926635742
controller_to_actuator_command,15.74087142944336
controller_to_actuator_command,17.840862274169922
controller_to_actuator_command,16.320466995239258
controller_to_actuator_command,16.127824783325195
controller_to_actuator_command,15.718221664428711
controller_to_actuator_command,16.228199005126953
controller_to_actuator_command,17.577648162841797
controller_to_actuator_command,16.332626342773438
controller_to_actuator_command,16.232728958129883
controller_to_actuator_command,16.420602798461914
controller_to_actuator_command,16.184568405151367
controller_to_actuator_command,16.61372184753418
controller_to_actuator_command,16.321420669555664
controller_to_actuator_command,16.487598419189453
controller_to_actuator_command,16.37101173400879
controller_to_actuator_command,16.27373695373535
controller_to_actuator_command,16.86859130859375
controller_to_actuator_command,16.07823371887207
controller_to_actuator_command,16.541004180908203
controller_to_actuator_command,15.921354293823242
controller_to_actuator_command,16.170263290405273
controller_to_actuator_command,18.871307373046875
controller_to_actuator_command,16.274213790893555
controller_to_actuator_command,16.35122299194336
controller_to_actuator_command,15.944719314575195
controller_to_actuator_command,16.556262969970703
controller_to_actuator_command,16.271114349365234
controller_to_actuator_command,16.568422317504883
controller_to_actuator_command,16.601085662841797
controller_to_actuator_command,15.798807144165039
controller_to_actuator_command,16.33763313293457
controller_to_actuator_command,16.191959381103516
controller_to_actuator_command,15.698909759521484
controller_to_actuator_command,16.48092269897461
controller_to_actuator_command,15.993595123291016
controller_to_actuator_command,16.50404930114746
controller_to_actuator_command,16.894817352294922
controller_to_actuator_command,15.6707763671875
controller_to_actuator_command,16.452789306640625
controller_to_actuator_command,15.856504440307617
controller_to_actuator_command,16.68071746826172
controller_to_actuator_command,18.82171630859375
controller_to_actuator_command,15.094518661499023
controller_to_actuator_command,16.195297241210938
controller_to_actuator_command,15.941143035888672
controller_to_actuator_command,16.14856719970703
controller_to_actuator_command,18.47672462463379
controller_to_actuator_command,16.44158363342285
controller_to_actuator_command,17.01188087463379
controller_to_actuator_command,16.21866226196289
controller_to_actuator_command,16.236305236816406
controller_to_actuator_command,17.70782470703125
controller_to_actuator_command,16.0367488861084
controller_to_actuator_command,16.031503677368164
controller_to_actuator_command,15.935659408569336
controller_to_actuator_command,15.99574089050293
controller_to_actuator_command,16.41702651977539
controller_to_actuator_command,15.503406524658203
end_to_end_command,24.11675453186035
end_to_end_command,44.164419174194336
end_to_end_command,30.597686767578125
end_to_end_command,16.875267028808594
end_to_end_command,36.39793395996094
end_to_end_command,23.828983306884766
end_to_end_command,44.85130310058594
end_to_end_command,31.26049041748047
end_to_end_command,50.43792724609375
end_to_end_command,35.3846549987793
end_to_end_command,23.508071899414062
end_to_end_command,43.71047019958496
end_to_end_command,30.826568603515625
end_to_end_command,18.537044525146484
end_to_end_command,38.661956787109375
end_to_end_command,24.541616439819336
end_to_end_command,43.77269744873047
end_to_end_command,30.143260955810547
end_to_end_command,17.704010009765625
end_to_end_command,37.920475006103516
end_to_end_command,23.746252059936523
end_to_end_command,43.95461082458496
end_to_end_command,29.25705909729004
end_to_end_command,18.2039737701416
end_to_end_command,38.03443908691406
end_to_end_command,23.8492488861084
end_to_end_command,43.8077449798584
end_to_end_command,28.710603713989258
end_to_end_command,18.695592880249023
end_to_end_command,38.74516487121582
end_to_end_command,24.29056167602539
end_to_end_command,44.120073318481445
end_to_end_command,30.2276611328125
end_to_end_command,16.681194305419922
end_to_end_command,36.82136535644531
end_to_end_command,23.206472396850586
end_to_end_command,42.94013977050781
end_to_end_command,30.671358108520508
end_to_end_command,16.63517951965332
end_to_end_command,36.95511817932129
end_to_end_command,23.967266082763672
end_to_end_command,44.678449630737305
end_to_end_command,30.8837890625
end_to_end_command,19.330263137817383
end_to_end_command,38.72489929199219
end_to_end_command,25.556087493896484
end_to_end_command,45.38869857788086
end_to_end_command,29.723167419433594
end_to_end_command,17.72928237915039
end_to_end_command,37.880897521972656
end_to_end_command,24.311065673828125
end_to_end_command,44.41666603088379
end_to_end_command,30.64894676208496
end_to_end_command,16.36028289794922
end_to_end_command,36.61179542541504
end_to_end_command,24.015426635742188
end_to_end_command,43.627262115478516
end_to_end_command,31.243324279785156
end_to_end_command,18.461942672729492
end_to_end_command,38.535356521606445
end_to_end_command,24.22785758972168
end_to_end_command,44.41523551940918
end_to_end_command,30.414819717407227
end_to_end_command,17.84205436706543
end_to_end_command,38.10691833496094
end_to_end_command,24.17898178100586
end_to_end_command,44.386863708496094
end_to_end_command,31.290769577026367
end_to_end_command,17.69876480102539
end_to_end_command,37.734270095825195
end_to_end_command,25.187253952026367
end_to_end_command,45.061349868774414
end_to_end_command,32.157182693481445
end_to_end_command,18.044710159301758
end_to_end_command,38.12861442565918
end_to_end_command,24.52683448791504
end_to_end_command,44.69895362854004
end_to_end_command,30.6394100189209
end_to_end_command,16.454219818115234
end_to_end_command,36.881446838378906
end_to_end_command,24.82748031616211
end_to_end_command,44.820308685302734
end_to_end_command,32.692670822143555
end_to_end_command,52.69932746887207
end_to_end_command,35.921573638916016
end_to_end_command,24.636507034301758
end_to_end_command,44.40045356750488
end_to_end_command,29.328584671020508
end_to_end_command,17.926692962646484
end_to_end_command,37.96124458312988
end_to_end_command,24.582624435424805
end_to_end_command,44.600486755371094
end_to_end_command,30.46107292175293
end_to_end_command,17.19832420349121
end_to_end_command,37.40239143371582
end_to_end_command,24.155378341674805
end_to_end_command,44.17109489440918
end_to_end_command,32.41705894470215
end_to_end_command,52.46329307556152
end_to_end_command,36.449432373046875
end_to_end_command,24.746179580688477
end_to_end_command,44.667959213256836
end_to_end_command,31.0821533203125
end_to_end_command,14.630556106567383
end_to_end_command,34.49273109436035
end_to_end_command,23.754596710205078
end_to_end_command,43.785810470581055
end_to_end_command,29.981374740600586
end_to_end_command,18.61882209777832
end_to_end_command,38.53130340576172
end_to_end_command,23.778438568115234
end_to_end_command,43.83277893066406
end_to_end_command,30.496835708618164
end_to_end_command,17.965316772460938
end_to_end_command,37.928104400634766
end_to_end_command,23.415327072143555
end_to_end_command,43.70284080505371
end_to_end_command,30.075550079345703
end_to_end_command,19.741058349609375
end_to_end_command,39.10517692565918
end_to_end_command,25.428056716918945
end_to_end_command,44.92902755737305
end_to_end_command,32.31096267700195
end_to_end_command,17.74001121520996
end_to_end_command,37.74857521057129
end_to_end_command,24.8715877532959
end_to_end_command,44.89755630493164
end_to_end_command,29.448747634887695
end_to_end_command,18.575668334960938
end_to_end_command,38.56968879699707
end_to_end_command,24.793148040771484
end_to_end_command,44.963836669921875
end_to_end_command,33.10346603393555
end_to_end_command,15.622854232788086
end_to_end_command,35.74109077453613
end_to_end_command,25.484561920166016
end_to_end_command,45.67861557006836
end_to_end_command,32.81593322753906
end_to_end_command,18.62049102783203
end_to_end_command,38.47622871398926
end_to_end_command,24.927854537963867
end_to_end_command,45.27711868286133
end_to_end_command,31.46815299987793
end_to_end_command,16.21842384338379
end_to_end_command,35.76803207397461
end_to_end_command,23.26488494873047
end_to_end_command,43.418169021606445
end_to_end_command,32.730817794799805
end_to_end_command,16.02625846862793
end_to_end_command,36.62514686584473
end_to_end_command,25.328636169433594
end_to_end_command,44.847726821899414
end_to_end_command,32.43207931518555
end_to_end_command,17.413854598999023
end_to_end_command,37.487030029296875
end_to_end_command,26.0312557220459
end_to_end_command,46.10109329223633
end_to_end_command,29.038429260253906
end_to_end_command,17.140865325927734
end_to_end_command,37.363290786743164
end_to_end_command,24.378299713134766
end_to_end_command,44.66581344604492
end_to_end_command,31.792402267456055
end_to_end_command,16.74199104309082
end_to_end_command,36.609649658203125
end_to_end_command,23.977041244506836
end_to_end_command,44.2659854888916
end_to_end_command,33.52928161621094
end_to_end_command,17.036914825439453
end_to_end_command,37.1098518371582
end_to_end_command,25.81048011779785
end_to_end_command,45.95041275024414
end_to_end_command,32.02414512634277
end_to_end_command,16.267061233520508
end_to_end_command,36.50617599487305
end_to_end_command,24.303913116455078
end_to_end_command,44.94071006774902
end_to_end_command,31.084299087524414
end_to_end_command,18.448591232299805
end_to_end_command,38.294315338134766
end_to_end_command,23.998737335205078
end_to_end_command,43.91145706176758
end_to_end_command,29.522418975830078
end_to_end_command,17.120838165283203
end_to_end_command,37.15658187866211
end_to_end_command,25.898456573486328
end_to_end_command,45.72772979736328
end_to_end_command,30.688762664794922
end_to_end_command,16.271591186523438
end_to_end_command,36.80133819580078
end_to_end_command,24.33919906616211
end_to_end_command,44.83342170715332
end_to_end_command,28.688907623291016
end_to_end_command,18.5394287109375
end_to_end_command,39.40176963806152
end_to_end_command,25.489330291748047
end_to_end_command,45.61758041381836
end_to_end_command,30.63058853149414
end_to_end_command,19.138097763061523
end_to_end_command,39.19100761413574
end_to_end_command,24.386882781982422
end_to_end_command,44.51441764831543
end_to_end_command,33.36358070373535
end_to_end_command,16.965150833129883
end_to_end_command,37.05573081970215
end_to_end_command,25.496721267700195
end_to_end_command,45.81785202026367
end_to_end_command,31.841278076171875
end_to_end_command,17.56143569946289
end_to_end_command,37.54067420959473
end_to_end_command,24.285078048706055
end_to_end_command,44.70396041870117
end_to_end_command,29.21319007873535
end_to_end_command,18.177509307861328
end_to_end_command,37.56380081176758
end_to_end_command,24.3680477142334
end_to_end_command,44.45314407348633
end_to_end_command,30.221223831176758
end_to_end_command,16.705751419067383
end_to_end_command,36.75508499145508
end_to_end_command,25.180578231811523
end_to_end_command,45.21751403808594
end_to_end_command,32.43899345397949
end_to_end_command,18.392324447631836
end_to_end_command,38.70964050292969
end_to_end_command,23.9715576171875
end_to_end_command,44.23069953918457
end_to_end_command,31.238079071044922
end_to_end_command,16.47353172302246
end_to_end_command,36.42082214355469
end_to_end_command,24.348974227905273
end_to_end_command,44.33727264404297
end_to_end_command,30.88212013244629
end_to_end_command,17.628192901611328
end_to_end_command,37.366628646850586
end_to_end_command,25.046586990356445
end_to_end_command,45.13144493103027
end_to_end_command,31.15558624267578
end_to_end_command,18.863677978515625
end_to_end_command,39.002180099487305
end_to_end_command,24.28150177001953
end_to_end_command,44.30437088012695
end_to_end_command,30.1206111907959
end_to_end_command,18.610239028930664
end_to_end_command,38.57684135437012
end_to_end_command,24.289369583129883
end_to_end_command,44.59977149963379
end_to_end_command,31.43763542175293
end_to_end_command,16.822338104248047
end_to_end_command,36.79680824279785
end_to_end_command,24.169206619262695
end_to_end_command,44.060707092285156
end_to_end_command,30.58624267578125
end_to_end_command,18.693923950195312
end_to_end_command,38.39254379272461
end_to_end_command,23.989439010620117
end_to_end_command,44.59500312805176
end_to_end_command,29.642820358276367
end_to_end_command,18.298864364624023
end_to_end_command,38.78211975097656
end_to_end_command,24.4140625
end_to_end_command,44.446706771850586
end_to_end_command,30.98011016845703
end_to_end_command,18.112897872924805
end_to_end_command,37.10007667541504
end_to_end_command,25.498390197753906
end_to_end_command,45.20082473754883
end_to_end_command,30.50541877746582
end_to_end_command,18.699169158935547
end_to_end_command,38.86675834655762
end_to_end_command,23.897647857666016
end_to_end_command,43.853044509887695
end_to_end_command,31.01181983947754
end_to_end_command,18.729209899902344
end_to_end_command,39.2146110534668
end_to_end_command,24.766921997070312
end_to_end_command,44.65055465698242
end_to_end_command,29.729843139648438
end_to_end_command,18.58663558959961
end_to_end_command,38.797855377197266
end_to_end_command,24.33490753173828
end_to_end_command,44.36063766479492
end_to_end_command,30.59673309326172
end_to_end_command,18.063068389892578
end_to_end_command,38.48433494567871
end_to_end_command,23.80537986755371
end_to_end_command,43.90072822570801
end_to_end_command,30.738353729248047
end_to_end_command,17.249345779418945
end_to_end_command,38.02967071533203
end_to_end_command,25.365352630615234
end_to_end_command,44.99530792236328
end_to_end_command,30.834436416625977
end_to_end_command,17.429351806640625
end_to_end_command,37.69421577453613
end_to_end_command,25.46072006225586
end_to_end_command,45.13883590698242
end_to_end_command,32.071828842163086
end_to_end_command,16.753196716308594
end_to_end_command,36.954402923583984
end_to_end_command,23.957490921020508
end_to_end_command,44.25787925720215
end_to_end_command,30.086994171142578
end_to_end_command,19.74797248840332
end_to_end_command,39.43490982055664
end_to_end_command,24.128198623657227
end_to_end_command,43.860673904418945
end_to_end_command,30.245304107666016
end_to_end_command,18.780231475830078
end_to_end_command,39.06726837158203
end_to_end_command,23.876428604125977
end_to_end_command,43.84779930114746
end_to_end_command,30.8840274810791
end_to_end_command,17.967939376831055
end_to_end_command,38.21611404418945
end_to_end_command,24.331092834472656
end_to_end_command,44.628143310546875
end_to_end_command,29.60038185119629
end_to_end_command,16.693115234375
end_to_end_command,36.789655685424805
end_to_end_command,25.82716941833496
end_to_end_command,45.75467109680176
end_to_end_command,30.894994735717773
end_to_end_command,16.813278198242188
end_to_end_command,37.442684173583984
end_to_end_command,24.742841720581055
end_to_end_command,44.936180114746094
end_to_end_command,32.02962875366211
end_to_end_command,18.535852432250977
end_to_end_command,38.614511489868164
end_to_end_command,24.49798583984375
end_to_end_command,44.80791091918945
end_to_end_command,33.02717208862305
end_to_end_command,17.07935333251953
end_to_end_command,37.24408149719238
end_to_end_command,24.554014205932617
end_to_end_command,44.609785079956055
end_to_end_command,30.98773956298828
end_to_end_command,16.088485717773438
end_to_end_command,36.18168830871582
end_to_end_command,25.597333908081055
end_to_end_command,45.94016075134277
end_to_end_command,33.399105072021484
end_to_end_command,18.4786319732666
end_to_end_command,38.78355026245117
end_to_end_command,24.68705177307129
end_to_end_command,44.843435287475586
end_to_end_command,33.768415451049805
end_to_end_command,16.774654388427734
end_to_end_command,37.138938903808594
end_to_end_command,25.701284408569336
end_to_end_command,45.70627212524414
end_to_end_command,33.438920974731445
end_to_end_command,17.656803131103516
end_to_end_command,37.18209266662598
end_to_end_command,23.571491241455078
end_to_end_command,43.908119201660156
end_to_end_command,30.740737915039062
end_to_end_command,17.84968376159668
end_to_end_command,37.72854804992676
end_to_end_command,24.31201934814453
end_to_end_command,44.37518119812012
end_to_end_command,29.544353485107422
end_to_end_command,18.422603607177734
end_to_end_command,38.88559341430664
end_to_end_command,26.430606842041016
end_to_end_command,46.26774787902832
end_to_end_command,31.666040420532227
end_to_end_command,18.918752670288086
end_to_end_command,39.09730911254883
end_to_end_command,24.62315559387207
end_to_end_command,44.90232467651367
end_to_end_command,31.95810317993164
end_to_end_command,18.452167510986328
end_to_end_command,38.54823112487793
end_to_end_command,23.964881896972656
end_to_end_command,44.68369483947754
end_to_end_command,31.077146530151367
end_to_end_command,50.8730411529541
end_to_end_command,35.23993492126465
end_to_end_command,23.97608757019043
end_to_end_command,44.321298599243164
end_to_end_command,31.584978103637695
end_to_end_command,18.58067512512207
end_to_end_command,38.67197036743164
end_to_end_command,24.892330169677734
end_to_end_command,44.85297203063965
end_to_end_command,31.88180923461914
end_to_end_command,16.73603057861328
end_to_end_command,36.85116767883301
end_to_end_command,23.866891860961914
end_to_end_command,43.98632049560547
end_to_end_command,33.74218940734863
end_to_end_command,18.277406692504883
end_to_end_command,38.355112075805664
end_to_end_command,24.178028106689453
end_to_end_command,44.31319236755371
end_to_end_command,30.00044822692871
end_to_end_command,17.723560333251953
end_to_end_command,38.09833526611328
end_to_end_command,24.8565673828125
end_to_end_command,45.041561126708984
end_to_end_command,29.886245727539062
end_to_end_command,19.284725189208984
end_to_end_command,39.200782775878906
end_to_end_command,24.990320205688477
end_to_end_command,45.32146453857422
end_to_end_command,31.611919403076172
end_to_end_command,19.006013870239258
end_to_end_command,39.154052734375
end_to_end_command,24.909019470214844
end_to_end_command,45.06993293762207
end_to_end_command,30.6246280670166
end_to_end_command,18.951416015625
end_to_end_command,39.05534744262695
end_to_end_command,25.087833404541016
end_to_end_command,44.86823081970215
end_to_end_command,31.72469139099121
end_to_end_command,16.818761825561523
end_to_end_command,36.672353744506836
end_to_end_command,25.06542205810547
end_to_end_command,45.12763023376465
end_to_end_command,30.22313117980957
end_to_end_command,18.316030502319336
end_to_end_command,38.436174392700195
end_to_end_command,26.027679443359375
end_to_end_command,46.202659606933594
end_to_end_command,31.170368194580078
end_to_end_command,18.967151641845703
end_to_end_command,39.49427604675293
end_to_end_command,24.658679962158203
end_to_end_command,44.550418853759766
end_to_end_command,32.991647720336914
end_to_end_command,17.607927322387695
end_to_end_command,37.6739501953125
end_to_end_command,24.608850479125977
end_to_end_command,44.66366767883301
end_to_end_command,31.390905380249023
end_to_end_command,17.683029174804688
end_to_end_command,38.13457489013672
end_to_end_command,24.480819702148438
end_to_end_command,44.362783432006836
end_to_end_command,31.210660934448242
end_to_end_command,18.175840377807617
end_to_end_command,38.38229179382324
end_to_end_command,24.588823318481445
end_to_end_command,44.70109939575195
end_to_end_command,30.930519104003906
end_to_end_command,18.921613693237305
end_to_end_command,39.162397384643555
end_to_end_command,24.9936580657959
end_to_end_command,44.91019248962402
end_to_end_command,32.689809799194336
end_to_end_command,17.50779151916504
end_to_end_command,37.667036056518555
end_to_end_command,23.900747299194336
end_to_end_command,44.26264762878418
end_to_end_command,31.593799591064453
end_to_end_command,17.083406448364258
end_to_end_command,37.51826286315918
end_to_end_command,24.371623992919922
end_to_end_command,44.57378387451172
end_to_end_command,32.06801414489746
end_to_end_command,16.663312911987305
end_to_end_command,36.52358055114746
end_to_end_command,24.28126335144043
end_to_end_command,44.56686973571777
end_to_end_command,31.205177307128906
end_to_end_command,19.37246322631836
end_to_end_command,39.00599479675293
end_to_end_command,24.967193603515625
end_to_end_command,45.06802558898926
end_to_end_command,29.837369918823242
end_to_end_command,18.864154815673828
end_to_end_command,38.370370864868164
end_to_end_command,23.63276481628418
end_to_end_command,44.010162353515625
end_to_end_command,30.185222625732422
end_to_end_command,18.16725730895996
end_to_end_command,38.28763961791992
end_to_end_command,24.828195571899414
end_to_end_command,44.95549201965332
end_to_end_command,32.02104568481445
end_to_end_command,17.498493194580078
end_to_end_command,37.406206130981445
end_to_end_command,25.329113006591797
end_to_end_command,45.340776443481445
end_to_end_command,30.386686325073242
end_to_end_command,18.608570098876953
end_to_end_command,38.74540328979492
end_to_end_command,24.571657180786133
end_to_end_command,45.493364334106445
end_to_end_command,30.888080596923828
end_to_end_command,17.287015914916992
end_to_end_command,37.66131401062012
end_to_end_command,23.963451385498047
end_to_end_command,44.07382011413574
end_to_end_command,31.7840576171875
end_to_end_command,18.10145378112793
end_to_end_command,38.06304931640625
end_to_end_command,24.74689483642578
end_to_end_command,44.9831485748291
end_to_end_command,31.704425811767578
end_to_end_command,15.810251235961914
end_to_end_command,36.4682674407959
end_to_end_command,25.759458541870117
end_to_end_command,45.68624496459961
end_to_end_command,31.554698944091797
end_to_end_command,18.72539520263672
end_to_end_command,38.43402862548828
end_to_end_command,23.8187313079834
end_to_end_command,44.35539245605469
end_to_end_command,31.309127807617188
end_to_end_command,19.33121681213379
end_to_end_command,38.92087936401367
end_to_end_command,23.739099502563477
end_to_end_command,43.78795623779297
end_to_end_command,30.4872989654541
end_to_end_command,18.22066307067871
end_to_end_command,38.61689567565918
end_to_end_command,24.323701858520508
end_to_end_command,44.48080062866211
end_to_end_command,31.669139862060547
end_to_end_command,18.71466636657715
end_to_end_command,39.18266296386719
end_to_end_command,23.63896369934082
end_to_end_command,43.76363754272461
end_to_end_command,32.72724151611328
end_to_end_command,18.935203552246094
end_to_end_command,38.71631622314453
end_to_end_command,24.550676345825195
end_to_end_command,44.51775550842285
end_to_end_command,31.414270401000977
end_to_end_command,19.228458404541016
end_to_end_command,39.3221378326416
end_to_end_command,24.388551712036133
end_to_end_command,44.21687126159668
end_to_end_command,30.76028823852539
end_to_end_command,19.274473190307617
end_to_end_command,39.22247886657715
end_to_end_command,24.08576011657715
end_to_end_command,44.15416717529297
end_to_end_command,40.80915451049805
end_to_end_command,50.73213577270508
end_to_end_command,27.650117874145508
end_to_end_command,25.363445281982422
end_to_end_command,44.7390079498291
end_to_end_command,33.37264060974121
end_to_end_command,19.095897674560547
end_to_end_command,39.25824165344238
end_to_end_command,25.940656661987305
end_to_end_command,46.221256256103516
end_to_end_command,33.66398811340332
end_to_end_command,18.81551742553711
end_to_end_command,38.867950439453125
end_to_end_command,23.770809173583984
end_to_end_command,43.49946975708008
end_to_end_command,31.708955764770508
end_to_end_command,17.073631286621094
end_to_end_command,37.18733787536621
end_to_end_command,24.88565444946289
end_to_end_command,44.90232467651367
end_to_end_command,31.324386596679688
end_to_end_command,18.964052200317383
end_to_end_command,39.0934944152832
end_to_end_command,24.33323860168457
end_to_end_command,44.4643497467041
end_to_end_command,30.437707901000977
end_to_end_command,18.717050552368164
end_to_end_command,39.469003677368164
end_to_end_command,24.31631088256836
end_to_end_command,44.469594955444336
end_to_end_command,30.245542526245117
end_to_end_command,16.888856887817383
end_to_end_command,37.28365898132324
end_to_end_command,23.73981475830078
end_to_end_command,44.02565956115723
end_to_end_command,31.54158592224121
end_to_end_command,18.25881004333496
end_to_end_command,38.36631774902344
end_to_end_command,26.250839233398438
end_to_end_command,45.981407165527344
end_to_end_command,32.20820426940918
end_to_end_command,17.286062240600586
end_to_end_command,37.74881362915039
end_to_end_command,24.800539016723633
end_to_end_command,45.04060745239258
end_to_end_command,31.563282012939453
end_to_end_command,18.854856491088867
end_to_end_command,38.69986534118652
end_to_end_command,24.507999420166016
end_to_end_command,45.88627815246582
end_to_end_command,30.936241149902344
end_to_end_command,17.366647720336914
end_to_end_command,37.5981330871582
end_to_end_command,24.32537078857422
end_to_end_command,44.689178466796875
end_to_end_command,31.079530715942383
end_to_end_command,51.12004280090332
end_to_end_command,36.676883697509766
end_to_end_command,25.3756046295166
end_to_end_command,45.084238052368164
end_to_end_command,32.235145568847656
end_to_end_command,18.82624626159668
end_to_end_command,38.76066207885742
end_to_end_command,26.2601375579834
end_to_end_command,45.38273811340332
end_to_end_command,31.49700164794922
end_to_end_command,18.425464630126953
end_to_end_command,38.38157653808594
end_to_end_command,23.896217346191406
end_to_end_command,44.06118392944336
end_to_end_command,30.575990676879883
end_to_end_command,19.077301025390625
end_to_end_command,39.43347930908203
end_to_end_command,25.018692016601562
end_to_end_command,45.10045051574707
end_to_end_command,33.0195426940918
end_to_end_command,19.378185272216797
end_to_end_command,39.30163383483887
end_to_end_command,24.053096771240234
end_to_end_command,44.03233528137207
end_to_end_command,31.519651412963867
end_to_end_command,18.929719924926758
end_to_end_command,38.96641731262207
end_to_end_command,23.218154907226562
end_to_end_command,43.755292892456055
end_to_end_command,30.367374420166016
end_to_end_command,15.763521194458008
end_to_end_command,35.82882881164551
end_to_end_command,23.606538772583008
end_to_end_command,43.81823539733887
end_to_end_command,30.985116958618164
end_to_end_command,18.68581771850586
end_to_end_command,38.48075866699219
end_to_end_command,25.469064712524414
end_to_end_command,45.58086395263672
end_to_end_command,33.71453285217285
end_to_end_command,19.24753189086914
end_to_end_command,39.15262222290039
end_to_end_command,24.76358413696289
end_to_end_command,45.13382911682129
end_to_end_command,32.950401306152344
end_to_end_command,17.7767276763916
end_to_end_command,37.71162033081055
end_to_end_command,24.507522583007812
end_to_end_command,44.57902908325195
end_to_end_command,31.02588653564453
end_to_end_command,19.366741180419922
end_to_end_command,39.456844329833984
end_to_end_command,25.490760803222656
end_to_end_command,45.39036750793457
end_to_end_command,30.750513076782227
end_to_end_command,18.916606903076172
end_to_end_command,39.39676284790039
end_to_end_command,25.11119842529297
end_to_end_command,45.77755928039551
end_to_end_command,31.47578239440918
end_to_end_command,18.886804580688477
end_to_end_command,38.96617889404297
end_to_end_command,25.248050689697266
end_to_end_command,45.259714126586914
end_to_end_command,34.829139709472656
end_to_end_command,18.800020217895508
end_to_end_command,39.25943374633789
end_to_end_command,24.484872817993164
end_to_end_command,44.59047317504883
end_to_end_command,33.414602279663086
end_to_end_command,18.5086727142334
end_to_end_command,38.9094352722168
end_to_end_command,25.291919708251953
end_to_end_command,45.3493595123291
end_to_end_command,32.585859298706055
end_to_end_command,18.57900619506836
end_to_end_command,38.847923278808594
end_to_end_command,25.753498077392578
end_to_end_command,45.56632041931152
end_to_end_command,33.21075439453125
end_to_end_command,19.162416458129883
end_to_end_command,39.30306434631348
end_to_end_command,24.385929107666016
end_to_end_command,44.28577423095703
end_to_end_command,30.76338768005371
end_to_end_command,17.574787139892578
end_to_end_command,37.27459907531738
end_to_end_command,24.522781372070312
end_to_end_command,44.80719566345215
end_to_end_command,31.365394592285156
end_to_end_command,18.09382438659668
end_to_end_command,38.00392150878906
end_to_end_command,25.32792091369629
end_to_end_command,44.92902755737305
end_to_end_command,32.17148780822754
end_to_end_command,17.423152923583984
end_to_end_command,37.671804428100586
end_to_end_command,24.697542190551758
end_to_end_command,44.78812217712402
end_to_end_command,33.09917449951172
end_to_end_command,17.706871032714844
end_to_end_command,37.878990173339844
end_to_end_command,23.88787269592285
end_to_end_command,43.75576972961426
end_to_end_command,29.744863510131836
end_to_end_command,18.269062042236328
end_to_end_command,38.42663764953613
end_to_end_command,23.311853408813477
end_to_end_command,43.64275932312012
end_to_end_command,35.346031188964844
end_to_end_command,17.320871353149414
end_to_end_command,37.000417709350586
end_to_end_command,26.272296905517578
end_to_end_command,46.02456092834473
end_to_end_command,32.99665451049805
end_to_end_command,18.073558807373047
end_to_end_command,38.028717041015625
end_to_end_command,24.875879287719727
end_to_end_command,45.018911361694336
end_to_end_command,31.505823135375977
end_to_end_command,18.33200454711914
end_to_end_command,38.2535457611084
end_to_end_command,25.974512100219727
end_to_end_command,45.8981990814209
end_to_end_command,34.157514572143555
end_to_end_command,18.085718154907227
end_to_end_command,37.9946231842041
end_to_end_command,24.402379989624023
end_to_end_command,44.56138610839844
end_to_end_command,32.31406211853027
end_to_end_command,18.921375274658203
end_to_end_command,38.87152671813965
end_to_end_command,24.448156356811523
end_to_end_command,44.53611373901367
end_to_end_command,33.193111419677734
end_to_end_command,18.2492733001709
end_to_end_command,37.84990310668945
end_to_end_command,25.5129337310791
end_to_end_command,45.79591751098633
end_to_end_command,33.7221622467041
end_to_end_command,18.99123191833496
end_to_end_command,39.23153877258301
end_to_end_command,25.400400161743164
end_to_end_command,45.37081718444824
end_to_end_command,34.1944694519043
end_to_end_command,18.68748664855957
end_to_end_command,39.03460502624512
end_to_end_command,24.429798126220703
end_to_end_command,44.657230377197266
end_to_end_command,29.74104881286621
end_to_end_command,18.55635643005371
end_to_end_command,38.54632377624512
end_to_end_command,24.111509323120117
end_to_end_command,44.27313804626465
end_to_end_command,31.27264976501465
end_to_end_command,18.990516662597656
end_to_end_command,39.09420967102051
end_to_end_command,24.039268493652344
end_to_end_command,44.30651664733887
end_to_end_command,32.26113319396973
end_to_end_command,18.63574981689453
end_to_end_command,38.69271278381348
end_to_end_command,24.634838104248047
end_to_end_command,44.66581344604492
end_to_end_command,32.11712837219238
end_to_end_command,18.416881561279297
end_to_end_command,38.42782974243164
end_to_end_command,25.728225708007812
end_to_end_command,45.69745063781738
end_to_end_command,33.49494934082031
end_to_end_command,18.456459045410156
end_to_end_command,38.89107704162598
end_to_end_command,24.437427520751953
end_to_end_command,44.57569122314453
end_to_end_command,34.986019134521484
end_to_end_command,18.238306045532227
end_to_end_command,37.996768951416016
end_to_end_command,25.741100311279297
end_to_end_command,45.84908485412598
end_to_end_command,30.825376510620117
end_to_end_command,19.001483917236328
end_to_end_command,38.92946243286133
end_to_end_command,25.388479232788086
end_to_end_command,45.38369178771973
end_to_end_command,33.423423767089844
end_to_end_command,19.098520278930664
end_to_end_command,39.34812545776367
end_to_end_command,26.329755783081055
end_to_end_command,46.6458797454834
end_to_end_command,34.23118591308594
end_to_end_command,18.40806007385254
end_to_end_command,38.61188888549805
end_to_end_command,25.717973709106445
end_to_end_command,46.762943267822266
end_to_end_command,34.41977500915527
end_to_end_command,19.464492797851562
end_to_end_command,39.650917053222656
end_to_end_command,25.719642639160156
end_to_end_command,45.54247856140137
end_to_end_command,34.27290916442871
end_to_end_command,19.066810607910156
end_to_end_command,39.162635803222656
end_to_end_command,25.35700798034668
end_to_end_command,45.48478126525879
end_to_end_command,32.34124183654785
end_to_end_command,18.573522567749023
end_to_end_command,38.20466995239258
end_to_end_command,22.754192352294922
end_to_end_command,43.04361343383789
end_to_end_command,31.47745132446289
end_to_end_command,16.03865623474121
end_to_end_command,36.18955612182617
end_to_end_command,25.009632110595703
end_to_end_command,45.29213905334473
end_to_end_command,31.892061233520508
end_to_end_command,17.582178115844727
end_to_end_command,37.86063194274902
end_to_end_command,24.499893188476562
end_to_end_command,44.61312294006348
end_to_end_command,33.68115425109863
end_to_end_command,19.06299591064453
end_to_end_command,39.85261917114258
end_to_end_command,24.075984954833984
end_to_end_command,44.71850395202637
end_to_end_command,32.361745834350586
end_to_end_command,18.680572509765625
end_to_end_command,38.81955146789551
end_to_end_command,25.235414505004883
end_to_end_command,44.995784759521484
end_to_end_command,32.99522399902344
end_to_end_command,18.082141876220703
end_to_end_command,38.289785385131836
end_to_end_command,25.575637817382812
end_to_end_command,45.70484161376953
end_to_end_command,33.02359580993652
end_to_end_command,19.54030990600586
end_to_end_command,39.61443901062012
end_to_end_command,23.931026458740234
end_to_end_command,44.17085647583008
end_to_end_command,32.41133689880371
end_to_end_command,18.059492111206055
end_to_end_command,38.34199905395508
end_to_end_command,25.196313858032227
end_to_end_command,45.26376724243164
end_to_end_command,32.83858299255371
end_to_end_command,19.452571868896484
end_to_end_command,39.53886032104492
end_to_end_command,24.14226531982422
end_to_end_command,44.47340965270996
end_to_end_command,31.85296058654785
end_to_end_command,17.19522476196289
end_to_end_command,37.66441345214844
end_to_end_command,25.49290657043457
end_to_end_command,45.37677764892578
end_to_end_command,34.12485122680664
end_to_end_command,18.95761489868164
end_to_end_command,39.1690731048584
end_to_end_command,24.755001068115234
end_to_end_command,44.90947723388672
end_to_end_command,31.10647201538086
end_to_end_command,18.808364868164062
end_to_end_command,39.174556732177734
end_to_end_command,24.00803565979004
end_to_end_command,44.17133331298828
end_to_end_command,35.05587577819824
end_to_end_command,19.938230514526367
end_to_end_command,40.448904037475586
end_to_end_command,25.78878402709961
end_to_end_command,45.53103446960449
end_to_end_command,33.37287902832031
end_to_end_command,19.677400588989258
end_to_end_command,39.85476493835449
end_to_end_command,25.32505989074707
end_to_end_command,45.57967185974121
end_to_end_command,33.028602600097656
end_to_end_command,18.7680721282959
end_to_end_command,38.765907287597656
end_to_end_command,25.19059181213379
end_to_end_command,45.203208923339844
end_to_end_command,31.18133544921875
end_to_end_command,17.859458923339844
end_to_end_command,38.055419921875
end_to_end_command,24.569988250732422
end_to_end_command,44.85034942626953
end_to_end_command,31.340360641479492
end_to_end_command,18.676042556762695
end_to_end_command,38.89584541320801
end_to_end_command,24.183034896850586
end_to_end_command,44.464826583862305
end_to_end_command,32.07659721374512
end_to_end_command,18.258333206176758
end_to_end_command,38.3298397064209
end_to_end_command,25.483369827270508
end_to_end_command,45.696258544921875
end_to_end_command,31.611919403076172
end_to_end_command,18.317699432373047
end_to_end_command,37.68181800842285
end_to_end_command,24.523496627807617
end_to_end_command,44.76213455200195
end_to_end_command,31.13842010498047
end_to_end_command,19.1500186920166
end_to_end_command,39.484500885009766
end_to_end_command,25.600194931030273
end_to_end_command,45.69721221923828
end_to_end_command,32.102346420288086
end_to_end_command,19.630908966064453
end_to_end_command,38.22755813598633
end_to_end_command,24.96170997619629
end_to_end_command,45.19939422607422
end_to_end_command,31.545639038085938
end_to_end_command,19.86527442932129
end_to_end_command,39.748430252075195
end_to_end_command,26.210308074951172
end_to_end_command,46.267032623291016
end_to_end_command,31.920909881591797
end_to_end_command,17.90904998779297
end_to_end_command,38.19584846496582
end_to_end_command,25.236129760742188
end_to_end_command,45.28379440307617
end_to_end_command,33.99968147277832
end_to_end_command,18.799304962158203
end_to_end_command,39.10636901855469
end_to_end_command,24.729251861572266
end_to_end_command,44.744014739990234
end_to_end_command,30.7466983795166
end_to_end_command,18.96953582763672
end_to_end_command,38.93685340881348
end_to_end_command,25.183439254760742
end_to_end_command,45.212745666503906
end_to_end_command,31.24547004699707
end_to_end_command,19.8824405670166
end_to_end_command,39.56961631774902
end_to_end_command,26.18885040283203
end_to_end_command,46.17786407470703
end_to_end_command,33.673763275146484
end_to_end_command,18.387317657470703
end_to_end_command,38.51914405822754
end_to_end_command,25.118112564086914
end_to_end_command,45.166969299316406
end_to_end_command,32.955169677734375
end_to_end_command,18.51963996887207
end_to_end_command,38.680076599121094
end_to_end_command,25.117158889770508
end_to_end_command,45.32790184020996
end_to_end_command,31.416893005371094
end_to_end_command,16.859054565429688
end_to_end_command,36.71407699584961
end_to_end_command,25.322675704956055
end_to_end_command,45.27020454406738
end_to_end_command,31.04376792907715
end_to_end_command,19.451141357421875
end_to_end_command,39.40868377685547
end_to_end_command,24.72233772277832
end_to_end_command,44.81315612792969
end_to_end_command,33.71596336364746
end_to_end_command,19.29187774658203
end_to_end_command,39.595842361450195
end_to_end_command,24.409770965576172
end_to_end_command,44.67654228210449
end_to_end_command,32.476186752319336
end_to_end_command,17.43030548095703
end_to_end_command,36.94295883178711
end_to_end_command,25.525808334350586
end_to_end_command,45.80855369567871
end_to_end_command,32.8669548034668
end_to_end_command,16.762971878051758
end_to_end_command,37.1699333190918
end_to_end_command,25.198936462402344
end_to_end_command,45.40562629699707
end_to_end_command,34.68060493469238
end_to_end_command,19.834518432617188
end_to_end_command,39.797067642211914
end_to_end_command,25.79808235168457
end_to_end_command,46.08726501464844
end_to_end_command,34.865617752075195
end_to_end_command,18.316030502319336
end_to_end_command,38.054466247558594
end_to_end_command,26.101350784301758
end_to_end_command,46.1878776550293
end_to_end_command,34.68728065490723
end_to_end_command,19.724607467651367
end_to_end_command,39.92414474487305
end_to_end_command,24.881839752197266
end_to_end_command,44.823408126831055
end_to_end_command,32.11355209350586
end_to_end_command,19.658327102661133
end_to_end_command,39.91532325744629
end_to_end_command,26.343345642089844
end_to_end_command,46.277523040771484
end_to_end_command,33.25486183166504
end_to_end_command,18.38517189025879
end_to_end_command,38.75112533569336
end_to_end_command,24.057626724243164
end_to_end_command,44.42143440246582
end_to_end_command,32.92536735534668
end_to_end_command,19.01555061340332
end_to_end_command,38.9862060546875
end_to_end_command,25.552034378051758
end_to_end_command,45.684814453125
end_to_end_command,32.44185447692871
end_to_end_command,18.759727478027344
end_to_end_command,39.43133354187012
end_to_end_command,25.192737579345703
end_to_end_command,45.58587074279785
end_to_end_command,31.617164611816406
end_to_end_command,19.083499908447266
end_to_end_command,39.2918586730957
end_to_end_command,24.52254295349121
end_to_end_command,44.56305503845215
end_to_end_command,34.96813774108887
end_to_end_command,17.106294631958008
end_to_end_command,37.232160568237305
end_to_end_command,24.75905418395996
end_to_end_command,44.983625411987305
end_to_end_command,31.57353401184082
end_to_end_command,18.595218658447266
end_to_end_command,39.145469665527344
end_to_end_command,25.602340698242188
end_to_end_command,45.57299613952637
end_to_end_command,31.07309341430664
end_to_end_command,19.063949584960938
end_to_end_command,39.11995887756348
end_to_end_command,24.58477020263672
end_to_end_command,44.614553451538086
end_to_end_command,30.324459075927734
end_to_end_command,18.14103126525879
end_to_end_command,38.29216957092285
end_to_end_command,23.681163787841797
end_to_end_command,43.90311241149902
end_to_end_command,32.875776290893555
end_to_end_command,19.054174423217773
end_to_end_command,38.902997970581055
end_to_end_command,26.315927505493164
end_to_end_command,46.17047309875488
end_to_end_command,32.34410285949707
end_to_end_command,18.07236671447754
end_to_end_command,38.25187683105469
end_to_end_command,24.521827697753906
end_to_end_command,44.72947120666504
end_to_end_command,33.12230110168457
end_to_end_command,19.91105079650879
end_to_end_command,39.7183895111084
end_to_end_command,26.56841278076172
end_to_end_command,46.58198356628418
end_to_end_command,32.79399871826172
end_to_end_command,18.645763397216797
end_to_end_command,38.73729705810547
end_to_end_command,24.9021053314209
end_to_end_command,45.03488540649414
end_to_end_command,32.433271408081055
end_to_end_command,19.860029220581055
end_to_end_command,39.85786437988281
end_to_end_command,25.049924850463867
end_to_end_command,45.39346694946289
end_to_end_command,33.41507911682129
end_to_end_command,20.25628089904785
end_to_end_command,40.91525077819824
end_to_end_command,23.886680603027344
end_to_end_command,43.9915657043457
end_to_end_command,30.684947967529297
end_to_end_command,19.28567886352539
end_to_end_command,39.479732513427734
end_to_end_command,25.713443756103516
end_to_end_command,46.01716995239258
end_to_end_command,32.20033645629883
end_to_end_command,19.280433654785156
end_to_end_command,39.57819938659668
end_to_end_command,25.872230529785156
end_to_end_command,45.824527740478516
end_to_end_command,33.591508865356445
end_to_end_command,19.0579891204834
end_to_end_command,39.293766021728516
end_to_end_command,24.630308151245117
end_to_end_command,44.92330551147461
end_to_end_command,32.384395599365234
end_to_end_command,19.282102584838867
end_to_end_command,39.37959671020508
end_to_end_command,25.339603424072266
end_to_end_command,45.56751251220703
end_to_end_command,34.07549858093262
end_to_end_command,19.5467472076416
end_to_end_command,39.36290740966797
end_to_end_command,25.52628517150879
end_to_end_command,45.755624771118164
end_to_end_command,33.70952606201172
end_to_end_command,19.134521484375
end_to_end_command,39.18814659118652
end_to_end_command,26.152372360229492
end_to_end_command,46.156883239746094
end_to_end_command,32.921791076660156
end_to_end_command,19.383668899536133
end_to_end_command,39.617061614990234
end_to_end_command,25.846242904663086
end_to_end_command,46.72503471374512
end_to_end_command,33.40625762939453
end_to_end_command,19.422531127929688
end_to_end_command,39.36505317687988
end_to_end_command,25.273561477661133
end_to_end_command,45.34459114074707
end_to_end_command,30.582427978515625
end_to_end_command,17.197608947753906
end_to_end_command,37.24956512451172
end_to_end_command,25.990962982177734
end_to_end_command,46.06771469116211
end_to_end_command,32.61256217956543
end_to_end_command,19.832611083984375
end_to_end_command,39.571523666381836
end_to_end_command,25.152921676635742
end_to_end_command,46.019554138183594
end_to_end_command,32.18698501586914
end_to_end_command,19.27042007446289
end_to_end_command,38.9857292175293
end_to_end_command,25.269031524658203
end_to_end_command,45.94254493713379
end_to_end_command,31.43024444580078
end_to_end_command,19.253969192504883
end_to_end_command,39.35074806213379
end_to_end_command,24.687767028808594
end_to_end_command,45.516252517700195
end_to_end_command,32.33838081359863
end_to_end_command,17.928123474121094
end_to_end_command,37.98675537109375
end_to_end_command,25.421142578125
end_to_end_command,45.56894302368164
end_to_end_command,34.26980972290039
end_to_end_command,19.006729125976562
end_to_end_command,38.8028621673584
end_to_end_command,24.799823760986328
end_to_end_command,44.94285583496094
end_to_end_command,32.76395797729492
end_to_end_command,18.833398818969727
end_to_end_command,39.166927337646484
end_to_end_command,25.220632553100586
end_to_end_command,45.417070388793945
end_to_end_command,32.790184020996094
end_to_end_command,19.02461051940918
end_to_end_command,39.05034065246582
end_to_end_command,24.879932403564453
end_to_end_command,44.91901397705078
end_to_end_command,33.52522850036621
end_to_end_command,19.33884620666504
end_to_end_command,39.5505428314209
end_to_end_command,25.380849838256836
end_to_end_command,45.35865783691406
end_to_end_command,30.149221420288086
end_to_end_command,18.56255531311035
end_to_end_command,38.497209548950195
end_to_end_command,25.37059783935547
end_to_end_command,45.44806480407715
end_to_end_command,35.84456443786621
end_to_end_command,17.429828643798828
end_to_end_command,37.78386116027832
end_to_end_command,25.836467742919922
end_to_end_command,45.978546142578125
end_to_end_command,32.15384483337402
end_to_end_command,19.171953201293945
end_to_end_command,39.258718490600586
end_to_end_command,25.018930435180664
end_to_end_command,45.06230354309082
end_to_end_command,32.8371524810791
end_to_end_command,18.526554107666016
end_to_end_command,38.664817810058594
end_to_end_command,25.533676147460938
end_to_end_command,45.6085205078125
end_to_end_command,35.219430923461914
end_to_end_command,17.716646194458008
end_to_end_command,37.397146224975586
end_to_end_command,24.33609962463379
end_to_end_command,44.36850547790527
end_to_end_command,33.52665901184082
end_to_end_command,19.117355346679688
end_to_end_command,39.21103477478027
end_to_end_command,26.161909103393555
end_to_end_command,45.7308292388916
end_to_end_command,32.47976303100586
end_to_end_command,19.016027450561523
end_to_end_command,39.10374641418457
end_to_end_command,25.109052658081055
end_to_end_command,45.20988464355469
end_to_end_command,32.50837326049805
end_to_end_command,19.083738327026367
end_to_end_command,39.199113845825195
end_to_end_command,24.630308151245117
end_to_end_command,44.5561408996582
end_to_end_command,31.17847442626953
end_to_end_command,19.139528274536133
end_to_end_command,39.00408744812012
end_to_end_command,26.09539031982422
end_to_end_command,46.19264602661133
end_to_end_command,33.596038818359375
end_to_end_command,18.863916397094727
end_to_end_command,39.205312728881836
end_to_end_command,24.944782257080078
end_to_end_command,45.094966888427734
end_to_end_command,33.75864028930664
end_to_end_command,19.750595092773438
end_to_end_command,39.92509841918945
end_to_end_command,27.08292007446289
end_to_end_command,46.81825637817383
end_to_end_command,33.37669372558594
end_to_end_command,19.698619842529297
end_to_end_command,39.59250450134277
end_to_end_command,25.844812393188477
end_to_end_command,45.57657241821289
end_to_end_command,33.24246406555176
end_to_end_command,19.06871795654297
end_to_end_command,39.46352005004883
end_to_end_command,25.458097457885742
end_to_end_command,45.54271697998047
end_to_end_command,33.583879470825195
end_to_end_command,17.734050750732422
end_to_end_command,38.100242614746094
end_to_end_command,25.0396728515625
end_to_end_command,45.08161544799805
end_to_end_command,32.13191032409668
end_to_end_command,18.37635040283203
end_to_end_command,38.74778747558594
end_to_end_command,26.636362075805664
end_to_end_command,46.63991928100586
end_to_end_command,33.9508056640625
end_to_end_command,18.981456756591797
end_to_end_command,38.98739814758301
end_to_end_command,26.068925857543945
end_to_end_command,46.15044593811035
end_to_end_command,34.63172912597656
end_to_end_command,20.592927932739258
end_to_end_command,40.029287338256836
end_to_end_command,25.742292404174805
end_to_end_command,46.03123664855957
end_to_end_command,34.53564643859863
end_to_end_command,19.893646240234375
end_to_end_command,39.91079330444336
end_to_end_command,23.858070373535156
end_to_end_command,44.577598571777344
end_to_end_command,33.72645378112793
end_to_end_command,19.1192626953125
end_to_end_command,39.06130790710449
end_to_end_command,24.239778518676758
end_to_end_command,44.36206817626953
end_to_end_command,33.35285186767578
end_to_end_command,20.247936248779297
end_to_end_command,40.784358978271484
end_to_end_command,23.499011993408203
end_to_end_command,44.06118392944336
end_to_end_command,34.44671630859375
end_to_end_command,19.2563533782959
end_to_end_command,39.43896293640137
end_to_end_command,24.999618530273438
end_to_end_command,45.55487632751465
end_to_end_command,32.727956771850586
end_to_end_command,18.234729766845703
end_to_end_command,38.15603256225586
end_to_end_command,26.088237762451172
end_to_end_command,46.036481857299805
end_to_end_command,31.601905822753906
end_to_end_command,18.845319747924805
end_to_end_command,38.777828216552734
end_to_end_command,26.3826847076416
end_to_end_command,46.285152435302734
end_to_end_command,33.374786376953125
end_to_end_command,19.092798233032227
end_to_end_command,39.48545455932617
end_to_end_command,24.931907653808594
end_to_end_command,45.25351524353027
end_to_end_command,32.631635665893555
end_to_end_command,18.77760887145996
end_to_end_command,39.10565376281738
end_to_end_command,24.52683448791504
end_to_end_command,44.91853713989258
end_to_end_command,33.16330909729004
end_to_end_command,18.955707550048828
end_to_end_command,39.13092613220215
end_to_end_command,24.98769760131836
end_to_end_command,44.89398002624512
end_to_end_command,34.596920013427734
end_to_end_command,17.93837547302246
end_to_end_command,38.007497787475586
end_to_end_command,25.155305862426758
end_to_end_command,45.39942741394043
end_to_end_command,31.67271614074707
end_to_end_command,19.92201805114746
end_to_end_command,40.146589279174805
end_to_end_command,26.857852935791016
end_to_end_command,46.35119438171387
end_to_end_command,32.19008445739746
end_to_end_command,19.571781158447266
end_to_end_command,39.4287109375
end_to_end_command,26.168346405029297
end_to_end_command,46.304941177368164
end_to_end_command,33.527374267578125
end_to_end_command,19.362688064575195
end_to_end_command,39.566993713378906
end_to_end_command,25.205612182617188
end_to_end_command,45.886993408203125
end_to_end_command,33.27298164367676
end_to_end_command,17.698049545288086
end_to_end_command,37.831783294677734
end_to_end_command,24.624347686767578
end_to_end_command,44.463396072387695
end_to_end_command,31.67247772216797
end_to_end_command,19.392728805541992
end_to_end_command,40.26675224304199
end_to_end_command,26.769638061523438
end_to_end_command,46.47326469421387
end_to_end_command,32.80377388000488
end_to_end_command,20.45440673828125
end_to_end_command,40.609121322631836
end_to_end_command,26.250362396240234
end_to_end_command,46.36406898498535
end_to_end_command,32.70769119262695
end_to_end_command,17.940759658813477
end_to_end_command,37.807464599609375
end_to_end_command,26.035308837890625
end_to_end_command,45.94159126281738
end_to_end_command,33.933401107788086
end_to_end_command,19.348621368408203
end_to_end_command,39.58320617675781
end_to_end_command,23.709774017333984
end_to_end_command,43.81442070007324
end_to_end_command,32.60493278503418
end_to_end_command,19.456863403320312
end_to_end_command,39.59822654724121
end_to_end_command,25.074481964111328
end_to_end_command,45.41754722595215
end_to_end_command,33.789634704589844
end_to_end_command,18.882036209106445
end_to_end_command,39.0324592590332
end_to_end_command,25.646209716796875
end_to_end_command,45.958518981933594
end_to_end_command,33.2033634185791
end_to_end_command,18.326759338378906
end_to_end_command,38.53011131286621
end_to_end_command,25.61211585998535
end_to_end_command,45.36700248718262
end_to_end_command,33.28704833984375
end_to_end_command,18.9821720123291
end_to_end_command,39.214134216308594
end_to_end_command,25.219440460205078
end_to_end_command,45.371055603027344
end_to_end_command,32.25588798522949
end_to_end_command,18.23282241821289
end_to_end_command,37.96958923339844
end_to_end_command,25.317668914794922
end_to_end_command,45.36700248718262
end_to_end_command,33.255577087402344
end_to_end_command,19.449472427368164
end_to_end_command,39.82877731323242
end_to_end_command,25.321006774902344
end_to_end_command,45.72463035583496
end_to_end_command,31.55994415283203
end_to_end_command,19.6840763092041
end_to_end_command,39.31474685668945
end_to_end_command,25.544166564941406
end_to_end_command,45.58277130126953
end_to_end_command,32.74846076965332
end_to_end_command,17.343759536743164
end_to_end_command,37.80031204223633
end_to_end_command,26.46040916442871
end_to_end_command,46.41413688659668
end_to_end_command,33.776044845581055
end_to_end_command,18.859148025512695
end_to_end_command,39.07179832458496
end_to_end_command,26.690244674682617
end_to_end_command,46.53167724609375
end_to_end_command,32.9442024230957
end_to_end_command,19.074440002441406
end_to_end_command,39.27946090698242
end_to_end_command,25.63762664794922
end_to_end_command,45.690059661865234
end_to_end_command,33.167362213134766
end_to_end_command,18.8446044921875
end_to_end_command,39.406776428222656
end_to_end_command,25.510787963867188
end_to_end_command,45.639991760253906
end_to_end_command,31.23188018798828
end_to_end_command,20.781278610229492
end_to_end_command,40.63987731933594
end_to_end_command,25.79188346862793
end_to_end_command,46.05746269226074
end_to_end_command,32.277584075927734
end_to_end_command,20.09749412536621
end_to_end_command,39.98517990112305
end_to_end_command,26.80492401123047
end_to_end_command,46.691179275512695
end_to_end_command,34.57140922546387
end_to_end_command,16.342639923095703
end_to_end_command,36.00764274597168
end_to_end_command,26.958227157592773
end_to_end_command,47.17278480529785
end_to_end_command,31.54277801513672
end_to_end_command,19.99378204345703
end_to_end_command,39.7944450378418
end_to_end_command,26.042938232421875
end_to_end_command,46.48470878601074
end_to_end_command,33.67352485656738
end_to_end_command,20.392656326293945
end_to_end_command,40.46893119812012
end_to_end_command,25.265216827392578
end_to_end_command,45.53842544555664
end_to_end_command,32.608747482299805
end_to_end_command,19.03390884399414
end_to_end_command,39.59798812866211
end_to_end_command,27.086734771728516
end_to_end_command,47.170400619506836
end_to_end_command,34.780025482177734
end_to_end_command,19.8211669921875
end_to_end_command,40.41337966918945
end_to_end_command,25.301218032836914
end_to_end_command,45.61972618103027
end_to_end_command,33.098697662353516
end_to_end_command,19.8209285736084
end_to_end_command,40.18402099609375
end_to_end_command,25.171995162963867
end_to_end_command,45.053720474243164
end_to_end_command,33.421993255615234
end_to_end_command,18.845558166503906
end_to_end_command,38.92350196838379
end_to_end_command,24.766921997070312
end_to_end_command,44.93832588195801
end_to_end_command,32.86337852478027
end_to_end_command,20.614147186279297
end_to_end_command,40.300607681274414
end_to_end_command,25.76279640197754
end_to_end_command,45.98665237426758
end_to_end_command,33.14542770385742
end_to_end_command,20.174741744995117
end_to_end_command,40.39812088012695
end_to_end_command,25.5734920501709
end_to_end_command,45.52578926086426
end_to_end_command,32.30547904968262
end_to_end_command,19.43516731262207
end_to_end_command,39.441823959350586
end_to_end_command,26.36265754699707
end_to_end_command,46.20862007141113
end_to_end_command,34.0123176574707
end_to_end_command,20.202159881591797
end_to_end_command,40.41099548339844
end_to_end_command,24.99556541442871
end_to_end_command,44.9671745300293
end_to_end_command,32.69767761230469
end_to_end_command,19.859790802001953
end_to_end_command,39.50858116149902
end_to_end_command,25.59971809387207
end_to_end_command,46.086788177490234
end_to_end_command,31.131505966186523
end_to_end_command,20.38407325744629
end_to_end_command,40.1606559753418
end_to_end_command,25.643587112426758
end_to_end_command,45.902252197265625
end_to_end_command,33.50186347961426
end_to_end_command,20.37525177001953
end_to_end_command,40.84038734436035
end_to_end_command,25.2532958984375
end_to_end_command,45.62830924987793
end_to_end_command,33.18166732788086
end_to_end_command,19.959211349487305
end_to_end_command,40.2674674987793
end_to_end_command,26.816844940185547
end_to_end_command,46.953439712524414
end_to_end_command,35.36558151245117
end_to_end_command,16.257524490356445
end_to_end_command,36.02886199951172
end_to_end_command,25.86078643798828
end_to_end_command,45.91035842895508
end_to_end_command,32.88626670837402
end_to_end_command,17.882347106933594
end_to_end_command,38.10763359069824
end_to_end_command,26.653766632080078
end_to_end_command,46.51284217834473
end_to_end_command,33.35261344909668
end_to_end_command,20.23792266845703
end_to_end_command,40.548086166381836
end_to_end_command,25.3140926361084
end_to_end_command,45.400142669677734
end_to_end_command,32.21440315246582
end_to_end_command,19.405364990234375
