metric,latency_ms
sensor_to_controller,16.60895347595215
sensor_to_controller,2.836465835571289
sensor_to_controller,22.409915924072266
sensor_to_controller,8.76927375793457
sensor_to_controller,28.876543045043945
sensor_to_controller,14.394044876098633
sensor_to_controller,3.3388137817382812
sensor_to_controller,23.293018341064453
sensor_to_controller,9.662866592407227
sensor_to_controller,29.762983322143555
sensor_to_controller,15.371084213256836
sensor_to_controller,2.5382041931152344
sensor_to_controller,22.34792709350586
sensor_to_controller,9.972095489501953
sensor_to_controller,29.950380325317383
sensor_to_controller,16.803503036499023
sensor_to_controller,2.238750457763672
sensor_to_controller,21.85201644897461
sensor_to_controller,9.724140167236328
sensor_to_controller,30.513525009155273
sensor_to_controller,14.960289001464844
sensor_to_controller,3.3414363861083984
sensor_to_controller,22.968292236328125
sensor_to_controller,9.084939956665039
sensor_to_controller,28.939485549926758
sensor_to_controller,16.692638397216797
sensor_to_controller,2.92205810546875
sensor_to_controller,23.069381713867188
sensor_to_controller,10.048627853393555
sensor_to_controller,29.818296432495117
sensor_to_controller,15.183448791503906
sensor_to_controller,1.5320777893066406
sensor_to_controller,20.998477935791016
sensor_to_controller,8.788108825683594
sensor_to_controller,28.61762046813965
sensor_to_controller,15.971183776855469
sensor_to_controller,3.7338733673095703
sensor_to_controller,23.762941360473633
sensor_to_controller,9.88626480102539
sensor_to_controller,29.701948165893555
sensor_to_controller,15.04206657409668
sensor_to_controller,2.878427505493164
sensor_to_controller,22.626876831054688
sensor_to_controller,9.9945068359375
sensor_to_controller,29.445409774780273
sensor_to_controller,14.549016952514648
sensor_to_controller,3.3431053161621094
sensor_to_controller,23.56243133544922
sensor_to_controller,10.009288787841797
sensor_to_controller,30.129432678222656
sensor_to_controller,16.089916229248047
sensor_to_controller,1.901388168334961
sensor_to_controller,21.55327796936035
sensor_to_controller,8.721590042114258
sensor_to_controller,28.757095336914062
sensor_to_controller,15.54417610168457
sensor_to_controller,3.5703182220458984
sensor_to_controller,23.73790740966797
sensor_to_controller,9.424924850463867
sensor_to_controller,29.793500900268555
sensor_to_controller,15.245437622070312
sensor_to_controller,2.768993377685547
sensor_to_controller,22.427082061767578
sensor_to_controller,9.0789794921875
sensor_to_controller,29.033899307250977
sensor_to_controller,15.77448844909668
sensor_to_controller,4.477024078369141
sensor_to_controller,24.57404136657715
sensor_to_controller,10.006427764892578
sensor_to_controller,29.80184555053711
sensor_to_controller,15.617132186889648
sensor_to_controller,1.5513896942138672
sensor_to_controller,21.550416946411133
sensor_to_controller,9.015083312988281
sensor_to_controller,28.862953186035156
sensor_to_controller,16.172409057617188
sensor_to_controller,2.681732177734375
sensor_to_controller,23.072004318237305
sensor_to_controller,10.242938995361328
sensor_to_controller,29.85548973083496
sensor_to_controller,16.70098304748535
sensor_to_controller,4.033088684082031
sensor_to_controller,23.497343063354492
sensor_to_controller,10.068416595458984
sensor_to_controller,30.05528450012207
sensor_to_controller,16.041040420532227
sensor_to_controller,1.8990039825439453
sensor_to_controller,21.849632263183594
sensor_to_controller,9.663105010986328
sensor_to_controller,29.917001724243164
sensor_to_controller,17.073869705200195
sensor_to_controller,2.506732940673828
sensor_to_controller,22.2623348236084
sensor_to_controller,8.275032043457031
sensor_to_controller,28.649091720581055
sensor_to_controller,13.946771621704102
sensor_to_controller,2.821207046508789
sensor_to_controller,22.65310287475586
sensor_to_controller,9.851217269897461
sensor_to_controller,29.87837791442871
sensor_to_controller,13.86880874633789
sensor_to_controller,2.3193359375
sensor_to_controller,22.15266227722168
sensor_to_controller,8.781909942626953
sensor_to_controller,28.645992279052734
sensor_to_controller,15.261173248291016
sensor_to_controller,1.2116432189941406
sensor_to_controller,20.949840545654297
sensor_to_controller,9.99593734741211
sensor_to_controller,30.121803283691406
sensor_to_controller,15.247106552124023
sensor_to_controller,3.8950443267822266
sensor_to_controller,23.473501205444336
sensor_to_controller,8.488178253173828
sensor_to_controller,28.423547744750977
sensor_to_controller,15.266656875610352
sensor_to_controller,1.9061565399169922
sensor_to_controller,21.416187286376953
sensor_to_controller,9.8114013671875
sensor_to_controller,30.09819984436035
sensor_to_controller,15.159845352172852
sensor_to_controller,2.795696258544922
sensor_to_controller,22.449970245361328
sensor_to_controller,10.079622268676758
sensor_to_controller,30.14397621154785
sensor_to_controller,14.718055725097656
sensor_to_controller,3.0019283294677734
sensor_to_controller,23.352622985839844
sensor_to_controller,8.928060531616211
sensor_to_controller,28.647661209106445
sensor_to_controller,15.738487243652344
sensor_to_controller,2.501249313354492
sensor_to_controller,22.315025329589844
sensor_to_controller,10.732889175415039
sensor_to_controller,30.771255493164062
sensor_to_controller,16.824960708618164
sensor_to_controller,3.072023391723633
sensor_to_controller,22.729158401489258
sensor_to_controller,9.0179443359375
sensor_to_controller,29.023408889770508
sensor_to_controller,16.496658325195312
sensor_to_controller,3.7724971771240234
sensor_to_controller,23.669719696044922
sensor_to_controller,10.33329963684082
sensor_to_controller,30.399084091186523
sensor_to_controller,15.304327011108398
sensor_to_controller,3.0562877655029297
sensor_to_controller,22.382497787475586
sensor_to_controller,9.968042373657227
sensor_to_controller,29.678821563720703
sensor_to_controller,15.694141387939453
sensor_to_controller,2.9790401458740234
sensor_to_controller,23.030757904052734
sensor_to_controller,8.939266204833984
sensor_to_controller,28.61642837524414
sensor_to_controller,14.839410781860352
sensor_to_controller,3.0372142791748047
sensor_to_controller,23.028850555419922
sensor_to_controller,10.02955436706543
sensor_to_controller,30.11488914489746
sensor_to_controller,15.43426513671875
sensor_to_controller,3.192901611328125
sensor_to_controller,22.92346954345703
sensor_to_controller,7.761478424072266
sensor_to_controller,27.736425399780273
sensor_to_controller,16.37411117553711
sensor_to_controller,1.8684864044189453
sensor_to_controller,20.731449127197266
sensor_to_controller,10.460138320922852
sensor_to_controller,30.16495704650879
sensor_to_controller,17.10343360900879
sensor_to_controller,2.7701854705810547
sensor_to_controller,21.919965744018555
sensor_to_controller,8.914709091186523
sensor_to_controller,29.221534729003906
sensor_to_controller,15.714883804321289
sensor_to_controller,3.4303665161132812
sensor_to_controller,23.49996566772461
sensor_to_controller,10.562896728515625
sensor_to_controller,31.463146209716797
sensor_to_controller,15.722036361694336
sensor_to_controller,1.8470287322998047
sensor_to_controller,21.768808364868164
sensor_to_controller,10.646581649780273
sensor_to_controller,30.711889266967773
sensor_to_controller,17.52328872680664
sensor_to_controller,2.0449161529541016
sensor_to_controller,21.154165267944336
sensor_to_controller,9.781837463378906
sensor_to_controller,29.741525650024414
sensor_to_controller,16.73722267150879
sensor_to_controller,4.054784774780273
sensor_to_controller,23.202180862426758
sensor_to_controller,10.216951370239258
sensor_to_controller,30.159473419189453
sensor_to_controller,17.28987693786621
sensor_to_controller,1.2662410736083984
sensor_to_controller,20.900964736938477
sensor_to_controller,10.053157806396484
sensor_to_controller,29.798030853271484
sensor_to_controller,15.95306396484375
sensor_to_controller,3.719329833984375
sensor_to_controller,24.06620979309082
sensor_to_controller,8.915424346923828
sensor_to_controller,28.552770614624023
sensor_to_controller,16.443490982055664
sensor_to_controller,3.5343170166015625
sensor_to_controller,23.051977157592773
sensor_to_controller,9.597301483154297
sensor_to_controller,29.917240142822266
sensor_to_controller,14.751195907592773
sensor_to_controller,0.3218650817871094
sensor_to_controller,20.160675048828125
sensor_to_controller,10.366201400756836
sensor_to_controller,30.350923538208008
sensor_to_controller,15.130996704101562
sensor_to_controller,3.8340091705322266
sensor_to_controller,23.90265464782715
sensor_to_controller,8.756637573242188
sensor_to_controller,28.984785079956055
sensor_to_controller,15.407085418701172
sensor_to_controller,2.8731822967529297
sensor_to_controller,23.164987564086914
sensor_to_controller,10.224342346191406
sensor_to_controller,30.002117156982422
sensor_to_controller,14.569282531738281
sensor_to_controller,3.5305023193359375
sensor_to_controller,23.331403732299805
sensor_to_controller,8.26883316040039
sensor_to_controller,28.15723419189453
sensor_to_controller,14.290809631347656
sensor_to_controller,2.9840469360351562
sensor_to_controller,22.262096405029297
sensor_to_controller,10.246753692626953
sensor_to_controller,30.05528450012207
sensor_to_controller,15.616893768310547
sensor_to_controller,2.928018569946289
sensor_to_controller,22.81498908996582
sensor_to_controller,9.098291397094727
sensor_to_controller,28.827905654907227
sensor_to_controller,15.755653381347656
sensor_to_controller,1.6417503356933594
sensor_to_controller,21.267414093017578
sensor_to_controller,9.360074996948242
sensor_to_controller,29.169082641601562
sensor_to_controller,14.39356803894043
sensor_to_controller,2.552032470703125
sensor_to_controller,22.62091636657715
sensor_to_controller,9.392023086547852
sensor_to_controller,29.226303100585938
sensor_to_controller,15.750646591186523
sensor_to_controller,2.844095230102539
sensor_to_controller,22.263288497924805
sensor_to_controller,9.727954864501953
sensor_to_controller,29.529094696044922
sensor_to_controller,15.658140182495117
sensor_to_controller,3.0672550201416016
sensor_to_controller,22.591590881347656
sensor_to_controller,9.712696075439453
sensor_to_controller,30.120134353637695
sensor_to_controller,14.897584915161133
sensor_to_controller,2.9296875
sensor_to_controller,22.760391235351562
sensor_to_controller,7.7381134033203125
sensor_to_controller,27.80914306640625
sensor_to_controller,17.006635665893555
sensor_to_controller,3.9548873901367188
sensor_to_controller,23.494958877563477
sensor_to_controller,9.147405624389648
sensor_to_controller,28.85580062866211
sensor_to_controller,15.053749084472656
sensor_to_controller,2.889871597290039
sensor_to_controller,22.42445945739746
sensor_to_controller,8.958101272583008
sensor_to_controller,29.325008392333984
sensor_to_controller,15.853404998779297
sensor_to_controller,2.0134449005126953
sensor_to_controller,21.55160903930664
sensor_to_controller,10.08462905883789
sensor_to_controller,29.98518943786621
sensor_to_controller,15.057563781738281
sensor_to_controller,6.760120391845703
sensor_to_controller,23.594141006469727
sensor_to_controller,9.287118911743164
sensor_to_controller,29.07109260559082
sensor_to_controller,14.154434204101562
sensor_to_controller,3.2744407653808594
sensor_to_controller,22.183656692504883
sensor_to_controller,10.126590728759766
sensor_to_controller,30.323266983032227
sensor_to_controller,15.676259994506836
sensor_to_controller,2.8417110443115234
sensor_to_controller,22.705554962158203
sensor_to_controller,10.28752326965332
sensor_to_controller,30.078887939453125
sensor_to_controller,16.633033752441406
sensor_to_controller,2.6760101318359375
sensor_to_controller,22.599458694458008
sensor_to_controller,9.561777114868164
sensor_to_controller,29.512882232666016
sensor_to_controller,17.483949661254883
sensor_to_controller,3.5157203674316406
sensor_to_controller,23.190736770629883
sensor_to_controller,9.793519973754883
sensor_to_controller,29.56366539001465
sensor_to_controller,16.051530838012695
sensor_to_controller,2.920389175415039
sensor_to_controller,22.61519432067871
sensor_to_controller,9.0789794921875
sensor_to_controller,29.196500778198242
sensor_to_controller,16.15142822265625
sensor_to_controller,2.641439437866211
sensor_to_controller,22.446632385253906
sensor_to_controller,10.756731033325195
sensor_to_controller,30.790328979492188
sensor_to_controller,15.027523040771484
sensor_to_controller,3.3774375915527344
sensor_to_controller,23.21338653564453
sensor_to_controller,9.786128997802734
sensor_to_controller,29.52861785888672
sensor_to_controller,15.497684478759766
sensor_to_controller,3.4759044647216797
sensor_to_controller,23.334026336669922
sensor_to_controller,8.98289680480957
sensor_to_controller,28.804540634155273
sensor_to_controller,17.27294921875
sensor_to_controller,1.9717216491699219
sensor_to_controller,20.656585693359375
sensor_to_controller,10.816335678100586
sensor_to_controller,30.6704044342041
sensor_to_controller,15.008687973022461
sensor_to_controller,4.148006439208984
sensor_to_controller,23.8649845123291
sensor_to_controller,10.042905807495117
sensor_to_controller,30.038118362426758
sensor_to_controller,16.966581344604492
sensor_to_controller,3.714323043823242
sensor_to_controller,23.511171340942383
sensor_to_controller,10.111093521118164
sensor_to_controller,30.085086822509766
sensor_to_controller,15.721797943115234
sensor_to_controller,4.457712173461914
sensor_to_controller,24.886369705200195
sensor_to_controller,10.25390625
sensor_to_controller,29.561281204223633
sensor_to_controller,16.620635986328125
sensor_to_controller,2.8336048126220703
sensor_to_controller,22.702932357788086
sensor_to_controller,8.928298950195312
sensor_to_controller,28.546571731567383
sensor_to_controller,15.70272445678711
sensor_to_controller,3.7527084350585938
sensor_to_controller,23.75507354736328
sensor_to_controller,10.016918182373047
sensor_to_controller,29.99591827392578
sensor_to_controller,16.57390594482422
sensor_to_controller,3.9246082305908203
sensor_to_controller,23.711204528808594
sensor_to_controller,9.02414321899414
sensor_to_controller,29.558658599853516
sensor_to_controller,14.110565185546875
sensor_to_controller,3.674030303955078
sensor_to_controller,23.178815841674805
sensor_to_controller,9.390115737915039
sensor_to_controller,29.087066650390625
sensor_to_controller,16.217947006225586
sensor_to_controller,1.2481212615966797
sensor_to_controller,20.873546600341797
sensor_to_controller,10.461807250976562
sensor_to_controller,30.565977096557617
sensor_to_controller,16.115188598632812
sensor_to_controller,4.795551300048828
sensor_to_controller,23.19502830505371
sensor_to_controller,10.350227355957031
sensor_to_controller,30.00187873840332
sensor_to_controller,15.55490493774414
sensor_to_controller,3.0028820037841797
sensor_to_controller,23.011207580566406
sensor_to_controller,9.553670883178711
sensor_to_controller,29.793977737426758
sensor_to_controller,16.260862350463867
sensor_to_controller,1.8007755279541016
sensor_to_controller,21.551132202148438
sensor_to_controller,10.254383087158203
sensor_to_controller,29.484272003173828
sensor_to_controller,15.813827514648438
sensor_to_controller,3.0357837677001953
sensor_to_controller,22.94778823852539
sensor_to_controller,9.471654891967773
sensor_to_controller,29.45685386657715
sensor_to_controller,14.636754989624023
sensor_to_controller,3.688335418701172
sensor_to_controller,23.52166175842285
sensor_to_controller,9.659528732299805
sensor_to_controller,29.732942581176758
sensor_to_controller,16.210317611694336
sensor_to_controller,3.624439239501953
sensor_to_controller,23.463964462280273
sensor_to_controller,9.841680526733398
sensor_to_controller,30.035734176635742
sensor_to_controller,14.853715896606445
sensor_to_controller,2.2118091583251953
sensor_to_controller,20.59650421142578
sensor_to_controller,10.163068771362305
sensor_to_controller,30.05671501159668
sensor_to_controller,17.827749252319336
sensor_to_controller,3.944873809814453
sensor_to_controller,24.054288864135742
sensor_to_controller,9.38272476196289
sensor_to_controller,28.83458137512207
sensor_to_controller,15.428543090820312
sensor_to_controller,2.523660659790039
sensor_to_controller,21.733522415161133
sensor_to_controller,9.769201278686523
sensor_to_controller,29.78205680847168
sensor_to_controller,15.426158905029297
sensor_to_controller,4.584312438964844
sensor_to_controller,24.109840393066406
sensor_to_controller,10.142326354980469
sensor_to_controller,30.25960922241211
sensor_to_controller,16.239643096923828
sensor_to_controller,2.6884078979492188
sensor_to_controller,21.280527114868164
sensor_to_controller,10.385990142822266
sensor_to_controller,30.214309692382812
sensor_to_controller,17.54474639892578
sensor_to_controller,3.262042999267578
sensor_to_controller,23.04697036743164
sensor_to_controller,9.277582168579102
sensor_to_controller,29.24942970275879
sensor_to_controller,14.447212219238281
sensor_to_controller,1.8773078918457031
sensor_to_controller,21.754026412963867
sensor_to_controller,9.772539138793945
sensor_to_controller,29.645681381225586
sensor_to_controller,13.866662979125977
sensor_to_controller,3.4966468811035156
sensor_to_controller,23.184537887573242
sensor_to_controller,10.435342788696289
sensor_to_controller,30.303478240966797
sensor_to_controller,15.66624641418457
sensor_to_controller,3.1633377075195312
sensor_to_controller,22.745370864868164
sensor_to_controller,8.720636367797852
sensor_to_controller,28.380632400512695
sensor_to_controller,15.82956314086914
sensor_to_controller,3.4532546997070312
sensor_to_controller,23.354768753051758
sensor_to_controller,10.53929328918457
sensor_to_controller,30.228614807128906
sensor_to_controller,16.398906707763672
sensor_to_controller,1.9927024841308594
sensor_to_controller,22.19247817993164
sensor_to_controller,9.938240051269531
sensor_to_controller,29.476404190063477
sensor_to_controller,17.108917236328125
sensor_to_controller,4.126787185668945
sensor_to_controller,24.19424057006836
sensor_to_controller,10.073184967041016
sensor_to_controller,30.07984161376953
sensor_to_controller,13.694286346435547
sensor_to_controller,1.5096664428710938
sensor_to_controller,20.911693572998047
sensor_to_controller,10.20193099975586
sensor_to_controller,30.304431915283203
sensor_to_controller,16.559839248657227
sensor_to_controller,3.408670425415039
sensor_to_controller,23.340463638305664
sensor_to_controller,10.09821891784668
sensor_to_controller,30.03549575805664
sensor_to_controller,16.15762710571289
sensor_to_controller,2.221822738647461
sensor_to_controller,22.66860008239746
sensor_to_controller,10.497570037841797
sensor_to_controller,30.074357986450195
sensor_to_controller,14.410734176635742
sensor_to_controller,4.231929779052734
sensor_to_controller,24.043798446655273
sensor_to_controller,9.284496307373047
sensor_to_controller,29.155492782592773
sensor_to_controller,16.06583595275879
sensor_to_controller,1.3775825500488281
sensor_to_controller,19.53601837158203
sensor_to_controller,10.408878326416016
sensor_to_controller,30.248641967773438
sensor_to_controller,17.026662826538086
sensor_to_controller,4.097461700439453
sensor_to_controller,24.432897567749023
sensor_to_controller,9.534835815429688
sensor_to_controller,28.895139694213867
sensor_to_controller,16.74938201904297
sensor_to_controller,1.8253326416015625
sensor_to_controller,21.87514305114746
sensor_to_controller,10.462760925292969
sensor_to_controller,31.039714813232422
sensor_to_controller,15.22970199584961
sensor_to_controller,2.6082992553710938
sensor_to_controller,22.780418395996094
sensor_to_controller,7.222414016723633
sensor_to_controller,27.51922607421875
sensor_to_controller,16.375064849853516
sensor_to_controller,4.866838455200195
sensor_to_controller,24.250030517578125
sensor_to_controller,9.925365447998047
sensor_to_controller,29.919862747192383
sensor_to_controller,16.262292861938477
sensor_to_controller,3.535747528076172
sensor_to_controller,23.89073371887207
sensor_to_controller,8.533000946044922
sensor_to_controller,28.82218360900879
sensor_to_controller,14.9383544921875
sensor_to_controller,3.4477710723876953
sensor_to_controller,23.405790328979492
sensor_to_controller,9.674787521362305
sensor_to_controller,29.65545654296875
sensor_to_controller,15.755653381347656
sensor_to_controller,2.549409866333008
sensor_to_controller,22.81641960144043
sensor_to_controller,9.571552276611328
sensor_to_controller,29.240846633911133
sensor_to_controller,15.171527862548828
sensor_to_controller,3.8864612579345703
sensor_to_controller,23.779630661010742
sensor_to_controller,10.1165771484375
sensor_to_controller,30.547142028808594
sensor_to_controller,15.406370162963867
sensor_to_controller,3.6971569061279297
sensor_to_controller,24.019241333007812
sensor_to_controller,10.255098342895508
sensor_to_controller,30.095815658569336
sensor_to_controller,15.646219253540039
sensor_to_controller,1.2311935424804688
sensor_to_controller,20.911216735839844
sensor_to_controller,10.646581649780273
sensor_to_controller,30.573129653930664
sensor_to_controller,17.156362533569336
sensor_to_controller,3.5200119018554688
sensor_to_controller,23.703575134277344
sensor_to_controller,9.735345840454102
sensor_to_controller,29.7086238861084
sensor_to_controller,15.380859375
sensor_to_controller,4.567623138427734
sensor_to_controller,24.166584014892578
sensor_to_controller,10.15329360961914
sensor_to_controller,29.714107513427734
sensor_to_controller,17.45772361755371
sensor_to_controller,3.1974315643310547
sensor_to_controller,23.212671279907227
sensor_to_controller,10.405302047729492
sensor_to_controller,30.422449111938477
sensor_to_controller,16.45207405090332
sensor_to_controller,3.512859344482422
sensor_to_controller,23.450136184692383
sensor_to_controller,10.51473617553711
sensor_to_controller,30.45821189880371
sensor_to_controller,17.2574520111084
sensor_to_controller,3.488302230834961
sensor_to_controller,23.14019203186035
sensor_to_controller,10.176658630371094
sensor_to_controller,29.851198196411133
sensor_to_controller,16.924142837524414
sensor_to_controller,4.761219024658203
sensor_to_controller,24.23381805419922
sensor_to_controller,9.347915649414062
sensor_to_controller,29.21152114868164
sensor_to_controller,13.962984085083008
sensor_to_controller,3.325223922729492
sensor_to_controller,22.771358489990234
sensor_to_controller,9.056329727172852
sensor_to_controller,29.373884201049805
sensor_to_controller,15.313148498535156
sensor_to_controller,4.211187362670898
sensor_to_controller,23.693561553955078
sensor_to_controller,10.155439376831055
sensor_to_controller,29.78372573852539
sensor_to_controller,15.388250350952148
sensor_to_controller,3.450155258178711
sensor_to_controller,23.56696128845215
sensor_to_controller,8.664846420288086
sensor_to_controller,28.441667556762695
sensor_to_controller,15.93017578125
sensor_to_controller,4.096508026123047
sensor_to_controller,24.23715591430664
sensor_to_controller,10.092496871948242
sensor_to_controller,30.11012077331543
sensor_to_controller,15.336275100708008
sensor_to_controller,3.5948753356933594
sensor_to_controller,24.1546630859375
sensor_to_controller,10.288715362548828
sensor_to_controller,30.112743377685547
sensor_to_controller,16.013145446777344
sensor_to_controller,1.5683174133300781
sensor_to_controller,21.277904510498047
sensor_to_controller,9.997367858886719
sensor_to_controller,29.881000518798828
sensor_to_controller,15.916824340820312
sensor_to_controller,2.3088455200195312
sensor_to_controller,21.21567726135254
sensor_to_controller,9.938478469848633
sensor_to_controller,30.122041702270508
sensor_to_controller,16.629695892333984
sensor_to_controller,4.067659378051758
sensor_to_controller,23.907899856567383
sensor_to_controller,10.362386703491211
sensor_to_controller,30.598163604736328
sensor_to_controller,15.773296356201172
sensor_to_controller,3.954648971557617
sensor_to_controller,23.967742919921875
sensor_to_controller,9.172439575195312
sensor_to_controller,28.844356536865234
sensor_to_controller,16.535520553588867
sensor_to_controller,3.794431686401367
sensor_to_controller,23.568391799926758
sensor_to_controller,9.839296340942383
sensor_to_controller,29.771089553833008
sensor_to_controller,15.558004379272461
sensor_to_controller,3.6194324493408203
sensor_to_controller,23.169279098510742
sensor_to_controller,10.093927383422852
sensor_to_controller,29.850482940673828
sensor_to_controller,18.164634704589844
sensor_to_controller,4.328250885009766
sensor_to_controller,24.4140625
sensor_to_controller,8.388280868530273
sensor_to_controller,28.331995010375977
sensor_to_controller,16.072750091552734
sensor_to_controller,1.3167858123779297
sensor_to_controller,20.595312118530273
sensor_to_controller,10.63680648803711
sensor_to_controller,30.658483505249023
sensor_to_controller,17.63129234313965
sensor_to_controller,2.9006004333496094
sensor_to_controller,23.212432861328125
sensor_to_controller,10.24627685546875
sensor_to_controller,30.12371063232422
sensor_to_controller,15.452146530151367
sensor_to_controller,1.8856525421142578
sensor_to_controller,20.991802215576172
sensor_to_controller,10.650634765625
sensor_to_controller,30.60173988342285
sensor_to_controller,16.875505447387695
sensor_to_controller,2.4979114532470703
sensor_to_controller,22.124052047729492
sensor_to_controller,10.539054870605469
sensor_to_controller,30.565500259399414
sensor_to_controller,15.027523040771484
sensor_to_controller,4.012584686279297
sensor_to_controller,23.15044403076172
sensor_to_controller,9.01937484741211
sensor_to_controller,29.100656509399414
sensor_to_controller,16.666412353515625
sensor_to_controller,3.8347244262695312
sensor_to_controller,23.51689338684082
sensor_to_controller,9.614229202270508
sensor_to_controller,29.356002807617188
sensor_to_controller,16.811132431030273
sensor_to_controller,3.6339759826660156
sensor_to_controller,23.90289306640625
sensor_to_controller,9.985685348510742
sensor_to_controller,29.828786849975586
sensor_to_controller,14.683723449707031
sensor_to_controller,4.577398300170898
sensor_to_controller,24.044275283813477
sensor_to_controller,9.380340576171875
sensor_to_controller,29.346942901611328
sensor_to_controller,15.47861099243164
sensor_to_controller,2.6483535766601562
sensor_to_controller,22.806167602539062
sensor_to_controller,9.659290313720703
sensor_to_controller,29.767274856567383
sensor_to_controller,15.153169631958008
sensor_to_controller,4.20832633972168
sensor_to_controller,24.425029754638672
sensor_to_controller,9.293317794799805
sensor_to_controller,29.179096221923828
sensor_to_controller,16.762256622314453
sensor_to_controller,3.855466842651367
sensor_to_controller,24.138689041137695
sensor_to_controller,10.375022888183594
sensor_to_controller,30.247926712036133
sensor_to_controller,15.788555145263672
sensor_to_controller,3.5021305084228516
sensor_to_controller,23.052453994750977
sensor_to_controller,8.84103775024414
sensor_to_controller,28.877973556518555
sensor_to_controller,16.942739486694336
sensor_to_controller,4.038333892822266
sensor_to_controller,23.708581924438477
sensor_to_controller,9.51838493347168
sensor_to_controller,30.542612075805664
sensor_to_controller,14.206886291503906
sensor_to_controller,2.889394760131836
sensor_to_controller,22.858619689941406
sensor_to_controller,9.78994369506836
sensor_to_controller,29.384374618530273
sensor_to_controller,15.779256820678711
sensor_to_controller,4.65703010559082
sensor_to_controller,24.504661560058594
sensor_to_controller,10.015010833740234
sensor_to_controller,29.80518341064453
sensor_to_controller,16.089200973510742
sensor_to_controller,2.2726058959960938
sensor_to_controller,21.991968154907227
sensor_to_controller,10.192632675170898
sensor_to_controller,30.368566513061523
sensor_to_controller,16.85023307800293
sensor_to_controller,3.9167404174804688
sensor_to_controller,23.845672607421875
sensor_to_controller,9.94729995727539
sensor_to_controller,29.881954193115234
sensor_to_controller,15.531301498413086
sensor_to_controller,0.9510517120361328
sensor_to_controller,20.893335342407227
sensor_to_controller,9.542226791381836
sensor_to_controller,29.191017150878906
sensor_to_controller,15.874624252319336
sensor_to_controller,2.5207996368408203
sensor_to_controller,22.170305252075195
sensor_to_controller,10.535955429077148
sensor_to_controller,30.18951416015625
sensor_to_controller,16.645431518554688
sensor_to_controller,4.436969757080078
sensor_to_controller,23.974895477294922
sensor_to_controller,9.513616561889648
sensor_to_controller,29.543161392211914
sensor_to_controller,15.713930130004883
sensor_to_controller,1.0783672332763672
sensor_to_controller,19.98305320739746
sensor_to_controller,10.526180267333984
sensor_to_controller,31.10051155090332
sensor_to_controller,15.266180038452148
sensor_to_controller,3.5135746002197266
sensor_to_controller,23.40102195739746
sensor_to_controller,10.672569274902344
sensor_to_controller,30.577421188354492
sensor_to_controller,16.632556915283203
sensor_to_controller,3.520488739013672
sensor_to_controller,23.771047592163086
sensor_to_controller,10.070085525512695
sensor_to_controller,29.900312423706055
sensor_to_controller,15.486717224121094
sensor_to_controller,4.136562347412109
sensor_to_controller,24.211883544921875
sensor_to_controller,9.89985466003418
sensor_to_controller,29.489517211914062
sensor_to_controller,15.88582992553711
sensor_to_controller,2.64739990234375
sensor_to_controller,22.176504135131836
sensor_to_controller,10.330438613891602
sensor_to_controller,30.08556365966797
sensor_to_controller,18.236398696899414
sensor_to_controller,3.871440887451172
sensor_to_controller,23.37336540222168
sensor_to_controller,10.657072067260742
sensor_to_controller,30.230283737182617
sensor_to_controller,16.503572463989258
sensor_to_controller,2.9382705688476562
sensor_to_controller,22.814273834228516
sensor_to_controller,10.851860046386719
sensor_to_controller,30.458450317382812
sensor_to_controller,18.303871154785156
sensor_to_controller,4.627704620361328
sensor_to_controller,23.942232131958008
sensor_to_controller,10.691642761230469
sensor_to_controller,30.747652053833008
sensor_to_controller,16.118526458740234
sensor_to_controller,3.665447235107422
sensor_to_controller,23.561716079711914
sensor_to_controller,10.994434356689453
sensor_to_controller,30.714035034179688
sensor_to_controller,15.40517807006836
sensor_to_controller,4.967689514160156
sensor_to_controller,24.177074432373047
sensor_to_controller,10.823488235473633
sensor_to_controller,30.637502670288086
sensor_to_controller,16.26443862915039
sensor_to_controller,4.208087921142578
sensor_to_controller,24.30438995361328
sensor_to_controller,9.959936141967773
sensor_to_controller,29.88266944885254
sensor_to_controller,15.066385269165039
sensor_to_controller,4.3659210205078125
sensor_to_controller,24.080276489257812
sensor_to_controller,10.191202163696289
sensor_to_controller,30.17449378967285
sensor_to_controller,14.519214630126953
sensor_to_controller,3.391742706298828
sensor_to_controller,22.814273834228516
sensor_to_controller,11.15274429321289
sensor_to_controller,31.1124324798584
sensor_to_controller,17.75050163269043
sensor_to_controller,5.50389289855957
sensor_to_controller,23.90313148498535
sensor_to_controller,9.399890899658203
sensor_to_controller,29.12735939025879
sensor_to_controller,16.468048095703125
sensor_to_controller,3.7903785705566406
sensor_to_controller,23.714065551757812
sensor_to_controller,11.272668838500977
sensor_to_controller,31.138896942138672
sensor_to_controller,16.684770584106445
sensor_to_controller,3.6420822143554688
sensor_to_controller,23.757219314575195
sensor_to_controller,9.880542755126953
sensor_to_controller,30.015230178833008
sensor_to_controller,16.068458557128906
sensor_to_controller,2.870798110961914
sensor_to_controller,23.099660873413086
sensor_to_controller,9.337902069091797
sensor_to_controller,29.64019775390625
sensor_to_controller,15.280485153198242
sensor_to_controller,4.305362701416016
sensor_to_controller,23.868083953857422
sensor_to_controller,10.054588317871094
sensor_to_controller,29.959678649902344
sensor_to_controller,16.29185676574707
sensor_to_controller,3.6034584045410156
sensor_to_controller,23.647069931030273
sensor_to_controller,8.758068084716797
sensor_to_controller,28.500795364379883
sensor_to_controller,16.87002182006836
sensor_to_controller,3.439188003540039
sensor_to_controller,23.886680603027344
sensor_to_controller,11.41214370727539
sensor_to_controller,31.363964080810547
sensor_to_controller,16.39103889465332
sensor_to_controller,2.752542495727539
sensor_to_controller,22.913217544555664
sensor_to_controller,10.061025619506836
sensor_to_controller,30.02333641052246
sensor_to_controller,15.696525573730469
sensor_to_controller,3.3092498779296875
sensor_to_controller,23.524761199951172
sensor_to_controller,11.434555053710938
sensor_to_controller,31.197786331176758
sensor_to_controller,17.146587371826172
sensor_to_controller,5.17582893371582
sensor_to_controller,24.793386459350586
sensor_to_controller,10.325908660888672
sensor_to_controller,30.20501136779785
sensor_to_controller,17.015933990478516
sensor_to_controller,3.264188766479492
sensor_to_controller,23.610591888427734
sensor_to_controller,9.487628936767578
sensor_to_controller,29.288053512573242
sensor_to_controller,15.178442001342773
sensor_to_controller,4.270315170288086
sensor_to_controller,24.1239070892334
sensor_to_controller,9.377241134643555
sensor_to_controller,29.471874237060547
sensor_to_controller,14.930963516235352
sensor_to_controller,2.6171207427978516
sensor_to_controller,22.060155868530273
sensor_to_controller,11.089086532592773
sensor_to_controller,31.247377395629883
sensor_to_controller,16.95704460144043
sensor_to_controller,3.586292266845703
sensor_to_controller,23.30183982849121
sensor_to_controller,10.003805160522461
sensor_to_controller,30.082225799560547
sensor_to_controller,16.817092895507812
sensor_to_controller,2.266407012939453
sensor_to_controller,22.13454246520996
sensor_to_controller,9.489297866821289
sensor_to_controller,29.306411743164062
sensor_to_controller,17.27581024169922
sensor_to_controller,4.561424255371094
sensor_to_controller,24.15633201599121
sensor_to_controller,9.588479995727539
sensor_to_controller,29.534101486206055
sensor_to_controller,16.030311584472656
sensor_to_controller,2.228975296020508
sensor_to_controller,22.505521774291992
sensor_to_controller,10.18381118774414
sensor_to_controller,29.530763626098633
sensor_to_controller,16.07227325439453
sensor_to_controller,3.9730072021484375
sensor_to_controller,24.01900291442871
sensor_to_controller,9.214162826538086
sensor_to_controller,28.949499130249023
sensor_to_controller,16.544103622436523
sensor_to_controller,4.19163703918457
sensor_to_controller,24.137020111083984
sensor_to_controller,10.454654693603516
sensor_to_controller,30.313730239868164
sensor_to_controller,16.149282455444336
sensor_to_controller,4.432916641235352
sensor_to_controller,23.901700973510742
sensor_to_controller,9.966373443603516
sensor_to_controller,29.798269271850586
sensor_to_controller,16.704082489013672
sensor_to_controller,4.00543212890625
sensor_to_controller,23.86164665222168
sensor_to_controller,10.318994522094727
sensor_to_controller,29.19912338256836
sensor_to_controller,17.829179763793945
sensor_to_controller,3.9539337158203125
sensor_to_controller,23.775815963745117
sensor_to_controller,10.746479034423828
sensor_to_controller,30.41362762451172
sensor_to_controller,15.808820724487305
sensor_to_controller,3.1290054321289062
sensor_to_controller,23.76246452331543
sensor_to_controller,9.422063827514648
sensor_to_controller,29.422521591186523
sensor_to_controller,17.258167266845703
sensor_to_controller,4.8160552978515625
sensor_to_controller,24.65534210205078
sensor_to_controller,10.080814361572266
sensor_to_controller,29.660701751708984
sensor_to_controller,16.663789749145508
sensor_to_controller,5.558490753173828
sensor_to_controller,22.98140525817871
sensor_to_controller,9.337902069091797
sensor_to_controller,29.172897338867188
sensor_to_controller,16.493558883666992
sensor_to_controller,4.218339920043945
sensor_to_controller,24.36542510986328
sensor_to_controller,11.098861694335938
sensor_to_controller,30.944347381591797
sensor_to_controller,17.88616180419922
sensor_to_controller,2.7990341186523438
sensor_to_controller,22.43351936340332
sensor_to_controller,8.826017379760742
sensor_to_controller,29.041767120361328
sensor_to_controller,17.25482940673828
sensor_to_controller,5.227088928222656
sensor_to_controller,24.784564971923828
sensor_to_controller,10.213851928710938
sensor_to_controller,29.839515686035156
sensor_to_controller,17.375946044921875
sensor_to_controller,4.2057037353515625
sensor_to_controller,23.257970809936523
sensor_to_controller,10.834932327270508
sensor_to_controller,30.832529067993164
sensor_to_controller,18.086671829223633
sensor_to_controller,4.859685897827148
sensor_to_controller,24.834394454956055
sensor_to_controller,10.751485824584961
sensor_to_controller,30.867815017700195
sensor_to_controller,17.348289489746094
sensor_to_controller,4.529714584350586
sensor_to_controller,24.616003036499023
sensor_to_controller,9.72437858581543
sensor_to_controller,29.624462127685547
sensor_to_controller,16.236305236816406
sensor_to_controller,3.898143768310547
sensor_to_controller,24.122953414916992
sensor_to_controller,9.84644889831543
sensor_to_controller,29.57606315612793
sensor_to_controller,17.137765884399414
sensor_to_controller,4.57000732421875
sensor_to_controller,24.82295036315918
sensor_to_controller,11.735200881958008
sensor_to_controller,31.488895416259766
sensor_to_controller,18.225431442260742
sensor_to_controller,4.408359527587891
sensor_to_controller,24.4290828704834
sensor_to_controller,8.975028991699219
sensor_to_controller,29.33192253112793
sensor_to_controller,16.09063148498535
sensor_to_controller,3.4112930297851562
sensor_to_controller,22.505521774291992
sensor_to_controller,10.221242904663086
sensor_to_controller,30.11941909790039
sensor_to_controller,14.887809753417969
sensor_to_controller,4.014015197753906
sensor_to_controller,23.774147033691406
sensor_to_controller,9.864330291748047
sensor_to_controller,29.730558395385742
sensor_to_controller,17.139911651611328
sensor_to_controller,4.326343536376953
sensor_to_controller,24.515867233276367
sensor_to_controller,10.934829711914062
sensor_to_controller,30.596017837524414
sensor_to_controller,15.636205673217773
sensor_to_controller,3.9129257202148438
sensor_to_controller,23.900747299194336
sensor_to_controller,11.743783950805664
sensor_to_controller,31.230926513671875
sensor_to_controller,17.15850830078125
sensor_to_controller,5.007266998291016
sensor_to_controller,24.852275848388672
sensor_to_controller,8.645057678222656
sensor_to_controller,28.692960739135742
sensor_to_controller,16.44301414489746
sensor_to_controller,2.152681350708008
sensor_to_controller,22.00007438659668
sensor_to_controller,11.223077774047852
sensor_to_controller,31.12196922302246
sensor_to_controller,16.742229461669922
sensor_to_controller,4.538059234619141
sensor_to_controller,24.19567108154297
sensor_to_controller,10.65373420715332
sensor_to_controller,30.73573112487793
sensor_to_controller,17.346620559692383
sensor_to_controller,1.909494400024414
sensor_to_controller,21.889209747314453
sensor_to_controller,10.023117065429688
sensor_to_controller,30.18665313720703
sensor_to_controller,17.28510856628418
sensor_to_controller,3.410816192626953
sensor_to_controller,23.203372955322266
sensor_to_controller,8.983612060546875
sensor_to_controller,28.881549835205078
sensor_to_controller,16.108036041259766
sensor_to_controller,5.045890808105469
sensor_to_controller,24.367332458496094
sensor_to_controller,9.865045547485352
sensor_to_controller,29.979705810546875
sensor_to_controller,14.93692398071289
sensor_to_controller,2.5653839111328125
sensor_to_controller,22.42279052734375
sensor_to_controller,9.354114532470703
sensor_to_controller,29.24203872680664
sensor_to_controller,16.630887985229492
sensor_to_controller,4.312992095947266
sensor_to_controller,24.443626403808594
sensor_to_controller,11.575937271118164
sensor_to_controller,31.402587890625
sensor_to_controller,16.4945125579834
sensor_to_controller,4.462957382202148
sensor_to_controller,24.501800537109375
sensor_to_controller,10.70404052734375
sensor_to_controller,30.642032623291016
sensor_to_controller,15.465736389160156
sensor_to_controller,4.11677360534668
sensor_to_controller,24.27196502685547
sensor_to_controller,11.548280715942383
sensor_to_controller,31.47268295288086
sensor_to_controller,16.599178314208984
sensor_to_controller,4.490852355957031
sensor_to_controller,24.405956268310547
sensor_to_controller,10.00070571899414
sensor_to_controller,31.136512756347656
sensor_to_controller,15.424013137817383
sensor_to_controller,4.518985748291016
sensor_to_controller,24.185895919799805
sensor_to_controller,9.800195693969727
sensor_to_controller,29.685258865356445
sensor_to_controller,16.48569107055664
sensor_to_controller,2.3910999298095703
sensor_to_controller,22.459030151367188
sensor_to_controller,11.286020278930664
sensor_to_controller,31.546354293823242
sensor_to_controller,15.99574089050293
sensor_to_controller,3.683805465698242
sensor_to_controller,23.917198181152344
sensor_to_controller,9.709358215332031
sensor_to_controller,29.596328735351562
sensor_to_controller,17.723798751831055
sensor_to_controller,4.557132720947266
sensor_to_controller,24.639129638671875
sensor_to_controller,10.395526885986328
sensor_to_controller,30.2276611328125
sensor_to_controller,16.591310501098633
sensor_to_controller,3.5941600799560547
sensor_to_controller,23.3609676361084
sensor_to_controller,10.978937149047852
sensor_to_controller,31.014442443847656
sensor_to_controller,17.657995223999023
sensor_to_controller,3.0236244201660156
sensor_to_controller,22.918701171875
sensor_to_controller,8.174419403076172
sensor_to_controller,28.650760650634766
sensor_to_controller,15.47551155090332
sensor_to_controller,4.280805587768555
sensor_to_controller,24.060726165771484
sensor_to_controller,10.917425155639648
sensor_to_controller,30.776500701904297
sensor_to_controller,14.611005783081055
sensor_to_controller,3.4017562866210938
sensor_to_controller,23.093223571777344
sensor_to_controller,9.62066650390625
sensor_to_controller,29.27708625793457
sensor_to_controller,16.043901443481445
sensor_to_controller,4.372596740722656
sensor_to_controller,24.0933895111084
sensor_to_controller,9.989261627197266
sensor_to_controller,29.903411865234375
sensor_to_controller,15.57612419128418
sensor_to_controller,4.670619964599609
sensor_to_controller,24.403810501098633
sensor_to_controller,9.114980697631836
sensor_to_controller,29.265403747558594
sensor_to_controller,15.908956527709961
sensor_to_controller,4.26173210144043
sensor_to_controller,24.70111846923828
sensor_to_controller,10.406732559204102
sensor_to_controller,30.4412841796875
sensor_to_controller,16.272544860839844
sensor_to_controller,2.9702186584472656
sensor_to_controller,22.8884220123291
sensor_to_controller,9.912490844726562
sensor_to_controller,29.808998107910156
sensor_to_controller,16.689062118530273
sensor_to_controller,4.024744033813477
sensor_to_controller,26.0467529296875
sensor_to_controller,10.72072982788086
sensor_to_controller,30.32207489013672
sensor_to_controller,17.261505126953125
sensor_to_controller,5.104303359985352
sensor_to_controller,24.613380432128906
sensor_to_controller,10.042905807495117
sensor_to_controller,29.887676239013672
sensor_to_controller,16.463279724121094
sensor_to_controller,3.705739974975586
sensor_to_controller,23.75483512878418
sensor_to_controller,9.572505950927734
sensor_to_controller,29.516220092773438
sensor_to_controller,16.535043716430664
sensor_to_controller,1.689910888671875
sensor_to_controller,21.78668975830078
sensor_to_controller,10.320425033569336
sensor_to_controller,30.1055908203125
sensor_to_controller,16.2503719329834
sensor_to_controller,5.1898956298828125
sensor_to_controller,24.888992309570312
sensor_to_controller,9.659767150878906
sensor_to_controller,29.7853946685791
sensor_to_controller,16.203880310058594
sensor_to_controller,3.984212875366211
sensor_to_controller,23.87070655822754
sensor_to_controller,10.576009750366211
sensor_to_controller,31.010866165161133
sensor_to_controller,14.10055160522461
sensor_to_controller,4.378318786621094
sensor_to_controller,24.309396743774414
sensor_to_controller,11.044979095458984
sensor_to_controller,30.934810638427734
sensor_to_controller,17.78125762939453
sensor_to_controller,2.0127296447753906
sensor_to_controller,21.70705795288086
sensor_to_controller,10.890483856201172
sensor_to_controller,30.67922592163086
sensor_to_controller,15.65861701965332
sensor_to_controller,4.454851150512695
sensor_to_controller,24.15609359741211
sensor_to_controller,10.513782501220703
sensor_to_controller,30.642986297607422
sensor_to_controller,16.518831253051758
sensor_to_controller,3.835916519165039
sensor_to_controller,24.167537689208984
sensor_to_controller,10.742664337158203
sensor_to_controller,30.798912048339844
sensor_to_controller,16.645193099975586
sensor_to_controller,4.502773284912109
sensor_to_controller,24.25360679626465
sensor_to_controller,11.100292205810547
sensor_to_controller,30.983448028564453
sensor_to_controller,17.000913619995117
sensor_to_controller,4.895925521850586
sensor_to_controller,24.641036987304688
sensor_to_controller,11.617660522460938
sensor_to_controller,31.43763542175293
sensor_to_controller,16.433238983154297
sensor_to_controller,5.896568298339844
sensor_to_controller,25.17843246459961
sensor_to_controller,10.020017623901367
sensor_to_controller,29.855728149414062
sensor_to_controller,17.199277877807617
sensor_to_controller,1.7561912536621094
sensor_to_controller,21.633386611938477
sensor_to_controller,10.28752326965332
sensor_to_controller,30.179262161254883
sensor_to_controller,17.69399642944336
sensor_to_controller,3.2134056091308594
sensor_to_controller,23.16594123840332
sensor_to_controller,10.162353515625
sensor_to_controller,30.477523803710938
sensor_to_controller,15.909433364868164
sensor_to_controller,3.684520721435547
sensor_to_controller,23.800373077392578
sensor_to_controller,11.851310729980469
sensor_to_controller,31.596660614013672
sensor_to_controller,17.65131950378418
sensor_to_controller,2.352476119995117
sensor_to_controller,22.30691909790039
sensor_to_controller,9.370803833007812
sensor_to_controller,29.44040298461914
sensor_to_controller,17.189979553222656
sensor_to_controller,4.039525985717773
sensor_to_controller,24.256467819213867
sensor_to_controller,11.619329452514648
sensor_to_controller,31.588077545166016
sensor_to_controller,17.94719696044922
sensor_to_controller,4.822254180908203
sensor_to_controller,24.7042179107666
sensor_to_controller,11.350870132446289
sensor_to_controller,31.47435188293457
sensor_to_controller,15.403509140014648
sensor_to_controller,5.444049835205078
sensor_to_controller,25.205612182617188
sensor_to_controller,11.046409606933594
sensor_to_controller,31.070709228515625
sensor_to_controller,17.70949363708496
sensor_to_controller,3.712892532348633
sensor_to_controller,23.072242736816406
sensor_to_controller,10.890483856201172
sensor_to_controller,35.10308265686035
sensor_to_controller,15.324831008911133
sensor_to_controller,2.048015594482422
sensor_to_controller,22.42302894592285
sensor_to_controller,9.407758712768555
sensor_to_controller,29.431581497192383
sensor_to_controller,16.900062561035156
sensor_to_controller,3.9169788360595703
sensor_to_controller,24.05571937561035
sensor_to_controller,11.36469841003418
sensor_to_controller,31.35061264038086
sensor_to_controller,16.22319221496582
sensor_to_controller,5.359172821044922
sensor_to_controller,25.058269500732422
sensor_to_controller,10.929107666015625
sensor_to_controller,30.997753143310547
sensor_to_controller,15.514850616455078
sensor_to_controller,3.7925243377685547
sensor_to_controller,23.583412170410156
sensor_to_controller,11.327743530273438
sensor_to_controller,31.22544288635254
sensor_to_controller,17.81177520751953
sensor_to_controller,4.147529602050781
sensor_to_controller,23.921489715576172
sensor_to_controller,9.915828704833984
sensor_to_controller,30.35593032836914
sensor_to_controller,15.077352523803711
sensor_to_controller,4.524469375610352
sensor_to_controller,24.272918701171875
sensor_to_controller,11.098146438598633
sensor_to_controller,31.21161460876465
sensor_to_controller,16.077518463134766
sensor_to_controller,2.306222915649414
sensor_to_controller,22.01390266418457
sensor_to_controller,9.630918502807617
sensor_to_controller,29.44660186767578
sensor_to_controller,16.721487045288086
sensor_to_controller,4.425048828125
sensor_to_controller,24.587392807006836
sensor_to_controller,11.281490325927734
sensor_to_controller,31.435489654541016
sensor_to_controller,15.578985214233398
sensor_to_controller,4.40526008605957
sensor_to_controller,24.313688278198242
sensor_to_controller,9.897232055664062
sensor_to_controller,30.230045318603516
sensor_to_controller,17.123937606811523
sensor_to_controller,3.618955612182617
sensor_to_controller,24.004220962524414
sensor_to_controller,11.224508285522461
sensor_to_controller,30.67636489868164
sensor_to_controller,16.79086685180664
sensor_to_controller,3.725290298461914
sensor_to_controller,23.415327072143555
sensor_to_controller,10.908126831054688
sensor_to_controller,30.89594841003418
sensor_to_controller,16.487836837768555
sensor_to_controller,3.9663314819335938
sensor_to_controller,24.305343627929688
sensor_to_controller,9.97614860534668
sensor_to_controller,29.95920181274414
sensor_to_controller,14.488458633422852
sensor_to_controller,2.8443336486816406
sensor_to_controller,22.411108016967773
sensor_to_controller,11.15560531616211
sensor_to_controller,31.41331672668457
sensor_to_controller,16.089916229248047
sensor_to_controller,4.460811614990234
sensor_to_controller,24.769067764282227
sensor_to_controller,11.990547180175781
sensor_to_controller,31.995296478271484
sensor_to_controller,17.115354537963867
sensor_to_controller,3.898143768310547
sensor_to_controller,24.024009704589844
sensor_to_controller,11.222600936889648
sensor_to_controller,31.060457229614258
sensor_to_controller,16.702890396118164
sensor_to_controller,4.57763671875
sensor_to_controller,24.72543716430664
sensor_to_controller,10.736227035522461
sensor_to_controller,30.550003051757812
sensor_to_controller,16.913890838623047
sensor_to_controller,2.8421878814697266
sensor_to_controller,22.34816551208496
sensor_to_controller,10.745763778686523
sensor_to_controller,30.68828582763672
sensor_to_controller,17.432451248168945
sensor_to_controller,3.137826919555664
sensor_to_controller,25.336742401123047
sensor_to_controller,10.691642761230469
sensor_to_controller,30.675172805786133
sensor_to_controller,15.597105026245117
sensor_to_controller,5.041837692260742
sensor_to_controller,24.40166473388672
sensor_to_controller,11.212825775146484
sensor_to_controller,31.03780746459961
sensor_to_controller,16.706466674804688
sensor_to_controller,5.773067474365234
sensor_to_controller,24.953365325927734
sensor_to_controller,11.043548583984375
sensor_to_controller,31.0823917388916
sensor_to_controller,16.1440372467041
sensor_to_controller,5.538225173950195
sensor_to_controller,24.766206741333008
sensor_to_controller,11.659860610961914
sensor_to_controller,31.705141067504883
sensor_to_controller,13.522148132324219
sensor_to_controller,4.87971305847168
sensor_to_controller,24.800777435302734
sensor_to_controller,10.351896286010742
sensor_to_controller,30.369281768798828
sensor_to_controller,16.477108001708984
sensor_to_controller,5.616903305053711
sensor_to_controller,25.12955665588379
sensor_to_controller,11.03067398071289
sensor_to_controller,31.119823455810547
sensor_to_controller,16.443490982055664
sensor_to_controller,3.1871795654296875
sensor_to_controller,23.5598087310791
sensor_to_controller,10.671615600585938
sensor_to_controller,30.430316925048828
sensor_to_controller,16.8459415435791
sensor_to_controller,3.2041072845458984
sensor_to_controller,23.429155349731445
sensor_to_controller,10.483741760253906
sensor_to_controller,30.986547470092773
sensor_to_controller,15.83409309387207
sensor_to_controller,5.474567413330078
sensor_to_controller,24.893760681152344
sensor_to_controller,10.947942733764648
sensor_to_controller,30.419588088989258
sensor_to_controller,16.0524845123291
sensor_to_controller,4.578113555908203
sensor_to_controller,24.35588836669922
sensor_to_controller,9.730100631713867
sensor_to_controller,29.51836585998535
sensor_to_controller,18.173694610595703
sensor_to_controller,5.384922027587891
sensor_to_controller,24.876832962036133
sensor_to_controller,10.338068008422852
sensor_to_controller,30.794382095336914
sensor_to_controller,15.956878662109375
sensor_to_controller,3.553152084350586
sensor_to_controller,23.705244064331055
sensor_to_controller,11.295557022094727
sensor_to_controller,31.191349029541016
sensor_to_controller,16.757488250732422
sensor_to_controller,3.7925243377685547
sensor_to_controller,23.574352264404297
sensor_to_controller,9.881734848022461
sensor_to_controller,30.066490173339844
sensor_to_controller,16.760826110839844
sensor_to_controller,4.029273986816406
sensor_to_controller,24.17588233947754
sensor_to_controller,10.716915130615234
sensor_to_controller,30.559301376342773
sensor_to_controller,17.968177795410156
sensor_to_controller,4.446983337402344
sensor_to_controller,24.420738220214844
sensor_to_controller,9.46044921875
sensor_to_controller,29.496431350708008
sensor_to_controller,16.928434371948242
sensor_to_controller,5.817174911499023
sensor_to_controller,25.169849395751953
sensor_to_controller,11.236429214477539
sensor_to_controller,31.067371368408203
sensor_to_controller,16.8304443359375
sensor_to_controller,5.806207656860352
sensor_to_controller,25.32029151916504
sensor_to_controller,11.484146118164062
sensor_to_controller,31.55517578125
sensor_to_controller,16.379356384277344
sensor_to_controller,4.452943801879883
sensor_to_controller,24.711132049560547
sensor_to_controller,11.399507522583008
sensor_to_controller,31.550168991088867
sensor_to_controller,16.971826553344727
sensor_to_controller,5.557775497436523
sensor_to_controller,24.38664436340332
sensor_to_controller,9.8419189453125
sensor_to_controller,29.677629470825195
sensor_to_controller,16.28875732421875
sensor_to_controller,3.7217140197753906
sensor_to_controller,23.435115814208984
sensor_to_controller,12.260913848876953
sensor_to_controller,31.595706939697266
sensor_to_controller,17.420530319213867
sensor_to_controller,4.471778869628906
sensor_to_controller,24.393320083618164
sensor_to_controller,10.228872299194336
sensor_to_controller,30.163049697875977
sensor_to_controller,15.815973281860352
sensor_to_controller,5.373716354370117
sensor_to_controller,25.772809982299805
sensor_to_controller,10.52999496459961
sensor_to_controller,30.271530151367188
sensor_to_controller,16.214847564697266
sensor_to_controller,5.015134811401367
sensor_to_controller,24.824857711791992
sensor_to_controller,10.123252868652344
sensor_to_controller,29.651880264282227
sensor_to_controller,17.544031143188477
sensor_to_controller,4.642248153686523
sensor_to_controller,24.243831634521484
sensor_to_controller,11.852025985717773
sensor_to_controller,31.2044620513916
sensor_to_controller,18.125534057617188
sensor_to_controller,4.616975784301758
sensor_to_controller,24.576902389526367
sensor_to_controller,10.569334030151367
sensor_to_controller,30.60603141784668
sensor_to_controller,15.827178955078125
sensor_to_controller,4.302263259887695
sensor_to_controller,24.045467376708984
sensor_to_controller,10.460376739501953
sensor_to_controller,30.253171920776367
sensor_to_controller,15.483856201171875
sensor_to_controller,4.936456680297852
sensor_to_controller,24.92380142211914
sensor_to_controller,10.072469711303711
sensor_to_controller,30.231952667236328
sensor_to_controller,17.926931381225586
sensor_to_controller,5.247354507446289
sensor_to_controller,25.10976791381836
sensor_to_controller,11.51275634765625
sensor_to_controller,31.764507293701172
sensor_to_controller,18.201112747192383
sensor_to_controller,5.549192428588867
sensor_to_controller,24.71160888671875
sensor_to_controller,11.301517486572266
sensor_to_controller,31.478166580200195
sensor_to_controller,17.862796783447266
sensor_to_controller,4.417181015014648
sensor_to_controller,24.300336837768555
sensor_to_controller,11.315345764160156
sensor_to_controller,31.115293502807617
sensor_to_controller,16.640901565551758
sensor_to_controller,6.068706512451172
sensor_to_controller,25.3450870513916
sensor_to_controller,11.967182159423828
sensor_to_controller,31.93211555480957
sensor_to_controller,16.890525817871094
sensor_to_controller,3.9446353912353516
sensor_to_controller,24.096965789794922
sensor_to_controller,9.399890899658203
sensor_to_controller,29.328107833862305
sensor_to_controller,16.03412628173828
sensor_to_controller,4.508733749389648
sensor_to_controller,24.48105812072754
sensor_to_controller,11.643171310424805
sensor_to_controller,31.6314697265625
sensor_to_controller,17.334938049316406
sensor_to_controller,4.904985427856445
sensor_to_controller,24.851083755493164
sensor_to_controller,10.293006896972656
sensor_to_controller,30.89451789855957
sensor_to_controller,17.093658447265625
sensor_to_controller,3.185272216796875
sensor_to_controller,22.84836769104004
sensor_to_controller,11.107683181762695
sensor_to_controller,31.194210052490234
sensor_to_controller,15.18702507019043
sensor_to_controller,4.935264587402344
sensor_to_controller,24.773359298706055
sensor_to_controller,10.996580123901367
sensor_to_controller,30.805349349975586
sensor_to_controller,15.61284065246582
sensor_to_controller,3.5829544067382812
sensor_to_controller,23.784637451171875
sensor_to_controller,11.185646057128906
sensor_to_controller,31.145334243774414
sensor_to_controller,16.608476638793945
sensor_to_controller,4.306554794311523
sensor_to_controller,24.440288543701172
sensor_to_controller,11.593103408813477
sensor_to_controller,31.02278709411621
sensor_to_controller,17.046451568603516
sensor_to_controller,3.599882125854492
sensor_to_controller,23.904085159301758
sensor_to_controller,11.234521865844727
sensor_to_controller,30.907630920410156
sensor_to_controller,17.131328582763672
sensor_to_controller,1.634836196899414
sensor_to_controller,21.326303482055664
sensor_to_controller,11.362314224243164
sensor_to_controller,31.48365020751953
sensor_to_controller,17.846345901489258
sensor_to_controller,2.933979034423828
sensor_to_controller,22.8726863861084
sensor_to_controller,12.223005294799805
sensor_to_controller,32.67669677734375
sensor_to_controller,15.775918960571289
sensor_to_controller,2.5491714477539062
sensor_to_controller,22.12834358215332
sensor_to_controller,10.928153991699219
sensor_to_controller,30.764102935791016
sensor_to_controller,16.25227928161621
sensor_to_controller,4.042863845825195
sensor_to_controller,24.395227432250977
sensor_to_controller,10.887622833251953
controller_to_actuator_command,16.089200973510742
controller_to_actuator_command,17.154216766357422
controller_to_actuator_command,15.674114227294922
controller_to_actuator_command,16.341686248779297
controller_to_actuator_command,15.747308731079102
controller_to_actuator_command,15.690088272094727
controller_to_actuator_command,16.657352447509766
controller_to_actuator_command,15.64168930053711
controller_to_actuator_command,15.949726104736328
controller_to_actuator_command,16.05987548828125
controller_to_actuator_command,16.020774841308594
controller_to_actuator_command,17.29869842529297
controller_to_actuator_command,16.361236572265625
controller_to_actuator_command,16.332387924194336
controller_to_actuator_command,16.1135196685791
controller_to_actuator_command,16.14832878112793
controller_to_actuator_command,18.82028579711914
controller_to_actuator_command,16.134023666381836
controller_to_actuator_command,16.13783836364746
controller_to_actuator_command,16.21222496032715
controller_to_actuator_command,15.563726425170898
controller_to_actuator_command,16.86406135559082
controller_to_actuator_command,15.848636627197266
controller_to_actuator_command,16.263484954833984
controller_to_actuator_command,16.269683837890625
controller_to_actuator_command,16.36505126953125
controller_to_actuator_command,16.907215118408203
controller_to_actuator_command,15.841245651245117
controller_to_actuator_command,15.784263610839844
controller_to_actuator_command,15.83409309387207
controller_to_actuator_command,16.3266658782959
controller_to_actuator_command,17.592191696166992
controller_to_actuator_command,15.933990478515625
controller_to_actuator_command,16.356468200683594
controller_to_actuator_command,15.861034393310547
controller_to_actuator_command,16.067981719970703
controller_to_actuator_command,17.88187026977539
controller_to_actuator_command,16.62302017211914
controller_to_actuator_command,16.391277313232422
controller_to_actuator_command,16.272306442260742
controller_to_actuator_command,16.481876373291016
controller_to_actuator_command,16.982078552246094
controller_to_actuator_command,16.666173934936523
controller_to_actuator_command,16.630172729492188
controller_to_actuator_command,15.430450439453125
controller_to_actuator_command,16.275405883789062
controller_to_actuator_command,16.220808029174805
controller_to_actuator_command,16.126394271850586
controller_to_actuator_command,16.127586364746094
controller_to_actuator_command,16.330957412719727
controller_to_actuator_command,16.280174255371094
controller_to_actuator_command,16.387462615966797
controller_to_actuator_command,15.843629837036133
controller_to_actuator_command,16.118526458740234
controller_to_actuator_command,16.185283660888672
controller_to_actuator_command,16.483068466186523
controller_to_actuator_command,17.35067367553711
controller_to_actuator_command,16.16644859313965
controller_to_actuator_command,16.03245735168457
controller_to_actuator_command,15.787839889526367
controller_to_actuator_command,15.541553497314453
controller_to_actuator_command,16.941308975219727
controller_to_actuator_command,15.771150588989258
controller_to_actuator_command,16.283750534057617
controller_to_actuator_command,15.95616340637207
controller_to_actuator_command,16.285419464111328
controller_to_actuator_command,17.937421798706055
controller_to_actuator_command,16.057252883911133
controller_to_actuator_command,16.22295379638672
controller_to_actuator_command,16.681671142578125
controller_to_actuator_command,16.301870346069336
controller_to_actuator_command,17.146587371826172
controller_to_actuator_command,15.933513641357422
controller_to_actuator_command,16.438007354736328
controller_to_actuator_command,15.731334686279297
controller_to_actuator_command,16.063213348388672
controller_to_actuator_command,17.237424850463867
controller_to_actuator_command,16.199350357055664
controller_to_actuator_command,16.35003089904785
controller_to_actuator_command,16.016483306884766
controller_to_actuator_command,16.542434692382812
controller_to_actuator_command,17.1661376953125
controller_to_actuator_command,15.529394149780273
controller_to_actuator_command,16.714811325073242
controller_to_actuator_command,16.236066818237305
controller_to_actuator_command,16.24274253845215
controller_to_actuator_command,16.527652740478516
controller_to_actuator_command,16.311168670654297
controller_to_actuator_command,16.2355899810791
controller_to_actuator_command,16.484737396240234
controller_to_actuator_command,16.061782836914062
controller_to_actuator_command,16.846895217895508
controller_to_actuator_command,16.493797302246094
controller_to_actuator_command,16.60919189453125
controller_to_actuator_command,16.210556030273438
controller_to_actuator_command,15.876531600952148
controller_to_actuator_command,17.290592193603516
controller_to_actuator_command,16.376018524169922
controller_to_actuator_command,16.253948211669922
controller_to_actuator_command,15.99884033203125
controller_to_actuator_command,16.325712203979492
controller_to_actuator_command,16.484498977661133
controller_to_actuator_command,16.271591186523438
controller_to_actuator_command,16.039609909057617
controller_to_actuator_command,16.078710556030273
controller_to_actuator_command,16.256332397460938
controller_to_actuator_command,16.661882400512695
controller_to_actuator_command,16.239643096923828
controller_to_actuator_command,16.235828399658203
controller_to_actuator_command,15.878915786743164
controller_to_actuator_command,16.072750091552734
controller_to_actuator_command,17.348527908325195
controller_to_actuator_command,15.548229217529297
controller_to_actuator_command,16.131877899169922
controller_to_actuator_command,15.706777572631836
controller_to_actuator_command,16.02792739868164
controller_to_actuator_command,20.521163940429688
controller_to_actuator_command,16.051769256591797
controller_to_actuator_command,16.488313674926758
controller_to_actuator_command,16.286373138427734
controller_to_actuator_command,16.017436981201172
controller_to_actuator_command,16.564607620239258
controller_to_actuator_command,16.393184661865234
controller_to_actuator_command,16.521215438842773
controller_to_actuator_command,15.961408615112305
controller_to_actuator_command,16.03221893310547
controller_to_actuator_command,16.283512115478516
controller_to_actuator_command,16.24274253845215
controller_to_actuator_command,15.810012817382812
controller_to_actuator_command,16.249656677246094
controller_to_actuator_command,16.303539276123047
controller_to_actuator_command,16.285419464111328
controller_to_actuator_command,16.57724380493164
controller_to_actuator_command,16.498088836669922
controller_to_actuator_command,16.22772216796875
controller_to_actuator_command,16.2656307220459
controller_to_actuator_command,17.104387283325195
controller_to_actuator_command,15.74087142944336
controller_to_actuator_command,16.17121696472168
controller_to_actuator_command,15.825986862182617
controller_to_actuator_command,15.89202880859375
controller_to_actuator_command,17.18616485595703
controller_to_actuator_command,16.38007164001465
controller_to_actuator_command,16.200780868530273
controller_to_actuator_command,16.034364700317383
controller_to_actuator_command,16.00813865661621
controller_to_actuator_command,18.082380294799805
controller_to_actuator_command,15.860557556152344
controller_to_actuator_command,16.57891273498535
controller_to_actuator_command,16.13306999206543
controller_to_actuator_command,16.27659797668457
controller_to_actuator_command,17.071008682250977
controller_to_actuator_command,16.186952590942383
controller_to_actuator_command,16.18027687072754
controller_to_actuator_command,15.589714050292969
controller_to_actuator_command,16.347408294677734
controller_to_actuator_command,16.731739044189453
controller_to_actuator_command,15.873908996582031
controller_to_actuator_command,15.859127044677734
controller_to_actuator_command,16.45970344543457
controller_to_actuator_command,16.105175018310547
controller_to_actuator_command,16.720056533813477
controller_to_actuator_command,15.92111587524414
controller_to_actuator_command,16.536474227905273
controller_to_actuator_command,16.30234718322754
controller_to_actuator_command,16.47496223449707
controller_to_actuator_command,18.882036209106445
controller_to_actuator_command,15.33365249633789
controller_to_actuator_command,16.23082160949707
controller_to_actuator_command,16.028642654418945
controller_to_actuator_command,16.500234603881836
controller_to_actuator_command,17.848730087280273
controller_to_actuator_command,15.596866607666016
controller_to_actuator_command,16.301393508911133
controller_to_actuator_command,16.18361473083496
controller_to_actuator_command,15.935659408569336
controller_to_actuator_command,17.956256866455078
controller_to_actuator_command,16.249418258666992
controller_to_actuator_command,16.44444465637207
controller_to_actuator_command,16.36648178100586
controller_to_actuator_command,15.614032745361328
controller_to_actuator_command,18.07713508605957
controller_to_actuator_command,16.350507736206055
controller_to_actuator_command,16.374588012695312
controller_to_actuator_command,16.15118980407715
controller_to_actuator_command,16.145706176757812
controller_to_actuator_command,18.306970596313477
controller_to_actuator_command,16.283273696899414
controller_to_actuator_command,16.622543334960938
controller_to_actuator_command,16.474008560180664
controller_to_actuator_command,16.4337158203125
controller_to_actuator_command,17.461061477661133
controller_to_actuator_command,15.596866607666016
controller_to_actuator_command,16.47353172302246
controller_to_actuator_command,16.14856719970703
controller_to_actuator_command,16.28279685974121
controller_to_actuator_command,16.242504119873047
controller_to_actuator_command,15.890121459960938
controller_to_actuator_command,16.155481338500977
controller_to_actuator_command,16.286611557006836
controller_to_actuator_command,16.67189598083496
controller_to_actuator_command,16.837358474731445
controller_to_actuator_command,16.128063201904297
controller_to_actuator_command,15.889167785644531
controller_to_actuator_command,16.05534553527832
controller_to_actuator_command,16.490697860717773
controller_to_actuator_command,17.1051025390625
controller_to_actuator_command,15.583038330078125
controller_to_actuator_command,16.010761260986328
controller_to_actuator_command,16.099214553833008
controller_to_actuator_command,15.806913375854492
controller_to_actuator_command,16.1435604095459
controller_to_actuator_command,16.145944595336914
controller_to_actuator_command,16.163349151611328
controller_to_actuator_command,16.251087188720703
controller_to_actuator_command,16.127586364746094
controller_to_actuator_command,17.115354537963867
controller_to_actuator_command,15.912294387817383
controller_to_actuator_command,15.934944152832031
controller_to_actuator_command,16.082286834716797
controller_to_actuator_command,15.933752059936523
controller_to_actuator_command,17.002105712890625
controller_to_actuator_command,16.057968139648438
controller_to_actuator_command,15.979290008544922
controller_to_actuator_command,15.869855880737305
controller_to_actuator_command,16.056060791015625
controller_to_actuator_command,18.142223358154297
controller_to_actuator_command,15.708446502685547
controller_to_actuator_command,16.3271427154541
controller_to_actuator_command,16.00790023803711
controller_to_actuator_command,15.920639038085938
controller_to_actuator_command,16.338586807250977
controller_to_actuator_command,15.596151351928711
controller_to_actuator_command,16.227006912231445
controller_to_actuator_command,16.289472579956055
controller_to_actuator_command,16.40462875366211
controller_to_actuator_command,17.114877700805664
controller_to_actuator_command,15.871763229370117
controller_to_actuator_command,15.94090461730957
controller_to_actuator_command,15.913009643554688
controller_to_actuator_command,16.382455825805664
controller_to_actuator_command,17.989158630371094
controller_to_actuator_command,16.042232513427734
controller_to_actuator_command,16.288042068481445
controller_to_actuator_command,15.556097030639648
controller_to_actuator_command,15.707731246948242
controller_to_actuator_command,17.600297927856445
controller_to_actuator_command,15.792369842529297
controller_to_actuator_command,15.888214111328125
controller_to_actuator_command,16.276121139526367
controller_to_actuator_command,16.384124755859375
controller_to_actuator_command,20.0653076171875
controller_to_actuator_command,15.831470489501953
controller_to_actuator_command,16.04628562927246
controller_to_actuator_command,16.022205352783203
controller_to_actuator_command,16.358613967895508
controller_to_actuator_command,17.16470718383789
controller_to_actuator_command,15.903234481811523
controller_to_actuator_command,16.251564025878906
controller_to_actuator_command,16.300439834594727
controller_to_actuator_command,15.886068344116211
controller_to_actuator_command,18.039226531982422
controller_to_actuator_command,15.936613082885742
controller_to_actuator_command,16.735315322875977
controller_to_actuator_command,16.18790626525879
controller_to_actuator_command,16.401290893554688
controller_to_actuator_command,17.08507537841797
controller_to_actuator_command,15.618324279785156
controller_to_actuator_command,16.380786895751953
controller_to_actuator_command,16.115427017211914
controller_to_actuator_command,16.492128372192383
controller_to_actuator_command,17.013072967529297
controller_to_actuator_command,15.903711318969727
controller_to_actuator_command,16.108274459838867
controller_to_actuator_command,16.347408294677734
controller_to_actuator_command,16.007423400878906
controller_to_actuator_command,16.926288604736328
controller_to_actuator_command,16.050100326538086
controller_to_actuator_command,16.20960235595703
controller_to_actuator_command,15.954256057739258
controller_to_actuator_command,16.27349853515625
controller_to_actuator_command,17.370223999023438
controller_to_actuator_command,12.76850700378418
controller_to_actuator_command,16.103267669677734
controller_to_actuator_command,15.7928466796875
controller_to_actuator_command,16.001462936401367
controller_to_actuator_command,16.980648040771484
controller_to_actuator_command,15.574216842651367
controller_to_actuator_command,16.403675079345703
controller_to_actuator_command,16.289472579956055
controller_to_actuator_command,16.07227325439453
controller_to_actuator_command,17.15993881225586
controller_to_actuator_command,16.204118728637695
controller_to_actuator_command,16.41988754272461
controller_to_actuator_command,16.191959381103516
controller_to_actuator_command,16.43824577331543
controller_to_actuator_command,17.23623275756836
controller_to_actuator_command,16.170978546142578
controller_to_actuator_command,16.414642333984375
controller_to_actuator_command,16.07823371887207
controller_to_actuator_command,16.705989837646484
controller_to_actuator_command,18.227338790893555
controller_to_actuator_command,15.908956527709961
controller_to_actuator_command,16.1135196685791
controller_to_actuator_command,16.075611114501953
controller_to_actuator_command,16.32094383239746
controller_to_actuator_command,17.367124557495117
controller_to_actuator_command,15.809059143066406
controller_to_actuator_command,16.312599182128906
controller_to_actuator_command,15.753984451293945
controller_to_actuator_command,15.782594680786133
controller_to_actuator_command,16.10088348388672
controller_to_actuator_command,16.185522079467773
controller_to_actuator_command,16.155242919921875
controller_to_actuator_command,16.091108322143555
controller_to_actuator_command,16.239166259765625
controller_to_actuator_command,16.548871994018555
controller_to_actuator_command,15.842676162719727
controller_to_actuator_command,16.16358757019043
controller_to_actuator_command,16.07680320739746
controller_to_actuator_command,16.100406646728516
controller_to_actuator_command,17.682552337646484
controller_to_actuator_command,16.3114070892334
controller_to_actuator_command,16.454458236694336
controller_to_actuator_command,16.19267463684082
controller_to_actuator_command,16.61539077758789
controller_to_actuator_command,19.023895263671875
controller_to_actuator_command,15.174627304077148
controller_to_actuator_command,16.53432846069336
controller_to_actuator_command,15.909194946289062
controller_to_actuator_command,16.050100326538086
controller_to_actuator_command,18.02349090576172
controller_to_actuator_command,16.083240509033203
controller_to_actuator_command,16.258716583251953
controller_to_actuator_command,16.25370979309082
controller_to_actuator_command,16.293764114379883
controller_to_actuator_command,16.382932662963867
controller_to_actuator_command,15.997648239135742
controller_to_actuator_command,16.315698623657227
controller_to_actuator_command,16.294002532958984
controller_to_actuator_command,16.280651092529297
controller_to_actuator_command,16.527175903320312
controller_to_actuator_command,16.01719856262207
controller_to_actuator_command,15.662908554077148
controller_to_actuator_command,15.519857406616211
controller_to_actuator_command,16.16811752319336
controller_to_actuator_command,17.931461334228516
controller_to_actuator_command,16.028881072998047
controller_to_actuator_command,16.32213592529297
controller_to_actuator_command,15.661001205444336
controller_to_actuator_command,16.45350456237793
controller_to_actuator_command,17.622947692871094
controller_to_actuator_command,16.458988189697266
controller_to_actuator_command,16.413211822509766
controller_to_actuator_command,15.934228897094727
controller_to_actuator_command,16.063690185546875
controller_to_actuator_command,17.696619033813477
controller_to_actuator_command,16.04628562927246
controller_to_actuator_command,16.353368759155273
controller_to_actuator_command,16.200542449951172
controller_to_actuator_command,16.161203384399414
controller_to_actuator_command,16.726255416870117
controller_to_actuator_command,15.563726425170898
controller_to_actuator_command,16.15142822265625
controller_to_actuator_command,15.755414962768555
controller_to_actuator_command,16.379356384277344
controller_to_actuator_command,18.98336410522461
controller_to_actuator_command,16.57724380493164
controller_to_actuator_command,16.4182186126709
controller_to_actuator_command,17.27151870727539
controller_to_actuator_command,16.19863510131836
controller_to_actuator_command,17.11583137512207
controller_to_actuator_command,14.275074005126953
controller_to_actuator_command,16.37554168701172
controller_to_actuator_command,16.05677604675293
controller_to_actuator_command,16.23821258544922
controller_to_actuator_command,16.737937927246094
controller_to_actuator_command,16.3421630859375
controller_to_actuator_command,16.13306999206543
controller_to_actuator_command,15.851259231567383
controller_to_actuator_command,15.75326919555664
controller_to_actuator_command,16.97373390197754
controller_to_actuator_command,15.866518020629883
controller_to_actuator_command,16.70384407043457
controller_to_actuator_command,15.145540237426758
controller_to_actuator_command,16.5252685546875
controller_to_actuator_command,16.663074493408203
controller_to_actuator_command,15.956640243530273
controller_to_actuator_command,16.221284866333008
controller_to_actuator_command,15.750885009765625
controller_to_actuator_command,16.022205352783203
controller_to_actuator_command,17.598867416381836
controller_to_actuator_command,16.524076461791992
controller_to_actuator_command,16.56055450439453
controller_to_actuator_command,16.361236572265625
controller_to_actuator_command,16.22772216796875
controller_to_actuator_command,17.868757247924805
controller_to_actuator_command,16.277790069580078
controller_to_actuator_command,16.099214553833008
controller_to_actuator_command,16.207456588745117
controller_to_actuator_command,16.21103286743164
controller_to_actuator_command,17.090320587158203
controller_to_actuator_command,14.431238174438477
controller_to_actuator_command,15.948057174682617
controller_to_actuator_command,15.772342681884766
controller_to_actuator_command,15.884876251220703
controller_to_actuator_command,16.221284866333008
controller_to_actuator_command,15.645742416381836
controller_to_actuator_command,15.696048736572266
controller_to_actuator_command,15.397310256958008
controller_to_actuator_command,16.199827194213867
controller_to_actuator_command,18.2950496673584
controller_to_actuator_command,15.372753143310547
controller_to_actuator_command,16.179323196411133
controller_to_actuator_command,16.40462875366211
controller_to_actuator_command,16.569852828979492
controller_to_actuator_command,17.417192459106445
controller_to_actuator_command,15.851020812988281
controller_to_actuator_command,16.227006912231445
controller_to_actuator_command,16.522645950317383
controller_to_actuator_command,16.483068466186523
controller_to_actuator_command,18.27716827392578
controller_to_actuator_command,15.193939208984375
controller_to_actuator_command,16.434192657470703
controller_to_actuator_command,16.063928604125977
controller_to_actuator_command,16.4034366607666
controller_to_actuator_command,17.067670822143555
controller_to_actuator_command,15.604972839355469
controller_to_actuator_command,15.908241271972656
controller_to_actuator_command,15.810489654541016
controller_to_actuator_command,15.874624252319336
controller_to_actuator_command,17.457008361816406
controller_to_actuator_command,16.016244888305664
controller_to_actuator_command,16.315221786499023
controller_to_actuator_command,16.148805618286133
controller_to_actuator_command,16.19410514831543
controller_to_actuator_command,16.922473907470703
controller_to_actuator_command,15.600919723510742
controller_to_actuator_command,15.967845916748047
controller_to_actuator_command,15.779733657836914
controller_to_actuator_command,15.859365463256836
controller_to_actuator_command,16.43824577331543
controller_to_actuator_command,15.904664993286133
controller_to_actuator_command,16.31450653076172
controller_to_actuator_command,15.930891036987305
controller_to_actuator_command,16.516923904418945
controller_to_actuator_command,15.790939331054688
controller_to_actuator_command,15.818119049072266
controller_to_actuator_command,16.362905502319336
controller_to_actuator_command,15.935420989990234
controller_to_actuator_command,16.4792537689209
controller_to_actuator_command,17.22550392150879
controller_to_actuator_command,16.40915870666504
controller_to_actuator_command,16.078948974609375
controller_to_actuator_command,15.739202499389648
controller_to_actuator_command,16.299962997436523
controller_to_actuator_command,16.649484634399414
controller_to_actuator_command,16.055822372436523
controller_to_actuator_command,16.030311584472656
controller_to_actuator_command,15.774965286254883
controller_to_actuator_command,16.06893539428711
controller_to_actuator_command,17.84968376159668
controller_to_actuator_command,16.201257705688477
controller_to_actuator_command,16.60895347595215
controller_to_actuator_command,16.066312789916992
controller_to_actuator_command,16.015052795410156
controller_to_actuator_command,16.527414321899414
controller_to_actuator_command,16.05963706970215
controller_to_actuator_command,16.402482986450195
controller_to_actuator_command,16.604185104370117
controller_to_actuator_command,16.47019386291504
controller_to_actuator_command,18.237829208374023
controller_to_actuator_command,16.402006149291992
controller_to_actuator_command,16.12377166748047
controller_to_actuator_command,15.533208847045898
controller_to_actuator_command,16.21413230895996
controller_to_actuator_command,17.787694931030273
controller_to_actuator_command,16.080379486083984
controller_to_actuator_command,16.62302017211914
controller_to_actuator_command,16.15142822265625
controller_to_actuator_command,16.22748374938965
controller_to_actuator_command,20.42698860168457
controller_to_actuator_command,14.933347702026367
controller_to_actuator_command,16.04461669921875
controller_to_actuator_command,16.021728515625
controller_to_actuator_command,16.389131546020508
controller_to_actuator_command,16.012191772460938
controller_to_actuator_command,16.335487365722656
controller_to_actuator_command,15.62809944152832
controller_to_actuator_command,15.750885009765625
controller_to_actuator_command,16.427278518676758
controller_to_actuator_command,17.83132553100586
controller_to_actuator_command,16.43204689025879
controller_to_actuator_command,16.25347137451172
controller_to_actuator_command,16.228914260864258
controller_to_actuator_command,15.707969665527344
controller_to_actuator_command,17.193078994750977
controller_to_actuator_command,16.22152328491211
controller_to_actuator_command,16.321897506713867
controller_to_actuator_command,16.49951934814453
controller_to_actuator_command,16.14069938659668
controller_to_actuator_command,18.9974308013916
controller_to_actuator_command,15.78831672668457
controller_to_actuator_command,16.205787658691406
controller_to_actuator_command,16.158103942871094
controller_to_actuator_command,15.99740982055664
controller_to_actuator_command,17.483234405517578
controller_to_actuator_command,16.214609146118164
controller_to_actuator_command,15.669107437133789
controller_to_actuator_command,15.957832336425781
controller_to_actuator_command,15.879631042480469
controller_to_actuator_command,17.299175262451172
controller_to_actuator_command,16.2656307220459
controller_to_actuator_command,16.152620315551758
controller_to_actuator_command,16.36219024658203
controller_to_actuator_command,16.263723373413086
controller_to_actuator_command,17.412900924682617
controller_to_actuator_command,16.01123809814453
controller_to_actuator_command,15.78974723815918
controller_to_actuator_command,15.729904174804688
controller_to_actuator_command,16.111135482788086
controller_to_actuator_command,16.356945037841797
controller_to_actuator_command,16.234397888183594
controller_to_actuator_command,16.17264747619629
controller_to_actuator_command,16.38054847717285
controller_to_actuator_command,16.06154441833496
controller_to_actuator_command,16.284465789794922
controller_to_actuator_command,15.916109085083008
controller_to_actuator_command,17.18759536743164
controller_to_actuator_command,16.354799270629883
controller_to_actuator_command,16.15166664123535
controller_to_actuator_command,18.16248893737793
controller_to_actuator_command,16.093969345092773
controller_to_actuator_command,16.386985778808594
controller_to_actuator_command,16.167640686035156
controller_to_actuator_command,16.445636749267578
controller_to_actuator_command,16.73150062561035
controller_to_actuator_command,16.059398651123047
controller_to_actuator_command,15.804052352905273
controller_to_actuator_command,16.371965408325195
controller_to_actuator_command,16.344785690307617
controller_to_actuator_command,16.628742218017578
controller_to_actuator_command,15.509843826293945
controller_to_actuator_command,16.66116714477539
controller_to_actuator_command,16.0675048828125
controller_to_actuator_command,16.577959060668945
controller_to_actuator_command,16.983509063720703
controller_to_actuator_command,16.193866729736328
controller_to_actuator_command,16.360998153686523
controller_to_actuator_command,15.875816345214844
controller_to_actuator_command,16.168832778930664
controller_to_actuator_command,16.53432846069336
controller_to_actuator_command,16.251325607299805
controller_to_actuator_command,16.187667846679688
controller_to_actuator_command,16.165494918823242
controller_to_actuator_command,16.414403915405273
controller_to_actuator_command,16.752958297729492
controller_to_actuator_command,16.142845153808594
controller_to_actuator_command,16.35146141052246
controller_to_actuator_command,16.342878341674805
controller_to_actuator_command,16.5560245513916
controller_to_actuator_command,17.258882522583008
controller_to_actuator_command,15.414953231811523
controller_to_actuator_command,15.935182571411133
controller_to_actuator_command,15.83242416381836
controller_to_actuator_command,15.777826309204102
controller_to_actuator_command,16.938209533691406
controller_to_actuator_command,15.863895416259766
controller_to_actuator_command,16.29924774169922
controller_to_actuator_command,16.353607177734375
controller_to_actuator_command,16.08586311340332
controller_to_actuator_command,16.7238712310791
controller_to_actuator_command,15.601396560668945
controller_to_actuator_command,16.26729965209961
controller_to_actuator_command,15.647172927856445
controller_to_actuator_command,16.164779663085938
controller_to_actuator_command,18.129825592041016
controller_to_actuator_command,15.962839126586914
controller_to_actuator_command,15.860319137573242
controller_to_actuator_command,15.80810546875
controller_to_actuator_command,16.066312789916992
controller_to_actuator_command,17.268657684326172
controller_to_actuator_command,16.078948974609375
controller_to_actuator_command,15.87533950805664
controller_to_actuator_command,16.099929809570312
controller_to_actuator_command,15.989303588867188
controller_to_actuator_command,16.617774963378906
controller_to_actuator_command,15.616655349731445
controller_to_actuator_command,15.628576278686523
controller_to_actuator_command,16.279220581054688
controller_to_actuator_command,16.324996948242188
controller_to_actuator_command,18.46456527709961
controller_to_actuator_command,16.221046447753906
controller_to_actuator_command,16.30878448486328
controller_to_actuator_command,16.47329330444336
controller_to_actuator_command,16.636371612548828
controller_to_actuator_command,16.723155975341797
controller_to_actuator_command,15.685319900512695
controller_to_actuator_command,16.466617584228516
controller_to_actuator_command,16.17884635925293
controller_to_actuator_command,16.360759735107422
controller_to_actuator_command,17.421722412109375
controller_to_actuator_command,16.443967819213867
controller_to_actuator_command,16.40939712524414
controller_to_actuator_command,16.277790069580078
controller_to_actuator_command,16.08753204345703
controller_to_actuator_command,16.747713088989258
controller_to_actuator_command,16.09635353088379
controller_to_actuator_command,16.31474494934082
controller_to_actuator_command,15.91944694519043
controller_to_actuator_command,16.33143424987793
controller_to_actuator_command,17.049312591552734
controller_to_actuator_command,16.276836395263672
controller_to_actuator_command,16.659259796142578
controller_to_actuator_command,16.457319259643555
controller_to_actuator_command,16.453981399536133
controller_to_actuator_command,18.86582374572754
controller_to_actuator_command,15.828847885131836
controller_to_actuator_command,16.214609146118164
controller_to_actuator_command,16.025543212890625
controller_to_actuator_command,16.39389991760254
controller_to_actuator_command,16.83330535888672
controller_to_actuator_command,16.499042510986328
controller_to_actuator_command,16.4487361907959
controller_to_actuator_command,16.196012496948242
controller_to_actuator_command,16.399860382080078
controller_to_actuator_command,18.41425895690918
controller_to_actuator_command,15.753746032714844
controller_to_actuator_command,16.185760498046875
controller_to_actuator_command,16.00933074951172
controller_to_actuator_command,16.344070434570312
controller_to_actuator_command,16.159772872924805
controller_to_actuator_command,16.20650291442871
controller_to_actuator_command,15.589714050292969
controller_to_actuator_command,15.648603439331055
controller_to_actuator_command,15.933752059936523
controller_to_actuator_command,18.91040802001953
controller_to_actuator_command,15.5029296875
controller_to_actuator_command,16.507625579833984
controller_to_actuator_command,16.175270080566406
controller_to_actuator_command,16.33143424987793
controller_to_actuator_command,17.32921600341797
controller_to_actuator_command,16.05844497680664
controller_to_actuator_command,16.352415084838867
controller_to_actuator_command,15.946149826049805
controller_to_actuator_command,16.347408294677734
controller_to_actuator_command,17.673254013061523
controller_to_actuator_command,15.324831008911133
controller_to_actuator_command,15.961647033691406
controller_to_actuator_command,16.005277633666992
controller_to_actuator_command,15.978574752807617
controller_to_actuator_command,17.00282096862793
controller_to_actuator_command,15.758991241455078
controller_to_actuator_command,16.0067081451416
controller_to_actuator_command,15.63572883605957
controller_to_actuator_command,16.097307205200195
controller_to_actuator_command,16.2508487701416
controller_to_actuator_command,16.314983367919922
controller_to_actuator_command,15.86008071899414
controller_to_actuator_command,15.739917755126953
controller_to_actuator_command,15.892982482910156
controller_to_actuator_command,17.115354537963867
controller_to_actuator_command,15.767335891723633
controller_to_actuator_command,16.1745548248291
controller_to_actuator_command,15.849113464355469
controller_to_actuator_command,16.225576400756836
controller_to_actuator_command,16.707658767700195
controller_to_actuator_command,15.990018844604492
controller_to_actuator_command,16.03841781616211
controller_to_actuator_command,15.813112258911133
controller_to_actuator_command,15.749931335449219
controller_to_actuator_command,16.874313354492188
controller_to_actuator_command,15.93637466430664
controller_to_actuator_command,15.748262405395508
controller_to_actuator_command,16.22629165649414
controller_to_actuator_command,16.457080841064453
controller_to_actuator_command,17.26984977722168
controller_to_actuator_command,16.272544860839844
controller_to_actuator_command,15.909433364868164
controller_to_actuator_command,15.923738479614258
controller_to_actuator_command,16.06297492980957
controller_to_actuator_command,16.24441146850586
controller_to_actuator_command,15.925168991088867
controller_to_actuator_command,16.740083694458008
controller_to_actuator_command,16.245126724243164
controller_to_actuator_command,16.18647575378418
controller_to_actuator_command,16.515016555786133
controller_to_actuator_command,15.92564582824707
controller_to_actuator_command,16.53313636779785
controller_to_actuator_command,15.905141830444336
controller_to_actuator_command,15.71798324584961
controller_to_actuator_command,18.12458038330078
controller_to_actuator_command,15.96379280090332
controller_to_actuator_command,16.253948211669922
controller_to_actuator_command,15.862226486206055
controller_to_actuator_command,16.19267463684082
controller_to_actuator_command,16.459226608276367
controller_to_actuator_command,16.181230545043945
controller_to_actuator_command,16.10255241394043
controller_to_actuator_command,16.403913497924805
controller_to_actuator_command,16.127586364746094
controller_to_actuator_command,18.036842346191406
controller_to_actuator_command,15.950679779052734
controller_to_actuator_command,15.945672988891602
controller_to_actuator_command,16.117572784423828
controller_to_actuator_command,16.13783836364746
controller_to_actuator_command,17.057180404663086
controller_to_actuator_command,16.317367553710938
controller_to_actuator_command,15.970945358276367
controller_to_actuator_command,16.541242599487305
controller_to_actuator_command,16.41535758972168
controller_to_actuator_command,19.20032501220703
controller_to_actuator_command,16.40629768371582
controller_to_actuator_command,16.597747802734375
controller_to_actuator_command,15.710592269897461
controller_to_actuator_command,16.175270080566406
controller_to_actuator_command,20.267486572265625
controller_to_actuator_command,16.114234924316406
controller_to_actuator_command,16.771793365478516
controller_to_actuator_command,16.154766082763672
controller_to_actuator_command,16.5557861328125
controller_to_actuator_command,17.021656036376953
controller_to_actuator_command,16.145706176757812
controller_to_actuator_command,16.637325286865234
controller_to_actuator_command,16.001462936401367
controller_to_actuator_command,16.808509826660156
controller_to_actuator_command,17.428874969482422
controller_to_actuator_command,14.93525505065918
controller_to_actuator_command,15.887737274169922
controller_to_actuator_command,16.260385513305664
controller_to_actuator_command,15.78211784362793
controller_to_actuator_command,17.512083053588867
controller_to_actuator_command,16.237497329711914
controller_to_actuator_command,16.265392303466797
controller_to_actuator_command,16.33739471435547
controller_to_actuator_command,16.31474494934082
controller_to_actuator_command,16.321897506713867
controller_to_actuator_command,16.054391860961914
controller_to_actuator_command,16.004562377929688
controller_to_actuator_command,15.899896621704102
controller_to_actuator_command,16.05820655822754
controller_to_actuator_command,16.8759822845459
controller_to_actuator_command,15.76542854309082
controller_to_actuator_command,15.796899795532227
controller_to_actuator_command,15.657424926757812
controller_to_actuator_command,16.21532440185547
controller_to_actuator_command,18.911361694335938
controller_to_actuator_command,15.889167785644531
controller_to_actuator_command,16.475439071655273
controller_to_actuator_command,16.171693801879883
controller_to_actuator_command,16.417503356933594
controller_to_actuator_command,16.268491744995117
controller_to_actuator_command,15.415430068969727
controller_to_actuator_command,16.25537872314453
controller_to_actuator_command,15.572786331176758
controller_to_actuator_command,16.19100570678711
controller_to_actuator_command,16.197919845581055
controller_to_actuator_command,15.916109085083008
controller_to_actuator_command,16.29781723022461
controller_to_actuator_command,16.0367488861084
controller_to_actuator_command,16.35265350341797
controller_to_actuator_command,17.401695251464844
controller_to_actuator_command,15.717267990112305
controller_to_actuator_command,16.366243362426758
controller_to_actuator_command,16.08109474182129
controller_to_actuator_command,16.044139862060547
controller_to_actuator_command,17.26055145263672
controller_to_actuator_command,16.33763313293457
controller_to_actuator_command,16.292333602905273
controller_to_actuator_command,16.130685806274414
controller_to_actuator_command,16.373872756958008
controller_to_actuator_command,16.78466796875
controller_to_actuator_command,15.896081924438477
controller_to_actuator_command,16.780853271484375
controller_to_actuator_command,16.160964965820312
controller_to_actuator_command,16.666889190673828
controller_to_actuator_command,17.342567443847656
controller_to_actuator_command,16.25657081604004
controller_to_actuator_command,16.025543212890625
controller_to_actuator_command,16.45946502685547
controller_to_actuator_command,15.953779220581055
controller_to_actuator_command,16.666173934936523
controller_to_actuator_command,15.69676399230957
controller_to_actuator_command,16.115665435791016
controller_to_actuator_command,15.861988067626953
controller_to_actuator_command,15.97905158996582
controller_to_actuator_command,19.46878433227539
controller_to_actuator_command,15.694141387939453
controller_to_actuator_command,15.999078750610352
controller_to_actuator_command,16.125202178955078
controller_to_actuator_command,16.388416290283203
controller_to_actuator_command,16.90077781677246
controller_to_actuator_command,14.523506164550781
controller_to_actuator_command,16.408205032348633
controller_to_actuator_command,15.813112258911133
controller_to_actuator_command,16.35885238647461
controller_to_actuator_command,16.04151725769043
controller_to_actuator_command,16.026020050048828
controller_to_actuator_command,16.301631927490234
controller_to_actuator_command,16.089677810668945
controller_to_actuator_command,16.488313674926758
controller_to_actuator_command,17.694473266601562
controller_to_actuator_command,16.720056533813477
controller_to_actuator_command,16.288280487060547
controller_to_actuator_command,16.22605323791504
controller_to_actuator_command,16.341447830200195
controller_to_actuator_command,17.021656036376953
controller_to_actuator_command,16.278505325317383
controller_to_actuator_command,16.242027282714844
controller_to_actuator_command,16.264915466308594
controller_to_actuator_command,16.021251678466797
controller_to_actuator_command,17.093658447265625
controller_to_actuator_command,15.681982040405273
controller_to_actuator_command,16.267061233520508
controller_to_actuator_command,15.584468841552734
controller_to_actuator_command,15.8843994140625
controller_to_actuator_command,16.69788360595703
controller_to_actuator_command,16.134262084960938
controller_to_actuator_command,16.17431640625
controller_to_actuator_command,15.56706428527832
controller_to_actuator_command,15.890121459960938
controller_to_actuator_command,16.408443450927734
controller_to_actuator_command,16.063451766967773
controller_to_actuator_command,16.11471176147461
controller_to_actuator_command,16.39103889465332
controller_to_actuator_command,16.29471778869629
controller_to_actuator_command,17.433643341064453
controller_to_actuator_command,16.081571578979492
controller_to_actuator_command,15.832901000976562
controller_to_actuator_command,16.391754150390625
controller_to_actuator_command,16.47639274597168
controller_to_actuator_command,16.764402389526367
controller_to_actuator_command,16.016006469726562
controller_to_actuator_command,16.409873962402344
controller_to_actuator_command,16.175031661987305
controller_to_actuator_command,16.850709915161133
controller_to_actuator_command,16.756534576416016
controller_to_actuator_command,15.516996383666992
controller_to_actuator_command,16.05057716369629
controller_to_actuator_command,15.944719314575195
controller_to_actuator_command,16.31903648376465
controller_to_actuator_command,16.55125617980957
controller_to_actuator_command,16.111135482788086
controller_to_actuator_command,15.913248062133789
controller_to_actuator_command,15.98215103149414
controller_to_actuator_command,16.24155044555664
controller_to_actuator_command,17.1661376953125
controller_to_actuator_command,16.239166259765625
controller_to_actuator_command,16.263484954833984
controller_to_actuator_command,16.13163948059082
controller_to_actuator_command,16.01576805114746
controller_to_actuator_command,17.74287223815918
controller_to_actuator_command,16.012191772460938
controller_to_actuator_command,16.67189598083496
controller_to_actuator_command,16.26873016357422
controller_to_actuator_command,16.286849975585938
controller_to_actuator_command,16.770601272583008
controller_to_actuator_command,15.874385833740234
controller_to_actuator_command,16.234636306762695
controller_to_actuator_command,16.359329223632812
controller_to_actuator_command,16.23058319091797
controller_to_actuator_command,17.807483673095703
controller_to_actuator_command,15.960454940795898
controller_to_actuator_command,16.28279685974121
controller_to_actuator_command,15.986919403076172
controller_to_actuator_command,16.180038452148438
controller_to_actuator_command,17.433881759643555
controller_to_actuator_command,15.949726104736328
controller_to_actuator_command,16.080379486083984
controller_to_actuator_command,16.034841537475586
controller_to_actuator_command,16.20006561279297
controller_to_actuator_command,17.976760864257812
controller_to_actuator_command,16.279935836791992
controller_to_actuator_command,15.662670135498047
controller_to_actuator_command,15.927553176879883
controller_to_actuator_command,16.404390335083008
controller_to_actuator_command,17.832517623901367
controller_to_actuator_command,16.071319580078125
controller_to_actuator_command,16.15166664123535
controller_to_actuator_command,16.097307205200195
controller_to_actuator_command,16.23058319091797
controller_to_actuator_command,16.083240509033203
controller_to_actuator_command,15.9454345703125
controller_to_actuator_command,16.091585159301758
controller_to_actuator_command,15.981197357177734
controller_to_actuator_command,16.27326011657715
controller_to_actuator_command,17.500638961791992
controller_to_actuator_command,15.462636947631836
controller_to_actuator_command,16.284465789794922
controller_to_actuator_command,15.938997268676758
controller_to_actuator_command,16.354084014892578
controller_to_actuator_command,17.338275909423828
controller_to_actuator_command,15.951156616210938
controller_to_actuator_command,16.030550003051758
controller_to_actuator_command,15.19155502319336
controller_to_actuator_command,16.400575637817383
controller_to_actuator_command,18.30458641052246
controller_to_actuator_command,16.034364700317383
controller_to_actuator_command,16.066551208496094
controller_to_actuator_command,15.734434127807617
controller_to_actuator_command,16.260147094726562
controller_to_actuator_command,16.634702682495117
controller_to_actuator_command,16.289710998535156
controller_to_actuator_command,15.752553939819336
controller_to_actuator_command,16.20006561279297
controller_to_actuator_command,16.135454177856445
controller_to_actuator_command,17.464160919189453
controller_to_actuator_command,15.39754867553711
controller_to_actuator_command,15.923023223876953
controller_to_actuator_command,15.746116638183594
controller_to_actuator_command,16.319990158081055
controller_to_actuator_command,19.222497940063477
controller_to_actuator_command,13.667583465576172
controller_to_actuator_command,16.501903533935547
controller_to_actuator_command,16.010522842407227
controller_to_actuator_command,16.150951385498047
controller_to_actuator_command,16.873598098754883
controller_to_actuator_command,16.099214553833008
controller_to_actuator_command,16.102075576782227
controller_to_actuator_command,15.798807144165039
controller_to_actuator_command,16.32523536682129
controller_to_actuator_command,16.343116760253906
controller_to_actuator_command,16.141653060913086
controller_to_actuator_command,16.444683074951172
controller_to_actuator_command,16.341686248779297
controller_to_actuator_command,16.286134719848633
controller_to_actuator_command,16.503572463989258
controller_to_actuator_command,15.460491180419922
controller_to_actuator_command,16.106605529785156
controller_to_actuator_command,15.918970108032227
controller_to_actuator_command,16.396760940551758
controller_to_actuator_command,16.4492130279541
controller_to_actuator_command,15.594244003295898
controller_to_actuator_command,16.39389991760254
controller_to_actuator_command,16.475439071655273
controller_to_actuator_command,16.714096069335938
controller_to_actuator_command,16.791820526123047
controller_to_actuator_command,15.799999237060547
controller_to_actuator_command,16.281604766845703
controller_to_actuator_command,16.29471778869629
controller_to_actuator_command,16.155242919921875
controller_to_actuator_command,17.46368408203125
controller_to_actuator_command,16.0524845123291
controller_to_actuator_command,16.02482795715332
controller_to_actuator_command,16.088247299194336
controller_to_actuator_command,16.262531280517578
controller_to_actuator_command,17.368555068969727
controller_to_actuator_command,15.952587127685547
controller_to_actuator_command,15.724420547485352
controller_to_actuator_command,15.847444534301758
controller_to_actuator_command,16.417503356933594
controller_to_actuator_command,16.01266860961914
controller_to_actuator_command,16.247272491455078
controller_to_actuator_command,16.4794921875
controller_to_actuator_command,16.23702049255371
controller_to_actuator_command,16.501188278198242
controller_to_actuator_command,16.87765121459961
controller_to_actuator_command,16.27945899963379
controller_to_actuator_command,16.57867431640625
controller_to_actuator_command,16.254186630249023
controller_to_actuator_command,16.344785690307617
controller_to_actuator_command,19.01388168334961
controller_to_actuator_command,15.082359313964844
controller_to_actuator_command,15.86461067199707
controller_to_actuator_command,15.740633010864258
controller_to_actuator_command,15.884160995483398
controller_to_actuator_command,16.274690628051758
controller_to_actuator_command,16.553401947021484
controller_to_actuator_command,16.312360763549805
controller_to_actuator_command,15.807390213012695
controller_to_actuator_command,16.43681526184082
controller_to_actuator_command,17.173290252685547
controller_to_actuator_command,16.19696617126465
controller_to_actuator_command,16.16191864013672
controller_to_actuator_command,15.961647033691406
controller_to_actuator_command,16.283035278320312
controller_to_actuator_command,17.290353775024414
controller_to_actuator_command,16.262054443359375
controller_to_actuator_command,16.33477210998535
controller_to_actuator_command,15.948772430419922
controller_to_actuator_command,16.39580726623535
controller_to_actuator_command,17.474651336669922
controller_to_actuator_command,16.068458557128906
controller_to_actuator_command,16.4031982421875
controller_to_actuator_command,16.13616943359375
controller_to_actuator_command,16.356945037841797
controller_to_actuator_command,17.45748519897461
controller_to_actuator_command,16.343116760253906
controller_to_actuator_command,16.42322540283203
controller_to_actuator_command,16.06297492980957
controller_to_actuator_command,16.25990867614746
controller_to_actuator_command,16.429424285888672
controller_to_actuator_command,15.826225280761719
controller_to_actuator_command,16.148805618286133
controller_to_actuator_command,15.784502029418945
controller_to_actuator_command,15.74850082397461
controller_to_actuator_command,18.29051971435547
controller_to_actuator_command,16.65806770324707
controller_to_actuator_command,15.988588333129883
controller_to_actuator_command,16.31617546081543
controller_to_actuator_command,16.14999771118164
controller_to_actuator_command,17.3037052154541
controller_to_actuator_command,15.74563980102539
controller_to_actuator_command,16.501903533935547
controller_to_actuator_command,16.53885841369629
controller_to_actuator_command,16.3266658782959
controller_to_actuator_command,17.7764892578125
controller_to_actuator_command,15.107870101928711
controller_to_actuator_command,15.803098678588867
controller_to_actuator_command,15.960454940795898
controller_to_actuator_command,15.953779220581055
controller_to_actuator_command,16.30687713623047
controller_to_actuator_command,16.047954559326172
controller_to_actuator_command,16.297340393066406
controller_to_actuator_command,16.327619552612305
controller_to_actuator_command,16.297101974487305
controller_to_actuator_command,16.798973083496094
controller_to_actuator_command,16.20030403137207
controller_to_actuator_command,16.518115997314453
controller_to_actuator_command,16.143321990966797
controller_to_actuator_command,16.492843627929688
controller_to_actuator_command,16.987085342407227
controller_to_actuator_command,15.666723251342773
controller_to_actuator_command,16.124725341796875
controller_to_actuator_command,16.134977340698242
controller_to_actuator_command,16.228199005126953
controller_to_actuator_command,16.696691513061523
controller_to_actuator_command,16.182661056518555
controller_to_actuator_command,16.121625900268555
controller_to_actuator_command,15.854597091674805
controller_to_actuator_command,16.237735748291016
controller_to_actuator_command,16.0977840423584
controller_to_actuator_command,16.263723373413086
controller_to_actuator_command,16.502857208251953
controller_to_actuator_command,16.362905502319336
controller_to_actuator_command,15.305519104003906
controller_to_actuator_command,16.866683959960938
controller_to_actuator_command,15.750408172607422
controller_to_actuator_command,16.13616943359375
controller_to_actuator_command,16.19267463684082
controller_to_actuator_command,16.24441146850586
controller_to_actuator_command,17.235517501831055
controller_to_actuator_command,16.535043716430664
controller_to_actuator_command,16.225099563598633
controller_to_actuator_command,16.091585159301758
controller_to_actuator_command,15.935182571411133
controller_to_actuator_command,17.380714416503906
controller_to_actuator_command,16.16954803466797
controller_to_actuator_command,15.963315963745117
controller_to_actuator_command,16.16358757019043
controller_to_actuator_command,16.401290893554688
controller_to_actuator_command,16.90196990966797
controller_to_actuator_command,16.134023666381836
controller_to_actuator_command,15.921354293823242
controller_to_actuator_command,16.438961029052734
controller_to_actuator_command,16.496658325195312
controller_to_actuator_command,16.977787017822266
controller_to_actuator_command,15.925168991088867
controller_to_actuator_command,16.149044036865234
controller_to_actuator_command,16.52359962463379
controller_to_actuator_command,16.24155044555664
controller_to_actuator_command,16.870737075805664
controller_to_actuator_command,16.088247299194336
controller_to_actuator_command,16.179561614990234
controller_to_actuator_command,16.362667083740234
controller_to_actuator_command,16.05820655822754
controller_to_actuator_command,17.273902893066406
controller_to_actuator_command,16.295433044433594
controller_to_actuator_command,16.451120376586914
controller_to_actuator_command,16.080141067504883
controller_to_actuator_command,16.32523536682129
controller_to_actuator_command,17.22574234008789
controller_to_actuator_command,15.617132186889648
controller_to_actuator_command,16.15285873413086
controller_to_actuator_command,16.0067081451416
controller_to_actuator_command,16.280412673950195
controller_to_actuator_command,17.653465270996094
controller_to_actuator_command,15.447616577148438
controller_to_actuator_command,15.98501205444336
controller_to_actuator_command,16.56484603881836
controller_to_actuator_command,16.58034324645996
controller_to_actuator_command,16.54362678527832
controller_to_actuator_command,16.245126724243164
controller_to_actuator_command,16.53599739074707
controller_to_actuator_command,16.072988510131836
controller_to_actuator_command,15.851020812988281
controller_to_actuator_command,16.3729190826416
controller_to_actuator_command,16.22605323791504
controller_to_actuator_command,15.56396484375
controller_to_actuator_command,16.537189483642578
controller_to_actuator_command,15.98215103149414
controller_to_actuator_command,17.64655113220215
controller_to_actuator_command,16.100645065307617
controller_to_actuator_command,16.247987747192383
controller_to_actuator_command,16.299962997436523
controller_to_actuator_command,16.092300415039062
controller_to_actuator_command,16.108036041259766
controller_to_actuator_command,17.49730110168457
controller_to_actuator_command,14.255523681640625
controller_to_actuator_command,16.206741333007812
controller_to_actuator_command,16.58916473388672
controller_to_actuator_command,17.546653747558594
controller_to_actuator_command,15.376806259155273
controller_to_actuator_command,15.878915786743164
controller_to_actuator_command,15.89345932006836
controller_to_actuator_command,16.26276969909668
controller_to_actuator_command,17.46821403503418
controller_to_actuator_command,15.984296798706055
controller_to_actuator_command,16.295671463012695
controller_to_actuator_command,16.340255737304688
controller_to_actuator_command,16.3421630859375
controller_to_actuator_command,16.23082160949707
controller_to_actuator_command,16.429901123046875
controller_to_actuator_command,16.38627052307129
controller_to_actuator_command,16.51620864868164
controller_to_actuator_command,16.304969787597656
controller_to_actuator_command,16.872406005859375
controller_to_actuator_command,15.793085098266602
controller_to_actuator_command,15.99264144897461
controller_to_actuator_command,16.050338745117188
controller_to_actuator_command,16.13473892211914
controller_to_actuator_command,18.225669860839844
controller_to_actuator_command,16.07489585876465
controller_to_actuator_command,16.321182250976562
controller_to_actuator_command,16.266345977783203
controller_to_actuator_command,15.825986862182617
controller_to_actuator_command,16.6018009185791
controller_to_actuator_command,16.402244567871094
controller_to_actuator_command,16.081809997558594
controller_to_actuator_command,15.666961669921875
controller_to_actuator_command,16.00360870361328
controller_to_actuator_command,18.063068389892578
controller_to_actuator_command,16.084671020507812
controller_to_actuator_command,16.31474494934082
controller_to_actuator_command,15.63882827758789
controller_to_actuator_command,16.17431640625
controller_to_actuator_command,15.917062759399414
controller_to_actuator_command,16.147851943969727
controller_to_actuator_command,16.458988189697266
controller_to_actuator_command,16.224384307861328
controller_to_actuator_command,16.247987747192383
controller_to_actuator_command,17.136573791503906
controller_to_actuator_command,16.150474548339844
controller_to_actuator_command,15.945672988891602
controller_to_actuator_command,15.746116638183594
controller_to_actuator_command,15.845298767089844
controller_to_actuator_command,17.22240447998047
controller_to_actuator_command,15.566587448120117
controller_to_actuator_command,15.935420989990234
controller_to_actuator_command,16.294002532958984
controller_to_actuator_command,16.199827194213867
controller_to_actuator_command,15.820741653442383
controller_to_actuator_command,16.066551208496094
controller_to_actuator_command,16.77727699279785
controller_to_actuator_command,16.41988754272461
controller_to_actuator_command,16.284704208374023
controller_to_actuator_command,17.344951629638672
controller_to_actuator_command,15.257835388183594
controller_to_actuator_command,15.971660614013672
controller_to_actuator_command,16.244888305664062
controller_to_actuator_command,16.2351131439209
controller_to_actuator_command,19.09780502319336
controller_to_actuator_command,16.123056411743164
controller_to_actuator_command,16.351938247680664
controller_to_actuator_command,16.018390655517578
controller_to_actuator_command,16.17431640625
controller_to_actuator_command,16.785621643066406
controller_to_actuator_command,16.557931900024414
controller_to_actuator_command,16.609907150268555
controller_to_actuator_command,16.47353172302246
controller_to_actuator_command,16.155719757080078
controller_to_actuator_command,16.21270179748535
controller_to_actuator_command,16.147375106811523
controller_to_actuator_command,16.251087188720703
controller_to_actuator_command,16.073942184448242
controller_to_actuator_command,16.331911087036133
controller_to_actuator_command,17.53401756286621
controller_to_actuator_command,16.262531280517578
controller_to_actuator_command,16.269683837890625
controller_to_actuator_command,15.981197357177734
controller_to_actuator_command,16.00050926208496
controller_to_actuator_command,16.92032814025879
controller_to_actuator_command,16.064882278442383
controller_to_actuator_command,16.412973403930664
controller_to_actuator_command,16.24608039855957
controller_to_actuator_command,16.108274459838867
controller_to_actuator_command,16.591787338256836
controller_to_actuator_command,16.12377166748047
controller_to_actuator_command,16.323089599609375
controller_to_actuator_command,16.233444213867188
controller_to_actuator_command,16.342639923095703
controller_to_actuator_command,16.42441749572754
controller_to_actuator_command,15.845298767089844
controller_to_actuator_command,16.127586364746094
controller_to_actuator_command,16.24441146850586
controller_to_actuator_command,16.415119171142578
controller_to_actuator_command,18.930912017822266
controller_to_actuator_command,16.35265350341797
controller_to_actuator_command,16.764163970947266
controller_to_actuator_command,16.551494598388672
controller_to_actuator_command,12.182950973510742
controller_to_actuator_command,18.204927444458008
controller_to_actuator_command,16.11161231994629
controller_to_actuator_command,15.650272369384766
controller_to_actuator_command,16.129493713378906
controller_to_actuator_command,16.382694244384766
controller_to_actuator_command,16.501426696777344
controller_to_actuator_command,16.16692543029785
controller_to_actuator_command,15.96379280090332
controller_to_actuator_command,16.108036041259766
controller_to_actuator_command,16.150951385498047
controller_to_actuator_command,16.957759857177734
controller_to_actuator_command,15.714645385742188
controller_to_actuator_command,16.206026077270508
controller_to_actuator_command,15.880823135375977
controller_to_actuator_command,15.803098678588867
controller_to_actuator_command,16.022920608520508
controller_to_actuator_command,16.35265350341797
controller_to_actuator_command,16.516447067260742
controller_to_actuator_command,16.141891479492188
controller_to_actuator_command,16.318321228027344
controller_to_actuator_command,16.90387725830078
controller_to_actuator_command,16.067028045654297
controller_to_actuator_command,16.390323638916016
controller_to_actuator_command,16.527652740478516
controller_to_actuator_command,16.371965408325195
controller_to_actuator_command,16.790390014648438
controller_to_actuator_command,15.587568283081055
controller_to_actuator_command,16.74938201904297
controller_to_actuator_command,16.45970344543457
controller_to_actuator_command,16.173124313354492
controller_to_actuator_command,19.095897674560547
controller_to_actuator_command,15.86151123046875
controller_to_actuator_command,16.37101173400879
controller_to_actuator_command,16.38317108154297
controller_to_actuator_command,16.4797306060791
controller_to_actuator_command,16.740083694458008
controller_to_actuator_command,16.216516494750977
controller_to_actuator_command,16.228914260864258
controller_to_actuator_command,16.39533042907715
controller_to_actuator_command,16.633272171020508
controller_to_actuator_command,16.18027687072754
controller_to_actuator_command,16.295909881591797
controller_to_actuator_command,16.488313674926758
controller_to_actuator_command,16.236066818237305
controller_to_actuator_command,15.785932540893555
controller_to_actuator_command,17.482995986938477
controller_to_actuator_command,16.37578010559082
controller_to_actuator_command,15.953779220581055
controller_to_actuator_command,15.841245651245117
controller_to_actuator_command,16.483545303344727
controller_to_actuator_command,19.448041915893555
controller_to_actuator_command,16.144514083862305
controller_to_actuator_command,16.257762908935547
controller_to_actuator_command,16.181230545043945
controller_to_actuator_command,16.628742218017578
controller_to_actuator_command,16.574382781982422
controller_to_actuator_command,16.57843589782715
controller_to_actuator_command,16.0524845123291
controller_to_actuator_command,16.092538833618164
controller_to_actuator_command,16.11018180847168
controller_to_actuator_command,18.05901527404785
controller_to_actuator_command,15.985250473022461
controller_to_actuator_command,16.49641990661621
controller_to_actuator_command,16.56198501586914
controller_to_actuator_command,16.205310821533203
controller_to_actuator_command,16.97516441345215
controller_to_actuator_command,16.243934631347656
controller_to_actuator_command,16.31474494934082
controller_to_actuator_command,16.556262969970703
controller_to_actuator_command,16.275405883789062
controller_to_actuator_command,16.21103286743164
controller_to_actuator_command,16.12257957458496
controller_to_actuator_command,16.373634338378906
controller_to_actuator_command,16.30377769470215
controller_to_actuator_command,16.35456085205078
controller_to_actuator_command,16.849040985107422
controller_to_actuator_command,16.022205352783203
controller_to_actuator_command,16.289472579956055
controller_to_actuator_command,15.912532806396484
controller_to_actuator_command,16.173362731933594
controller_to_actuator_command,17.37689971923828
controller_to_actuator_command,15.42353630065918
controller_to_actuator_command,16.2050724029541
controller_to_actuator_command,16.664981842041016
controller_to_actuator_command,16.376495361328125
controller_to_actuator_command,16.550540924072266
controller_to_actuator_command,16.4034366607666
controller_to_actuator_command,14.137744903564453
controller_to_actuator_command,16.103267669677734
controller_to_actuator_command,16.31784439086914
controller_to_actuator_command,16.675233840942383
controller_to_actuator_command,15.450477600097656
controller_to_actuator_command,16.8764591217041
controller_to_actuator_command,16.333341598510742
controller_to_actuator_command,16.431808471679688
controller_to_actuator_command,16.817569732666016
controller_to_actuator_command,15.470266342163086
controller_to_actuator_command,16.9675350189209
controller_to_actuator_command,16.364336013793945
controller_to_actuator_command,16.767501831054688
controller_to_actuator_command,16.71886444091797
controller_to_actuator_command,15.443086624145508
controller_to_actuator_command,15.984296798706055
controller_to_actuator_command,16.739845275878906
controller_to_actuator_command,16.74652099609375
controller_to_actuator_command,16.35575294494629
controller_to_actuator_command,16.05987548828125
controller_to_actuator_command,16.779661178588867
controller_to_actuator_command,16.752958297729492
controller_to_actuator_command,16.451120376586914
controller_to_actuator_command,16.724348068237305
controller_to_actuator_command,15.581369400024414
controller_to_actuator_command,16.505956649780273
controller_to_actuator_command,16.55268669128418
controller_to_actuator_command,16.34812355041504
controller_to_actuator_command,16.77989959716797
controller_to_actuator_command,16.402721405029297
controller_to_actuator_command,16.07799530029297
controller_to_actuator_command,16.585826873779297
controller_to_actuator_command,16.491174697875977
controller_to_actuator_command,19.345760345458984
controller_to_actuator_command,16.29638671875
controller_to_actuator_command,16.1287784576416
controller_to_actuator_command,16.575098037719727
controller_to_actuator_command,16.13926887512207
controller_to_actuator_command,17.816781997680664
controller_to_actuator_command,15.398979187011719
controller_to_actuator_command,15.999078750610352
controller_to_actuator_command,15.541315078735352
controller_to_actuator_command,15.98811149597168
controller_to_actuator_command,17.133474349975586
controller_to_actuator_command,15.78378677368164
controller_to_actuator_command,16.160964965820312
controller_to_actuator_command,16.145706176757812
controller_to_actuator_command,16.349315643310547
controller_to_actuator_command,16.968727111816406
controller_to_actuator_command,15.481948852539062
controller_to_actuator_command,15.72871208190918
controller_to_actuator_command,16.217947006225586
controller_to_actuator_command,15.96832275390625
controller_to_actuator_command,16.154050827026367
controller_to_actuator_command,16.11018180847168
controller_to_actuator_command,16.257762908935547
controller_to_actuator_command,16.07227325439453
controller_to_actuator_command,16.438961029052734
controller_to_actuator_command,17.307281494140625
controller_to_actuator_command,16.065120697021484
controller_to_actuator_command,16.15619659423828
controller_to_actuator_command,16.199588775634766
controller_to_actuator_command,16.51740074157715
controller_to_actuator_command,16.648054122924805
controller_to_actuator_command,16.268014907836914
controller_to_actuator_command,16.031503677368164
controller_to_actuator_command,16.028165817260742
controller_to_actuator_command,16.394376754760742
controller_to_actuator_command,17.178773880004883
controller_to_actuator_command,16.108989715576172
controller_to_actuator_command,16.192197799682617
controller_to_actuator_command,16.34693145751953
controller_to_actuator_command,16.307830810546875
controller_to_actuator_command,16.37125015258789
controller_to_actuator_command,15.833139419555664
controller_to_actuator_command,16.582012176513672
controller_to_actuator_command,16.221046447753906
controller_to_actuator_command,16.285181045532227
controller_to_actuator_command,16.900062561035156
controller_to_actuator_command,15.52271842956543
controller_to_actuator_command,16.452312469482422
controller_to_actuator_command,16.46590232849121
controller_to_actuator_command,16.36672019958496
controller_to_actuator_command,16.722440719604492
controller_to_actuator_command,16.422033309936523
controller_to_actuator_command,16.922712326049805
controller_to_actuator_command,16.39842987060547
controller_to_actuator_command,16.147136688232422
controller_to_actuator_command,16.621828079223633
controller_to_actuator_command,14.988899230957031
controller_to_actuator_command,15.972137451171875
controller_to_actuator_command,16.0367488861084
controller_to_actuator_command,16.18361473083496
controller_to_actuator_command,16.57843589782715
controller_to_actuator_command,15.917539596557617
controller_to_actuator_command,16.844987869262695
controller_to_actuator_command,15.855789184570312
controller_to_actuator_command,16.515493392944336
controller_to_actuator_command,16.664743423461914
controller_to_actuator_command,16.111135482788086
controller_to_actuator_command,15.988588333129883
controller_to_actuator_command,16.339778900146484
controller_to_actuator_command,16.201019287109375
controller_to_actuator_command,16.722679138183594
controller_to_actuator_command,15.93327522277832
controller_to_actuator_command,15.597820281982422
controller_to_actuator_command,16.01552963256836
controller_to_actuator_command,16.23988151550293
controller_to_actuator_command,17.11249351501465
controller_to_actuator_command,15.947580337524414
controller_to_actuator_command,16.12257957458496
controller_to_actuator_command,15.761852264404297
controller_to_actuator_command,16.311168670654297
controller_to_actuator_command,16.40605926513672
controller_to_actuator_command,15.648603439331055
controller_to_actuator_command,16.530990600585938
controller_to_actuator_command,15.959978103637695
controller_to_actuator_command,16.488075256347656
controller_to_actuator_command,16.49641990661621
controller_to_actuator_command,16.373395919799805
controller_to_actuator_command,16.29161834716797
controller_to_actuator_command,16.223907470703125
controller_to_actuator_command,16.211271286010742
controller_to_actuator_command,15.897989273071289
controller_to_actuator_command,15.824317932128906
controller_to_actuator_command,16.29018783569336
controller_to_actuator_command,16.11948013305664
controller_to_actuator_command,16.242027282714844
controller_to_actuator_command,16.825199127197266
controller_to_actuator_command,16.00193977355957
controller_to_actuator_command,16.04461669921875
controller_to_actuator_command,16.251564025878906
controller_to_actuator_command,15.997171401977539
controller_to_actuator_command,16.249895095825195
controller_to_actuator_command,15.851497650146484
controller_to_actuator_command,15.871524810791016
controller_to_actuator_command,15.821695327758789
controller_to_actuator_command,15.932798385620117
controller_to_actuator_command,15.993595123291016
controller_to_actuator_command,15.354156494140625
controller_to_actuator_command,16.236305236816406
controller_to_actuator_command,15.983104705810547
controller_to_actuator_command,16.079187393188477
controller_to_actuator_command,16.730308532714844
controller_to_actuator_command,16.060829162597656
controller_to_actuator_command,16.425609588623047
controller_to_actuator_command,15.891790390014648
controller_to_actuator_command,16.301870346069336
controller_to_actuator_command,16.68238639831543
controller_to_actuator_command,15.406370162963867
controller_to_actuator_command,16.558170318603516
controller_to_actuator_command,16.321182250976562
controller_to_actuator_command,16.165971755981445
controller_to_actuator_command,16.872644424438477
controller_to_actuator_command,16.234874725341797
controller_to_actuator_command,16.287565231323242
controller_to_actuator_command,16.425132751464844
controller_to_actuator_command,16.268253326416016
controller_to_actuator_command,16.355276107788086
controller_to_actuator_command,15.98978042602539
controller_to_actuator_command,16.0675048828125
controller_to_actuator_command,15.957355499267578
controller_to_actuator_command,16.210079193115234
controller_to_actuator_command,17.526865005493164
controller_to_actuator_command,16.375303268432617
controller_to_actuator_command,16.276121139526367
controller_to_actuator_command,16.34049415588379
controller_to_actuator_command,16.126394271850586
controller_to_actuator_command,18.00227165222168
controller_to_actuator_command,16.356229782104492
controller_to_actuator_command,16.298294067382812
controller_to_actuator_command,16.236543655395508
controller_to_actuator_command,16.216754913330078
controller_to_actuator_command,16.354084014892578
controller_to_actuator_command,15.857934951782227
controller_to_actuator_command,16.060829162597656
controller_to_actuator_command,16.237258911132812
controller_to_actuator_command,16.356468200683594
controller_to_actuator_command,17.85445213317871
controller_to_actuator_command,16.180038452148438
controller_to_actuator_command,16.06440544128418
controller_to_actuator_command,16.13903045654297
controller_to_actuator_command,16.22152328491211
controller_to_actuator_command,16.317367553710938
controller_to_actuator_command,15.874385833740234
controller_to_actuator_command,15.853643417358398
controller_to_actuator_command,15.599727630615234
controller_to_actuator_command,16.285419464111328
controller_to_actuator_command,15.819787979125977
controller_to_actuator_command,16.22486114501953
controller_to_actuator_command,15.875816345214844
controller_to_actuator_command,15.541315078735352
controller_to_actuator_command,16.45803451538086
controller_to_actuator_command,18.471479415893555
controller_to_actuator_command,16.12257957458496
controller_to_actuator_command,16.35885238647461
controller_to_actuator_command,16.170978546142578
controller_to_actuator_command,16.4639949798584
controller_to_actuator_command,18.03731918334961
controller_to_actuator_command,15.936851501464844
controller_to_actuator_command,15.965938568115234
controller_to_actuator_command,15.80810546875
controller_to_actuator_command,15.636444091796875
controller_to_actuator_command,18.12124252319336
controller_to_actuator_command,16.58773422241211
controller_to_actuator_command,16.49641990661621
controller_to_actuator_command,16.750574111938477
controller_to_actuator_command,16.364097595214844
controller_to_actuator_command,17.44842529296875
controller_to_actuator_command,16.092777252197266
controller_to_actuator_command,15.588521957397461
end_to_end_command,33.76317024230957
end_to_end_command,18.51058006286621
end_to_end_command,38.75160217285156
end_to_end_command,24.516582489013672
end_to_end_command,44.56663131713867
end_to_end_command,31.0513973236084
end_to_end_command,18.98050308227539
end_to_end_command,39.24274444580078
end_to_end_command,25.722742080688477
end_to_end_command,45.78375816345215
end_to_end_command,32.669782638549805
end_to_end_command,18.89944076538086
end_to_end_command,38.680315017700195
end_to_end_command,26.085615158081055
end_to_end_command,46.09870910644531
end_to_end_command,35.623788833618164
end_to_end_command,18.372774124145508
end_to_end_command,37.98985481262207
end_to_end_command,25.936365127563477
end_to_end_command,46.07725143432617
end_to_end_command,31.824350357055664
end_to_end_command,19.190073013305664
end_to_end_command,39.23177719116211
end_to_end_command,25.354623794555664
end_to_end_command,45.30453681945801
end_to_end_command,33.599853515625
end_to_end_command,18.763303756713867
end_to_end_command,38.85364532470703
end_to_end_command,25.882720947265625
end_to_end_command,46.144962310791016
end_to_end_command,32.7756404876709
end_to_end_command,17.466068267822266
end_to_end_command,37.35494613647461
end_to_end_command,24.64914321899414
end_to_end_command,44.68560218811035
end_to_end_command,33.85305404663086
end_to_end_command,20.35689353942871
end_to_end_command,40.154218673706055
end_to_end_command,26.158571243286133
end_to_end_command,46.18382453918457
end_to_end_command,32.02414512634277
end_to_end_command,19.544601440429688
end_to_end_command,39.257049560546875
end_to_end_command,25.424957275390625
end_to_end_command,45.720815658569336
end_to_end_command,30.769824981689453
end_to_end_command,19.469499588012695
end_to_end_command,39.69001770019531
end_to_end_command,26.340246200561523
end_to_end_command,46.40960693359375
end_to_end_command,32.477378845214844
end_to_end_command,17.745018005371094
end_to_end_command,37.671804428100586
end_to_end_command,24.90687370300293
end_to_end_command,45.240163803100586
end_to_end_command,32.89484977722168
end_to_end_command,19.736766815185547
end_to_end_command,39.77036476135254
end_to_end_command,25.212764739990234
end_to_end_command,45.33505439758301
end_to_end_command,32.18674659729004
end_to_end_command,18.540143966674805
end_to_end_command,38.710832595825195
end_to_end_command,25.03514289855957
end_to_end_command,45.319318771362305
end_to_end_command,33.711910247802734
end_to_end_command,20.534276962280273
end_to_end_command,40.79699516296387
end_to_end_command,26.688098907470703
end_to_end_command,46.103715896606445
end_to_end_command,32.76371955871582
end_to_end_command,17.48490333557129
end_to_end_command,37.98842430114746
end_to_end_command,24.746417999267578
end_to_end_command,44.92616653442383
end_to_end_command,33.409833908081055
end_to_end_command,18.88108253479004
end_to_end_command,39.422035217285156
end_to_end_command,26.259422302246094
end_to_end_command,46.39792442321777
end_to_end_command,33.86712074279785
end_to_end_command,19.562482833862305
end_to_end_command,40.212154388427734
end_to_end_command,26.30448341369629
end_to_end_command,46.29802703857422
end_to_end_command,32.56869316101074
end_to_end_command,18.210172653198242
end_to_end_command,38.085222244262695
end_to_end_command,26.147842407226562
end_to_end_command,45.97878456115723
end_to_end_command,33.9207649230957
end_to_end_command,19.000530242919922
end_to_end_command,38.87152671813965
end_to_end_command,24.48558807373047
end_to_end_command,44.5256233215332
end_to_end_command,31.237363815307617
end_to_end_command,19.19722557067871
end_to_end_command,38.90705108642578
end_to_end_command,25.85005760192871
end_to_end_command,46.2040901184082
end_to_end_command,30.353307723999023
end_to_end_command,18.590927124023438
end_to_end_command,38.1922721862793
end_to_end_command,24.860620498657227
end_to_end_command,44.90232467651367
end_to_end_command,31.92305564880371
end_to_end_command,17.45128631591797
end_to_end_command,37.1856689453125
end_to_end_command,25.874853134155273
end_to_end_command,46.19455337524414
end_to_end_command,32.59563446044922
end_to_end_command,19.443273544311523
end_to_end_command,39.60537910461426
end_to_end_command,24.194955825805664
end_to_end_command,44.45147514343262
end_to_end_command,35.78782081604004
end_to_end_command,17.95792579650879
end_to_end_command,37.90450096130371
end_to_end_command,26.097774505615234
end_to_end_command,46.11563682556152
end_to_end_command,31.72445297241211
end_to_end_command,19.188880920410156
end_to_end_command,38.9711856842041
end_to_end_command,26.041030883789062
end_to_end_command,46.17619514465332
end_to_end_command,31.001567840576172
end_to_end_command,19.244670867919922
end_to_end_command,39.162635803222656
end_to_end_command,25.177717208862305
end_to_end_command,44.95120048522949
end_to_end_command,32.02390670776367
end_to_end_command,19.078493118286133
end_to_end_command,38.813114166259766
end_to_end_command,26.96061134338379
end_to_end_command,47.03688621520996
end_to_end_command,33.92934799194336
end_to_end_command,18.812894821166992
end_to_end_command,38.90037536621094
end_to_end_command,24.843931198120117
end_to_end_command,44.91543769836426
end_to_end_command,33.682823181152344
end_to_end_command,20.152568817138672
end_to_end_command,39.870500564575195
end_to_end_command,26.367664337158203
end_to_end_command,46.407222747802734
end_to_end_command,33.3867073059082
end_to_end_command,18.916845321655273
end_to_end_command,38.96141052246094
end_to_end_command,26.101112365722656
end_to_end_command,45.95541954040527
end_to_end_command,32.76515007019043
end_to_end_command,19.165992736816406
end_to_end_command,39.21103477478027
end_to_end_command,24.528980255126953
end_to_end_command,44.963836669921875
end_to_end_command,31.571149826049805
end_to_end_command,18.911123275756836
end_to_end_command,38.887977600097656
end_to_end_command,26.4892578125
end_to_end_command,46.22006416320801
end_to_end_command,32.15432167053223
end_to_end_command,19.114017486572266
end_to_end_command,39.459943771362305
end_to_end_command,24.063825607299805
end_to_end_command,44.211387634277344
end_to_end_command,35.256147384643555
end_to_end_command,17.202138900756836
end_to_end_command,36.962270736694336
end_to_end_command,26.488780975341797
end_to_end_command,46.665191650390625
end_to_end_command,34.95216369628906
end_to_end_command,18.36705207824707
end_to_end_command,38.22135925292969
end_to_end_command,25.098323822021484
end_to_end_command,45.15719413757324
end_to_end_command,33.67114067077637
end_to_end_command,19.679784774780273
end_to_end_command,39.94441032409668
end_to_end_command,26.929378509521484
end_to_end_command,47.077178955078125
end_to_end_command,33.799171447753906
end_to_end_command,18.19753646850586
end_to_end_command,38.14339637756348
end_to_end_command,26.797771453857422
end_to_end_command,46.857595443725586
end_to_end_command,35.83025932312012
end_to_end_command,18.328189849853516
end_to_end_command,37.77670860290527
end_to_end_command,26.25584602355957
end_to_end_command,46.175241470336914
end_to_end_command,34.19828414916992
end_to_end_command,19.65165138244629
end_to_end_command,39.67571258544922
end_to_end_command,26.36551856994629
end_to_end_command,46.442270278930664
end_to_end_command,33.53238105773926
end_to_end_command,17.156362533569336
end_to_end_command,37.05644607543945
end_to_end_command,26.33976936340332
end_to_end_command,46.469926834106445
end_to_end_command,32.790422439575195
end_to_end_command,19.847393035888672
end_to_end_command,39.95537757873535
end_to_end_command,24.97076988220215
end_to_end_command,45.0434684753418
end_to_end_command,33.548593521118164
end_to_end_command,19.117355346679688
end_to_end_command,39.0627384185791
end_to_end_command,25.696516036987305
end_to_end_command,45.72415351867676
end_to_end_command,30.894756317138672
end_to_end_command,16.467809677124023
end_to_end_command,36.32402420043945
end_to_end_command,26.61728858947754
end_to_end_command,46.4785099029541
end_to_end_command,32.24635124206543
end_to_end_command,19.74630355834961
end_to_end_command,39.83759880065918
end_to_end_command,24.838924407958984
end_to_end_command,44.91853713989258
end_to_end_command,32.4091911315918
end_to_end_command,18.931150436401367
end_to_end_command,39.144277572631836
end_to_end_command,26.09419822692871
end_to_end_command,46.05817794799805
end_to_end_command,32.71150588989258
end_to_end_command,19.238948822021484
end_to_end_command,39.658546447753906
end_to_end_command,24.2767333984375
end_to_end_command,44.07787322998047
end_to_end_command,30.629396438598633
end_to_end_command,18.580198287963867
end_to_end_command,38.48910331726074
end_to_end_command,26.536226272583008
end_to_end_command,46.45991325378418
end_to_end_command,32.73177146911621
end_to_end_command,18.799781799316406
end_to_end_command,38.75589370727539
end_to_end_command,25.011301040649414
end_to_end_command,45.21036148071289
end_to_end_command,33.74481201171875
end_to_end_command,17.683982849121094
end_to_end_command,37.55545616149902
end_to_end_command,24.91617202758789
end_to_end_command,44.876813888549805
end_to_end_command,31.993865966796875
end_to_end_command,18.344402313232422
end_to_end_command,38.50913047790527
end_to_end_command,25.66814422607422
end_to_end_command,45.61042785644531
end_to_end_command,35.81595420837402
end_to_end_command,18.675565719604492
end_to_end_command,38.309574127197266
end_to_end_command,25.750160217285156
end_to_end_command,45.88770866394043
end_to_end_command,32.82284736633301
end_to_end_command,18.970489501953125
end_to_end_command,38.84315490722656
end_to_end_command,26.01313591003418
end_to_end_command,46.006202697753906
end_to_end_command,32.936811447143555
end_to_end_command,18.866300582885742
end_to_end_command,39.49570655822754
end_to_end_command,23.9260196685791
end_to_end_command,44.21043395996094
end_to_end_command,34.09171104431152
end_to_end_command,19.573211669921875
end_to_end_command,39.87574577331543
end_to_end_command,25.262832641601562
end_to_end_command,45.34792900085449
end_to_end_command,32.06682205200195
end_to_end_command,18.793582916259766
end_to_end_command,38.53273391723633
end_to_end_command,25.305509567260742
end_to_end_command,45.33243179321289
end_to_end_command,32.779693603515625
end_to_end_command,18.06354522705078
end_to_end_command,37.76121139526367
end_to_end_command,26.03888511657715
end_to_end_command,46.25868797302246
end_to_end_command,32.42778778076172
end_to_end_command,19.528627395629883
end_to_end_command,39.69740867614746
end_to_end_command,25.079965591430664
end_to_end_command,45.07255554199219
end_to_end_command,31.135082244873047
end_to_end_command,18.848657608032227
end_to_end_command,38.587331771850586
end_to_end_command,26.41606330871582
end_to_end_command,46.39554023742676
end_to_end_command,32.836198806762695
end_to_end_command,19.04582977294922
end_to_end_command,39.12544250488281
end_to_end_command,26.479482650756836
end_to_end_command,46.517133712768555
end_to_end_command,33.869266510009766
end_to_end_command,18.846988677978516
end_to_end_command,39.01410102844238
end_to_end_command,25.640010833740234
end_to_end_command,46.2188720703125
end_to_end_command,35.71128845214844
end_to_end_command,19.4246768951416
end_to_end_command,39.304256439208984
end_to_end_command,25.869131088256836
end_to_end_command,45.88460922241211
end_to_end_command,33.41865539550781
end_to_end_command,18.729448318481445
end_to_end_command,38.92779350280762
end_to_end_command,24.832963943481445
end_to_end_command,44.979095458984375
end_to_end_command,32.25231170654297
end_to_end_command,18.826961517333984
end_to_end_command,38.60187530517578
end_to_end_command,26.84783935546875
end_to_end_command,47.02949523925781
end_to_end_command,31.57639503479004
end_to_end_command,19.22011375427246
end_to_end_command,39.37697410583496
end_to_end_command,25.862932205200195
end_to_end_command,45.629024505615234
end_to_end_command,33.18023681640625
end_to_end_command,19.787311553955078
end_to_end_command,39.78848457336426
end_to_end_command,25.17557144165039
end_to_end_command,45.419931411743164
end_to_end_command,36.296844482421875
end_to_end_command,17.14634895324707
end_to_end_command,37.190914154052734
end_to_end_command,26.72553062438965
end_to_end_command,46.72050476074219
end_to_end_command,33.03217887878418
end_to_end_command,20.231246948242188
end_to_end_command,40.123701095581055
end_to_end_command,26.296615600585938
end_to_end_command,46.33188247680664
end_to_end_command,33.34951400756836
end_to_end_command,19.711971282958984
end_to_end_command,39.82686996459961
end_to_end_command,26.40509605407715
end_to_end_command,46.36573791503906
end_to_end_command,32.24897384643555
end_to_end_command,20.474910736083984
end_to_end_command,40.549278259277344
end_to_end_command,25.77376365661621
end_to_end_command,45.72939872741699
end_to_end_command,34.55209732055664
end_to_end_command,18.862485885620117
end_to_end_command,39.025068283081055
end_to_end_command,24.58930015563965
end_to_end_command,45.00007629394531
end_to_end_command,33.3256721496582
end_to_end_command,20.21169662475586
end_to_end_command,40.16828536987305
end_to_end_command,25.951147079467773
end_to_end_command,46.059608459472656
end_to_end_command,34.270524978637695
end_to_end_command,19.97089385986328
end_to_end_command,40.06457328796387
end_to_end_command,25.224685668945312
end_to_end_command,45.71986198425293
end_to_end_command,30.836820602416992
end_to_end_command,19.237756729125977
end_to_end_command,39.330244064331055
end_to_end_command,25.145530700683594
end_to_end_command,45.46642303466797
end_to_end_command,35.201311111450195
end_to_end_command,17.82536506652832
end_to_end_command,37.291765213012695
end_to_end_command,27.733325958251953
end_to_end_command,46.76461219787598
end_to_end_command,33.23101997375488
end_to_end_command,19.07062530517578
end_to_end_command,39.57056999206543
end_to_end_command,26.40700340270996
end_to_end_command,46.24009132385254
end_to_end_command,32.292842864990234
end_to_end_command,19.34504508972168
end_to_end_command,39.144277572631836
end_to_end_command,25.404930114746094
end_to_end_command,45.5472469329834
end_to_end_command,33.234596252441406
end_to_end_command,17.667293548583984
end_to_end_command,38.25497627258301
end_to_end_command,25.39992332458496
end_to_end_command,46.00954055786133
end_to_end_command,32.47690200805664
end_to_end_command,18.99242401123047
end_to_end_command,39.1690731048584
end_to_end_command,25.2225399017334
end_to_end_command,45.47905921936035
end_to_end_command,32.23562240600586
end_to_end_command,20.212411880493164
end_to_end_command,40.08221626281738
end_to_end_command,26.02076530456543
end_to_end_command,45.96066474914551
end_to_end_command,34.07907485961914
end_to_end_command,19.90222930908203
end_to_end_command,39.56317901611328
end_to_end_command,26.049137115478516
end_to_end_command,46.24676704406738
end_to_end_command,31.94403648376465
end_to_end_command,16.643047332763672
end_to_end_command,36.5445613861084
end_to_end_command,25.93541145324707
end_to_end_command,45.94159126281738
end_to_end_command,34.049034118652344
end_to_end_command,19.59061622619629
end_to_end_command,39.75033760070801
end_to_end_command,24.7800350189209
end_to_end_command,45.03440856933594
end_to_end_command,33.72359275817871
end_to_end_command,17.896413803100586
end_to_end_command,37.912845611572266
end_to_end_command,26.173830032348633
end_to_end_command,46.35190963745117
end_to_end_command,32.84335136413574
end_to_end_command,20.435333251953125
end_to_end_command,40.33684730529785
end_to_end_command,26.66497230529785
end_to_end_command,46.74267768859863
end_to_end_command,34.51681137084961
end_to_end_command,17.882347106933594
end_to_end_command,37.71471977233887
end_to_end_command,26.449918746948242
end_to_end_command,46.617746353149414
end_to_end_command,34.612417221069336
end_to_end_command,18.867015838623047
end_to_end_command,38.9552116394043
end_to_end_command,25.088071823120117
end_to_end_command,45.124053955078125
end_to_end_command,31.904220581054688
end_to_end_command,17.893552780151367
end_to_end_command,38.06924819946289
end_to_end_command,25.921344757080078
end_to_end_command,45.839786529541016
end_to_end_command,30.78913688659668
end_to_end_command,19.097566604614258
end_to_end_command,39.15238380432129
end_to_end_command,26.215076446533203
end_to_end_command,46.16284370422363
end_to_end_command,32.1044921875
end_to_end_command,19.068002700805664
end_to_end_command,39.05987739562988
end_to_end_command,24.651527404785156
end_to_end_command,44.89755630493164
end_to_end_command,31.620502471923828
end_to_end_command,19.271373748779297
end_to_end_command,39.717674255371094
end_to_end_command,26.474714279174805
end_to_end_command,46.707868576049805
end_to_end_command,33.62441062927246
end_to_end_command,18.4018611907959
end_to_end_command,38.271427154541016
end_to_end_command,25.67744255065918
end_to_end_command,45.7763671875
end_to_end_command,33.75840187072754
end_to_end_command,20.18260955810547
end_to_end_command,40.224552154541016
end_to_end_command,25.8481502532959
end_to_end_command,46.14877700805664
end_to_end_command,31.543970108032227
end_to_end_command,17.71092414855957
end_to_end_command,37.520647048950195
end_to_end_command,26.26824378967285
end_to_end_command,46.31948471069336
end_to_end_command,33.08725357055664
end_to_end_command,19.468307495117188
end_to_end_command,39.74294662475586
end_to_end_command,26.702404022216797
end_to_end_command,46.50568962097168
end_to_end_command,34.395456314086914
end_to_end_command,18.623828887939453
end_to_end_command,38.79237174987793
end_to_end_command,26.030778884887695
end_to_end_command,46.288490295410156
end_to_end_command,32.198429107666016
end_to_end_command,20.31230926513672
end_to_end_command,40.666818618774414
end_to_end_command,25.435924530029297
end_to_end_command,45.38297653198242
end_to_end_command,36.49282455444336
end_to_end_command,16.310930252075195
end_to_end_command,35.58063507080078
end_to_end_command,26.430606842041016
end_to_end_command,46.637773513793945
end_to_end_command,33.03885459899902
end_to_end_command,20.43294906616211
end_to_end_command,40.060997009277344
end_to_end_command,25.285720825195312
end_to_end_command,45.322418212890625
end_to_end_command,34.58070755004883
end_to_end_command,18.25737953186035
end_to_end_command,38.12861442565918
end_to_end_command,26.691675186157227
end_to_end_command,46.747684478759766
end_to_end_command,32.422780990600586
end_to_end_command,18.829822540283203
end_to_end_command,39.10231590270996
end_to_end_command,23.721933364868164
end_to_end_command,43.65992546081543
end_to_end_command,35.37249565124512
end_to_end_command,20.655155181884766
end_to_end_command,40.45581817626953
end_to_end_command,26.08346939086914
end_to_end_command,45.91727256774902
end_to_end_command,33.745527267456055
end_to_end_command,19.750356674194336
end_to_end_command,39.55984115600586
end_to_end_command,24.490833282470703
end_to_end_command,44.70181465148926
end_to_end_command,32.23752975463867
end_to_end_command,19.713401794433594
end_to_end_command,39.55841064453125
end_to_end_command,26.036977767944336
end_to_end_command,45.919179916381836
end_to_end_command,33.16855430603027
end_to_end_command,18.56064796447754
end_to_end_command,38.60616683959961
end_to_end_command,25.301456451416016
end_to_end_command,45.35198211669922
end_to_end_command,31.528472900390625
end_to_end_command,20.120859146118164
end_to_end_command,39.95227813720703
end_to_end_command,26.49712562561035
end_to_end_command,46.608686447143555
end_to_end_command,31.69083595275879
end_to_end_command,19.613265991210938
end_to_end_command,41.20683670043945
end_to_end_command,26.60989761352539
end_to_end_command,46.24748229980469
end_to_end_command,33.80870819091797
end_to_end_command,17.325162887573242
end_to_end_command,37.29820251464844
end_to_end_command,26.81422233581543
end_to_end_command,47.01876640319824
end_to_end_command,33.88786315917969
end_to_end_command,19.579410552978516
end_to_end_command,39.50762748718262
end_to_end_command,26.107311248779297
end_to_end_command,46.053409576416016
end_to_end_command,32.00960159301758
end_to_end_command,20.07746696472168
end_to_end_command,40.82775115966797
end_to_end_command,26.22079849243164
end_to_end_command,46.29206657409668
end_to_end_command,34.441232681274414
end_to_end_command,19.391298294067383
end_to_end_command,39.57366943359375
end_to_end_command,26.281118392944336
end_to_end_command,46.59128189086914
end_to_end_command,32.98640251159668
end_to_end_command,19.764184951782227
end_to_end_command,39.63780403137207
end_to_end_command,26.68023109436035
end_to_end_command,46.872615814208984
end_to_end_command,34.01041030883789
end_to_end_command,19.631147384643555
end_to_end_command,39.49165344238281
end_to_end_command,26.5195369720459
end_to_end_command,46.407222747802734
end_to_end_command,34.18302536010742
end_to_end_command,20.176172256469727
end_to_end_command,40.16900062561035
end_to_end_command,25.180339813232422
end_to_end_command,44.98934745788574
end_to_end_command,30.901193618774414
end_to_end_command,19.189119338989258
end_to_end_command,39.07060623168945
end_to_end_command,25.409936904907227
end_to_end_command,45.459747314453125
end_to_end_command,32.03701972961426
end_to_end_command,19.812583923339844
end_to_end_command,39.96086120605469
end_to_end_command,25.8026123046875
end_to_end_command,45.94850540161133
end_to_end_command,33.518075942993164
end_to_end_command,19.412994384765625
end_to_end_command,39.42728042602539
end_to_end_command,24.472951889038086
end_to_end_command,44.50798034667969
end_to_end_command,33.19883346557617
end_to_end_command,20.175457000732422
end_to_end_command,40.11249542236328
end_to_end_command,26.192426681518555
end_to_end_command,46.09942436218262
end_to_end_command,31.954050064086914
end_to_end_command,19.211530685424805
end_to_end_command,39.78323936462402
end_to_end_command,26.567935943603516
end_to_end_command,46.437740325927734
end_to_end_command,34.47771072387695
end_to_end_command,17.789363861083984
end_to_end_command,37.58668899536133
end_to_end_command,26.470661163330078
end_to_end_command,46.517372131347656
end_to_end_command,32.63998031616211
end_to_end_command,17.994165420532227
end_to_end_command,37.682294845581055
end_to_end_command,26.117324829101562
end_to_end_command,46.48280143737793
end_to_end_command,34.05141830444336
end_to_end_command,20.511627197265625
end_to_end_command,40.31729698181152
end_to_end_command,26.64017677307129
end_to_end_command,46.68569564819336
end_to_end_command,32.52100944519043
end_to_end_command,20.051002502441406
end_to_end_command,40.282487869262695
end_to_end_command,25.091886520385742
end_to_end_command,45.175790786743164
end_to_end_command,33.5848331451416
end_to_end_command,20.07126808166504
end_to_end_command,40.227651596069336
end_to_end_command,26.296615600585938
end_to_end_command,46.22507095336914
end_to_end_command,34.423828125
end_to_end_command,19.448280334472656
end_to_end_command,39.383888244628906
end_to_end_command,26.119470596313477
end_to_end_command,46.24438285827637
end_to_end_command,34.99794006347656
end_to_end_command,20.827293395996094
end_to_end_command,40.8627986907959
end_to_end_command,24.584293365478516
end_to_end_command,44.731855392456055
end_to_end_command,34.487009048461914
end_to_end_command,17.070531845092773
end_to_end_command,36.78107261657715
end_to_end_command,26.646137237548828
end_to_end_command,47.002553939819336
end_to_end_command,33.79106521606445
end_to_end_command,19.10710334777832
end_to_end_command,38.802146911621094
end_to_end_command,25.894880294799805
end_to_end_command,46.05746269226074
end_to_end_command,34.3625545501709
end_to_end_command,17.388582229614258
end_to_end_command,37.499427795410156
end_to_end_command,26.825904846191406
end_to_end_command,46.93317413330078
end_to_end_command,34.204721450805664
end_to_end_command,18.55635643005371
end_to_end_command,38.47646713256836
end_to_end_command,26.485204696655273
end_to_end_command,46.91290855407715
end_to_end_command,32.70077705383301
end_to_end_command,19.33741569519043
end_to_end_command,39.112091064453125
end_to_end_command,25.0246524810791
end_to_end_command,45.07923126220703
end_to_end_command,33.669233322143555
end_to_end_command,19.59371566772461
end_to_end_command,39.52360153198242
end_to_end_command,25.249958038330078
end_to_end_command,45.45331001281738
end_to_end_command,33.061981201171875
end_to_end_command,19.948959350585938
end_to_end_command,39.76297378540039
end_to_end_command,25.725603103637695
end_to_end_command,45.72176933288574
end_to_end_command,31.7990779876709
end_to_end_command,20.34473419189453
end_to_end_command,40.21883010864258
end_to_end_command,25.229454040527344
end_to_end_command,45.572519302368164
end_to_end_command,32.186269760131836
end_to_end_command,18.63837242126465
end_to_end_command,38.84458541870117
end_to_end_command,25.472402572631836
end_to_end_command,45.5172061920166
end_to_end_command,32.027482986450195
end_to_end_command,20.14470100402832
end_to_end_command,40.17329216003418
end_to_end_command,25.519609451293945
end_to_end_command,45.63617706298828
end_to_end_command,34.03210639953613
end_to_end_command,20.12801170349121
end_to_end_command,40.04812240600586
end_to_end_command,26.29876136779785
end_to_end_command,46.3109016418457
end_to_end_command,32.03296661376953
end_to_end_command,19.42729949951172
end_to_end_command,39.792537689208984
end_to_end_command,25.086164474487305
end_to_end_command,45.064449310302734
end_to_end_command,33.45775604248047
end_to_end_command,19.963979721069336
end_to_end_command,40.24171829223633
end_to_end_command,25.423526763916016
end_to_end_command,46.26059532165527
end_to_end_command,32.33146667480469
end_to_end_command,18.853187561035156
end_to_end_command,39.11256790161133
end_to_end_command,25.652170181274414
end_to_end_command,45.577049255371094
end_to_end_command,32.23848342895508
end_to_end_command,20.838260650634766
end_to_end_command,40.60721397399902
end_to_end_command,26.41892433166504
end_to_end_command,45.932769775390625
end_to_end_command,34.12604331970215
end_to_end_command,18.223285675048828
end_to_end_command,37.93764114379883
end_to_end_command,26.310205459594727
end_to_end_command,46.506404876708984
end_to_end_command,33.907413482666016
end_to_end_command,20.234107971191406
end_to_end_command,39.81661796569824
end_to_end_command,26.488542556762695
end_to_end_command,46.297311782836914
end_to_end_command,34.73162651062012
end_to_end_command,17.357349395751953
end_to_end_command,37.4910831451416
end_to_end_command,25.252819061279297
end_to_end_command,45.36628723144531
end_to_end_command,36.14211082458496
end_to_end_command,18.635034561157227
end_to_end_command,38.94209861755371
end_to_end_command,26.69072151184082
end_to_end_command,46.74530029296875
end_to_end_command,33.66708755493164
end_to_end_command,20.58267593383789
end_to_end_command,40.612220764160156
end_to_end_command,25.515079498291016
end_to_end_command,46.35167121887207
end_to_end_command,33.142805099487305
end_to_end_command,16.013622283935547
end_to_end_command,35.87079048156738
end_to_end_command,26.78656578063965
end_to_end_command,46.88262939453125
end_to_end_command,32.778263092041016
end_to_end_command,19.75107192993164
end_to_end_command,39.66641426086426
end_to_end_command,27.009963989257812
end_to_end_command,46.89216613769531
end_to_end_command,32.95445442199707
end_to_end_command,19.574880599975586
end_to_end_command,39.77560997009277
end_to_end_command,25.969982147216797
end_to_end_command,45.958518981933594
end_to_end_command,32.36269950866699
end_to_end_command,19.90199089050293
end_to_end_command,40.0087833404541
end_to_end_command,25.557279586791992
end_to_end_command,45.70484161376953
end_to_end_command,34.79719161987305
end_to_end_command,18.53656768798828
end_to_end_command,38.65194320678711
end_to_end_command,26.502132415771484
end_to_end_command,46.50306701660156
end_to_end_command,34.50489044189453
end_to_end_command,19.2868709564209
end_to_end_command,39.62874412536621
end_to_end_command,26.2298583984375
end_to_end_command,46.42128944396973
end_to_end_command,32.70149230957031
end_to_end_command,18.854379653930664
end_to_end_command,39.112091064453125
end_to_end_command,26.888608932495117
end_to_end_command,46.81110382080078
end_to_end_command,35.70556640625
end_to_end_command,20.344972610473633
end_to_end_command,40.308475494384766
end_to_end_command,26.772737503051758
end_to_end_command,46.791791915893555
end_to_end_command,33.37907791137695
end_to_end_command,20.003080368041992
end_to_end_command,39.85404968261719
end_to_end_command,27.125120162963867
end_to_end_command,47.087907791137695
end_to_end_command,32.18984603881836
end_to_end_command,20.863771438598633
end_to_end_command,40.95792770385742
end_to_end_command,26.984453201293945
end_to_end_command,47.304391860961914
end_to_end_command,33.60700607299805
end_to_end_command,20.464658737182617
end_to_end_command,40.329933166503906
end_to_end_command,26.419401168823242
end_to_end_command,45.836448669433594
end_to_end_command,31.732559204101562
end_to_end_command,20.062685012817383
end_to_end_command,40.19594192504883
end_to_end_command,26.053190231323242
end_to_end_command,46.15354537963867
end_to_end_command,33.987998962402344
end_to_end_command,19.08588409423828
end_to_end_command,38.81335258483887
end_to_end_command,27.27794647216797
end_to_end_command,47.5008487701416
end_to_end_command,34.65127944946289
end_to_end_command,20.02739906311035
end_to_end_command,40.311336517333984
end_to_end_command,25.213003158569336
end_to_end_command,45.4862117767334
end_to_end_command,32.509565353393555
end_to_end_command,19.81639862060547
end_to_end_command,40.01569747924805
end_to_end_command,27.362346649169922
end_to_end_command,47.62721061706543
end_to_end_command,34.37924385070801
end_to_end_command,20.362138748168945
end_to_end_command,40.04549980163574
end_to_end_command,26.106595993041992
end_to_end_command,46.3566780090332
end_to_end_command,33.09011459350586
end_to_end_command,19.149303436279297
end_to_end_command,39.34168815612793
end_to_end_command,25.60281753540039
end_to_end_command,45.66144943237305
end_to_end_command,32.37414360046387
end_to_end_command,19.98734474182129
end_to_end_command,40.13514518737793
end_to_end_command,25.639057159423828
end_to_end_command,45.844078063964844
end_to_end_command,32.9897403717041
end_to_end_command,19.737720489501953
end_to_end_command,39.82138633728027
end_to_end_command,24.325132369995117
end_to_end_command,44.39091682434082
end_to_end_command,33.278465270996094
end_to_end_command,19.502639770507812
end_to_end_command,40.00139236450195
end_to_end_command,27.80318260192871
end_to_end_command,47.658681869506836
end_to_end_command,33.82468223571777
end_to_end_command,18.83411407470703
end_to_end_command,38.74611854553223
end_to_end_command,26.45277976989746
end_to_end_command,46.49972915649414
end_to_end_command,32.460927963256836
end_to_end_command,19.32525634765625
end_to_end_command,39.934635162353516
end_to_end_command,27.609586715698242
end_to_end_command,48.04849624633789
end_to_end_command,33.90312194824219
end_to_end_command,20.692825317382812
end_to_end_command,40.843963623046875
end_to_end_command,26.270627975463867
end_to_end_command,46.5240478515625
end_to_end_command,33.567190170288086
end_to_end_command,19.375324249267578
end_to_end_command,39.52383995056152
end_to_end_command,25.46977996826172
end_to_end_command,45.52960395812988
end_to_end_command,32.34457969665527
end_to_end_command,20.50948143005371
end_to_end_command,40.38739204406738
end_to_end_command,25.508880615234375
end_to_end_command,45.48764228820801
end_to_end_command,32.67383575439453
end_to_end_command,18.62931251525879
end_to_end_command,38.732051849365234
end_to_end_command,27.357816696166992
end_to_end_command,47.53422737121582
end_to_end_command,33.72764587402344
end_to_end_command,19.460678100585938
end_to_end_command,39.536476135253906
end_to_end_command,26.363134384155273
end_to_end_command,46.312808990478516
end_to_end_command,34.624576568603516
end_to_end_command,18.22686195373535
end_to_end_command,38.41733932495117
end_to_end_command,25.47621726989746
end_to_end_command,45.4864501953125
end_to_end_command,34.70969200134277
end_to_end_command,20.511150360107422
end_to_end_command,40.236711502075195
end_to_end_command,25.623321533203125
end_to_end_command,45.73416709899902
end_to_end_command,34.00707244873047
end_to_end_command,18.5089111328125
end_to_end_command,38.16819190979004
end_to_end_command,26.111364364624023
end_to_end_command,45.93515396118164
end_to_end_command,33.9047908782959
end_to_end_command,20.044326782226562
end_to_end_command,40.17066955566406
end_to_end_command,25.31147003173828
end_to_end_command,45.18008232116699
end_to_end_command,32.62734413146973
end_to_end_command,20.13707160949707
end_to_end_command,40.22860527038574
end_to_end_command,26.43585205078125
end_to_end_command,46.58699035644531
end_to_end_command,33.64992141723633
end_to_end_command,19.895553588867188
end_to_end_command,40.186166763305664
end_to_end_command,25.905370712280273
end_to_end_command,46.152353286743164
end_to_end_command,34.0423583984375
end_to_end_command,19.956588745117188
end_to_end_command,39.89219665527344
end_to_end_command,25.510549545288086
end_to_end_command,45.59969902038574
end_to_end_command,36.133766174316406
end_to_end_command,19.988298416137695
end_to_end_command,39.84236717224121
end_to_end_command,26.480913162231445
end_to_end_command,46.67377471923828
end_to_end_command,32.44352340698242
end_to_end_command,19.418716430664062
end_to_end_command,39.515018463134766
end_to_end_command,25.622129440307617
end_to_end_command,45.55797576904297
end_to_end_command,34.722328186035156
end_to_end_command,20.213603973388672
end_to_end_command,40.578365325927734
end_to_end_command,25.82693099975586
end_to_end_command,45.98069190979004
end_to_end_command,35.886287689208984
end_to_end_command,19.22607421875
end_to_end_command,39.48330879211426
end_to_end_command,25.348424911499023
end_to_end_command,45.323848724365234
end_to_end_command,33.367156982421875
end_to_end_command,20.317554473876953
end_to_end_command,40.46750068664551
end_to_end_command,26.897668838500977
end_to_end_command,47.269582748413086
end_to_end_command,34.229278564453125
end_to_end_command,18.94068717956543
end_to_end_command,38.87820243835449
end_to_end_command,25.16770362854004
end_to_end_command,45.32790184020996
end_to_end_command,33.75840187072754
end_to_end_command,20.687580108642578
end_to_end_command,40.891170501708984
end_to_end_command,26.132822036743164
end_to_end_command,46.236276626586914
end_to_end_command,33.82515907287598
end_to_end_command,19.79994773864746
end_to_end_command,39.65187072753906
end_to_end_command,27.31037139892578
end_to_end_command,47.5466251373291
end_to_end_command,34.87849235534668
end_to_end_command,20.659685134887695
end_to_end_command,41.11599922180176
end_to_end_command,27.04620361328125
end_to_end_command,47.02305793762207
end_to_end_command,34.811973571777344
end_to_end_command,20.582199096679688
end_to_end_command,40.640830993652344
end_to_end_command,25.812625885009766
end_to_end_command,45.886993408203125
end_to_end_command,33.60486030578613
end_to_end_command,19.850730895996094
end_to_end_command,39.847373962402344
end_to_end_command,25.693893432617188
end_to_end_command,45.99356651306152
end_to_end_command,33.150434494018555
end_to_end_command,20.817279815673828
end_to_end_command,41.30244255065918
end_to_end_command,27.97222137451172
end_to_end_command,47.99008369445801
end_to_end_command,35.10308265686035
end_to_end_command,20.68781852722168
end_to_end_command,41.00775718688965
end_to_end_command,25.229215621948242
end_to_end_command,45.67670822143555
end_to_end_command,35.10451316833496
end_to_end_command,18.49365234375
end_to_end_command,38.37013244628906
end_to_end_command,25.961875915527344
end_to_end_command,46.00358009338379
end_to_end_command,31.162500381469727
end_to_end_command,20.56741714477539
end_to_end_command,40.08650779724121
end_to_end_command,25.671720504760742
end_to_end_command,46.16737365722656
end_to_end_command,34.313201904296875
end_to_end_command,20.5233097076416
end_to_end_command,40.677785873413086
end_to_end_command,26.89647674560547
end_to_end_command,46.87905311584473
end_to_end_command,32.92655944824219
end_to_end_command,20.17498016357422
end_to_end_command,40.23551940917969
end_to_end_command,27.692556381225586
end_to_end_command,47.62673377990723
end_to_end_command,34.63315963745117
end_to_end_command,21.075725555419922
end_to_end_command,41.25547409057617
end_to_end_command,24.781227111816406
end_to_end_command,45.04990577697754
end_to_end_command,33.90049934387207
end_to_end_command,18.495798110961914
end_to_end_command,38.42329978942871
end_to_end_command,27.286052703857422
end_to_end_command,47.38187789916992
end_to_end_command,33.171653747558594
end_to_end_command,20.36428451538086
end_to_end_command,40.3444766998291
end_to_end_command,26.438236236572266
end_to_end_command,46.48423194885254
end_to_end_command,35.63714027404785
end_to_end_command,18.567562103271484
end_to_end_command,37.877798080444336
end_to_end_command,26.339292526245117
end_to_end_command,46.33665084838867
end_to_end_command,34.58881378173828
end_to_end_command,19.156455993652344
end_to_end_command,39.70527648925781
end_to_end_command,25.522470474243164
end_to_end_command,45.20821571350098
end_to_end_command,33.884525299072266
end_to_end_command,20.15376091003418
end_to_end_command,40.17043113708496
end_to_end_command,25.82550048828125
end_to_end_command,45.93348503112793
end_to_end_command,31.24380111694336
end_to_end_command,18.613338470458984
end_to_end_command,38.720130920410156
end_to_end_command,25.681734085083008
end_to_end_command,45.539140701293945
end_to_end_command,33.429861068725586
end_to_end_command,20.513296127319336
end_to_end_command,40.96174240112305
end_to_end_command,27.71925926208496
end_to_end_command,47.89543151855469
end_to_end_command,33.481597900390625
end_to_end_command,20.129680633544922
end_to_end_command,40.62652587890625
end_to_end_command,26.839017868041992
end_to_end_command,46.87023162841797
end_to_end_command,32.16242790222168
end_to_end_command,20.299434661865234
end_to_end_command,40.39359092712402
end_to_end_command,27.402877807617188
end_to_end_command,47.710418701171875
end_to_end_command,32.69696235656738
end_to_end_command,20.754575729370117
end_to_end_command,40.9088134765625
end_to_end_command,26.363611221313477
end_to_end_command,46.44203186035156
end_to_end_command,32.29069709777832
end_to_end_command,20.269393920898438
end_to_end_command,40.322065353393555
end_to_end_command,25.992870330810547
end_to_end_command,45.929670333862305
end_to_end_command,33.721208572387695
end_to_end_command,18.926143646240234
end_to_end_command,38.68412971496582
end_to_end_command,27.377605438232422
end_to_end_command,47.481536865234375
end_to_end_command,33.376455307006836
end_to_end_command,19.85335350036621
end_to_end_command,39.88051414489746
end_to_end_command,25.87294578552246
end_to_end_command,45.99761962890625
end_to_end_command,34.62576866149902
end_to_end_command,20.6911563873291
end_to_end_command,40.56048393249512
end_to_end_command,26.834487915039062
end_to_end_command,46.72431945800781
end_to_end_command,33.5690975189209
end_to_end_command,19.519329071044922
end_to_end_command,39.51001167297363
end_to_end_command,27.50253677368164
end_to_end_command,47.2559928894043
end_to_end_command,34.52873229980469
end_to_end_command,19.11187171936035
end_to_end_command,39.098262786865234
end_to_end_command,24.537086486816406
end_to_end_command,44.708967208862305
end_to_end_command,32.74941444396973
end_to_end_command,20.57623863220215
end_to_end_command,40.5118465423584
end_to_end_command,26.99756622314453
end_to_end_command,47.101736068725586
end_to_end_command,31.836748123168945
end_to_end_command,19.018888473510742
end_to_end_command,39.2460823059082
end_to_end_command,25.62737464904785
end_to_end_command,45.557498931884766
end_to_end_command,33.69736671447754
end_to_end_command,19.820213317871094
end_to_end_command,40.07840156555176
end_to_end_command,26.554107666015625
end_to_end_command,46.483755111694336
end_to_end_command,32.1197509765625
end_to_end_command,20.915746688842773
end_to_end_command,40.9398078918457
end_to_end_command,25.187969207763672
end_to_end_command,45.116424560546875
end_to_end_command,32.28187561035156
end_to_end_command,20.48778533935547
end_to_end_command,40.26508331298828
end_to_end_command,26.94392204284668
end_to_end_command,46.42343521118164
end_to_end_command,33.91909599304199
end_to_end_command,19.070863723754883
end_to_end_command,39.136409759521484
end_to_end_command,26.212453842163086
end_to_end_command,45.90129852294922
end_to_end_command,32.79709815979004
end_to_end_command,21.522045135498047
end_to_end_command,40.302276611328125
end_to_end_command,26.927471160888672
end_to_end_command,46.91123962402344
end_to_end_command,34.80815887451172
end_to_end_command,20.481109619140625
end_to_end_command,40.49229621887207
end_to_end_command,25.936365127563477
end_to_end_command,46.15044593811035
end_to_end_command,33.93149375915527
end_to_end_command,19.69003677368164
end_to_end_command,40.050506591796875
end_to_end_command,25.912761688232422
end_to_end_command,45.85838317871094
end_to_end_command,32.765865325927734
end_to_end_command,18.11981201171875
end_to_end_command,38.17296028137207
end_to_end_command,26.836633682250977
end_to_end_command,46.410560607910156
end_to_end_command,33.12277793884277
end_to_end_command,20.982980728149414
end_to_end_command,40.88163375854492
end_to_end_command,25.710105895996094
end_to_end_command,45.92013359069824
end_to_end_command,34.42955017089844
end_to_end_command,20.05910873413086
end_to_end_command,40.1918888092041
end_to_end_command,26.842355728149414
end_to_end_command,46.83685302734375
end_to_end_command,30.70235252380371
end_to_end_command,20.780563354492188
end_to_end_command,40.39120674133301
end_to_end_command,26.71194076538086
end_to_end_command,46.938419342041016
end_to_end_command,35.84432601928711
end_to_end_command,18.097400665283203
end_to_end_command,38.02180290222168
end_to_end_command,26.529312133789062
end_to_end_command,46.85354232788086
end_to_end_command,31.575679779052734
end_to_end_command,20.602703094482422
end_to_end_command,40.615081787109375
end_to_end_command,26.73816680908203
end_to_end_command,46.890974044799805
end_to_end_command,33.655405044555664
end_to_end_command,19.986391067504883
end_to_end_command,40.113210678100586
end_to_end_command,26.488780975341797
end_to_end_command,46.64421081542969
end_to_end_command,33.867597579956055
end_to_end_command,20.069360733032227
end_to_end_command,40.18902778625488
end_to_end_command,27.39429473876953
end_to_end_command,47.18327522277832
end_to_end_command,32.8216552734375
end_to_end_command,20.96247673034668
end_to_end_command,41.41831398010254
end_to_end_command,28.037548065185547
end_to_end_command,47.72233963012695
end_to_end_command,33.77819061279297
end_to_end_command,21.154403686523438
end_to_end_command,41.15009307861328
end_to_end_command,26.26490592956543
end_to_end_command,46.09084129333496
end_to_end_command,36.29708290100098
end_to_end_command,17.879247665405273
end_to_end_command,37.98532485961914
end_to_end_command,26.3059139251709
end_to_end_command,46.35357856750488
end_to_end_command,34.479618072509766
end_to_end_command,19.771337509155273
end_to_end_command,39.775848388671875
end_to_end_command,26.63588523864746
end_to_end_command,46.633243560791016
end_to_end_command,32.122135162353516
end_to_end_command,19.83189582824707
end_to_end_command,40.05146026611328
end_to_end_command,27.92525291442871
end_to_end_command,47.928571701049805
end_to_end_command,35.18533706665039
end_to_end_command,18.615007400512695
end_to_end_command,38.576602935791016
end_to_end_command,25.352001190185547
end_to_end_command,45.4409122467041
end_to_end_command,34.110307693481445
end_to_end_command,20.104408264160156
end_to_end_command,40.66944122314453
end_to_end_command,27.86540985107422
end_to_end_command,47.69635200500488
end_to_end_command,34.538984298706055
end_to_end_command,20.946025848388672
end_to_end_command,41.02730751037598
end_to_end_command,27.584314346313477
end_to_end_command,47.81699180603027
end_to_end_command,31.827926635742188
end_to_end_command,21.289348602294922
end_to_end_command,41.33319854736328
end_to_end_command,27.290821075439453
end_to_end_command,47.4858283996582
end_to_end_command,36.64040565490723
end_to_end_command,20.0655460357666
end_to_end_command,39.83640670776367
end_to_end_command,27.441978454589844
end_to_end_command,47.286033630371094
end_to_end_command,33.52975845336914
end_to_end_command,18.15962791442871
end_to_end_command,38.07330131530762
end_to_end_command,25.53725242614746
end_to_end_command,45.81427574157715
end_to_end_command,33.4014892578125
end_to_end_command,20.083904266357422
end_to_end_command,40.01951217651367
end_to_end_command,27.472734451293945
end_to_end_command,47.501564025878906
end_to_end_command,33.180952072143555
end_to_end_command,21.07381820678711
end_to_end_command,41.26429557800293
end_to_end_command,26.8099308013916
end_to_end_command,46.800851821899414
end_to_end_command,31.537771224975586
end_to_end_command,20.145177841186523
end_to_end_command,40.0998592376709
end_to_end_command,27.469635009765625
end_to_end_command,47.54376411437988
end_to_end_command,34.71565246582031
end_to_end_command,20.214557647705078
end_to_end_command,40.31181335449219
end_to_end_command,26.4434814453125
end_to_end_command,46.727895736694336
end_to_end_command,31.86774253845215
end_to_end_command,20.112037658691406
end_to_end_command,41.022300720214844
end_to_end_command,27.557849884033203
end_to_end_command,47.38473892211914
end_to_end_command,35.17341613769531
end_to_end_command,18.167734146118164
end_to_end_command,38.38491439819336
end_to_end_command,26.014089584350586
end_to_end_command,45.92633247375488
end_to_end_command,33.461570739746094
end_to_end_command,20.641565322875977
end_to_end_command,40.816307067871094
end_to_end_command,27.676820755004883
end_to_end_command,48.06876182556152
end_to_end_command,31.759262084960938
end_to_end_command,20.701169967651367
end_to_end_command,40.802001953125
end_to_end_command,26.133298873901367
end_to_end_command,46.01597785949707
end_to_end_command,34.60693359375
end_to_end_command,19.994735717773438
end_to_end_command,39.95800018310547
end_to_end_command,27.065753936767578
end_to_end_command,47.15991020202637
end_to_end_command,36.238908767700195
end_to_end_command,19.86980438232422
end_to_end_command,39.6730899810791
end_to_end_command,27.089357376098633
end_to_end_command,47.52469062805176
end_to_end_command,33.06221961975098
end_to_end_command,20.544767379760742
end_to_end_command,40.35782814025879
end_to_end_command,26.068687438964844
end_to_end_command,46.06938362121582
end_to_end_command,32.5474739074707
end_to_end_command,18.8295841217041
end_to_end_command,38.907527923583984
end_to_end_command,27.71759033203125
end_to_end_command,47.61862754821777
end_to_end_command,33.065080642700195
end_to_end_command,20.70474624633789
end_to_end_command,41.08381271362305
end_to_end_command,28.546810150146484
end_to_end_command,48.27070236206055
end_to_end_command,33.32638740539551
end_to_end_command,20.020723342895508
end_to_end_command,40.39764404296875
end_to_end_command,27.526378631591797
end_to_end_command,47.41501808166504
end_to_end_command,33.551931381225586
end_to_end_command,20.599842071533203
end_to_end_command,41.014909744262695
end_to_end_command,26.648759841918945
end_to_end_command,46.723365783691406
end_to_end_command,34.29079055786133
end_to_end_command,18.265724182128906
end_to_end_command,38.55323791503906
end_to_end_command,27.41074562072754
end_to_end_command,47.064781188964844
end_to_end_command,33.98299217224121
end_to_end_command,19.541263580322266
end_to_end_command,39.4744873046875
end_to_end_command,26.794910430908203
end_to_end_command,46.99301719665527
end_to_end_command,32.2723388671875
end_to_end_command,20.4923152923584
end_to_end_command,41.27812385559082
end_to_end_command,27.546167373657227
end_to_end_command,47.4696159362793
end_to_end_command,33.5240364074707
end_to_end_command,21.24333381652832
end_to_end_command,41.92090034484863
end_to_end_command,27.40788459777832
end_to_end_command,47.84989356994629
end_to_end_command,32.86290168762207
end_to_end_command,20.981311798095703
end_to_end_command,40.75050354003906
end_to_end_command,28.39970588684082
end_to_end_command,48.45166206359863
end_to_end_command,29.877901077270508
end_to_end_command,20.93958854675293
end_to_end_command,41.5804386138916
end_to_end_command,27.104854583740234
end_to_end_command,46.82040214538574
end_to_end_command,33.20145606994629
end_to_end_command,21.198272705078125
end_to_end_command,41.63551330566406
end_to_end_command,27.58336067199707
end_to_end_command,47.467947006225586
end_to_end_command,33.22339057922363
end_to_end_command,19.589900970458984
end_to_end_command,39.63780403137207
end_to_end_command,27.257442474365234
end_to_end_command,46.921491622924805
end_to_end_command,36.191701889038086
end_to_end_command,19.5004940032959
end_to_end_command,39.55793380737305
end_to_end_command,27.058839797973633
end_to_end_command,47.125816345214844
end_to_end_command,33.650875091552734
end_to_end_command,20.873546600341797
end_to_end_command,40.892839431762695
end_to_end_command,26.4892578125
end_to_end_command,46.40769958496094
end_to_end_command,33.18595886230469
end_to_end_command,20.361900329589844
end_to_end_command,40.51685333251953
end_to_end_command,25.87580680847168
end_to_end_command,45.8676815032959
end_to_end_command,35.14242172241211
end_to_end_command,20.866870880126953
end_to_end_command,40.60554504394531
end_to_end_command,26.556015014648438
end_to_end_command,46.762704849243164
end_to_end_command,32.11092948913574
end_to_end_command,19.663333892822266
end_to_end_command,39.9630069732666
end_to_end_command,27.367830276489258
end_to_end_command,47.63031005859375
end_to_end_command,34.06476974487305
end_to_end_command,19.85764503479004
end_to_end_command,39.73054885864258
end_to_end_command,26.081323623657227
end_to_end_command,46.58389091491699
end_to_end_command,33.40888023376465
end_to_end_command,20.29728889465332
end_to_end_command,40.2073860168457
end_to_end_command,26.745080947875977
end_to_end_command,46.953678131103516
end_to_end_command,35.14695167541504
end_to_end_command,20.555973052978516
end_to_end_command,40.61293601989746
end_to_end_command,25.80738067626953
end_to_end_command,45.80426216125488
end_to_end_command,33.29968452453613
end_to_end_command,21.650314331054688
end_to_end_command,41.751861572265625
end_to_end_command,27.457475662231445
end_to_end_command,47.35255241394043
end_to_end_command,33.730506896972656
end_to_end_command,21.32892608642578
end_to_end_command,41.77260398864746
end_to_end_command,27.950048446655273
end_to_end_command,47.92189598083496
end_to_end_command,33.101797103881836
end_to_end_command,20.874977111816406
end_to_end_command,41.63384437561035
end_to_end_command,27.797937393188477
end_to_end_command,47.69730567932129
end_to_end_command,33.59365463256836
end_to_end_command,20.546674728393555
end_to_end_command,40.358781814575195
end_to_end_command,25.8786678314209
end_to_end_command,45.861244201660156
end_to_end_command,32.8671932220459
end_to_end_command,19.639253616333008
end_to_end_command,40.28010368347168
end_to_end_command,28.116703033447266
end_to_end_command,48.1112003326416
end_to_end_command,34.08527374267578
end_to_end_command,20.582914352416992
end_to_end_command,40.38190841674805
end_to_end_command,26.56865119934082
end_to_end_command,46.36406898498535
end_to_end_command,32.538652420043945
end_to_end_command,21.306991577148438
end_to_end_command,41.37063026428223
end_to_end_command,26.54552459716797
end_to_end_command,46.51141166687012
end_to_end_command,33.327341079711914
end_to_end_command,20.96271514892578
end_to_end_command,40.94743728637695
end_to_end_command,25.88510513305664
end_to_end_command,45.96304893493652
end_to_end_command,33.950090408325195
end_to_end_command,20.290851593017578
end_to_end_command,40.77482223510742
end_to_end_command,27.81200408935547
end_to_end_command,47.69253730773926
end_to_end_command,34.6219539642334
end_to_end_command,20.990371704101562
end_to_end_command,40.868520736694336
end_to_end_command,26.793241500854492
end_to_end_command,46.81730270385742
end_to_end_command,31.725168228149414
end_to_end_command,20.1265811920166
end_to_end_command,40.335655212402344
end_to_end_command,26.579856872558594
end_to_end_command,46.49519920349121
end_to_end_command,32.30905532836914
end_to_end_command,20.938396453857422
end_to_end_command,40.96841812133789
end_to_end_command,26.324033737182617
end_to_end_command,46.22912406921387
end_to_end_command,34.17682647705078
end_to_end_command,21.098852157592773
end_to_end_command,40.981292724609375
end_to_end_command,27.33445167541504
end_to_end_command,47.69730567932129
end_to_end_command,34.1947078704834
end_to_end_command,20.903348922729492
end_to_end_command,40.947914123535156
end_to_end_command,27.284622192382812
end_to_end_command,47.55735397338867
end_to_end_command,34.59310531616211
end_to_end_command,20.478010177612305
end_to_end_command,40.7259464263916
end_to_end_command,27.207136154174805
end_to_end_command,47.41716384887695
end_to_end_command,33.32328796386719
end_to_end_command,21.47507667541504
end_to_end_command,41.90325736999512
end_to_end_command,28.28836441040039
end_to_end_command,48.098087310791016
end_to_end_command,33.76317024230957
end_to_end_command,20.17951011657715
end_to_end_command,40.384531021118164
end_to_end_command,25.825023651123047
end_to_end_command,45.59636116027832
end_to_end_command,32.38940238952637
end_to_end_command,20.49851417541504
end_to_end_command,40.54856300354004
end_to_end_command,27.600526809692383
end_to_end_command,47.841548919677734
end_to_end_command,34.86180305480957
end_to_end_command,21.280288696289062
end_to_end_command,41.12720489501953
end_to_end_command,26.633501052856445
end_to_end_command,47.020912170410156
end_to_end_command,35.095930099487305
end_to_end_command,19.541501998901367
end_to_end_command,39.14666175842285
end_to_end_command,27.344226837158203
end_to_end_command,47.41096496582031
end_to_end_command,31.541109085083008
end_to_end_command,20.79319953918457
end_to_end_command,40.83418846130371
end_to_end_command,27.23383903503418
end_to_end_command,47.16181755065918
end_to_end_command,33.46729278564453
end_to_end_command,19.76299285888672
end_to_end_command,39.849042892456055
end_to_end_command,27.324676513671875
end_to_end_command,47.36685752868652
end_to_end_command,32.92584419250488
end_to_end_command,20.180940628051758
end_to_end_command,40.29393196105957
end_to_end_command,27.19283103942871
end_to_end_command,47.30820655822754
end_to_end_command,32.86623954772949
end_to_end_command,19.824743270874023
end_to_end_command,39.7799015045166
end_to_end_command,26.775836944580078
end_to_end_command,47.365665435791016
end_to_end_command,35.60280799865723
end_to_end_command,17.757415771484375
end_to_end_command,37.68515586853027
end_to_end_command,27.533292770385742
end_to_end_command,47.94764518737793
end_to_end_command,35.88366508483887
end_to_end_command,18.870830535888672
end_to_end_command,38.83862495422363
end_to_end_command,28.031110763549805
end_to_end_command,48.313140869140625
end_to_end_command,33.89716148376465
end_to_end_command,19.136905670166016
end_to_end_command,38.62476348876953
end_to_end_command,27.678728103637695
end_to_end_command,47.12820053100586
end_to_end_command,33.70070457458496
end_to_end_command,20.13564109802246
end_to_end_command,39.98374938964844
